==========================================
Starting SSA Triton Training
Datamix:     /work/p26037/barman/luciole-1B/training/train/train_ssa_triton/datamix_luciole_phase1.json
Output:      /tmpdir/barman/bs1024_fullrun/outputs
Name:        nemotron-1B-SSA-Triton-bs1024
Batch size:  1024
Nodes:       8
Duration:    00:02:00:00
SSA n:       1.5
SSA b:       0.8
Kernel ver:  triton
Compile BDA: 1
Warmup step: 2000
Skip warmup: 1
Contig QKV:  1
Global max:  715788
This-run max:0
W&B:         0 (mode=offline)
==========================================
ERROR: ld.so: object 'libargos-core.so' from LD_PRELOAD cannot be preloaded (cannot open shared object file): ignored.
ERROR: ld.so: object 'libargos-agentclient.so' from LD_PRELOAD cannot be preloaded (cannot open shared object file): ignored.
ERROR: ld.so: object 'libargos-core.so' from LD_PRELOAD cannot be preloaded (cannot open shared object file): ignored.
ERROR: ld.so: object 'libargos-agentclient.so' from LD_PRELOAD cannot be preloaded (cannot open shared object file): ignored.
ERROR: ld.so: object 'libargos-core.so' from LD_PRELOAD cannot be preloaded (cannot open shared object file): ignored.
ERROR: ld.so: object 'libargos-agentclient.so' from LD_PRELOAD cannot be preloaded (cannot open shared object file): ignored.
ERROR: ld.so: object 'libargos-core.so' from LD_PRELOAD cannot be preloaded (cannot open shared object file): ignored.
ERROR: ld.so: object 'libargos-agentclient.so' from LD_PRELOAD cannot be preloaded (cannot open shared object file): ignored.
ERROR: ld.so: object 'libargos-core.so' from LD_PRELOAD cannot be preloaded (cannot open shared object file): ignored.
ERROR: ld.so: object 'libargos-agentclient.so' from LD_PRELOAD cannot be preloaded (cannot open shared object file): ignored.
ERROR: ld.so: object 'libargos-core.so' from LD_PRELOAD cannot be preloaded (cannot open shared object file): ignored.
ERROR: ld.so: object 'libargos-agentclient.so' from LD_PRELOAD cannot be preloaded (cannot open shared object file): ignored.
ERROR: ld.so: object 'libargos-core.so' from LD_PRELOAD cannot be preloaded (cannot open shared object file): ignored.
ERROR: ld.so: object 'libargos-agentclient.so' from LD_PRELOAD cannot be preloaded (cannot open shared object file): ignored.
ERROR: ld.so: object 'libargos-core.so' from LD_PRELOAD cannot be preloaded (cannot open shared object file): ignored.
ERROR: ld.so: object 'libargos-agentclient.so' from LD_PRELOAD cannot be preloaded (cannot open shared object file): ignored.
W0329 14:40:55.055000 2342765 torch/distributed/run.py:763] 
W0329 14:40:55.055000 2342765 torch/distributed/run.py:763] *****************************************
W0329 14:40:55.055000 2342765 torch/distributed/run.py:763] Setting OMP_NUM_THREADS environment variable for each process to be 1 in default, to avoid your system being overloaded, please further tune the variable for optimal performance in your application as needed. 
W0329 14:40:55.055000 2342765 torch/distributed/run.py:763] *****************************************
W0329 14:40:55.057000 2506226 torch/distributed/run.py:763] 
W0329 14:40:55.057000 2506226 torch/distributed/run.py:763] *****************************************
W0329 14:40:55.057000 2506226 torch/distributed/run.py:763] Setting OMP_NUM_THREADS environment variable for each process to be 1 in default, to avoid your system being overloaded, please further tune the variable for optimal performance in your application as needed. 
W0329 14:40:55.057000 2506226 torch/distributed/run.py:763] *****************************************
[W329 14:40:55.415013725 socket.cpp:755] [c10d] The client socket cannot be initialized to connect to [kairosgh3.calmip.cluster]:22004 (errno: 97 - Address family not supported by protocol).
[W329 14:40:55.259352567 socket.cpp:755] [c10d] The client socket cannot be initialized to connect to [kairosgh3.calmip.cluster]:22004 (errno: 97 - Address family not supported by protocol).
W0329 14:40:55.085000 2281140 torch/distributed/run.py:763] 
W0329 14:40:55.085000 2281140 torch/distributed/run.py:763] *****************************************
W0329 14:40:55.085000 2281140 torch/distributed/run.py:763] Setting OMP_NUM_THREADS environment variable for each process to be 1 in default, to avoid your system being overloaded, please further tune the variable for optimal performance in your application as needed. 
W0329 14:40:55.085000 2281140 torch/distributed/run.py:763] *****************************************
W0329 14:40:55.089000 2295607 torch/distributed/run.py:763] 
W0329 14:40:55.089000 2295607 torch/distributed/run.py:763] *****************************************
W0329 14:40:55.089000 2295607 torch/distributed/run.py:763] Setting OMP_NUM_THREADS environment variable for each process to be 1 in default, to avoid your system being overloaded, please further tune the variable for optimal performance in your application as needed. 
W0329 14:40:55.089000 2295607 torch/distributed/run.py:763] *****************************************
[W329 14:40:55.488932413 socket.cpp:755] [c10d] The client socket cannot be initialized to connect to [kairosgh3.calmip.cluster]:22004 (errno: 97 - Address family not supported by protocol).
W0329 14:40:55.103000 2737800 torch/distributed/run.py:763] 
W0329 14:40:55.103000 2737800 torch/distributed/run.py:763] *****************************************
W0329 14:40:55.103000 2737800 torch/distributed/run.py:763] Setting OMP_NUM_THREADS environment variable for each process to be 1 in default, to avoid your system being overloaded, please further tune the variable for optimal performance in your application as needed. 
W0329 14:40:55.103000 2737800 torch/distributed/run.py:763] *****************************************
[W329 14:40:55.261544974 socket.cpp:755] [c10d] The client socket cannot be initialized to connect to [kairosgh3.calmip.cluster]:22004 (errno: 97 - Address family not supported by protocol).
[W329 14:40:55.067010267 socket.cpp:755] [c10d] The client socket cannot be initialized to connect to [kairosgh3.calmip.cluster]:22004 (errno: 97 - Address family not supported by protocol).
W0329 14:40:55.208000 3011874 torch/distributed/run.py:763] 
W0329 14:40:55.208000 3011874 torch/distributed/run.py:763] *****************************************
W0329 14:40:55.208000 3011874 torch/distributed/run.py:763] Setting OMP_NUM_THREADS environment variable for each process to be 1 in default, to avoid your system being overloaded, please further tune the variable for optimal performance in your application as needed. 
W0329 14:40:55.208000 3011874 torch/distributed/run.py:763] *****************************************
W0329 14:40:55.214000 2130207 torch/distributed/run.py:763] 
W0329 14:40:55.214000 2130207 torch/distributed/run.py:763] *****************************************
W0329 14:40:55.214000 2130207 torch/distributed/run.py:763] Setting OMP_NUM_THREADS environment variable for each process to be 1 in default, to avoid your system being overloaded, please further tune the variable for optimal performance in your application as needed. 
W0329 14:40:55.214000 2130207 torch/distributed/run.py:763] *****************************************
[W329 14:40:55.534113300 socket.cpp:755] [c10d] The client socket cannot be initialized to connect to [kairosgh3.calmip.cluster]:22004 (errno: 97 - Address family not supported by protocol).
[W329 14:40:55.644014652 socket.cpp:755] [c10d] The client socket cannot be initialized to connect to [kairosgh3.calmip.cluster]:22004 (errno: 97 - Address family not supported by protocol).
W0329 14:40:55.391000 2198578 torch/distributed/run.py:763] 
W0329 14:40:55.391000 2198578 torch/distributed/run.py:763] *****************************************
W0329 14:40:55.391000 2198578 torch/distributed/run.py:763] Setting OMP_NUM_THREADS environment variable for each process to be 1 in default, to avoid your system being overloaded, please further tune the variable for optimal performance in your application as needed. 
W0329 14:40:55.391000 2198578 torch/distributed/run.py:763] *****************************************
[W329 14:40:55.324729402 socket.cpp:755] [c10d] The client socket cannot be initialized to connect to [kairosgh3.calmip.cluster]:22004 (errno: 97 - Address family not supported by protocol).
[W329 14:40:56.423407042 socket.cpp:755] [c10d] The client socket cannot be initialized to connect to [kairosgh10.calmip.cluster]:38247 (errno: 97 - Address family not supported by protocol).
ERROR: ld.so: object 'libargos-core.so' from LD_PRELOAD cannot be preloaded (cannot open shared object file): ignored.
ERROR: ld.so: object 'libargos-agentclient.so' from LD_PRELOAD cannot be preloaded (cannot open shared object file): ignored.
ERROR: ld.so: object 'libargos-core.so' from LD_PRELOAD cannot be preloaded (cannot open shared object file): ignored.
ERROR: ld.so: object 'libargos-agentclient.so' from LD_PRELOAD cannot be preloaded (cannot open shared object file): ignored.
ERROR: ld.so: object 'libargos-core.so' from LD_PRELOAD cannot be preloaded (cannot open shared object file): ignored.
ERROR: ld.so: object 'libargos-core.so' from LD_PRELOAD cannot be preloaded (cannot open shared object file): ignored.
ERROR: ld.so: object 'libargos-agentclient.so' from LD_PRELOAD cannot be preloaded (cannot open shared object file): ignored.
ERROR: ld.so: object 'libargos-agentclient.so' from LD_PRELOAD cannot be preloaded (cannot open shared object file): ignored.
ERROR: ld.so: object 'libargos-core.so' from LD_PRELOAD cannot be preloaded (cannot open shared object file): ignored.
ERROR: ld.so: object 'libargos-core.so' from LD_PRELOAD cannot be preloaded (cannot open shared object file): ignored.
ERROR: ld.so: object 'libargos-agentclient.so' from LD_PRELOAD cannot be preloaded (cannot open shared object file): ignored.
ERROR: ld.so: object 'libargos-agentclient.so' from LD_PRELOAD cannot be preloaded (cannot open shared object file): ignored.
ERROR: ld.so: object 'libargos-core.so' from LD_PRELOAD cannot be preloaded (cannot open shared object file): ignored.
ERROR: ld.so: object 'libargos-core.so' from LD_PRELOAD cannot be preloaded (cannot open shared object file): ignored.
ERROR: ld.so: object 'libargos-agentclient.so' from LD_PRELOAD cannot be preloaded (cannot open shared object file): ignored.
ERROR: ld.so: object 'libargos-agentclient.so' from LD_PRELOAD cannot be preloaded (cannot open shared object file): ignored.
ERROR: ld.so: object 'libargos-core.so' from LD_PRELOAD cannot be preloaded (cannot open shared object file): ignored.
ERROR: ld.so: object 'libargos-agentclient.so' from LD_PRELOAD cannot be preloaded (cannot open shared object file): ignored.
ERROR: ld.so: object 'libargos-core.so' from LD_PRELOAD cannot be preloaded (cannot open shared object file): ignored.
ERROR: ld.so: object 'libargos-agentclient.so' from LD_PRELOAD cannot be preloaded (cannot open shared object file): ignored.
ERROR: ld.so: object 'libargos-core.so' from LD_PRELOAD cannot be preloaded (cannot open shared object file): ignored.
ERROR: ld.so: object 'libargos-agentclient.so' from LD_PRELOAD cannot be preloaded (cannot open shared object file): ignored.
ERROR: ld.so: object 'libargos-core.so' from LD_PRELOAD cannot be preloaded (cannot open shared object file): ignored.
ERROR: ld.so: object 'libargos-agentclient.so' from LD_PRELOAD cannot be preloaded (cannot open shared object file): ignored.
ERROR: ld.so: object 'libargos-core.so' from LD_PRELOAD cannot be preloaded (cannot open shared object file): ignored.
ERROR: ld.so: object 'libargos-agentclient.so' from LD_PRELOAD cannot be preloaded (cannot open shared object file): ignored.
ERROR: ld.so: object 'libargos-core.so' from LD_PRELOAD cannot be preloaded (cannot open shared object file): ignored.
ERROR: ld.so: object 'libargos-agentclient.so' from LD_PRELOAD cannot be preloaded (cannot open shared object file): ignored.
ERROR: ld.so: object 'libargos-core.so' from LD_PRELOAD cannot be preloaded (cannot open shared object file): ignored.
ERROR: ld.so: object 'libargos-agentclient.so' from LD_PRELOAD cannot be preloaded (cannot open shared object file): ignored.
ERROR: ld.so: object 'libargos-core.so' from LD_PRELOAD cannot be preloaded (cannot open shared object file): ignored.
ERROR: ld.so: object 'libargos-agentclient.so' from LD_PRELOAD cannot be preloaded (cannot open shared object file): ignored.
ERROR: ld.so: object 'libargos-core.so' from LD_PRELOAD cannot be preloaded (cannot open shared object file): ignored.
ERROR: ld.so: object 'libargos-agentclient.so' from LD_PRELOAD cannot be preloaded (cannot open shared object file): ignored.
ERROR: ld.so: object 'libargos-core.so' from LD_PRELOAD cannot be preloaded (cannot open shared object file): ignored.
ERROR: ld.so: object 'libargos-agentclient.so' from LD_PRELOAD cannot be preloaded (cannot open shared object file): ignored.
ERROR: ld.so: object 'libargos-core.so' from LD_PRELOAD cannot be preloaded (cannot open shared object file): ignored.
ERROR: ld.so: object 'libargos-agentclient.so' from LD_PRELOAD cannot be preloaded (cannot open shared object file): ignored.
ERROR: ld.so: object 'libargos-core.so' from LD_PRELOAD cannot be preloaded (cannot open shared object file): ignored.
ERROR: ld.so: object 'libargos-core.so' from LD_PRELOAD cannot be preloaded (cannot open shared object file): ignored.
ERROR: ld.so: object 'libargos-agentclient.so' from LD_PRELOAD cannot be preloaded (cannot open shared object file): ignored.
ERROR: ld.so: object 'libargos-agentclient.so' from LD_PRELOAD cannot be preloaded (cannot open shared object file): ignored.
ERROR: ld.so: object 'libargos-core.so' from LD_PRELOAD cannot be preloaded (cannot open shared object file): ignored.
ERROR: ld.so: object 'libargos-agentclient.so' from LD_PRELOAD cannot be preloaded (cannot open shared object file): ignored.
ERROR: ld.so: object 'libargos-core.so' from LD_PRELOAD cannot be preloaded (cannot open shared object file): ignored.
ERROR: ld.so: object 'libargos-agentclient.so' from LD_PRELOAD cannot be preloaded (cannot open shared object file): ignored.
ERROR: ld.so: object 'libargos-core.so' from LD_PRELOAD cannot be preloaded (cannot open shared object file): ignored.
ERROR: ld.so: object 'libargos-agentclient.so' from LD_PRELOAD cannot be preloaded (cannot open shared object file): ignored.
ERROR: ld.so: object 'libargos-core.so' from LD_PRELOAD cannot be preloaded (cannot open shared object file): ignored.
ERROR: ld.so: object 'libargos-agentclient.so' from LD_PRELOAD cannot be preloaded (cannot open shared object file): ignored.
ERROR: ld.so: object 'libargos-core.so' from LD_PRELOAD cannot be preloaded (cannot open shared object file): ignored.
ERROR: ld.so: object 'libargos-core.so' from LD_PRELOAD cannot be preloaded (cannot open shared object file): ignored.
ERROR: ld.so: object 'libargos-agentclient.so' from LD_PRELOAD cannot be preloaded (cannot open shared object file): ignored.
ERROR: ld.so: object 'libargos-agentclient.so' from LD_PRELOAD cannot be preloaded (cannot open shared object file): ignored.
ERROR: ld.so: object 'libargos-core.so' from LD_PRELOAD cannot be preloaded (cannot open shared object file): ignored.
ERROR: ld.so: object 'libargos-agentclient.so' from LD_PRELOAD cannot be preloaded (cannot open shared object file): ignored.
ERROR: ld.so: object 'libargos-core.so' from LD_PRELOAD cannot be preloaded (cannot open shared object file): ignored.
ERROR: ld.so: object 'libargos-agentclient.so' from LD_PRELOAD cannot be preloaded (cannot open shared object file): ignored.
ERROR: ld.so: object 'libargos-core.so' from LD_PRELOAD cannot be preloaded (cannot open shared object file): ignored.
ERROR: ld.so: object 'libargos-agentclient.so' from LD_PRELOAD cannot be preloaded (cannot open shared object file): ignored.
ERROR: ld.so: object 'libargos-core.so' from LD_PRELOAD cannot be preloaded (cannot open shared object file): ignored.
ERROR: ld.so: object 'libargos-agentclient.so' from LD_PRELOAD cannot be preloaded (cannot open shared object file): ignored.
ERROR: ld.so: object 'libargos-core.so' from LD_PRELOAD cannot be preloaded (cannot open shared object file): ignored.
ERROR: ld.so: object 'libargos-agentclient.so' from LD_PRELOAD cannot be preloaded (cannot open shared object file): ignored.
[rank: 6] Seed set to 1234
[rank: 5] Seed set to 1234
[rank: 7] Seed set to 1234
[rank: 4] Seed set to 1234
[rank: 3] Seed set to 1234
[rank: 0] Seed set to 1234
[rank: 20] Seed set to 1234
[rank: 2] Seed set to 1234
[rank: 1] Seed set to 1234
[rank: 21] Seed set to 1234
[rank: 22] Seed set to 1234
[rank: 23] Seed set to 1234
[rank: 9] Seed set to 1234
[rank: 10] Seed set to 1234
[rank: 11] Seed set to 1234
[rank: 8] Seed set to 1234
[rank: 17] Seed set to 1234
[rank: 16] Seed set to 1234
[rank: 31] Seed set to 1234
[rank: 28] Seed set to 1234
[rank: 18] Seed set to 1234
[rank: 19] Seed set to 1234
[rank: 30] Seed set to 1234
[rank: 29] Seed set to 1234
[rank: 14] Seed set to 1234
[rank: 12] Seed set to 1234
[rank: 15] Seed set to 1234
[rank: 13] Seed set to 1234
[rank: 25] Seed set to 1234
[rank: 24] Seed set to 1234
[rank: 26] Seed set to 1234
[rank: 27] Seed set to 1234
INFO:faiss.loader:Loading faiss with SVE support.
INFO:faiss.loader:Could not load library with SVE support due to:
ModuleNotFoundError("No module named 'faiss.swigfaiss_sve'")
INFO:faiss.loader:Loading faiss.
INFO:faiss.loader:Loading faiss with SVE support.
INFO:faiss.loader:Could not load library with SVE support due to:
ModuleNotFoundError("No module named 'faiss.swigfaiss_sve'")
INFO:faiss.loader:Loading faiss.
INFO:faiss.loader:Loading faiss with SVE support.
INFO:faiss.loader:Could not load library with SVE support due to:
ModuleNotFoundError("No module named 'faiss.swigfaiss_sve'")
INFO:faiss.loader:Loading faiss.
INFO:faiss.loader:Loading faiss with SVE support.
INFO:faiss.loader:Could not load library with SVE support due to:
ModuleNotFoundError("No module named 'faiss.swigfaiss_sve'")
INFO:faiss.loader:Loading faiss.
INFO:faiss.loader:Successfully loaded faiss.
INFO:faiss.loader:Successfully loaded faiss.
INFO:faiss.loader:Successfully loaded faiss.
INFO:faiss.loader:Successfully loaded faiss.
INFO:faiss.loader:Loading faiss with SVE support.
INFO:faiss.loader:Could not load library with SVE support due to:
ModuleNotFoundError("No module named 'faiss.swigfaiss_sve'")
INFO:faiss.loader:Loading faiss.
INFO:faiss.loader:Loading faiss with SVE support.
INFO:faiss.loader:Could not load library with SVE support due to:
ModuleNotFoundError("No module named 'faiss.swigfaiss_sve'")
INFO:faiss.loader:Loading faiss.
INFO:faiss.loader:Loading faiss with SVE support.
INFO:faiss.loader:Could not load library with SVE support due to:
ModuleNotFoundError("No module named 'faiss.swigfaiss_sve'")
INFO:faiss.loader:Loading faiss.
INFO:faiss.loader:Loading faiss with SVE support.
INFO:faiss.loader:Could not load library with SVE support due to:
ModuleNotFoundError("No module named 'faiss.swigfaiss_sve'")
INFO:faiss.loader:Loading faiss.
INFO:faiss.loader:Successfully loaded faiss.
INFO:faiss.loader:Successfully loaded faiss.
INFO:faiss.loader:Successfully loaded faiss.
INFO:faiss.loader:Successfully loaded faiss.
INFO:faiss.loader:Loading faiss with SVE support.
INFO:faiss.loader:Could not load library with SVE support due to:
ModuleNotFoundError("No module named 'faiss.swigfaiss_sve'")
INFO:faiss.loader:Loading faiss.
INFO:faiss.loader:Loading faiss with SVE support.
INFO:faiss.loader:Could not load library with SVE support due to:
ModuleNotFoundError("No module named 'faiss.swigfaiss_sve'")
INFO:faiss.loader:Loading faiss.
INFO:faiss.loader:Loading faiss with SVE support.
INFO:faiss.loader:Could not load library with SVE support due to:
ModuleNotFoundError("No module named 'faiss.swigfaiss_sve'")
INFO:faiss.loader:Loading faiss.
INFO:faiss.loader:Loading faiss with SVE support.
INFO:faiss.loader:Could not load library with SVE support due to:
ModuleNotFoundError("No module named 'faiss.swigfaiss_sve'")
INFO:faiss.loader:Loading faiss.
INFO:faiss.loader:Successfully loaded faiss.
INFO:faiss.loader:Successfully loaded faiss.
INFO:faiss.loader:Successfully loaded faiss.
INFO:faiss.loader:Successfully loaded faiss.
INFO:faiss.loader:Loading faiss with SVE support.
INFO:faiss.loader:Could not load library with SVE support due to:
ModuleNotFoundError("No module named 'faiss.swigfaiss_sve'")
INFO:faiss.loader:Loading faiss.
INFO:faiss.loader:Loading faiss with SVE support.
INFO:faiss.loader:Could not load library with SVE support due to:
ModuleNotFoundError("No module named 'faiss.swigfaiss_sve'")
INFO:faiss.loader:Loading faiss.
INFO:faiss.loader:Loading faiss with SVE support.
INFO:faiss.loader:Could not load library with SVE support due to:
ModuleNotFoundError("No module named 'faiss.swigfaiss_sve'")
INFO:faiss.loader:Loading faiss.
INFO:faiss.loader:Loading faiss with SVE support.
INFO:faiss.loader:Could not load library with SVE support due to:
ModuleNotFoundError("No module named 'faiss.swigfaiss_sve'")
INFO:faiss.loader:Loading faiss.
INFO:faiss.loader:Successfully loaded faiss.
INFO:faiss.loader:Loading faiss with SVE support.
INFO:faiss.loader:Could not load library with SVE support due to:
ModuleNotFoundError("No module named 'faiss.swigfaiss_sve'")
INFO:faiss.loader:Loading faiss.
INFO:faiss.loader:Loading faiss with SVE support.
INFO:faiss.loader:Could not load library with SVE support due to:
ModuleNotFoundError("No module named 'faiss.swigfaiss_sve'")
INFO:faiss.loader:Loading faiss.
INFO:faiss.loader:Loading faiss with SVE support.
INFO:faiss.loader:Could not load library with SVE support due to:
ModuleNotFoundError("No module named 'faiss.swigfaiss_sve'")
INFO:faiss.loader:Loading faiss.
INFO:faiss.loader:Loading faiss with SVE support.
INFO:faiss.loader:Could not load library with SVE support due to:
ModuleNotFoundError("No module named 'faiss.swigfaiss_sve'")
INFO:faiss.loader:Loading faiss.
INFO:faiss.loader:Successfully loaded faiss.
INFO:faiss.loader:Successfully loaded faiss.
INFO:faiss.loader:Successfully loaded faiss.
INFO:faiss.loader:Successfully loaded faiss.
INFO:faiss.loader:Successfully loaded faiss.
INFO:faiss.loader:Successfully loaded faiss.
INFO:faiss.loader:Successfully loaded faiss.
INFO:faiss.loader:Loading faiss with SVE support.
INFO:faiss.loader:Could not load library with SVE support due to:
ModuleNotFoundError("No module named 'faiss.swigfaiss_sve'")
INFO:faiss.loader:Loading faiss.
INFO:faiss.loader:Loading faiss with SVE support.
INFO:faiss.loader:Could not load library with SVE support due to:
ModuleNotFoundError("No module named 'faiss.swigfaiss_sve'")
INFO:faiss.loader:Loading faiss.
INFO:faiss.loader:Loading faiss with SVE support.
INFO:faiss.loader:Could not load library with SVE support due to:
ModuleNotFoundError("No module named 'faiss.swigfaiss_sve'")
INFO:faiss.loader:Loading faiss.
INFO:faiss.loader:Loading faiss with SVE support.
INFO:faiss.loader:Could not load library with SVE support due to:
ModuleNotFoundError("No module named 'faiss.swigfaiss_sve'")
INFO:faiss.loader:Loading faiss.
INFO:faiss.loader:Successfully loaded faiss.
INFO:faiss.loader:Successfully loaded faiss.
INFO:faiss.loader:Successfully loaded faiss.
INFO:faiss.loader:Successfully loaded faiss.
INFO:faiss.loader:Loading faiss with SVE support.
INFO:faiss.loader:Could not load library with SVE support due to:
ModuleNotFoundError("No module named 'faiss.swigfaiss_sve'")
INFO:faiss.loader:Loading faiss.
INFO:faiss.loader:Loading faiss with SVE support.
INFO:faiss.loader:Could not load library with SVE support due to:
ModuleNotFoundError("No module named 'faiss.swigfaiss_sve'")
INFO:faiss.loader:Loading faiss.
INFO:faiss.loader:Loading faiss with SVE support.
INFO:faiss.loader:Could not load library with SVE support due to:
ModuleNotFoundError("No module named 'faiss.swigfaiss_sve'")
INFO:faiss.loader:Loading faiss.
INFO:faiss.loader:Loading faiss with SVE support.
INFO:faiss.loader:Could not load library with SVE support due to:
ModuleNotFoundError("No module named 'faiss.swigfaiss_sve'")
INFO:faiss.loader:Loading faiss.
INFO:faiss.loader:Successfully loaded faiss.
INFO:faiss.loader:Successfully loaded faiss.
INFO:faiss.loader:Successfully loaded faiss.
INFO:faiss.loader:Successfully loaded faiss.
INFO:faiss.loader:Loading faiss with SVE support.
INFO:faiss.loader:Could not load library with SVE support due to:
ModuleNotFoundError("No module named 'faiss.swigfaiss_sve'")
INFO:faiss.loader:Loading faiss.
INFO:faiss.loader:Loading faiss with SVE support.
INFO:faiss.loader:Could not load library with SVE support due to:
ModuleNotFoundError("No module named 'faiss.swigfaiss_sve'")
INFO:faiss.loader:Loading faiss.
INFO:faiss.loader:Loading faiss with SVE support.
INFO:faiss.loader:Could not load library with SVE support due to:
ModuleNotFoundError("No module named 'faiss.swigfaiss_sve'")
INFO:faiss.loader:Loading faiss.
INFO:faiss.loader:Loading faiss with SVE support.
INFO:faiss.loader:Could not load library with SVE support due to:
ModuleNotFoundError("No module named 'faiss.swigfaiss_sve'")
INFO:faiss.loader:Loading faiss.
INFO:faiss.loader:Successfully loaded faiss.
INFO:faiss.loader:Successfully loaded faiss.
INFO:faiss.loader:Successfully loaded faiss.
INFO:faiss.loader:Successfully loaded faiss.
[NeMo W 2026-03-29 14:41:48 nemo_logging:405] /usr/local/lib/python3.12/dist-packages/pydub/utils.py:170: RuntimeWarning: Couldn't find ffmpeg or avconv - defaulting to ffmpeg, but may not work
      warn("Couldn't find ffmpeg or avconv - defaulting to ffmpeg, but may not work", RuntimeWarning)
    
INFO:datasets:PyTorch version 2.7.0a0+7c8ec84dab.nv25.3 available.
INFO:datasets:PyTorch version 2.7.0a0+7c8ec84dab.nv25.3 available.
INFO:datasets:PyTorch version 2.7.0a0+7c8ec84dab.nv25.3 available.
INFO:datasets:Polars version 1.21.0 available.
INFO:datasets:Polars version 1.21.0 available.
INFO:datasets:Polars version 1.21.0 available.
INFO:datasets:PyTorch version 2.7.0a0+7c8ec84dab.nv25.3 available.
INFO:datasets:Polars version 1.21.0 available.
INFO:datasets:PyTorch version 2.7.0a0+7c8ec84dab.nv25.3 available.
INFO:datasets:PyTorch version 2.7.0a0+7c8ec84dab.nv25.3 available.
INFO:datasets:PyTorch version 2.7.0a0+7c8ec84dab.nv25.3 available.
INFO:datasets:PyTorch version 2.7.0a0+7c8ec84dab.nv25.3 available.
INFO:datasets:Polars version 1.21.0 available.
INFO:datasets:Polars version 1.21.0 available.
INFO:datasets:Polars version 1.21.0 available.
INFO:datasets:Polars version 1.21.0 available.
INFO:datasets:PyTorch version 2.7.0a0+7c8ec84dab.nv25.3 available.
INFO:datasets:PyTorch version 2.7.0a0+7c8ec84dab.nv25.3 available.
INFO:datasets:PyTorch version 2.7.0a0+7c8ec84dab.nv25.3 available.
INFO:datasets:PyTorch version 2.7.0a0+7c8ec84dab.nv25.3 available.
INFO:datasets:Polars version 1.21.0 available.
INFO:datasets:Polars version 1.21.0 available.
INFO:datasets:Polars version 1.21.0 available.
INFO:datasets:Polars version 1.21.0 available.
INFO:datasets:PyTorch version 2.7.0a0+7c8ec84dab.nv25.3 available.
INFO:datasets:PyTorch version 2.7.0a0+7c8ec84dab.nv25.3 available.
INFO:datasets:PyTorch version 2.7.0a0+7c8ec84dab.nv25.3 available.
INFO:datasets:PyTorch version 2.7.0a0+7c8ec84dab.nv25.3 available.
INFO:datasets:Polars version 1.21.0 available.
INFO:datasets:Polars version 1.21.0 available.
INFO:datasets:Polars version 1.21.0 available.
INFO:datasets:Polars version 1.21.0 available.
INFO:datasets:PyTorch version 2.7.0a0+7c8ec84dab.nv25.3 available.
INFO:datasets:PyTorch version 2.7.0a0+7c8ec84dab.nv25.3 available.
INFO:datasets:PyTorch version 2.7.0a0+7c8ec84dab.nv25.3 available.
INFO:datasets:PyTorch version 2.7.0a0+7c8ec84dab.nv25.3 available.
INFO:datasets:Polars version 1.21.0 available.
INFO:datasets:Polars version 1.21.0 available.
INFO:datasets:Polars version 1.21.0 available.
INFO:datasets:Polars version 1.21.0 available.
INFO:datasets:PyTorch version 2.7.0a0+7c8ec84dab.nv25.3 available.
INFO:datasets:PyTorch version 2.7.0a0+7c8ec84dab.nv25.3 available.
INFO:datasets:PyTorch version 2.7.0a0+7c8ec84dab.nv25.3 available.
INFO:datasets:PyTorch version 2.7.0a0+7c8ec84dab.nv25.3 available.
INFO:datasets:Polars version 1.21.0 available.
INFO:datasets:Polars version 1.21.0 available.
INFO:datasets:Polars version 1.21.0 available.
INFO:datasets:Polars version 1.21.0 available.
INFO:datasets:PyTorch version 2.7.0a0+7c8ec84dab.nv25.3 available.
INFO:datasets:PyTorch version 2.7.0a0+7c8ec84dab.nv25.3 available.
INFO:datasets:PyTorch version 2.7.0a0+7c8ec84dab.nv25.3 available.
INFO:datasets:PyTorch version 2.7.0a0+7c8ec84dab.nv25.3 available.
INFO:datasets:Polars version 1.21.0 available.
INFO:datasets:Polars version 1.21.0 available.
INFO:datasets:Polars version 1.21.0 available.
INFO:datasets:Polars version 1.21.0 available.
INFO:datasets:PyTorch version 2.7.0a0+7c8ec84dab.nv25.3 available.
INFO:datasets:PyTorch version 2.7.0a0+7c8ec84dab.nv25.3 available.
INFO:datasets:PyTorch version 2.7.0a0+7c8ec84dab.nv25.3 available.
INFO:datasets:PyTorch version 2.7.0a0+7c8ec84dab.nv25.3 available.
INFO:datasets:Polars version 1.21.0 available.
INFO:datasets:Polars version 1.21.0 available.
INFO:datasets:Polars version 1.21.0 available.
INFO:datasets:Polars version 1.21.0 available.
INFO:utils:{'data_path': '/work/datasets/AI/tokens_luciole_phase1', 'total_tokens': 3002228277248, 'train': [{'name': 'claire_open_en_text_document', 'weight': 29003.0}, {'name': 'claire_open_fr_text_document', 'weight': 92129.0}, {'name': 'common-corpus_bnl-newspapers-1841-1879_fr_text_document', 'weight': 66237.0}, {'name': 'common-corpus_eurlex_multi_text_document', 'weight': 3601664.0}, {'name': 'common-corpus_gatt-library_multi_text_document', 'weight': 41322.0}, {'name': 'common-corpus_oecd_multi_text_document', 'weight': 121969.0}, {'name': 'common-corpus_tedeutenders_multi_text_document', 'weight': 31276.0}, {'name': 'common-corpus_wto_multi_text_document', 'weight': 577279.0}, {'name': 'common-pile_arxiv-abstracts_en_text_document', 'weight': 140138.0}, {'name': 'common-pile_arxiv-papers_en_text_document', 'weight': 1299034.0}, {'name': 'common-pile_biodiversity-heritage-library_en_text_document', 'weight': 107772.0}, {'name': 'common-pile_caselaw-access-project_en_text_document', 'weight': 929697.0}, {'name': 'common-pile_doab_en_text_document', 'weight': 712786.0}, {'name': 'common-pile_foodista_en_text_document', 'weight': 5603.0}, {'name': 'common-pile_github-archive_en_text_document', 'weight': 2244221.0}, {'name': 'common-pile_library-of-congress_en_text_document', 'weight': 101533.0}, {'name': 'common-pile_libretexts_en_text_document', 'weight': 21049.0}, {'name': 'common-pile_news_en_text_document', 'weight': 14354.0}, {'name': 'common-pile_oercommons_en_text_document', 'weight': 2748.0}, {'name': 'common-pile_peS2o_en_text_document', 'weight': 10166525.0}, {'name': 'common-pile_pre-1929-books_en_text_document', 'weight': 531517.0}, {'name': 'common-pile_pressbooks_en_text_document', 'weight': 31891.0}, {'name': 'common-pile_public-domain-review_en_text_document', 'weight': 382.0}, {'name': 'common-pile_pubmed_en_text_document', 'weight': 1869301.0}, {'name': 'common-pile_python-enhancement-proposals_en_text_document', 'weight': 652.0}, {'name': 'common-pile_regulations_en_text_document', 'weight': 266173.0}, {'name': 'common-pile_stackexchange_en_text_document', 'weight': 4985359.0}, {'name': 'common-pile_ubuntu-irc_en_text_document', 'weight': 482830.0}, {'name': 'common-pile_youtube_en_text_document', 'weight': 204765.0}, {'name': 'croissant-aligned_aligned_text_document', 'weight': 11618464.0}, {'name': 'culturax_fr_text_document_ratio1.30_phase0', 'weight': 57012131.0}, {'name': 'dclm-dolmino_en_text_document_ratio0.75_phase0', 'weight': 93003263.0}, {'name': 'europarl_aligned_text_document', 'weight': 215607.0}, {'name': 'europarl_multi_text_document', 'weight': 99752.0}, {'name': 'eurovoc_filtered_multi_text_document', 'weight': 2150091.0}, {'name': 'fineweb-edu_en_text_document_ratio0.75_phase0', 'weight': 214754282.0}, {'name': 'fineweb2_ar_text_document_ratio0.50_phase0', 'weight': 3350461.0}, {'name': 'fineweb2_ca_text_document_ratio0.05_phase0', 'weight': 92529.0}, {'name': 'fineweb2_de_text_document_ratio0.50_phase0', 'weight': 27173931.0}, {'name': 'fineweb2_es_text_document_ratio0.50_phase0', 'weight': 24393496.0}, {'name': 'fineweb2_fr_text_document_ratio1.30_phase0', 'weight': 50038822.0}, {'name': 'fineweb2_it_text_document_ratio0.50_phase0', 'weight': 13377940.0}, {'name': 'fineweb2_nl_text_document_ratio0.50_phase0', 'weight': 7435763.0}, {'name': 'fineweb2_pt_text_document_ratio0.50_phase0', 'weight': 9800040.0}, {'name': 'fineweb2_regional_text_document', 'weight': 2132152.0}, {'name': 'gallica_monographies_fr_text_document', 'weight': 5842786.0}, {'name': 'gallica_press_fr_text_document', 'weight': 22850320.0}, {'name': 'gutenberg_de_text_document', 'weight': 42330.0}, {'name': 'gutenberg_en_text_document', 'weight': 1187655.0}, {'name': 'gutenberg_es_text_document', 'weight': 21778.0}, {'name': 'gutenberg_fr_text_document', 'weight': 91991.0}, {'name': 'gutenberg_it_text_document', 'weight': 29909.0}, {'name': 'gutenberg_nl_text_document', 'weight': 24430.0}, {'name': 'gutenberg_pt_text_document', 'weight': 9241.0}, {'name': 'hal-cea_full-filtered_fr_text_document', 'weight': 7828031.0}, {'name': 'hplt2_fr_text_document_ratio1.30_phase0', 'weight': 70401931.0}, {'name': 'insee_fr_text_document', 'weight': 55377.0}, {'name': 'math-pile_math_text_document', 'weight': 2345197.0}, {'name': 'opendata_fr_text_document', 'weight': 2749409.0}, {'name': 'parlement_fr_text_document', 'weight': 282826.0}, {'name': 'starcoder-data_code_text_document', 'weight': 62922795.0}, {'name': 'theses_fr_text_document', 'weight': 3239718.0}, {'name': 'wikimedia-vikidia_ar_text_document', 'weight': 265451.0}, {'name': 'wikimedia-vikidia_ca_text_document_ratio0.20_phase0', 'weight': 58530.0}, {'name': 'wikimedia-vikidia_de_text_document', 'weight': 1098595.0}, {'name': 'wikimedia-vikidia_en_text_document', 'weight': 2882825.0}, {'name': 'wikimedia-vikidia_es_text_document', 'weight': 631843.0}, {'name': 'wikimedia-vikidia_fr_text_document', 'weight': 1276052.0}, {'name': 'wikimedia-vikidia_it_text_document', 'weight': 654077.0}, {'name': 'wikimedia-vikidia_pt_text_document', 'weight': 304392.0}, {'name': 'wikimedia-vikidia_regional_text_document', 'weight': 119234.0}, {'name': 'wikimedia_nl_text_document', 'weight': 345319.0}, {'name': 'youtube_fr_text_document', 'weight': 76194.0}]}
INFO:__main__:Using CLI tokenizer override: /work/p26037/barman/tokenizer_128k-arab-regional_v2
INFO:__main__:Global batch size: 1024
INFO:__main__:Sequence length: 4096
INFO:__main__:Tokens per batch: 4194304
INFO:__main__:Total tokens in datamix: 3002228277248
INFO:__main__:Global training/LR horizon (from --max_steps): 715788
INFO:__main__:Patched megatron.core.optimizer (accepted params: {'lr_mult', 'config', 'use_gloo_process_groups', 'scale_lr_cond', 'no_weight_decay_cond', 'model_chunks'})
INFO:utils:{'data_path': '/work/datasets/AI/tokens_luciole_phase1', 'total_tokens': 3002228277248, 'train': [{'name': 'claire_open_en_text_document', 'weight': 29003.0}, {'name': 'claire_open_fr_text_document', 'weight': 92129.0}, {'name': 'common-corpus_bnl-newspapers-1841-1879_fr_text_document', 'weight': 66237.0}, {'name': 'common-corpus_eurlex_multi_text_document', 'weight': 3601664.0}, {'name': 'common-corpus_gatt-library_multi_text_document', 'weight': 41322.0}, {'name': 'common-corpus_oecd_multi_text_document', 'weight': 121969.0}, {'name': 'common-corpus_tedeutenders_multi_text_document', 'weight': 31276.0}, {'name': 'common-corpus_wto_multi_text_document', 'weight': 577279.0}, {'name': 'common-pile_arxiv-abstracts_en_text_document', 'weight': 140138.0}, {'name': 'common-pile_arxiv-papers_en_text_document', 'weight': 1299034.0}, {'name': 'common-pile_biodiversity-heritage-library_en_text_document', 'weight': 107772.0}, {'name': 'common-pile_caselaw-access-project_en_text_document', 'weight': 929697.0}, {'name': 'common-pile_doab_en_text_document', 'weight': 712786.0}, {'name': 'common-pile_foodista_en_text_document', 'weight': 5603.0}, {'name': 'common-pile_github-archive_en_text_document', 'weight': 2244221.0}, {'name': 'common-pile_library-of-congress_en_text_document', 'weight': 101533.0}, {'name': 'common-pile_libretexts_en_text_document', 'weight': 21049.0}, {'name': 'common-pile_news_en_text_document', 'weight': 14354.0}, {'name': 'common-pile_oercommons_en_text_document', 'weight': 2748.0}, {'name': 'common-pile_peS2o_en_text_document', 'weight': 10166525.0}, {'name': 'common-pile_pre-1929-books_en_text_document', 'weight': 531517.0}, {'name': 'common-pile_pressbooks_en_text_document', 'weight': 31891.0}, {'name': 'common-pile_public-domain-review_en_text_document', 'weight': 382.0}, {'name': 'common-pile_pubmed_en_text_document', 'weight': 1869301.0}, {'name': 'common-pile_python-enhancement-proposals_en_text_document', 'weight': 652.0}, {'name': 'common-pile_regulations_en_text_document', 'weight': 266173.0}, {'name': 'common-pile_stackexchange_en_text_document', 'weight': 4985359.0}, {'name': 'common-pile_ubuntu-irc_en_text_document', 'weight': 482830.0}, {'name': 'common-pile_youtube_en_text_document', 'weight': 204765.0}, {'name': 'croissant-aligned_aligned_text_document', 'weight': 11618464.0}, {'name': 'culturax_fr_text_document_ratio1.30_phase0', 'weight': 57012131.0}, {'name': 'dclm-dolmino_en_text_document_ratio0.75_phase0', 'weight': 93003263.0}, {'name': 'europarl_aligned_text_document', 'weight': 215607.0}, {'name': 'europarl_multi_text_document', 'weight': 99752.0}, {'name': 'eurovoc_filtered_multi_text_document', 'weight': 2150091.0}, {'name': 'fineweb-edu_en_text_document_ratio0.75_phase0', 'weight': 214754282.0}, {'name': 'fineweb2_ar_text_document_ratio0.50_phase0', 'weight': 3350461.0}, {'name': 'fineweb2_ca_text_document_ratio0.05_phase0', 'weight': 92529.0}, {'name': 'fineweb2_de_text_document_ratio0.50_phase0', 'weight': 27173931.0}, {'name': 'fineweb2_es_text_document_ratio0.50_phase0', 'weight': 24393496.0}, {'name': 'fineweb2_fr_text_document_ratio1.30_phase0', 'weight': 50038822.0}, {'name': 'fineweb2_it_text_document_ratio0.50_phase0', 'weight': 13377940.0}, {'name': 'fineweb2_nl_text_document_ratio0.50_phase0', 'weight': 7435763.0}, {'name': 'fineweb2_pt_text_document_ratio0.50_phase0', 'weight': 9800040.0}, {'name': 'fineweb2_regional_text_document', 'weight': 2132152.0}, {'name': 'gallica_monographies_fr_text_document', 'weight': 5842786.0}, {'name': 'gallica_press_fr_text_document', 'weight': 22850320.0}, {'name': 'gutenberg_de_text_document', 'weight': 42330.0}, {'name': 'gutenberg_en_text_document', 'weight': 1187655.0}, {'name': 'gutenberg_es_text_document', 'weight': 21778.0}, {'name': 'gutenberg_fr_text_document', 'weight': 91991.0}, {'name': 'gutenberg_it_text_document', 'weight': 29909.0}, {'name': 'gutenberg_nl_text_document', 'weight': 24430.0}, {'name': 'gutenberg_pt_text_document', 'weight': 9241.0}, {'name': 'hal-cea_full-filtered_fr_text_document', 'weight': 7828031.0}, {'name': 'hplt2_fr_text_document_ratio1.30_phase0', 'weight': 70401931.0}, {'name': 'insee_fr_text_document', 'weight': 55377.0}, {'name': 'math-pile_math_text_document', 'weight': 2345197.0}, {'name': 'opendata_fr_text_document', 'weight': 2749409.0}, {'name': 'parlement_fr_text_document', 'weight': 282826.0}, {'name': 'starcoder-data_code_text_document', 'weight': 62922795.0}, {'name': 'theses_fr_text_document', 'weight': 3239718.0}, {'name': 'wikimedia-vikidia_ar_text_document', 'weight': 265451.0}, {'name': 'wikimedia-vikidia_ca_text_document_ratio0.20_phase0', 'weight': 58530.0}, {'name': 'wikimedia-vikidia_de_text_document', 'weight': 1098595.0}, {'name': 'wikimedia-vikidia_en_text_document', 'weight': 2882825.0}, {'name': 'wikimedia-vikidia_es_text_document', 'weight': 631843.0}, {'name': 'wikimedia-vikidia_fr_text_document', 'weight': 1276052.0}, {'name': 'wikimedia-vikidia_it_text_document', 'weight': 654077.0}, {'name': 'wikimedia-vikidia_pt_text_document', 'weight': 304392.0}, {'name': 'wikimedia-vikidia_regional_text_document', 'weight': 119234.0}, {'name': 'wikimedia_nl_text_document', 'weight': 345319.0}, {'name': 'youtube_fr_text_document', 'weight': 76194.0}]}
INFO:__main__:Using CLI tokenizer override: /work/p26037/barman/tokenizer_128k-arab-regional_v2
INFO:__main__:Global batch size: 1024
INFO:__main__:Sequence length: 4096
INFO:__main__:Tokens per batch: 4194304
INFO:__main__:Total tokens in datamix: 3002228277248
INFO:__main__:Global training/LR horizon (from --max_steps): 715788
INFO:__main__:Patched megatron.core.optimizer (accepted params: {'scale_lr_cond', 'lr_mult', 'model_chunks', 'no_weight_decay_cond', 'config', 'use_gloo_process_groups'})
INFO:utils:{'data_path': '/work/datasets/AI/tokens_luciole_phase1', 'total_tokens': 3002228277248, 'train': [{'name': 'claire_open_en_text_document', 'weight': 29003.0}, {'name': 'claire_open_fr_text_document', 'weight': 92129.0}, {'name': 'common-corpus_bnl-newspapers-1841-1879_fr_text_document', 'weight': 66237.0}, {'name': 'common-corpus_eurlex_multi_text_document', 'weight': 3601664.0}, {'name': 'common-corpus_gatt-library_multi_text_document', 'weight': 41322.0}, {'name': 'common-corpus_oecd_multi_text_document', 'weight': 121969.0}, {'name': 'common-corpus_tedeutenders_multi_text_document', 'weight': 31276.0}, {'name': 'common-corpus_wto_multi_text_document', 'weight': 577279.0}, {'name': 'common-pile_arxiv-abstracts_en_text_document', 'weight': 140138.0}, {'name': 'common-pile_arxiv-papers_en_text_document', 'weight': 1299034.0}, {'name': 'common-pile_biodiversity-heritage-library_en_text_document', 'weight': 107772.0}, {'name': 'common-pile_caselaw-access-project_en_text_document', 'weight': 929697.0}, {'name': 'common-pile_doab_en_text_document', 'weight': 712786.0}, {'name': 'common-pile_foodista_en_text_document', 'weight': 5603.0}, {'name': 'common-pile_github-archive_en_text_document', 'weight': 2244221.0}, {'name': 'common-pile_library-of-congress_en_text_document', 'weight': 101533.0}, {'name': 'common-pile_libretexts_en_text_document', 'weight': 21049.0}, {'name': 'common-pile_news_en_text_document', 'weight': 14354.0}, {'name': 'common-pile_oercommons_en_text_document', 'weight': 2748.0}, {'name': 'common-pile_peS2o_en_text_document', 'weight': 10166525.0}, {'name': 'common-pile_pre-1929-books_en_text_document', 'weight': 531517.0}, {'name': 'common-pile_pressbooks_en_text_document', 'weight': 31891.0}, {'name': 'common-pile_public-domain-review_en_text_document', 'weight': 382.0}, {'name': 'common-pile_pubmed_en_text_document', 'weight': 1869301.0}, {'name': 'common-pile_python-enhancement-proposals_en_text_document', 'weight': 652.0}, {'name': 'common-pile_regulations_en_text_document', 'weight': 266173.0}, {'name': 'common-pile_stackexchange_en_text_document', 'weight': 4985359.0}, {'name': 'common-pile_ubuntu-irc_en_text_document', 'weight': 482830.0}, {'name': 'common-pile_youtube_en_text_document', 'weight': 204765.0}, {'name': 'croissant-aligned_aligned_text_document', 'weight': 11618464.0}, {'name': 'culturax_fr_text_document_ratio1.30_phase0', 'weight': 57012131.0}, {'name': 'dclm-dolmino_en_text_document_ratio0.75_phase0', 'weight': 93003263.0}, {'name': 'europarl_aligned_text_document', 'weight': 215607.0}, {'name': 'europarl_multi_text_document', 'weight': 99752.0}, {'name': 'eurovoc_filtered_multi_text_document', 'weight': 2150091.0}, {'name': 'fineweb-edu_en_text_document_ratio0.75_phase0', 'weight': 214754282.0}, {'name': 'fineweb2_ar_text_document_ratio0.50_phase0', 'weight': 3350461.0}, {'name': 'fineweb2_ca_text_document_ratio0.05_phase0', 'weight': 92529.0}, {'name': 'fineweb2_de_text_document_ratio0.50_phase0', 'weight': 27173931.0}, {'name': 'fineweb2_es_text_document_ratio0.50_phase0', 'weight': 24393496.0}, {'name': 'fineweb2_fr_text_document_ratio1.30_phase0', 'weight': 50038822.0}, {'name': 'fineweb2_it_text_document_ratio0.50_phase0', 'weight': 13377940.0}, {'name': 'fineweb2_nl_text_document_ratio0.50_phase0', 'weight': 7435763.0}, {'name': 'fineweb2_pt_text_document_ratio0.50_phase0', 'weight': 9800040.0}, {'name': 'fineweb2_regional_text_document', 'weight': 2132152.0}, {'name': 'gallica_monographies_fr_text_document', 'weight': 5842786.0}, {'name': 'gallica_press_fr_text_document', 'weight': 22850320.0}, {'name': 'gutenberg_de_text_document', 'weight': 42330.0}, {'name': 'gutenberg_en_text_document', 'weight': 1187655.0}, {'name': 'gutenberg_es_text_document', 'weight': 21778.0}, {'name': 'gutenberg_fr_text_document', 'weight': 91991.0}, {'name': 'gutenberg_it_text_document', 'weight': 29909.0}, {'name': 'gutenberg_nl_text_document', 'weight': 24430.0}, {'name': 'gutenberg_pt_text_document', 'weight': 9241.0}, {'name': 'hal-cea_full-filtered_fr_text_document', 'weight': 7828031.0}, {'name': 'hplt2_fr_text_document_ratio1.30_phase0', 'weight': 70401931.0}, {'name': 'insee_fr_text_document', 'weight': 55377.0}, {'name': 'math-pile_math_text_document', 'weight': 2345197.0}, {'name': 'opendata_fr_text_document', 'weight': 2749409.0}, {'name': 'parlement_fr_text_document', 'weight': 282826.0}, {'name': 'starcoder-data_code_text_document', 'weight': 62922795.0}, {'name': 'theses_fr_text_document', 'weight': 3239718.0}, {'name': 'wikimedia-vikidia_ar_text_document', 'weight': 265451.0}, {'name': 'wikimedia-vikidia_ca_text_document_ratio0.20_phase0', 'weight': 58530.0}, {'name': 'wikimedia-vikidia_de_text_document', 'weight': 1098595.0}, {'name': 'wikimedia-vikidia_en_text_document', 'weight': 2882825.0}, {'name': 'wikimedia-vikidia_es_text_document', 'weight': 631843.0}, {'name': 'wikimedia-vikidia_fr_text_document', 'weight': 1276052.0}, {'name': 'wikimedia-vikidia_it_text_document', 'weight': 654077.0}, {'name': 'wikimedia-vikidia_pt_text_document', 'weight': 304392.0}, {'name': 'wikimedia-vikidia_regional_text_document', 'weight': 119234.0}, {'name': 'wikimedia_nl_text_document', 'weight': 345319.0}, {'name': 'youtube_fr_text_document', 'weight': 76194.0}]}
INFO:__main__:Using CLI tokenizer override: /work/p26037/barman/tokenizer_128k-arab-regional_v2
INFO:__main__:Global batch size: 1024
INFO:__main__:Sequence length: 4096
INFO:__main__:Tokens per batch: 4194304
INFO:__main__:Total tokens in datamix: 3002228277248
INFO:__main__:Global training/LR horizon (from --max_steps): 715788
INFO:__main__:Patched megatron.core.optimizer (accepted params: {'model_chunks', 'config', 'scale_lr_cond', 'use_gloo_process_groups', 'no_weight_decay_cond', 'lr_mult'})
INFO:utils:{'data_path': '/work/datasets/AI/tokens_luciole_phase1', 'total_tokens': 3002228277248, 'train': [{'name': 'claire_open_en_text_document', 'weight': 29003.0}, {'name': 'claire_open_fr_text_document', 'weight': 92129.0}, {'name': 'common-corpus_bnl-newspapers-1841-1879_fr_text_document', 'weight': 66237.0}, {'name': 'common-corpus_eurlex_multi_text_document', 'weight': 3601664.0}, {'name': 'common-corpus_gatt-library_multi_text_document', 'weight': 41322.0}, {'name': 'common-corpus_oecd_multi_text_document', 'weight': 121969.0}, {'name': 'common-corpus_tedeutenders_multi_text_document', 'weight': 31276.0}, {'name': 'common-corpus_wto_multi_text_document', 'weight': 577279.0}, {'name': 'common-pile_arxiv-abstracts_en_text_document', 'weight': 140138.0}, {'name': 'common-pile_arxiv-papers_en_text_document', 'weight': 1299034.0}, {'name': 'common-pile_biodiversity-heritage-library_en_text_document', 'weight': 107772.0}, {'name': 'common-pile_caselaw-access-project_en_text_document', 'weight': 929697.0}, {'name': 'common-pile_doab_en_text_document', 'weight': 712786.0}, {'name': 'common-pile_foodista_en_text_document', 'weight': 5603.0}, {'name': 'common-pile_github-archive_en_text_document', 'weight': 2244221.0}, {'name': 'common-pile_library-of-congress_en_text_document', 'weight': 101533.0}, {'name': 'common-pile_libretexts_en_text_document', 'weight': 21049.0}, {'name': 'common-pile_news_en_text_document', 'weight': 14354.0}, {'name': 'common-pile_oercommons_en_text_document', 'weight': 2748.0}, {'name': 'common-pile_peS2o_en_text_document', 'weight': 10166525.0}, {'name': 'common-pile_pre-1929-books_en_text_document', 'weight': 531517.0}, {'name': 'common-pile_pressbooks_en_text_document', 'weight': 31891.0}, {'name': 'common-pile_public-domain-review_en_text_document', 'weight': 382.0}, {'name': 'common-pile_pubmed_en_text_document', 'weight': 1869301.0}, {'name': 'common-pile_python-enhancement-proposals_en_text_document', 'weight': 652.0}, {'name': 'common-pile_regulations_en_text_document', 'weight': 266173.0}, {'name': 'common-pile_stackexchange_en_text_document', 'weight': 4985359.0}, {'name': 'common-pile_ubuntu-irc_en_text_document', 'weight': 482830.0}, {'name': 'common-pile_youtube_en_text_document', 'weight': 204765.0}, {'name': 'croissant-aligned_aligned_text_document', 'weight': 11618464.0}, {'name': 'culturax_fr_text_document_ratio1.30_phase0', 'weight': 57012131.0}, {'name': 'dclm-dolmino_en_text_document_ratio0.75_phase0', 'weight': 93003263.0}, {'name': 'europarl_aligned_text_document', 'weight': 215607.0}, {'name': 'europarl_multi_text_document', 'weight': 99752.0}, {'name': 'eurovoc_filtered_multi_text_document', 'weight': 2150091.0}, {'name': 'fineweb-edu_en_text_document_ratio0.75_phase0', 'weight': 214754282.0}, {'name': 'fineweb2_ar_text_document_ratio0.50_phase0', 'weight': 3350461.0}, {'name': 'fineweb2_ca_text_document_ratio0.05_phase0', 'weight': 92529.0}, {'name': 'fineweb2_de_text_document_ratio0.50_phase0', 'weight': 27173931.0}, {'name': 'fineweb2_es_text_document_ratio0.50_phase0', 'weight': 24393496.0}, {'name': 'fineweb2_fr_text_document_ratio1.30_phase0', 'weight': 50038822.0}, {'name': 'fineweb2_it_text_document_ratio0.50_phase0', 'weight': 13377940.0}, {'name': 'fineweb2_nl_text_document_ratio0.50_phase0', 'weight': 7435763.0}, {'name': 'fineweb2_pt_text_document_ratio0.50_phase0', 'weight': 9800040.0}, {'name': 'fineweb2_regional_text_document', 'weight': 2132152.0}, {'name': 'gallica_monographies_fr_text_document', 'weight': 5842786.0}, {'name': 'gallica_press_fr_text_document', 'weight': 22850320.0}, {'name': 'gutenberg_de_text_document', 'weight': 42330.0}, {'name': 'gutenberg_en_text_document', 'weight': 1187655.0}, {'name': 'gutenberg_es_text_document', 'weight': 21778.0}, {'name': 'gutenberg_fr_text_document', 'weight': 91991.0}, {'name': 'gutenberg_it_text_document', 'weight': 29909.0}, {'name': 'gutenberg_nl_text_document', 'weight': 24430.0}, {'name': 'gutenberg_pt_text_document', 'weight': 9241.0}, {'name': 'hal-cea_full-filtered_fr_text_document', 'weight': 7828031.0}, {'name': 'hplt2_fr_text_document_ratio1.30_phase0', 'weight': 70401931.0}, {'name': 'insee_fr_text_document', 'weight': 55377.0}, {'name': 'math-pile_math_text_document', 'weight': 2345197.0}, {'name': 'opendata_fr_text_document', 'weight': 2749409.0}, {'name': 'parlement_fr_text_document', 'weight': 282826.0}, {'name': 'starcoder-data_code_text_document', 'weight': 62922795.0}, {'name': 'theses_fr_text_document', 'weight': 3239718.0}, {'name': 'wikimedia-vikidia_ar_text_document', 'weight': 265451.0}, {'name': 'wikimedia-vikidia_ca_text_document_ratio0.20_phase0', 'weight': 58530.0}, {'name': 'wikimedia-vikidia_de_text_document', 'weight': 1098595.0}, {'name': 'wikimedia-vikidia_en_text_document', 'weight': 2882825.0}, {'name': 'wikimedia-vikidia_es_text_document', 'weight': 631843.0}, {'name': 'wikimedia-vikidia_fr_text_document', 'weight': 1276052.0}, {'name': 'wikimedia-vikidia_it_text_document', 'weight': 654077.0}, {'name': 'wikimedia-vikidia_pt_text_document', 'weight': 304392.0}, {'name': 'wikimedia-vikidia_regional_text_document', 'weight': 119234.0}, {'name': 'wikimedia_nl_text_document', 'weight': 345319.0}, {'name': 'youtube_fr_text_document', 'weight': 76194.0}]}
INFO:__main__:Using CLI tokenizer override: /work/p26037/barman/tokenizer_128k-arab-regional_v2
INFO:__main__:Global batch size: 1024
INFO:__main__:Sequence length: 4096
INFO:__main__:Tokens per batch: 4194304
INFO:__main__:Total tokens in datamix: 3002228277248
INFO:__main__:Global training/LR horizon (from --max_steps): 715788
INFO:__main__:Patched megatron.core.optimizer (accepted params: {'lr_mult', 'no_weight_decay_cond', 'config', 'use_gloo_process_groups', 'scale_lr_cond', 'model_chunks'})
INFO:utils:{'data_path': '/work/datasets/AI/tokens_luciole_phase1', 'total_tokens': 3002228277248, 'train': [{'name': 'claire_open_en_text_document', 'weight': 29003.0}, {'name': 'claire_open_fr_text_document', 'weight': 92129.0}, {'name': 'common-corpus_bnl-newspapers-1841-1879_fr_text_document', 'weight': 66237.0}, {'name': 'common-corpus_eurlex_multi_text_document', 'weight': 3601664.0}, {'name': 'common-corpus_gatt-library_multi_text_document', 'weight': 41322.0}, {'name': 'common-corpus_oecd_multi_text_document', 'weight': 121969.0}, {'name': 'common-corpus_tedeutenders_multi_text_document', 'weight': 31276.0}, {'name': 'common-corpus_wto_multi_text_document', 'weight': 577279.0}, {'name': 'common-pile_arxiv-abstracts_en_text_document', 'weight': 140138.0}, {'name': 'common-pile_arxiv-papers_en_text_document', 'weight': 1299034.0}, {'name': 'common-pile_biodiversity-heritage-library_en_text_document', 'weight': 107772.0}, {'name': 'common-pile_caselaw-access-project_en_text_document', 'weight': 929697.0}, {'name': 'common-pile_doab_en_text_document', 'weight': 712786.0}, {'name': 'common-pile_foodista_en_text_document', 'weight': 5603.0}, {'name': 'common-pile_github-archive_en_text_document', 'weight': 2244221.0}, {'name': 'common-pile_library-of-congress_en_text_document', 'weight': 101533.0}, {'name': 'common-pile_libretexts_en_text_document', 'weight': 21049.0}, {'name': 'common-pile_news_en_text_document', 'weight': 14354.0}, {'name': 'common-pile_oercommons_en_text_document', 'weight': 2748.0}, {'name': 'common-pile_peS2o_en_text_document', 'weight': 10166525.0}, {'name': 'common-pile_pre-1929-books_en_text_document', 'weight': 531517.0}, {'name': 'common-pile_pressbooks_en_text_document', 'weight': 31891.0}, {'name': 'common-pile_public-domain-review_en_text_document', 'weight': 382.0}, {'name': 'common-pile_pubmed_en_text_document', 'weight': 1869301.0}, {'name': 'common-pile_python-enhancement-proposals_en_text_document', 'weight': 652.0}, {'name': 'common-pile_regulations_en_text_document', 'weight': 266173.0}, {'name': 'common-pile_stackexchange_en_text_document', 'weight': 4985359.0}, {'name': 'common-pile_ubuntu-irc_en_text_document', 'weight': 482830.0}, {'name': 'common-pile_youtube_en_text_document', 'weight': 204765.0}, {'name': 'croissant-aligned_aligned_text_document', 'weight': 11618464.0}, {'name': 'culturax_fr_text_document_ratio1.30_phase0', 'weight': 57012131.0}, {'name': 'dclm-dolmino_en_text_document_ratio0.75_phase0', 'weight': 93003263.0}, {'name': 'europarl_aligned_text_document', 'weight': 215607.0}, {'name': 'europarl_multi_text_document', 'weight': 99752.0}, {'name': 'eurovoc_filtered_multi_text_document', 'weight': 2150091.0}, {'name': 'fineweb-edu_en_text_document_ratio0.75_phase0', 'weight': 214754282.0}, {'name': 'fineweb2_ar_text_document_ratio0.50_phase0', 'weight': 3350461.0}, {'name': 'fineweb2_ca_text_document_ratio0.05_phase0', 'weight': 92529.0}, {'name': 'fineweb2_de_text_document_ratio0.50_phase0', 'weight': 27173931.0}, {'name': 'fineweb2_es_text_document_ratio0.50_phase0', 'weight': 24393496.0}, {'name': 'fineweb2_fr_text_document_ratio1.30_phase0', 'weight': 50038822.0}, {'name': 'fineweb2_it_text_document_ratio0.50_phase0', 'weight': 13377940.0}, {'name': 'fineweb2_nl_text_document_ratio0.50_phase0', 'weight': 7435763.0}, {'name': 'fineweb2_pt_text_document_ratio0.50_phase0', 'weight': 9800040.0}, {'name': 'fineweb2_regional_text_document', 'weight': 2132152.0}, {'name': 'gallica_monographies_fr_text_document', 'weight': 5842786.0}, {'name': 'gallica_press_fr_text_document', 'weight': 22850320.0}, {'name': 'gutenberg_de_text_document', 'weight': 42330.0}, {'name': 'gutenberg_en_text_document', 'weight': 1187655.0}, {'name': 'gutenberg_es_text_document', 'weight': 21778.0}, {'name': 'gutenberg_fr_text_document', 'weight': 91991.0}, {'name': 'gutenberg_it_text_document', 'weight': 29909.0}, {'name': 'gutenberg_nl_text_document', 'weight': 24430.0}, {'name': 'gutenberg_pt_text_document', 'weight': 9241.0}, {'name': 'hal-cea_full-filtered_fr_text_document', 'weight': 7828031.0}, {'name': 'hplt2_fr_text_document_ratio1.30_phase0', 'weight': 70401931.0}, {'name': 'insee_fr_text_document', 'weight': 55377.0}, {'name': 'math-pile_math_text_document', 'weight': 2345197.0}, {'name': 'opendata_fr_text_document', 'weight': 2749409.0}, {'name': 'parlement_fr_text_document', 'weight': 282826.0}, {'name': 'starcoder-data_code_text_document', 'weight': 62922795.0}, {'name': 'theses_fr_text_document', 'weight': 3239718.0}, {'name': 'wikimedia-vikidia_ar_text_document', 'weight': 265451.0}, {'name': 'wikimedia-vikidia_ca_text_document_ratio0.20_phase0', 'weight': 58530.0}, {'name': 'wikimedia-vikidia_de_text_document', 'weight': 1098595.0}, {'name': 'wikimedia-vikidia_en_text_document', 'weight': 2882825.0}, {'name': 'wikimedia-vikidia_es_text_document', 'weight': 631843.0}, {'name': 'wikimedia-vikidia_fr_text_document', 'weight': 1276052.0}, {'name': 'wikimedia-vikidia_it_text_document', 'weight': 654077.0}, {'name': 'wikimedia-vikidia_pt_text_document', 'weight': 304392.0}, {'name': 'wikimedia-vikidia_regional_text_document', 'weight': 119234.0}, {'name': 'wikimedia_nl_text_document', 'weight': 345319.0}, {'name': 'youtube_fr_text_document', 'weight': 76194.0}]}
INFO:__main__:Using CLI tokenizer override: /work/p26037/barman/tokenizer_128k-arab-regional_v2
INFO:__main__:Global batch size: 1024
INFO:__main__:Sequence length: 4096
INFO:__main__:Tokens per batch: 4194304
INFO:__main__:Total tokens in datamix: 3002228277248
INFO:__main__:Global training/LR horizon (from --max_steps): 715788
INFO:__main__:Patched megatron.core.optimizer (accepted params: {'config', 'use_gloo_process_groups', 'lr_mult', 'model_chunks', 'no_weight_decay_cond', 'scale_lr_cond'})
INFO:utils:{'data_path': '/work/datasets/AI/tokens_luciole_phase1', 'total_tokens': 3002228277248, 'train': [{'name': 'claire_open_en_text_document', 'weight': 29003.0}, {'name': 'claire_open_fr_text_document', 'weight': 92129.0}, {'name': 'common-corpus_bnl-newspapers-1841-1879_fr_text_document', 'weight': 66237.0}, {'name': 'common-corpus_eurlex_multi_text_document', 'weight': 3601664.0}, {'name': 'common-corpus_gatt-library_multi_text_document', 'weight': 41322.0}, {'name': 'common-corpus_oecd_multi_text_document', 'weight': 121969.0}, {'name': 'common-corpus_tedeutenders_multi_text_document', 'weight': 31276.0}, {'name': 'common-corpus_wto_multi_text_document', 'weight': 577279.0}, {'name': 'common-pile_arxiv-abstracts_en_text_document', 'weight': 140138.0}, {'name': 'common-pile_arxiv-papers_en_text_document', 'weight': 1299034.0}, {'name': 'common-pile_biodiversity-heritage-library_en_text_document', 'weight': 107772.0}, {'name': 'common-pile_caselaw-access-project_en_text_document', 'weight': 929697.0}, {'name': 'common-pile_doab_en_text_document', 'weight': 712786.0}, {'name': 'common-pile_foodista_en_text_document', 'weight': 5603.0}, {'name': 'common-pile_github-archive_en_text_document', 'weight': 2244221.0}, {'name': 'common-pile_library-of-congress_en_text_document', 'weight': 101533.0}, {'name': 'common-pile_libretexts_en_text_document', 'weight': 21049.0}, {'name': 'common-pile_news_en_text_document', 'weight': 14354.0}, {'name': 'common-pile_oercommons_en_text_document', 'weight': 2748.0}, {'name': 'common-pile_peS2o_en_text_document', 'weight': 10166525.0}, {'name': 'common-pile_pre-1929-books_en_text_document', 'weight': 531517.0}, {'name': 'common-pile_pressbooks_en_text_document', 'weight': 31891.0}, {'name': 'common-pile_public-domain-review_en_text_document', 'weight': 382.0}, {'name': 'common-pile_pubmed_en_text_document', 'weight': 1869301.0}, {'name': 'common-pile_python-enhancement-proposals_en_text_document', 'weight': 652.0}, {'name': 'common-pile_regulations_en_text_document', 'weight': 266173.0}, {'name': 'common-pile_stackexchange_en_text_document', 'weight': 4985359.0}, {'name': 'common-pile_ubuntu-irc_en_text_document', 'weight': 482830.0}, {'name': 'common-pile_youtube_en_text_document', 'weight': 204765.0}, {'name': 'croissant-aligned_aligned_text_document', 'weight': 11618464.0}, {'name': 'culturax_fr_text_document_ratio1.30_phase0', 'weight': 57012131.0}, {'name': 'dclm-dolmino_en_text_document_ratio0.75_phase0', 'weight': 93003263.0}, {'name': 'europarl_aligned_text_document', 'weight': 215607.0}, {'name': 'europarl_multi_text_document', 'weight': 99752.0}, {'name': 'eurovoc_filtered_multi_text_document', 'weight': 2150091.0}, {'name': 'fineweb-edu_en_text_document_ratio0.75_phase0', 'weight': 214754282.0}, {'name': 'fineweb2_ar_text_document_ratio0.50_phase0', 'weight': 3350461.0}, {'name': 'fineweb2_ca_text_document_ratio0.05_phase0', 'weight': 92529.0}, {'name': 'fineweb2_de_text_document_ratio0.50_phase0', 'weight': 27173931.0}, {'name': 'fineweb2_es_text_document_ratio0.50_phase0', 'weight': 24393496.0}, {'name': 'fineweb2_fr_text_document_ratio1.30_phase0', 'weight': 50038822.0}, {'name': 'fineweb2_it_text_document_ratio0.50_phase0', 'weight': 13377940.0}, {'name': 'fineweb2_nl_text_document_ratio0.50_phase0', 'weight': 7435763.0}, {'name': 'fineweb2_pt_text_document_ratio0.50_phase0', 'weight': 9800040.0}, {'name': 'fineweb2_regional_text_document', 'weight': 2132152.0}, {'name': 'gallica_monographies_fr_text_document', 'weight': 5842786.0}, {'name': 'gallica_press_fr_text_document', 'weight': 22850320.0}, {'name': 'gutenberg_de_text_document', 'weight': 42330.0}, {'name': 'gutenberg_en_text_document', 'weight': 1187655.0}, {'name': 'gutenberg_es_text_document', 'weight': 21778.0}, {'name': 'gutenberg_fr_text_document', 'weight': 91991.0}, {'name': 'gutenberg_it_text_document', 'weight': 29909.0}, {'name': 'gutenberg_nl_text_document', 'weight': 24430.0}, {'name': 'gutenberg_pt_text_document', 'weight': 9241.0}, {'name': 'hal-cea_full-filtered_fr_text_document', 'weight': 7828031.0}, {'name': 'hplt2_fr_text_document_ratio1.30_phase0', 'weight': 70401931.0}, {'name': 'insee_fr_text_document', 'weight': 55377.0}, {'name': 'math-pile_math_text_document', 'weight': 2345197.0}, {'name': 'opendata_fr_text_document', 'weight': 2749409.0}, {'name': 'parlement_fr_text_document', 'weight': 282826.0}, {'name': 'starcoder-data_code_text_document', 'weight': 62922795.0}, {'name': 'theses_fr_text_document', 'weight': 3239718.0}, {'name': 'wikimedia-vikidia_ar_text_document', 'weight': 265451.0}, {'name': 'wikimedia-vikidia_ca_text_document_ratio0.20_phase0', 'weight': 58530.0}, {'name': 'wikimedia-vikidia_de_text_document', 'weight': 1098595.0}, {'name': 'wikimedia-vikidia_en_text_document', 'weight': 2882825.0}, {'name': 'wikimedia-vikidia_es_text_document', 'weight': 631843.0}, {'name': 'wikimedia-vikidia_fr_text_document', 'weight': 1276052.0}, {'name': 'wikimedia-vikidia_it_text_document', 'weight': 654077.0}, {'name': 'wikimedia-vikidia_pt_text_document', 'weight': 304392.0}, {'name': 'wikimedia-vikidia_regional_text_document', 'weight': 119234.0}, {'name': 'wikimedia_nl_text_document', 'weight': 345319.0}, {'name': 'youtube_fr_text_document', 'weight': 76194.0}]}
INFO:__main__:Using CLI tokenizer override: /work/p26037/barman/tokenizer_128k-arab-regional_v2
INFO:__main__:Global batch size: 1024
INFO:__main__:Sequence length: 4096
INFO:__main__:Tokens per batch: 4194304
INFO:__main__:Total tokens in datamix: 3002228277248
INFO:__main__:Global training/LR horizon (from --max_steps): 715788
INFO:__main__:Patched megatron.core.optimizer (accepted params: {'config', 'scale_lr_cond', 'use_gloo_process_groups', 'no_weight_decay_cond', 'lr_mult', 'model_chunks'})
INFO:utils:{'data_path': '/work/datasets/AI/tokens_luciole_phase1', 'total_tokens': 3002228277248, 'train': [{'name': 'claire_open_en_text_document', 'weight': 29003.0}, {'name': 'claire_open_fr_text_document', 'weight': 92129.0}, {'name': 'common-corpus_bnl-newspapers-1841-1879_fr_text_document', 'weight': 66237.0}, {'name': 'common-corpus_eurlex_multi_text_document', 'weight': 3601664.0}, {'name': 'common-corpus_gatt-library_multi_text_document', 'weight': 41322.0}, {'name': 'common-corpus_oecd_multi_text_document', 'weight': 121969.0}, {'name': 'common-corpus_tedeutenders_multi_text_document', 'weight': 31276.0}, {'name': 'common-corpus_wto_multi_text_document', 'weight': 577279.0}, {'name': 'common-pile_arxiv-abstracts_en_text_document', 'weight': 140138.0}, {'name': 'common-pile_arxiv-papers_en_text_document', 'weight': 1299034.0}, {'name': 'common-pile_biodiversity-heritage-library_en_text_document', 'weight': 107772.0}, {'name': 'common-pile_caselaw-access-project_en_text_document', 'weight': 929697.0}, {'name': 'common-pile_doab_en_text_document', 'weight': 712786.0}, {'name': 'common-pile_foodista_en_text_document', 'weight': 5603.0}, {'name': 'common-pile_github-archive_en_text_document', 'weight': 2244221.0}, {'name': 'common-pile_library-of-congress_en_text_document', 'weight': 101533.0}, {'name': 'common-pile_libretexts_en_text_document', 'weight': 21049.0}, {'name': 'common-pile_news_en_text_document', 'weight': 14354.0}, {'name': 'common-pile_oercommons_en_text_document', 'weight': 2748.0}, {'name': 'common-pile_peS2o_en_text_document', 'weight': 10166525.0}, {'name': 'common-pile_pre-1929-books_en_text_document', 'weight': 531517.0}, {'name': 'common-pile_pressbooks_en_text_document', 'weight': 31891.0}, {'name': 'common-pile_public-domain-review_en_text_document', 'weight': 382.0}, {'name': 'common-pile_pubmed_en_text_document', 'weight': 1869301.0}, {'name': 'common-pile_python-enhancement-proposals_en_text_document', 'weight': 652.0}, {'name': 'common-pile_regulations_en_text_document', 'weight': 266173.0}, {'name': 'common-pile_stackexchange_en_text_document', 'weight': 4985359.0}, {'name': 'common-pile_ubuntu-irc_en_text_document', 'weight': 482830.0}, {'name': 'common-pile_youtube_en_text_document', 'weight': 204765.0}, {'name': 'croissant-aligned_aligned_text_document', 'weight': 11618464.0}, {'name': 'culturax_fr_text_document_ratio1.30_phase0', 'weight': 57012131.0}, {'name': 'dclm-dolmino_en_text_document_ratio0.75_phase0', 'weight': 93003263.0}, {'name': 'europarl_aligned_text_document', 'weight': 215607.0}, {'name': 'europarl_multi_text_document', 'weight': 99752.0}, {'name': 'eurovoc_filtered_multi_text_document', 'weight': 2150091.0}, {'name': 'fineweb-edu_en_text_document_ratio0.75_phase0', 'weight': 214754282.0}, {'name': 'fineweb2_ar_text_document_ratio0.50_phase0', 'weight': 3350461.0}, {'name': 'fineweb2_ca_text_document_ratio0.05_phase0', 'weight': 92529.0}, {'name': 'fineweb2_de_text_document_ratio0.50_phase0', 'weight': 27173931.0}, {'name': 'fineweb2_es_text_document_ratio0.50_phase0', 'weight': 24393496.0}, {'name': 'fineweb2_fr_text_document_ratio1.30_phase0', 'weight': 50038822.0}, {'name': 'fineweb2_it_text_document_ratio0.50_phase0', 'weight': 13377940.0}, {'name': 'fineweb2_nl_text_document_ratio0.50_phase0', 'weight': 7435763.0}, {'name': 'fineweb2_pt_text_document_ratio0.50_phase0', 'weight': 9800040.0}, {'name': 'fineweb2_regional_text_document', 'weight': 2132152.0}, {'name': 'gallica_monographies_fr_text_document', 'weight': 5842786.0}, {'name': 'gallica_press_fr_text_document', 'weight': 22850320.0}, {'name': 'gutenberg_de_text_document', 'weight': 42330.0}, {'name': 'gutenberg_en_text_document', 'weight': 1187655.0}, {'name': 'gutenberg_es_text_document', 'weight': 21778.0}, {'name': 'gutenberg_fr_text_document', 'weight': 91991.0}, {'name': 'gutenberg_it_text_document', 'weight': 29909.0}, {'name': 'gutenberg_nl_text_document', 'weight': 24430.0}, {'name': 'gutenberg_pt_text_document', 'weight': 9241.0}, {'name': 'hal-cea_full-filtered_fr_text_document', 'weight': 7828031.0}, {'name': 'hplt2_fr_text_document_ratio1.30_phase0', 'weight': 70401931.0}, {'name': 'insee_fr_text_document', 'weight': 55377.0}, {'name': 'math-pile_math_text_document', 'weight': 2345197.0}, {'name': 'opendata_fr_text_document', 'weight': 2749409.0}, {'name': 'parlement_fr_text_document', 'weight': 282826.0}, {'name': 'starcoder-data_code_text_document', 'weight': 62922795.0}, {'name': 'theses_fr_text_document', 'weight': 3239718.0}, {'name': 'wikimedia-vikidia_ar_text_document', 'weight': 265451.0}, {'name': 'wikimedia-vikidia_ca_text_document_ratio0.20_phase0', 'weight': 58530.0}, {'name': 'wikimedia-vikidia_de_text_document', 'weight': 1098595.0}, {'name': 'wikimedia-vikidia_en_text_document', 'weight': 2882825.0}, {'name': 'wikimedia-vikidia_es_text_document', 'weight': 631843.0}, {'name': 'wikimedia-vikidia_fr_text_document', 'weight': 1276052.0}, {'name': 'wikimedia-vikidia_it_text_document', 'weight': 654077.0}, {'name': 'wikimedia-vikidia_pt_text_document', 'weight': 304392.0}, {'name': 'wikimedia-vikidia_regional_text_document', 'weight': 119234.0}, {'name': 'wikimedia_nl_text_document', 'weight': 345319.0}, {'name': 'youtube_fr_text_document', 'weight': 76194.0}]}
INFO:__main__:Using CLI tokenizer override: /work/p26037/barman/tokenizer_128k-arab-regional_v2
INFO:__main__:Global batch size: 1024
INFO:__main__:Sequence length: 4096
INFO:__main__:Tokens per batch: 4194304
INFO:__main__:Total tokens in datamix: 3002228277248
INFO:__main__:Global training/LR horizon (from --max_steps): 715788
INFO:__main__:Patched megatron.core.optimizer (accepted params: {'model_chunks', 'use_gloo_process_groups', 'scale_lr_cond', 'config', 'lr_mult', 'no_weight_decay_cond'})
INFO:utils:{'data_path': '/work/datasets/AI/tokens_luciole_phase1', 'total_tokens': 3002228277248, 'train': [{'name': 'claire_open_en_text_document', 'weight': 29003.0}, {'name': 'claire_open_fr_text_document', 'weight': 92129.0}, {'name': 'common-corpus_bnl-newspapers-1841-1879_fr_text_document', 'weight': 66237.0}, {'name': 'common-corpus_eurlex_multi_text_document', 'weight': 3601664.0}, {'name': 'common-corpus_gatt-library_multi_text_document', 'weight': 41322.0}, {'name': 'common-corpus_oecd_multi_text_document', 'weight': 121969.0}, {'name': 'common-corpus_tedeutenders_multi_text_document', 'weight': 31276.0}, {'name': 'common-corpus_wto_multi_text_document', 'weight': 577279.0}, {'name': 'common-pile_arxiv-abstracts_en_text_document', 'weight': 140138.0}, {'name': 'common-pile_arxiv-papers_en_text_document', 'weight': 1299034.0}, {'name': 'common-pile_biodiversity-heritage-library_en_text_document', 'weight': 107772.0}, {'name': 'common-pile_caselaw-access-project_en_text_document', 'weight': 929697.0}, {'name': 'common-pile_doab_en_text_document', 'weight': 712786.0}, {'name': 'common-pile_foodista_en_text_document', 'weight': 5603.0}, {'name': 'common-pile_github-archive_en_text_document', 'weight': 2244221.0}, {'name': 'common-pile_library-of-congress_en_text_document', 'weight': 101533.0}, {'name': 'common-pile_libretexts_en_text_document', 'weight': 21049.0}, {'name': 'common-pile_news_en_text_document', 'weight': 14354.0}, {'name': 'common-pile_oercommons_en_text_document', 'weight': 2748.0}, {'name': 'common-pile_peS2o_en_text_document', 'weight': 10166525.0}, {'name': 'common-pile_pre-1929-books_en_text_document', 'weight': 531517.0}, {'name': 'common-pile_pressbooks_en_text_document', 'weight': 31891.0}, {'name': 'common-pile_public-domain-review_en_text_document', 'weight': 382.0}, {'name': 'common-pile_pubmed_en_text_document', 'weight': 1869301.0}, {'name': 'common-pile_python-enhancement-proposals_en_text_document', 'weight': 652.0}, {'name': 'common-pile_regulations_en_text_document', 'weight': 266173.0}, {'name': 'common-pile_stackexchange_en_text_document', 'weight': 4985359.0}, {'name': 'common-pile_ubuntu-irc_en_text_document', 'weight': 482830.0}, {'name': 'common-pile_youtube_en_text_document', 'weight': 204765.0}, {'name': 'croissant-aligned_aligned_text_document', 'weight': 11618464.0}, {'name': 'culturax_fr_text_document_ratio1.30_phase0', 'weight': 57012131.0}, {'name': 'dclm-dolmino_en_text_document_ratio0.75_phase0', 'weight': 93003263.0}, {'name': 'europarl_aligned_text_document', 'weight': 215607.0}, {'name': 'europarl_multi_text_document', 'weight': 99752.0}, {'name': 'eurovoc_filtered_multi_text_document', 'weight': 2150091.0}, {'name': 'fineweb-edu_en_text_document_ratio0.75_phase0', 'weight': 214754282.0}, {'name': 'fineweb2_ar_text_document_ratio0.50_phase0', 'weight': 3350461.0}, {'name': 'fineweb2_ca_text_document_ratio0.05_phase0', 'weight': 92529.0}, {'name': 'fineweb2_de_text_document_ratio0.50_phase0', 'weight': 27173931.0}, {'name': 'fineweb2_es_text_document_ratio0.50_phase0', 'weight': 24393496.0}, {'name': 'fineweb2_fr_text_document_ratio1.30_phase0', 'weight': 50038822.0}, {'name': 'fineweb2_it_text_document_ratio0.50_phase0', 'weight': 13377940.0}, {'name': 'fineweb2_nl_text_document_ratio0.50_phase0', 'weight': 7435763.0}, {'name': 'fineweb2_pt_text_document_ratio0.50_phase0', 'weight': 9800040.0}, {'name': 'fineweb2_regional_text_document', 'weight': 2132152.0}, {'name': 'gallica_monographies_fr_text_document', 'weight': 5842786.0}, {'name': 'gallica_press_fr_text_document', 'weight': 22850320.0}, {'name': 'gutenberg_de_text_document', 'weight': 42330.0}, {'name': 'gutenberg_en_text_document', 'weight': 1187655.0}, {'name': 'gutenberg_es_text_document', 'weight': 21778.0}, {'name': 'gutenberg_fr_text_document', 'weight': 91991.0}, {'name': 'gutenberg_it_text_document', 'weight': 29909.0}, {'name': 'gutenberg_nl_text_document', 'weight': 24430.0}, {'name': 'gutenberg_pt_text_document', 'weight': 9241.0}, {'name': 'hal-cea_full-filtered_fr_text_document', 'weight': 7828031.0}, {'name': 'hplt2_fr_text_document_ratio1.30_phase0', 'weight': 70401931.0}, {'name': 'insee_fr_text_document', 'weight': 55377.0}, {'name': 'math-pile_math_text_document', 'weight': 2345197.0}, {'name': 'opendata_fr_text_document', 'weight': 2749409.0}, {'name': 'parlement_fr_text_document', 'weight': 282826.0}, {'name': 'starcoder-data_code_text_document', 'weight': 62922795.0}, {'name': 'theses_fr_text_document', 'weight': 3239718.0}, {'name': 'wikimedia-vikidia_ar_text_document', 'weight': 265451.0}, {'name': 'wikimedia-vikidia_ca_text_document_ratio0.20_phase0', 'weight': 58530.0}, {'name': 'wikimedia-vikidia_de_text_document', 'weight': 1098595.0}, {'name': 'wikimedia-vikidia_en_text_document', 'weight': 2882825.0}, {'name': 'wikimedia-vikidia_es_text_document', 'weight': 631843.0}, {'name': 'wikimedia-vikidia_fr_text_document', 'weight': 1276052.0}, {'name': 'wikimedia-vikidia_it_text_document', 'weight': 654077.0}, {'name': 'wikimedia-vikidia_pt_text_document', 'weight': 304392.0}, {'name': 'wikimedia-vikidia_regional_text_document', 'weight': 119234.0}, {'name': 'wikimedia_nl_text_document', 'weight': 345319.0}, {'name': 'youtube_fr_text_document', 'weight': 76194.0}]}
INFO:__main__:Using CLI tokenizer override: /work/p26037/barman/tokenizer_128k-arab-regional_v2
INFO:__main__:Global batch size: 1024
INFO:__main__:Sequence length: 4096
INFO:__main__:Tokens per batch: 4194304
INFO:__main__:Total tokens in datamix: 3002228277248
INFO:__main__:Global training/LR horizon (from --max_steps): 715788
INFO:__main__:Patched megatron.core.optimizer (accepted params: {'scale_lr_cond', 'config', 'use_gloo_process_groups', 'no_weight_decay_cond', 'model_chunks', 'lr_mult'})
INFO:__main__:SSA Triton: Using fused Triton SSA FlashAttention triton (n=1.50, b=0.80, compiled_bda=True)
INFO:__main__:SSA Triton: force_contiguous_qkv=True
INFO:__main__:SSA Triton: Using fused Triton SSA FlashAttention triton (n=1.50, b=0.80, compiled_bda=True)
INFO:__main__:SSA Triton: force_contiguous_qkv=True
INFO:__main__:SSA Triton: Using fused Triton SSA FlashAttention triton (n=1.50, b=0.80, compiled_bda=True)
INFO:__main__:SSA Triton: force_contiguous_qkv=True
INFO:__main__:SSA Triton: Using fused Triton SSA FlashAttention triton (n=1.50, b=0.80, compiled_bda=True)
INFO:__main__:SSA Triton: force_contiguous_qkv=True
INFO:__main__:Detected checkpoint at step 21499
INFO:__main__:Continuing to absolute trainer.max_steps = 715788 (remaining this run: 694289 steps)
INFO:utils:{'data_path': '/work/datasets/AI/tokens_luciole_phase1', 'total_tokens': 3002228277248, 'train': [{'name': 'claire_open_en_text_document', 'weight': 29003.0}, {'name': 'claire_open_fr_text_document', 'weight': 92129.0}, {'name': 'common-corpus_bnl-newspapers-1841-1879_fr_text_document', 'weight': 66237.0}, {'name': 'common-corpus_eurlex_multi_text_document', 'weight': 3601664.0}, {'name': 'common-corpus_gatt-library_multi_text_document', 'weight': 41322.0}, {'name': 'common-corpus_oecd_multi_text_document', 'weight': 121969.0}, {'name': 'common-corpus_tedeutenders_multi_text_document', 'weight': 31276.0}, {'name': 'common-corpus_wto_multi_text_document', 'weight': 577279.0}, {'name': 'common-pile_arxiv-abstracts_en_text_document', 'weight': 140138.0}, {'name': 'common-pile_arxiv-papers_en_text_document', 'weight': 1299034.0}, {'name': 'common-pile_biodiversity-heritage-library_en_text_document', 'weight': 107772.0}, {'name': 'common-pile_caselaw-access-project_en_text_document', 'weight': 929697.0}, {'name': 'common-pile_doab_en_text_document', 'weight': 712786.0}, {'name': 'common-pile_foodista_en_text_document', 'weight': 5603.0}, {'name': 'common-pile_github-archive_en_text_document', 'weight': 2244221.0}, {'name': 'common-pile_library-of-congress_en_text_document', 'weight': 101533.0}, {'name': 'common-pile_libretexts_en_text_document', 'weight': 21049.0}, {'name': 'common-pile_news_en_text_document', 'weight': 14354.0}, {'name': 'common-pile_oercommons_en_text_document', 'weight': 2748.0}, {'name': 'common-pile_peS2o_en_text_document', 'weight': 10166525.0}, {'name': 'common-pile_pre-1929-books_en_text_document', 'weight': 531517.0}, {'name': 'common-pile_pressbooks_en_text_document', 'weight': 31891.0}, {'name': 'common-pile_public-domain-review_en_text_document', 'weight': 382.0}, {'name': 'common-pile_pubmed_en_text_document', 'weight': 1869301.0}, {'name': 'common-pile_python-enhancement-proposals_en_text_document', 'weight': 652.0}, {'name': 'common-pile_regulations_en_text_document', 'weight': 266173.0}, {'name': 'common-pile_stackexchange_en_text_document', 'weight': 4985359.0}, {'name': 'common-pile_ubuntu-irc_en_text_document', 'weight': 482830.0}, {'name': 'common-pile_youtube_en_text_document', 'weight': 204765.0}, {'name': 'croissant-aligned_aligned_text_document', 'weight': 11618464.0}, {'name': 'culturax_fr_text_document_ratio1.30_phase0', 'weight': 57012131.0}, {'name': 'dclm-dolmino_en_text_document_ratio0.75_phase0', 'weight': 93003263.0}, {'name': 'europarl_aligned_text_document', 'weight': 215607.0}, {'name': 'europarl_multi_text_document', 'weight': 99752.0}, {'name': 'eurovoc_filtered_multi_text_document', 'weight': 2150091.0}, {'name': 'fineweb-edu_en_text_document_ratio0.75_phase0', 'weight': 214754282.0}, {'name': 'fineweb2_ar_text_document_ratio0.50_phase0', 'weight': 3350461.0}, {'name': 'fineweb2_ca_text_document_ratio0.05_phase0', 'weight': 92529.0}, {'name': 'fineweb2_de_text_document_ratio0.50_phase0', 'weight': 27173931.0}, {'name': 'fineweb2_es_text_document_ratio0.50_phase0', 'weight': 24393496.0}, {'name': 'fineweb2_fr_text_document_ratio1.30_phase0', 'weight': 50038822.0}, {'name': 'fineweb2_it_text_document_ratio0.50_phase0', 'weight': 13377940.0}, {'name': 'fineweb2_nl_text_document_ratio0.50_phase0', 'weight': 7435763.0}, {'name': 'fineweb2_pt_text_document_ratio0.50_phase0', 'weight': 9800040.0}, {'name': 'fineweb2_regional_text_document', 'weight': 2132152.0}, {'name': 'gallica_monographies_fr_text_document', 'weight': 5842786.0}, {'name': 'gallica_press_fr_text_document', 'weight': 22850320.0}, {'name': 'gutenberg_de_text_document', 'weight': 42330.0}, {'name': 'gutenberg_en_text_document', 'weight': 1187655.0}, {'name': 'gutenberg_es_text_document', 'weight': 21778.0}, {'name': 'gutenberg_fr_text_document', 'weight': 91991.0}, {'name': 'gutenberg_it_text_document', 'weight': 29909.0}, {'name': 'gutenberg_nl_text_document', 'weight': 24430.0}, {'name': 'gutenberg_pt_text_document', 'weight': 9241.0}, {'name': 'hal-cea_full-filtered_fr_text_document', 'weight': 7828031.0}, {'name': 'hplt2_fr_text_document_ratio1.30_phase0', 'weight': 70401931.0}, {'name': 'insee_fr_text_document', 'weight': 55377.0}, {'name': 'math-pile_math_text_document', 'weight': 2345197.0}, {'name': 'opendata_fr_text_document', 'weight': 2749409.0}, {'name': 'parlement_fr_text_document', 'weight': 282826.0}, {'name': 'starcoder-data_code_text_document', 'weight': 62922795.0}, {'name': 'theses_fr_text_document', 'weight': 3239718.0}, {'name': 'wikimedia-vikidia_ar_text_document', 'weight': 265451.0}, {'name': 'wikimedia-vikidia_ca_text_document_ratio0.20_phase0', 'weight': 58530.0}, {'name': 'wikimedia-vikidia_de_text_document', 'weight': 1098595.0}, {'name': 'wikimedia-vikidia_en_text_document', 'weight': 2882825.0}, {'name': 'wikimedia-vikidia_es_text_document', 'weight': 631843.0}, {'name': 'wikimedia-vikidia_fr_text_document', 'weight': 1276052.0}, {'name': 'wikimedia-vikidia_it_text_document', 'weight': 654077.0}, {'name': 'wikimedia-vikidia_pt_text_document', 'weight': 304392.0}, {'name': 'wikimedia-vikidia_regional_text_document', 'weight': 119234.0}, {'name': 'wikimedia_nl_text_document', 'weight': 345319.0}, {'name': 'youtube_fr_text_document', 'weight': 76194.0}]}
INFO:__main__:Using CLI tokenizer override: /work/p26037/barman/tokenizer_128k-arab-regional_v2
INFO:__main__:Global batch size: 1024
INFO:__main__:Sequence length: 4096
INFO:__main__:Tokens per batch: 4194304
INFO:__main__:Total tokens in datamix: 3002228277248
INFO:__main__:Global training/LR horizon (from --max_steps): 715788
INFO:__main__:Patched megatron.core.optimizer (accepted params: {'use_gloo_process_groups', 'config', 'lr_mult', 'scale_lr_cond', 'no_weight_decay_cond', 'model_chunks'})
[NeMo I 2026-03-29 14:41:59 nemo_logging:393] Getting HuggingFace AutoTokenizer with pretrained_model_name: /work/p26037/barman/tokenizer_128k-arab-regional_v2, vocab_file: None, merges_files: None, special_tokens_dict: {}, and use_fast: True
INFO:utils:{'data_path': '/work/datasets/AI/tokens_luciole_phase1', 'total_tokens': 3002228277248, 'train': [{'name': 'claire_open_en_text_document', 'weight': 29003.0}, {'name': 'claire_open_fr_text_document', 'weight': 92129.0}, {'name': 'common-corpus_bnl-newspapers-1841-1879_fr_text_document', 'weight': 66237.0}, {'name': 'common-corpus_eurlex_multi_text_document', 'weight': 3601664.0}, {'name': 'common-corpus_gatt-library_multi_text_document', 'weight': 41322.0}, {'name': 'common-corpus_oecd_multi_text_document', 'weight': 121969.0}, {'name': 'common-corpus_tedeutenders_multi_text_document', 'weight': 31276.0}, {'name': 'common-corpus_wto_multi_text_document', 'weight': 577279.0}, {'name': 'common-pile_arxiv-abstracts_en_text_document', 'weight': 140138.0}, {'name': 'common-pile_arxiv-papers_en_text_document', 'weight': 1299034.0}, {'name': 'common-pile_biodiversity-heritage-library_en_text_document', 'weight': 107772.0}, {'name': 'common-pile_caselaw-access-project_en_text_document', 'weight': 929697.0}, {'name': 'common-pile_doab_en_text_document', 'weight': 712786.0}, {'name': 'common-pile_foodista_en_text_document', 'weight': 5603.0}, {'name': 'common-pile_github-archive_en_text_document', 'weight': 2244221.0}, {'name': 'common-pile_library-of-congress_en_text_document', 'weight': 101533.0}, {'name': 'common-pile_libretexts_en_text_document', 'weight': 21049.0}, {'name': 'common-pile_news_en_text_document', 'weight': 14354.0}, {'name': 'common-pile_oercommons_en_text_document', 'weight': 2748.0}, {'name': 'common-pile_peS2o_en_text_document', 'weight': 10166525.0}, {'name': 'common-pile_pre-1929-books_en_text_document', 'weight': 531517.0}, {'name': 'common-pile_pressbooks_en_text_document', 'weight': 31891.0}, {'name': 'common-pile_public-domain-review_en_text_document', 'weight': 382.0}, {'name': 'common-pile_pubmed_en_text_document', 'weight': 1869301.0}, {'name': 'common-pile_python-enhancement-proposals_en_text_document', 'weight': 652.0}, {'name': 'common-pile_regulations_en_text_document', 'weight': 266173.0}, {'name': 'common-pile_stackexchange_en_text_document', 'weight': 4985359.0}, {'name': 'common-pile_ubuntu-irc_en_text_document', 'weight': 482830.0}, {'name': 'common-pile_youtube_en_text_document', 'weight': 204765.0}, {'name': 'croissant-aligned_aligned_text_document', 'weight': 11618464.0}, {'name': 'culturax_fr_text_document_ratio1.30_phase0', 'weight': 57012131.0}, {'name': 'dclm-dolmino_en_text_document_ratio0.75_phase0', 'weight': 93003263.0}, {'name': 'europarl_aligned_text_document', 'weight': 215607.0}, {'name': 'europarl_multi_text_document', 'weight': 99752.0}, {'name': 'eurovoc_filtered_multi_text_document', 'weight': 2150091.0}, {'name': 'fineweb-edu_en_text_document_ratio0.75_phase0', 'weight': 214754282.0}, {'name': 'fineweb2_ar_text_document_ratio0.50_phase0', 'weight': 3350461.0}, {'name': 'fineweb2_ca_text_document_ratio0.05_phase0', 'weight': 92529.0}, {'name': 'fineweb2_de_text_document_ratio0.50_phase0', 'weight': 27173931.0}, {'name': 'fineweb2_es_text_document_ratio0.50_phase0', 'weight': 24393496.0}, {'name': 'fineweb2_fr_text_document_ratio1.30_phase0', 'weight': 50038822.0}, {'name': 'fineweb2_it_text_document_ratio0.50_phase0', 'weight': 13377940.0}, {'name': 'fineweb2_nl_text_document_ratio0.50_phase0', 'weight': 7435763.0}, {'name': 'fineweb2_pt_text_document_ratio0.50_phase0', 'weight': 9800040.0}, {'name': 'fineweb2_regional_text_document', 'weight': 2132152.0}, {'name': 'gallica_monographies_fr_text_document', 'weight': 5842786.0}, {'name': 'gallica_press_fr_text_document', 'weight': 22850320.0}, {'name': 'gutenberg_de_text_document', 'weight': 42330.0}, {'name': 'gutenberg_en_text_document', 'weight': 1187655.0}, {'name': 'gutenberg_es_text_document', 'weight': 21778.0}, {'name': 'gutenberg_fr_text_document', 'weight': 91991.0}, {'name': 'gutenberg_it_text_document', 'weight': 29909.0}, {'name': 'gutenberg_nl_text_document', 'weight': 24430.0}, {'name': 'gutenberg_pt_text_document', 'weight': 9241.0}, {'name': 'hal-cea_full-filtered_fr_text_document', 'weight': 7828031.0}, {'name': 'hplt2_fr_text_document_ratio1.30_phase0', 'weight': 70401931.0}, {'name': 'insee_fr_text_document', 'weight': 55377.0}, {'name': 'math-pile_math_text_document', 'weight': 2345197.0}, {'name': 'opendata_fr_text_document', 'weight': 2749409.0}, {'name': 'parlement_fr_text_document', 'weight': 282826.0}, {'name': 'starcoder-data_code_text_document', 'weight': 62922795.0}, {'name': 'theses_fr_text_document', 'weight': 3239718.0}, {'name': 'wikimedia-vikidia_ar_text_document', 'weight': 265451.0}, {'name': 'wikimedia-vikidia_ca_text_document_ratio0.20_phase0', 'weight': 58530.0}, {'name': 'wikimedia-vikidia_de_text_document', 'weight': 1098595.0}, {'name': 'wikimedia-vikidia_en_text_document', 'weight': 2882825.0}, {'name': 'wikimedia-vikidia_es_text_document', 'weight': 631843.0}, {'name': 'wikimedia-vikidia_fr_text_document', 'weight': 1276052.0}, {'name': 'wikimedia-vikidia_it_text_document', 'weight': 654077.0}, {'name': 'wikimedia-vikidia_pt_text_document', 'weight': 304392.0}, {'name': 'wikimedia-vikidia_regional_text_document', 'weight': 119234.0}, {'name': 'wikimedia_nl_text_document', 'weight': 345319.0}, {'name': 'youtube_fr_text_document', 'weight': 76194.0}]}
INFO:__main__:Using CLI tokenizer override: /work/p26037/barman/tokenizer_128k-arab-regional_v2
INFO:__main__:Global batch size: 1024
INFO:__main__:Sequence length: 4096
INFO:__main__:Tokens per batch: 4194304
INFO:__main__:Total tokens in datamix: 3002228277248
INFO:__main__:Global training/LR horizon (from --max_steps): 715788
INFO:__main__:Patched megatron.core.optimizer (accepted params: {'no_weight_decay_cond', 'model_chunks', 'scale_lr_cond', 'lr_mult', 'use_gloo_process_groups', 'config'})
INFO:utils:{'data_path': '/work/datasets/AI/tokens_luciole_phase1', 'total_tokens': 3002228277248, 'train': [{'name': 'claire_open_en_text_document', 'weight': 29003.0}, {'name': 'claire_open_fr_text_document', 'weight': 92129.0}, {'name': 'common-corpus_bnl-newspapers-1841-1879_fr_text_document', 'weight': 66237.0}, {'name': 'common-corpus_eurlex_multi_text_document', 'weight': 3601664.0}, {'name': 'common-corpus_gatt-library_multi_text_document', 'weight': 41322.0}, {'name': 'common-corpus_oecd_multi_text_document', 'weight': 121969.0}, {'name': 'common-corpus_tedeutenders_multi_text_document', 'weight': 31276.0}, {'name': 'common-corpus_wto_multi_text_document', 'weight': 577279.0}, {'name': 'common-pile_arxiv-abstracts_en_text_document', 'weight': 140138.0}, {'name': 'common-pile_arxiv-papers_en_text_document', 'weight': 1299034.0}, {'name': 'common-pile_biodiversity-heritage-library_en_text_document', 'weight': 107772.0}, {'name': 'common-pile_caselaw-access-project_en_text_document', 'weight': 929697.0}, {'name': 'common-pile_doab_en_text_document', 'weight': 712786.0}, {'name': 'common-pile_foodista_en_text_document', 'weight': 5603.0}, {'name': 'common-pile_github-archive_en_text_document', 'weight': 2244221.0}, {'name': 'common-pile_library-of-congress_en_text_document', 'weight': 101533.0}, {'name': 'common-pile_libretexts_en_text_document', 'weight': 21049.0}, {'name': 'common-pile_news_en_text_document', 'weight': 14354.0}, {'name': 'common-pile_oercommons_en_text_document', 'weight': 2748.0}, {'name': 'common-pile_peS2o_en_text_document', 'weight': 10166525.0}, {'name': 'common-pile_pre-1929-books_en_text_document', 'weight': 531517.0}, {'name': 'common-pile_pressbooks_en_text_document', 'weight': 31891.0}, {'name': 'common-pile_public-domain-review_en_text_document', 'weight': 382.0}, {'name': 'common-pile_pubmed_en_text_document', 'weight': 1869301.0}, {'name': 'common-pile_python-enhancement-proposals_en_text_document', 'weight': 652.0}, {'name': 'common-pile_regulations_en_text_document', 'weight': 266173.0}, {'name': 'common-pile_stackexchange_en_text_document', 'weight': 4985359.0}, {'name': 'common-pile_ubuntu-irc_en_text_document', 'weight': 482830.0}, {'name': 'common-pile_youtube_en_text_document', 'weight': 204765.0}, {'name': 'croissant-aligned_aligned_text_document', 'weight': 11618464.0}, {'name': 'culturax_fr_text_document_ratio1.30_phase0', 'weight': 57012131.0}, {'name': 'dclm-dolmino_en_text_document_ratio0.75_phase0', 'weight': 93003263.0}, {'name': 'europarl_aligned_text_document', 'weight': 215607.0}, {'name': 'europarl_multi_text_document', 'weight': 99752.0}, {'name': 'eurovoc_filtered_multi_text_document', 'weight': 2150091.0}, {'name': 'fineweb-edu_en_text_document_ratio0.75_phase0', 'weight': 214754282.0}, {'name': 'fineweb2_ar_text_document_ratio0.50_phase0', 'weight': 3350461.0}, {'name': 'fineweb2_ca_text_document_ratio0.05_phase0', 'weight': 92529.0}, {'name': 'fineweb2_de_text_document_ratio0.50_phase0', 'weight': 27173931.0}, {'name': 'fineweb2_es_text_document_ratio0.50_phase0', 'weight': 24393496.0}, {'name': 'fineweb2_fr_text_document_ratio1.30_phase0', 'weight': 50038822.0}, {'name': 'fineweb2_it_text_document_ratio0.50_phase0', 'weight': 13377940.0}, {'name': 'fineweb2_nl_text_document_ratio0.50_phase0', 'weight': 7435763.0}, {'name': 'fineweb2_pt_text_document_ratio0.50_phase0', 'weight': 9800040.0}, {'name': 'fineweb2_regional_text_document', 'weight': 2132152.0}, {'name': 'gallica_monographies_fr_text_document', 'weight': 5842786.0}, {'name': 'gallica_press_fr_text_document', 'weight': 22850320.0}, {'name': 'gutenberg_de_text_document', 'weight': 42330.0}, {'name': 'gutenberg_en_text_document', 'weight': 1187655.0}, {'name': 'gutenberg_es_text_document', 'weight': 21778.0}, {'name': 'gutenberg_fr_text_document', 'weight': 91991.0}, {'name': 'gutenberg_it_text_document', 'weight': 29909.0}, {'name': 'gutenberg_nl_text_document', 'weight': 24430.0}, {'name': 'gutenberg_pt_text_document', 'weight': 9241.0}, {'name': 'hal-cea_full-filtered_fr_text_document', 'weight': 7828031.0}, {'name': 'hplt2_fr_text_document_ratio1.30_phase0', 'weight': 70401931.0}, {'name': 'insee_fr_text_document', 'weight': 55377.0}, {'name': 'math-pile_math_text_document', 'weight': 2345197.0}, {'name': 'opendata_fr_text_document', 'weight': 2749409.0}, {'name': 'parlement_fr_text_document', 'weight': 282826.0}, {'name': 'starcoder-data_code_text_document', 'weight': 62922795.0}, {'name': 'theses_fr_text_document', 'weight': 3239718.0}, {'name': 'wikimedia-vikidia_ar_text_document', 'weight': 265451.0}, {'name': 'wikimedia-vikidia_ca_text_document_ratio0.20_phase0', 'weight': 58530.0}, {'name': 'wikimedia-vikidia_de_text_document', 'weight': 1098595.0}, {'name': 'wikimedia-vikidia_en_text_document', 'weight': 2882825.0}, {'name': 'wikimedia-vikidia_es_text_document', 'weight': 631843.0}, {'name': 'wikimedia-vikidia_fr_text_document', 'weight': 1276052.0}, {'name': 'wikimedia-vikidia_it_text_document', 'weight': 654077.0}, {'name': 'wikimedia-vikidia_pt_text_document', 'weight': 304392.0}, {'name': 'wikimedia-vikidia_regional_text_document', 'weight': 119234.0}, {'name': 'wikimedia_nl_text_document', 'weight': 345319.0}, {'name': 'youtube_fr_text_document', 'weight': 76194.0}]}
INFO:__main__:Using CLI tokenizer override: /work/p26037/barman/tokenizer_128k-arab-regional_v2
INFO:utils:{'data_path': '/work/datasets/AI/tokens_luciole_phase1', 'total_tokens': 3002228277248, 'train': [{'name': 'claire_open_en_text_document', 'weight': 29003.0}, {'name': 'claire_open_fr_text_document', 'weight': 92129.0}, {'name': 'common-corpus_bnl-newspapers-1841-1879_fr_text_document', 'weight': 66237.0}, {'name': 'common-corpus_eurlex_multi_text_document', 'weight': 3601664.0}, {'name': 'common-corpus_gatt-library_multi_text_document', 'weight': 41322.0}, {'name': 'common-corpus_oecd_multi_text_document', 'weight': 121969.0}, {'name': 'common-corpus_tedeutenders_multi_text_document', 'weight': 31276.0}, {'name': 'common-corpus_wto_multi_text_document', 'weight': 577279.0}, {'name': 'common-pile_arxiv-abstracts_en_text_document', 'weight': 140138.0}, {'name': 'common-pile_arxiv-papers_en_text_document', 'weight': 1299034.0}, {'name': 'common-pile_biodiversity-heritage-library_en_text_document', 'weight': 107772.0}, {'name': 'common-pile_caselaw-access-project_en_text_document', 'weight': 929697.0}, {'name': 'common-pile_doab_en_text_document', 'weight': 712786.0}, {'name': 'common-pile_foodista_en_text_document', 'weight': 5603.0}, {'name': 'common-pile_github-archive_en_text_document', 'weight': 2244221.0}, {'name': 'common-pile_library-of-congress_en_text_document', 'weight': 101533.0}, {'name': 'common-pile_libretexts_en_text_document', 'weight': 21049.0}, {'name': 'common-pile_news_en_text_document', 'weight': 14354.0}, {'name': 'common-pile_oercommons_en_text_document', 'weight': 2748.0}, {'name': 'common-pile_peS2o_en_text_document', 'weight': 10166525.0}, {'name': 'common-pile_pre-1929-books_en_text_document', 'weight': 531517.0}, {'name': 'common-pile_pressbooks_en_text_document', 'weight': 31891.0}, {'name': 'common-pile_public-domain-review_en_text_document', 'weight': 382.0}, {'name': 'common-pile_pubmed_en_text_document', 'weight': 1869301.0}, {'name': 'common-pile_python-enhancement-proposals_en_text_document', 'weight': 652.0}, {'name': 'common-pile_regulations_en_text_document', 'weight': 266173.0}, {'name': 'common-pile_stackexchange_en_text_document', 'weight': 4985359.0}, {'name': 'common-pile_ubuntu-irc_en_text_document', 'weight': 482830.0}, {'name': 'common-pile_youtube_en_text_document', 'weight': 204765.0}, {'name': 'croissant-aligned_aligned_text_document', 'weight': 11618464.0}, {'name': 'culturax_fr_text_document_ratio1.30_phase0', 'weight': 57012131.0}, {'name': 'dclm-dolmino_en_text_document_ratio0.75_phase0', 'weight': 93003263.0}, {'name': 'europarl_aligned_text_document', 'weight': 215607.0}, {'name': 'europarl_multi_text_document', 'weight': 99752.0}, {'name': 'eurovoc_filtered_multi_text_document', 'weight': 2150091.0}, {'name': 'fineweb-edu_en_text_document_ratio0.75_phase0', 'weight': 214754282.0}, {'name': 'fineweb2_ar_text_document_ratio0.50_phase0', 'weight': 3350461.0}, {'name': 'fineweb2_ca_text_document_ratio0.05_phase0', 'weight': 92529.0}, {'name': 'fineweb2_de_text_document_ratio0.50_phase0', 'weight': 27173931.0}, {'name': 'fineweb2_es_text_document_ratio0.50_phase0', 'weight': 24393496.0}, {'name': 'fineweb2_fr_text_document_ratio1.30_phase0', 'weight': 50038822.0}, {'name': 'fineweb2_it_text_document_ratio0.50_phase0', 'weight': 13377940.0}, {'name': 'fineweb2_nl_text_document_ratio0.50_phase0', 'weight': 7435763.0}, {'name': 'fineweb2_pt_text_document_ratio0.50_phase0', 'weight': 9800040.0}, {'name': 'fineweb2_regional_text_document', 'weight': 2132152.0}, {'name': 'gallica_monographies_fr_text_document', 'weight': 5842786.0}, {'name': 'gallica_press_fr_text_document', 'weight': 22850320.0}, {'name': 'gutenberg_de_text_document', 'weight': 42330.0}, {'name': 'gutenberg_en_text_document', 'weight': 1187655.0}, {'name': 'gutenberg_es_text_document', 'weight': 21778.0}, {'name': 'gutenberg_fr_text_document', 'weight': 91991.0}, {'name': 'gutenberg_it_text_document', 'weight': 29909.0}, {'name': 'gutenberg_nl_text_document', 'weight': 24430.0}, {'name': 'gutenberg_pt_text_document', 'weight': 9241.0}, {'name': 'hal-cea_full-filtered_fr_text_document', 'weight': 7828031.0}, {'name': 'hplt2_fr_text_document_ratio1.30_phase0', 'weight': 70401931.0}, {'name': 'insee_fr_text_document', 'weight': 55377.0}, {'name': 'math-pile_math_text_document', 'weight': 2345197.0}, {'name': 'opendata_fr_text_document', 'weight': 2749409.0}, {'name': 'parlement_fr_text_document', 'weight': 282826.0}, {'name': 'starcoder-data_code_text_document', 'weight': 62922795.0}, {'name': 'theses_fr_text_document', 'weight': 3239718.0}, {'name': 'wikimedia-vikidia_ar_text_document', 'weight': 265451.0}, {'name': 'wikimedia-vikidia_ca_text_document_ratio0.20_phase0', 'weight': 58530.0}, {'name': 'wikimedia-vikidia_de_text_document', 'weight': 1098595.0}, {'name': 'wikimedia-vikidia_en_text_document', 'weight': 2882825.0}, {'name': 'wikimedia-vikidia_es_text_document', 'weight': 631843.0}, {'name': 'wikimedia-vikidia_fr_text_document', 'weight': 1276052.0}, {'name': 'wikimedia-vikidia_it_text_document', 'weight': 654077.0}, {'name': 'wikimedia-vikidia_pt_text_document', 'weight': 304392.0}, {'name': 'wikimedia-vikidia_regional_text_document', 'weight': 119234.0}, {'name': 'wikimedia_nl_text_document', 'weight': 345319.0}, {'name': 'youtube_fr_text_document', 'weight': 76194.0}]}
INFO:__main__:Using CLI tokenizer override: /work/p26037/barman/tokenizer_128k-arab-regional_v2
INFO:__main__:Global batch size: 1024
INFO:__main__:Sequence length: 4096
INFO:__main__:Tokens per batch: 4194304
INFO:__main__:Total tokens in datamix: 3002228277248
INFO:__main__:Global training/LR horizon (from --max_steps): 715788
INFO:__main__:Patched megatron.core.optimizer (accepted params: {'config', 'scale_lr_cond', 'lr_mult', 'use_gloo_process_groups', 'no_weight_decay_cond', 'model_chunks'})
INFO:__main__:Global batch size: 1024
INFO:__main__:Sequence length: 4096
INFO:__main__:Tokens per batch: 4194304
INFO:__main__:Total tokens in datamix: 3002228277248
INFO:__main__:Global training/LR horizon (from --max_steps): 715788
INFO:__main__:Patched megatron.core.optimizer (accepted params: {'model_chunks', 'no_weight_decay_cond', 'use_gloo_process_groups', 'lr_mult', 'config', 'scale_lr_cond'})
INFO:__main__:Detected checkpoint at step 21499
INFO:__main__:Continuing to absolute trainer.max_steps = 715788 (remaining this run: 694289 steps)
INFO:__main__:Detected checkpoint at step 21499
INFO:__main__:Continuing to absolute trainer.max_steps = 715788 (remaining this run: 694289 steps)
INFO:__main__:Detected checkpoint at step 21499
INFO:__main__:Continuing to absolute trainer.max_steps = 715788 (remaining this run: 694289 steps)
INFO:__main__:Detected vocab_size from tokenizer: 128000
INFO:__main__:Detected vocab_size from tokenizer: 128000
INFO:__main__:Detected vocab_size from tokenizer: 128000
INFO:__main__:Detected vocab_size from tokenizer: 128000
INFO:__main__:LR scheduler max_steps = 715788, warmup_steps = 2000, min_lr = 2.9999999999999997e-05
INFO:__main__:Skipping Triton warmup (--skip_triton_warmup).
INFO:utils:{'data_path': '/work/datasets/AI/tokens_luciole_phase1', 'total_tokens': 3002228277248, 'train': [{'name': 'claire_open_en_text_document', 'weight': 29003.0}, {'name': 'claire_open_fr_text_document', 'weight': 92129.0}, {'name': 'common-corpus_bnl-newspapers-1841-1879_fr_text_document', 'weight': 66237.0}, {'name': 'common-corpus_eurlex_multi_text_document', 'weight': 3601664.0}, {'name': 'common-corpus_gatt-library_multi_text_document', 'weight': 41322.0}, {'name': 'common-corpus_oecd_multi_text_document', 'weight': 121969.0}, {'name': 'common-corpus_tedeutenders_multi_text_document', 'weight': 31276.0}, {'name': 'common-corpus_wto_multi_text_document', 'weight': 577279.0}, {'name': 'common-pile_arxiv-abstracts_en_text_document', 'weight': 140138.0}, {'name': 'common-pile_arxiv-papers_en_text_document', 'weight': 1299034.0}, {'name': 'common-pile_biodiversity-heritage-library_en_text_document', 'weight': 107772.0}, {'name': 'common-pile_caselaw-access-project_en_text_document', 'weight': 929697.0}, {'name': 'common-pile_doab_en_text_document', 'weight': 712786.0}, {'name': 'common-pile_foodista_en_text_document', 'weight': 5603.0}, {'name': 'common-pile_github-archive_en_text_document', 'weight': 2244221.0}, {'name': 'common-pile_library-of-congress_en_text_document', 'weight': 101533.0}, {'name': 'common-pile_libretexts_en_text_document', 'weight': 21049.0}, {'name': 'common-pile_news_en_text_document', 'weight': 14354.0}, {'name': 'common-pile_oercommons_en_text_document', 'weight': 2748.0}, {'name': 'common-pile_peS2o_en_text_document', 'weight': 10166525.0}, {'name': 'common-pile_pre-1929-books_en_text_document', 'weight': 531517.0}, {'name': 'common-pile_pressbooks_en_text_document', 'weight': 31891.0}, {'name': 'common-pile_public-domain-review_en_text_document', 'weight': 382.0}, {'name': 'common-pile_pubmed_en_text_document', 'weight': 1869301.0}, {'name': 'common-pile_python-enhancement-proposals_en_text_document', 'weight': 652.0}, {'name': 'common-pile_regulations_en_text_document', 'weight': 266173.0}, {'name': 'common-pile_stackexchange_en_text_document', 'weight': 4985359.0}, {'name': 'common-pile_ubuntu-irc_en_text_document', 'weight': 482830.0}, {'name': 'common-pile_youtube_en_text_document', 'weight': 204765.0}, {'name': 'croissant-aligned_aligned_text_document', 'weight': 11618464.0}, {'name': 'culturax_fr_text_document_ratio1.30_phase0', 'weight': 57012131.0}, {'name': 'dclm-dolmino_en_text_document_ratio0.75_phase0', 'weight': 93003263.0}, {'name': 'europarl_aligned_text_document', 'weight': 215607.0}, {'name': 'europarl_multi_text_document', 'weight': 99752.0}, {'name': 'eurovoc_filtered_multi_text_document', 'weight': 2150091.0}, {'name': 'fineweb-edu_en_text_document_ratio0.75_phase0', 'weight': 214754282.0}, {'name': 'fineweb2_ar_text_document_ratio0.50_phase0', 'weight': 3350461.0}, {'name': 'fineweb2_ca_text_document_ratio0.05_phase0', 'weight': 92529.0}, {'name': 'fineweb2_de_text_document_ratio0.50_phase0', 'weight': 27173931.0}, {'name': 'fineweb2_es_text_document_ratio0.50_phase0', 'weight': 24393496.0}, {'name': 'fineweb2_fr_text_document_ratio1.30_phase0', 'weight': 50038822.0}, {'name': 'fineweb2_it_text_document_ratio0.50_phase0', 'weight': 13377940.0}, {'name': 'fineweb2_nl_text_document_ratio0.50_phase0', 'weight': 7435763.0}, {'name': 'fineweb2_pt_text_document_ratio0.50_phase0', 'weight': 9800040.0}, {'name': 'fineweb2_regional_text_document', 'weight': 2132152.0}, {'name': 'gallica_monographies_fr_text_document', 'weight': 5842786.0}, {'name': 'gallica_press_fr_text_document', 'weight': 22850320.0}, {'name': 'gutenberg_de_text_document', 'weight': 42330.0}, {'name': 'gutenberg_en_text_document', 'weight': 1187655.0}, {'name': 'gutenberg_es_text_document', 'weight': 21778.0}, {'name': 'gutenberg_fr_text_document', 'weight': 91991.0}, {'name': 'gutenberg_it_text_document', 'weight': 29909.0}, {'name': 'gutenberg_nl_text_document', 'weight': 24430.0}, {'name': 'gutenberg_pt_text_document', 'weight': 9241.0}, {'name': 'hal-cea_full-filtered_fr_text_document', 'weight': 7828031.0}, {'name': 'hplt2_fr_text_document_ratio1.30_phase0', 'weight': 70401931.0}, {'name': 'insee_fr_text_document', 'weight': 55377.0}, {'name': 'math-pile_math_text_document', 'weight': 2345197.0}, {'name': 'opendata_fr_text_document', 'weight': 2749409.0}, {'name': 'parlement_fr_text_document', 'weight': 282826.0}, {'name': 'starcoder-data_code_text_document', 'weight': 62922795.0}, {'name': 'theses_fr_text_document', 'weight': 3239718.0}, {'name': 'wikimedia-vikidia_ar_text_document', 'weight': 265451.0}, {'name': 'wikimedia-vikidia_ca_text_document_ratio0.20_phase0', 'weight': 58530.0}, {'name': 'wikimedia-vikidia_de_text_document', 'weight': 1098595.0}, {'name': 'wikimedia-vikidia_en_text_document', 'weight': 2882825.0}, {'name': 'wikimedia-vikidia_es_text_document', 'weight': 631843.0}, {'name': 'wikimedia-vikidia_fr_text_document', 'weight': 1276052.0}, {'name': 'wikimedia-vikidia_it_text_document', 'weight': 654077.0}, {'name': 'wikimedia-vikidia_pt_text_document', 'weight': 304392.0}, {'name': 'wikimedia-vikidia_regional_text_document', 'weight': 119234.0}, {'name': 'wikimedia_nl_text_document', 'weight': 345319.0}, {'name': 'youtube_fr_text_document', 'weight': 76194.0}]}
INFO:__main__:Using CLI tokenizer override: /work/p26037/barman/tokenizer_128k-arab-regional_v2
INFO:__main__:Global batch size: 1024
INFO:__main__:Sequence length: 4096
INFO:__main__:Tokens per batch: 4194304
INFO:__main__:Total tokens in datamix: 3002228277248
INFO:__main__:Global training/LR horizon (from --max_steps): 715788
INFO:__main__:Patched megatron.core.optimizer (accepted params: {'no_weight_decay_cond', 'use_gloo_process_groups', 'config', 'model_chunks', 'lr_mult', 'scale_lr_cond'})
INFO:utils:{'data_path': '/work/datasets/AI/tokens_luciole_phase1', 'total_tokens': 3002228277248, 'train': [{'name': 'claire_open_en_text_document', 'weight': 29003.0}, {'name': 'claire_open_fr_text_document', 'weight': 92129.0}, {'name': 'common-corpus_bnl-newspapers-1841-1879_fr_text_document', 'weight': 66237.0}, {'name': 'common-corpus_eurlex_multi_text_document', 'weight': 3601664.0}, {'name': 'common-corpus_gatt-library_multi_text_document', 'weight': 41322.0}, {'name': 'common-corpus_oecd_multi_text_document', 'weight': 121969.0}, {'name': 'common-corpus_tedeutenders_multi_text_document', 'weight': 31276.0}, {'name': 'common-corpus_wto_multi_text_document', 'weight': 577279.0}, {'name': 'common-pile_arxiv-abstracts_en_text_document', 'weight': 140138.0}, {'name': 'common-pile_arxiv-papers_en_text_document', 'weight': 1299034.0}, {'name': 'common-pile_biodiversity-heritage-library_en_text_document', 'weight': 107772.0}, {'name': 'common-pile_caselaw-access-project_en_text_document', 'weight': 929697.0}, {'name': 'common-pile_doab_en_text_document', 'weight': 712786.0}, {'name': 'common-pile_foodista_en_text_document', 'weight': 5603.0}, {'name': 'common-pile_github-archive_en_text_document', 'weight': 2244221.0}, {'name': 'common-pile_library-of-congress_en_text_document', 'weight': 101533.0}, {'name': 'common-pile_libretexts_en_text_document', 'weight': 21049.0}, {'name': 'common-pile_news_en_text_document', 'weight': 14354.0}, {'name': 'common-pile_oercommons_en_text_document', 'weight': 2748.0}, {'name': 'common-pile_peS2o_en_text_document', 'weight': 10166525.0}, {'name': 'common-pile_pre-1929-books_en_text_document', 'weight': 531517.0}, {'name': 'common-pile_pressbooks_en_text_document', 'weight': 31891.0}, {'name': 'common-pile_public-domain-review_en_text_document', 'weight': 382.0}, {'name': 'common-pile_pubmed_en_text_document', 'weight': 1869301.0}, {'name': 'common-pile_python-enhancement-proposals_en_text_document', 'weight': 652.0}, {'name': 'common-pile_regulations_en_text_document', 'weight': 266173.0}, {'name': 'common-pile_stackexchange_en_text_document', 'weight': 4985359.0}, {'name': 'common-pile_ubuntu-irc_en_text_document', 'weight': 482830.0}, {'name': 'common-pile_youtube_en_text_document', 'weight': 204765.0}, {'name': 'croissant-aligned_aligned_text_document', 'weight': 11618464.0}, {'name': 'culturax_fr_text_document_ratio1.30_phase0', 'weight': 57012131.0}, {'name': 'dclm-dolmino_en_text_document_ratio0.75_phase0', 'weight': 93003263.0}, {'name': 'europarl_aligned_text_document', 'weight': 215607.0}, {'name': 'europarl_multi_text_document', 'weight': 99752.0}, {'name': 'eurovoc_filtered_multi_text_document', 'weight': 2150091.0}, {'name': 'fineweb-edu_en_text_document_ratio0.75_phase0', 'weight': 214754282.0}, {'name': 'fineweb2_ar_text_document_ratio0.50_phase0', 'weight': 3350461.0}, {'name': 'fineweb2_ca_text_document_ratio0.05_phase0', 'weight': 92529.0}, {'name': 'fineweb2_de_text_document_ratio0.50_phase0', 'weight': 27173931.0}, {'name': 'fineweb2_es_text_document_ratio0.50_phase0', 'weight': 24393496.0}, {'name': 'fineweb2_fr_text_document_ratio1.30_phase0', 'weight': 50038822.0}, {'name': 'fineweb2_it_text_document_ratio0.50_phase0', 'weight': 13377940.0}, {'name': 'fineweb2_nl_text_document_ratio0.50_phase0', 'weight': 7435763.0}, {'name': 'fineweb2_pt_text_document_ratio0.50_phase0', 'weight': 9800040.0}, {'name': 'fineweb2_regional_text_document', 'weight': 2132152.0}, {'name': 'gallica_monographies_fr_text_document', 'weight': 5842786.0}, {'name': 'gallica_press_fr_text_document', 'weight': 22850320.0}, {'name': 'gutenberg_de_text_document', 'weight': 42330.0}, {'name': 'gutenberg_en_text_document', 'weight': 1187655.0}, {'name': 'gutenberg_es_text_document', 'weight': 21778.0}, {'name': 'gutenberg_fr_text_document', 'weight': 91991.0}, {'name': 'gutenberg_it_text_document', 'weight': 29909.0}, {'name': 'gutenberg_nl_text_document', 'weight': 24430.0}, {'name': 'gutenberg_pt_text_document', 'weight': 9241.0}, {'name': 'hal-cea_full-filtered_fr_text_document', 'weight': 7828031.0}, {'name': 'hplt2_fr_text_document_ratio1.30_phase0', 'weight': 70401931.0}, {'name': 'insee_fr_text_document', 'weight': 55377.0}, {'name': 'math-pile_math_text_document', 'weight': 2345197.0}, {'name': 'opendata_fr_text_document', 'weight': 2749409.0}, {'name': 'parlement_fr_text_document', 'weight': 282826.0}, {'name': 'starcoder-data_code_text_document', 'weight': 62922795.0}, {'name': 'theses_fr_text_document', 'weight': 3239718.0}, {'name': 'wikimedia-vikidia_ar_text_document', 'weight': 265451.0}, {'name': 'wikimedia-vikidia_ca_text_document_ratio0.20_phase0', 'weight': 58530.0}, {'name': 'wikimedia-vikidia_de_text_document', 'weight': 1098595.0}, {'name': 'wikimedia-vikidia_en_text_document', 'weight': 2882825.0}, {'name': 'wikimedia-vikidia_es_text_document', 'weight': 631843.0}, {'name': 'wikimedia-vikidia_fr_text_document', 'weight': 1276052.0}, {'name': 'wikimedia-vikidia_it_text_document', 'weight': 654077.0}, {'name': 'wikimedia-vikidia_pt_text_document', 'weight': 304392.0}, {'name': 'wikimedia-vikidia_regional_text_document', 'weight': 119234.0}, {'name': 'wikimedia_nl_text_document', 'weight': 345319.0}, {'name': 'youtube_fr_text_document', 'weight': 76194.0}]}
INFO:__main__:Using CLI tokenizer override: /work/p26037/barman/tokenizer_128k-arab-regional_v2
INFO:__main__:Global batch size: 1024
INFO:__main__:Sequence length: 4096
INFO:__main__:Tokens per batch: 4194304
INFO:__main__:Total tokens in datamix: 3002228277248
INFO:__main__:Global training/LR horizon (from --max_steps): 715788
INFO:__main__:Patched megatron.core.optimizer (accepted params: {'config', 'scale_lr_cond', 'model_chunks', 'no_weight_decay_cond', 'use_gloo_process_groups', 'lr_mult'})
INFO:utils:{'data_path': '/work/datasets/AI/tokens_luciole_phase1', 'total_tokens': 3002228277248, 'train': [{'name': 'claire_open_en_text_document', 'weight': 29003.0}, {'name': 'claire_open_fr_text_document', 'weight': 92129.0}, {'name': 'common-corpus_bnl-newspapers-1841-1879_fr_text_document', 'weight': 66237.0}, {'name': 'common-corpus_eurlex_multi_text_document', 'weight': 3601664.0}, {'name': 'common-corpus_gatt-library_multi_text_document', 'weight': 41322.0}, {'name': 'common-corpus_oecd_multi_text_document', 'weight': 121969.0}, {'name': 'common-corpus_tedeutenders_multi_text_document', 'weight': 31276.0}, {'name': 'common-corpus_wto_multi_text_document', 'weight': 577279.0}, {'name': 'common-pile_arxiv-abstracts_en_text_document', 'weight': 140138.0}, {'name': 'common-pile_arxiv-papers_en_text_document', 'weight': 1299034.0}, {'name': 'common-pile_biodiversity-heritage-library_en_text_document', 'weight': 107772.0}, {'name': 'common-pile_caselaw-access-project_en_text_document', 'weight': 929697.0}, {'name': 'common-pile_doab_en_text_document', 'weight': 712786.0}, {'name': 'common-pile_foodista_en_text_document', 'weight': 5603.0}, {'name': 'common-pile_github-archive_en_text_document', 'weight': 2244221.0}, {'name': 'common-pile_library-of-congress_en_text_document', 'weight': 101533.0}, {'name': 'common-pile_libretexts_en_text_document', 'weight': 21049.0}, {'name': 'common-pile_news_en_text_document', 'weight': 14354.0}, {'name': 'common-pile_oercommons_en_text_document', 'weight': 2748.0}, {'name': 'common-pile_peS2o_en_text_document', 'weight': 10166525.0}, {'name': 'common-pile_pre-1929-books_en_text_document', 'weight': 531517.0}, {'name': 'common-pile_pressbooks_en_text_document', 'weight': 31891.0}, {'name': 'common-pile_public-domain-review_en_text_document', 'weight': 382.0}, {'name': 'common-pile_pubmed_en_text_document', 'weight': 1869301.0}, {'name': 'common-pile_python-enhancement-proposals_en_text_document', 'weight': 652.0}, {'name': 'common-pile_regulations_en_text_document', 'weight': 266173.0}, {'name': 'common-pile_stackexchange_en_text_document', 'weight': 4985359.0}, {'name': 'common-pile_ubuntu-irc_en_text_document', 'weight': 482830.0}, {'name': 'common-pile_youtube_en_text_document', 'weight': 204765.0}, {'name': 'croissant-aligned_aligned_text_document', 'weight': 11618464.0}, {'name': 'culturax_fr_text_document_ratio1.30_phase0', 'weight': 57012131.0}, {'name': 'dclm-dolmino_en_text_document_ratio0.75_phase0', 'weight': 93003263.0}, {'name': 'europarl_aligned_text_document', 'weight': 215607.0}, {'name': 'europarl_multi_text_document', 'weight': 99752.0}, {'name': 'eurovoc_filtered_multi_text_document', 'weight': 2150091.0}, {'name': 'fineweb-edu_en_text_document_ratio0.75_phase0', 'weight': 214754282.0}, {'name': 'fineweb2_ar_text_document_ratio0.50_phase0', 'weight': 3350461.0}, {'name': 'fineweb2_ca_text_document_ratio0.05_phase0', 'weight': 92529.0}, {'name': 'fineweb2_de_text_document_ratio0.50_phase0', 'weight': 27173931.0}, {'name': 'fineweb2_es_text_document_ratio0.50_phase0', 'weight': 24393496.0}, {'name': 'fineweb2_fr_text_document_ratio1.30_phase0', 'weight': 50038822.0}, {'name': 'fineweb2_it_text_document_ratio0.50_phase0', 'weight': 13377940.0}, {'name': 'fineweb2_nl_text_document_ratio0.50_phase0', 'weight': 7435763.0}, {'name': 'fineweb2_pt_text_document_ratio0.50_phase0', 'weight': 9800040.0}, {'name': 'fineweb2_regional_text_document', 'weight': 2132152.0}, {'name': 'gallica_monographies_fr_text_document', 'weight': 5842786.0}, {'name': 'gallica_press_fr_text_document', 'weight': 22850320.0}, {'name': 'gutenberg_de_text_document', 'weight': 42330.0}, {'name': 'gutenberg_en_text_document', 'weight': 1187655.0}, {'name': 'gutenberg_es_text_document', 'weight': 21778.0}, {'name': 'gutenberg_fr_text_document', 'weight': 91991.0}, {'name': 'gutenberg_it_text_document', 'weight': 29909.0}, {'name': 'gutenberg_nl_text_document', 'weight': 24430.0}, {'name': 'gutenberg_pt_text_document', 'weight': 9241.0}, {'name': 'hal-cea_full-filtered_fr_text_document', 'weight': 7828031.0}, {'name': 'hplt2_fr_text_document_ratio1.30_phase0', 'weight': 70401931.0}, {'name': 'insee_fr_text_document', 'weight': 55377.0}, {'name': 'math-pile_math_text_document', 'weight': 2345197.0}, {'name': 'opendata_fr_text_document', 'weight': 2749409.0}, {'name': 'parlement_fr_text_document', 'weight': 282826.0}, {'name': 'starcoder-data_code_text_document', 'weight': 62922795.0}, {'name': 'theses_fr_text_document', 'weight': 3239718.0}, {'name': 'wikimedia-vikidia_ar_text_document', 'weight': 265451.0}, {'name': 'wikimedia-vikidia_ca_text_document_ratio0.20_phase0', 'weight': 58530.0}, {'name': 'wikimedia-vikidia_de_text_document', 'weight': 1098595.0}, {'name': 'wikimedia-vikidia_en_text_document', 'weight': 2882825.0}, {'name': 'wikimedia-vikidia_es_text_document', 'weight': 631843.0}, {'name': 'wikimedia-vikidia_fr_text_document', 'weight': 1276052.0}, {'name': 'wikimedia-vikidia_it_text_document', 'weight': 654077.0}, {'name': 'wikimedia-vikidia_pt_text_document', 'weight': 304392.0}, {'name': 'wikimedia-vikidia_regional_text_document', 'weight': 119234.0}, {'name': 'wikimedia_nl_text_document', 'weight': 345319.0}, {'name': 'youtube_fr_text_document', 'weight': 76194.0}]}
INFO:__main__:Using CLI tokenizer override: /work/p26037/barman/tokenizer_128k-arab-regional_v2
INFO:__main__:Global batch size: 1024
INFO:__main__:Sequence length: 4096
INFO:__main__:Tokens per batch: 4194304
INFO:__main__:Total tokens in datamix: 3002228277248
INFO:__main__:Global training/LR horizon (from --max_steps): 715788
INFO:__main__:Patched megatron.core.optimizer (accepted params: {'no_weight_decay_cond', 'config', 'use_gloo_process_groups', 'lr_mult', 'model_chunks', 'scale_lr_cond'})
INFO:utils:{'data_path': '/work/datasets/AI/tokens_luciole_phase1', 'total_tokens': 3002228277248, 'train': [{'name': 'claire_open_en_text_document', 'weight': 29003.0}, {'name': 'claire_open_fr_text_document', 'weight': 92129.0}, {'name': 'common-corpus_bnl-newspapers-1841-1879_fr_text_document', 'weight': 66237.0}, {'name': 'common-corpus_eurlex_multi_text_document', 'weight': 3601664.0}, {'name': 'common-corpus_gatt-library_multi_text_document', 'weight': 41322.0}, {'name': 'common-corpus_oecd_multi_text_document', 'weight': 121969.0}, {'name': 'common-corpus_tedeutenders_multi_text_document', 'weight': 31276.0}, {'name': 'common-corpus_wto_multi_text_document', 'weight': 577279.0}, {'name': 'common-pile_arxiv-abstracts_en_text_document', 'weight': 140138.0}, {'name': 'common-pile_arxiv-papers_en_text_document', 'weight': 1299034.0}, {'name': 'common-pile_biodiversity-heritage-library_en_text_document', 'weight': 107772.0}, {'name': 'common-pile_caselaw-access-project_en_text_document', 'weight': 929697.0}, {'name': 'common-pile_doab_en_text_document', 'weight': 712786.0}, {'name': 'common-pile_foodista_en_text_document', 'weight': 5603.0}, {'name': 'common-pile_github-archive_en_text_document', 'weight': 2244221.0}, {'name': 'common-pile_library-of-congress_en_text_document', 'weight': 101533.0}, {'name': 'common-pile_libretexts_en_text_document', 'weight': 21049.0}, {'name': 'common-pile_news_en_text_document', 'weight': 14354.0}, {'name': 'common-pile_oercommons_en_text_document', 'weight': 2748.0}, {'name': 'common-pile_peS2o_en_text_document', 'weight': 10166525.0}, {'name': 'common-pile_pre-1929-books_en_text_document', 'weight': 531517.0}, {'name': 'common-pile_pressbooks_en_text_document', 'weight': 31891.0}, {'name': 'common-pile_public-domain-review_en_text_document', 'weight': 382.0}, {'name': 'common-pile_pubmed_en_text_document', 'weight': 1869301.0}, {'name': 'common-pile_python-enhancement-proposals_en_text_document', 'weight': 652.0}, {'name': 'common-pile_regulations_en_text_document', 'weight': 266173.0}, {'name': 'common-pile_stackexchange_en_text_document', 'weight': 4985359.0}, {'name': 'common-pile_ubuntu-irc_en_text_document', 'weight': 482830.0}, {'name': 'common-pile_youtube_en_text_document', 'weight': 204765.0}, {'name': 'croissant-aligned_aligned_text_document', 'weight': 11618464.0}, {'name': 'culturax_fr_text_document_ratio1.30_phase0', 'weight': 57012131.0}, {'name': 'dclm-dolmino_en_text_document_ratio0.75_phase0', 'weight': 93003263.0}, {'name': 'europarl_aligned_text_document', 'weight': 215607.0}, {'name': 'europarl_multi_text_document', 'weight': 99752.0}, {'name': 'eurovoc_filtered_multi_text_document', 'weight': 2150091.0}, {'name': 'fineweb-edu_en_text_document_ratio0.75_phase0', 'weight': 214754282.0}, {'name': 'fineweb2_ar_text_document_ratio0.50_phase0', 'weight': 3350461.0}, {'name': 'fineweb2_ca_text_document_ratio0.05_phase0', 'weight': 92529.0}, {'name': 'fineweb2_de_text_document_ratio0.50_phase0', 'weight': 27173931.0}, {'name': 'fineweb2_es_text_document_ratio0.50_phase0', 'weight': 24393496.0}, {'name': 'fineweb2_fr_text_document_ratio1.30_phase0', 'weight': 50038822.0}, {'name': 'fineweb2_it_text_document_ratio0.50_phase0', 'weight': 13377940.0}, {'name': 'fineweb2_nl_text_document_ratio0.50_phase0', 'weight': 7435763.0}, {'name': 'fineweb2_pt_text_document_ratio0.50_phase0', 'weight': 9800040.0}, {'name': 'fineweb2_regional_text_document', 'weight': 2132152.0}, {'name': 'gallica_monographies_fr_text_document', 'weight': 5842786.0}, {'name': 'gallica_press_fr_text_document', 'weight': 22850320.0}, {'name': 'gutenberg_de_text_document', 'weight': 42330.0}, {'name': 'gutenberg_en_text_document', 'weight': 1187655.0}, {'name': 'gutenberg_es_text_document', 'weight': 21778.0}, {'name': 'gutenberg_fr_text_document', 'weight': 91991.0}, {'name': 'gutenberg_it_text_document', 'weight': 29909.0}, {'name': 'gutenberg_nl_text_document', 'weight': 24430.0}, {'name': 'gutenberg_pt_text_document', 'weight': 9241.0}, {'name': 'hal-cea_full-filtered_fr_text_document', 'weight': 7828031.0}, {'name': 'hplt2_fr_text_document_ratio1.30_phase0', 'weight': 70401931.0}, {'name': 'insee_fr_text_document', 'weight': 55377.0}, {'name': 'math-pile_math_text_document', 'weight': 2345197.0}, {'name': 'opendata_fr_text_document', 'weight': 2749409.0}, {'name': 'parlement_fr_text_document', 'weight': 282826.0}, {'name': 'starcoder-data_code_text_document', 'weight': 62922795.0}, {'name': 'theses_fr_text_document', 'weight': 3239718.0}, {'name': 'wikimedia-vikidia_ar_text_document', 'weight': 265451.0}, {'name': 'wikimedia-vikidia_ca_text_document_ratio0.20_phase0', 'weight': 58530.0}, {'name': 'wikimedia-vikidia_de_text_document', 'weight': 1098595.0}, {'name': 'wikimedia-vikidia_en_text_document', 'weight': 2882825.0}, {'name': 'wikimedia-vikidia_es_text_document', 'weight': 631843.0}, {'name': 'wikimedia-vikidia_fr_text_document', 'weight': 1276052.0}, {'name': 'wikimedia-vikidia_it_text_document', 'weight': 654077.0}, {'name': 'wikimedia-vikidia_pt_text_document', 'weight': 304392.0}, {'name': 'wikimedia-vikidia_regional_text_document', 'weight': 119234.0}, {'name': 'wikimedia_nl_text_document', 'weight': 345319.0}, {'name': 'youtube_fr_text_document', 'weight': 76194.0}]}
INFO:__main__:Using CLI tokenizer override: /work/p26037/barman/tokenizer_128k-arab-regional_v2
INFO:__main__:Global batch size: 1024
INFO:__main__:Sequence length: 4096
INFO:__main__:Tokens per batch: 4194304
INFO:__main__:Total tokens in datamix: 3002228277248
INFO:__main__:Global training/LR horizon (from --max_steps): 715788
INFO:__main__:Patched megatron.core.optimizer (accepted params: {'no_weight_decay_cond', 'lr_mult', 'model_chunks', 'config', 'use_gloo_process_groups', 'scale_lr_cond'})
INFO:__main__:LR scheduler max_steps = 715788, warmup_steps = 2000, min_lr = 2.9999999999999997e-05
INFO:__main__:Skipping Triton warmup (--skip_triton_warmup).
INFO:__main__:LR scheduler max_steps = 715788, warmup_steps = 2000, min_lr = 2.9999999999999997e-05
INFO:__main__:Skipping Triton warmup (--skip_triton_warmup).
INFO:utils:{'data_path': '/work/datasets/AI/tokens_luciole_phase1', 'total_tokens': 3002228277248, 'train': [{'name': 'claire_open_en_text_document', 'weight': 29003.0}, {'name': 'claire_open_fr_text_document', 'weight': 92129.0}, {'name': 'common-corpus_bnl-newspapers-1841-1879_fr_text_document', 'weight': 66237.0}, {'name': 'common-corpus_eurlex_multi_text_document', 'weight': 3601664.0}, {'name': 'common-corpus_gatt-library_multi_text_document', 'weight': 41322.0}, {'name': 'common-corpus_oecd_multi_text_document', 'weight': 121969.0}, {'name': 'common-corpus_tedeutenders_multi_text_document', 'weight': 31276.0}, {'name': 'common-corpus_wto_multi_text_document', 'weight': 577279.0}, {'name': 'common-pile_arxiv-abstracts_en_text_document', 'weight': 140138.0}, {'name': 'common-pile_arxiv-papers_en_text_document', 'weight': 1299034.0}, {'name': 'common-pile_biodiversity-heritage-library_en_text_document', 'weight': 107772.0}, {'name': 'common-pile_caselaw-access-project_en_text_document', 'weight': 929697.0}, {'name': 'common-pile_doab_en_text_document', 'weight': 712786.0}, {'name': 'common-pile_foodista_en_text_document', 'weight': 5603.0}, {'name': 'common-pile_github-archive_en_text_document', 'weight': 2244221.0}, {'name': 'common-pile_library-of-congress_en_text_document', 'weight': 101533.0}, {'name': 'common-pile_libretexts_en_text_document', 'weight': 21049.0}, {'name': 'common-pile_news_en_text_document', 'weight': 14354.0}, {'name': 'common-pile_oercommons_en_text_document', 'weight': 2748.0}, {'name': 'common-pile_peS2o_en_text_document', 'weight': 10166525.0}, {'name': 'common-pile_pre-1929-books_en_text_document', 'weight': 531517.0}, {'name': 'common-pile_pressbooks_en_text_document', 'weight': 31891.0}, {'name': 'common-pile_public-domain-review_en_text_document', 'weight': 382.0}, {'name': 'common-pile_pubmed_en_text_document', 'weight': 1869301.0}, {'name': 'common-pile_python-enhancement-proposals_en_text_document', 'weight': 652.0}, {'name': 'common-pile_regulations_en_text_document', 'weight': 266173.0}, {'name': 'common-pile_stackexchange_en_text_document', 'weight': 4985359.0}, {'name': 'common-pile_ubuntu-irc_en_text_document', 'weight': 482830.0}, {'name': 'common-pile_youtube_en_text_document', 'weight': 204765.0}, {'name': 'croissant-aligned_aligned_text_document', 'weight': 11618464.0}, {'name': 'culturax_fr_text_document_ratio1.30_phase0', 'weight': 57012131.0}, {'name': 'dclm-dolmino_en_text_document_ratio0.75_phase0', 'weight': 93003263.0}, {'name': 'europarl_aligned_text_document', 'weight': 215607.0}, {'name': 'europarl_multi_text_document', 'weight': 99752.0}, {'name': 'eurovoc_filtered_multi_text_document', 'weight': 2150091.0}, {'name': 'fineweb-edu_en_text_document_ratio0.75_phase0', 'weight': 214754282.0}, {'name': 'fineweb2_ar_text_document_ratio0.50_phase0', 'weight': 3350461.0}, {'name': 'fineweb2_ca_text_document_ratio0.05_phase0', 'weight': 92529.0}, {'name': 'fineweb2_de_text_document_ratio0.50_phase0', 'weight': 27173931.0}, {'name': 'fineweb2_es_text_document_ratio0.50_phase0', 'weight': 24393496.0}, {'name': 'fineweb2_fr_text_document_ratio1.30_phase0', 'weight': 50038822.0}, {'name': 'fineweb2_it_text_document_ratio0.50_phase0', 'weight': 13377940.0}, {'name': 'fineweb2_nl_text_document_ratio0.50_phase0', 'weight': 7435763.0}, {'name': 'fineweb2_pt_text_document_ratio0.50_phase0', 'weight': 9800040.0}, {'name': 'fineweb2_regional_text_document', 'weight': 2132152.0}, {'name': 'gallica_monographies_fr_text_document', 'weight': 5842786.0}, {'name': 'gallica_press_fr_text_document', 'weight': 22850320.0}, {'name': 'gutenberg_de_text_document', 'weight': 42330.0}, {'name': 'gutenberg_en_text_document', 'weight': 1187655.0}, {'name': 'gutenberg_es_text_document', 'weight': 21778.0}, {'name': 'gutenberg_fr_text_document', 'weight': 91991.0}, {'name': 'gutenberg_it_text_document', 'weight': 29909.0}, {'name': 'gutenberg_nl_text_document', 'weight': 24430.0}, {'name': 'gutenberg_pt_text_document', 'weight': 9241.0}, {'name': 'hal-cea_full-filtered_fr_text_document', 'weight': 7828031.0}, {'name': 'hplt2_fr_text_document_ratio1.30_phase0', 'weight': 70401931.0}, {'name': 'insee_fr_text_document', 'weight': 55377.0}, {'name': 'math-pile_math_text_document', 'weight': 2345197.0}, {'name': 'opendata_fr_text_document', 'weight': 2749409.0}, {'name': 'parlement_fr_text_document', 'weight': 282826.0}, {'name': 'starcoder-data_code_text_document', 'weight': 62922795.0}, {'name': 'theses_fr_text_document', 'weight': 3239718.0}, {'name': 'wikimedia-vikidia_ar_text_document', 'weight': 265451.0}, {'name': 'wikimedia-vikidia_ca_text_document_ratio0.20_phase0', 'weight': 58530.0}, {'name': 'wikimedia-vikidia_de_text_document', 'weight': 1098595.0}, {'name': 'wikimedia-vikidia_en_text_document', 'weight': 2882825.0}, {'name': 'wikimedia-vikidia_es_text_document', 'weight': 631843.0}, {'name': 'wikimedia-vikidia_fr_text_document', 'weight': 1276052.0}, {'name': 'wikimedia-vikidia_it_text_document', 'weight': 654077.0}, {'name': 'wikimedia-vikidia_pt_text_document', 'weight': 304392.0}, {'name': 'wikimedia-vikidia_regional_text_document', 'weight': 119234.0}, {'name': 'wikimedia_nl_text_document', 'weight': 345319.0}, {'name': 'youtube_fr_text_document', 'weight': 76194.0}]}
INFO:__main__:Using CLI tokenizer override: /work/p26037/barman/tokenizer_128k-arab-regional_v2
INFO:__main__:Global batch size: 1024
INFO:__main__:Sequence length: 4096
INFO:__main__:Tokens per batch: 4194304
INFO:__main__:Total tokens in datamix: 3002228277248
INFO:__main__:Global training/LR horizon (from --max_steps): 715788
INFO:__main__:Patched megatron.core.optimizer (accepted params: {'use_gloo_process_groups', 'no_weight_decay_cond', 'model_chunks', 'lr_mult', 'config', 'scale_lr_cond'})
INFO:utils:{'data_path': '/work/datasets/AI/tokens_luciole_phase1', 'total_tokens': 3002228277248, 'train': [{'name': 'claire_open_en_text_document', 'weight': 29003.0}, {'name': 'claire_open_fr_text_document', 'weight': 92129.0}, {'name': 'common-corpus_bnl-newspapers-1841-1879_fr_text_document', 'weight': 66237.0}, {'name': 'common-corpus_eurlex_multi_text_document', 'weight': 3601664.0}, {'name': 'common-corpus_gatt-library_multi_text_document', 'weight': 41322.0}, {'name': 'common-corpus_oecd_multi_text_document', 'weight': 121969.0}, {'name': 'common-corpus_tedeutenders_multi_text_document', 'weight': 31276.0}, {'name': 'common-corpus_wto_multi_text_document', 'weight': 577279.0}, {'name': 'common-pile_arxiv-abstracts_en_text_document', 'weight': 140138.0}, {'name': 'common-pile_arxiv-papers_en_text_document', 'weight': 1299034.0}, {'name': 'common-pile_biodiversity-heritage-library_en_text_document', 'weight': 107772.0}, {'name': 'common-pile_caselaw-access-project_en_text_document', 'weight': 929697.0}, {'name': 'common-pile_doab_en_text_document', 'weight': 712786.0}, {'name': 'common-pile_foodista_en_text_document', 'weight': 5603.0}, {'name': 'common-pile_github-archive_en_text_document', 'weight': 2244221.0}, {'name': 'common-pile_library-of-congress_en_text_document', 'weight': 101533.0}, {'name': 'common-pile_libretexts_en_text_document', 'weight': 21049.0}, {'name': 'common-pile_news_en_text_document', 'weight': 14354.0}, {'name': 'common-pile_oercommons_en_text_document', 'weight': 2748.0}, {'name': 'common-pile_peS2o_en_text_document', 'weight': 10166525.0}, {'name': 'common-pile_pre-1929-books_en_text_document', 'weight': 531517.0}, {'name': 'common-pile_pressbooks_en_text_document', 'weight': 31891.0}, {'name': 'common-pile_public-domain-review_en_text_document', 'weight': 382.0}, {'name': 'common-pile_pubmed_en_text_document', 'weight': 1869301.0}, {'name': 'common-pile_python-enhancement-proposals_en_text_document', 'weight': 652.0}, {'name': 'common-pile_regulations_en_text_document', 'weight': 266173.0}, {'name': 'common-pile_stackexchange_en_text_document', 'weight': 4985359.0}, {'name': 'common-pile_ubuntu-irc_en_text_document', 'weight': 482830.0}, {'name': 'common-pile_youtube_en_text_document', 'weight': 204765.0}, {'name': 'croissant-aligned_aligned_text_document', 'weight': 11618464.0}, {'name': 'culturax_fr_text_document_ratio1.30_phase0', 'weight': 57012131.0}, {'name': 'dclm-dolmino_en_text_document_ratio0.75_phase0', 'weight': 93003263.0}, {'name': 'europarl_aligned_text_document', 'weight': 215607.0}, {'name': 'europarl_multi_text_document', 'weight': 99752.0}, {'name': 'eurovoc_filtered_multi_text_document', 'weight': 2150091.0}, {'name': 'fineweb-edu_en_text_document_ratio0.75_phase0', 'weight': 214754282.0}, {'name': 'fineweb2_ar_text_document_ratio0.50_phase0', 'weight': 3350461.0}, {'name': 'fineweb2_ca_text_document_ratio0.05_phase0', 'weight': 92529.0}, {'name': 'fineweb2_de_text_document_ratio0.50_phase0', 'weight': 27173931.0}, {'name': 'fineweb2_es_text_document_ratio0.50_phase0', 'weight': 24393496.0}, {'name': 'fineweb2_fr_text_document_ratio1.30_phase0', 'weight': 50038822.0}, {'name': 'fineweb2_it_text_document_ratio0.50_phase0', 'weight': 13377940.0}, {'name': 'fineweb2_nl_text_document_ratio0.50_phase0', 'weight': 7435763.0}, {'name': 'fineweb2_pt_text_document_ratio0.50_phase0', 'weight': 9800040.0}, {'name': 'fineweb2_regional_text_document', 'weight': 2132152.0}, {'name': 'gallica_monographies_fr_text_document', 'weight': 5842786.0}, {'name': 'gallica_press_fr_text_document', 'weight': 22850320.0}, {'name': 'gutenberg_de_text_document', 'weight': 42330.0}, {'name': 'gutenberg_en_text_document', 'weight': 1187655.0}, {'name': 'gutenberg_es_text_document', 'weight': 21778.0}, {'name': 'gutenberg_fr_text_document', 'weight': 91991.0}, {'name': 'gutenberg_it_text_document', 'weight': 29909.0}, {'name': 'gutenberg_nl_text_document', 'weight': 24430.0}, {'name': 'gutenberg_pt_text_document', 'weight': 9241.0}, {'name': 'hal-cea_full-filtered_fr_text_document', 'weight': 7828031.0}, {'name': 'hplt2_fr_text_document_ratio1.30_phase0', 'weight': 70401931.0}, {'name': 'insee_fr_text_document', 'weight': 55377.0}, {'name': 'math-pile_math_text_document', 'weight': 2345197.0}, {'name': 'opendata_fr_text_document', 'weight': 2749409.0}, {'name': 'parlement_fr_text_document', 'weight': 282826.0}, {'name': 'starcoder-data_code_text_document', 'weight': 62922795.0}, {'name': 'theses_fr_text_document', 'weight': 3239718.0}, {'name': 'wikimedia-vikidia_ar_text_document', 'weight': 265451.0}, {'name': 'wikimedia-vikidia_ca_text_document_ratio0.20_phase0', 'weight': 58530.0}, {'name': 'wikimedia-vikidia_de_text_document', 'weight': 1098595.0}, {'name': 'wikimedia-vikidia_en_text_document', 'weight': 2882825.0}, {'name': 'wikimedia-vikidia_es_text_document', 'weight': 631843.0}, {'name': 'wikimedia-vikidia_fr_text_document', 'weight': 1276052.0}, {'name': 'wikimedia-vikidia_it_text_document', 'weight': 654077.0}, {'name': 'wikimedia-vikidia_pt_text_document', 'weight': 304392.0}, {'name': 'wikimedia-vikidia_regional_text_document', 'weight': 119234.0}, {'name': 'wikimedia_nl_text_document', 'weight': 345319.0}, {'name': 'youtube_fr_text_document', 'weight': 76194.0}]}
INFO:__main__:Using CLI tokenizer override: /work/p26037/barman/tokenizer_128k-arab-regional_v2
INFO:__main__:Global batch size: 1024
INFO:__main__:Sequence length: 4096
INFO:__main__:Tokens per batch: 4194304
INFO:__main__:Total tokens in datamix: 3002228277248
INFO:__main__:Global training/LR horizon (from --max_steps): 715788
INFO:__main__:Patched megatron.core.optimizer (accepted params: {'lr_mult', 'scale_lr_cond', 'no_weight_decay_cond', 'use_gloo_process_groups', 'config', 'model_chunks'})
INFO:__main__:LR scheduler max_steps = 715788, warmup_steps = 2000, min_lr = 2.9999999999999997e-05
INFO:__main__:Skipping Triton warmup (--skip_triton_warmup).
INFO:utils:{'data_path': '/work/datasets/AI/tokens_luciole_phase1', 'total_tokens': 3002228277248, 'train': [{'name': 'claire_open_en_text_document', 'weight': 29003.0}, {'name': 'claire_open_fr_text_document', 'weight': 92129.0}, {'name': 'common-corpus_bnl-newspapers-1841-1879_fr_text_document', 'weight': 66237.0}, {'name': 'common-corpus_eurlex_multi_text_document', 'weight': 3601664.0}, {'name': 'common-corpus_gatt-library_multi_text_document', 'weight': 41322.0}, {'name': 'common-corpus_oecd_multi_text_document', 'weight': 121969.0}, {'name': 'common-corpus_tedeutenders_multi_text_document', 'weight': 31276.0}, {'name': 'common-corpus_wto_multi_text_document', 'weight': 577279.0}, {'name': 'common-pile_arxiv-abstracts_en_text_document', 'weight': 140138.0}, {'name': 'common-pile_arxiv-papers_en_text_document', 'weight': 1299034.0}, {'name': 'common-pile_biodiversity-heritage-library_en_text_document', 'weight': 107772.0}, {'name': 'common-pile_caselaw-access-project_en_text_document', 'weight': 929697.0}, {'name': 'common-pile_doab_en_text_document', 'weight': 712786.0}, {'name': 'common-pile_foodista_en_text_document', 'weight': 5603.0}, {'name': 'common-pile_github-archive_en_text_document', 'weight': 2244221.0}, {'name': 'common-pile_library-of-congress_en_text_document', 'weight': 101533.0}, {'name': 'common-pile_libretexts_en_text_document', 'weight': 21049.0}, {'name': 'common-pile_news_en_text_document', 'weight': 14354.0}, {'name': 'common-pile_oercommons_en_text_document', 'weight': 2748.0}, {'name': 'common-pile_peS2o_en_text_document', 'weight': 10166525.0}, {'name': 'common-pile_pre-1929-books_en_text_document', 'weight': 531517.0}, {'name': 'common-pile_pressbooks_en_text_document', 'weight': 31891.0}, {'name': 'common-pile_public-domain-review_en_text_document', 'weight': 382.0}, {'name': 'common-pile_pubmed_en_text_document', 'weight': 1869301.0}, {'name': 'common-pile_python-enhancement-proposals_en_text_document', 'weight': 652.0}, {'name': 'common-pile_regulations_en_text_document', 'weight': 266173.0}, {'name': 'common-pile_stackexchange_en_text_document', 'weight': 4985359.0}, {'name': 'common-pile_ubuntu-irc_en_text_document', 'weight': 482830.0}, {'name': 'common-pile_youtube_en_text_document', 'weight': 204765.0}, {'name': 'croissant-aligned_aligned_text_document', 'weight': 11618464.0}, {'name': 'culturax_fr_text_document_ratio1.30_phase0', 'weight': 57012131.0}, {'name': 'dclm-dolmino_en_text_document_ratio0.75_phase0', 'weight': 93003263.0}, {'name': 'europarl_aligned_text_document', 'weight': 215607.0}, {'name': 'europarl_multi_text_document', 'weight': 99752.0}, {'name': 'eurovoc_filtered_multi_text_document', 'weight': 2150091.0}, {'name': 'fineweb-edu_en_text_document_ratio0.75_phase0', 'weight': 214754282.0}, {'name': 'fineweb2_ar_text_document_ratio0.50_phase0', 'weight': 3350461.0}, {'name': 'fineweb2_ca_text_document_ratio0.05_phase0', 'weight': 92529.0}, {'name': 'fineweb2_de_text_document_ratio0.50_phase0', 'weight': 27173931.0}, {'name': 'fineweb2_es_text_document_ratio0.50_phase0', 'weight': 24393496.0}, {'name': 'fineweb2_fr_text_document_ratio1.30_phase0', 'weight': 50038822.0}, {'name': 'fineweb2_it_text_document_ratio0.50_phase0', 'weight': 13377940.0}, {'name': 'fineweb2_nl_text_document_ratio0.50_phase0', 'weight': 7435763.0}, {'name': 'fineweb2_pt_text_document_ratio0.50_phase0', 'weight': 9800040.0}, {'name': 'fineweb2_regional_text_document', 'weight': 2132152.0}, {'name': 'gallica_monographies_fr_text_document', 'weight': 5842786.0}, {'name': 'gallica_press_fr_text_document', 'weight': 22850320.0}, {'name': 'gutenberg_de_text_document', 'weight': 42330.0}, {'name': 'gutenberg_en_text_document', 'weight': 1187655.0}, {'name': 'gutenberg_es_text_document', 'weight': 21778.0}, {'name': 'gutenberg_fr_text_document', 'weight': 91991.0}, {'name': 'gutenberg_it_text_document', 'weight': 29909.0}, {'name': 'gutenberg_nl_text_document', 'weight': 24430.0}, {'name': 'gutenberg_pt_text_document', 'weight': 9241.0}, {'name': 'hal-cea_full-filtered_fr_text_document', 'weight': 7828031.0}, {'name': 'hplt2_fr_text_document_ratio1.30_phase0', 'weight': 70401931.0}, {'name': 'insee_fr_text_document', 'weight': 55377.0}, {'name': 'math-pile_math_text_document', 'weight': 2345197.0}, {'name': 'opendata_fr_text_document', 'weight': 2749409.0}, {'name': 'parlement_fr_text_document', 'weight': 282826.0}, {'name': 'starcoder-data_code_text_document', 'weight': 62922795.0}, {'name': 'theses_fr_text_document', 'weight': 3239718.0}, {'name': 'wikimedia-vikidia_ar_text_document', 'weight': 265451.0}, {'name': 'wikimedia-vikidia_ca_text_document_ratio0.20_phase0', 'weight': 58530.0}, {'name': 'wikimedia-vikidia_de_text_document', 'weight': 1098595.0}, {'name': 'wikimedia-vikidia_en_text_document', 'weight': 2882825.0}, {'name': 'wikimedia-vikidia_es_text_document', 'weight': 631843.0}, {'name': 'wikimedia-vikidia_fr_text_document', 'weight': 1276052.0}, {'name': 'wikimedia-vikidia_it_text_document', 'weight': 654077.0}, {'name': 'wikimedia-vikidia_pt_text_document', 'weight': 304392.0}, {'name': 'wikimedia-vikidia_regional_text_document', 'weight': 119234.0}, {'name': 'wikimedia_nl_text_document', 'weight': 345319.0}, {'name': 'youtube_fr_text_document', 'weight': 76194.0}]}
INFO:__main__:Using CLI tokenizer override: /work/p26037/barman/tokenizer_128k-arab-regional_v2
INFO:__main__:Global batch size: 1024
INFO:__main__:Sequence length: 4096
INFO:__main__:Tokens per batch: 4194304
INFO:__main__:Total tokens in datamix: 3002228277248
INFO:__main__:Global training/LR horizon (from --max_steps): 715788
INFO:__main__:Patched megatron.core.optimizer (accepted params: {'config', 'use_gloo_process_groups', 'no_weight_decay_cond', 'scale_lr_cond', 'lr_mult', 'model_chunks'})
INFO:utils:{'data_path': '/work/datasets/AI/tokens_luciole_phase1', 'total_tokens': 3002228277248, 'train': [{'name': 'claire_open_en_text_document', 'weight': 29003.0}, {'name': 'claire_open_fr_text_document', 'weight': 92129.0}, {'name': 'common-corpus_bnl-newspapers-1841-1879_fr_text_document', 'weight': 66237.0}, {'name': 'common-corpus_eurlex_multi_text_document', 'weight': 3601664.0}, {'name': 'common-corpus_gatt-library_multi_text_document', 'weight': 41322.0}, {'name': 'common-corpus_oecd_multi_text_document', 'weight': 121969.0}, {'name': 'common-corpus_tedeutenders_multi_text_document', 'weight': 31276.0}, {'name': 'common-corpus_wto_multi_text_document', 'weight': 577279.0}, {'name': 'common-pile_arxiv-abstracts_en_text_document', 'weight': 140138.0}, {'name': 'common-pile_arxiv-papers_en_text_document', 'weight': 1299034.0}, {'name': 'common-pile_biodiversity-heritage-library_en_text_document', 'weight': 107772.0}, {'name': 'common-pile_caselaw-access-project_en_text_document', 'weight': 929697.0}, {'name': 'common-pile_doab_en_text_document', 'weight': 712786.0}, {'name': 'common-pile_foodista_en_text_document', 'weight': 5603.0}, {'name': 'common-pile_github-archive_en_text_document', 'weight': 2244221.0}, {'name': 'common-pile_library-of-congress_en_text_document', 'weight': 101533.0}, {'name': 'common-pile_libretexts_en_text_document', 'weight': 21049.0}, {'name': 'common-pile_news_en_text_document', 'weight': 14354.0}, {'name': 'common-pile_oercommons_en_text_document', 'weight': 2748.0}, {'name': 'common-pile_peS2o_en_text_document', 'weight': 10166525.0}, {'name': 'common-pile_pre-1929-books_en_text_document', 'weight': 531517.0}, {'name': 'common-pile_pressbooks_en_text_document', 'weight': 31891.0}, {'name': 'common-pile_public-domain-review_en_text_document', 'weight': 382.0}, {'name': 'common-pile_pubmed_en_text_document', 'weight': 1869301.0}, {'name': 'common-pile_python-enhancement-proposals_en_text_document', 'weight': 652.0}, {'name': 'common-pile_regulations_en_text_document', 'weight': 266173.0}, {'name': 'common-pile_stackexchange_en_text_document', 'weight': 4985359.0}, {'name': 'common-pile_ubuntu-irc_en_text_document', 'weight': 482830.0}, {'name': 'common-pile_youtube_en_text_document', 'weight': 204765.0}, {'name': 'croissant-aligned_aligned_text_document', 'weight': 11618464.0}, {'name': 'culturax_fr_text_document_ratio1.30_phase0', 'weight': 57012131.0}, {'name': 'dclm-dolmino_en_text_document_ratio0.75_phase0', 'weight': 93003263.0}, {'name': 'europarl_aligned_text_document', 'weight': 215607.0}, {'name': 'europarl_multi_text_document', 'weight': 99752.0}, {'name': 'eurovoc_filtered_multi_text_document', 'weight': 2150091.0}, {'name': 'fineweb-edu_en_text_document_ratio0.75_phase0', 'weight': 214754282.0}, {'name': 'fineweb2_ar_text_document_ratio0.50_phase0', 'weight': 3350461.0}, {'name': 'fineweb2_ca_text_document_ratio0.05_phase0', 'weight': 92529.0}, {'name': 'fineweb2_de_text_document_ratio0.50_phase0', 'weight': 27173931.0}, {'name': 'fineweb2_es_text_document_ratio0.50_phase0', 'weight': 24393496.0}, {'name': 'fineweb2_fr_text_document_ratio1.30_phase0', 'weight': 50038822.0}, {'name': 'fineweb2_it_text_document_ratio0.50_phase0', 'weight': 13377940.0}, {'name': 'fineweb2_nl_text_document_ratio0.50_phase0', 'weight': 7435763.0}, {'name': 'fineweb2_pt_text_document_ratio0.50_phase0', 'weight': 9800040.0}, {'name': 'fineweb2_regional_text_document', 'weight': 2132152.0}, {'name': 'gallica_monographies_fr_text_document', 'weight': 5842786.0}, {'name': 'gallica_press_fr_text_document', 'weight': 22850320.0}, {'name': 'gutenberg_de_text_document', 'weight': 42330.0}, {'name': 'gutenberg_en_text_document', 'weight': 1187655.0}, {'name': 'gutenberg_es_text_document', 'weight': 21778.0}, {'name': 'gutenberg_fr_text_document', 'weight': 91991.0}, {'name': 'gutenberg_it_text_document', 'weight': 29909.0}, {'name': 'gutenberg_nl_text_document', 'weight': 24430.0}, {'name': 'gutenberg_pt_text_document', 'weight': 9241.0}, {'name': 'hal-cea_full-filtered_fr_text_document', 'weight': 7828031.0}, {'name': 'hplt2_fr_text_document_ratio1.30_phase0', 'weight': 70401931.0}, {'name': 'insee_fr_text_document', 'weight': 55377.0}, {'name': 'math-pile_math_text_document', 'weight': 2345197.0}, {'name': 'opendata_fr_text_document', 'weight': 2749409.0}, {'name': 'parlement_fr_text_document', 'weight': 282826.0}, {'name': 'starcoder-data_code_text_document', 'weight': 62922795.0}, {'name': 'theses_fr_text_document', 'weight': 3239718.0}, {'name': 'wikimedia-vikidia_ar_text_document', 'weight': 265451.0}, {'name': 'wikimedia-vikidia_ca_text_document_ratio0.20_phase0', 'weight': 58530.0}, {'name': 'wikimedia-vikidia_de_text_document', 'weight': 1098595.0}, {'name': 'wikimedia-vikidia_en_text_document', 'weight': 2882825.0}, {'name': 'wikimedia-vikidia_es_text_document', 'weight': 631843.0}, {'name': 'wikimedia-vikidia_fr_text_document', 'weight': 1276052.0}, {'name': 'wikimedia-vikidia_it_text_document', 'weight': 654077.0}, {'name': 'wikimedia-vikidia_pt_text_document', 'weight': 304392.0}, {'name': 'wikimedia-vikidia_regional_text_document', 'weight': 119234.0}, {'name': 'wikimedia_nl_text_document', 'weight': 345319.0}, {'name': 'youtube_fr_text_document', 'weight': 76194.0}]}
INFO:__main__:Using CLI tokenizer override: /work/p26037/barman/tokenizer_128k-arab-regional_v2
INFO:__main__:Global batch size: 1024
INFO:__main__:Sequence length: 4096
INFO:__main__:Tokens per batch: 4194304
INFO:__main__:Total tokens in datamix: 3002228277248
INFO:__main__:Global training/LR horizon (from --max_steps): 715788
INFO:__main__:Patched megatron.core.optimizer (accepted params: {'config', 'lr_mult', 'use_gloo_process_groups', 'model_chunks', 'scale_lr_cond', 'no_weight_decay_cond'})
INFO:utils:{'data_path': '/work/datasets/AI/tokens_luciole_phase1', 'total_tokens': 3002228277248, 'train': [{'name': 'claire_open_en_text_document', 'weight': 29003.0}, {'name': 'claire_open_fr_text_document', 'weight': 92129.0}, {'name': 'common-corpus_bnl-newspapers-1841-1879_fr_text_document', 'weight': 66237.0}, {'name': 'common-corpus_eurlex_multi_text_document', 'weight': 3601664.0}, {'name': 'common-corpus_gatt-library_multi_text_document', 'weight': 41322.0}, {'name': 'common-corpus_oecd_multi_text_document', 'weight': 121969.0}, {'name': 'common-corpus_tedeutenders_multi_text_document', 'weight': 31276.0}, {'name': 'common-corpus_wto_multi_text_document', 'weight': 577279.0}, {'name': 'common-pile_arxiv-abstracts_en_text_document', 'weight': 140138.0}, {'name': 'common-pile_arxiv-papers_en_text_document', 'weight': 1299034.0}, {'name': 'common-pile_biodiversity-heritage-library_en_text_document', 'weight': 107772.0}, {'name': 'common-pile_caselaw-access-project_en_text_document', 'weight': 929697.0}, {'name': 'common-pile_doab_en_text_document', 'weight': 712786.0}, {'name': 'common-pile_foodista_en_text_document', 'weight': 5603.0}, {'name': 'common-pile_github-archive_en_text_document', 'weight': 2244221.0}, {'name': 'common-pile_library-of-congress_en_text_document', 'weight': 101533.0}, {'name': 'common-pile_libretexts_en_text_document', 'weight': 21049.0}, {'name': 'common-pile_news_en_text_document', 'weight': 14354.0}, {'name': 'common-pile_oercommons_en_text_document', 'weight': 2748.0}, {'name': 'common-pile_peS2o_en_text_document', 'weight': 10166525.0}, {'name': 'common-pile_pre-1929-books_en_text_document', 'weight': 531517.0}, {'name': 'common-pile_pressbooks_en_text_document', 'weight': 31891.0}, {'name': 'common-pile_public-domain-review_en_text_document', 'weight': 382.0}, {'name': 'common-pile_pubmed_en_text_document', 'weight': 1869301.0}, {'name': 'common-pile_python-enhancement-proposals_en_text_document', 'weight': 652.0}, {'name': 'common-pile_regulations_en_text_document', 'weight': 266173.0}, {'name': 'common-pile_stackexchange_en_text_document', 'weight': 4985359.0}, {'name': 'common-pile_ubuntu-irc_en_text_document', 'weight': 482830.0}, {'name': 'common-pile_youtube_en_text_document', 'weight': 204765.0}, {'name': 'croissant-aligned_aligned_text_document', 'weight': 11618464.0}, {'name': 'culturax_fr_text_document_ratio1.30_phase0', 'weight': 57012131.0}, {'name': 'dclm-dolmino_en_text_document_ratio0.75_phase0', 'weight': 93003263.0}, {'name': 'europarl_aligned_text_document', 'weight': 215607.0}, {'name': 'europarl_multi_text_document', 'weight': 99752.0}, {'name': 'eurovoc_filtered_multi_text_document', 'weight': 2150091.0}, {'name': 'fineweb-edu_en_text_document_ratio0.75_phase0', 'weight': 214754282.0}, {'name': 'fineweb2_ar_text_document_ratio0.50_phase0', 'weight': 3350461.0}, {'name': 'fineweb2_ca_text_document_ratio0.05_phase0', 'weight': 92529.0}, {'name': 'fineweb2_de_text_document_ratio0.50_phase0', 'weight': 27173931.0}, {'name': 'fineweb2_es_text_document_ratio0.50_phase0', 'weight': 24393496.0}, {'name': 'fineweb2_fr_text_document_ratio1.30_phase0', 'weight': 50038822.0}, {'name': 'fineweb2_it_text_document_ratio0.50_phase0', 'weight': 13377940.0}, {'name': 'fineweb2_nl_text_document_ratio0.50_phase0', 'weight': 7435763.0}, {'name': 'fineweb2_pt_text_document_ratio0.50_phase0', 'weight': 9800040.0}, {'name': 'fineweb2_regional_text_document', 'weight': 2132152.0}, {'name': 'gallica_monographies_fr_text_document', 'weight': 5842786.0}, {'name': 'gallica_press_fr_text_document', 'weight': 22850320.0}, {'name': 'gutenberg_de_text_document', 'weight': 42330.0}, {'name': 'gutenberg_en_text_document', 'weight': 1187655.0}, {'name': 'gutenberg_es_text_document', 'weight': 21778.0}, {'name': 'gutenberg_fr_text_document', 'weight': 91991.0}, {'name': 'gutenberg_it_text_document', 'weight': 29909.0}, {'name': 'gutenberg_nl_text_document', 'weight': 24430.0}, {'name': 'gutenberg_pt_text_document', 'weight': 9241.0}, {'name': 'hal-cea_full-filtered_fr_text_document', 'weight': 7828031.0}, {'name': 'hplt2_fr_text_document_ratio1.30_phase0', 'weight': 70401931.0}, {'name': 'insee_fr_text_document', 'weight': 55377.0}, {'name': 'math-pile_math_text_document', 'weight': 2345197.0}, {'name': 'opendata_fr_text_document', 'weight': 2749409.0}, {'name': 'parlement_fr_text_document', 'weight': 282826.0}, {'name': 'starcoder-data_code_text_document', 'weight': 62922795.0}, {'name': 'theses_fr_text_document', 'weight': 3239718.0}, {'name': 'wikimedia-vikidia_ar_text_document', 'weight': 265451.0}, {'name': 'wikimedia-vikidia_ca_text_document_ratio0.20_phase0', 'weight': 58530.0}, {'name': 'wikimedia-vikidia_de_text_document', 'weight': 1098595.0}, {'name': 'wikimedia-vikidia_en_text_document', 'weight': 2882825.0}, {'name': 'wikimedia-vikidia_es_text_document', 'weight': 631843.0}, {'name': 'wikimedia-vikidia_fr_text_document', 'weight': 1276052.0}, {'name': 'wikimedia-vikidia_it_text_document', 'weight': 654077.0}, {'name': 'wikimedia-vikidia_pt_text_document', 'weight': 304392.0}, {'name': 'wikimedia-vikidia_regional_text_document', 'weight': 119234.0}, {'name': 'wikimedia_nl_text_document', 'weight': 345319.0}, {'name': 'youtube_fr_text_document', 'weight': 76194.0}]}
INFO:__main__:Using CLI tokenizer override: /work/p26037/barman/tokenizer_128k-arab-regional_v2
INFO:__main__:Global batch size: 1024
INFO:__main__:Sequence length: 4096
INFO:__main__:Tokens per batch: 4194304
INFO:__main__:Total tokens in datamix: 3002228277248
INFO:__main__:Global training/LR horizon (from --max_steps): 715788
INFO:__main__:Patched megatron.core.optimizer (accepted params: {'use_gloo_process_groups', 'no_weight_decay_cond', 'model_chunks', 'scale_lr_cond', 'lr_mult', 'config'})
INFO:utils:{'data_path': '/work/datasets/AI/tokens_luciole_phase1', 'total_tokens': 3002228277248, 'train': [{'name': 'claire_open_en_text_document', 'weight': 29003.0}, {'name': 'claire_open_fr_text_document', 'weight': 92129.0}, {'name': 'common-corpus_bnl-newspapers-1841-1879_fr_text_document', 'weight': 66237.0}, {'name': 'common-corpus_eurlex_multi_text_document', 'weight': 3601664.0}, {'name': 'common-corpus_gatt-library_multi_text_document', 'weight': 41322.0}, {'name': 'common-corpus_oecd_multi_text_document', 'weight': 121969.0}, {'name': 'common-corpus_tedeutenders_multi_text_document', 'weight': 31276.0}, {'name': 'common-corpus_wto_multi_text_document', 'weight': 577279.0}, {'name': 'common-pile_arxiv-abstracts_en_text_document', 'weight': 140138.0}, {'name': 'common-pile_arxiv-papers_en_text_document', 'weight': 1299034.0}, {'name': 'common-pile_biodiversity-heritage-library_en_text_document', 'weight': 107772.0}, {'name': 'common-pile_caselaw-access-project_en_text_document', 'weight': 929697.0}, {'name': 'common-pile_doab_en_text_document', 'weight': 712786.0}, {'name': 'common-pile_foodista_en_text_document', 'weight': 5603.0}, {'name': 'common-pile_github-archive_en_text_document', 'weight': 2244221.0}, {'name': 'common-pile_library-of-congress_en_text_document', 'weight': 101533.0}, {'name': 'common-pile_libretexts_en_text_document', 'weight': 21049.0}, {'name': 'common-pile_news_en_text_document', 'weight': 14354.0}, {'name': 'common-pile_oercommons_en_text_document', 'weight': 2748.0}, {'name': 'common-pile_peS2o_en_text_document', 'weight': 10166525.0}, {'name': 'common-pile_pre-1929-books_en_text_document', 'weight': 531517.0}, {'name': 'common-pile_pressbooks_en_text_document', 'weight': 31891.0}, {'name': 'common-pile_public-domain-review_en_text_document', 'weight': 382.0}, {'name': 'common-pile_pubmed_en_text_document', 'weight': 1869301.0}, {'name': 'common-pile_python-enhancement-proposals_en_text_document', 'weight': 652.0}, {'name': 'common-pile_regulations_en_text_document', 'weight': 266173.0}, {'name': 'common-pile_stackexchange_en_text_document', 'weight': 4985359.0}, {'name': 'common-pile_ubuntu-irc_en_text_document', 'weight': 482830.0}, {'name': 'common-pile_youtube_en_text_document', 'weight': 204765.0}, {'name': 'croissant-aligned_aligned_text_document', 'weight': 11618464.0}, {'name': 'culturax_fr_text_document_ratio1.30_phase0', 'weight': 57012131.0}, {'name': 'dclm-dolmino_en_text_document_ratio0.75_phase0', 'weight': 93003263.0}, {'name': 'europarl_aligned_text_document', 'weight': 215607.0}, {'name': 'europarl_multi_text_document', 'weight': 99752.0}, {'name': 'eurovoc_filtered_multi_text_document', 'weight': 2150091.0}, {'name': 'fineweb-edu_en_text_document_ratio0.75_phase0', 'weight': 214754282.0}, {'name': 'fineweb2_ar_text_document_ratio0.50_phase0', 'weight': 3350461.0}, {'name': 'fineweb2_ca_text_document_ratio0.05_phase0', 'weight': 92529.0}, {'name': 'fineweb2_de_text_document_ratio0.50_phase0', 'weight': 27173931.0}, {'name': 'fineweb2_es_text_document_ratio0.50_phase0', 'weight': 24393496.0}, {'name': 'fineweb2_fr_text_document_ratio1.30_phase0', 'weight': 50038822.0}, {'name': 'fineweb2_it_text_document_ratio0.50_phase0', 'weight': 13377940.0}, {'name': 'fineweb2_nl_text_document_ratio0.50_phase0', 'weight': 7435763.0}, {'name': 'fineweb2_pt_text_document_ratio0.50_phase0', 'weight': 9800040.0}, {'name': 'fineweb2_regional_text_document', 'weight': 2132152.0}, {'name': 'gallica_monographies_fr_text_document', 'weight': 5842786.0}, {'name': 'gallica_press_fr_text_document', 'weight': 22850320.0}, {'name': 'gutenberg_de_text_document', 'weight': 42330.0}, {'name': 'gutenberg_en_text_document', 'weight': 1187655.0}, {'name': 'gutenberg_es_text_document', 'weight': 21778.0}, {'name': 'gutenberg_fr_text_document', 'weight': 91991.0}, {'name': 'gutenberg_it_text_document', 'weight': 29909.0}, {'name': 'gutenberg_nl_text_document', 'weight': 24430.0}, {'name': 'gutenberg_pt_text_document', 'weight': 9241.0}, {'name': 'hal-cea_full-filtered_fr_text_document', 'weight': 7828031.0}, {'name': 'hplt2_fr_text_document_ratio1.30_phase0', 'weight': 70401931.0}, {'name': 'insee_fr_text_document', 'weight': 55377.0}, {'name': 'math-pile_math_text_document', 'weight': 2345197.0}, {'name': 'opendata_fr_text_document', 'weight': 2749409.0}, {'name': 'parlement_fr_text_document', 'weight': 282826.0}, {'name': 'starcoder-data_code_text_document', 'weight': 62922795.0}, {'name': 'theses_fr_text_document', 'weight': 3239718.0}, {'name': 'wikimedia-vikidia_ar_text_document', 'weight': 265451.0}, {'name': 'wikimedia-vikidia_ca_text_document_ratio0.20_phase0', 'weight': 58530.0}, {'name': 'wikimedia-vikidia_de_text_document', 'weight': 1098595.0}, {'name': 'wikimedia-vikidia_en_text_document', 'weight': 2882825.0}, {'name': 'wikimedia-vikidia_es_text_document', 'weight': 631843.0}, {'name': 'wikimedia-vikidia_fr_text_document', 'weight': 1276052.0}, {'name': 'wikimedia-vikidia_it_text_document', 'weight': 654077.0}, {'name': 'wikimedia-vikidia_pt_text_document', 'weight': 304392.0}, {'name': 'wikimedia-vikidia_regional_text_document', 'weight': 119234.0}, {'name': 'wikimedia_nl_text_document', 'weight': 345319.0}, {'name': 'youtube_fr_text_document', 'weight': 76194.0}]}
INFO:__main__:Using CLI tokenizer override: /work/p26037/barman/tokenizer_128k-arab-regional_v2
INFO:__main__:Global batch size: 1024
INFO:__main__:Sequence length: 4096
INFO:__main__:Tokens per batch: 4194304
INFO:__main__:Total tokens in datamix: 3002228277248
INFO:__main__:Global training/LR horizon (from --max_steps): 715788
INFO:__main__:Patched megatron.core.optimizer (accepted params: {'scale_lr_cond', 'lr_mult', 'config', 'no_weight_decay_cond', 'use_gloo_process_groups', 'model_chunks'})
INFO:utils:{'data_path': '/work/datasets/AI/tokens_luciole_phase1', 'total_tokens': 3002228277248, 'train': [{'name': 'claire_open_en_text_document', 'weight': 29003.0}, {'name': 'claire_open_fr_text_document', 'weight': 92129.0}, {'name': 'common-corpus_bnl-newspapers-1841-1879_fr_text_document', 'weight': 66237.0}, {'name': 'common-corpus_eurlex_multi_text_document', 'weight': 3601664.0}, {'name': 'common-corpus_gatt-library_multi_text_document', 'weight': 41322.0}, {'name': 'common-corpus_oecd_multi_text_document', 'weight': 121969.0}, {'name': 'common-corpus_tedeutenders_multi_text_document', 'weight': 31276.0}, {'name': 'common-corpus_wto_multi_text_document', 'weight': 577279.0}, {'name': 'common-pile_arxiv-abstracts_en_text_document', 'weight': 140138.0}, {'name': 'common-pile_arxiv-papers_en_text_document', 'weight': 1299034.0}, {'name': 'common-pile_biodiversity-heritage-library_en_text_document', 'weight': 107772.0}, {'name': 'common-pile_caselaw-access-project_en_text_document', 'weight': 929697.0}, {'name': 'common-pile_doab_en_text_document', 'weight': 712786.0}, {'name': 'common-pile_foodista_en_text_document', 'weight': 5603.0}, {'name': 'common-pile_github-archive_en_text_document', 'weight': 2244221.0}, {'name': 'common-pile_library-of-congress_en_text_document', 'weight': 101533.0}, {'name': 'common-pile_libretexts_en_text_document', 'weight': 21049.0}, {'name': 'common-pile_news_en_text_document', 'weight': 14354.0}, {'name': 'common-pile_oercommons_en_text_document', 'weight': 2748.0}, {'name': 'common-pile_peS2o_en_text_document', 'weight': 10166525.0}, {'name': 'common-pile_pre-1929-books_en_text_document', 'weight': 531517.0}, {'name': 'common-pile_pressbooks_en_text_document', 'weight': 31891.0}, {'name': 'common-pile_public-domain-review_en_text_document', 'weight': 382.0}, {'name': 'common-pile_pubmed_en_text_document', 'weight': 1869301.0}, {'name': 'common-pile_python-enhancement-proposals_en_text_document', 'weight': 652.0}, {'name': 'common-pile_regulations_en_text_document', 'weight': 266173.0}, {'name': 'common-pile_stackexchange_en_text_document', 'weight': 4985359.0}, {'name': 'common-pile_ubuntu-irc_en_text_document', 'weight': 482830.0}, {'name': 'common-pile_youtube_en_text_document', 'weight': 204765.0}, {'name': 'croissant-aligned_aligned_text_document', 'weight': 11618464.0}, {'name': 'culturax_fr_text_document_ratio1.30_phase0', 'weight': 57012131.0}, {'name': 'dclm-dolmino_en_text_document_ratio0.75_phase0', 'weight': 93003263.0}, {'name': 'europarl_aligned_text_document', 'weight': 215607.0}, {'name': 'europarl_multi_text_document', 'weight': 99752.0}, {'name': 'eurovoc_filtered_multi_text_document', 'weight': 2150091.0}, {'name': 'fineweb-edu_en_text_document_ratio0.75_phase0', 'weight': 214754282.0}, {'name': 'fineweb2_ar_text_document_ratio0.50_phase0', 'weight': 3350461.0}, {'name': 'fineweb2_ca_text_document_ratio0.05_phase0', 'weight': 92529.0}, {'name': 'fineweb2_de_text_document_ratio0.50_phase0', 'weight': 27173931.0}, {'name': 'fineweb2_es_text_document_ratio0.50_phase0', 'weight': 24393496.0}, {'name': 'fineweb2_fr_text_document_ratio1.30_phase0', 'weight': 50038822.0}, {'name': 'fineweb2_it_text_document_ratio0.50_phase0', 'weight': 13377940.0}, {'name': 'fineweb2_nl_text_document_ratio0.50_phase0', 'weight': 7435763.0}, {'name': 'fineweb2_pt_text_document_ratio0.50_phase0', 'weight': 9800040.0}, {'name': 'fineweb2_regional_text_document', 'weight': 2132152.0}, {'name': 'gallica_monographies_fr_text_document', 'weight': 5842786.0}, {'name': 'gallica_press_fr_text_document', 'weight': 22850320.0}, {'name': 'gutenberg_de_text_document', 'weight': 42330.0}, {'name': 'gutenberg_en_text_document', 'weight': 1187655.0}, {'name': 'gutenberg_es_text_document', 'weight': 21778.0}, {'name': 'gutenberg_fr_text_document', 'weight': 91991.0}, {'name': 'gutenberg_it_text_document', 'weight': 29909.0}, {'name': 'gutenberg_nl_text_document', 'weight': 24430.0}, {'name': 'gutenberg_pt_text_document', 'weight': 9241.0}, {'name': 'hal-cea_full-filtered_fr_text_document', 'weight': 7828031.0}, {'name': 'hplt2_fr_text_document_ratio1.30_phase0', 'weight': 70401931.0}, {'name': 'insee_fr_text_document', 'weight': 55377.0}, {'name': 'math-pile_math_text_document', 'weight': 2345197.0}, {'name': 'opendata_fr_text_document', 'weight': 2749409.0}, {'name': 'parlement_fr_text_document', 'weight': 282826.0}, {'name': 'starcoder-data_code_text_document', 'weight': 62922795.0}, {'name': 'theses_fr_text_document', 'weight': 3239718.0}, {'name': 'wikimedia-vikidia_ar_text_document', 'weight': 265451.0}, {'name': 'wikimedia-vikidia_ca_text_document_ratio0.20_phase0', 'weight': 58530.0}, {'name': 'wikimedia-vikidia_de_text_document', 'weight': 1098595.0}, {'name': 'wikimedia-vikidia_en_text_document', 'weight': 2882825.0}, {'name': 'wikimedia-vikidia_es_text_document', 'weight': 631843.0}, {'name': 'wikimedia-vikidia_fr_text_document', 'weight': 1276052.0}, {'name': 'wikimedia-vikidia_it_text_document', 'weight': 654077.0}, {'name': 'wikimedia-vikidia_pt_text_document', 'weight': 304392.0}, {'name': 'wikimedia-vikidia_regional_text_document', 'weight': 119234.0}, {'name': 'wikimedia_nl_text_document', 'weight': 345319.0}, {'name': 'youtube_fr_text_document', 'weight': 76194.0}]}
INFO:__main__:Using CLI tokenizer override: /work/p26037/barman/tokenizer_128k-arab-regional_v2
INFO:__main__:Global batch size: 1024
INFO:__main__:Sequence length: 4096
INFO:__main__:Tokens per batch: 4194304
INFO:__main__:Total tokens in datamix: 3002228277248
INFO:__main__:Global training/LR horizon (from --max_steps): 715788
INFO:__main__:Patched megatron.core.optimizer (accepted params: {'config', 'model_chunks', 'no_weight_decay_cond', 'lr_mult', 'use_gloo_process_groups', 'scale_lr_cond'})
INFO:utils:{'data_path': '/work/datasets/AI/tokens_luciole_phase1', 'total_tokens': 3002228277248, 'train': [{'name': 'claire_open_en_text_document', 'weight': 29003.0}, {'name': 'claire_open_fr_text_document', 'weight': 92129.0}, {'name': 'common-corpus_bnl-newspapers-1841-1879_fr_text_document', 'weight': 66237.0}, {'name': 'common-corpus_eurlex_multi_text_document', 'weight': 3601664.0}, {'name': 'common-corpus_gatt-library_multi_text_document', 'weight': 41322.0}, {'name': 'common-corpus_oecd_multi_text_document', 'weight': 121969.0}, {'name': 'common-corpus_tedeutenders_multi_text_document', 'weight': 31276.0}, {'name': 'common-corpus_wto_multi_text_document', 'weight': 577279.0}, {'name': 'common-pile_arxiv-abstracts_en_text_document', 'weight': 140138.0}, {'name': 'common-pile_arxiv-papers_en_text_document', 'weight': 1299034.0}, {'name': 'common-pile_biodiversity-heritage-library_en_text_document', 'weight': 107772.0}, {'name': 'common-pile_caselaw-access-project_en_text_document', 'weight': 929697.0}, {'name': 'common-pile_doab_en_text_document', 'weight': 712786.0}, {'name': 'common-pile_foodista_en_text_document', 'weight': 5603.0}, {'name': 'common-pile_github-archive_en_text_document', 'weight': 2244221.0}, {'name': 'common-pile_library-of-congress_en_text_document', 'weight': 101533.0}, {'name': 'common-pile_libretexts_en_text_document', 'weight': 21049.0}, {'name': 'common-pile_news_en_text_document', 'weight': 14354.0}, {'name': 'common-pile_oercommons_en_text_document', 'weight': 2748.0}, {'name': 'common-pile_peS2o_en_text_document', 'weight': 10166525.0}, {'name': 'common-pile_pre-1929-books_en_text_document', 'weight': 531517.0}, {'name': 'common-pile_pressbooks_en_text_document', 'weight': 31891.0}, {'name': 'common-pile_public-domain-review_en_text_document', 'weight': 382.0}, {'name': 'common-pile_pubmed_en_text_document', 'weight': 1869301.0}, {'name': 'common-pile_python-enhancement-proposals_en_text_document', 'weight': 652.0}, {'name': 'common-pile_regulations_en_text_document', 'weight': 266173.0}, {'name': 'common-pile_stackexchange_en_text_document', 'weight': 4985359.0}, {'name': 'common-pile_ubuntu-irc_en_text_document', 'weight': 482830.0}, {'name': 'common-pile_youtube_en_text_document', 'weight': 204765.0}, {'name': 'croissant-aligned_aligned_text_document', 'weight': 11618464.0}, {'name': 'culturax_fr_text_document_ratio1.30_phase0', 'weight': 57012131.0}, {'name': 'dclm-dolmino_en_text_document_ratio0.75_phase0', 'weight': 93003263.0}, {'name': 'europarl_aligned_text_document', 'weight': 215607.0}, {'name': 'europarl_multi_text_document', 'weight': 99752.0}, {'name': 'eurovoc_filtered_multi_text_document', 'weight': 2150091.0}, {'name': 'fineweb-edu_en_text_document_ratio0.75_phase0', 'weight': 214754282.0}, {'name': 'fineweb2_ar_text_document_ratio0.50_phase0', 'weight': 3350461.0}, {'name': 'fineweb2_ca_text_document_ratio0.05_phase0', 'weight': 92529.0}, {'name': 'fineweb2_de_text_document_ratio0.50_phase0', 'weight': 27173931.0}, {'name': 'fineweb2_es_text_document_ratio0.50_phase0', 'weight': 24393496.0}, {'name': 'fineweb2_fr_text_document_ratio1.30_phase0', 'weight': 50038822.0}, {'name': 'fineweb2_it_text_document_ratio0.50_phase0', 'weight': 13377940.0}, {'name': 'fineweb2_nl_text_document_ratio0.50_phase0', 'weight': 7435763.0}, {'name': 'fineweb2_pt_text_document_ratio0.50_phase0', 'weight': 9800040.0}, {'name': 'fineweb2_regional_text_document', 'weight': 2132152.0}, {'name': 'gallica_monographies_fr_text_document', 'weight': 5842786.0}, {'name': 'gallica_press_fr_text_document', 'weight': 22850320.0}, {'name': 'gutenberg_de_text_document', 'weight': 42330.0}, {'name': 'gutenberg_en_text_document', 'weight': 1187655.0}, {'name': 'gutenberg_es_text_document', 'weight': 21778.0}, {'name': 'gutenberg_fr_text_document', 'weight': 91991.0}, {'name': 'gutenberg_it_text_document', 'weight': 29909.0}, {'name': 'gutenberg_nl_text_document', 'weight': 24430.0}, {'name': 'gutenberg_pt_text_document', 'weight': 9241.0}, {'name': 'hal-cea_full-filtered_fr_text_document', 'weight': 7828031.0}, {'name': 'hplt2_fr_text_document_ratio1.30_phase0', 'weight': 70401931.0}, {'name': 'insee_fr_text_document', 'weight': 55377.0}, {'name': 'math-pile_math_text_document', 'weight': 2345197.0}, {'name': 'opendata_fr_text_document', 'weight': 2749409.0}, {'name': 'parlement_fr_text_document', 'weight': 282826.0}, {'name': 'starcoder-data_code_text_document', 'weight': 62922795.0}, {'name': 'theses_fr_text_document', 'weight': 3239718.0}, {'name': 'wikimedia-vikidia_ar_text_document', 'weight': 265451.0}, {'name': 'wikimedia-vikidia_ca_text_document_ratio0.20_phase0', 'weight': 58530.0}, {'name': 'wikimedia-vikidia_de_text_document', 'weight': 1098595.0}, {'name': 'wikimedia-vikidia_en_text_document', 'weight': 2882825.0}, {'name': 'wikimedia-vikidia_es_text_document', 'weight': 631843.0}, {'name': 'wikimedia-vikidia_fr_text_document', 'weight': 1276052.0}, {'name': 'wikimedia-vikidia_it_text_document', 'weight': 654077.0}, {'name': 'wikimedia-vikidia_pt_text_document', 'weight': 304392.0}, {'name': 'wikimedia-vikidia_regional_text_document', 'weight': 119234.0}, {'name': 'wikimedia_nl_text_document', 'weight': 345319.0}, {'name': 'youtube_fr_text_document', 'weight': 76194.0}]}
INFO:__main__:Using CLI tokenizer override: /work/p26037/barman/tokenizer_128k-arab-regional_v2
INFO:__main__:Global batch size: 1024
INFO:__main__:Sequence length: 4096
INFO:__main__:Tokens per batch: 4194304
INFO:__main__:Total tokens in datamix: 3002228277248
INFO:__main__:Global training/LR horizon (from --max_steps): 715788
INFO:__main__:Patched megatron.core.optimizer (accepted params: {'config', 'use_gloo_process_groups', 'no_weight_decay_cond', 'lr_mult', 'model_chunks', 'scale_lr_cond'})
INFO:__main__:SSA Triton: Using fused Triton SSA FlashAttention triton (n=1.50, b=0.80, compiled_bda=True)
INFO:__main__:SSA Triton: force_contiguous_qkv=True
INFO:__main__:SSA Triton: Using fused Triton SSA FlashAttention triton (n=1.50, b=0.80, compiled_bda=True)
INFO:__main__:SSA Triton: force_contiguous_qkv=True
INFO:__main__:SSA Triton: Using fused Triton SSA FlashAttention triton (n=1.50, b=0.80, compiled_bda=True)
INFO:__main__:SSA Triton: force_contiguous_qkv=True
INFO:__main__:SSA Triton: Using fused Triton SSA FlashAttention triton (n=1.50, b=0.80, compiled_bda=True)
INFO:__main__:SSA Triton: force_contiguous_qkv=True
INFO:__main__:Detected checkpoint at step 21499
INFO:__main__:Continuing to absolute trainer.max_steps = 715788 (remaining this run: 694289 steps)
INFO:__main__:Detected checkpoint at step 21499
INFO:__main__:Continuing to absolute trainer.max_steps = 715788 (remaining this run: 694289 steps)
INFO:__main__:Detected checkpoint at step 21499
INFO:__main__:Continuing to absolute trainer.max_steps = 715788 (remaining this run: 694289 steps)
INFO:__main__:Detected checkpoint at step 21499
INFO:__main__:Continuing to absolute trainer.max_steps = 715788 (remaining this run: 694289 steps)
INFO:__main__:Detected vocab_size from tokenizer: 128000
INFO:__main__:Detected vocab_size from tokenizer: 128000
INFO:__main__:Detected vocab_size from tokenizer: 128000
INFO:__main__:Detected vocab_size from tokenizer: 128000
INFO:__main__:LR scheduler max_steps = 715788, warmup_steps = 2000, min_lr = 2.9999999999999997e-05
INFO:__main__:Skipping Triton warmup (--skip_triton_warmup).
INFO:__main__:LR scheduler max_steps = 715788, warmup_steps = 2000, min_lr = 2.9999999999999997e-05
INFO:__main__:Skipping Triton warmup (--skip_triton_warmup).
INFO:__main__:LR scheduler max_steps = 715788, warmup_steps = 2000, min_lr = 2.9999999999999997e-05
INFO:__main__:Skipping Triton warmup (--skip_triton_warmup).
INFO:__main__:LR scheduler max_steps = 715788, warmup_steps = 2000, min_lr = 2.9999999999999997e-05
INFO:__main__:Skipping Triton warmup (--skip_triton_warmup).
INFO:utils:{'data_path': '/work/datasets/AI/tokens_luciole_phase1', 'total_tokens': 3002228277248, 'train': [{'name': 'claire_open_en_text_document', 'weight': 29003.0}, {'name': 'claire_open_fr_text_document', 'weight': 92129.0}, {'name': 'common-corpus_bnl-newspapers-1841-1879_fr_text_document', 'weight': 66237.0}, {'name': 'common-corpus_eurlex_multi_text_document', 'weight': 3601664.0}, {'name': 'common-corpus_gatt-library_multi_text_document', 'weight': 41322.0}, {'name': 'common-corpus_oecd_multi_text_document', 'weight': 121969.0}, {'name': 'common-corpus_tedeutenders_multi_text_document', 'weight': 31276.0}, {'name': 'common-corpus_wto_multi_text_document', 'weight': 577279.0}, {'name': 'common-pile_arxiv-abstracts_en_text_document', 'weight': 140138.0}, {'name': 'common-pile_arxiv-papers_en_text_document', 'weight': 1299034.0}, {'name': 'common-pile_biodiversity-heritage-library_en_text_document', 'weight': 107772.0}, {'name': 'common-pile_caselaw-access-project_en_text_document', 'weight': 929697.0}, {'name': 'common-pile_doab_en_text_document', 'weight': 712786.0}, {'name': 'common-pile_foodista_en_text_document', 'weight': 5603.0}, {'name': 'common-pile_github-archive_en_text_document', 'weight': 2244221.0}, {'name': 'common-pile_library-of-congress_en_text_document', 'weight': 101533.0}, {'name': 'common-pile_libretexts_en_text_document', 'weight': 21049.0}, {'name': 'common-pile_news_en_text_document', 'weight': 14354.0}, {'name': 'common-pile_oercommons_en_text_document', 'weight': 2748.0}, {'name': 'common-pile_peS2o_en_text_document', 'weight': 10166525.0}, {'name': 'common-pile_pre-1929-books_en_text_document', 'weight': 531517.0}, {'name': 'common-pile_pressbooks_en_text_document', 'weight': 31891.0}, {'name': 'common-pile_public-domain-review_en_text_document', 'weight': 382.0}, {'name': 'common-pile_pubmed_en_text_document', 'weight': 1869301.0}, {'name': 'common-pile_python-enhancement-proposals_en_text_document', 'weight': 652.0}, {'name': 'common-pile_regulations_en_text_document', 'weight': 266173.0}, {'name': 'common-pile_stackexchange_en_text_document', 'weight': 4985359.0}, {'name': 'common-pile_ubuntu-irc_en_text_document', 'weight': 482830.0}, {'name': 'common-pile_youtube_en_text_document', 'weight': 204765.0}, {'name': 'croissant-aligned_aligned_text_document', 'weight': 11618464.0}, {'name': 'culturax_fr_text_document_ratio1.30_phase0', 'weight': 57012131.0}, {'name': 'dclm-dolmino_en_text_document_ratio0.75_phase0', 'weight': 93003263.0}, {'name': 'europarl_aligned_text_document', 'weight': 215607.0}, {'name': 'europarl_multi_text_document', 'weight': 99752.0}, {'name': 'eurovoc_filtered_multi_text_document', 'weight': 2150091.0}, {'name': 'fineweb-edu_en_text_document_ratio0.75_phase0', 'weight': 214754282.0}, {'name': 'fineweb2_ar_text_document_ratio0.50_phase0', 'weight': 3350461.0}, {'name': 'fineweb2_ca_text_document_ratio0.05_phase0', 'weight': 92529.0}, {'name': 'fineweb2_de_text_document_ratio0.50_phase0', 'weight': 27173931.0}, {'name': 'fineweb2_es_text_document_ratio0.50_phase0', 'weight': 24393496.0}, {'name': 'fineweb2_fr_text_document_ratio1.30_phase0', 'weight': 50038822.0}, {'name': 'fineweb2_it_text_document_ratio0.50_phase0', 'weight': 13377940.0}, {'name': 'fineweb2_nl_text_document_ratio0.50_phase0', 'weight': 7435763.0}, {'name': 'fineweb2_pt_text_document_ratio0.50_phase0', 'weight': 9800040.0}, {'name': 'fineweb2_regional_text_document', 'weight': 2132152.0}, {'name': 'gallica_monographies_fr_text_document', 'weight': 5842786.0}, {'name': 'gallica_press_fr_text_document', 'weight': 22850320.0}, {'name': 'gutenberg_de_text_document', 'weight': 42330.0}, {'name': 'gutenberg_en_text_document', 'weight': 1187655.0}, {'name': 'gutenberg_es_text_document', 'weight': 21778.0}, {'name': 'gutenberg_fr_text_document', 'weight': 91991.0}, {'name': 'gutenberg_it_text_document', 'weight': 29909.0}, {'name': 'gutenberg_nl_text_document', 'weight': 24430.0}, {'name': 'gutenberg_pt_text_document', 'weight': 9241.0}, {'name': 'hal-cea_full-filtered_fr_text_document', 'weight': 7828031.0}, {'name': 'hplt2_fr_text_document_ratio1.30_phase0', 'weight': 70401931.0}, {'name': 'insee_fr_text_document', 'weight': 55377.0}, {'name': 'math-pile_math_text_document', 'weight': 2345197.0}, {'name': 'opendata_fr_text_document', 'weight': 2749409.0}, {'name': 'parlement_fr_text_document', 'weight': 282826.0}, {'name': 'starcoder-data_code_text_document', 'weight': 62922795.0}, {'name': 'theses_fr_text_document', 'weight': 3239718.0}, {'name': 'wikimedia-vikidia_ar_text_document', 'weight': 265451.0}, {'name': 'wikimedia-vikidia_ca_text_document_ratio0.20_phase0', 'weight': 58530.0}, {'name': 'wikimedia-vikidia_de_text_document', 'weight': 1098595.0}, {'name': 'wikimedia-vikidia_en_text_document', 'weight': 2882825.0}, {'name': 'wikimedia-vikidia_es_text_document', 'weight': 631843.0}, {'name': 'wikimedia-vikidia_fr_text_document', 'weight': 1276052.0}, {'name': 'wikimedia-vikidia_it_text_document', 'weight': 654077.0}, {'name': 'wikimedia-vikidia_pt_text_document', 'weight': 304392.0}, {'name': 'wikimedia-vikidia_regional_text_document', 'weight': 119234.0}, {'name': 'wikimedia_nl_text_document', 'weight': 345319.0}, {'name': 'youtube_fr_text_document', 'weight': 76194.0}]}
INFO:__main__:Using CLI tokenizer override: /work/p26037/barman/tokenizer_128k-arab-regional_v2
INFO:__main__:Global batch size: 1024
INFO:__main__:Sequence length: 4096
INFO:__main__:Tokens per batch: 4194304
INFO:__main__:Total tokens in datamix: 3002228277248
INFO:__main__:Global training/LR horizon (from --max_steps): 715788
INFO:__main__:Patched megatron.core.optimizer (accepted params: {'config', 'no_weight_decay_cond', 'model_chunks', 'use_gloo_process_groups', 'scale_lr_cond', 'lr_mult'})
INFO:utils:{'data_path': '/work/datasets/AI/tokens_luciole_phase1', 'total_tokens': 3002228277248, 'train': [{'name': 'claire_open_en_text_document', 'weight': 29003.0}, {'name': 'claire_open_fr_text_document', 'weight': 92129.0}, {'name': 'common-corpus_bnl-newspapers-1841-1879_fr_text_document', 'weight': 66237.0}, {'name': 'common-corpus_eurlex_multi_text_document', 'weight': 3601664.0}, {'name': 'common-corpus_gatt-library_multi_text_document', 'weight': 41322.0}, {'name': 'common-corpus_oecd_multi_text_document', 'weight': 121969.0}, {'name': 'common-corpus_tedeutenders_multi_text_document', 'weight': 31276.0}, {'name': 'common-corpus_wto_multi_text_document', 'weight': 577279.0}, {'name': 'common-pile_arxiv-abstracts_en_text_document', 'weight': 140138.0}, {'name': 'common-pile_arxiv-papers_en_text_document', 'weight': 1299034.0}, {'name': 'common-pile_biodiversity-heritage-library_en_text_document', 'weight': 107772.0}, {'name': 'common-pile_caselaw-access-project_en_text_document', 'weight': 929697.0}, {'name': 'common-pile_doab_en_text_document', 'weight': 712786.0}, {'name': 'common-pile_foodista_en_text_document', 'weight': 5603.0}, {'name': 'common-pile_github-archive_en_text_document', 'weight': 2244221.0}, {'name': 'common-pile_library-of-congress_en_text_document', 'weight': 101533.0}, {'name': 'common-pile_libretexts_en_text_document', 'weight': 21049.0}, {'name': 'common-pile_news_en_text_document', 'weight': 14354.0}, {'name': 'common-pile_oercommons_en_text_document', 'weight': 2748.0}, {'name': 'common-pile_peS2o_en_text_document', 'weight': 10166525.0}, {'name': 'common-pile_pre-1929-books_en_text_document', 'weight': 531517.0}, {'name': 'common-pile_pressbooks_en_text_document', 'weight': 31891.0}, {'name': 'common-pile_public-domain-review_en_text_document', 'weight': 382.0}, {'name': 'common-pile_pubmed_en_text_document', 'weight': 1869301.0}, {'name': 'common-pile_python-enhancement-proposals_en_text_document', 'weight': 652.0}, {'name': 'common-pile_regulations_en_text_document', 'weight': 266173.0}, {'name': 'common-pile_stackexchange_en_text_document', 'weight': 4985359.0}, {'name': 'common-pile_ubuntu-irc_en_text_document', 'weight': 482830.0}, {'name': 'common-pile_youtube_en_text_document', 'weight': 204765.0}, {'name': 'croissant-aligned_aligned_text_document', 'weight': 11618464.0}, {'name': 'culturax_fr_text_document_ratio1.30_phase0', 'weight': 57012131.0}, {'name': 'dclm-dolmino_en_text_document_ratio0.75_phase0', 'weight': 93003263.0}, {'name': 'europarl_aligned_text_document', 'weight': 215607.0}, {'name': 'europarl_multi_text_document', 'weight': 99752.0}, {'name': 'eurovoc_filtered_multi_text_document', 'weight': 2150091.0}, {'name': 'fineweb-edu_en_text_document_ratio0.75_phase0', 'weight': 214754282.0}, {'name': 'fineweb2_ar_text_document_ratio0.50_phase0', 'weight': 3350461.0}, {'name': 'fineweb2_ca_text_document_ratio0.05_phase0', 'weight': 92529.0}, {'name': 'fineweb2_de_text_document_ratio0.50_phase0', 'weight': 27173931.0}, {'name': 'fineweb2_es_text_document_ratio0.50_phase0', 'weight': 24393496.0}, {'name': 'fineweb2_fr_text_document_ratio1.30_phase0', 'weight': 50038822.0}, {'name': 'fineweb2_it_text_document_ratio0.50_phase0', 'weight': 13377940.0}, {'name': 'fineweb2_nl_text_document_ratio0.50_phase0', 'weight': 7435763.0}, {'name': 'fineweb2_pt_text_document_ratio0.50_phase0', 'weight': 9800040.0}, {'name': 'fineweb2_regional_text_document', 'weight': 2132152.0}, {'name': 'gallica_monographies_fr_text_document', 'weight': 5842786.0}, {'name': 'gallica_press_fr_text_document', 'weight': 22850320.0}, {'name': 'gutenberg_de_text_document', 'weight': 42330.0}, {'name': 'gutenberg_en_text_document', 'weight': 1187655.0}, {'name': 'gutenberg_es_text_document', 'weight': 21778.0}, {'name': 'gutenberg_fr_text_document', 'weight': 91991.0}, {'name': 'gutenberg_it_text_document', 'weight': 29909.0}, {'name': 'gutenberg_nl_text_document', 'weight': 24430.0}, {'name': 'gutenberg_pt_text_document', 'weight': 9241.0}, {'name': 'hal-cea_full-filtered_fr_text_document', 'weight': 7828031.0}, {'name': 'hplt2_fr_text_document_ratio1.30_phase0', 'weight': 70401931.0}, {'name': 'insee_fr_text_document', 'weight': 55377.0}, {'name': 'math-pile_math_text_document', 'weight': 2345197.0}, {'name': 'opendata_fr_text_document', 'weight': 2749409.0}, {'name': 'parlement_fr_text_document', 'weight': 282826.0}, {'name': 'starcoder-data_code_text_document', 'weight': 62922795.0}, {'name': 'theses_fr_text_document', 'weight': 3239718.0}, {'name': 'wikimedia-vikidia_ar_text_document', 'weight': 265451.0}, {'name': 'wikimedia-vikidia_ca_text_document_ratio0.20_phase0', 'weight': 58530.0}, {'name': 'wikimedia-vikidia_de_text_document', 'weight': 1098595.0}, {'name': 'wikimedia-vikidia_en_text_document', 'weight': 2882825.0}, {'name': 'wikimedia-vikidia_es_text_document', 'weight': 631843.0}, {'name': 'wikimedia-vikidia_fr_text_document', 'weight': 1276052.0}, {'name': 'wikimedia-vikidia_it_text_document', 'weight': 654077.0}, {'name': 'wikimedia-vikidia_pt_text_document', 'weight': 304392.0}, {'name': 'wikimedia-vikidia_regional_text_document', 'weight': 119234.0}, {'name': 'wikimedia_nl_text_document', 'weight': 345319.0}, {'name': 'youtube_fr_text_document', 'weight': 76194.0}]}
INFO:__main__:Using CLI tokenizer override: /work/p26037/barman/tokenizer_128k-arab-regional_v2
INFO:__main__:Global batch size: 1024
INFO:__main__:Sequence length: 4096
INFO:__main__:Tokens per batch: 4194304
INFO:__main__:Total tokens in datamix: 3002228277248
INFO:__main__:Global training/LR horizon (from --max_steps): 715788
INFO:__main__:Patched megatron.core.optimizer (accepted params: {'model_chunks', 'use_gloo_process_groups', 'no_weight_decay_cond', 'lr_mult', 'config', 'scale_lr_cond'})
INFO:utils:{'data_path': '/work/datasets/AI/tokens_luciole_phase1', 'total_tokens': 3002228277248, 'train': [{'name': 'claire_open_en_text_document', 'weight': 29003.0}, {'name': 'claire_open_fr_text_document', 'weight': 92129.0}, {'name': 'common-corpus_bnl-newspapers-1841-1879_fr_text_document', 'weight': 66237.0}, {'name': 'common-corpus_eurlex_multi_text_document', 'weight': 3601664.0}, {'name': 'common-corpus_gatt-library_multi_text_document', 'weight': 41322.0}, {'name': 'common-corpus_oecd_multi_text_document', 'weight': 121969.0}, {'name': 'common-corpus_tedeutenders_multi_text_document', 'weight': 31276.0}, {'name': 'common-corpus_wto_multi_text_document', 'weight': 577279.0}, {'name': 'common-pile_arxiv-abstracts_en_text_document', 'weight': 140138.0}, {'name': 'common-pile_arxiv-papers_en_text_document', 'weight': 1299034.0}, {'name': 'common-pile_biodiversity-heritage-library_en_text_document', 'weight': 107772.0}, {'name': 'common-pile_caselaw-access-project_en_text_document', 'weight': 929697.0}, {'name': 'common-pile_doab_en_text_document', 'weight': 712786.0}, {'name': 'common-pile_foodista_en_text_document', 'weight': 5603.0}, {'name': 'common-pile_github-archive_en_text_document', 'weight': 2244221.0}, {'name': 'common-pile_library-of-congress_en_text_document', 'weight': 101533.0}, {'name': 'common-pile_libretexts_en_text_document', 'weight': 21049.0}, {'name': 'common-pile_news_en_text_document', 'weight': 14354.0}, {'name': 'common-pile_oercommons_en_text_document', 'weight': 2748.0}, {'name': 'common-pile_peS2o_en_text_document', 'weight': 10166525.0}, {'name': 'common-pile_pre-1929-books_en_text_document', 'weight': 531517.0}, {'name': 'common-pile_pressbooks_en_text_document', 'weight': 31891.0}, {'name': 'common-pile_public-domain-review_en_text_document', 'weight': 382.0}, {'name': 'common-pile_pubmed_en_text_document', 'weight': 1869301.0}, {'name': 'common-pile_python-enhancement-proposals_en_text_document', 'weight': 652.0}, {'name': 'common-pile_regulations_en_text_document', 'weight': 266173.0}, {'name': 'common-pile_stackexchange_en_text_document', 'weight': 4985359.0}, {'name': 'common-pile_ubuntu-irc_en_text_document', 'weight': 482830.0}, {'name': 'common-pile_youtube_en_text_document', 'weight': 204765.0}, {'name': 'croissant-aligned_aligned_text_document', 'weight': 11618464.0}, {'name': 'culturax_fr_text_document_ratio1.30_phase0', 'weight': 57012131.0}, {'name': 'dclm-dolmino_en_text_document_ratio0.75_phase0', 'weight': 93003263.0}, {'name': 'europarl_aligned_text_document', 'weight': 215607.0}, {'name': 'europarl_multi_text_document', 'weight': 99752.0}, {'name': 'eurovoc_filtered_multi_text_document', 'weight': 2150091.0}, {'name': 'fineweb-edu_en_text_document_ratio0.75_phase0', 'weight': 214754282.0}, {'name': 'fineweb2_ar_text_document_ratio0.50_phase0', 'weight': 3350461.0}, {'name': 'fineweb2_ca_text_document_ratio0.05_phase0', 'weight': 92529.0}, {'name': 'fineweb2_de_text_document_ratio0.50_phase0', 'weight': 27173931.0}, {'name': 'fineweb2_es_text_document_ratio0.50_phase0', 'weight': 24393496.0}, {'name': 'fineweb2_fr_text_document_ratio1.30_phase0', 'weight': 50038822.0}, {'name': 'fineweb2_it_text_document_ratio0.50_phase0', 'weight': 13377940.0}, {'name': 'fineweb2_nl_text_document_ratio0.50_phase0', 'weight': 7435763.0}, {'name': 'fineweb2_pt_text_document_ratio0.50_phase0', 'weight': 9800040.0}, {'name': 'fineweb2_regional_text_document', 'weight': 2132152.0}, {'name': 'gallica_monographies_fr_text_document', 'weight': 5842786.0}, {'name': 'gallica_press_fr_text_document', 'weight': 22850320.0}, {'name': 'gutenberg_de_text_document', 'weight': 42330.0}, {'name': 'gutenberg_en_text_document', 'weight': 1187655.0}, {'name': 'gutenberg_es_text_document', 'weight': 21778.0}, {'name': 'gutenberg_fr_text_document', 'weight': 91991.0}, {'name': 'gutenberg_it_text_document', 'weight': 29909.0}, {'name': 'gutenberg_nl_text_document', 'weight': 24430.0}, {'name': 'gutenberg_pt_text_document', 'weight': 9241.0}, {'name': 'hal-cea_full-filtered_fr_text_document', 'weight': 7828031.0}, {'name': 'hplt2_fr_text_document_ratio1.30_phase0', 'weight': 70401931.0}, {'name': 'insee_fr_text_document', 'weight': 55377.0}, {'name': 'math-pile_math_text_document', 'weight': 2345197.0}, {'name': 'opendata_fr_text_document', 'weight': 2749409.0}, {'name': 'parlement_fr_text_document', 'weight': 282826.0}, {'name': 'starcoder-data_code_text_document', 'weight': 62922795.0}, {'name': 'theses_fr_text_document', 'weight': 3239718.0}, {'name': 'wikimedia-vikidia_ar_text_document', 'weight': 265451.0}, {'name': 'wikimedia-vikidia_ca_text_document_ratio0.20_phase0', 'weight': 58530.0}, {'name': 'wikimedia-vikidia_de_text_document', 'weight': 1098595.0}, {'name': 'wikimedia-vikidia_en_text_document', 'weight': 2882825.0}, {'name': 'wikimedia-vikidia_es_text_document', 'weight': 631843.0}, {'name': 'wikimedia-vikidia_fr_text_document', 'weight': 1276052.0}, {'name': 'wikimedia-vikidia_it_text_document', 'weight': 654077.0}, {'name': 'wikimedia-vikidia_pt_text_document', 'weight': 304392.0}, {'name': 'wikimedia-vikidia_regional_text_document', 'weight': 119234.0}, {'name': 'wikimedia_nl_text_document', 'weight': 345319.0}, {'name': 'youtube_fr_text_document', 'weight': 76194.0}]}
INFO:__main__:Using CLI tokenizer override: /work/p26037/barman/tokenizer_128k-arab-regional_v2
INFO:__main__:Global batch size: 1024
INFO:__main__:Sequence length: 4096
INFO:__main__:Tokens per batch: 4194304
INFO:__main__:Total tokens in datamix: 3002228277248
INFO:__main__:Global training/LR horizon (from --max_steps): 715788
INFO:__main__:Patched megatron.core.optimizer (accepted params: {'model_chunks', 'use_gloo_process_groups', 'scale_lr_cond', 'no_weight_decay_cond', 'config', 'lr_mult'})
INFO:utils:{'data_path': '/work/datasets/AI/tokens_luciole_phase1', 'total_tokens': 3002228277248, 'train': [{'name': 'claire_open_en_text_document', 'weight': 29003.0}, {'name': 'claire_open_fr_text_document', 'weight': 92129.0}, {'name': 'common-corpus_bnl-newspapers-1841-1879_fr_text_document', 'weight': 66237.0}, {'name': 'common-corpus_eurlex_multi_text_document', 'weight': 3601664.0}, {'name': 'common-corpus_gatt-library_multi_text_document', 'weight': 41322.0}, {'name': 'common-corpus_oecd_multi_text_document', 'weight': 121969.0}, {'name': 'common-corpus_tedeutenders_multi_text_document', 'weight': 31276.0}, {'name': 'common-corpus_wto_multi_text_document', 'weight': 577279.0}, {'name': 'common-pile_arxiv-abstracts_en_text_document', 'weight': 140138.0}, {'name': 'common-pile_arxiv-papers_en_text_document', 'weight': 1299034.0}, {'name': 'common-pile_biodiversity-heritage-library_en_text_document', 'weight': 107772.0}, {'name': 'common-pile_caselaw-access-project_en_text_document', 'weight': 929697.0}, {'name': 'common-pile_doab_en_text_document', 'weight': 712786.0}, {'name': 'common-pile_foodista_en_text_document', 'weight': 5603.0}, {'name': 'common-pile_github-archive_en_text_document', 'weight': 2244221.0}, {'name': 'common-pile_library-of-congress_en_text_document', 'weight': 101533.0}, {'name': 'common-pile_libretexts_en_text_document', 'weight': 21049.0}, {'name': 'common-pile_news_en_text_document', 'weight': 14354.0}, {'name': 'common-pile_oercommons_en_text_document', 'weight': 2748.0}, {'name': 'common-pile_peS2o_en_text_document', 'weight': 10166525.0}, {'name': 'common-pile_pre-1929-books_en_text_document', 'weight': 531517.0}, {'name': 'common-pile_pressbooks_en_text_document', 'weight': 31891.0}, {'name': 'common-pile_public-domain-review_en_text_document', 'weight': 382.0}, {'name': 'common-pile_pubmed_en_text_document', 'weight': 1869301.0}, {'name': 'common-pile_python-enhancement-proposals_en_text_document', 'weight': 652.0}, {'name': 'common-pile_regulations_en_text_document', 'weight': 266173.0}, {'name': 'common-pile_stackexchange_en_text_document', 'weight': 4985359.0}, {'name': 'common-pile_ubuntu-irc_en_text_document', 'weight': 482830.0}, {'name': 'common-pile_youtube_en_text_document', 'weight': 204765.0}, {'name': 'croissant-aligned_aligned_text_document', 'weight': 11618464.0}, {'name': 'culturax_fr_text_document_ratio1.30_phase0', 'weight': 57012131.0}, {'name': 'dclm-dolmino_en_text_document_ratio0.75_phase0', 'weight': 93003263.0}, {'name': 'europarl_aligned_text_document', 'weight': 215607.0}, {'name': 'europarl_multi_text_document', 'weight': 99752.0}, {'name': 'eurovoc_filtered_multi_text_document', 'weight': 2150091.0}, {'name': 'fineweb-edu_en_text_document_ratio0.75_phase0', 'weight': 214754282.0}, {'name': 'fineweb2_ar_text_document_ratio0.50_phase0', 'weight': 3350461.0}, {'name': 'fineweb2_ca_text_document_ratio0.05_phase0', 'weight': 92529.0}, {'name': 'fineweb2_de_text_document_ratio0.50_phase0', 'weight': 27173931.0}, {'name': 'fineweb2_es_text_document_ratio0.50_phase0', 'weight': 24393496.0}, {'name': 'fineweb2_fr_text_document_ratio1.30_phase0', 'weight': 50038822.0}, {'name': 'fineweb2_it_text_document_ratio0.50_phase0', 'weight': 13377940.0}, {'name': 'fineweb2_nl_text_document_ratio0.50_phase0', 'weight': 7435763.0}, {'name': 'fineweb2_pt_text_document_ratio0.50_phase0', 'weight': 9800040.0}, {'name': 'fineweb2_regional_text_document', 'weight': 2132152.0}, {'name': 'gallica_monographies_fr_text_document', 'weight': 5842786.0}, {'name': 'gallica_press_fr_text_document', 'weight': 22850320.0}, {'name': 'gutenberg_de_text_document', 'weight': 42330.0}, {'name': 'gutenberg_en_text_document', 'weight': 1187655.0}, {'name': 'gutenberg_es_text_document', 'weight': 21778.0}, {'name': 'gutenberg_fr_text_document', 'weight': 91991.0}, {'name': 'gutenberg_it_text_document', 'weight': 29909.0}, {'name': 'gutenberg_nl_text_document', 'weight': 24430.0}, {'name': 'gutenberg_pt_text_document', 'weight': 9241.0}, {'name': 'hal-cea_full-filtered_fr_text_document', 'weight': 7828031.0}, {'name': 'hplt2_fr_text_document_ratio1.30_phase0', 'weight': 70401931.0}, {'name': 'insee_fr_text_document', 'weight': 55377.0}, {'name': 'math-pile_math_text_document', 'weight': 2345197.0}, {'name': 'opendata_fr_text_document', 'weight': 2749409.0}, {'name': 'parlement_fr_text_document', 'weight': 282826.0}, {'name': 'starcoder-data_code_text_document', 'weight': 62922795.0}, {'name': 'theses_fr_text_document', 'weight': 3239718.0}, {'name': 'wikimedia-vikidia_ar_text_document', 'weight': 265451.0}, {'name': 'wikimedia-vikidia_ca_text_document_ratio0.20_phase0', 'weight': 58530.0}, {'name': 'wikimedia-vikidia_de_text_document', 'weight': 1098595.0}, {'name': 'wikimedia-vikidia_en_text_document', 'weight': 2882825.0}, {'name': 'wikimedia-vikidia_es_text_document', 'weight': 631843.0}, {'name': 'wikimedia-vikidia_fr_text_document', 'weight': 1276052.0}, {'name': 'wikimedia-vikidia_it_text_document', 'weight': 654077.0}, {'name': 'wikimedia-vikidia_pt_text_document', 'weight': 304392.0}, {'name': 'wikimedia-vikidia_regional_text_document', 'weight': 119234.0}, {'name': 'wikimedia_nl_text_document', 'weight': 345319.0}, {'name': 'youtube_fr_text_document', 'weight': 76194.0}]}
INFO:__main__:Using CLI tokenizer override: /work/p26037/barman/tokenizer_128k-arab-regional_v2
INFO:__main__:Global batch size: 1024
INFO:__main__:Sequence length: 4096
INFO:__main__:Tokens per batch: 4194304
INFO:__main__:Total tokens in datamix: 3002228277248
INFO:__main__:Global training/LR horizon (from --max_steps): 715788
INFO:__main__:Patched megatron.core.optimizer (accepted params: {'scale_lr_cond', 'use_gloo_process_groups', 'config', 'no_weight_decay_cond', 'model_chunks', 'lr_mult'})
INFO:__main__:SSA Triton: Using fused Triton SSA FlashAttention triton (n=1.50, b=0.80, compiled_bda=True)
INFO:__main__:SSA Triton: force_contiguous_qkv=True
INFO:utils:{'data_path': '/work/datasets/AI/tokens_luciole_phase1', 'total_tokens': 3002228277248, 'train': [{'name': 'claire_open_en_text_document', 'weight': 29003.0}, {'name': 'claire_open_fr_text_document', 'weight': 92129.0}, {'name': 'common-corpus_bnl-newspapers-1841-1879_fr_text_document', 'weight': 66237.0}, {'name': 'common-corpus_eurlex_multi_text_document', 'weight': 3601664.0}, {'name': 'common-corpus_gatt-library_multi_text_document', 'weight': 41322.0}, {'name': 'common-corpus_oecd_multi_text_document', 'weight': 121969.0}, {'name': 'common-corpus_tedeutenders_multi_text_document', 'weight': 31276.0}, {'name': 'common-corpus_wto_multi_text_document', 'weight': 577279.0}, {'name': 'common-pile_arxiv-abstracts_en_text_document', 'weight': 140138.0}, {'name': 'common-pile_arxiv-papers_en_text_document', 'weight': 1299034.0}, {'name': 'common-pile_biodiversity-heritage-library_en_text_document', 'weight': 107772.0}, {'name': 'common-pile_caselaw-access-project_en_text_document', 'weight': 929697.0}, {'name': 'common-pile_doab_en_text_document', 'weight': 712786.0}, {'name': 'common-pile_foodista_en_text_document', 'weight': 5603.0}, {'name': 'common-pile_github-archive_en_text_document', 'weight': 2244221.0}, {'name': 'common-pile_library-of-congress_en_text_document', 'weight': 101533.0}, {'name': 'common-pile_libretexts_en_text_document', 'weight': 21049.0}, {'name': 'common-pile_news_en_text_document', 'weight': 14354.0}, {'name': 'common-pile_oercommons_en_text_document', 'weight': 2748.0}, {'name': 'common-pile_peS2o_en_text_document', 'weight': 10166525.0}, {'name': 'common-pile_pre-1929-books_en_text_document', 'weight': 531517.0}, {'name': 'common-pile_pressbooks_en_text_document', 'weight': 31891.0}, {'name': 'common-pile_public-domain-review_en_text_document', 'weight': 382.0}, {'name': 'common-pile_pubmed_en_text_document', 'weight': 1869301.0}, {'name': 'common-pile_python-enhancement-proposals_en_text_document', 'weight': 652.0}, {'name': 'common-pile_regulations_en_text_document', 'weight': 266173.0}, {'name': 'common-pile_stackexchange_en_text_document', 'weight': 4985359.0}, {'name': 'common-pile_ubuntu-irc_en_text_document', 'weight': 482830.0}, {'name': 'common-pile_youtube_en_text_document', 'weight': 204765.0}, {'name': 'croissant-aligned_aligned_text_document', 'weight': 11618464.0}, {'name': 'culturax_fr_text_document_ratio1.30_phase0', 'weight': 57012131.0}, {'name': 'dclm-dolmino_en_text_document_ratio0.75_phase0', 'weight': 93003263.0}, {'name': 'europarl_aligned_text_document', 'weight': 215607.0}, {'name': 'europarl_multi_text_document', 'weight': 99752.0}, {'name': 'eurovoc_filtered_multi_text_document', 'weight': 2150091.0}, {'name': 'fineweb-edu_en_text_document_ratio0.75_phase0', 'weight': 214754282.0}, {'name': 'fineweb2_ar_text_document_ratio0.50_phase0', 'weight': 3350461.0}, {'name': 'fineweb2_ca_text_document_ratio0.05_phase0', 'weight': 92529.0}, {'name': 'fineweb2_de_text_document_ratio0.50_phase0', 'weight': 27173931.0}, {'name': 'fineweb2_es_text_document_ratio0.50_phase0', 'weight': 24393496.0}, {'name': 'fineweb2_fr_text_document_ratio1.30_phase0', 'weight': 50038822.0}, {'name': 'fineweb2_it_text_document_ratio0.50_phase0', 'weight': 13377940.0}, {'name': 'fineweb2_nl_text_document_ratio0.50_phase0', 'weight': 7435763.0}, {'name': 'fineweb2_pt_text_document_ratio0.50_phase0', 'weight': 9800040.0}, {'name': 'fineweb2_regional_text_document', 'weight': 2132152.0}, {'name': 'gallica_monographies_fr_text_document', 'weight': 5842786.0}, {'name': 'gallica_press_fr_text_document', 'weight': 22850320.0}, {'name': 'gutenberg_de_text_document', 'weight': 42330.0}, {'name': 'gutenberg_en_text_document', 'weight': 1187655.0}, {'name': 'gutenberg_es_text_document', 'weight': 21778.0}, {'name': 'gutenberg_fr_text_document', 'weight': 91991.0}, {'name': 'gutenberg_it_text_document', 'weight': 29909.0}, {'name': 'gutenberg_nl_text_document', 'weight': 24430.0}, {'name': 'gutenberg_pt_text_document', 'weight': 9241.0}, {'name': 'hal-cea_full-filtered_fr_text_document', 'weight': 7828031.0}, {'name': 'hplt2_fr_text_document_ratio1.30_phase0', 'weight': 70401931.0}, {'name': 'insee_fr_text_document', 'weight': 55377.0}, {'name': 'math-pile_math_text_document', 'weight': 2345197.0}, {'name': 'opendata_fr_text_document', 'weight': 2749409.0}, {'name': 'parlement_fr_text_document', 'weight': 282826.0}, {'name': 'starcoder-data_code_text_document', 'weight': 62922795.0}, {'name': 'theses_fr_text_document', 'weight': 3239718.0}, {'name': 'wikimedia-vikidia_ar_text_document', 'weight': 265451.0}, {'name': 'wikimedia-vikidia_ca_text_document_ratio0.20_phase0', 'weight': 58530.0}, {'name': 'wikimedia-vikidia_de_text_document', 'weight': 1098595.0}, {'name': 'wikimedia-vikidia_en_text_document', 'weight': 2882825.0}, {'name': 'wikimedia-vikidia_es_text_document', 'weight': 631843.0}, {'name': 'wikimedia-vikidia_fr_text_document', 'weight': 1276052.0}, {'name': 'wikimedia-vikidia_it_text_document', 'weight': 654077.0}, {'name': 'wikimedia-vikidia_pt_text_document', 'weight': 304392.0}, {'name': 'wikimedia-vikidia_regional_text_document', 'weight': 119234.0}, {'name': 'wikimedia_nl_text_document', 'weight': 345319.0}, {'name': 'youtube_fr_text_document', 'weight': 76194.0}]}
INFO:__main__:Using CLI tokenizer override: /work/p26037/barman/tokenizer_128k-arab-regional_v2
INFO:__main__:Global batch size: 1024
INFO:__main__:Sequence length: 4096
INFO:__main__:Tokens per batch: 4194304
INFO:__main__:Total tokens in datamix: 3002228277248
INFO:__main__:Global training/LR horizon (from --max_steps): 715788
INFO:__main__:Patched megatron.core.optimizer (accepted params: {'scale_lr_cond', 'use_gloo_process_groups', 'lr_mult', 'model_chunks', 'config', 'no_weight_decay_cond'})
INFO:utils:{'data_path': '/work/datasets/AI/tokens_luciole_phase1', 'total_tokens': 3002228277248, 'train': [{'name': 'claire_open_en_text_document', 'weight': 29003.0}, {'name': 'claire_open_fr_text_document', 'weight': 92129.0}, {'name': 'common-corpus_bnl-newspapers-1841-1879_fr_text_document', 'weight': 66237.0}, {'name': 'common-corpus_eurlex_multi_text_document', 'weight': 3601664.0}, {'name': 'common-corpus_gatt-library_multi_text_document', 'weight': 41322.0}, {'name': 'common-corpus_oecd_multi_text_document', 'weight': 121969.0}, {'name': 'common-corpus_tedeutenders_multi_text_document', 'weight': 31276.0}, {'name': 'common-corpus_wto_multi_text_document', 'weight': 577279.0}, {'name': 'common-pile_arxiv-abstracts_en_text_document', 'weight': 140138.0}, {'name': 'common-pile_arxiv-papers_en_text_document', 'weight': 1299034.0}, {'name': 'common-pile_biodiversity-heritage-library_en_text_document', 'weight': 107772.0}, {'name': 'common-pile_caselaw-access-project_en_text_document', 'weight': 929697.0}, {'name': 'common-pile_doab_en_text_document', 'weight': 712786.0}, {'name': 'common-pile_foodista_en_text_document', 'weight': 5603.0}, {'name': 'common-pile_github-archive_en_text_document', 'weight': 2244221.0}, {'name': 'common-pile_library-of-congress_en_text_document', 'weight': 101533.0}, {'name': 'common-pile_libretexts_en_text_document', 'weight': 21049.0}, {'name': 'common-pile_news_en_text_document', 'weight': 14354.0}, {'name': 'common-pile_oercommons_en_text_document', 'weight': 2748.0}, {'name': 'common-pile_peS2o_en_text_document', 'weight': 10166525.0}, {'name': 'common-pile_pre-1929-books_en_text_document', 'weight': 531517.0}, {'name': 'common-pile_pressbooks_en_text_document', 'weight': 31891.0}, {'name': 'common-pile_public-domain-review_en_text_document', 'weight': 382.0}, {'name': 'common-pile_pubmed_en_text_document', 'weight': 1869301.0}, {'name': 'common-pile_python-enhancement-proposals_en_text_document', 'weight': 652.0}, {'name': 'common-pile_regulations_en_text_document', 'weight': 266173.0}, {'name': 'common-pile_stackexchange_en_text_document', 'weight': 4985359.0}, {'name': 'common-pile_ubuntu-irc_en_text_document', 'weight': 482830.0}, {'name': 'common-pile_youtube_en_text_document', 'weight': 204765.0}, {'name': 'croissant-aligned_aligned_text_document', 'weight': 11618464.0}, {'name': 'culturax_fr_text_document_ratio1.30_phase0', 'weight': 57012131.0}, {'name': 'dclm-dolmino_en_text_document_ratio0.75_phase0', 'weight': 93003263.0}, {'name': 'europarl_aligned_text_document', 'weight': 215607.0}, {'name': 'europarl_multi_text_document', 'weight': 99752.0}, {'name': 'eurovoc_filtered_multi_text_document', 'weight': 2150091.0}, {'name': 'fineweb-edu_en_text_document_ratio0.75_phase0', 'weight': 214754282.0}, {'name': 'fineweb2_ar_text_document_ratio0.50_phase0', 'weight': 3350461.0}, {'name': 'fineweb2_ca_text_document_ratio0.05_phase0', 'weight': 92529.0}, {'name': 'fineweb2_de_text_document_ratio0.50_phase0', 'weight': 27173931.0}, {'name': 'fineweb2_es_text_document_ratio0.50_phase0', 'weight': 24393496.0}, {'name': 'fineweb2_fr_text_document_ratio1.30_phase0', 'weight': 50038822.0}, {'name': 'fineweb2_it_text_document_ratio0.50_phase0', 'weight': 13377940.0}, {'name': 'fineweb2_nl_text_document_ratio0.50_phase0', 'weight': 7435763.0}, {'name': 'fineweb2_pt_text_document_ratio0.50_phase0', 'weight': 9800040.0}, {'name': 'fineweb2_regional_text_document', 'weight': 2132152.0}, {'name': 'gallica_monographies_fr_text_document', 'weight': 5842786.0}, {'name': 'gallica_press_fr_text_document', 'weight': 22850320.0}, {'name': 'gutenberg_de_text_document', 'weight': 42330.0}, {'name': 'gutenberg_en_text_document', 'weight': 1187655.0}, {'name': 'gutenberg_es_text_document', 'weight': 21778.0}, {'name': 'gutenberg_fr_text_document', 'weight': 91991.0}, {'name': 'gutenberg_it_text_document', 'weight': 29909.0}, {'name': 'gutenberg_nl_text_document', 'weight': 24430.0}, {'name': 'gutenberg_pt_text_document', 'weight': 9241.0}, {'name': 'hal-cea_full-filtered_fr_text_document', 'weight': 7828031.0}, {'name': 'hplt2_fr_text_document_ratio1.30_phase0', 'weight': 70401931.0}, {'name': 'insee_fr_text_document', 'weight': 55377.0}, {'name': 'math-pile_math_text_document', 'weight': 2345197.0}, {'name': 'opendata_fr_text_document', 'weight': 2749409.0}, {'name': 'parlement_fr_text_document', 'weight': 282826.0}, {'name': 'starcoder-data_code_text_document', 'weight': 62922795.0}, {'name': 'theses_fr_text_document', 'weight': 3239718.0}, {'name': 'wikimedia-vikidia_ar_text_document', 'weight': 265451.0}, {'name': 'wikimedia-vikidia_ca_text_document_ratio0.20_phase0', 'weight': 58530.0}, {'name': 'wikimedia-vikidia_de_text_document', 'weight': 1098595.0}, {'name': 'wikimedia-vikidia_en_text_document', 'weight': 2882825.0}, {'name': 'wikimedia-vikidia_es_text_document', 'weight': 631843.0}, {'name': 'wikimedia-vikidia_fr_text_document', 'weight': 1276052.0}, {'name': 'wikimedia-vikidia_it_text_document', 'weight': 654077.0}, {'name': 'wikimedia-vikidia_pt_text_document', 'weight': 304392.0}, {'name': 'wikimedia-vikidia_regional_text_document', 'weight': 119234.0}, {'name': 'wikimedia_nl_text_document', 'weight': 345319.0}, {'name': 'youtube_fr_text_document', 'weight': 76194.0}]}
INFO:__main__:Using CLI tokenizer override: /work/p26037/barman/tokenizer_128k-arab-regional_v2
INFO:__main__:Global batch size: 1024
INFO:__main__:Sequence length: 4096
INFO:__main__:Tokens per batch: 4194304
INFO:__main__:Total tokens in datamix: 3002228277248
INFO:__main__:Global training/LR horizon (from --max_steps): 715788
INFO:__main__:Patched megatron.core.optimizer (accepted params: {'use_gloo_process_groups', 'config', 'lr_mult', 'no_weight_decay_cond', 'model_chunks', 'scale_lr_cond'})
INFO:utils:{'data_path': '/work/datasets/AI/tokens_luciole_phase1', 'total_tokens': 3002228277248, 'train': [{'name': 'claire_open_en_text_document', 'weight': 29003.0}, {'name': 'claire_open_fr_text_document', 'weight': 92129.0}, {'name': 'common-corpus_bnl-newspapers-1841-1879_fr_text_document', 'weight': 66237.0}, {'name': 'common-corpus_eurlex_multi_text_document', 'weight': 3601664.0}, {'name': 'common-corpus_gatt-library_multi_text_document', 'weight': 41322.0}, {'name': 'common-corpus_oecd_multi_text_document', 'weight': 121969.0}, {'name': 'common-corpus_tedeutenders_multi_text_document', 'weight': 31276.0}, {'name': 'common-corpus_wto_multi_text_document', 'weight': 577279.0}, {'name': 'common-pile_arxiv-abstracts_en_text_document', 'weight': 140138.0}, {'name': 'common-pile_arxiv-papers_en_text_document', 'weight': 1299034.0}, {'name': 'common-pile_biodiversity-heritage-library_en_text_document', 'weight': 107772.0}, {'name': 'common-pile_caselaw-access-project_en_text_document', 'weight': 929697.0}, {'name': 'common-pile_doab_en_text_document', 'weight': 712786.0}, {'name': 'common-pile_foodista_en_text_document', 'weight': 5603.0}, {'name': 'common-pile_github-archive_en_text_document', 'weight': 2244221.0}, {'name': 'common-pile_library-of-congress_en_text_document', 'weight': 101533.0}, {'name': 'common-pile_libretexts_en_text_document', 'weight': 21049.0}, {'name': 'common-pile_news_en_text_document', 'weight': 14354.0}, {'name': 'common-pile_oercommons_en_text_document', 'weight': 2748.0}, {'name': 'common-pile_peS2o_en_text_document', 'weight': 10166525.0}, {'name': 'common-pile_pre-1929-books_en_text_document', 'weight': 531517.0}, {'name': 'common-pile_pressbooks_en_text_document', 'weight': 31891.0}, {'name': 'common-pile_public-domain-review_en_text_document', 'weight': 382.0}, {'name': 'common-pile_pubmed_en_text_document', 'weight': 1869301.0}, {'name': 'common-pile_python-enhancement-proposals_en_text_document', 'weight': 652.0}, {'name': 'common-pile_regulations_en_text_document', 'weight': 266173.0}, {'name': 'common-pile_stackexchange_en_text_document', 'weight': 4985359.0}, {'name': 'common-pile_ubuntu-irc_en_text_document', 'weight': 482830.0}, {'name': 'common-pile_youtube_en_text_document', 'weight': 204765.0}, {'name': 'croissant-aligned_aligned_text_document', 'weight': 11618464.0}, {'name': 'culturax_fr_text_document_ratio1.30_phase0', 'weight': 57012131.0}, {'name': 'dclm-dolmino_en_text_document_ratio0.75_phase0', 'weight': 93003263.0}, {'name': 'europarl_aligned_text_document', 'weight': 215607.0}, {'name': 'europarl_multi_text_document', 'weight': 99752.0}, {'name': 'eurovoc_filtered_multi_text_document', 'weight': 2150091.0}, {'name': 'fineweb-edu_en_text_document_ratio0.75_phase0', 'weight': 214754282.0}, {'name': 'fineweb2_ar_text_document_ratio0.50_phase0', 'weight': 3350461.0}, {'name': 'fineweb2_ca_text_document_ratio0.05_phase0', 'weight': 92529.0}, {'name': 'fineweb2_de_text_document_ratio0.50_phase0', 'weight': 27173931.0}, {'name': 'fineweb2_es_text_document_ratio0.50_phase0', 'weight': 24393496.0}, {'name': 'fineweb2_fr_text_document_ratio1.30_phase0', 'weight': 50038822.0}, {'name': 'fineweb2_it_text_document_ratio0.50_phase0', 'weight': 13377940.0}, {'name': 'fineweb2_nl_text_document_ratio0.50_phase0', 'weight': 7435763.0}, {'name': 'fineweb2_pt_text_document_ratio0.50_phase0', 'weight': 9800040.0}, {'name': 'fineweb2_regional_text_document', 'weight': 2132152.0}, {'name': 'gallica_monographies_fr_text_document', 'weight': 5842786.0}, {'name': 'gallica_press_fr_text_document', 'weight': 22850320.0}, {'name': 'gutenberg_de_text_document', 'weight': 42330.0}, {'name': 'gutenberg_en_text_document', 'weight': 1187655.0}, {'name': 'gutenberg_es_text_document', 'weight': 21778.0}, {'name': 'gutenberg_fr_text_document', 'weight': 91991.0}, {'name': 'gutenberg_it_text_document', 'weight': 29909.0}, {'name': 'gutenberg_nl_text_document', 'weight': 24430.0}, {'name': 'gutenberg_pt_text_document', 'weight': 9241.0}, {'name': 'hal-cea_full-filtered_fr_text_document', 'weight': 7828031.0}, {'name': 'hplt2_fr_text_document_ratio1.30_phase0', 'weight': 70401931.0}, {'name': 'insee_fr_text_document', 'weight': 55377.0}, {'name': 'math-pile_math_text_document', 'weight': 2345197.0}, {'name': 'opendata_fr_text_document', 'weight': 2749409.0}, {'name': 'parlement_fr_text_document', 'weight': 282826.0}, {'name': 'starcoder-data_code_text_document', 'weight': 62922795.0}, {'name': 'theses_fr_text_document', 'weight': 3239718.0}, {'name': 'wikimedia-vikidia_ar_text_document', 'weight': 265451.0}, {'name': 'wikimedia-vikidia_ca_text_document_ratio0.20_phase0', 'weight': 58530.0}, {'name': 'wikimedia-vikidia_de_text_document', 'weight': 1098595.0}, {'name': 'wikimedia-vikidia_en_text_document', 'weight': 2882825.0}, {'name': 'wikimedia-vikidia_es_text_document', 'weight': 631843.0}, {'name': 'wikimedia-vikidia_fr_text_document', 'weight': 1276052.0}, {'name': 'wikimedia-vikidia_it_text_document', 'weight': 654077.0}, {'name': 'wikimedia-vikidia_pt_text_document', 'weight': 304392.0}, {'name': 'wikimedia-vikidia_regional_text_document', 'weight': 119234.0}, {'name': 'wikimedia_nl_text_document', 'weight': 345319.0}, {'name': 'youtube_fr_text_document', 'weight': 76194.0}]}
INFO:__main__:Using CLI tokenizer override: /work/p26037/barman/tokenizer_128k-arab-regional_v2
INFO:__main__:Global batch size: 1024
INFO:__main__:Sequence length: 4096
INFO:__main__:Tokens per batch: 4194304
INFO:__main__:Total tokens in datamix: 3002228277248
INFO:__main__:Global training/LR horizon (from --max_steps): 715788
INFO:__main__:Patched megatron.core.optimizer (accepted params: {'use_gloo_process_groups', 'no_weight_decay_cond', 'lr_mult', 'scale_lr_cond', 'config', 'model_chunks'})
INFO:utils:{'data_path': '/work/datasets/AI/tokens_luciole_phase1', 'total_tokens': 3002228277248, 'train': [{'name': 'claire_open_en_text_document', 'weight': 29003.0}, {'name': 'claire_open_fr_text_document', 'weight': 92129.0}, {'name': 'common-corpus_bnl-newspapers-1841-1879_fr_text_document', 'weight': 66237.0}, {'name': 'common-corpus_eurlex_multi_text_document', 'weight': 3601664.0}, {'name': 'common-corpus_gatt-library_multi_text_document', 'weight': 41322.0}, {'name': 'common-corpus_oecd_multi_text_document', 'weight': 121969.0}, {'name': 'common-corpus_tedeutenders_multi_text_document', 'weight': 31276.0}, {'name': 'common-corpus_wto_multi_text_document', 'weight': 577279.0}, {'name': 'common-pile_arxiv-abstracts_en_text_document', 'weight': 140138.0}, {'name': 'common-pile_arxiv-papers_en_text_document', 'weight': 1299034.0}, {'name': 'common-pile_biodiversity-heritage-library_en_text_document', 'weight': 107772.0}, {'name': 'common-pile_caselaw-access-project_en_text_document', 'weight': 929697.0}, {'name': 'common-pile_doab_en_text_document', 'weight': 712786.0}, {'name': 'common-pile_foodista_en_text_document', 'weight': 5603.0}, {'name': 'common-pile_github-archive_en_text_document', 'weight': 2244221.0}, {'name': 'common-pile_library-of-congress_en_text_document', 'weight': 101533.0}, {'name': 'common-pile_libretexts_en_text_document', 'weight': 21049.0}, {'name': 'common-pile_news_en_text_document', 'weight': 14354.0}, {'name': 'common-pile_oercommons_en_text_document', 'weight': 2748.0}, {'name': 'common-pile_peS2o_en_text_document', 'weight': 10166525.0}, {'name': 'common-pile_pre-1929-books_en_text_document', 'weight': 531517.0}, {'name': 'common-pile_pressbooks_en_text_document', 'weight': 31891.0}, {'name': 'common-pile_public-domain-review_en_text_document', 'weight': 382.0}, {'name': 'common-pile_pubmed_en_text_document', 'weight': 1869301.0}, {'name': 'common-pile_python-enhancement-proposals_en_text_document', 'weight': 652.0}, {'name': 'common-pile_regulations_en_text_document', 'weight': 266173.0}, {'name': 'common-pile_stackexchange_en_text_document', 'weight': 4985359.0}, {'name': 'common-pile_ubuntu-irc_en_text_document', 'weight': 482830.0}, {'name': 'common-pile_youtube_en_text_document', 'weight': 204765.0}, {'name': 'croissant-aligned_aligned_text_document', 'weight': 11618464.0}, {'name': 'culturax_fr_text_document_ratio1.30_phase0', 'weight': 57012131.0}, {'name': 'dclm-dolmino_en_text_document_ratio0.75_phase0', 'weight': 93003263.0}, {'name': 'europarl_aligned_text_document', 'weight': 215607.0}, {'name': 'europarl_multi_text_document', 'weight': 99752.0}, {'name': 'eurovoc_filtered_multi_text_document', 'weight': 2150091.0}, {'name': 'fineweb-edu_en_text_document_ratio0.75_phase0', 'weight': 214754282.0}, {'name': 'fineweb2_ar_text_document_ratio0.50_phase0', 'weight': 3350461.0}, {'name': 'fineweb2_ca_text_document_ratio0.05_phase0', 'weight': 92529.0}, {'name': 'fineweb2_de_text_document_ratio0.50_phase0', 'weight': 27173931.0}, {'name': 'fineweb2_es_text_document_ratio0.50_phase0', 'weight': 24393496.0}, {'name': 'fineweb2_fr_text_document_ratio1.30_phase0', 'weight': 50038822.0}, {'name': 'fineweb2_it_text_document_ratio0.50_phase0', 'weight': 13377940.0}, {'name': 'fineweb2_nl_text_document_ratio0.50_phase0', 'weight': 7435763.0}, {'name': 'fineweb2_pt_text_document_ratio0.50_phase0', 'weight': 9800040.0}, {'name': 'fineweb2_regional_text_document', 'weight': 2132152.0}, {'name': 'gallica_monographies_fr_text_document', 'weight': 5842786.0}, {'name': 'gallica_press_fr_text_document', 'weight': 22850320.0}, {'name': 'gutenberg_de_text_document', 'weight': 42330.0}, {'name': 'gutenberg_en_text_document', 'weight': 1187655.0}, {'name': 'gutenberg_es_text_document', 'weight': 21778.0}, {'name': 'gutenberg_fr_text_document', 'weight': 91991.0}, {'name': 'gutenberg_it_text_document', 'weight': 29909.0}, {'name': 'gutenberg_nl_text_document', 'weight': 24430.0}, {'name': 'gutenberg_pt_text_document', 'weight': 9241.0}, {'name': 'hal-cea_full-filtered_fr_text_document', 'weight': 7828031.0}, {'name': 'hplt2_fr_text_document_ratio1.30_phase0', 'weight': 70401931.0}, {'name': 'insee_fr_text_document', 'weight': 55377.0}, {'name': 'math-pile_math_text_document', 'weight': 2345197.0}, {'name': 'opendata_fr_text_document', 'weight': 2749409.0}, {'name': 'parlement_fr_text_document', 'weight': 282826.0}, {'name': 'starcoder-data_code_text_document', 'weight': 62922795.0}, {'name': 'theses_fr_text_document', 'weight': 3239718.0}, {'name': 'wikimedia-vikidia_ar_text_document', 'weight': 265451.0}, {'name': 'wikimedia-vikidia_ca_text_document_ratio0.20_phase0', 'weight': 58530.0}, {'name': 'wikimedia-vikidia_de_text_document', 'weight': 1098595.0}, {'name': 'wikimedia-vikidia_en_text_document', 'weight': 2882825.0}, {'name': 'wikimedia-vikidia_es_text_document', 'weight': 631843.0}, {'name': 'wikimedia-vikidia_fr_text_document', 'weight': 1276052.0}, {'name': 'wikimedia-vikidia_it_text_document', 'weight': 654077.0}, {'name': 'wikimedia-vikidia_pt_text_document', 'weight': 304392.0}, {'name': 'wikimedia-vikidia_regional_text_document', 'weight': 119234.0}, {'name': 'wikimedia_nl_text_document', 'weight': 345319.0}, {'name': 'youtube_fr_text_document', 'weight': 76194.0}]}
INFO:__main__:Using CLI tokenizer override: /work/p26037/barman/tokenizer_128k-arab-regional_v2
INFO:__main__:Global batch size: 1024
INFO:__main__:Sequence length: 4096
INFO:__main__:Tokens per batch: 4194304
INFO:__main__:Total tokens in datamix: 3002228277248
INFO:__main__:Global training/LR horizon (from --max_steps): 715788
INFO:__main__:Patched megatron.core.optimizer (accepted params: {'model_chunks', 'config', 'no_weight_decay_cond', 'use_gloo_process_groups', 'lr_mult', 'scale_lr_cond'})
INFO:__main__:SSA Triton: Using fused Triton SSA FlashAttention triton (n=1.50, b=0.80, compiled_bda=True)
INFO:__main__:SSA Triton: force_contiguous_qkv=True
INFO:__main__:SSA Triton: Using fused Triton SSA FlashAttention triton (n=1.50, b=0.80, compiled_bda=True)
INFO:__main__:SSA Triton: force_contiguous_qkv=True
INFO:__main__:SSA Triton: Using fused Triton SSA FlashAttention triton (n=1.50, b=0.80, compiled_bda=True)
INFO:__main__:SSA Triton: force_contiguous_qkv=True
INFO:__main__:Detected checkpoint at step 21499
INFO:__main__:Continuing to absolute trainer.max_steps = 715788 (remaining this run: 694289 steps)
INFO:__main__:Detected checkpoint at step 21499
INFO:__main__:Continuing to absolute trainer.max_steps = 715788 (remaining this run: 694289 steps)
INFO:__main__:Detected checkpoint at step 21499
INFO:__main__:Continuing to absolute trainer.max_steps = 715788 (remaining this run: 694289 steps)
INFO:__main__:Detected checkpoint at step 21499
INFO:__main__:Continuing to absolute trainer.max_steps = 715788 (remaining this run: 694289 steps)
INFO:__main__:Detected vocab_size from tokenizer: 128000
INFO:__main__:Detected vocab_size from tokenizer: 128000
INFO:__main__:SSA Triton: Using fused Triton SSA FlashAttention triton (n=1.50, b=0.80, compiled_bda=True)
INFO:__main__:SSA Triton: force_contiguous_qkv=True
INFO:__main__:Detected vocab_size from tokenizer: 128000
INFO:__main__:SSA Triton: Using fused Triton SSA FlashAttention triton (n=1.50, b=0.80, compiled_bda=True)
INFO:__main__:SSA Triton: force_contiguous_qkv=True
INFO:__main__:Detected vocab_size from tokenizer: 128000
INFO:__main__:SSA Triton: Using fused Triton SSA FlashAttention triton (n=1.50, b=0.80, compiled_bda=True)
INFO:__main__:SSA Triton: force_contiguous_qkv=True
INFO:__main__:SSA Triton: Using fused Triton SSA FlashAttention triton (n=1.50, b=0.80, compiled_bda=True)
INFO:__main__:SSA Triton: force_contiguous_qkv=True
INFO:__main__:LR scheduler max_steps = 715788, warmup_steps = 2000, min_lr = 2.9999999999999997e-05
INFO:__main__:Skipping Triton warmup (--skip_triton_warmup).
INFO:__main__:Detected checkpoint at step 21499
INFO:__main__:Continuing to absolute trainer.max_steps = 715788 (remaining this run: 694289 steps)
INFO:__main__:LR scheduler max_steps = 715788, warmup_steps = 2000, min_lr = 2.9999999999999997e-05
INFO:__main__:LR scheduler max_steps = 715788, warmup_steps = 2000, min_lr = 2.9999999999999997e-05
INFO:__main__:Skipping Triton warmup (--skip_triton_warmup).
INFO:__main__:Detected checkpoint at step 21499
INFO:__main__:Continuing to absolute trainer.max_steps = 715788 (remaining this run: 694289 steps)
INFO:__main__:LR scheduler max_steps = 715788, warmup_steps = 2000, min_lr = 2.9999999999999997e-05
INFO:__main__:Skipping Triton warmup (--skip_triton_warmup).
INFO:__main__:SSA Triton: Using fused Triton SSA FlashAttention triton (n=1.50, b=0.80, compiled_bda=True)
INFO:__main__:SSA Triton: force_contiguous_qkv=True
INFO:__main__:Detected checkpoint at step 21499
INFO:__main__:Continuing to absolute trainer.max_steps = 715788 (remaining this run: 694289 steps)
INFO:__main__:SSA Triton: Using fused Triton SSA FlashAttention triton (n=1.50, b=0.80, compiled_bda=True)
INFO:__main__:SSA Triton: force_contiguous_qkv=True
INFO:__main__:SSA Triton: Using fused Triton SSA FlashAttention triton (n=1.50, b=0.80, compiled_bda=True)
INFO:__main__:SSA Triton: force_contiguous_qkv=True
INFO:__main__:SSA Triton: Using fused Triton SSA FlashAttention triton (n=1.50, b=0.80, compiled_bda=True)
INFO:__main__:SSA Triton: force_contiguous_qkv=True
INFO:__main__:Detected checkpoint at step 21499
INFO:__main__:Continuing to absolute trainer.max_steps = 715788 (remaining this run: 694289 steps)
INFO:__main__:Detected checkpoint at step 21499
INFO:__main__:Continuing to absolute trainer.max_steps = 715788 (remaining this run: 694289 steps)
INFO:__main__:Detected checkpoint at step 21499
INFO:__main__:Continuing to absolute trainer.max_steps = 715788 (remaining this run: 694289 steps)
INFO:__main__:Detected checkpoint at step 21499
INFO:__main__:Continuing to absolute trainer.max_steps = 715788 (remaining this run: 694289 steps)
INFO:__main__:Detected checkpoint at step 21499
INFO:__main__:Continuing to absolute trainer.max_steps = 715788 (remaining this run: 694289 steps)
INFO:__main__:Detected vocab_size from tokenizer: 128000
INFO:__main__:Detected vocab_size from tokenizer: 128000
INFO:__main__:Detected vocab_size from tokenizer: 128000
INFO:__main__:Detected vocab_size from tokenizer: 128000
INFO:__main__:LR scheduler max_steps = 715788, warmup_steps = 2000, min_lr = 2.9999999999999997e-05
INFO:__main__:Skipping Triton warmup (--skip_triton_warmup).
INFO:__main__:Detected vocab_size from tokenizer: 128000
INFO:__main__:LR scheduler max_steps = 715788, warmup_steps = 2000, min_lr = 2.9999999999999997e-05
INFO:__main__:Skipping Triton warmup (--skip_triton_warmup).
INFO:__main__:LR scheduler max_steps = 715788, warmup_steps = 2000, min_lr = 2.9999999999999997e-05
INFO:__main__:Skipping Triton warmup (--skip_triton_warmup).
INFO:__main__:Detected vocab_size from tokenizer: 128000
INFO:__main__:LR scheduler max_steps = 715788, warmup_steps = 2000, min_lr = 2.9999999999999997e-05
INFO:__main__:Skipping Triton warmup (--skip_triton_warmup).
INFO:__main__:LR scheduler max_steps = 715788, warmup_steps = 2000, min_lr = 2.9999999999999997e-05
INFO:__main__:Skipping Triton warmup (--skip_triton_warmup).
INFO:__main__:SSA Triton: Using fused Triton SSA FlashAttention triton (n=1.50, b=0.80, compiled_bda=True)
INFO:__main__:SSA Triton: force_contiguous_qkv=True
INFO:__main__:LR scheduler max_steps = 715788, warmup_steps = 2000, min_lr = 2.9999999999999997e-05
INFO:__main__:Skipping Triton warmup (--skip_triton_warmup).
INFO:__main__:SSA Triton: Using fused Triton SSA FlashAttention triton (n=1.50, b=0.80, compiled_bda=True)
INFO:__main__:SSA Triton: force_contiguous_qkv=True
INFO:__main__:Detected vocab_size from tokenizer: 128000
INFO:__main__:LR scheduler max_steps = 715788, warmup_steps = 2000, min_lr = 2.9999999999999997e-05
INFO:__main__:Skipping Triton warmup (--skip_triton_warmup).
INFO:__main__:SSA Triton: Using fused Triton SSA FlashAttention triton (n=1.50, b=0.80, compiled_bda=True)
INFO:__main__:SSA Triton: force_contiguous_qkv=True
INFO:__main__:Detected checkpoint at step 21499
INFO:__main__:Continuing to absolute trainer.max_steps = 715788 (remaining this run: 694289 steps)
INFO:__main__:Detected vocab_size from tokenizer: 128000
INFO:__main__:Detected checkpoint at step 21499
INFO:__main__:Continuing to absolute trainer.max_steps = 715788 (remaining this run: 694289 steps)
INFO:__main__:LR scheduler max_steps = 715788, warmup_steps = 2000, min_lr = 2.9999999999999997e-05
INFO:__main__:Skipping Triton warmup (--skip_triton_warmup).
INFO:__main__:Detected checkpoint at step 21499
INFO:__main__:Continuing to absolute trainer.max_steps = 715788 (remaining this run: 694289 steps)
INFO:__main__:SSA Triton: Using fused Triton SSA FlashAttention triton (n=1.50, b=0.80, compiled_bda=True)
INFO:__main__:SSA Triton: force_contiguous_qkv=True
INFO:__main__:Detected checkpoint at step 21499
INFO:__main__:Continuing to absolute trainer.max_steps = 715788 (remaining this run: 694289 steps)
INFO:utils:Config saved to /tmpdir/barman/bs1024_fullrun/outputs/job_12003/config_nemotron-1B-SSA-Triton-bs1024.json
INFO:__main__:Skipping Triton warmup (--skip_triton_warmup).
INFO:__main__:Detected vocab_size from tokenizer: 128000
INFO:__main__:Detected vocab_size from tokenizer: 128000
INFO:__main__:Detected vocab_size from tokenizer: 128000
INFO:__main__:LR scheduler max_steps = 715788, warmup_steps = 2000, min_lr = 2.9999999999999997e-05
INFO:__main__:Skipping Triton warmup (--skip_triton_warmup).
INFO:__main__:LR scheduler max_steps = 715788, warmup_steps = 2000, min_lr = 2.9999999999999997e-05
INFO:__main__:Skipping Triton warmup (--skip_triton_warmup).
INFO:__main__:LR scheduler max_steps = 715788, warmup_steps = 2000, min_lr = 2.9999999999999997e-05
INFO:__main__:Skipping Triton warmup (--skip_triton_warmup).
INFO:__main__:Detected vocab_size from tokenizer: 128000
INFO:__main__:LR scheduler max_steps = 715788, warmup_steps = 2000, min_lr = 2.9999999999999997e-05
INFO:__main__:Skipping Triton warmup (--skip_triton_warmup).
INFO:nemo.lightning.pytorch.strategies.megatron_strategy:Initializing distributed: GLOBAL_RANK: 4, MEMBER: 5/32
[W329 14:42:01.578890232 socket.cpp:755] [c10d] The client socket cannot be initialized to connect to [kairosgh10.calmip.cluster]:38247 (errno: 97 - Address family not supported by protocol).
INFO:__main__:SSA Triton: Using fused Triton SSA FlashAttention triton (n=1.50, b=0.80, compiled_bda=True)
INFO:__main__:SSA Triton: force_contiguous_qkv=True
INFO:__main__:SSA Triton: Using fused Triton SSA FlashAttention triton (n=1.50, b=0.80, compiled_bda=True)
INFO:__main__:SSA Triton: force_contiguous_qkv=True
INFO:__main__:SSA Triton: Using fused Triton SSA FlashAttention triton (n=1.50, b=0.80, compiled_bda=True)
INFO:__main__:SSA Triton: force_contiguous_qkv=True
INFO:__main__:SSA Triton: Using fused Triton SSA FlashAttention triton (n=1.50, b=0.80, compiled_bda=True)
INFO:__main__:SSA Triton: force_contiguous_qkv=True
INFO:__main__:Detected checkpoint at step 21499
INFO:__main__:Continuing to absolute trainer.max_steps = 715788 (remaining this run: 694289 steps)
INFO:__main__:Detected checkpoint at step 21499
INFO:__main__:Continuing to absolute trainer.max_steps = 715788 (remaining this run: 694289 steps)
INFO:__main__:Detected checkpoint at step 21499
INFO:__main__:Continuing to absolute trainer.max_steps = 715788 (remaining this run: 694289 steps)
INFO:__main__:Detected checkpoint at step 21499
INFO:__main__:Continuing to absolute trainer.max_steps = 715788 (remaining this run: 694289 steps)
INFO:__main__:Detected vocab_size from tokenizer: 128000
INFO:__main__:Detected vocab_size from tokenizer: 128000
INFO:__main__:Detected vocab_size from tokenizer: 128000
INFO:__main__:Detected vocab_size from tokenizer: 128000
INFO:__main__:LR scheduler max_steps = 715788, warmup_steps = 2000, min_lr = 2.9999999999999997e-05
INFO:__main__:Skipping Triton warmup (--skip_triton_warmup).
INFO:__main__:LR scheduler max_steps = 715788, warmup_steps = 2000, min_lr = 2.9999999999999997e-05
INFO:__main__:Skipping Triton warmup (--skip_triton_warmup).
INFO:__main__:LR scheduler max_steps = 715788, warmup_steps = 2000, min_lr = 2.9999999999999997e-05
INFO:__main__:Skipping Triton warmup (--skip_triton_warmup).
INFO:__main__:LR scheduler max_steps = 715788, warmup_steps = 2000, min_lr = 2.9999999999999997e-05
INFO:__main__:Skipping Triton warmup (--skip_triton_warmup).
INFO:__main__:SSA Triton: Using fused Triton SSA FlashAttention triton (n=1.50, b=0.80, compiled_bda=True)
INFO:__main__:SSA Triton: force_contiguous_qkv=True
INFO:__main__:SSA Triton: Using fused Triton SSA FlashAttention triton (n=1.50, b=0.80, compiled_bda=True)
INFO:__main__:SSA Triton: force_contiguous_qkv=True
INFO:__main__:SSA Triton: Using fused Triton SSA FlashAttention triton (n=1.50, b=0.80, compiled_bda=True)
INFO:__main__:SSA Triton: force_contiguous_qkv=True
INFO:__main__:SSA Triton: Using fused Triton SSA FlashAttention triton (n=1.50, b=0.80, compiled_bda=True)
INFO:__main__:SSA Triton: force_contiguous_qkv=True
INFO:__main__:Detected checkpoint at step 21499
INFO:__main__:Continuing to absolute trainer.max_steps = 715788 (remaining this run: 694289 steps)
INFO:__main__:Detected checkpoint at step 21499
INFO:__main__:Continuing to absolute trainer.max_steps = 715788 (remaining this run: 694289 steps)
INFO:nemo.lightning.pytorch.strategies.megatron_strategy:Initializing distributed: GLOBAL_RANK: 20, MEMBER: 21/32
[W329 14:42:01.205943785 socket.cpp:755] [c10d] The client socket cannot be initialized to connect to [kairosgh10.calmip.cluster]:38247 (errno: 97 - Address family not supported by protocol).
INFO:__main__:Detected checkpoint at step 21499
INFO:__main__:Continuing to absolute trainer.max_steps = 715788 (remaining this run: 694289 steps)
INFO:__main__:Detected checkpoint at step 21499
INFO:__main__:Continuing to absolute trainer.max_steps = 715788 (remaining this run: 694289 steps)
INFO:nemo.lightning.pytorch.strategies.megatron_strategy:Initializing distributed: GLOBAL_RANK: 7, MEMBER: 8/32
[W329 14:42:01.105711020 socket.cpp:755] [c10d] The client socket cannot be initialized to connect to [kairosgh10.calmip.cluster]:38247 (errno: 97 - Address family not supported by protocol).
INFO:nemo.lightning.pytorch.strategies.megatron_strategy:Initializing distributed: GLOBAL_RANK: 5, MEMBER: 6/32
[W329 14:42:01.111440529 socket.cpp:755] [c10d] The client socket cannot be initialized to connect to [kairosgh10.calmip.cluster]:38247 (errno: 97 - Address family not supported by protocol).
INFO:nemo.lightning.pytorch.strategies.megatron_strategy:Initializing distributed: GLOBAL_RANK: 6, MEMBER: 7/32
[W329 14:42:01.116944987 socket.cpp:755] [c10d] The client socket cannot be initialized to connect to [kairosgh10.calmip.cluster]:38247 (errno: 97 - Address family not supported by protocol).
INFO:__main__:Detected vocab_size from tokenizer: 128000
INFO:__main__:Detected vocab_size from tokenizer: 128000
INFO:__main__:Detected vocab_size from tokenizer: 128000
INFO:__main__:Detected vocab_size from tokenizer: 128000
INFO:__main__:LR scheduler max_steps = 715788, warmup_steps = 2000, min_lr = 2.9999999999999997e-05
INFO:__main__:Skipping Triton warmup (--skip_triton_warmup).
INFO:__main__:LR scheduler max_steps = 715788, warmup_steps = 2000, min_lr = 2.9999999999999997e-05
INFO:__main__:Skipping Triton warmup (--skip_triton_warmup).
INFO:__main__:LR scheduler max_steps = 715788, warmup_steps = 2000, min_lr = 2.9999999999999997e-05
INFO:__main__:Skipping Triton warmup (--skip_triton_warmup).
INFO:__main__:LR scheduler max_steps = 715788, warmup_steps = 2000, min_lr = 2.9999999999999997e-05
INFO:__main__:Skipping Triton warmup (--skip_triton_warmup).
INFO:nemo.lightning.pytorch.strategies.megatron_strategy:Initializing distributed: GLOBAL_RANK: 23, MEMBER: 24/32
[W329 14:42:02.685452313 socket.cpp:755] [c10d] The client socket cannot be initialized to connect to [kairosgh10.calmip.cluster]:38247 (errno: 97 - Address family not supported by protocol).
INFO:nemo.lightning.pytorch.strategies.megatron_strategy:Initializing distributed: GLOBAL_RANK: 21, MEMBER: 22/32
INFO:nemo.lightning.pytorch.strategies.megatron_strategy:Initializing distributed: GLOBAL_RANK: 22, MEMBER: 23/32
[W329 14:42:02.693026552 socket.cpp:755] [c10d] The client socket cannot be initialized to connect to [kairosgh10.calmip.cluster]:38247 (errno: 97 - Address family not supported by protocol).
[W329 14:42:02.695529635 socket.cpp:755] [c10d] The client socket cannot be initialized to connect to [kairosgh10.calmip.cluster]:38247 (errno: 97 - Address family not supported by protocol).
INFO: GPU available: True (cuda), used: True
INFO:lightning.pytorch.utilities.rank_zero:GPU available: True (cuda), used: True
INFO: TPU available: False, using: 0 TPU cores
INFO:lightning.pytorch.utilities.rank_zero:TPU available: False, using: 0 TPU cores
INFO: HPU available: False, using: 0 HPUs
INFO:lightning.pytorch.utilities.rank_zero:HPU available: False, using: 0 HPUs
[NeMo W 2026-03-29 14:42:02 nemo_logging:405] No version folders would be created under the log folder as 'resume_if_exists' is enabled.
[NeMo I 2026-03-29 14:42:02 nemo_logging:393] Experiments will be logged at /tmpdir/barman/bs1024_fullrun/outputs/nemotron-1B-SSA-Triton-bs1024
[NeMo W 2026-03-29 14:42:02 nemo_logging:405] "update_logger_directory" is True. Overwriting tensorboard logger "save_dir" to /tmpdir/barman/bs1024_fullrun/outputs/tb_logs
[NeMo W 2026-03-29 14:42:02 nemo_logging:405] The Trainer already contains a ModelCheckpoint callback. This will be overwritten.
[NeMo W 2026-03-29 14:42:02 nemo_logging:405] Multiple checkpoints [PosixPath('/tmpdir/barman/bs1024_fullrun/outputs/nemotron-1B-SSA-Triton-bs1024/checkpoints/nemotron-1B-SSA-Triton-bs1024-step=0000000-last'), PosixPath('/tmpdir/barman/bs1024_fullrun/outputs/nemotron-1B-SSA-Triton-bs1024/checkpoints/nemotron-1B-SSA-Triton-bs1024-step=0021499-last')] matches *last.ckpt. Selecting one with the latest modified time.
[NeMo I 2026-03-29 14:42:02 nemo_logging:393] Fixing mis-match between ddp-config & mcore-optimizer config
[NeMo I 2026-03-29 14:42:02 nemo_logging:393] Rank 0 has data parallel group : [0, 1, 2, 3, 4, 5, 6, 7, 8, 9, 10, 11, 12, 13, 14, 15, 16, 17, 18, 19, 20, 21, 22, 23, 24, 25, 26, 27, 28, 29, 30, 31]
[NeMo I 2026-03-29 14:42:02 nemo_logging:393] Rank 0 has combined group of data parallel and context parallel : [0, 1, 2, 3, 4, 5, 6, 7, 8, 9, 10, 11, 12, 13, 14, 15, 16, 17, 18, 19, 20, 21, 22, 23, 24, 25, 26, 27, 28, 29, 30, 31]
[NeMo I 2026-03-29 14:42:02 nemo_logging:393] All data parallel group ranks with context parallel combined: [[0, 1, 2, 3, 4, 5, 6, 7, 8, 9, 10, 11, 12, 13, 14, 15, 16, 17, 18, 19, 20, 21, 22, 23, 24, 25, 26, 27, 28, 29, 30, 31]]
[NeMo I 2026-03-29 14:42:02 nemo_logging:393] Ranks 0 has data parallel rank: 0
[NeMo I 2026-03-29 14:42:02 nemo_logging:393] Rank 0 has context parallel group: [0]
[NeMo I 2026-03-29 14:42:02 nemo_logging:393] All context parallel group ranks: [[0], [1], [2], [3], [4], [5], [6], [7], [8], [9], [10], [11], [12], [13], [14], [15], [16], [17], [18], [19], [20], [21], [22], [23], [24], [25], [26], [27], [28], [29], [30], [31]]
[NeMo I 2026-03-29 14:42:02 nemo_logging:393] Ranks 0 has context parallel rank: 0
[NeMo I 2026-03-29 14:42:02 nemo_logging:393] Rank 0 has model parallel group: [0]
[NeMo I 2026-03-29 14:42:02 nemo_logging:393] All model parallel group ranks: [[0], [1], [2], [3], [4], [5], [6], [7], [8], [9], [10], [11], [12], [13], [14], [15], [16], [17], [18], [19], [20], [21], [22], [23], [24], [25], [26], [27], [28], [29], [30], [31]]
[NeMo I 2026-03-29 14:42:02 nemo_logging:393] Rank 0 has tensor model parallel group: [0]
[NeMo I 2026-03-29 14:42:02 nemo_logging:393] All tensor model parallel group ranks: [[0], [1], [2], [3], [4], [5], [6], [7], [8], [9], [10], [11], [12], [13], [14], [15], [16], [17], [18], [19], [20], [21], [22], [23], [24], [25], [26], [27], [28], [29], [30], [31]]
[NeMo I 2026-03-29 14:42:02 nemo_logging:393] Rank 0 has tensor model parallel rank: 0
[NeMo I 2026-03-29 14:42:02 nemo_logging:393] Rank 0 has pipeline model parallel group: [0]
[NeMo I 2026-03-29 14:42:02 nemo_logging:393] Rank 0 has embedding group: [0]
[NeMo I 2026-03-29 14:42:02 nemo_logging:393] All pipeline model parallel group ranks: [[0], [1], [2], [3], [4], [5], [6], [7], [8], [9], [10], [11], [12], [13], [14], [15], [16], [17], [18], [19], [20], [21], [22], [23], [24], [25], [26], [27], [28], [29], [30], [31]]
[NeMo I 2026-03-29 14:42:02 nemo_logging:393] Rank 0 has pipeline model parallel rank 0
[NeMo I 2026-03-29 14:42:02 nemo_logging:393] All embedding group ranks: [[0], [1], [2], [3], [4], [5], [6], [7], [8], [9], [10], [11], [12], [13], [14], [15], [16], [17], [18], [19], [20], [21], [22], [23], [24], [25], [26], [27], [28], [29], [30], [31]]
[NeMo I 2026-03-29 14:42:02 nemo_logging:393] Rank 0 has embedding rank: 0
INFO:nemo.lightning.pytorch.strategies.megatron_strategy:Initializing distributed: GLOBAL_RANK: 0, MEMBER: 1/32
[W329 14:42:02.532293335 socket.cpp:755] [c10d] The client socket cannot be initialized to connect to [kairosgh10.calmip.cluster]:38247 (errno: 97 - Address family not supported by protocol).
INFO: ----------------------------------------------------------------------------------------------------
distributed_backend=nccl
All distributed processes registered. Starting with 32 processes
----------------------------------------------------------------------------------------------------

INFO:lightning.pytorch.utilities.rank_zero:----------------------------------------------------------------------------------------------------
distributed_backend=nccl
All distributed processes registered. Starting with 32 processes
----------------------------------------------------------------------------------------------------

INFO:nemo.lightning.pytorch.strategies.megatron_strategy:Initializing distributed: GLOBAL_RANK: 8, MEMBER: 9/32
[W329 14:42:02.823270100 socket.cpp:755] [c10d] The client socket cannot be initialized to connect to [kairosgh10.calmip.cluster]:38247 (errno: 97 - Address family not supported by protocol).
INFO:nemo.lightning.pytorch.strategies.megatron_strategy:Initializing distributed: GLOBAL_RANK: 16, MEMBER: 17/32
[W329 14:42:02.069401013 socket.cpp:755] [c10d] The client socket cannot be initialized to connect to [kairosgh10.calmip.cluster]:38247 (errno: 97 - Address family not supported by protocol).
INFO:nemo.lightning.pytorch.strategies.megatron_strategy:Initializing distributed: GLOBAL_RANK: 28, MEMBER: 29/32
[W329 14:42:02.176307832 socket.cpp:755] [c10d] The client socket cannot be initialized to connect to [kairosgh10.calmip.cluster]:38247 (errno: 97 - Address family not supported by protocol).
INFO:nemo.lightning.pytorch.strategies.megatron_strategy:Initializing distributed: GLOBAL_RANK: 3, MEMBER: 4/32
INFO:nemo.lightning.pytorch.strategies.megatron_strategy:Initializing distributed: GLOBAL_RANK: 2, MEMBER: 3/32
[W329 14:42:03.010879252 socket.cpp:755] [c10d] The client socket cannot be initialized to connect to [kairosgh10.calmip.cluster]:38247 (errno: 97 - Address family not supported by protocol).
[W329 14:42:03.011433608 socket.cpp:755] [c10d] The client socket cannot be initialized to connect to [kairosgh10.calmip.cluster]:38247 (errno: 97 - Address family not supported by protocol).
INFO:nemo.lightning.pytorch.strategies.megatron_strategy:Initializing distributed: GLOBAL_RANK: 1, MEMBER: 2/32
[W329 14:42:03.017992927 socket.cpp:755] [c10d] The client socket cannot be initialized to connect to [kairosgh10.calmip.cluster]:38247 (errno: 97 - Address family not supported by protocol).
INFO:nemo.lightning.pytorch.strategies.megatron_strategy:Initializing distributed: GLOBAL_RANK: 11, MEMBER: 12/32
[W329 14:42:03.337697499 socket.cpp:755] [c10d] The client socket cannot be initialized to connect to [kairosgh10.calmip.cluster]:38247 (errno: 97 - Address family not supported by protocol).
INFO:nemo.lightning.pytorch.strategies.megatron_strategy:Initializing distributed: GLOBAL_RANK: 10, MEMBER: 11/32
[W329 14:42:03.342706328 socket.cpp:755] [c10d] The client socket cannot be initialized to connect to [kairosgh10.calmip.cluster]:38247 (errno: 97 - Address family not supported by protocol).
INFO:nemo.lightning.pytorch.strategies.megatron_strategy:Initializing distributed: GLOBAL_RANK: 18, MEMBER: 19/32
[W329 14:42:03.575978529 socket.cpp:755] [c10d] The client socket cannot be initialized to connect to [kairosgh10.calmip.cluster]:38247 (errno: 97 - Address family not supported by protocol).
INFO:nemo.lightning.pytorch.strategies.megatron_strategy:Initializing distributed: GLOBAL_RANK: 9, MEMBER: 10/32
[W329 14:42:03.350811608 socket.cpp:755] [c10d] The client socket cannot be initialized to connect to [kairosgh10.calmip.cluster]:38247 (errno: 97 - Address family not supported by protocol).
INFO:nemo.lightning.pytorch.strategies.megatron_strategy:Initializing distributed: GLOBAL_RANK: 17, MEMBER: 18/32
[W329 14:42:03.583922057 socket.cpp:755] [c10d] The client socket cannot be initialized to connect to [kairosgh10.calmip.cluster]:38247 (errno: 97 - Address family not supported by protocol).
INFO:nemo.lightning.pytorch.strategies.megatron_strategy:Initializing distributed: GLOBAL_RANK: 19, MEMBER: 20/32
[W329 14:42:03.587127392 socket.cpp:755] [c10d] The client socket cannot be initialized to connect to [kairosgh10.calmip.cluster]:38247 (errno: 97 - Address family not supported by protocol).
INFO:nemo.lightning.pytorch.strategies.megatron_strategy:Initializing distributed: GLOBAL_RANK: 12, MEMBER: 13/32
[W329 14:42:03.188142255 socket.cpp:755] [c10d] The client socket cannot be initialized to connect to [kairosgh10.calmip.cluster]:38247 (errno: 97 - Address family not supported by protocol).
INFO:nemo.lightning.pytorch.strategies.megatron_strategy:Initializing distributed: GLOBAL_RANK: 29, MEMBER: 30/32
[W329 14:42:03.693772045 socket.cpp:755] [c10d] The client socket cannot be initialized to connect to [kairosgh10.calmip.cluster]:38247 (errno: 97 - Address family not supported by protocol).
INFO:nemo.lightning.pytorch.strategies.megatron_strategy:Initializing distributed: GLOBAL_RANK: 30, MEMBER: 31/32
[W329 14:42:03.700411004 socket.cpp:755] [c10d] The client socket cannot be initialized to connect to [kairosgh10.calmip.cluster]:38247 (errno: 97 - Address family not supported by protocol).
INFO:nemo.lightning.pytorch.strategies.megatron_strategy:Initializing distributed: GLOBAL_RANK: 31, MEMBER: 32/32
[W329 14:42:03.706820945 socket.cpp:755] [c10d] The client socket cannot be initialized to connect to [kairosgh10.calmip.cluster]:38247 (errno: 97 - Address family not supported by protocol).
INFO:nemo.lightning.pytorch.strategies.megatron_strategy:Initializing distributed: GLOBAL_RANK: 24, MEMBER: 25/32
[W329 14:42:03.028380302 socket.cpp:755] [c10d] The client socket cannot be initialized to connect to [kairosgh10.calmip.cluster]:38247 (errno: 97 - Address family not supported by protocol).
INFO:nemo.lightning.pytorch.strategies.megatron_strategy:Initializing distributed: GLOBAL_RANK: 14, MEMBER: 15/32
INFO:nemo.lightning.pytorch.strategies.megatron_strategy:Initializing distributed: GLOBAL_RANK: 13, MEMBER: 14/32
[W329 14:42:03.648894058 socket.cpp:755] [c10d] The client socket cannot be initialized to connect to [kairosgh10.calmip.cluster]:38247 (errno: 97 - Address family not supported by protocol).
[W329 14:42:03.649250626 socket.cpp:755] [c10d] The client socket cannot be initialized to connect to [kairosgh10.calmip.cluster]:38247 (errno: 97 - Address family not supported by protocol).
INFO:nemo.lightning.pytorch.strategies.megatron_strategy:Initializing distributed: GLOBAL_RANK: 15, MEMBER: 16/32
[W329 14:42:03.659153446 socket.cpp:755] [c10d] The client socket cannot be initialized to connect to [kairosgh10.calmip.cluster]:38247 (errno: 97 - Address family not supported by protocol).
INFO:nemo.lightning.pytorch.strategies.megatron_strategy:Initializing distributed: GLOBAL_RANK: 26, MEMBER: 27/32
INFO:nemo.lightning.pytorch.strategies.megatron_strategy:Initializing distributed: GLOBAL_RANK: 27, MEMBER: 28/32
[W329 14:42:04.568829565 socket.cpp:755] [c10d] The client socket cannot be initialized to connect to [kairosgh10.calmip.cluster]:38247 (errno: 97 - Address family not supported by protocol).
[W329 14:42:04.573071497 socket.cpp:755] [c10d] The client socket cannot be initialized to connect to [kairosgh10.calmip.cluster]:38247 (errno: 97 - Address family not supported by protocol).
INFO:nemo.lightning.pytorch.strategies.megatron_strategy:Initializing distributed: GLOBAL_RANK: 25, MEMBER: 26/32
[W329 14:42:04.576899101 socket.cpp:755] [c10d] The client socket cannot be initialized to connect to [kairosgh10.calmip.cluster]:38247 (errno: 97 - Address family not supported by protocol).
[NeMo I 2026-03-29 14:42:11 utils:532] Let split_matrix = [(0, 1.0), None, None]
[NeMo I 2026-03-29 14:42:11 utils:532] Building GPTDataset splits with sizes=[732966912, 0, 32768] and config=GPTDatasetConfig(random_seed=1234, sequence_length=4096, blend=[['/work/datasets/AI/tokens_luciole_phase1/claire_open_en_text_document', '/work/datasets/AI/tokens_luciole_phase1/claire_open_fr_text_document', '/work/datasets/AI/tokens_luciole_phase1/common-corpus_bnl-newspapers-1841-1879_fr_text_document', '/work/datasets/AI/tokens_luciole_phase1/common-corpus_eurlex_multi_text_document', '/work/datasets/AI/tokens_luciole_phase1/common-corpus_gatt-library_multi_text_document', '/work/datasets/AI/tokens_luciole_phase1/common-corpus_oecd_multi_text_document', '/work/datasets/AI/tokens_luciole_phase1/common-corpus_tedeutenders_multi_text_document', '/work/datasets/AI/tokens_luciole_phase1/common-corpus_wto_multi_text_document', '/work/datasets/AI/tokens_luciole_phase1/common-pile_arxiv-abstracts_en_text_document', '/work/datasets/AI/tokens_luciole_phase1/common-pile_arxiv-papers_en_text_document', '/work/datasets/AI/tokens_luciole_phase1/common-pile_biodiversity-heritage-library_en_text_document', '/work/datasets/AI/tokens_luciole_phase1/common-pile_caselaw-access-project_en_text_document', '/work/datasets/AI/tokens_luciole_phase1/common-pile_doab_en_text_document', '/work/datasets/AI/tokens_luciole_phase1/common-pile_foodista_en_text_document', '/work/datasets/AI/tokens_luciole_phase1/common-pile_github-archive_en_text_document', '/work/datasets/AI/tokens_luciole_phase1/common-pile_library-of-congress_en_text_document', '/work/datasets/AI/tokens_luciole_phase1/common-pile_libretexts_en_text_document', '/work/datasets/AI/tokens_luciole_phase1/common-pile_news_en_text_document', '/work/datasets/AI/tokens_luciole_phase1/common-pile_oercommons_en_text_document', '/work/datasets/AI/tokens_luciole_phase1/common-pile_peS2o_en_text_document', '/work/datasets/AI/tokens_luciole_phase1/common-pile_pre-1929-books_en_text_document', '/work/datasets/AI/tokens_luciole_phase1/common-pile_pressbooks_en_text_document', '/work/datasets/AI/tokens_luciole_phase1/common-pile_public-domain-review_en_text_document', '/work/datasets/AI/tokens_luciole_phase1/common-pile_pubmed_en_text_document', '/work/datasets/AI/tokens_luciole_phase1/common-pile_python-enhancement-proposals_en_text_document', '/work/datasets/AI/tokens_luciole_phase1/common-pile_regulations_en_text_document', '/work/datasets/AI/tokens_luciole_phase1/common-pile_stackexchange_en_text_document', '/work/datasets/AI/tokens_luciole_phase1/common-pile_ubuntu-irc_en_text_document', '/work/datasets/AI/tokens_luciole_phase1/common-pile_youtube_en_text_document', '/work/datasets/AI/tokens_luciole_phase1/croissant-aligned_aligned_text_document', '/work/datasets/AI/tokens_luciole_phase1/culturax_fr_text_document_ratio1.30_phase0', '/work/datasets/AI/tokens_luciole_phase1/dclm-dolmino_en_text_document_ratio0.75_phase0', '/work/datasets/AI/tokens_luciole_phase1/europarl_aligned_text_document', '/work/datasets/AI/tokens_luciole_phase1/europarl_multi_text_document', '/work/datasets/AI/tokens_luciole_phase1/eurovoc_filtered_multi_text_document', '/work/datasets/AI/tokens_luciole_phase1/fineweb-edu_en_text_document_ratio0.75_phase0', '/work/datasets/AI/tokens_luciole_phase1/fineweb2_ar_text_document_ratio0.50_phase0', '/work/datasets/AI/tokens_luciole_phase1/fineweb2_ca_text_document_ratio0.05_phase0', '/work/datasets/AI/tokens_luciole_phase1/fineweb2_de_text_document_ratio0.50_phase0', '/work/datasets/AI/tokens_luciole_phase1/fineweb2_es_text_document_ratio0.50_phase0', '/work/datasets/AI/tokens_luciole_phase1/fineweb2_fr_text_document_ratio1.30_phase0', '/work/datasets/AI/tokens_luciole_phase1/fineweb2_it_text_document_ratio0.50_phase0', '/work/datasets/AI/tokens_luciole_phase1/fineweb2_nl_text_document_ratio0.50_phase0', '/work/datasets/AI/tokens_luciole_phase1/fineweb2_pt_text_document_ratio0.50_phase0', '/work/datasets/AI/tokens_luciole_phase1/fineweb2_regional_text_document', '/work/datasets/AI/tokens_luciole_phase1/gallica_monographies_fr_text_document', '/work/datasets/AI/tokens_luciole_phase1/gallica_press_fr_text_document', '/work/datasets/AI/tokens_luciole_phase1/gutenberg_de_text_document', '/work/datasets/AI/tokens_luciole_phase1/gutenberg_en_text_document', '/work/datasets/AI/tokens_luciole_phase1/gutenberg_es_text_document', '/work/datasets/AI/tokens_luciole_phase1/gutenberg_fr_text_document', '/work/datasets/AI/tokens_luciole_phase1/gutenberg_it_text_document', '/work/datasets/AI/tokens_luciole_phase1/gutenberg_nl_text_document', '/work/datasets/AI/tokens_luciole_phase1/gutenberg_pt_text_document', '/work/datasets/AI/tokens_luciole_phase1/hal-cea_full-filtered_fr_text_document', '/work/datasets/AI/tokens_luciole_phase1/hplt2_fr_text_document_ratio1.30_phase0', '/work/datasets/AI/tokens_luciole_phase1/insee_fr_text_document', '/work/datasets/AI/tokens_luciole_phase1/math-pile_math_text_document', '/work/datasets/AI/tokens_luciole_phase1/opendata_fr_text_document', '/work/datasets/AI/tokens_luciole_phase1/parlement_fr_text_document', '/work/datasets/AI/tokens_luciole_phase1/starcoder-data_code_text_document', '/work/datasets/AI/tokens_luciole_phase1/theses_fr_text_document', '/work/datasets/AI/tokens_luciole_phase1/wikimedia-vikidia_ar_text_document', '/work/datasets/AI/tokens_luciole_phase1/wikimedia-vikidia_ca_text_document_ratio0.20_phase0', '/work/datasets/AI/tokens_luciole_phase1/wikimedia-vikidia_de_text_document', '/work/datasets/AI/tokens_luciole_phase1/wikimedia-vikidia_en_text_document', '/work/datasets/AI/tokens_luciole_phase1/wikimedia-vikidia_es_text_document', '/work/datasets/AI/tokens_luciole_phase1/wikimedia-vikidia_fr_text_document', '/work/datasets/AI/tokens_luciole_phase1/wikimedia-vikidia_it_text_document', '/work/datasets/AI/tokens_luciole_phase1/wikimedia-vikidia_pt_text_document', '/work/datasets/AI/tokens_luciole_phase1/wikimedia-vikidia_regional_text_document', '/work/datasets/AI/tokens_luciole_phase1/wikimedia_nl_text_document', '/work/datasets/AI/tokens_luciole_phase1/youtube_fr_text_document'], [29003.0, 92129.0, 66237.0, 3601664.0, 41322.0, 121969.0, 31276.0, 577279.0, 140138.0, 1299034.0, 107772.0, 929697.0, 712786.0, 5603.0, 2244221.0, 101533.0, 21049.0, 14354.0, 2748.0, 10166525.0, 531517.0, 31891.0, 382.0, 1869301.0, 652.0, 266173.0, 4985359.0, 482830.0, 204765.0, 11618464.0, 57012131.0, 93003263.0, 215607.0, 99752.0, 2150091.0, 214754282.0, 3350461.0, 92529.0, 27173931.0, 24393496.0, 50038822.0, 13377940.0, 7435763.0, 9800040.0, 2132152.0, 5842786.0, 22850320.0, 42330.0, 1187655.0, 21778.0, 91991.0, 29909.0, 24430.0, 9241.0, 7828031.0, 70401931.0, 55377.0, 2345197.0, 2749409.0, 282826.0, 62922795.0, 3239718.0, 265451.0, 58530.0, 1098595.0, 2882825.0, 631843.0, 1276052.0, 654077.0, 304392.0, 119234.0, 345319.0, 76194.0]], blend_per_split=None, split='1,0,0', split_matrix=[(0, 1.0), None, None], num_dataset_builder_threads=1, path_to_cache='/tmpdir/barman/bs1024_fullrun/outputs/index_mapping', mmap_bin_files=True, mock=False, tokenizer=<nemo.collections.common.tokenizers.huggingface.auto_tokenizer.AutoTokenizer object at 0x40044d355340>, reset_position_ids=False, reset_attention_mask=False, eod_mask_loss=False, create_attention_mask=False, drop_last_partial_validation_sequence=True, add_extra_token_to_sequence=True, s3_cache_path=None)
[NeMo I 2026-03-29 14:42:11 utils:532] Load the _IndexReader from /work/datasets/AI/tokens_luciole_phase1/claire_open_en_text_document.idx
[NeMo I 2026-03-29 14:42:11 utils:532] 	Extract the sequence lengths
[NeMo I 2026-03-29 14:42:11 utils:532] 	Extract the sequence pointers
[NeMo I 2026-03-29 14:42:11 utils:532] 	Extract the document indices
[NeMo I 2026-03-29 14:42:11 utils:532] > total number of sequences: 462740
[NeMo I 2026-03-29 14:42:11 utils:532] > total number of documents: 462740
[NeMo I 2026-03-29 14:42:11 utils:532] Load the GPTDataset train indices
[NeMo I 2026-03-29 14:42:11 utils:532] 	Load the document index from c278a2eb266ce1172450760e13116258-GPTDataset-train-document_index.npy
[NeMo I 2026-03-29 14:42:11 utils:532] 	Load the sample index from c278a2eb266ce1172450760e13116258-GPTDataset-train-sample_index.npy
[NeMo I 2026-03-29 14:42:11 utils:532] 	Load the shuffle index from c278a2eb266ce1172450760e13116258-GPTDataset-train-shuffle_index.npy
[NeMo I 2026-03-29 14:42:11 utils:532] > total number of samples: 58006
[NeMo I 2026-03-29 14:42:11 utils:532] Load the _IndexReader from /work/datasets/AI/tokens_luciole_phase1/claire_open_fr_text_document.idx
[NeMo I 2026-03-29 14:42:11 utils:532] 	Extract the sequence lengths
[NeMo I 2026-03-29 14:42:11 utils:532] 	Extract the sequence pointers
[NeMo I 2026-03-29 14:42:11 utils:532] 	Extract the document indices
[NeMo I 2026-03-29 14:42:11 utils:532] > total number of sequences: 14526
[NeMo I 2026-03-29 14:42:11 utils:532] > total number of documents: 14526
[NeMo I 2026-03-29 14:42:11 utils:532] Load the GPTDataset train indices
[NeMo I 2026-03-29 14:42:11 utils:532] 	Load the document index from e9e3df595a4f5c19d8afbab5002daa48-GPTDataset-train-document_index.npy
[NeMo I 2026-03-29 14:42:11 utils:532] 	Load the sample index from e9e3df595a4f5c19d8afbab5002daa48-GPTDataset-train-sample_index.npy
[NeMo I 2026-03-29 14:42:11 utils:532] 	Load the shuffle index from e9e3df595a4f5c19d8afbab5002daa48-GPTDataset-train-shuffle_index.npy
[NeMo I 2026-03-29 14:42:11 utils:532] > total number of samples: 138193
[NeMo I 2026-03-29 14:42:11 utils:532] Load the _IndexReader from /work/datasets/AI/tokens_luciole_phase1/common-corpus_bnl-newspapers-1841-1879_fr_text_document.idx
[NeMo I 2026-03-29 14:42:11 utils:532] 	Extract the sequence lengths
[NeMo I 2026-03-29 14:42:11 utils:532] 	Extract the sequence pointers
[NeMo I 2026-03-29 14:42:11 utils:532] 	Extract the document indices
[NeMo I 2026-03-29 14:42:11 utils:532] > total number of sequences: 315272
[NeMo I 2026-03-29 14:42:11 utils:532] > total number of documents: 315272
[NeMo I 2026-03-29 14:42:11 utils:532] Load the GPTDataset train indices
[NeMo I 2026-03-29 14:42:11 utils:532] 	Load the document index from bf49c6faa0d4a2569c1d2a543370fada-GPTDataset-train-document_index.npy
[NeMo I 2026-03-29 14:42:11 utils:532] 	Load the sample index from bf49c6faa0d4a2569c1d2a543370fada-GPTDataset-train-sample_index.npy
[NeMo I 2026-03-29 14:42:11 utils:532] 	Load the shuffle index from bf49c6faa0d4a2569c1d2a543370fada-GPTDataset-train-shuffle_index.npy
[NeMo I 2026-03-29 14:42:11 utils:532] > total number of samples: 132475
[NeMo I 2026-03-29 14:42:11 utils:532] Load the _IndexReader from /work/datasets/AI/tokens_luciole_phase1/common-corpus_eurlex_multi_text_document.idx
[NeMo I 2026-03-29 14:42:11 utils:532] 	Extract the sequence lengths
[NeMo I 2026-03-29 14:42:11 utils:532] 	Extract the sequence pointers
[NeMo I 2026-03-29 14:42:11 utils:532] 	Extract the document indices
[NeMo I 2026-03-29 14:42:11 utils:532] > total number of sequences: 1803972
[NeMo I 2026-03-29 14:42:11 utils:532] > total number of documents: 1803972
[NeMo I 2026-03-29 14:42:11 utils:532] Load the GPTDataset train indices
[NeMo I 2026-03-29 14:42:11 utils:532] 	Load the document index from d0e71574d22e0e9587d79d18462d5269-GPTDataset-train-document_index.npy
[NeMo I 2026-03-29 14:42:11 utils:532] 	Load the sample index from d0e71574d22e0e9587d79d18462d5269-GPTDataset-train-sample_index.npy
[NeMo I 2026-03-29 14:42:11 utils:532] 	Load the shuffle index from d0e71574d22e0e9587d79d18462d5269-GPTDataset-train-shuffle_index.npy
[NeMo I 2026-03-29 14:42:11 utils:532] > total number of samples: 7203329
[NeMo I 2026-03-29 14:42:11 utils:532] Load the _IndexReader from /work/datasets/AI/tokens_luciole_phase1/common-corpus_gatt-library_multi_text_document.idx
[NeMo I 2026-03-29 14:42:11 utils:532] 	Extract the sequence lengths
[NeMo I 2026-03-29 14:42:11 utils:532] 	Extract the sequence pointers
[NeMo I 2026-03-29 14:42:11 utils:532] 	Extract the document indices
[NeMo I 2026-03-29 14:42:11 utils:532] > total number of sequences: 55289
[NeMo I 2026-03-29 14:42:11 utils:532] > total number of documents: 55289
[NeMo I 2026-03-29 14:42:11 utils:532] Load the GPTDataset train indices
[NeMo I 2026-03-29 14:42:11 utils:532] 	Load the document index from 0e3af409956f4c7e07347f35d50e7331-GPTDataset-train-document_index.npy
[NeMo I 2026-03-29 14:42:11 utils:532] 	Load the sample index from 0e3af409956f4c7e07347f35d50e7331-GPTDataset-train-sample_index.npy
[NeMo I 2026-03-29 14:42:11 utils:532] 	Load the shuffle index from 0e3af409956f4c7e07347f35d50e7331-GPTDataset-train-shuffle_index.npy
[NeMo I 2026-03-29 14:42:11 utils:532] > total number of samples: 82644
[NeMo I 2026-03-29 14:42:11 utils:532] Load the _IndexReader from /work/datasets/AI/tokens_luciole_phase1/common-corpus_oecd_multi_text_document.idx
[NeMo I 2026-03-29 14:42:11 utils:532] 	Extract the sequence lengths
[NeMo I 2026-03-29 14:42:11 utils:532] 	Extract the sequence pointers
[NeMo I 2026-03-29 14:42:11 utils:532] 	Extract the document indices
[NeMo I 2026-03-29 14:42:11 utils:532] > total number of sequences: 68581
[NeMo I 2026-03-29 14:42:11 utils:532] > total number of documents: 68581
[NeMo I 2026-03-29 14:42:11 utils:532] Load the GPTDataset train indices
[NeMo I 2026-03-29 14:42:11 utils:532] 	Load the document index from b6cd086337313001b25df2df65dc4979-GPTDataset-train-document_index.npy
[NeMo I 2026-03-29 14:42:11 utils:532] 	Load the sample index from b6cd086337313001b25df2df65dc4979-GPTDataset-train-sample_index.npy
[NeMo I 2026-03-29 14:42:11 utils:532] 	Load the shuffle index from b6cd086337313001b25df2df65dc4979-GPTDataset-train-shuffle_index.npy
[NeMo I 2026-03-29 14:42:11 utils:532] > total number of samples: 243939
[NeMo I 2026-03-29 14:42:11 utils:532] Load the _IndexReader from /work/datasets/AI/tokens_luciole_phase1/common-corpus_tedeutenders_multi_text_document.idx
[NeMo I 2026-03-29 14:42:11 utils:532] 	Extract the sequence lengths
[NeMo I 2026-03-29 14:42:11 utils:532] 	Extract the sequence pointers
[NeMo I 2026-03-29 14:42:11 utils:532] 	Extract the document indices
[NeMo I 2026-03-29 14:42:11 utils:532] > total number of sequences: 51785
[NeMo I 2026-03-29 14:42:11 utils:532] > total number of documents: 51785
[NeMo I 2026-03-29 14:42:11 utils:532] Load the GPTDataset train indices
[NeMo I 2026-03-29 14:42:11 utils:532] 	Load the document index from a64f343cb03a044e015584691cbd866c-GPTDataset-train-document_index.npy
[NeMo I 2026-03-29 14:42:11 utils:532] 	Load the sample index from a64f343cb03a044e015584691cbd866c-GPTDataset-train-sample_index.npy
[NeMo I 2026-03-29 14:42:11 utils:532] 	Load the shuffle index from a64f343cb03a044e015584691cbd866c-GPTDataset-train-shuffle_index.npy
[NeMo I 2026-03-29 14:42:11 utils:532] > total number of samples: 62552
[NeMo I 2026-03-29 14:42:11 utils:532] Load the _IndexReader from /work/datasets/AI/tokens_luciole_phase1/common-corpus_wto_multi_text_document.idx
[NeMo I 2026-03-29 14:42:11 utils:532] 	Extract the sequence lengths
[NeMo I 2026-03-29 14:42:11 utils:532] 	Extract the sequence pointers
[NeMo I 2026-03-29 14:42:11 utils:532] 	Extract the document indices
[NeMo I 2026-03-29 14:42:11 utils:532] > total number of sequences: 644356
[NeMo I 2026-03-29 14:42:11 utils:532] > total number of documents: 644356
[NeMo I 2026-03-29 14:42:11 utils:532] Load the GPTDataset train indices
[NeMo I 2026-03-29 14:42:11 utils:532] 	Load the document index from 899999aa2e00ad0df6aa025824d3a581-GPTDataset-train-document_index.npy
[NeMo I 2026-03-29 14:42:11 utils:532] 	Load the sample index from 899999aa2e00ad0df6aa025824d3a581-GPTDataset-train-sample_index.npy
[NeMo I 2026-03-29 14:42:11 utils:532] 	Load the shuffle index from 899999aa2e00ad0df6aa025824d3a581-GPTDataset-train-shuffle_index.npy
[NeMo I 2026-03-29 14:42:11 utils:532] > total number of samples: 1154559
[NeMo I 2026-03-29 14:42:11 utils:532] Load the _IndexReader from /work/datasets/AI/tokens_luciole_phase1/common-pile_arxiv-abstracts_en_text_document.idx
[NeMo I 2026-03-29 14:42:12 utils:532] 	Extract the sequence lengths
[NeMo I 2026-03-29 14:42:12 utils:532] 	Extract the sequence pointers
[NeMo I 2026-03-29 14:42:12 utils:532] 	Extract the document indices
[NeMo I 2026-03-29 14:42:12 utils:532] > total number of sequences: 2494948
[NeMo I 2026-03-29 14:42:12 utils:532] > total number of documents: 2494948
[NeMo I 2026-03-29 14:42:12 utils:532] Load the GPTDataset train indices
[NeMo I 2026-03-29 14:42:12 utils:532] 	Load the document index from 978e5d407878da5e8c7ccb07f93574f6-GPTDataset-train-document_index.npy
[NeMo I 2026-03-29 14:42:12 utils:532] 	Load the sample index from 978e5d407878da5e8c7ccb07f93574f6-GPTDataset-train-sample_index.npy
[NeMo I 2026-03-29 14:42:12 utils:532] 	Load the shuffle index from 978e5d407878da5e8c7ccb07f93574f6-GPTDataset-train-shuffle_index.npy
[NeMo I 2026-03-29 14:42:12 utils:532] > total number of samples: 280276
[NeMo I 2026-03-29 14:42:12 utils:532] Load the _IndexReader from /work/datasets/AI/tokens_luciole_phase1/common-pile_arxiv-papers_en_text_document.idx
[NeMo I 2026-03-29 14:42:12 utils:532] 	Extract the sequence lengths
[NeMo I 2026-03-29 14:42:12 utils:532] 	Extract the sequence pointers
[NeMo I 2026-03-29 14:42:12 utils:532] 	Extract the document indices
[NeMo I 2026-03-29 14:42:12 utils:532] > total number of sequences: 265829
[NeMo I 2026-03-29 14:42:12 utils:532] > total number of documents: 265829
[NeMo I 2026-03-29 14:42:12 utils:532] Load the GPTDataset train indices
[NeMo I 2026-03-29 14:42:12 utils:532] 	Load the document index from 608896eed76c237d9c3ae1cdd7b03116-GPTDataset-train-document_index.npy
[NeMo I 2026-03-29 14:42:12 utils:532] 	Load the sample index from 608896eed76c237d9c3ae1cdd7b03116-GPTDataset-train-sample_index.npy
[NeMo I 2026-03-29 14:42:12 utils:532] 	Load the shuffle index from 608896eed76c237d9c3ae1cdd7b03116-GPTDataset-train-shuffle_index.npy
[NeMo I 2026-03-29 14:42:12 utils:532] > total number of samples: 2598069
[NeMo I 2026-03-29 14:42:12 utils:532] Load the _IndexReader from /work/datasets/AI/tokens_luciole_phase1/common-pile_biodiversity-heritage-library_en_text_document.idx
[NeMo I 2026-03-29 14:42:12 utils:532] 	Extract the sequence lengths
[NeMo I 2026-03-29 14:42:12 utils:532] 	Extract the sequence pointers
[NeMo I 2026-03-29 14:42:12 utils:532] 	Extract the document indices
[NeMo I 2026-03-29 14:42:12 utils:532] > total number of sequences: 14559324
[NeMo I 2026-03-29 14:42:12 utils:532] > total number of documents: 14559324
[NeMo I 2026-03-29 14:42:12 utils:532] Load the GPTDataset train indices
[NeMo I 2026-03-29 14:42:12 utils:532] 	Load the document index from 7c3c1c36c58a456be99aeb3129c42a47-GPTDataset-train-document_index.npy
[NeMo I 2026-03-29 14:42:12 utils:532] 	Load the sample index from 7c3c1c36c58a456be99aeb3129c42a47-GPTDataset-train-sample_index.npy
[NeMo I 2026-03-29 14:42:12 utils:532] 	Load the shuffle index from 7c3c1c36c58a456be99aeb3129c42a47-GPTDataset-train-shuffle_index.npy
[NeMo I 2026-03-29 14:42:12 utils:532] > total number of samples: 2155443
[NeMo I 2026-03-29 14:42:12 utils:532] Load the _IndexReader from /work/datasets/AI/tokens_luciole_phase1/common-pile_caselaw-access-project_en_text_document.idx
[NeMo I 2026-03-29 14:42:12 utils:532] 	Extract the sequence lengths
[NeMo I 2026-03-29 14:42:12 utils:532] 	Extract the sequence pointers
[NeMo I 2026-03-29 14:42:12 utils:532] 	Extract the document indices
[NeMo I 2026-03-29 14:42:12 utils:532] > total number of sequences: 6675458
[NeMo I 2026-03-29 14:42:12 utils:532] > total number of documents: 6675458
[NeMo I 2026-03-29 14:42:12 utils:532] Load the GPTDataset train indices
[NeMo I 2026-03-29 14:42:12 utils:532] 	Load the document index from ec105bfa9c756daba1dfd117e687d172-GPTDataset-train-document_index.npy
[NeMo I 2026-03-29 14:42:12 utils:532] 	Load the sample index from ec105bfa9c756daba1dfd117e687d172-GPTDataset-train-sample_index.npy
[NeMo I 2026-03-29 14:42:12 utils:532] 	Load the shuffle index from ec105bfa9c756daba1dfd117e687d172-GPTDataset-train-shuffle_index.npy
[NeMo I 2026-03-29 14:42:12 utils:532] > total number of samples: 4648487
[NeMo I 2026-03-29 14:42:12 utils:532] Load the _IndexReader from /work/datasets/AI/tokens_luciole_phase1/common-pile_doab_en_text_document.idx
[NeMo I 2026-03-29 14:42:12 utils:532] 	Extract the sequence lengths
[NeMo I 2026-03-29 14:42:12 utils:532] 	Extract the sequence pointers
[NeMo I 2026-03-29 14:42:12 utils:532] 	Extract the document indices
[NeMo I 2026-03-29 14:42:12 utils:532] > total number of sequences: 392508
[NeMo I 2026-03-29 14:42:12 utils:532] > total number of documents: 392508
[NeMo I 2026-03-29 14:42:12 utils:532] Load the GPTDataset train indices
[NeMo I 2026-03-29 14:42:12 utils:532] 	Load the document index from 95b255fdfe8df21733b838fde7ffb303-GPTDataset-train-document_index.npy
[NeMo I 2026-03-29 14:42:12 utils:532] 	Load the sample index from 95b255fdfe8df21733b838fde7ffb303-GPTDataset-train-sample_index.npy
[NeMo I 2026-03-29 14:42:12 utils:532] 	Load the shuffle index from 95b255fdfe8df21733b838fde7ffb303-GPTDataset-train-shuffle_index.npy
[NeMo I 2026-03-29 14:42:12 utils:532] > total number of samples: 1425572
[NeMo I 2026-03-29 14:42:12 utils:532] Load the _IndexReader from /work/datasets/AI/tokens_luciole_phase1/common-pile_foodista_en_text_document.idx
[NeMo I 2026-03-29 14:42:12 utils:532] 	Extract the sequence lengths
[NeMo I 2026-03-29 14:42:12 utils:532] 	Extract the sequence pointers
[NeMo I 2026-03-29 14:42:12 utils:532] 	Extract the document indices
[NeMo I 2026-03-29 14:42:12 utils:532] > total number of sequences: 64362
[NeMo I 2026-03-29 14:42:12 utils:532] > total number of documents: 64362
[NeMo I 2026-03-29 14:42:12 utils:532] Load the GPTDataset train indices
[NeMo I 2026-03-29 14:42:12 utils:532] 	Load the document index from ce26f4c8e127de4a3d70bf0e960f511b-GPTDataset-train-document_index.npy
[NeMo I 2026-03-29 14:42:12 utils:532] 	Load the sample index from ce26f4c8e127de4a3d70bf0e960f511b-GPTDataset-train-sample_index.npy
[NeMo I 2026-03-29 14:42:12 utils:532] 	Load the shuffle index from ce26f4c8e127de4a3d70bf0e960f511b-GPTDataset-train-shuffle_index.npy
[NeMo I 2026-03-29 14:42:12 utils:532] > total number of samples: 11206
[NeMo I 2026-03-29 14:42:12 utils:532] Load the _IndexReader from /work/datasets/AI/tokens_luciole_phase1/common-pile_github-archive_en_text_document.idx
[NeMo I 2026-03-29 14:42:12 utils:532] 	Extract the sequence lengths
[NeMo I 2026-03-29 14:42:12 utils:532] 	Extract the sequence pointers
[NeMo I 2026-03-29 14:42:12 utils:532] 	Extract the document indices
[NeMo I 2026-03-29 14:42:12 utils:532] > total number of sequences: 21453611
[NeMo I 2026-03-29 14:42:12 utils:532] > total number of documents: 21453611
[NeMo I 2026-03-29 14:42:12 utils:532] Load the GPTDataset train indices
[NeMo I 2026-03-29 14:42:12 utils:532] 	Load the document index from 24c349adb8df689f5f8e3c132574a8db-GPTDataset-train-document_index.npy
[NeMo I 2026-03-29 14:42:12 utils:532] 	Load the sample index from 24c349adb8df689f5f8e3c132574a8db-GPTDataset-train-sample_index.npy
[NeMo I 2026-03-29 14:42:12 utils:532] 	Load the shuffle index from 24c349adb8df689f5f8e3c132574a8db-GPTDataset-train-shuffle_index.npy
[NeMo I 2026-03-29 14:42:12 utils:532] > total number of samples: 4488442
[NeMo I 2026-03-29 14:42:12 utils:532] Load the _IndexReader from /work/datasets/AI/tokens_luciole_phase1/common-pile_library-of-congress_en_text_document.idx
[NeMo I 2026-03-29 14:42:12 utils:532] 	Extract the sequence lengths
[NeMo I 2026-03-29 14:42:12 utils:532] 	Extract the sequence pointers
[NeMo I 2026-03-29 14:42:12 utils:532] 	Extract the document indices
[NeMo I 2026-03-29 14:42:12 utils:532] > total number of sequences: 128517
[NeMo I 2026-03-29 14:42:12 utils:532] > total number of documents: 128517
[NeMo I 2026-03-29 14:42:12 utils:532] Load the GPTDataset train indices
[NeMo I 2026-03-29 14:42:12 utils:532] 	Load the document index from 32fcea92eadf81eda1ef5e479f98cc85-GPTDataset-train-document_index.npy
[NeMo I 2026-03-29 14:42:12 utils:532] 	Load the sample index from 32fcea92eadf81eda1ef5e479f98cc85-GPTDataset-train-sample_index.npy
[NeMo I 2026-03-29 14:42:12 utils:532] 	Load the shuffle index from 32fcea92eadf81eda1ef5e479f98cc85-GPTDataset-train-shuffle_index.npy
[NeMo I 2026-03-29 14:42:12 utils:532] > total number of samples: 2030664
[NeMo I 2026-03-29 14:42:12 utils:532] Load the _IndexReader from /work/datasets/AI/tokens_luciole_phase1/common-pile_libretexts_en_text_document.idx
[NeMo I 2026-03-29 14:42:12 utils:532] 	Extract the sequence lengths
[NeMo I 2026-03-29 14:42:12 utils:532] 	Extract the sequence pointers
[NeMo I 2026-03-29 14:42:12 utils:532] 	Extract the document indices
[NeMo I 2026-03-29 14:42:12 utils:532] > total number of sequences: 39197
[NeMo I 2026-03-29 14:42:12 utils:532] > total number of documents: 39197
[NeMo I 2026-03-29 14:42:12 utils:532] Load the GPTDataset train indices
[NeMo I 2026-03-29 14:42:12 utils:532] 	Load the document index from 59f138e65187f3a05870ceada4e6b6d4-GPTDataset-train-document_index.npy
[NeMo I 2026-03-29 14:42:12 utils:532] 	Load the sample index from 59f138e65187f3a05870ceada4e6b6d4-GPTDataset-train-sample_index.npy
[NeMo I 2026-03-29 14:42:12 utils:532] 	Load the shuffle index from 59f138e65187f3a05870ceada4e6b6d4-GPTDataset-train-shuffle_index.npy
[NeMo I 2026-03-29 14:42:12 utils:532] > total number of samples: 42098
[NeMo I 2026-03-29 14:42:12 utils:532] Load the _IndexReader from /work/datasets/AI/tokens_luciole_phase1/common-pile_news_en_text_document.idx
[NeMo I 2026-03-29 14:42:12 utils:532] 	Extract the sequence lengths
[NeMo I 2026-03-29 14:42:12 utils:532] 	Extract the sequence pointers
[NeMo I 2026-03-29 14:42:12 utils:532] 	Extract the document indices
[NeMo I 2026-03-29 14:42:12 utils:532] > total number of sequences: 124462
[NeMo I 2026-03-29 14:42:12 utils:532] > total number of documents: 124462
[NeMo I 2026-03-29 14:42:12 utils:532] Load the GPTDataset train indices
[NeMo I 2026-03-29 14:42:12 utils:532] 	Load the document index from bfa8f51461bce61153eb586fb1ecd2dc-GPTDataset-train-document_index.npy
[NeMo I 2026-03-29 14:42:12 utils:532] 	Load the sample index from bfa8f51461bce61153eb586fb1ecd2dc-GPTDataset-train-sample_index.npy
[NeMo I 2026-03-29 14:42:12 utils:532] 	Load the shuffle index from bfa8f51461bce61153eb586fb1ecd2dc-GPTDataset-train-shuffle_index.npy
[NeMo I 2026-03-29 14:42:12 utils:532] > total number of samples: 28708
[NeMo I 2026-03-29 14:42:12 utils:532] Load the _IndexReader from /work/datasets/AI/tokens_luciole_phase1/common-pile_oercommons_en_text_document.idx
[NeMo I 2026-03-29 14:42:12 utils:532] 	Extract the sequence lengths
[NeMo I 2026-03-29 14:42:12 utils:532] 	Extract the sequence pointers
[NeMo I 2026-03-29 14:42:12 utils:532] 	Extract the document indices
[NeMo I 2026-03-29 14:42:12 utils:532] > total number of sequences: 5209
[NeMo I 2026-03-29 14:42:12 utils:532] > total number of documents: 5209
[NeMo I 2026-03-29 14:42:12 utils:532] Load the GPTDataset train indices
[NeMo I 2026-03-29 14:42:12 utils:532] 	Load the document index from d84be8ded1d9263c60b37e2dd2ccae0f-GPTDataset-train-document_index.npy
[NeMo I 2026-03-29 14:42:12 utils:532] 	Load the sample index from d84be8ded1d9263c60b37e2dd2ccae0f-GPTDataset-train-sample_index.npy
[NeMo I 2026-03-29 14:42:12 utils:532] 	Load the shuffle index from d84be8ded1d9263c60b37e2dd2ccae0f-GPTDataset-train-shuffle_index.npy
[NeMo I 2026-03-29 14:42:12 utils:532] > total number of samples: 5497
[NeMo I 2026-03-29 14:42:12 utils:532] Load the _IndexReader from /work/datasets/AI/tokens_luciole_phase1/common-pile_peS2o_en_text_document.idx
[NeMo I 2026-03-29 14:42:12 utils:532] 	Extract the sequence lengths
[NeMo I 2026-03-29 14:42:12 utils:532] 	Extract the sequence pointers
[NeMo I 2026-03-29 14:42:12 utils:532] 	Extract the document indices
[NeMo I 2026-03-29 14:42:12 utils:532] > total number of sequences: 6108597
[NeMo I 2026-03-29 14:42:12 utils:532] > total number of documents: 6108597
[NeMo I 2026-03-29 14:42:12 utils:532] Load the GPTDataset train indices
[NeMo I 2026-03-29 14:42:12 utils:532] 	Load the document index from 9e039f577ccdd45b49b326fda56daf9d-GPTDataset-train-document_index.npy
[NeMo I 2026-03-29 14:42:12 utils:532] 	Load the sample index from 9e039f577ccdd45b49b326fda56daf9d-GPTDataset-train-sample_index.npy
[NeMo I 2026-03-29 14:42:12 utils:532] 	Load the shuffle index from 9e039f577ccdd45b49b326fda56daf9d-GPTDataset-train-shuffle_index.npy
[NeMo I 2026-03-29 14:42:12 utils:532] > total number of samples: 20333050
[NeMo I 2026-03-29 14:42:12 utils:532] Load the _IndexReader from /work/datasets/AI/tokens_luciole_phase1/common-pile_pre-1929-books_en_text_document.idx
[NeMo I 2026-03-29 14:42:12 utils:532] 	Extract the sequence lengths
[NeMo I 2026-03-29 14:42:12 utils:532] 	Extract the sequence pointers
[NeMo I 2026-03-29 14:42:12 utils:532] 	Extract the document indices
[NeMo I 2026-03-29 14:42:12 utils:532] > total number of sequences: 124257
[NeMo I 2026-03-29 14:42:12 utils:532] > total number of documents: 124257
[NeMo I 2026-03-29 14:42:12 utils:532] Load the GPTDataset train indices
[NeMo I 2026-03-29 14:42:12 utils:532] 	Load the document index from 74731a6e40c4ceaa81c8c96085bfd237-GPTDataset-train-document_index.npy
[NeMo I 2026-03-29 14:42:12 utils:532] 	Load the sample index from 74731a6e40c4ceaa81c8c96085bfd237-GPTDataset-train-sample_index.npy
[NeMo I 2026-03-29 14:42:12 utils:532] 	Load the shuffle index from 74731a6e40c4ceaa81c8c96085bfd237-GPTDataset-train-shuffle_index.npy
[NeMo I 2026-03-29 14:42:12 utils:532] > total number of samples: 2657587
[NeMo I 2026-03-29 14:42:12 utils:532] Load the _IndexReader from /work/datasets/AI/tokens_luciole_phase1/common-pile_pressbooks_en_text_document.idx
[NeMo I 2026-03-29 14:42:12 utils:532] 	Extract the sequence lengths
[NeMo I 2026-03-29 14:42:12 utils:532] 	Extract the sequence pointers
[NeMo I 2026-03-29 14:42:12 utils:532] 	Extract the document indices
[NeMo I 2026-03-29 14:42:12 utils:532] > total number of sequences: 53819
[NeMo I 2026-03-29 14:42:12 utils:532] > total number of documents: 53819
[NeMo I 2026-03-29 14:42:12 utils:532] Load the GPTDataset train indices
[NeMo I 2026-03-29 14:42:12 utils:532] 	Load the document index from 48e6de04e97c2a9e86d1e0a8bd74b72e-GPTDataset-train-document_index.npy
[NeMo I 2026-03-29 14:42:12 utils:532] 	Load the sample index from 48e6de04e97c2a9e86d1e0a8bd74b72e-GPTDataset-train-sample_index.npy
[NeMo I 2026-03-29 14:42:12 utils:532] 	Load the shuffle index from 48e6de04e97c2a9e86d1e0a8bd74b72e-GPTDataset-train-shuffle_index.npy
[NeMo I 2026-03-29 14:42:12 utils:532] > total number of samples: 63783
[NeMo I 2026-03-29 14:42:12 utils:532] Load the _IndexReader from /work/datasets/AI/tokens_luciole_phase1/common-pile_public-domain-review_en_text_document.idx
[NeMo I 2026-03-29 14:42:12 utils:532] 	Extract the sequence lengths
[NeMo I 2026-03-29 14:42:12 utils:532] 	Extract the sequence pointers
[NeMo I 2026-03-29 14:42:12 utils:532] 	Extract the document indices
[NeMo I 2026-03-29 14:42:12 utils:532] > total number of sequences: 1406
[NeMo I 2026-03-29 14:42:12 utils:532] > total number of documents: 1406
[NeMo I 2026-03-29 14:42:12 utils:532] Load the GPTDataset train indices
[NeMo I 2026-03-29 14:42:12 utils:532] 	Load the document index from 6f9e86b1a98763d6698d1e9954f5edd0-GPTDataset-train-document_index.npy
[NeMo I 2026-03-29 14:42:12 utils:532] 	Load the sample index from 6f9e86b1a98763d6698d1e9954f5edd0-GPTDataset-train-sample_index.npy
[NeMo I 2026-03-29 14:42:12 utils:532] 	Load the shuffle index from 6f9e86b1a98763d6698d1e9954f5edd0-GPTDataset-train-shuffle_index.npy
[NeMo I 2026-03-29 14:42:12 utils:532] > total number of samples: 765
[NeMo I 2026-03-29 14:42:12 utils:532] Load the _IndexReader from /work/datasets/AI/tokens_luciole_phase1/common-pile_pubmed_en_text_document.idx
[NeMo I 2026-03-29 14:42:12 utils:532] 	Extract the sequence lengths
[NeMo I 2026-03-29 14:42:12 utils:532] 	Extract the sequence pointers
[NeMo I 2026-03-29 14:42:12 utils:532] 	Extract the document indices
[NeMo I 2026-03-29 14:42:12 utils:532] > total number of sequences: 3775036
[NeMo I 2026-03-29 14:42:12 utils:532] > total number of documents: 3775036
[NeMo I 2026-03-29 14:42:12 utils:532] Load the GPTDataset train indices
[NeMo I 2026-03-29 14:42:12 utils:532] 	Load the document index from ed9c7e8ff0fc787ece92a31011aade01-GPTDataset-train-document_index.npy
[NeMo I 2026-03-29 14:42:12 utils:532] 	Load the sample index from ed9c7e8ff0fc787ece92a31011aade01-GPTDataset-train-sample_index.npy
[NeMo I 2026-03-29 14:42:12 utils:532] 	Load the shuffle index from ed9c7e8ff0fc787ece92a31011aade01-GPTDataset-train-shuffle_index.npy
[NeMo I 2026-03-29 14:42:12 utils:532] > total number of samples: 9346505
[NeMo I 2026-03-29 14:42:12 utils:532] Load the _IndexReader from /work/datasets/AI/tokens_luciole_phase1/common-pile_python-enhancement-proposals_en_text_document.idx
[NeMo I 2026-03-29 14:42:12 utils:532] 	Extract the sequence lengths
[NeMo I 2026-03-29 14:42:12 utils:532] 	Extract the sequence pointers
[NeMo I 2026-03-29 14:42:12 utils:532] 	Extract the document indices
[NeMo I 2026-03-29 14:42:12 utils:532] > total number of sequences: 646
[NeMo I 2026-03-29 14:42:12 utils:532] > total number of documents: 646
[NeMo I 2026-03-29 14:42:12 utils:532] Load the GPTDataset train indices
[NeMo I 2026-03-29 14:42:12 utils:532] 	Load the document index from 86d7711a29ef80b8e2382302c0d50784-GPTDataset-train-document_index.npy
[NeMo I 2026-03-29 14:42:12 utils:532] 	Load the sample index from 86d7711a29ef80b8e2382302c0d50784-GPTDataset-train-sample_index.npy
[NeMo I 2026-03-29 14:42:12 utils:532] 	Load the shuffle index from 86d7711a29ef80b8e2382302c0d50784-GPTDataset-train-shuffle_index.npy
[NeMo I 2026-03-29 14:42:12 utils:532] > total number of samples: 1305
[NeMo I 2026-03-29 14:42:12 utils:532] Load the _IndexReader from /work/datasets/AI/tokens_luciole_phase1/common-pile_regulations_en_text_document.idx
[NeMo I 2026-03-29 14:42:12 utils:532] 	Extract the sequence lengths
[NeMo I 2026-03-29 14:42:12 utils:532] 	Extract the sequence pointers
[NeMo I 2026-03-29 14:42:12 utils:532] 	Extract the document indices
[NeMo I 2026-03-29 14:42:12 utils:532] > total number of sequences: 188458
[NeMo I 2026-03-29 14:42:12 utils:532] > total number of documents: 188458
[NeMo I 2026-03-29 14:42:12 utils:532] Load the GPTDataset train indices
[NeMo I 2026-03-29 14:42:12 utils:532] 	Load the document index from 89b0a7e11cdc7ad898db82aa581381d4-GPTDataset-train-document_index.npy
[NeMo I 2026-03-29 14:42:12 utils:532] 	Load the sample index from 89b0a7e11cdc7ad898db82aa581381d4-GPTDataset-train-sample_index.npy
[NeMo I 2026-03-29 14:42:12 utils:532] 	Load the shuffle index from 89b0a7e11cdc7ad898db82aa581381d4-GPTDataset-train-shuffle_index.npy
[NeMo I 2026-03-29 14:42:12 utils:532] > total number of samples: 532346
[NeMo I 2026-03-29 14:42:12 utils:532] Load the _IndexReader from /work/datasets/AI/tokens_luciole_phase1/common-pile_stackexchange_en_text_document.idx
[NeMo I 2026-03-29 14:42:12 utils:532] 	Extract the sequence lengths
[NeMo I 2026-03-29 14:42:12 utils:532] 	Extract the sequence pointers
[NeMo I 2026-03-29 14:42:12 utils:532] 	Extract the document indices
[NeMo I 2026-03-29 14:42:12 utils:532] > total number of sequences: 27698689
[NeMo I 2026-03-29 14:42:12 utils:532] > total number of documents: 27698689
[NeMo I 2026-03-29 14:42:12 utils:532] Load the GPTDataset train indices
[NeMo I 2026-03-29 14:42:12 utils:532] 	Load the document index from 19c7ff469537bb065841354a73066c3c-GPTDataset-train-document_index.npy
[NeMo I 2026-03-29 14:42:12 utils:532] 	Load the sample index from 19c7ff469537bb065841354a73066c3c-GPTDataset-train-sample_index.npy
[NeMo I 2026-03-29 14:42:12 utils:532] 	Load the shuffle index from 19c7ff469537bb065841354a73066c3c-GPTDataset-train-shuffle_index.npy
[NeMo I 2026-03-29 14:42:12 utils:532] > total number of samples: 9970719
[NeMo I 2026-03-29 14:42:12 utils:532] Load the _IndexReader from /work/datasets/AI/tokens_luciole_phase1/common-pile_ubuntu-irc_en_text_document.idx
[NeMo I 2026-03-29 14:42:12 utils:532] 	Extract the sequence lengths
[NeMo I 2026-03-29 14:42:12 utils:532] 	Extract the sequence pointers
[NeMo I 2026-03-29 14:42:12 utils:532] 	Extract the document indices
[NeMo I 2026-03-29 14:42:12 utils:532] > total number of sequences: 214985
[NeMo I 2026-03-29 14:42:12 utils:532] > total number of documents: 214985
[NeMo I 2026-03-29 14:42:12 utils:532] Load the GPTDataset train indices
[NeMo I 2026-03-29 14:42:12 utils:532] 	Load the document index from 4d4ee5eb2bed3536cc74337a566a5bfb-GPTDataset-train-document_index.npy
[NeMo I 2026-03-29 14:42:13 utils:532] 	Load the sample index from 4d4ee5eb2bed3536cc74337a566a5bfb-GPTDataset-train-sample_index.npy
[NeMo I 2026-03-29 14:42:13 utils:532] 	Load the shuffle index from 4d4ee5eb2bed3536cc74337a566a5bfb-GPTDataset-train-shuffle_index.npy
[NeMo I 2026-03-29 14:42:13 utils:532] > total number of samples: 965661
[NeMo I 2026-03-29 14:42:13 utils:532] Load the _IndexReader from /work/datasets/AI/tokens_luciole_phase1/common-pile_youtube_en_text_document.idx
[NeMo I 2026-03-29 14:42:13 utils:532] 	Extract the sequence lengths
[NeMo I 2026-03-29 14:42:13 utils:532] 	Extract the sequence pointers
[NeMo I 2026-03-29 14:42:13 utils:532] 	Extract the document indices
[NeMo I 2026-03-29 14:42:13 utils:532] > total number of sequences: 984915
[NeMo I 2026-03-29 14:42:13 utils:532] > total number of documents: 984915
[NeMo I 2026-03-29 14:42:13 utils:532] Load the GPTDataset train indices
[NeMo I 2026-03-29 14:42:13 utils:532] 	Load the document index from eb75be21094bb4512c69e5510aa37e7e-GPTDataset-train-document_index.npy
[NeMo I 2026-03-29 14:42:13 utils:532] 	Load the sample index from eb75be21094bb4512c69e5510aa37e7e-GPTDataset-train-sample_index.npy
[NeMo I 2026-03-29 14:42:13 utils:532] 	Load the shuffle index from eb75be21094bb4512c69e5510aa37e7e-GPTDataset-train-shuffle_index.npy
[NeMo I 2026-03-29 14:42:13 utils:532] > total number of samples: 1023829
[NeMo I 2026-03-29 14:42:13 utils:532] Load the _IndexReader from /work/datasets/AI/tokens_luciole_phase1/croissant-aligned_aligned_text_document.idx
[NeMo I 2026-03-29 14:42:13 utils:532] 	Extract the sequence lengths
[NeMo I 2026-03-29 14:42:13 utils:532] 	Extract the sequence pointers
[NeMo I 2026-03-29 14:42:13 utils:532] 	Extract the document indices
[NeMo I 2026-03-29 14:42:13 utils:532] > total number of sequences: 408028865
[NeMo I 2026-03-29 14:42:13 utils:532] > total number of documents: 408028865
[NeMo I 2026-03-29 14:42:13 utils:532] Load the GPTDataset train indices
[NeMo I 2026-03-29 14:42:13 utils:532] 	Load the document index from 4599affe3f6652fa2642e4001d2d95be-GPTDataset-train-document_index.npy
[NeMo I 2026-03-29 14:42:13 utils:532] 	Load the sample index from 4599affe3f6652fa2642e4001d2d95be-GPTDataset-train-sample_index.npy
[NeMo I 2026-03-29 14:42:13 utils:532] 	Load the shuffle index from 4599affe3f6652fa2642e4001d2d95be-GPTDataset-train-shuffle_index.npy
[NeMo I 2026-03-29 14:42:13 utils:532] > total number of samples: 17427696
[NeMo I 2026-03-29 14:42:13 utils:532] Load the _IndexReader from /work/datasets/AI/tokens_luciole_phase1/culturax_fr_text_document_ratio1.30_phase0.idx
[NeMo I 2026-03-29 14:42:13 utils:532] 	Extract the sequence lengths
[NeMo I 2026-03-29 14:42:13 utils:532] 	Extract the sequence pointers
[NeMo I 2026-03-29 14:42:13 utils:532] 	Extract the document indices
[NeMo I 2026-03-29 14:42:13 utils:532] > total number of sequences: 315407250
[NeMo I 2026-03-29 14:42:13 utils:532] > total number of documents: 315407250
[NeMo I 2026-03-29 14:42:14 utils:532] Load the GPTDataset train indices
[NeMo I 2026-03-29 14:42:14 utils:532] 	Load the document index from 5b4b380cd0d2debe889f3a6e24330ee2-GPTDataset-train-document_index.npy
[NeMo I 2026-03-29 14:42:14 utils:532] 	Load the sample index from 5b4b380cd0d2debe889f3a6e24330ee2-GPTDataset-train-sample_index.npy
[NeMo I 2026-03-29 14:42:14 utils:532] 	Load the shuffle index from 5b4b380cd0d2debe889f3a6e24330ee2-GPTDataset-train-shuffle_index.npy
[NeMo I 2026-03-29 14:42:14 utils:532] > total number of samples: 114034914
[NeMo I 2026-03-29 14:42:14 utils:532] Load the _IndexReader from /work/datasets/AI/tokens_luciole_phase1/dclm-dolmino_en_text_document_ratio0.75_phase0.idx
[NeMo I 2026-03-29 14:42:14 utils:532] 	Extract the sequence lengths
[NeMo I 2026-03-29 14:42:14 utils:532] 	Extract the sequence pointers
[NeMo I 2026-03-29 14:42:14 utils:532] 	Extract the document indices
[NeMo I 2026-03-29 14:42:14 utils:532] > total number of sequences: 298566785
[NeMo I 2026-03-29 14:42:14 utils:532] > total number of documents: 298566785
[NeMo I 2026-03-29 14:42:14 utils:532] Load the GPTDataset train indices
[NeMo I 2026-03-29 14:42:14 utils:532] 	Load the document index from c39c995029d3a3bb44e5e8a1c891e319-GPTDataset-train-document_index.npy
[NeMo I 2026-03-29 14:42:14 utils:532] 	Load the sample index from c39c995029d3a3bb44e5e8a1c891e319-GPTDataset-train-sample_index.npy
[NeMo I 2026-03-29 14:42:14 utils:532] 	Load the shuffle index from c39c995029d3a3bb44e5e8a1c891e319-GPTDataset-train-shuffle_index.npy
[NeMo I 2026-03-29 14:42:14 utils:532] > total number of samples: 186006443
[NeMo I 2026-03-29 14:42:14 utils:532] Load the _IndexReader from /work/datasets/AI/tokens_luciole_phase1/europarl_aligned_text_document.idx
[NeMo I 2026-03-29 14:42:14 utils:532] 	Extract the sequence lengths
[NeMo I 2026-03-29 14:42:14 utils:532] 	Extract the sequence pointers
[NeMo I 2026-03-29 14:42:14 utils:532] 	Extract the document indices
[NeMo I 2026-03-29 14:42:14 utils:532] > total number of sequences: 11600886
[NeMo I 2026-03-29 14:42:14 utils:532] > total number of documents: 11600886
[NeMo I 2026-03-29 14:42:14 utils:532] Load the GPTDataset train indices
[NeMo I 2026-03-29 14:42:14 utils:532] 	Load the document index from 24010f92c8471bed5d674d2f54bf0a0b-GPTDataset-train-document_index.npy
[NeMo I 2026-03-29 14:42:14 utils:532] 	Load the sample index from 24010f92c8471bed5d674d2f54bf0a0b-GPTDataset-train-sample_index.npy
[NeMo I 2026-03-29 14:42:14 utils:532] 	Load the shuffle index from 24010f92c8471bed5d674d2f54bf0a0b-GPTDataset-train-shuffle_index.npy
[NeMo I 2026-03-29 14:42:14 utils:532] > total number of samples: 431215
[NeMo I 2026-03-29 14:42:14 utils:532] Load the _IndexReader from /work/datasets/AI/tokens_luciole_phase1/europarl_multi_text_document.idx
[NeMo I 2026-03-29 14:42:14 utils:532] 	Extract the sequence lengths
[NeMo I 2026-03-29 14:42:14 utils:532] 	Extract the sequence pointers
[NeMo I 2026-03-29 14:42:14 utils:532] 	Extract the document indices
[NeMo I 2026-03-29 14:42:14 utils:532] > total number of sequences: 62440
[NeMo I 2026-03-29 14:42:14 utils:532] > total number of documents: 62440
[NeMo I 2026-03-29 14:42:14 utils:532] Load the GPTDataset train indices
[NeMo I 2026-03-29 14:42:14 utils:532] 	Load the document index from cee6530401c9e273fcaa2ad66a04cc7c-GPTDataset-train-document_index.npy
[NeMo I 2026-03-29 14:42:14 utils:532] 	Load the sample index from cee6530401c9e273fcaa2ad66a04cc7c-GPTDataset-train-sample_index.npy
[NeMo I 2026-03-29 14:42:14 utils:532] 	Load the shuffle index from cee6530401c9e273fcaa2ad66a04cc7c-GPTDataset-train-shuffle_index.npy
[NeMo I 2026-03-29 14:42:14 utils:532] > total number of samples: 199504
[NeMo I 2026-03-29 14:42:14 utils:532] Load the _IndexReader from /work/datasets/AI/tokens_luciole_phase1/eurovoc_filtered_multi_text_document.idx
[NeMo I 2026-03-29 14:42:14 utils:532] 	Extract the sequence lengths
[NeMo I 2026-03-29 14:42:14 utils:532] 	Extract the sequence pointers
[NeMo I 2026-03-29 14:42:14 utils:532] 	Extract the document indices
[NeMo I 2026-03-29 14:42:14 utils:532] > total number of sequences: 1748652
[NeMo I 2026-03-29 14:42:14 utils:532] > total number of documents: 1748652
[NeMo I 2026-03-29 14:42:14 utils:532] Load the GPTDataset train indices
[NeMo I 2026-03-29 14:42:14 utils:532] 	Load the document index from c766128bdd0db889d13167a04644a908-GPTDataset-train-document_index.npy
[NeMo I 2026-03-29 14:42:15 utils:532] 	Load the sample index from c766128bdd0db889d13167a04644a908-GPTDataset-train-sample_index.npy
[NeMo I 2026-03-29 14:42:15 utils:532] 	Load the shuffle index from c766128bdd0db889d13167a04644a908-GPTDataset-train-shuffle_index.npy
[NeMo I 2026-03-29 14:42:15 utils:532] > total number of samples: 4300183
[NeMo I 2026-03-29 14:42:15 utils:532] Load the _IndexReader from /work/datasets/AI/tokens_luciole_phase1/fineweb-edu_en_text_document_ratio0.75_phase0.idx
[NeMo I 2026-03-29 14:42:15 utils:532] 	Extract the sequence lengths
[NeMo I 2026-03-29 14:42:15 utils:532] 	Extract the sequence pointers
[NeMo I 2026-03-29 14:42:15 utils:532] 	Extract the document indices
[NeMo I 2026-03-29 14:42:15 utils:532] > total number of sequences: 835116868
[NeMo I 2026-03-29 14:42:15 utils:532] > total number of documents: 835116868
[NeMo I 2026-03-29 14:42:16 utils:532] Load the GPTDataset train indices
[NeMo I 2026-03-29 14:42:16 utils:532] 	Load the document index from f1cdf8b16cd7fe4e9168345ccab9feff-GPTDataset-train-document_index.npy
[NeMo I 2026-03-29 14:42:16 utils:532] 	Load the sample index from f1cdf8b16cd7fe4e9168345ccab9feff-GPTDataset-train-sample_index.npy
[NeMo I 2026-03-29 14:42:16 utils:532] 	Load the shuffle index from f1cdf8b16cd7fe4e9168345ccab9feff-GPTDataset-train-shuffle_index.npy
[NeMo I 2026-03-29 14:42:16 utils:532] > total number of samples: 429535986
[NeMo I 2026-03-29 14:42:16 utils:532] Load the _IndexReader from /work/datasets/AI/tokens_luciole_phase1/fineweb2_ar_text_document_ratio0.50_phase0.idx
[NeMo I 2026-03-29 14:42:16 utils:532] 	Extract the sequence lengths
[NeMo I 2026-03-29 14:42:16 utils:532] 	Extract the sequence pointers
[NeMo I 2026-03-29 14:42:16 utils:532] 	Extract the document indices
[NeMo I 2026-03-29 14:42:16 utils:532] > total number of sequences: 20389602
[NeMo I 2026-03-29 14:42:16 utils:532] > total number of documents: 20389602
[NeMo I 2026-03-29 14:42:16 utils:532] Load the GPTDataset train indices
[NeMo I 2026-03-29 14:42:16 utils:532] 	Load the document index from 315209e82ee665996ec7a22a6013a09a-GPTDataset-train-document_index.npy
[NeMo I 2026-03-29 14:42:16 utils:532] 	Load the sample index from 315209e82ee665996ec7a22a6013a09a-GPTDataset-train-sample_index.npy
[NeMo I 2026-03-29 14:42:16 utils:532] 	Load the shuffle index from 315209e82ee665996ec7a22a6013a09a-GPTDataset-train-shuffle_index.npy
[NeMo I 2026-03-29 14:42:16 utils:532] > total number of samples: 6701245
[NeMo I 2026-03-29 14:42:16 utils:532] Load the _IndexReader from /work/datasets/AI/tokens_luciole_phase1/fineweb2_ca_text_document_ratio0.05_phase0.idx
[NeMo I 2026-03-29 14:42:16 utils:532] 	Extract the sequence lengths
[NeMo I 2026-03-29 14:42:16 utils:532] 	Extract the sequence pointers
[NeMo I 2026-03-29 14:42:16 utils:532] 	Extract the document indices
[NeMo I 2026-03-29 14:42:16 utils:532] > total number of sequences: 535774
[NeMo I 2026-03-29 14:42:16 utils:532] > total number of documents: 535774
[NeMo I 2026-03-29 14:42:16 utils:532] Load the GPTDataset train indices
[NeMo I 2026-03-29 14:42:16 utils:532] 	Load the document index from e4f9c375fed378be4a08cc2c1a6c42be-GPTDataset-train-document_index.npy
[NeMo I 2026-03-29 14:42:16 utils:532] 	Load the sample index from e4f9c375fed378be4a08cc2c1a6c42be-GPTDataset-train-sample_index.npy
[NeMo I 2026-03-29 14:42:16 utils:532] 	Load the shuffle index from e4f9c375fed378be4a08cc2c1a6c42be-GPTDataset-train-shuffle_index.npy
[NeMo I 2026-03-29 14:42:16 utils:532] > total number of samples: 185293
[NeMo I 2026-03-29 14:42:16 utils:532] Load the _IndexReader from /work/datasets/AI/tokens_luciole_phase1/fineweb2_de_text_document_ratio0.50_phase0.idx
[NeMo I 2026-03-29 14:42:16 utils:532] 	Extract the sequence lengths
[NeMo I 2026-03-29 14:42:16 utils:532] 	Extract the sequence pointers
[NeMo I 2026-03-29 14:42:16 utils:532] 	Extract the document indices
[NeMo I 2026-03-29 14:42:16 utils:532] > total number of sequences: 160974108
[NeMo I 2026-03-29 14:42:16 utils:532] > total number of documents: 160974108
[NeMo I 2026-03-29 14:42:16 utils:532] Load the GPTDataset train indices
[NeMo I 2026-03-29 14:42:16 utils:532] 	Load the document index from 2e92418a43da23474e457ec430818fa1-GPTDataset-train-document_index.npy
[NeMo I 2026-03-29 14:42:16 utils:532] 	Load the sample index from 2e92418a43da23474e457ec430818fa1-GPTDataset-train-sample_index.npy
[NeMo I 2026-03-29 14:42:16 utils:532] 	Load the shuffle index from 2e92418a43da23474e457ec430818fa1-GPTDataset-train-shuffle_index.npy
[NeMo I 2026-03-29 14:42:16 utils:532] > total number of samples: 54348639
[NeMo I 2026-03-29 14:42:16 utils:532] Load the _IndexReader from /work/datasets/AI/tokens_luciole_phase1/fineweb2_es_text_document_ratio0.50_phase0.idx
[NeMo I 2026-03-29 14:42:16 utils:532] 	Extract the sequence lengths
[NeMo I 2026-03-29 14:42:16 utils:532] 	Extract the sequence pointers
[NeMo I 2026-03-29 14:42:16 utils:532] 	Extract the document indices
[NeMo I 2026-03-29 14:42:16 utils:532] > total number of sequences: 141473237
[NeMo I 2026-03-29 14:42:16 utils:532] > total number of documents: 141473237
[NeMo I 2026-03-29 14:42:16 utils:532] Load the GPTDataset train indices
[NeMo I 2026-03-29 14:42:16 utils:532] 	Load the document index from fd4241fd799b5c84133a17a3bb263779-GPTDataset-train-document_index.npy
[NeMo I 2026-03-29 14:42:16 utils:532] 	Load the sample index from fd4241fd799b5c84133a17a3bb263779-GPTDataset-train-sample_index.npy
[NeMo I 2026-03-29 14:42:16 utils:532] 	Load the shuffle index from fd4241fd799b5c84133a17a3bb263779-GPTDataset-train-shuffle_index.npy
[NeMo I 2026-03-29 14:42:16 utils:532] > total number of samples: 48782622
[NeMo I 2026-03-29 14:42:16 utils:532] Load the _IndexReader from /work/datasets/AI/tokens_luciole_phase1/fineweb2_fr_text_document_ratio1.30_phase0.idx
[NeMo I 2026-03-29 14:42:16 utils:532] 	Extract the sequence lengths
[NeMo I 2026-03-29 14:42:16 utils:532] 	Extract the sequence pointers
[NeMo I 2026-03-29 14:42:16 utils:532] 	Extract the document indices
[NeMo I 2026-03-29 14:42:16 utils:532] > total number of sequences: 302262109
[NeMo I 2026-03-29 14:42:16 utils:532] > total number of documents: 302262109
[NeMo I 2026-03-29 14:42:17 utils:532] Load the GPTDataset train indices
[NeMo I 2026-03-29 14:42:17 utils:532] 	Load the document index from 033cf0e6d985fd7b205ca014a4cec730-GPTDataset-train-document_index.npy
[NeMo I 2026-03-29 14:42:17 utils:532] 	Load the sample index from 033cf0e6d985fd7b205ca014a4cec730-GPTDataset-train-sample_index.npy
[NeMo I 2026-03-29 14:42:17 utils:532] 	Load the shuffle index from 033cf0e6d985fd7b205ca014a4cec730-GPTDataset-train-shuffle_index.npy
[NeMo I 2026-03-29 14:42:17 utils:532] > total number of samples: 100072398
[NeMo I 2026-03-29 14:42:17 utils:532] Load the _IndexReader from /work/datasets/AI/tokens_luciole_phase1/fineweb2_it_text_document_ratio0.50_phase0.idx
[NeMo I 2026-03-29 14:42:17 utils:532] 	Extract the sequence lengths
[NeMo I 2026-03-29 14:42:17 utils:532] 	Extract the sequence pointers
[NeMo I 2026-03-29 14:42:17 utils:532] 	Extract the document indices
[NeMo I 2026-03-29 14:42:17 utils:532] > total number of sequences: 77577376
[NeMo I 2026-03-29 14:42:17 utils:532] > total number of documents: 77577376
[NeMo I 2026-03-29 14:42:17 utils:532] Load the GPTDataset train indices
[NeMo I 2026-03-29 14:42:17 utils:532] 	Load the document index from 1bfcfed1450cca6d4a9c9a58eea37487-GPTDataset-train-document_index.npy
[NeMo I 2026-03-29 14:42:17 utils:532] 	Load the sample index from 1bfcfed1450cca6d4a9c9a58eea37487-GPTDataset-train-sample_index.npy
[NeMo I 2026-03-29 14:42:17 utils:532] 	Load the shuffle index from 1bfcfed1450cca6d4a9c9a58eea37487-GPTDataset-train-shuffle_index.npy
[NeMo I 2026-03-29 14:42:17 utils:532] > total number of samples: 26751866
[NeMo I 2026-03-29 14:42:17 utils:532] Load the _IndexReader from /work/datasets/AI/tokens_luciole_phase1/fineweb2_nl_text_document_ratio0.50_phase0.idx
[NeMo I 2026-03-29 14:42:17 utils:532] 	Extract the sequence lengths
[NeMo I 2026-03-29 14:42:17 utils:532] 	Extract the sequence pointers
[NeMo I 2026-03-29 14:42:17 utils:532] 	Extract the document indices
[NeMo I 2026-03-29 14:42:17 utils:532] > total number of sequences: 48546971
[NeMo I 2026-03-29 14:42:17 utils:532] > total number of documents: 48546971
[NeMo I 2026-03-29 14:42:17 utils:532] Load the GPTDataset train indices
[NeMo I 2026-03-29 14:42:17 utils:532] 	Load the document index from 177f20adcb278a2a74ce337882fb654f-GPTDataset-train-document_index.npy
[NeMo I 2026-03-29 14:42:17 utils:532] 	Load the sample index from 177f20adcb278a2a74ce337882fb654f-GPTDataset-train-sample_index.npy
[NeMo I 2026-03-29 14:42:17 utils:532] 	Load the shuffle index from 177f20adcb278a2a74ce337882fb654f-GPTDataset-train-shuffle_index.npy
[NeMo I 2026-03-29 14:42:17 utils:532] > total number of samples: 14868064
[NeMo I 2026-03-29 14:42:17 utils:532] Load the _IndexReader from /work/datasets/AI/tokens_luciole_phase1/fineweb2_pt_text_document_ratio0.50_phase0.idx
[NeMo I 2026-03-29 14:42:17 utils:532] 	Extract the sequence lengths
[NeMo I 2026-03-29 14:42:17 utils:532] 	Extract the sequence pointers
[NeMo I 2026-03-29 14:42:17 utils:532] 	Extract the document indices
[NeMo I 2026-03-29 14:42:17 utils:532] > total number of sequences: 58989768
[NeMo I 2026-03-29 14:42:17 utils:532] > total number of documents: 58989768
[NeMo I 2026-03-29 14:42:18 utils:532] Load the GPTDataset train indices
[NeMo I 2026-03-29 14:42:18 utils:532] 	Load the document index from f513e3d83c262a9303910aad2c9448bb-GPTDataset-train-document_index.npy
[NeMo I 2026-03-29 14:42:18 utils:532] 	Load the sample index from f513e3d83c262a9303910aad2c9448bb-GPTDataset-train-sample_index.npy
[NeMo I 2026-03-29 14:42:18 utils:532] 	Load the shuffle index from f513e3d83c262a9303910aad2c9448bb-GPTDataset-train-shuffle_index.npy
[NeMo I 2026-03-29 14:42:18 utils:532] > total number of samples: 19600760
[NeMo I 2026-03-29 14:42:18 utils:532] Load the _IndexReader from /work/datasets/AI/tokens_luciole_phase1/fineweb2_regional_text_document.idx
[NeMo I 2026-03-29 14:42:18 utils:532] 	Extract the sequence lengths
[NeMo I 2026-03-29 14:42:18 utils:532] 	Extract the sequence pointers
[NeMo I 2026-03-29 14:42:18 utils:532] 	Extract the document indices
[NeMo I 2026-03-29 14:42:18 utils:532] > total number of sequences: 12082034
[NeMo I 2026-03-29 14:42:18 utils:532] > total number of documents: 12082034
[NeMo I 2026-03-29 14:42:18 utils:532] Load the GPTDataset train indices
[NeMo I 2026-03-29 14:42:18 utils:532] 	Load the document index from 67a248e0794ad49dc2fd06ae5726aec8-GPTDataset-train-document_index.npy
[NeMo I 2026-03-29 14:42:18 utils:532] 	Load the sample index from 67a248e0794ad49dc2fd06ae5726aec8-GPTDataset-train-sample_index.npy
[NeMo I 2026-03-29 14:42:18 utils:532] 	Load the shuffle index from 67a248e0794ad49dc2fd06ae5726aec8-GPTDataset-train-shuffle_index.npy
[NeMo I 2026-03-29 14:42:18 utils:532] > total number of samples: 4264304
[NeMo I 2026-03-29 14:42:18 utils:532] Load the _IndexReader from /work/datasets/AI/tokens_luciole_phase1/gallica_monographies_fr_text_document.idx
[NeMo I 2026-03-29 14:42:18 utils:532] 	Extract the sequence lengths
[NeMo I 2026-03-29 14:42:18 utils:532] 	Extract the sequence pointers
[NeMo I 2026-03-29 14:42:18 utils:532] 	Extract the document indices
[NeMo I 2026-03-29 14:42:18 utils:532] > total number of sequences: 279810
[NeMo I 2026-03-29 14:42:18 utils:532] > total number of documents: 279810
[NeMo I 2026-03-29 14:42:18 utils:532] Load the GPTDataset train indices
[NeMo I 2026-03-29 14:42:18 utils:532] 	Load the document index from 1cec4933bd37fa0e6c94c140459146e0-GPTDataset-train-document_index.npy
[NeMo I 2026-03-29 14:42:18 utils:532] 	Load the sample index from 1cec4933bd37fa0e6c94c140459146e0-GPTDataset-train-sample_index.npy
[NeMo I 2026-03-29 14:42:18 utils:532] 	Load the shuffle index from 1cec4933bd37fa0e6c94c140459146e0-GPTDataset-train-shuffle_index.npy
[NeMo I 2026-03-29 14:42:18 utils:532] > total number of samples: 11685572
[NeMo I 2026-03-29 14:42:18 utils:532] Load the _IndexReader from /work/datasets/AI/tokens_luciole_phase1/gallica_press_fr_text_document.idx
[NeMo I 2026-03-29 14:42:18 utils:532] 	Extract the sequence lengths
[NeMo I 2026-03-29 14:42:18 utils:532] 	Extract the sequence pointers
[NeMo I 2026-03-29 14:42:18 utils:532] 	Extract the document indices
[NeMo I 2026-03-29 14:42:18 utils:532] > total number of sequences: 2855626
[NeMo I 2026-03-29 14:42:18 utils:532] > total number of documents: 2855626
[NeMo I 2026-03-29 14:42:18 utils:532] Load the GPTDataset train indices
[NeMo I 2026-03-29 14:42:18 utils:532] 	Load the document index from 8c554953ad9c4cdd8bd7c7a66b5546a1-GPTDataset-train-document_index.npy
[NeMo I 2026-03-29 14:42:18 utils:532] 	Load the sample index from 8c554953ad9c4cdd8bd7c7a66b5546a1-GPTDataset-train-sample_index.npy
[NeMo I 2026-03-29 14:42:18 utils:532] 	Load the shuffle index from 8c554953ad9c4cdd8bd7c7a66b5546a1-GPTDataset-train-shuffle_index.npy
[NeMo I 2026-03-29 14:42:18 utils:532] > total number of samples: 45700641
[NeMo I 2026-03-29 14:42:18 utils:532] Load the _IndexReader from /work/datasets/AI/tokens_luciole_phase1/gutenberg_de_text_document.idx
[NeMo I 2026-03-29 14:42:18 utils:532] 	Extract the sequence lengths
[NeMo I 2026-03-29 14:42:18 utils:532] 	Extract the sequence pointers
[NeMo I 2026-03-29 14:42:18 utils:532] 	Extract the document indices
[NeMo I 2026-03-29 14:42:18 utils:532] > total number of sequences: 1777
[NeMo I 2026-03-29 14:42:18 utils:532] > total number of documents: 1777
[NeMo I 2026-03-29 14:42:18 utils:532] Load the GPTDataset train indices
[NeMo I 2026-03-29 14:42:18 utils:532] 	Load the document index from 9be1f51c32aec5a46598c22d8aca6df3-GPTDataset-train-document_index.npy
[NeMo I 2026-03-29 14:42:18 utils:532] 	Load the sample index from 9be1f51c32aec5a46598c22d8aca6df3-GPTDataset-train-sample_index.npy
[NeMo I 2026-03-29 14:42:18 utils:532] 	Load the shuffle index from 9be1f51c32aec5a46598c22d8aca6df3-GPTDataset-train-shuffle_index.npy
[NeMo I 2026-03-29 14:42:18 utils:532] > total number of samples: 84660
[NeMo I 2026-03-29 14:42:18 utils:532] Load the _IndexReader from /work/datasets/AI/tokens_luciole_phase1/gutenberg_en_text_document.idx
[NeMo I 2026-03-29 14:42:18 utils:532] 	Extract the sequence lengths
[NeMo I 2026-03-29 14:42:18 utils:532] 	Extract the sequence pointers
[NeMo I 2026-03-29 14:42:18 utils:532] 	Extract the document indices
[NeMo I 2026-03-29 14:42:18 utils:532] > total number of sequences: 49900
[NeMo I 2026-03-29 14:42:18 utils:532] > total number of documents: 49900
[NeMo I 2026-03-29 14:42:18 utils:532] Load the GPTDataset train indices
[NeMo I 2026-03-29 14:42:18 utils:532] 	Load the document index from 058fcf5f34b2305fd9ca19b8c120f697-GPTDataset-train-document_index.npy
[NeMo I 2026-03-29 14:42:18 utils:532] 	Load the sample index from 058fcf5f34b2305fd9ca19b8c120f697-GPTDataset-train-sample_index.npy
[NeMo I 2026-03-29 14:42:18 utils:532] 	Load the shuffle index from 058fcf5f34b2305fd9ca19b8c120f697-GPTDataset-train-shuffle_index.npy
[NeMo I 2026-03-29 14:42:18 utils:532] > total number of samples: 2375310
[NeMo I 2026-03-29 14:42:18 utils:532] Load the _IndexReader from /work/datasets/AI/tokens_luciole_phase1/gutenberg_es_text_document.idx
[NeMo I 2026-03-29 14:42:18 utils:532] 	Extract the sequence lengths
[NeMo I 2026-03-29 14:42:18 utils:532] 	Extract the sequence pointers
[NeMo I 2026-03-29 14:42:18 utils:532] 	Extract the document indices
[NeMo I 2026-03-29 14:42:18 utils:532] > total number of sequences: 759
[NeMo I 2026-03-29 14:42:18 utils:532] > total number of documents: 759
[NeMo I 2026-03-29 14:42:18 utils:532] Load the GPTDataset train indices
[NeMo I 2026-03-29 14:42:18 utils:532] 	Load the document index from c4b8ab7a08e88ef09e845f955daf65a1-GPTDataset-train-document_index.npy
[NeMo I 2026-03-29 14:42:18 utils:532] 	Load the sample index from c4b8ab7a08e88ef09e845f955daf65a1-GPTDataset-train-sample_index.npy
[NeMo I 2026-03-29 14:42:18 utils:532] 	Load the shuffle index from c4b8ab7a08e88ef09e845f955daf65a1-GPTDataset-train-shuffle_index.npy
[NeMo I 2026-03-29 14:42:18 utils:532] > total number of samples: 43557
[NeMo I 2026-03-29 14:42:18 utils:532] Load the _IndexReader from /work/datasets/AI/tokens_luciole_phase1/gutenberg_fr_text_document.idx
[NeMo I 2026-03-29 14:42:18 utils:532] 	Extract the sequence lengths
[NeMo I 2026-03-29 14:42:18 utils:532] 	Extract the sequence pointers
[NeMo I 2026-03-29 14:42:18 utils:532] 	Extract the document indices
[NeMo I 2026-03-29 14:42:18 utils:532] > total number of sequences: 3544
[NeMo I 2026-03-29 14:42:18 utils:532] > total number of documents: 3544
[NeMo I 2026-03-29 14:42:18 utils:532] Load the GPTDataset train indices
[NeMo I 2026-03-29 14:42:18 utils:532] 	Load the document index from 9f087e89d57bfb3e6e3277991b10b472-GPTDataset-train-document_index.npy
[NeMo I 2026-03-29 14:42:18 utils:532] 	Load the sample index from 9f087e89d57bfb3e6e3277991b10b472-GPTDataset-train-sample_index.npy
[NeMo I 2026-03-29 14:42:18 utils:532] 	Load the shuffle index from 9f087e89d57bfb3e6e3277991b10b472-GPTDataset-train-shuffle_index.npy
[NeMo I 2026-03-29 14:42:18 utils:532] > total number of samples: 183982
[NeMo I 2026-03-29 14:42:18 utils:532] Load the _IndexReader from /work/datasets/AI/tokens_luciole_phase1/gutenberg_it_text_document.idx
[NeMo I 2026-03-29 14:42:18 utils:532] 	Extract the sequence lengths
[NeMo I 2026-03-29 14:42:18 utils:532] 	Extract the sequence pointers
[NeMo I 2026-03-29 14:42:18 utils:532] 	Extract the document indices
[NeMo I 2026-03-29 14:42:18 utils:532] > total number of sequences: 985
[NeMo I 2026-03-29 14:42:18 utils:532] > total number of documents: 985
[NeMo I 2026-03-29 14:42:18 utils:532] Load the GPTDataset train indices
[NeMo I 2026-03-29 14:42:18 utils:532] 	Load the document index from c2f0b37cf7af0377ccba3c3ca0e9c647-GPTDataset-train-document_index.npy
[NeMo I 2026-03-29 14:42:18 utils:532] 	Load the sample index from c2f0b37cf7af0377ccba3c3ca0e9c647-GPTDataset-train-sample_index.npy
[NeMo I 2026-03-29 14:42:18 utils:532] 	Load the shuffle index from c2f0b37cf7af0377ccba3c3ca0e9c647-GPTDataset-train-shuffle_index.npy
[NeMo I 2026-03-29 14:42:18 utils:532] > total number of samples: 59818
[NeMo I 2026-03-29 14:42:18 utils:532] Load the _IndexReader from /work/datasets/AI/tokens_luciole_phase1/gutenberg_nl_text_document.idx
[NeMo I 2026-03-29 14:42:18 utils:532] 	Extract the sequence lengths
[NeMo I 2026-03-29 14:42:18 utils:532] 	Extract the sequence pointers
[NeMo I 2026-03-29 14:42:18 utils:532] 	Extract the document indices
[NeMo I 2026-03-29 14:42:18 utils:532] > total number of sequences: 993
[NeMo I 2026-03-29 14:42:18 utils:532] > total number of documents: 993
[NeMo I 2026-03-29 14:42:18 utils:532] Load the GPTDataset train indices
[NeMo I 2026-03-29 14:42:18 utils:532] 	Load the document index from c7cff01d47fc66334f11460c7418dd9f-GPTDataset-train-document_index.npy
[NeMo I 2026-03-29 14:42:18 utils:532] 	Load the sample index from c7cff01d47fc66334f11460c7418dd9f-GPTDataset-train-sample_index.npy
[NeMo I 2026-03-29 14:42:18 utils:532] 	Load the shuffle index from c7cff01d47fc66334f11460c7418dd9f-GPTDataset-train-shuffle_index.npy
[NeMo I 2026-03-29 14:42:18 utils:532] > total number of samples: 48860
[NeMo I 2026-03-29 14:42:18 utils:532] Load the _IndexReader from /work/datasets/AI/tokens_luciole_phase1/gutenberg_pt_text_document.idx
[NeMo I 2026-03-29 14:42:18 utils:532] 	Extract the sequence lengths
[NeMo I 2026-03-29 14:42:18 utils:532] 	Extract the sequence pointers
[NeMo I 2026-03-29 14:42:18 utils:532] 	Extract the document indices
[NeMo I 2026-03-29 14:42:18 utils:532] > total number of sequences: 623
[NeMo I 2026-03-29 14:42:18 utils:532] > total number of documents: 623
[NeMo I 2026-03-29 14:42:18 utils:532] Load the GPTDataset train indices
[NeMo I 2026-03-29 14:42:18 utils:532] 	Load the document index from 97bc5bf2b57b346c513c9b31618363eb-GPTDataset-train-document_index.npy
[NeMo I 2026-03-29 14:42:18 utils:532] 	Load the sample index from 97bc5bf2b57b346c513c9b31618363eb-GPTDataset-train-sample_index.npy
[NeMo I 2026-03-29 14:42:18 utils:532] 	Load the shuffle index from 97bc5bf2b57b346c513c9b31618363eb-GPTDataset-train-shuffle_index.npy
[NeMo I 2026-03-29 14:42:18 utils:532] > total number of samples: 18482
[NeMo I 2026-03-29 14:42:18 utils:532] Load the _IndexReader from /work/datasets/AI/tokens_luciole_phase1/hal-cea_full-filtered_fr_text_document.idx
[NeMo I 2026-03-29 14:42:18 utils:532] 	Extract the sequence lengths
[NeMo I 2026-03-29 14:42:18 utils:532] 	Extract the sequence pointers
[NeMo I 2026-03-29 14:42:18 utils:532] 	Extract the document indices
[NeMo I 2026-03-29 14:42:18 utils:532] > total number of sequences: 188005
[NeMo I 2026-03-29 14:42:18 utils:532] > total number of documents: 188005
[NeMo I 2026-03-29 14:42:18 utils:532] Load the GPTDataset train indices
[NeMo I 2026-03-29 14:42:18 utils:532] 	Load the document index from d660dbb8f6bdebdee35f5dcdf0d9881c-GPTDataset-train-document_index.npy
[NeMo I 2026-03-29 14:42:18 utils:532] 	Load the sample index from d660dbb8f6bdebdee35f5dcdf0d9881c-GPTDataset-train-sample_index.npy
[NeMo I 2026-03-29 14:42:18 utils:532] 	Load the shuffle index from d660dbb8f6bdebdee35f5dcdf0d9881c-GPTDataset-train-shuffle_index.npy
[NeMo I 2026-03-29 14:42:18 utils:532] > total number of samples: 11742047
[NeMo I 2026-03-29 14:42:18 utils:532] Load the _IndexReader from /work/datasets/AI/tokens_luciole_phase1/hplt2_fr_text_document_ratio1.30_phase0.idx
[NeMo I 2026-03-29 14:42:18 utils:532] 	Extract the sequence lengths
[NeMo I 2026-03-29 14:42:18 utils:532] 	Extract the sequence pointers
[NeMo I 2026-03-29 14:42:18 utils:532] 	Extract the document indices
[NeMo I 2026-03-29 14:42:18 utils:532] > total number of sequences: 335406888
[NeMo I 2026-03-29 14:42:18 utils:532] > total number of documents: 335406888
[NeMo I 2026-03-29 14:42:19 utils:532] Load the GPTDataset train indices
[NeMo I 2026-03-29 14:42:19 utils:532] 	Load the document index from fdf97e44201b6b78a63579accd0b8d0b-GPTDataset-train-document_index.npy
[NeMo I 2026-03-29 14:42:19 utils:532] 	Load the sample index from fdf97e44201b6b78a63579accd0b8d0b-GPTDataset-train-sample_index.npy
[NeMo I 2026-03-29 14:42:19 utils:532] 	Load the shuffle index from fdf97e44201b6b78a63579accd0b8d0b-GPTDataset-train-shuffle_index.npy
[NeMo I 2026-03-29 14:42:19 utils:532] > total number of samples: 140805832
[NeMo I 2026-03-29 14:42:19 utils:532] Load the _IndexReader from /work/datasets/AI/tokens_luciole_phase1/insee_fr_text_document.idx
[NeMo I 2026-03-29 14:42:19 utils:532] 	Extract the sequence lengths
[NeMo I 2026-03-29 14:42:19 utils:532] 	Extract the sequence pointers
[NeMo I 2026-03-29 14:42:19 utils:532] 	Extract the document indices
[NeMo I 2026-03-29 14:42:19 utils:532] > total number of sequences: 17175
[NeMo I 2026-03-29 14:42:19 utils:532] > total number of documents: 17175
[NeMo I 2026-03-29 14:42:19 utils:532] Load the GPTDataset train indices
[NeMo I 2026-03-29 14:42:19 utils:532] 	Load the document index from b7dff2ee9230adf44602c82bd0061f9e-GPTDataset-train-document_index.npy
[NeMo I 2026-03-29 14:42:19 utils:532] 	Load the sample index from b7dff2ee9230adf44602c82bd0061f9e-GPTDataset-train-sample_index.npy
[NeMo I 2026-03-29 14:42:19 utils:532] 	Load the shuffle index from b7dff2ee9230adf44602c82bd0061f9e-GPTDataset-train-shuffle_index.npy
[NeMo I 2026-03-29 14:42:19 utils:532] > total number of samples: 83065
[NeMo I 2026-03-29 14:42:19 utils:532] Load the _IndexReader from /work/datasets/AI/tokens_luciole_phase1/math-pile_math_text_document.idx
[NeMo I 2026-03-29 14:42:19 utils:532] 	Extract the sequence lengths
[NeMo I 2026-03-29 14:42:19 utils:532] 	Extract the sequence pointers
[NeMo I 2026-03-29 14:42:19 utils:532] 	Extract the document indices
[NeMo I 2026-03-29 14:42:19 utils:532] > total number of sequences: 729213
[NeMo I 2026-03-29 14:42:19 utils:532] > total number of documents: 729213
[NeMo I 2026-03-29 14:42:19 utils:532] Load the GPTDataset train indices
[NeMo I 2026-03-29 14:42:19 utils:532] 	Load the document index from 9d3a654a4c9bf7dec48adb15d8801fd9-GPTDataset-train-document_index.npy
[NeMo I 2026-03-29 14:42:19 utils:532] 	Load the sample index from 9d3a654a4c9bf7dec48adb15d8801fd9-GPTDataset-train-sample_index.npy
[NeMo I 2026-03-29 14:42:19 utils:532] 	Load the shuffle index from 9d3a654a4c9bf7dec48adb15d8801fd9-GPTDataset-train-shuffle_index.npy
[NeMo I 2026-03-29 14:42:19 utils:532] > total number of samples: 4690394
[NeMo I 2026-03-29 14:42:19 utils:532] Load the _IndexReader from /work/datasets/AI/tokens_luciole_phase1/opendata_fr_text_document.idx
[NeMo I 2026-03-29 14:42:19 utils:532] 	Extract the sequence lengths
[NeMo I 2026-03-29 14:42:19 utils:532] 	Extract the sequence pointers
[NeMo I 2026-03-29 14:42:19 utils:532] 	Extract the document indices
[NeMo I 2026-03-29 14:42:19 utils:532] > total number of sequences: 8078669
[NeMo I 2026-03-29 14:42:19 utils:532] > total number of documents: 8078669
[NeMo I 2026-03-29 14:42:19 utils:532] Load the GPTDataset train indices
[NeMo I 2026-03-29 14:42:19 utils:532] 	Load the document index from 26da5cfece05203abfa6930f3ee9940c-GPTDataset-train-document_index.npy
[NeMo I 2026-03-29 14:42:19 utils:532] 	Load the sample index from 26da5cfece05203abfa6930f3ee9940c-GPTDataset-train-sample_index.npy
[NeMo I 2026-03-29 14:42:19 utils:532] 	Load the shuffle index from 26da5cfece05203abfa6930f3ee9940c-GPTDataset-train-shuffle_index.npy
[NeMo I 2026-03-29 14:42:19 utils:532] > total number of samples: 4124114
[NeMo I 2026-03-29 14:42:19 utils:532] Load the _IndexReader from /work/datasets/AI/tokens_luciole_phase1/parlement_fr_text_document.idx
[NeMo I 2026-03-29 14:42:19 utils:532] 	Extract the sequence lengths
[NeMo I 2026-03-29 14:42:19 utils:532] 	Extract the sequence pointers
[NeMo I 2026-03-29 14:42:19 utils:532] 	Extract the document indices
[NeMo I 2026-03-29 14:42:19 utils:532] > total number of sequences: 2803517
[NeMo I 2026-03-29 14:42:19 utils:532] > total number of documents: 2803517
[NeMo I 2026-03-29 14:42:19 utils:532] Load the GPTDataset train indices
[NeMo I 2026-03-29 14:42:19 utils:532] 	Load the document index from 64dc7635ea30d2b0adf3425e2ea422b3-GPTDataset-train-document_index.npy
[NeMo I 2026-03-29 14:42:19 utils:532] 	Load the sample index from 64dc7635ea30d2b0adf3425e2ea422b3-GPTDataset-train-sample_index.npy
[NeMo I 2026-03-29 14:42:19 utils:532] 	Load the shuffle index from 64dc7635ea30d2b0adf3425e2ea422b3-GPTDataset-train-shuffle_index.npy
[NeMo I 2026-03-29 14:42:19 utils:532] > total number of samples: 424239
[NeMo I 2026-03-29 14:42:19 utils:532] Load the _IndexReader from /work/datasets/AI/tokens_luciole_phase1/starcoder-data_code_text_document.idx
[NeMo I 2026-03-29 14:42:19 utils:532] 	Extract the sequence lengths
[NeMo I 2026-03-29 14:42:19 utils:532] 	Extract the sequence pointers
[NeMo I 2026-03-29 14:42:19 utils:532] 	Extract the document indices
[NeMo I 2026-03-29 14:42:19 utils:532] > total number of sequences: 206642239
[NeMo I 2026-03-29 14:42:19 utils:532] > total number of documents: 206642239
[NeMo I 2026-03-29 14:42:19 utils:532] Load the GPTDataset train indices
[NeMo I 2026-03-29 14:42:19 utils:532] 	Load the document index from 2bedaa46fc6a4b7781a8040e0e8d8a23-GPTDataset-train-document_index.npy
[NeMo I 2026-03-29 14:42:19 utils:532] 	Load the sample index from 2bedaa46fc6a4b7781a8040e0e8d8a23-GPTDataset-train-sample_index.npy
[NeMo I 2026-03-29 14:42:19 utils:532] 	Load the shuffle index from 2bedaa46fc6a4b7781a8040e0e8d8a23-GPTDataset-train-shuffle_index.npy
[NeMo I 2026-03-29 14:42:19 utils:532] > total number of samples: 125845590
[NeMo I 2026-03-29 14:42:19 utils:532] Load the _IndexReader from /work/datasets/AI/tokens_luciole_phase1/theses_fr_text_document.idx
[NeMo I 2026-03-29 14:42:19 utils:532] 	Extract the sequence lengths
[NeMo I 2026-03-29 14:42:19 utils:532] 	Extract the sequence pointers
[NeMo I 2026-03-29 14:42:19 utils:532] 	Extract the document indices
[NeMo I 2026-03-29 14:42:19 utils:532] > total number of sequences: 102412
[NeMo I 2026-03-29 14:42:19 utils:532] > total number of documents: 102412
[NeMo I 2026-03-29 14:42:19 utils:532] Load the GPTDataset train indices
[NeMo I 2026-03-29 14:42:19 utils:532] 	Load the document index from e8746ea90c182b676fe66e3700a095c4-GPTDataset-train-document_index.npy
[NeMo I 2026-03-29 14:42:19 utils:532] 	Load the sample index from e8746ea90c182b676fe66e3700a095c4-GPTDataset-train-sample_index.npy
[NeMo I 2026-03-29 14:42:19 utils:532] 	Load the shuffle index from e8746ea90c182b676fe66e3700a095c4-GPTDataset-train-shuffle_index.npy
[NeMo I 2026-03-29 14:42:19 utils:532] > total number of samples: 6479437
[NeMo I 2026-03-29 14:42:19 utils:532] Load the _IndexReader from /work/datasets/AI/tokens_luciole_phase1/wikimedia-vikidia_ar_text_document.idx
[NeMo I 2026-03-29 14:42:19 utils:532] 	Extract the sequence lengths
[NeMo I 2026-03-29 14:42:19 utils:532] 	Extract the sequence pointers
[NeMo I 2026-03-29 14:42:19 utils:532] 	Extract the document indices
[NeMo I 2026-03-29 14:42:19 utils:532] > total number of sequences: 1460875
[NeMo I 2026-03-29 14:42:19 utils:532] > total number of documents: 1460875
[NeMo I 2026-03-29 14:42:19 utils:532] Load the GPTDataset train indices
[NeMo I 2026-03-29 14:42:19 utils:532] 	Load the document index from 8d608de9923f465727a0ae2e8b8d3531-GPTDataset-train-document_index.npy
[NeMo I 2026-03-29 14:42:19 utils:532] 	Load the sample index from 8d608de9923f465727a0ae2e8b8d3531-GPTDataset-train-sample_index.npy
[NeMo I 2026-03-29 14:42:19 utils:532] 	Load the shuffle index from 8d608de9923f465727a0ae2e8b8d3531-GPTDataset-train-shuffle_index.npy
[NeMo I 2026-03-29 14:42:19 utils:532] > total number of samples: 530903
[NeMo I 2026-03-29 14:42:19 utils:532] Load the _IndexReader from /work/datasets/AI/tokens_luciole_phase1/wikimedia-vikidia_ca_text_document_ratio0.20_phase0.idx
[NeMo I 2026-03-29 14:42:19 utils:532] 	Extract the sequence lengths
[NeMo I 2026-03-29 14:42:19 utils:532] 	Extract the sequence pointers
[NeMo I 2026-03-29 14:42:19 utils:532] 	Extract the document indices
[NeMo I 2026-03-29 14:42:19 utils:532] > total number of sequences: 289424
[NeMo I 2026-03-29 14:42:19 utils:532] > total number of documents: 289424
[NeMo I 2026-03-29 14:42:19 utils:532] Load the GPTDataset train indices
[NeMo I 2026-03-29 14:42:19 utils:532] 	Load the document index from 0f739d7ca0e67150f8d91704a9b19035-GPTDataset-train-document_index.npy
[NeMo I 2026-03-29 14:42:19 utils:532] 	Load the sample index from 0f739d7ca0e67150f8d91704a9b19035-GPTDataset-train-sample_index.npy
[NeMo I 2026-03-29 14:42:19 utils:532] 	Load the shuffle index from 0f739d7ca0e67150f8d91704a9b19035-GPTDataset-train-shuffle_index.npy
[NeMo I 2026-03-29 14:42:19 utils:532] > total number of samples: 117447
[NeMo I 2026-03-29 14:42:19 utils:532] Load the _IndexReader from /work/datasets/AI/tokens_luciole_phase1/wikimedia-vikidia_de_text_document.idx
[NeMo I 2026-03-29 14:42:19 utils:532] 	Extract the sequence lengths
[NeMo I 2026-03-29 14:42:19 utils:532] 	Extract the sequence pointers
[NeMo I 2026-03-29 14:42:19 utils:532] 	Extract the document indices
[NeMo I 2026-03-29 14:42:19 utils:532] > total number of sequences: 4561076
[NeMo I 2026-03-29 14:42:19 utils:532] > total number of documents: 4561076
[NeMo I 2026-03-29 14:42:19 utils:532] Load the GPTDataset train indices
[NeMo I 2026-03-29 14:42:19 utils:532] 	Load the document index from 5fa1fd0912647dd6cf40b209c842aaf5-GPTDataset-train-document_index.npy
[NeMo I 2026-03-29 14:42:19 utils:532] 	Load the sample index from 5fa1fd0912647dd6cf40b209c842aaf5-GPTDataset-train-sample_index.npy
[NeMo I 2026-03-29 14:42:20 utils:532] 	Load the shuffle index from 5fa1fd0912647dd6cf40b209c842aaf5-GPTDataset-train-shuffle_index.npy
[NeMo I 2026-03-29 14:42:20 utils:532] > total number of samples: 2197190
[NeMo I 2026-03-29 14:42:20 utils:532] Load the _IndexReader from /work/datasets/AI/tokens_luciole_phase1/wikimedia-vikidia_en_text_document.idx
[NeMo I 2026-03-29 14:42:20 utils:532] 	Extract the sequence lengths
[NeMo I 2026-03-29 14:42:20 utils:532] 	Extract the sequence pointers
[NeMo I 2026-03-29 14:42:20 utils:532] 	Extract the document indices
[NeMo I 2026-03-29 14:42:20 utils:532] > total number of sequences: 16464277
[NeMo I 2026-03-29 14:42:20 utils:532] > total number of documents: 16464277
[NeMo I 2026-03-29 14:42:20 utils:532] Load the GPTDataset train indices
[NeMo I 2026-03-29 14:42:20 utils:532] 	Load the document index from 348b14392c9b7aff9f77ce4754d54d96-GPTDataset-train-document_index.npy
[NeMo I 2026-03-29 14:42:20 utils:532] 	Load the sample index from 348b14392c9b7aff9f77ce4754d54d96-GPTDataset-train-sample_index.npy
[NeMo I 2026-03-29 14:42:20 utils:532] 	Load the shuffle index from 348b14392c9b7aff9f77ce4754d54d96-GPTDataset-train-shuffle_index.npy
[NeMo I 2026-03-29 14:42:20 utils:532] > total number of samples: 5765650
[NeMo I 2026-03-29 14:42:20 utils:532] Load the _IndexReader from /work/datasets/AI/tokens_luciole_phase1/wikimedia-vikidia_es_text_document.idx
[NeMo I 2026-03-29 14:42:20 utils:532] 	Extract the sequence lengths
[NeMo I 2026-03-29 14:42:20 utils:532] 	Extract the sequence pointers
[NeMo I 2026-03-29 14:42:20 utils:532] 	Extract the document indices
[NeMo I 2026-03-29 14:42:20 utils:532] > total number of sequences: 3065035
[NeMo I 2026-03-29 14:42:20 utils:532] > total number of documents: 3065035
[NeMo I 2026-03-29 14:42:20 utils:532] Load the GPTDataset train indices
[NeMo I 2026-03-29 14:42:20 utils:532] 	Load the document index from 49f0250198102d2eb71fda2f0bf5efaa-GPTDataset-train-document_index.npy
[NeMo I 2026-03-29 14:42:20 utils:532] 	Load the sample index from 49f0250198102d2eb71fda2f0bf5efaa-GPTDataset-train-sample_index.npy
[NeMo I 2026-03-29 14:42:20 utils:532] 	Load the shuffle index from 49f0250198102d2eb71fda2f0bf5efaa-GPTDataset-train-shuffle_index.npy
[NeMo I 2026-03-29 14:42:20 utils:532] > total number of samples: 1263687
[NeMo I 2026-03-29 14:42:20 utils:532] Load the _IndexReader from /work/datasets/AI/tokens_luciole_phase1/wikimedia-vikidia_fr_text_document.idx
[NeMo I 2026-03-29 14:42:20 utils:532] 	Extract the sequence lengths
[NeMo I 2026-03-29 14:42:20 utils:532] 	Extract the sequence pointers
[NeMo I 2026-03-29 14:42:20 utils:532] 	Extract the document indices
[NeMo I 2026-03-29 14:42:20 utils:532] > total number of sequences: 9702359
[NeMo I 2026-03-29 14:42:20 utils:532] > total number of documents: 9702359
[NeMo I 2026-03-29 14:42:20 utils:532] Load the GPTDataset train indices
[NeMo I 2026-03-29 14:42:20 utils:532] 	Load the document index from 9fc0098ebf656c628f150b58ffc1ada9-GPTDataset-train-document_index.npy
[NeMo I 2026-03-29 14:42:20 utils:532] 	Load the sample index from 9fc0098ebf656c628f150b58ffc1ada9-GPTDataset-train-sample_index.npy
[NeMo I 2026-03-29 14:42:20 utils:532] 	Load the shuffle index from 9fc0098ebf656c628f150b58ffc1ada9-GPTDataset-train-shuffle_index.npy
[NeMo I 2026-03-29 14:42:20 utils:532] > total number of samples: 2552104
[NeMo I 2026-03-29 14:42:20 utils:532] Load the _IndexReader from /work/datasets/AI/tokens_luciole_phase1/wikimedia-vikidia_it_text_document.idx
[NeMo I 2026-03-29 14:42:23 utils:532] 	Extract the sequence lengths
[NeMo I 2026-03-29 14:42:23 utils:532] 	Extract the sequence pointers
[NeMo I 2026-03-29 14:42:23 utils:532] 	Extract the document indices
[NeMo I 2026-03-29 14:42:23 utils:532] > total number of sequences: 2760467
[NeMo I 2026-03-29 14:42:23 utils:532] > total number of documents: 2760467
[NeMo I 2026-03-29 14:42:23 utils:532] Load the GPTDataset train indices
[NeMo I 2026-03-29 14:42:23 utils:532] 	Load the document index from b00b237c80ff7ed8eb4fca634961f002-GPTDataset-train-document_index.npy
[NeMo I 2026-03-29 14:42:23 utils:532] 	Load the sample index from b00b237c80ff7ed8eb4fca634961f002-GPTDataset-train-sample_index.npy
[NeMo I 2026-03-29 14:42:23 utils:532] 	Load the shuffle index from b00b237c80ff7ed8eb4fca634961f002-GPTDataset-train-shuffle_index.npy
[NeMo I 2026-03-29 14:42:23 utils:532] > total number of samples: 1308154
[NeMo I 2026-03-29 14:42:23 utils:532] Load the _IndexReader from /work/datasets/AI/tokens_luciole_phase1/wikimedia-vikidia_pt_text_document.idx
[NeMo I 2026-03-29 14:42:23 utils:532] 	Extract the sequence lengths
[NeMo I 2026-03-29 14:42:23 utils:532] 	Extract the sequence pointers
[NeMo I 2026-03-29 14:42:23 utils:532] 	Extract the document indices
[NeMo I 2026-03-29 14:42:23 utils:532] > total number of sequences: 1764890
[NeMo I 2026-03-29 14:42:23 utils:532] > total number of documents: 1764890
[NeMo I 2026-03-29 14:42:23 utils:532] Load the GPTDataset train indices
[NeMo I 2026-03-29 14:42:23 utils:532] 	Load the document index from 5308977226513f4c6a329ae7a6e70133-GPTDataset-train-document_index.npy
[NeMo I 2026-03-29 14:42:23 utils:532] 	Load the sample index from 5308977226513f4c6a329ae7a6e70133-GPTDataset-train-sample_index.npy
[NeMo I 2026-03-29 14:42:23 utils:532] 	Load the shuffle index from 5308977226513f4c6a329ae7a6e70133-GPTDataset-train-shuffle_index.npy
[NeMo I 2026-03-29 14:42:23 utils:532] > total number of samples: 608784
[NeMo I 2026-03-29 14:42:23 utils:532] Load the _IndexReader from /work/datasets/AI/tokens_luciole_phase1/wikimedia-vikidia_regional_text_document.idx
[NeMo I 2026-03-29 14:42:23 utils:532] 	Extract the sequence lengths
[NeMo I 2026-03-29 14:42:23 utils:532] 	Extract the sequence pointers
[NeMo I 2026-03-29 14:42:23 utils:532] 	Extract the document indices
[NeMo I 2026-03-29 14:42:23 utils:532] > total number of sequences: 851598
[NeMo I 2026-03-29 14:42:23 utils:532] > total number of documents: 851598
[NeMo I 2026-03-29 14:42:23 utils:532] Load the GPTDataset train indices
[NeMo I 2026-03-29 14:42:23 utils:532] 	Load the document index from 648ab9e1e4f8fc2a5fe5e2a0e2a79fe1-GPTDataset-train-document_index.npy
[NeMo I 2026-03-29 14:42:23 utils:532] 	Load the sample index from 648ab9e1e4f8fc2a5fe5e2a0e2a79fe1-GPTDataset-train-sample_index.npy
[NeMo I 2026-03-29 14:42:23 utils:532] 	Load the shuffle index from 648ab9e1e4f8fc2a5fe5e2a0e2a79fe1-GPTDataset-train-shuffle_index.npy
[NeMo I 2026-03-29 14:42:23 utils:532] > total number of samples: 238469
[NeMo I 2026-03-29 14:42:23 utils:532] Load the _IndexReader from /work/datasets/AI/tokens_luciole_phase1/wikimedia_nl_text_document.idx
[NeMo I 2026-03-29 14:42:23 utils:532] 	Extract the sequence lengths
[NeMo I 2026-03-29 14:42:23 utils:532] 	Extract the sequence pointers
[NeMo I 2026-03-29 14:42:23 utils:532] 	Extract the document indices
[NeMo I 2026-03-29 14:42:23 utils:532] > total number of sequences: 3157316
[NeMo I 2026-03-29 14:42:23 utils:532] > total number of documents: 3157316
[NeMo I 2026-03-29 14:42:23 utils:532] Load the GPTDataset train indices
[NeMo I 2026-03-29 14:42:23 utils:532] 	Load the document index from 9a8b923b7ff32c1ceec3037281de022d-GPTDataset-train-document_index.npy
[NeMo I 2026-03-29 14:42:23 utils:532] 	Load the sample index from 9a8b923b7ff32c1ceec3037281de022d-GPTDataset-train-sample_index.npy
[NeMo I 2026-03-29 14:42:23 utils:532] 	Load the shuffle index from 9a8b923b7ff32c1ceec3037281de022d-GPTDataset-train-shuffle_index.npy
[NeMo I 2026-03-29 14:42:23 utils:532] > total number of samples: 690639
[NeMo I 2026-03-29 14:42:23 utils:532] Load the _IndexReader from /work/datasets/AI/tokens_luciole_phase1/youtube_fr_text_document.idx
[NeMo I 2026-03-29 14:42:23 utils:532] 	Extract the sequence lengths
[NeMo I 2026-03-29 14:42:23 utils:532] 	Extract the sequence pointers
[NeMo I 2026-03-29 14:42:23 utils:532] 	Extract the document indices
[NeMo I 2026-03-29 14:42:23 utils:532] > total number of sequences: 37513
[NeMo I 2026-03-29 14:42:23 utils:532] > total number of documents: 37513
[NeMo I 2026-03-29 14:42:23 utils:532] Load the GPTDataset train indices
[NeMo I 2026-03-29 14:42:23 utils:532] 	Load the document index from a7d283fc0986056668fddb88a92c3aab-GPTDataset-train-document_index.npy
[NeMo I 2026-03-29 14:42:23 utils:532] 	Load the sample index from a7d283fc0986056668fddb88a92c3aab-GPTDataset-train-sample_index.npy
[NeMo I 2026-03-29 14:42:23 utils:532] 	Load the shuffle index from a7d283fc0986056668fddb88a92c3aab-GPTDataset-train-shuffle_index.npy
[NeMo I 2026-03-29 14:42:23 utils:532] > total number of samples: 152389
[NeMo I 2026-03-29 14:42:23 utils:532] Load the BlendedDataset indices
[NeMo I 2026-03-29 14:42:23 utils:532] 	Load the dataset index from /tmpdir/barman/bs1024_fullrun/outputs/index_mapping/04baff2d980ba06f7f964660fdde7898-BlendedDataset-train-dataset_index.npy
[NeMo I 2026-03-29 14:42:23 utils:532] 	Load the dataset sample index from /tmpdir/barman/bs1024_fullrun/outputs/index_mapping/04baff2d980ba06f7f964660fdde7898-BlendedDataset-train-dataset_sample_index.npy
[NeMo I 2026-03-29 14:42:34 utils:532] NumPy indices for BlendedDataset train split are fully cached, skipping verification
[NeMo I 2026-03-29 14:42:34 nemo_logging:393] Use preset vocab_size: 128000, original vocab_size: 128000, dummy tokens: 0.
INFO: LOCAL_RANK: 2 - CUDA_VISIBLE_DEVICES: [0,1,2,3]
INFO:lightning.pytorch.accelerators.cuda:LOCAL_RANK: 2 - CUDA_VISIBLE_DEVICES: [0,1,2,3]
INFO: LOCAL_RANK: 3 - CUDA_VISIBLE_DEVICES: [0,1,2,3]
INFO:lightning.pytorch.accelerators.cuda:LOCAL_RANK: 3 - CUDA_VISIBLE_DEVICES: [0,1,2,3]
INFO: LOCAL_RANK: 3 - CUDA_VISIBLE_DEVICES: [0,1,2,3]
INFO:lightning.pytorch.accelerators.cuda:LOCAL_RANK: 3 - CUDA_VISIBLE_DEVICES: [0,1,2,3]
INFO: LOCAL_RANK: 0 - CUDA_VISIBLE_DEVICES: [0,1,2,3]
INFO:lightning.pytorch.accelerators.cuda:LOCAL_RANK: 0 - CUDA_VISIBLE_DEVICES: [0,1,2,3]
INFO: LOCAL_RANK: 0 - CUDA_VISIBLE_DEVICES: [0,1,2,3]
INFO: LOCAL_RANK: 0 - CUDA_VISIBLE_DEVICES: [0,1,2,3]
INFO:lightning.pytorch.accelerators.cuda:LOCAL_RANK: 0 - CUDA_VISIBLE_DEVICES: [0,1,2,3]
INFO:lightning.pytorch.accelerators.cuda:LOCAL_RANK: 0 - CUDA_VISIBLE_DEVICES: [0,1,2,3]
INFO: LOCAL_RANK: 3 - CUDA_VISIBLE_DEVICES: [0,1,2,3]
INFO:lightning.pytorch.accelerators.cuda:LOCAL_RANK: 3 - CUDA_VISIBLE_DEVICES: [0,1,2,3]
INFO: LOCAL_RANK: 0 - CUDA_VISIBLE_DEVICES: [0,1,2,3]
INFO:lightning.pytorch.accelerators.cuda:LOCAL_RANK: 0 - CUDA_VISIBLE_DEVICES: [0,1,2,3]
INFO: LOCAL_RANK: 3 - CUDA_VISIBLE_DEVICES: [0,1,2,3]
INFO:lightning.pytorch.accelerators.cuda:LOCAL_RANK: 3 - CUDA_VISIBLE_DEVICES: [0,1,2,3]
INFO: LOCAL_RANK: 1 - CUDA_VISIBLE_DEVICES: [0,1,2,3]
INFO:lightning.pytorch.accelerators.cuda:LOCAL_RANK: 1 - CUDA_VISIBLE_DEVICES: [0,1,2,3]
INFO: LOCAL_RANK: 2 - CUDA_VISIBLE_DEVICES: [0,1,2,3]
INFO:lightning.pytorch.accelerators.cuda:LOCAL_RANK: 2 - CUDA_VISIBLE_DEVICES: [0,1,2,3]
INFO: LOCAL_RANK: 2 - CUDA_VISIBLE_DEVICES: [0,1,2,3]
INFO:lightning.pytorch.accelerators.cuda:LOCAL_RANK: 2 - CUDA_VISIBLE_DEVICES: [0,1,2,3]
INFO: LOCAL_RANK: 1 - CUDA_VISIBLE_DEVICES: [0,1,2,3]
INFO:lightning.pytorch.accelerators.cuda:LOCAL_RANK: 1 - CUDA_VISIBLE_DEVICES: [0,1,2,3]
INFO: LOCAL_RANK: 0 - CUDA_VISIBLE_DEVICES: [0,1,2,3]
INFO:lightning.pytorch.accelerators.cuda:LOCAL_RANK: 0 - CUDA_VISIBLE_DEVICES: [0,1,2,3]
INFO: LOCAL_RANK: 1 - CUDA_VISIBLE_DEVICES: [0,1,2,3]
INFO:lightning.pytorch.accelerators.cuda:LOCAL_RANK: 1 - CUDA_VISIBLE_DEVICES: [0,1,2,3]
INFO: LOCAL_RANK: 2 - CUDA_VISIBLE_DEVICES: [0,1,2,3]
INFO:lightning.pytorch.accelerators.cuda:LOCAL_RANK: 2 - CUDA_VISIBLE_DEVICES: [0,1,2,3]
[NeMo I 2026-03-29 14:42:34 nemo_logging:393] Copying Trainer's 'max_steps' (715788) to LR scheduler's 'max_steps'.
[NeMo I 2026-03-29 14:42:34 num_microbatches_calculator:228] setting number of microbatches to constant 8
INFO: LOCAL_RANK: 3 - CUDA_VISIBLE_DEVICES: [0,1,2,3]
INFO:lightning.pytorch.accelerators.cuda:LOCAL_RANK: 3 - CUDA_VISIBLE_DEVICES: [0,1,2,3]
INFO: LOCAL_RANK: 0 - CUDA_VISIBLE_DEVICES: [0,1,2,3]
INFO:lightning.pytorch.accelerators.cuda:LOCAL_RANK: 0 - CUDA_VISIBLE_DEVICES: [0,1,2,3]
INFO: LOCAL_RANK: 0 - CUDA_VISIBLE_DEVICES: [0,1,2,3]
INFO:lightning.pytorch.accelerators.cuda:LOCAL_RANK: 0 - CUDA_VISIBLE_DEVICES: [0,1,2,3]
INFO: LOCAL_RANK: 1 - CUDA_VISIBLE_DEVICES: [0,1,2,3]
INFO:lightning.pytorch.accelerators.cuda:LOCAL_RANK: 1 - CUDA_VISIBLE_DEVICES: [0,1,2,3]
INFO: LOCAL_RANK: 1 - CUDA_VISIBLE_DEVICES: [0,1,2,3]
INFO:lightning.pytorch.accelerators.cuda:LOCAL_RANK: 1 - CUDA_VISIBLE_DEVICES: [0,1,2,3]
[NeMo I 2026-03-29 14:42:34 nemo_logging:393]  > number of parameters on (tensor, pipeline) model parallel rank (0 ,0): 1319309336
INFO: LOCAL_RANK: 2 - CUDA_VISIBLE_DEVICES: [0,1,2,3]
INFO:lightning.pytorch.accelerators.cuda:LOCAL_RANK: 2 - CUDA_VISIBLE_DEVICES: [0,1,2,3]
INFO: LOCAL_RANK: 2 - CUDA_VISIBLE_DEVICES: [0,1,2,3]
INFO:lightning.pytorch.accelerators.cuda:LOCAL_RANK: 2 - CUDA_VISIBLE_DEVICES: [0,1,2,3]
INFO: LOCAL_RANK: 2 - CUDA_VISIBLE_DEVICES: [0,1,2,3]
INFO:lightning.pytorch.accelerators.cuda:LOCAL_RANK: 2 - CUDA_VISIBLE_DEVICES: [0,1,2,3]
INFO: LOCAL_RANK: 2 - CUDA_VISIBLE_DEVICES: [0,1,2,3]
INFO:lightning.pytorch.accelerators.cuda:LOCAL_RANK: 2 - CUDA_VISIBLE_DEVICES: [0,1,2,3]
INFO: LOCAL_RANK: 0 - CUDA_VISIBLE_DEVICES: [0,1,2,3]
INFO:lightning.pytorch.accelerators.cuda:LOCAL_RANK: 0 - CUDA_VISIBLE_DEVICES: [0,1,2,3]
INFO: LOCAL_RANK: 1 - CUDA_VISIBLE_DEVICES: [0,1,2,3]
INFO:lightning.pytorch.accelerators.cuda:LOCAL_RANK: 1 - CUDA_VISIBLE_DEVICES: [0,1,2,3]
INFO: LOCAL_RANK: 3 - CUDA_VISIBLE_DEVICES: [0,1,2,3]
INFO: LOCAL_RANK: 1 - CUDA_VISIBLE_DEVICES: [0,1,2,3]
INFO:lightning.pytorch.accelerators.cuda:LOCAL_RANK: 3 - CUDA_VISIBLE_DEVICES: [0,1,2,3]
INFO:lightning.pytorch.accelerators.cuda:LOCAL_RANK: 1 - CUDA_VISIBLE_DEVICES: [0,1,2,3]
INFO: LOCAL_RANK: 3 - CUDA_VISIBLE_DEVICES: [0,1,2,3]
INFO:lightning.pytorch.accelerators.cuda:LOCAL_RANK: 3 - CUDA_VISIBLE_DEVICES: [0,1,2,3]
INFO: LOCAL_RANK: 3 - CUDA_VISIBLE_DEVICES: [0,1,2,3]
INFO:lightning.pytorch.accelerators.cuda:LOCAL_RANK: 3 - CUDA_VISIBLE_DEVICES: [0,1,2,3]
INFO: LOCAL_RANK: 1 - CUDA_VISIBLE_DEVICES: [0,1,2,3]
INFO:lightning.pytorch.accelerators.cuda:LOCAL_RANK: 1 - CUDA_VISIBLE_DEVICES: [0,1,2,3]
[NeMo I 2026-03-29 14:42:34 utils:532] Setting up DistributedDataParallel with config DistributedDataParallelConfig(grad_reduce_in_fp32=True, overlap_grad_reduce=True, overlap_param_gather=True, align_param_gather=False, use_distributed_optimizer=True, num_distributed_optimizer_instances=1, check_for_nan_in_grad=True, check_for_large_grads=False, bucket_size=40000000, pad_buckets_for_high_nccl_busbw=False, average_in_collective=True, fp8_param_gather=False, use_custom_fsdp=False, data_parallel_sharding_strategy='no_shard', gradient_reduce_div_fusion=True, suggested_communication_unit_size=None, preserve_fp32_weights=True, keep_fp8_transpose_cache_when_using_custom_fsdp=False)
[NeMo I 2026-03-29 14:42:35 utils:553] Number of buckets for gradient all-reduce / reduce-scatter: 25
    Params for bucket 1 (44048384 elements, 44048384 padded size):
    	module.decoder.layers.23.mlp.linear_fc2.weight
    	module.decoder.layers.23.self_attention.linear_proj.weight
    	module.decoder.final_layernorm.bias
    	module.decoder.final_layernorm.weight
    	module.decoder.layers.23.mlp.linear_fc1.weight
    	module.decoder.layers.23.pre_mlp_layernorm.bias
    	module.decoder.layers.23.pre_mlp_layernorm.weight
    	module.decoder.layers.23.self_attention.linear_qkv.weight
    Params for bucket 2 (44048385 elements, 44048512 padded size):
    	module.decoder.layers.23.input_layernorm.bias
    	module.decoder.layers.22.mlp.linear_fc2.weight
    	module.decoder.layers.23.self_attention.core_attention.ssa_n_raw
    	module.decoder.layers.22.mlp.linear_fc1.weight
    	module.decoder.layers.23.input_layernorm.weight
    	module.decoder.layers.22.pre_mlp_layernorm.bias
    	module.decoder.layers.22.pre_mlp_layernorm.weight
    	module.decoder.layers.22.self_attention.linear_qkv.weight
    	module.decoder.layers.22.self_attention.linear_proj.weight
    Params for bucket 3 (44048385 elements, 44048512 padded size):
    	module.decoder.layers.22.self_attention.core_attention.ssa_n_raw
    	module.decoder.layers.22.input_layernorm.weight
    	module.decoder.layers.21.mlp.linear_fc2.weight
    	module.decoder.layers.21.self_attention.linear_proj.weight
    	module.decoder.layers.21.mlp.linear_fc1.weight
    	module.decoder.layers.22.input_layernorm.bias
    	module.decoder.layers.21.pre_mlp_layernorm.bias
    	module.decoder.layers.21.pre_mlp_layernorm.weight
    	module.decoder.layers.21.self_attention.linear_qkv.weight
    Params for bucket 4 (44048385 elements, 44048512 padded size):
    	module.decoder.layers.20.mlp.linear_fc2.weight
    	module.decoder.layers.21.input_layernorm.bias
    	module.decoder.layers.20.pre_mlp_layernorm.bias
    	module.decoder.layers.20.self_attention.linear_qkv.weight
    	module.decoder.layers.21.self_attention.core_attention.ssa_n_raw
    	module.decoder.layers.21.input_layernorm.weight
    	module.decoder.layers.20.mlp.linear_fc1.weight
    	module.decoder.layers.20.pre_mlp_layernorm.weight
    	module.decoder.layers.20.self_attention.linear_proj.weight
    Params for bucket 5 (44048385 elements, 44048512 padded size):
    	module.decoder.layers.20.input_layernorm.bias
    	module.decoder.layers.20.input_layernorm.weight
    	module.decoder.layers.19.pre_mlp_layernorm.bias
    	module.decoder.layers.19.self_attention.linear_proj.weight
    	module.decoder.layers.20.self_attention.core_attention.ssa_n_raw
    	module.decoder.layers.19.mlp.linear_fc2.weight
    	module.decoder.layers.19.mlp.linear_fc1.weight
    	module.decoder.layers.19.pre_mlp_layernorm.weight
    	module.decoder.layers.19.self_attention.linear_qkv.weight
    Params for bucket 6 (44048385 elements, 44048512 padded size):
    	module.decoder.layers.19.input_layernorm.bias
    	module.decoder.layers.18.mlp.linear_fc1.weight
    	module.decoder.layers.18.pre_mlp_layernorm.bias
    	module.decoder.layers.18.pre_mlp_layernorm.weight
    	module.decoder.layers.19.self_attention.core_attention.ssa_n_raw
    	module.decoder.layers.19.input_layernorm.weight
    	module.decoder.layers.18.mlp.linear_fc2.weight
    	module.decoder.layers.18.self_attention.linear_qkv.weight
    	module.decoder.layers.18.self_attention.linear_proj.weight
    Params for bucket 7 (44048385 elements, 44048512 padded size):
    	module.decoder.layers.17.mlp.linear_fc2.weight
    	module.decoder.layers.18.input_layernorm.weight
    	module.decoder.layers.17.mlp.linear_fc1.weight
    	module.decoder.layers.17.self_attention.linear_proj.weight
    	module.decoder.layers.18.self_attention.core_attention.ssa_n_raw
    	module.decoder.layers.18.input_layernorm.bias
    	module.decoder.layers.17.pre_mlp_layernorm.bias
    	module.decoder.layers.17.pre_mlp_layernorm.weight
    	module.decoder.layers.17.self_attention.linear_qkv.weight
    Params for bucket 8 (44048385 elements, 44048512 padded size):
    	module.decoder.layers.16.mlp.linear_fc1.weight
    	module.decoder.layers.16.pre_mlp_layernorm.weight
    	module.decoder.layers.17.self_attention.core_attention.ssa_n_raw
    	module.decoder.layers.17.input_layernorm.weight
    	module.decoder.layers.17.input_layernorm.bias
    	module.decoder.layers.16.mlp.linear_fc2.weight
    	module.decoder.layers.16.pre_mlp_layernorm.bias
    	module.decoder.layers.16.self_attention.linear_qkv.weight
    	module.decoder.layers.16.self_attention.linear_proj.weight
    Params for bucket 9 (44048385 elements, 44048512 padded size):
    	module.decoder.layers.16.self_attention.core_attention.ssa_n_raw
    	module.decoder.layers.15.mlp.linear_fc1.weight
    	module.decoder.layers.15.mlp.linear_fc2.weight
    	module.decoder.layers.15.pre_mlp_layernorm.weight
    	module.decoder.layers.15.self_attention.linear_qkv.weight
    	module.decoder.layers.16.input_layernorm.weight
    	module.decoder.layers.16.input_layernorm.bias
    	module.decoder.layers.15.pre_mlp_layernorm.bias
    	module.decoder.layers.15.self_attention.linear_proj.weight
    Params for bucket 10 (44048385 elements, 44048512 padded size):
    	module.decoder.layers.15.input_layernorm.weight
    	module.decoder.layers.14.mlp.linear_fc2.weight
    	module.decoder.layers.14.mlp.linear_fc1.weight
    	module.decoder.layers.14.pre_mlp_layernorm.bias
    	module.decoder.layers.14.self_attention.linear_qkv.weight
    	module.decoder.layers.15.self_attention.core_attention.ssa_n_raw
    	module.decoder.layers.15.input_layernorm.bias
    	module.decoder.layers.14.pre_mlp_layernorm.weight
    	module.decoder.layers.14.self_attention.linear_proj.weight
    Params for bucket 11 (44048385 elements, 44048512 padded size):
    	module.decoder.layers.13.mlp.linear_fc1.weight
    	module.decoder.layers.13.pre_mlp_layernorm.bias
    	module.decoder.layers.13.pre_mlp_layernorm.weight
    	module.decoder.layers.13.self_attention.linear_qkv.weight
    	module.decoder.layers.14.self_attention.core_attention.ssa_n_raw
    	module.decoder.layers.13.mlp.linear_fc2.weight
    	module.decoder.layers.14.input_layernorm.weight
    	module.decoder.layers.14.input_layernorm.bias
    	module.decoder.layers.13.self_attention.linear_proj.weight
    Params for bucket 12 (44048385 elements, 44048512 padded size):
    	module.decoder.layers.13.input_layernorm.bias
    	module.decoder.layers.12.pre_mlp_layernorm.bias
    	module.decoder.layers.12.pre_mlp_layernorm.weight
    	module.decoder.layers.12.self_attention.linear_proj.weight
    	module.decoder.layers.13.self_attention.core_attention.ssa_n_raw
    	module.decoder.layers.12.mlp.linear_fc2.weight
    	module.decoder.layers.12.mlp.linear_fc1.weight
    	module.decoder.layers.13.input_layernorm.weight
    	module.decoder.layers.12.self_attention.linear_qkv.weight
    Params for bucket 13 (44048385 elements, 44048512 padded size):
    	module.decoder.layers.12.input_layernorm.weight
    	module.decoder.layers.12.input_layernorm.bias
    	module.decoder.layers.11.self_attention.linear_qkv.weight
    	module.decoder.layers.12.self_attention.core_attention.ssa_n_raw
    	module.decoder.layers.11.mlp.linear_fc1.weight
    	module.decoder.layers.11.mlp.linear_fc2.weight
    	module.decoder.layers.11.pre_mlp_layernorm.bias
    	module.decoder.layers.11.pre_mlp_layernorm.weight
    	module.decoder.layers.11.self_attention.linear_proj.weight
    Params for bucket 14 (44048385 elements, 44048512 padded size):
    	module.decoder.layers.11.input_layernorm.weight
    	module.decoder.layers.10.mlp.linear_fc2.weight
    	module.decoder.layers.10.pre_mlp_layernorm.bias
    	module.decoder.layers.10.self_attention.linear_proj.weight
    	module.decoder.layers.11.self_attention.core_attention.ssa_n_raw
    	module.decoder.layers.11.input_layernorm.bias
    	module.decoder.layers.10.mlp.linear_fc1.weight
    	module.decoder.layers.10.pre_mlp_layernorm.weight
    	module.decoder.layers.10.self_attention.linear_qkv.weight
    Params for bucket 15 (44048385 elements, 44048512 padded size):
    	module.decoder.layers.9.mlp.linear_fc1.weight
    	module.decoder.layers.10.input_layernorm.weight
    	module.decoder.layers.9.pre_mlp_layernorm.bias
    	module.decoder.layers.9.pre_mlp_layernorm.weight
    	module.decoder.layers.10.self_attention.core_attention.ssa_n_raw
    	module.decoder.layers.10.input_layernorm.bias
    	module.decoder.layers.9.mlp.linear_fc2.weight
    	module.decoder.layers.9.self_attention.linear_qkv.weight
    	module.decoder.layers.9.self_attention.linear_proj.weight
    Params for bucket 16 (44048385 elements, 44048512 padded size):
    	module.decoder.layers.9.self_attention.core_attention.ssa_n_raw
    	module.decoder.layers.9.input_layernorm.bias
    	module.decoder.layers.8.pre_mlp_layernorm.bias
    	module.decoder.layers.8.pre_mlp_layernorm.weight
    	module.decoder.layers.8.self_attention.linear_qkv.weight
    	module.decoder.layers.9.input_layernorm.weight
    	module.decoder.layers.8.mlp.linear_fc1.weight
    	module.decoder.layers.8.mlp.linear_fc2.weight
    	module.decoder.layers.8.self_attention.linear_proj.weight
    Params for bucket 17 (44048385 elements, 44048512 padded size):
    	module.decoder.layers.8.self_attention.core_attention.ssa_n_raw
    	module.decoder.layers.8.input_layernorm.weight
    	module.decoder.layers.7.mlp.linear_fc1.weight
    	module.decoder.layers.7.pre_mlp_layernorm.bias
    	module.decoder.layers.7.pre_mlp_layernorm.weight
    	module.decoder.layers.7.self_attention.linear_qkv.weight
    	module.decoder.layers.7.mlp.linear_fc2.weight
    	module.decoder.layers.8.input_layernorm.bias
    	module.decoder.layers.7.self_attention.linear_proj.weight
    Params for bucket 18 (44048385 elements, 44048512 padded size):
    	module.decoder.layers.7.input_layernorm.bias
    	module.decoder.layers.6.mlp.linear_fc2.weight
    	module.decoder.layers.6.self_attention.linear_proj.weight
    	module.decoder.layers.7.self_attention.core_attention.ssa_n_raw
    	module.decoder.layers.6.mlp.linear_fc1.weight
    	module.decoder.layers.7.input_layernorm.weight
    	module.decoder.layers.6.pre_mlp_layernorm.bias
    	module.decoder.layers.6.pre_mlp_layernorm.weight
    	module.decoder.layers.6.self_attention.linear_qkv.weight
    Params for bucket 19 (44048385 elements, 44048512 padded size):
    	module.decoder.layers.5.mlp.linear_fc2.weight
    	module.decoder.layers.6.input_layernorm.bias
    	module.decoder.layers.5.self_attention.linear_proj.weight
    	module.decoder.layers.6.self_attention.core_attention.ssa_n_raw
    	module.decoder.layers.5.mlp.linear_fc1.weight
    	module.decoder.layers.6.input_layernorm.weight
    	module.decoder.layers.5.pre_mlp_layernorm.bias
    	module.decoder.layers.5.pre_mlp_layernorm.weight
    	module.decoder.layers.5.self_attention.linear_qkv.weight
    Params for bucket 20 (44048385 elements, 44048512 padded size):
    	module.decoder.layers.5.self_attention.core_attention.ssa_n_raw
    	module.decoder.layers.4.mlp.linear_fc1.weight
    	module.decoder.layers.4.mlp.linear_fc2.weight
    	module.decoder.layers.4.pre_mlp_layernorm.weight
    	module.decoder.layers.5.input_layernorm.weight
    	module.decoder.layers.5.input_layernorm.bias
    	module.decoder.layers.4.pre_mlp_layernorm.bias
    	module.decoder.layers.4.self_attention.linear_qkv.weight
    	module.decoder.layers.4.self_attention.linear_proj.weight
    Params for bucket 21 (44048385 elements, 44048512 padded size):
    	module.decoder.layers.4.self_attention.core_attention.ssa_n_raw
    	module.decoder.layers.4.input_layernorm.weight
    	module.decoder.layers.3.mlp.linear_fc2.weight
    	module.decoder.layers.3.pre_mlp_layernorm.bias
    	module.decoder.layers.3.self_attention.linear_qkv.weight
    	module.decoder.layers.3.self_attention.linear_proj.weight
    	module.decoder.layers.4.input_layernorm.bias
    	module.decoder.layers.3.mlp.linear_fc1.weight
    	module.decoder.layers.3.pre_mlp_layernorm.weight
    Params for bucket 22 (44048385 elements, 44048512 padded size):
    	module.decoder.layers.3.input_layernorm.bias
    	module.decoder.layers.2.pre_mlp_layernorm.bias
    	module.decoder.layers.2.pre_mlp_layernorm.weight
    	module.decoder.layers.2.self_attention.linear_qkv.weight
    	module.decoder.layers.3.self_attention.core_attention.ssa_n_raw
    	module.decoder.layers.2.mlp.linear_fc1.weight
    	module.decoder.layers.2.mlp.linear_fc2.weight
    	module.decoder.layers.3.input_layernorm.weight
    	module.decoder.layers.2.self_attention.linear_proj.weight
    Params for bucket 23 (44048385 elements, 44048512 padded size):
    	module.decoder.layers.2.self_attention.core_attention.ssa_n_raw
    	module.decoder.layers.2.input_layernorm.weight
    	module.decoder.layers.1.mlp.linear_fc2.weight
    	module.decoder.layers.1.pre_mlp_layernorm.bias
    	module.decoder.layers.1.pre_mlp_layernorm.weight
    	module.decoder.layers.1.mlp.linear_fc1.weight
    	module.decoder.layers.2.input_layernorm.bias
    	module.decoder.layers.1.self_attention.linear_qkv.weight
    	module.decoder.layers.1.self_attention.linear_proj.weight
    Params for bucket 24 (44048385 elements, 44048512 padded size):
    	module.decoder.layers.1.self_attention.core_attention.ssa_n_raw
    	module.decoder.layers.0.mlp.linear_fc2.weight
    	module.decoder.layers.1.input_layernorm.bias
    	module.decoder.layers.0.pre_mlp_layernorm.weight
    	module.decoder.layers.0.self_attention.linear_qkv.weight
    	module.decoder.layers.0.self_attention.linear_proj.weight
    	module.decoder.layers.1.input_layernorm.weight
    	module.decoder.layers.0.mlp.linear_fc1.weight
    	module.decoder.layers.0.pre_mlp_layernorm.bias
    Params for bucket 25 (262148097 elements, 262148224 padded size):
    	module.decoder.layers.0.self_attention.core_attention.ssa_n_raw
    	module.decoder.layers.0.input_layernorm.bias
    	module.decoder.layers.0.input_layernorm.weight
    	module.embedding.word_embeddings.weight
[NeMo I 2026-03-29 14:42:35 utils:532] Setting up optimizer with config OptimizerConfig(optimizer='adam', lr=0.0003, min_lr=None, decoupled_lr=None, decoupled_min_lr=None, weight_decay=0.1, fp16=False, bf16=True, params_dtype=torch.bfloat16, use_precision_aware_optimizer=False, main_grads_dtype=torch.float32, main_params_dtype=torch.float32, exp_avg_dtype=torch.float32, exp_avg_sq_dtype=torch.float32, loss_scale=None, initial_loss_scale=4294967296, min_loss_scale=1.0, loss_scale_window=1000, hysteresis=2, adam_beta1=0.9, adam_beta2=0.95, adam_eps=1e-05, sgd_momentum=0.9, use_distributed_optimizer=True, overlap_param_gather_with_optimizer_step=False, optimizer_cpu_offload=False, optimizer_offload_fraction=0.0, use_torch_optimizer_for_cpu_offload=False, overlap_cpu_optimizer_d2h_h2d=False, pin_cpu_grads=True, pin_cpu_params=True, clip_grad=1.0, log_num_zeros_in_grad=False, barrier_with_L1_time=False, timers=None, config_logger_dir='')
INFO: 
  | Name   | Type | Params | Mode 
----------------------------------------
0 | module | DDP  | 1.3 B  | train
----------------------------------------
1.3 B     Trainable params
0         Non-trainable params
1.3 B     Total params
5,277.237 Total estimated model params size (MB)
395       Modules in train mode
0         Modules in eval mode
INFO:lightning.pytorch.callbacks.model_summary:
  | Name   | Type | Params | Mode 
----------------------------------------
0 | module | DDP  | 1.3 B  | train
----------------------------------------
1.3 B     Trainable params
0         Non-trainable params
1.3 B     Total params
5,277.237 Total estimated model params size (MB)
395       Modules in train mode
0         Modules in eval mode
INFO: Restoring states from the checkpoint path at /tmpdir/barman/bs1024_fullrun/outputs/nemotron-1B-SSA-Triton-bs1024/checkpoints/nemotron-1B-SSA-Triton-bs1024-step=0021499-last/weights
INFO:lightning.pytorch.utilities.rank_zero:Restoring states from the checkpoint path at /tmpdir/barman/bs1024_fullrun/outputs/nemotron-1B-SSA-Triton-bs1024/checkpoints/nemotron-1B-SSA-Triton-bs1024-step=0021499-last/weights
[NeMo I 2026-03-29 14:42:35 nemo_logging:393] Using <megatron.core.dist_checkpointing.strategies.fully_parallel.FullyParallelLoadStrategyWrapper object at 0x400493c8e0f0> dist-ckpt load strategy.
[NeMo I 2026-03-29 14:42:43 nemo_logging:393] Global Checkpoint Load : Rank : 0 : Start time : 1774788155.309s : Time spent in load_checkpoint: 8.138s
INFO: *** Loaded DataModule state dict successfully. IGNORE PTL's warning below about the dataloader not being resumable. This is warning is expected because we are handling dataloader resumption manually in NeMo. ***
INFO:lightning.pytorch.utilities.rank_zero:*** Loaded DataModule state dict successfully. IGNORE PTL's warning below about the dataloader not being resumable. This is warning is expected because we are handling dataloader resumption manually in NeMo. ***
[NeMo I 2026-03-29 14:42:43 distrib_optimizer:784] Loading distributed optimizer sharded state of type fully_sharded_model_space
INFO: Restored all states from the checkpoint at /tmpdir/barman/bs1024_fullrun/outputs/nemotron-1B-SSA-Triton-bs1024/checkpoints/nemotron-1B-SSA-Triton-bs1024-step=0021499-last/weights
INFO:lightning.pytorch.utilities.rank_zero:Restored all states from the checkpoint at /tmpdir/barman/bs1024_fullrun/outputs/nemotron-1B-SSA-Triton-bs1024/checkpoints/nemotron-1B-SSA-Triton-bs1024-step=0021499-last/weights
INFO:root:Instantiating MegatronPretrainingSampler with total_samples: 732966961 and consumed_samples: 22016000
INFO:root:Instantiating MegatronPretrainingSampler with total_samples: 732966961 and consumed_samples: 22016000
INFO:root:Instantiating MegatronPretrainingSampler with total_samples: 732966961 and consumed_samples: 22016000
INFO:root:Instantiating MegatronPretrainingSampler with total_samples: 732966961 and consumed_samples: 22016000
INFO:root:Instantiating MegatronPretrainingSampler with total_samples: 732966961 and consumed_samples: 22016000
INFO:root:Instantiating MegatronPretrainingSampler with total_samples: 732966961 and consumed_samples: 22016000
INFO:root:Instantiating MegatronPretrainingSampler with total_samples: 732966961 and consumed_samples: 22016000
INFO:root:Instantiating MegatronPretrainingSampler with total_samples: 732966961 and consumed_samples: 22016000
INFO:root:Instantiating MegatronPretrainingSampler with total_samples: 732966961 and consumed_samples: 22016000
INFO:root:Instantiating MegatronPretrainingSampler with total_samples: 732966961 and consumed_samples: 22016000
INFO:root:Instantiating MegatronPretrainingSampler with total_samples: 732966961 and consumed_samples: 22016000
INFO:root:Instantiating MegatronPretrainingSampler with total_samples: 732966961 and consumed_samples: 22016000
INFO:root:Instantiating MegatronPretrainingSampler with total_samples: 732966961 and consumed_samples: 22016000
INFO:root:Instantiating MegatronPretrainingSampler with total_samples: 732966961 and consumed_samples: 22016000
INFO:root:Instantiating MegatronPretrainingSampler with total_samples: 732966961 and consumed_samples: 22016000
INFO:root:Instantiating MegatronPretrainingSampler with total_samples: 732966961 and consumed_samples: 22016000
INFO:root:Instantiating MegatronPretrainingSampler with total_samples: 732966961 and consumed_samples: 22016000
INFO:root:Instantiating MegatronPretrainingSampler with total_samples: 732966961 and consumed_samples: 22016000
INFO:root:Instantiating MegatronPretrainingSampler with total_samples: 732966961 and consumed_samples: 22016000
INFO:root:Instantiating MegatronPretrainingSampler with total_samples: 732966961 and consumed_samples: 22016000
INFO:root:Instantiating MegatronPretrainingSampler with total_samples: 732966961 and consumed_samples: 22016000
INFO:root:Instantiating MegatronPretrainingSampler with total_samples: 732966961 and consumed_samples: 22016000
INFO:root:Instantiating MegatronPretrainingSampler with total_samples: 732966961 and consumed_samples: 22016000
INFO:root:Instantiating MegatronPretrainingSampler with total_samples: 732966961 and consumed_samples: 22016000
INFO:root:Instantiating MegatronPretrainingSampler with total_samples: 732966961 and consumed_samples: 22016000
INFO:root:Instantiating MegatronPretrainingSampler with total_samples: 732966961 and consumed_samples: 22016000
INFO:root:Instantiating MegatronPretrainingSampler with total_samples: 732966961 and consumed_samples: 22016000
INFO:root:Instantiating MegatronPretrainingSampler with total_samples: 732966961 and consumed_samples: 22016000
INFO:root:Instantiating MegatronPretrainingSampler with total_samples: 732966961 and consumed_samples: 22016000
INFO:root:Instantiating MegatronPretrainingSampler with total_samples: 732966961 and consumed_samples: 22016000
INFO:root:Instantiating MegatronPretrainingSampler with total_samples: 732966961 and consumed_samples: 22016000
INFO:root:Instantiating MegatronPretrainingSampler with total_samples: 732966961 and consumed_samples: 22016000
[NeMo W 2026-03-29 14:42:45 nemo_logging:405] /usr/local/lib/python3.12/dist-packages/lightning/pytorch/loops/training_epoch_loop.py:161: You're resuming from a checkpoint that ended before the epoch ended and your dataloader is not resumable. This can cause unreliable results if further training is done. Consider using an end-of-epoch checkpoint or make your dataloader resumable by implementing the `state_dict` / `load_state_dict` interface.
    
ERROR: ld.so: object 'libargos-core.so' from LD_PRELOAD cannot be preloaded (cannot open shared object file): ignored.
ERROR: ld.so: object 'libargos-core.so' from LD_PRELOAD cannot be preloaded (cannot open shared object file): ignored.
ERROR: ld.so: object 'libargos-core.so' from LD_PRELOAD cannot be preloaded (cannot open shared object file): ignored.
ERROR: ld.so: object 'libargos-agentclient.so' from LD_PRELOAD cannot be preloaded (cannot open shared object file): ignored.
ERROR: ld.so: object 'libargos-agentclient.so' from LD_PRELOAD cannot be preloaded (cannot open shared object file): ignored.
ERROR: ld.so: object 'libargos-agentclient.so' from LD_PRELOAD cannot be preloaded (cannot open shared object file): ignored.
ERROR: ld.so: object 'libargos-core.so' from LD_PRELOAD cannot be preloaded (cannot open shared object file): ignored.
ERROR: ld.so: object 'libargos-core.so' from LD_PRELOAD cannot be preloaded (cannot open shared object file): ignored.
ERROR: ld.so: object 'libargos-core.so' from LD_PRELOAD cannot be preloaded (cannot open shared object file): ignored.
ERROR: ld.so: object 'libargos-core.so' from LD_PRELOAD cannot be preloaded (cannot open shared object file): ignored.
ERROR: ld.so: object 'libargos-agentclient.so' from LD_PRELOAD cannot be preloaded (cannot open shared object file): ignored.
ERROR: ld.so: object 'libargos-agentclient.so' from LD_PRELOAD cannot be preloaded (cannot open shared object file): ignored.
ERROR: ld.so: object 'libargos-agentclient.so' from LD_PRELOAD cannot be preloaded (cannot open shared object file): ignored.
ERROR: ld.so: object 'libargos-agentclient.so' from LD_PRELOAD cannot be preloaded (cannot open shared object file): ignored.
ERROR: ld.so: object 'libargos-core.so' from LD_PRELOAD cannot be preloaded (cannot open shared object file): ignored.
ERROR: ld.so: object 'libargos-core.so' from LD_PRELOAD cannot be preloaded (cannot open shared object file): ignored.
ERROR: ld.so: object 'libargos-core.so' from LD_PRELOAD cannot be preloaded (cannot open shared object file): ignored.
ERROR: ld.so: object 'libargos-agentclient.so' from LD_PRELOAD cannot be preloaded (cannot open shared object file): ignored.
ERROR: ld.so: object 'libargos-agentclient.so' from LD_PRELOAD cannot be preloaded (cannot open shared object file): ignored.
ERROR: ld.so: object 'libargos-agentclient.so' from LD_PRELOAD cannot be preloaded (cannot open shared object file): ignored.
ERROR: ld.so: object 'libargos-core.so' from LD_PRELOAD cannot be preloaded (cannot open shared object file): ignored.
ERROR: ld.so: object 'libargos-agentclient.so' from LD_PRELOAD cannot be preloaded (cannot open shared object file): ignored.
ERROR: ld.so: object 'libargos-core.so' from LD_PRELOAD cannot be preloaded (cannot open shared object file): ignored.
ERROR: ld.so: object 'libargos-core.so' from LD_PRELOAD cannot be preloaded (cannot open shared object file): ignored.
ERROR: ld.so: object 'libargos-core.so' from LD_PRELOAD cannot be preloaded (cannot open shared object file): ignored.
ERROR: ld.so: object 'libargos-agentclient.so' from LD_PRELOAD cannot be preloaded (cannot open shared object file): ignored.
ERROR: ld.so: object 'libargos-agentclient.so' from LD_PRELOAD cannot be preloaded (cannot open shared object file): ignored.
ERROR: ld.so: object 'libargos-agentclient.so' from LD_PRELOAD cannot be preloaded (cannot open shared object file): ignored.
ERROR: ld.so: object 'libargos-core.so' from LD_PRELOAD cannot be preloaded (cannot open shared object file): ignored.
ERROR: ld.so: object 'libargos-agentclient.so' from LD_PRELOAD cannot be preloaded (cannot open shared object file): ignored.
ERROR: ld.so: object 'libargos-core.so' from LD_PRELOAD cannot be preloaded (cannot open shared object file): ignored.
ERROR: ld.so: object 'libargos-core.so' from LD_PRELOAD cannot be preloaded (cannot open shared object file): ignored.
ERROR: ld.so: object 'libargos-core.so' from LD_PRELOAD cannot be preloaded (cannot open shared object file): ignored.
ERROR: ld.so: object 'libargos-core.so' from LD_PRELOAD cannot be preloaded (cannot open shared object file): ignored.
ERROR: ld.so: object 'libargos-agentclient.so' from LD_PRELOAD cannot be preloaded (cannot open shared object file): ignored.
ERROR: ld.so: object 'libargos-agentclient.so' from LD_PRELOAD cannot be preloaded (cannot open shared object file): ignored.
ERROR: ld.so: object 'libargos-agentclient.so' from LD_PRELOAD cannot be preloaded (cannot open shared object file): ignored.
ERROR: ld.so: object 'libargos-agentclient.so' from LD_PRELOAD cannot be preloaded (cannot open shared object file): ignored.
ERROR: ld.so: object 'libargos-core.so' from LD_PRELOAD cannot be preloaded (cannot open shared object file): ignored.
ERROR: ld.so: object 'libargos-agentclient.so' from LD_PRELOAD cannot be preloaded (cannot open shared object file): ignored.
ERROR: ld.so: object 'libargos-core.so' from LD_PRELOAD cannot be preloaded (cannot open shared object file): ignored.
ERROR: ld.so: object 'libargos-core.so' from LD_PRELOAD cannot be preloaded (cannot open shared object file): ignored.
ERROR: ld.so: object 'libargos-core.so' from LD_PRELOAD cannot be preloaded (cannot open shared object file): ignored.
ERROR: ld.so: object 'libargos-core.so' from LD_PRELOAD cannot be preloaded (cannot open shared object file): ignored.
ERROR: ld.so: object 'libargos-agentclient.so' from LD_PRELOAD cannot be preloaded (cannot open shared object file): ignored.
ERROR: ld.so: object 'libargos-agentclient.so' from LD_PRELOAD cannot be preloaded (cannot open shared object file): ignored.
ERROR: ld.so: object 'libargos-agentclient.so' from LD_PRELOAD cannot be preloaded (cannot open shared object file): ignored.
ERROR: ld.so: object 'libargos-agentclient.so' from LD_PRELOAD cannot be preloaded (cannot open shared object file): ignored.
ERROR: ld.so: object 'libargos-core.so' from LD_PRELOAD cannot be preloaded (cannot open shared object file): ignored.
ERROR: ld.so: object 'libargos-core.so' from LD_PRELOAD cannot be preloaded (cannot open shared object file): ignored.
ERROR: ld.so: object 'libargos-core.so' from LD_PRELOAD cannot be preloaded (cannot open shared object file): ignored.
ERROR: ld.so: object 'libargos-core.so' from LD_PRELOAD cannot be preloaded (cannot open shared object file): ignored.
ERROR: ld.so: object 'libargos-agentclient.so' from LD_PRELOAD cannot be preloaded (cannot open shared object file): ignored.
ERROR: ld.so: object 'libargos-agentclient.so' from LD_PRELOAD cannot be preloaded (cannot open shared object file): ignored.
ERROR: ld.so: object 'libargos-agentclient.so' from LD_PRELOAD cannot be preloaded (cannot open shared object file): ignored.
ERROR: ld.so: object 'libargos-agentclient.so' from LD_PRELOAD cannot be preloaded (cannot open shared object file): ignored.
ERROR: ld.so: object 'libargos-core.so' from LD_PRELOAD cannot be preloaded (cannot open shared object file): ignored.
ERROR: ld.so: object 'libargos-core.so' from LD_PRELOAD cannot be preloaded (cannot open shared object file): ignored.
ERROR: ld.so: object 'libargos-core.so' from LD_PRELOAD cannot be preloaded (cannot open shared object file): ignored.
ERROR: ld.so: object 'libargos-core.so' from LD_PRELOAD cannot be preloaded (cannot open shared object file): ignored.
ERROR: ld.so: object 'libargos-agentclient.so' from LD_PRELOAD cannot be preloaded (cannot open shared object file): ignored.
ERROR: ld.so: object 'libargos-agentclient.so' from LD_PRELOAD cannot be preloaded (cannot open shared object file): ignored.
ERROR: ld.so: object 'libargos-agentclient.so' from LD_PRELOAD cannot be preloaded (cannot open shared object file): ignored.
ERROR: ld.so: object 'libargos-agentclient.so' from LD_PRELOAD cannot be preloaded (cannot open shared object file): ignored.
ERROR: ld.so: object 'libargos-core.so' from LD_PRELOAD cannot be preloaded (cannot open shared object file): ignored.
ERROR: ld.so: object 'libargos-agentclient.so' from LD_PRELOAD cannot be preloaded (cannot open shared object file): ignored.
ERROR: ld.so: object 'libargos-core.so' from LD_PRELOAD cannot be preloaded (cannot open shared object file): ignored.
ERROR: ld.so: object 'libargos-agentclient.so' from LD_PRELOAD cannot be preloaded (cannot open shared object file): ignored.
ERROR: ld.so: object 'libargos-core.so' from LD_PRELOAD cannot be preloaded (cannot open shared object file): ignored.
ERROR: ld.so: object 'libargos-agentclient.so' from LD_PRELOAD cannot be preloaded (cannot open shared object file): ignored.
ERROR: ld.so: object 'libargos-core.so' from LD_PRELOAD cannot be preloaded (cannot open shared object file): ignored.
ERROR: ld.so: object 'libargos-agentclient.so' from LD_PRELOAD cannot be preloaded (cannot open shared object file): ignored.
ERROR: ld.so: object 'libargos-core.so' from LD_PRELOAD cannot be preloaded (cannot open shared object file): ignored.
ERROR: ld.so: object 'libargos-core.so' from LD_PRELOAD cannot be preloaded (cannot open shared object file): ignored.
ERROR: ld.so: object 'libargos-agentclient.so' from LD_PRELOAD cannot be preloaded (cannot open shared object file): ignored.
ERROR: ld.so: object 'libargos-agentclient.so' from LD_PRELOAD cannot be preloaded (cannot open shared object file): ignored.
ERROR: ld.so: object 'libargos-core.so' from LD_PRELOAD cannot be preloaded (cannot open shared object file): ignored.
ERROR: ld.so: object 'libargos-agentclient.so' from LD_PRELOAD cannot be preloaded (cannot open shared object file): ignored.
ERROR: ld.so: object 'libargos-core.so' from LD_PRELOAD cannot be preloaded (cannot open shared object file): ignored.
ERROR: ld.so: object 'libargos-agentclient.so' from LD_PRELOAD cannot be preloaded (cannot open shared object file): ignored.
ERROR: ld.so: object 'libargos-core.so' from LD_PRELOAD cannot be preloaded (cannot open shared object file): ignored.
ERROR: ld.so: object 'libargos-agentclient.so' from LD_PRELOAD cannot be preloaded (cannot open shared object file): ignored.
ERROR: ld.so: object 'libargos-core.so' from LD_PRELOAD cannot be preloaded (cannot open shared object file): ignored.
ERROR: ld.so: object 'libargos-agentclient.so' from LD_PRELOAD cannot be preloaded (cannot open shared object file): ignored.
ERROR: ld.so: object 'libargos-core.so' from LD_PRELOAD cannot be preloaded (cannot open shared object file): ignored.
ERROR: ld.so: object 'libargos-agentclient.so' from LD_PRELOAD cannot be preloaded (cannot open shared object file): ignored.
ERROR: ld.so: object 'libargos-core.so' from LD_PRELOAD cannot be preloaded (cannot open shared object file): ignored.
ERROR: ld.so: object 'libargos-agentclient.so' from LD_PRELOAD cannot be preloaded (cannot open shared object file): ignored.
ERROR: ld.so: object 'libargos-core.so' from LD_PRELOAD cannot be preloaded (cannot open shared object file): ignored.
ERROR: ld.so: object 'libargos-agentclient.so' from LD_PRELOAD cannot be preloaded (cannot open shared object file): ignored.
ERROR: ld.so: object 'libargos-core.so' from LD_PRELOAD cannot be preloaded (cannot open shared object file): ignored.
ERROR: ld.so: object 'libargos-agentclient.so' from LD_PRELOAD cannot be preloaded (cannot open shared object file): ignored.
ERROR: ld.so: object 'libargos-core.so' from LD_PRELOAD cannot be preloaded (cannot open shared object file): ignored.
ERROR: ld.so: object 'libargos-agentclient.so' from LD_PRELOAD cannot be preloaded (cannot open shared object file): ignored.
ERROR: ld.so: object 'libargos-core.so' from LD_PRELOAD cannot be preloaded (cannot open shared object file): ignored.
ERROR: ld.so: object 'libargos-agentclient.so' from LD_PRELOAD cannot be preloaded (cannot open shared object file): ignored.
ERROR: ld.so: object 'libargos-core.so' from LD_PRELOAD cannot be preloaded (cannot open shared object file): ignored.
ERROR: ld.so: object 'libargos-agentclient.so' from LD_PRELOAD cannot be preloaded (cannot open shared object file): ignored.
ERROR: ld.so: object 'libargos-core.so' from LD_PRELOAD cannot be preloaded (cannot open shared object file): ignored.
ERROR: ld.so: object 'libargos-agentclient.so' from LD_PRELOAD cannot be preloaded (cannot open shared object file): ignored.
ERROR: ld.so: object 'libargos-core.so' from LD_PRELOAD cannot be preloaded (cannot open shared object file): ignored.
ERROR: ld.so: object 'libargos-agentclient.so' from LD_PRELOAD cannot be preloaded (cannot open shared object file): ignored.
ERROR: ld.so: object 'libargos-core.so' from LD_PRELOAD cannot be preloaded (cannot open shared object file): ignored.
ERROR: ld.so: object 'libargos-agentclient.so' from LD_PRELOAD cannot be preloaded (cannot open shared object file): ignored.
ERROR: ld.so: object 'libargos-core.so' from LD_PRELOAD cannot be preloaded (cannot open shared object file): ignored.
ERROR: ld.so: object 'libargos-agentclient.so' from LD_PRELOAD cannot be preloaded (cannot open shared object file): ignored.
ERROR: ld.so: object 'libargos-core.so' from LD_PRELOAD cannot be preloaded (cannot open shared object file): ignored.
ERROR: ld.so: object 'libargos-agentclient.so' from LD_PRELOAD cannot be preloaded (cannot open shared object file): ignored.
ERROR: ld.so: object 'libargos-core.so' from LD_PRELOAD cannot be preloaded (cannot open shared object file): ignored.
ERROR: ld.so: object 'libargos-agentclient.so' from LD_PRELOAD cannot be preloaded (cannot open shared object file): ignored.
ERROR: ld.so: object 'libargos-core.so' from LD_PRELOAD cannot be preloaded (cannot open shared object file): ignored.
ERROR: ld.so: object 'libargos-agentclient.so' from LD_PRELOAD cannot be preloaded (cannot open shared object file): ignored.
ERROR: ld.so: object 'libargos-core.so' from LD_PRELOAD cannot be preloaded (cannot open shared object file): ignored.
ERROR: ld.so: object 'libargos-agentclient.so' from LD_PRELOAD cannot be preloaded (cannot open shared object file): ignored.
ERROR: ld.so: object 'libargos-core.so' from LD_PRELOAD cannot be preloaded (cannot open shared object file): ignored.
ERROR: ld.so: object 'libargos-agentclient.so' from LD_PRELOAD cannot be preloaded (cannot open shared object file): ignored.
ERROR: ld.so: object 'libargos-core.so' from LD_PRELOAD cannot be preloaded (cannot open shared object file): ignored.
ERROR: ld.so: object 'libargos-agentclient.so' from LD_PRELOAD cannot be preloaded (cannot open shared object file): ignored.
ERROR: ld.so: object 'libargos-core.so' from LD_PRELOAD cannot be preloaded (cannot open shared object file): ignored.
ERROR: ld.so: object 'libargos-agentclient.so' from LD_PRELOAD cannot be preloaded (cannot open shared object file): ignored.
ERROR: ld.so: object 'libargos-core.so' from LD_PRELOAD cannot be preloaded (cannot open shared object file): ignored.
ERROR: ld.so: object 'libargos-core.so' from LD_PRELOAD cannot be preloaded (cannot open shared object file): ignored.
ERROR: ld.so: object 'libargos-agentclient.so' from LD_PRELOAD cannot be preloaded (cannot open shared object file): ignored.
ERROR: ld.so: object 'libargos-agentclient.so' from LD_PRELOAD cannot be preloaded (cannot open shared object file): ignored.
ERROR: ld.so: object 'libargos-core.so' from LD_PRELOAD cannot be preloaded (cannot open shared object file): ignored.
ERROR: ld.so: object 'libargos-agentclient.so' from LD_PRELOAD cannot be preloaded (cannot open shared object file): ignored.
ERROR: ld.so: object 'libargos-core.so' from LD_PRELOAD cannot be preloaded (cannot open shared object file): ignored.
ERROR: ld.so: object 'libargos-agentclient.so' from LD_PRELOAD cannot be preloaded (cannot open shared object file): ignored.
[NeMo W 2026-03-29 14:45:04 rerun_state_machine:1264] Implicit initialization of Rerun State Machine!
[NeMo W 2026-03-29 14:45:04 rerun_state_machine:239] RerunStateMachine initialized in mode RerunMode.DISABLED
Training epoch 1, iteration 21500/715787 | lr: 0.0002994 | consumed_samples: 22017024 | global_batch_size: 1024 | global_step: 21500 | reduced_train_loss: 2.492
Training epoch 1, iteration 21501/715787 | lr: 0.0002994 | consumed_samples: 22018048 | global_batch_size: 1024 | global_step: 21501 | reduced_train_loss: 2.485
Training epoch 1, iteration 21502/715787 | lr: 0.0002994 | consumed_samples: 22019072 | global_batch_size: 1024 | global_step: 21502 | reduced_train_loss: 2.526
Training epoch 1, iteration 21503/715787 | lr: 0.0002994 | consumed_samples: 22020096 | global_batch_size: 1024 | global_step: 21503 | reduced_train_loss: 2.518
Training epoch 1, iteration 21504/715787 | lr: 0.0002994 | consumed_samples: 22021120 | global_batch_size: 1024 | global_step: 21504 | reduced_train_loss: 2.499
Training epoch 1, iteration 21505/715787 | lr: 0.0002994 | consumed_samples: 22022144 | global_batch_size: 1024 | global_step: 21505 | reduced_train_loss: 2.499
Training epoch 1, iteration 21506/715787 | lr: 0.0002994 | consumed_samples: 22023168 | global_batch_size: 1024 | global_step: 21506 | reduced_train_loss: 2.538
Training epoch 1, iteration 21507/715787 | lr: 0.0002994 | consumed_samples: 22024192 | global_batch_size: 1024 | global_step: 21507 | reduced_train_loss: 2.5
Training epoch 1, iteration 21508/715787 | lr: 0.0002994 | consumed_samples: 22025216 | global_batch_size: 1024 | global_step: 21508 | reduced_train_loss: 2.544
Training epoch 1, iteration 21509/715787 | lr: 0.0002994 | consumed_samples: 22026240 | global_batch_size: 1024 | global_step: 21509 | reduced_train_loss: 2.523
Training epoch 1, iteration 21510/715787 | lr: 0.0002994 | consumed_samples: 22027264 | global_batch_size: 1024 | global_step: 21510 | reduced_train_loss: 2.509
Training epoch 1, iteration 21511/715787 | lr: 0.0002994 | consumed_samples: 22028288 | global_batch_size: 1024 | global_step: 21511 | reduced_train_loss: 2.524
Training epoch 1, iteration 21512/715787 | lr: 0.0002994 | consumed_samples: 22029312 | global_batch_size: 1024 | global_step: 21512 | reduced_train_loss: 2.494
Training epoch 1, iteration 21513/715787 | lr: 0.0002994 | consumed_samples: 22030336 | global_batch_size: 1024 | global_step: 21513 | reduced_train_loss: 2.503
Training epoch 1, iteration 21514/715787 | lr: 0.0002994 | consumed_samples: 22031360 | global_batch_size: 1024 | global_step: 21514 | reduced_train_loss: 2.517
Training epoch 1, iteration 21515/715787 | lr: 0.0002994 | consumed_samples: 22032384 | global_batch_size: 1024 | global_step: 21515 | reduced_train_loss: 2.512
Training epoch 1, iteration 21516/715787 | lr: 0.0002994 | consumed_samples: 22033408 | global_batch_size: 1024 | global_step: 21516 | reduced_train_loss: 2.5
Training epoch 1, iteration 21517/715787 | lr: 0.0002994 | consumed_samples: 22034432 | global_batch_size: 1024 | global_step: 21517 | reduced_train_loss: 2.503
Training epoch 1, iteration 21518/715787 | lr: 0.0002994 | consumed_samples: 22035456 | global_batch_size: 1024 | global_step: 21518 | reduced_train_loss: 2.511
Training epoch 1, iteration 21519/715787 | lr: 0.0002994 | consumed_samples: 22036480 | global_batch_size: 1024 | global_step: 21519 | reduced_train_loss: 2.517
Training epoch 1, iteration 21520/715787 | lr: 0.0002994 | consumed_samples: 22037504 | global_batch_size: 1024 | global_step: 21520 | reduced_train_loss: 2.506
Training epoch 1, iteration 21521/715787 | lr: 0.0002994 | consumed_samples: 22038528 | global_batch_size: 1024 | global_step: 21521 | reduced_train_loss: 2.491
Training epoch 1, iteration 21522/715787 | lr: 0.0002994 | consumed_samples: 22039552 | global_batch_size: 1024 | global_step: 21522 | reduced_train_loss: 2.535
Training epoch 1, iteration 21523/715787 | lr: 0.0002994 | consumed_samples: 22040576 | global_batch_size: 1024 | global_step: 21523 | reduced_train_loss: 2.512
Training epoch 1, iteration 21524/715787 | lr: 0.0002994 | consumed_samples: 22041600 | global_batch_size: 1024 | global_step: 21524 | reduced_train_loss: 2.5
Training epoch 1, iteration 21525/715787 | lr: 0.0002994 | consumed_samples: 22042624 | global_batch_size: 1024 | global_step: 21525 | reduced_train_loss: 2.53
Training epoch 1, iteration 21526/715787 | lr: 0.0002994 | consumed_samples: 22043648 | global_batch_size: 1024 | global_step: 21526 | reduced_train_loss: 2.499
Training epoch 1, iteration 21527/715787 | lr: 0.0002994 | consumed_samples: 22044672 | global_batch_size: 1024 | global_step: 21527 | reduced_train_loss: 2.503
Training epoch 1, iteration 21528/715787 | lr: 0.0002994 | consumed_samples: 22045696 | global_batch_size: 1024 | global_step: 21528 | reduced_train_loss: 2.49
Training epoch 1, iteration 21529/715787 | lr: 0.0002994 | consumed_samples: 22046720 | global_batch_size: 1024 | global_step: 21529 | reduced_train_loss: 2.501
Training epoch 1, iteration 21530/715787 | lr: 0.0002994 | consumed_samples: 22047744 | global_batch_size: 1024 | global_step: 21530 | reduced_train_loss: 2.505
Training epoch 1, iteration 21531/715787 | lr: 0.0002994 | consumed_samples: 22048768 | global_batch_size: 1024 | global_step: 21531 | reduced_train_loss: 2.509
Training epoch 1, iteration 21532/715787 | lr: 0.0002994 | consumed_samples: 22049792 | global_batch_size: 1024 | global_step: 21532 | reduced_train_loss: 2.507
Training epoch 1, iteration 21533/715787 | lr: 0.0002994 | consumed_samples: 22050816 | global_batch_size: 1024 | global_step: 21533 | reduced_train_loss: 2.501
Training epoch 1, iteration 21534/715787 | lr: 0.0002994 | consumed_samples: 22051840 | global_batch_size: 1024 | global_step: 21534 | reduced_train_loss: 2.507
Training epoch 1, iteration 21535/715787 | lr: 0.0002994 | consumed_samples: 22052864 | global_batch_size: 1024 | global_step: 21535 | reduced_train_loss: 2.519
Training epoch 1, iteration 21536/715787 | lr: 0.0002994 | consumed_samples: 22053888 | global_batch_size: 1024 | global_step: 21536 | reduced_train_loss: 2.513
Training epoch 1, iteration 21537/715787 | lr: 0.0002994 | consumed_samples: 22054912 | global_batch_size: 1024 | global_step: 21537 | reduced_train_loss: 2.492
Training epoch 1, iteration 21538/715787 | lr: 0.0002994 | consumed_samples: 22055936 | global_batch_size: 1024 | global_step: 21538 | reduced_train_loss: 2.518
Training epoch 1, iteration 21539/715787 | lr: 0.0002994 | consumed_samples: 22056960 | global_batch_size: 1024 | global_step: 21539 | reduced_train_loss: 2.494
Training epoch 1, iteration 21540/715787 | lr: 0.0002994 | consumed_samples: 22057984 | global_batch_size: 1024 | global_step: 21540 | reduced_train_loss: 2.482
Training epoch 1, iteration 21541/715787 | lr: 0.0002994 | consumed_samples: 22059008 | global_batch_size: 1024 | global_step: 21541 | reduced_train_loss: 2.507
Training epoch 1, iteration 21542/715787 | lr: 0.0002994 | consumed_samples: 22060032 | global_batch_size: 1024 | global_step: 21542 | reduced_train_loss: 2.509
Training epoch 1, iteration 21543/715787 | lr: 0.0002994 | consumed_samples: 22061056 | global_batch_size: 1024 | global_step: 21543 | reduced_train_loss: 2.513
Training epoch 1, iteration 21544/715787 | lr: 0.0002994 | consumed_samples: 22062080 | global_batch_size: 1024 | global_step: 21544 | reduced_train_loss: 2.49
Training epoch 1, iteration 21545/715787 | lr: 0.0002994 | consumed_samples: 22063104 | global_batch_size: 1024 | global_step: 21545 | reduced_train_loss: 2.51
Training epoch 1, iteration 21546/715787 | lr: 0.0002994 | consumed_samples: 22064128 | global_batch_size: 1024 | global_step: 21546 | reduced_train_loss: 2.53
Training epoch 1, iteration 21547/715787 | lr: 0.0002994 | consumed_samples: 22065152 | global_batch_size: 1024 | global_step: 21547 | reduced_train_loss: 2.504
Training epoch 1, iteration 21548/715787 | lr: 0.0002994 | consumed_samples: 22066176 | global_batch_size: 1024 | global_step: 21548 | reduced_train_loss: 2.501
Training epoch 1, iteration 21549/715787 | lr: 0.0002994 | consumed_samples: 22067200 | global_batch_size: 1024 | global_step: 21549 | reduced_train_loss: 2.52
Training epoch 1, iteration 21550/715787 | lr: 0.0002994 | consumed_samples: 22068224 | global_batch_size: 1024 | global_step: 21550 | reduced_train_loss: 2.487
Training epoch 1, iteration 21551/715787 | lr: 0.0002994 | consumed_samples: 22069248 | global_batch_size: 1024 | global_step: 21551 | reduced_train_loss: 2.516
Training epoch 1, iteration 21552/715787 | lr: 0.0002994 | consumed_samples: 22070272 | global_batch_size: 1024 | global_step: 21552 | reduced_train_loss: 2.506
Training epoch 1, iteration 21553/715787 | lr: 0.0002994 | consumed_samples: 22071296 | global_batch_size: 1024 | global_step: 21553 | reduced_train_loss: 2.53
Training epoch 1, iteration 21554/715787 | lr: 0.0002994 | consumed_samples: 22072320 | global_batch_size: 1024 | global_step: 21554 | reduced_train_loss: 2.506
Training epoch 1, iteration 21555/715787 | lr: 0.0002994 | consumed_samples: 22073344 | global_batch_size: 1024 | global_step: 21555 | reduced_train_loss: 2.493
Training epoch 1, iteration 21556/715787 | lr: 0.0002994 | consumed_samples: 22074368 | global_batch_size: 1024 | global_step: 21556 | reduced_train_loss: 2.527
Training epoch 1, iteration 21557/715787 | lr: 0.0002994 | consumed_samples: 22075392 | global_batch_size: 1024 | global_step: 21557 | reduced_train_loss: 2.51
Training epoch 1, iteration 21558/715787 | lr: 0.0002994 | consumed_samples: 22076416 | global_batch_size: 1024 | global_step: 21558 | reduced_train_loss: 2.519
Training epoch 1, iteration 21559/715787 | lr: 0.0002994 | consumed_samples: 22077440 | global_batch_size: 1024 | global_step: 21559 | reduced_train_loss: 2.516
Training epoch 1, iteration 21560/715787 | lr: 0.0002994 | consumed_samples: 22078464 | global_batch_size: 1024 | global_step: 21560 | reduced_train_loss: 2.514
Training epoch 1, iteration 21561/715787 | lr: 0.0002994 | consumed_samples: 22079488 | global_batch_size: 1024 | global_step: 21561 | reduced_train_loss: 2.519
Training epoch 1, iteration 21562/715787 | lr: 0.0002994 | consumed_samples: 22080512 | global_batch_size: 1024 | global_step: 21562 | reduced_train_loss: 2.535
Training epoch 1, iteration 21563/715787 | lr: 0.0002994 | consumed_samples: 22081536 | global_batch_size: 1024 | global_step: 21563 | reduced_train_loss: 2.531
Training epoch 1, iteration 21564/715787 | lr: 0.0002994 | consumed_samples: 22082560 | global_batch_size: 1024 | global_step: 21564 | reduced_train_loss: 2.503
Training epoch 1, iteration 21565/715787 | lr: 0.0002994 | consumed_samples: 22083584 | global_batch_size: 1024 | global_step: 21565 | reduced_train_loss: 2.521
Training epoch 1, iteration 21566/715787 | lr: 0.0002994 | consumed_samples: 22084608 | global_batch_size: 1024 | global_step: 21566 | reduced_train_loss: 2.499
Training epoch 1, iteration 21567/715787 | lr: 0.0002994 | consumed_samples: 22085632 | global_batch_size: 1024 | global_step: 21567 | reduced_train_loss: 2.515
Training epoch 1, iteration 21568/715787 | lr: 0.0002994 | consumed_samples: 22086656 | global_batch_size: 1024 | global_step: 21568 | reduced_train_loss: 2.507
Training epoch 1, iteration 21569/715787 | lr: 0.0002994 | consumed_samples: 22087680 | global_batch_size: 1024 | global_step: 21569 | reduced_train_loss: 2.499
Training epoch 1, iteration 21570/715787 | lr: 0.0002994 | consumed_samples: 22088704 | global_batch_size: 1024 | global_step: 21570 | reduced_train_loss: 2.522
Training epoch 1, iteration 21571/715787 | lr: 0.0002994 | consumed_samples: 22089728 | global_batch_size: 1024 | global_step: 21571 | reduced_train_loss: 2.5
Training epoch 1, iteration 21572/715787 | lr: 0.0002994 | consumed_samples: 22090752 | global_batch_size: 1024 | global_step: 21572 | reduced_train_loss: 2.503
Training epoch 1, iteration 21573/715787 | lr: 0.0002994 | consumed_samples: 22091776 | global_batch_size: 1024 | global_step: 21573 | reduced_train_loss: 2.503
Training epoch 1, iteration 21574/715787 | lr: 0.0002994 | consumed_samples: 22092800 | global_batch_size: 1024 | global_step: 21574 | reduced_train_loss: 2.488
Training epoch 1, iteration 21575/715787 | lr: 0.0002994 | consumed_samples: 22093824 | global_batch_size: 1024 | global_step: 21575 | reduced_train_loss: 2.513
Training epoch 1, iteration 21576/715787 | lr: 0.0002994 | consumed_samples: 22094848 | global_batch_size: 1024 | global_step: 21576 | reduced_train_loss: 2.494
Training epoch 1, iteration 21577/715787 | lr: 0.0002994 | consumed_samples: 22095872 | global_batch_size: 1024 | global_step: 21577 | reduced_train_loss: 2.484
Training epoch 1, iteration 21578/715787 | lr: 0.0002994 | consumed_samples: 22096896 | global_batch_size: 1024 | global_step: 21578 | reduced_train_loss: 2.499
Training epoch 1, iteration 21579/715787 | lr: 0.0002994 | consumed_samples: 22097920 | global_batch_size: 1024 | global_step: 21579 | reduced_train_loss: 2.503
Training epoch 1, iteration 21580/715787 | lr: 0.0002994 | consumed_samples: 22098944 | global_batch_size: 1024 | global_step: 21580 | reduced_train_loss: 2.492
Training epoch 1, iteration 21581/715787 | lr: 0.0002994 | consumed_samples: 22099968 | global_batch_size: 1024 | global_step: 21581 | reduced_train_loss: 2.501
Training epoch 1, iteration 21582/715787 | lr: 0.0002994 | consumed_samples: 22100992 | global_batch_size: 1024 | global_step: 21582 | reduced_train_loss: 2.513
Training epoch 1, iteration 21583/715787 | lr: 0.0002994 | consumed_samples: 22102016 | global_batch_size: 1024 | global_step: 21583 | reduced_train_loss: 2.528
Training epoch 1, iteration 21584/715787 | lr: 0.0002994 | consumed_samples: 22103040 | global_batch_size: 1024 | global_step: 21584 | reduced_train_loss: 2.483
Training epoch 1, iteration 21585/715787 | lr: 0.0002994 | consumed_samples: 22104064 | global_batch_size: 1024 | global_step: 21585 | reduced_train_loss: 2.501
Training epoch 1, iteration 21586/715787 | lr: 0.0002994 | consumed_samples: 22105088 | global_batch_size: 1024 | global_step: 21586 | reduced_train_loss: 2.503
Training epoch 1, iteration 21587/715787 | lr: 0.0002994 | consumed_samples: 22106112 | global_batch_size: 1024 | global_step: 21587 | reduced_train_loss: 2.513
Training epoch 1, iteration 21588/715787 | lr: 0.0002994 | consumed_samples: 22107136 | global_batch_size: 1024 | global_step: 21588 | reduced_train_loss: 2.502
Training epoch 1, iteration 21589/715787 | lr: 0.0002994 | consumed_samples: 22108160 | global_batch_size: 1024 | global_step: 21589 | reduced_train_loss: 2.506
Training epoch 1, iteration 21590/715787 | lr: 0.0002994 | consumed_samples: 22109184 | global_batch_size: 1024 | global_step: 21590 | reduced_train_loss: 2.502
Training epoch 1, iteration 21591/715787 | lr: 0.0002994 | consumed_samples: 22110208 | global_batch_size: 1024 | global_step: 21591 | reduced_train_loss: 2.506
Training epoch 1, iteration 21592/715787 | lr: 0.0002994 | consumed_samples: 22111232 | global_batch_size: 1024 | global_step: 21592 | reduced_train_loss: 2.505
Training epoch 1, iteration 21593/715787 | lr: 0.0002994 | consumed_samples: 22112256 | global_batch_size: 1024 | global_step: 21593 | reduced_train_loss: 2.499
Training epoch 1, iteration 21594/715787 | lr: 0.0002994 | consumed_samples: 22113280 | global_batch_size: 1024 | global_step: 21594 | reduced_train_loss: 2.52
Training epoch 1, iteration 21595/715787 | lr: 0.0002994 | consumed_samples: 22114304 | global_batch_size: 1024 | global_step: 21595 | reduced_train_loss: 2.517
Training epoch 1, iteration 21596/715787 | lr: 0.0002994 | consumed_samples: 22115328 | global_batch_size: 1024 | global_step: 21596 | reduced_train_loss: 2.496
Training epoch 1, iteration 21597/715787 | lr: 0.0002994 | consumed_samples: 22116352 | global_batch_size: 1024 | global_step: 21597 | reduced_train_loss: 2.516
Training epoch 1, iteration 21598/715787 | lr: 0.0002994 | consumed_samples: 22117376 | global_batch_size: 1024 | global_step: 21598 | reduced_train_loss: 2.519
[NeMo I 2026-03-29 15:03:34 nemo_logging:393] Running garbage collection at train global_step: 21600
Training epoch 1, iteration 21599/715787 | lr: 0.0002994 | consumed_samples: 22118400 | global_batch_size: 1024 | global_step: 21599 | reduced_train_loss: 2.5
Training epoch 1, iteration 21600/715787 | lr: 0.0002994 | consumed_samples: 22119424 | global_batch_size: 1024 | global_step: 21600 | reduced_train_loss: 2.502
Training epoch 1, iteration 21601/715787 | lr: 0.0002994 | consumed_samples: 22120448 | global_batch_size: 1024 | global_step: 21601 | reduced_train_loss: 2.513
Training epoch 1, iteration 21602/715787 | lr: 0.0002994 | consumed_samples: 22121472 | global_batch_size: 1024 | global_step: 21602 | reduced_train_loss: 2.505
Training epoch 1, iteration 21603/715787 | lr: 0.0002994 | consumed_samples: 22122496 | global_batch_size: 1024 | global_step: 21603 | reduced_train_loss: 2.495
Training epoch 1, iteration 21604/715787 | lr: 0.0002994 | consumed_samples: 22123520 | global_batch_size: 1024 | global_step: 21604 | reduced_train_loss: 2.496
Training epoch 1, iteration 21605/715787 | lr: 0.0002994 | consumed_samples: 22124544 | global_batch_size: 1024 | global_step: 21605 | reduced_train_loss: 2.471
Training epoch 1, iteration 21606/715787 | lr: 0.0002994 | consumed_samples: 22125568 | global_batch_size: 1024 | global_step: 21606 | reduced_train_loss: 2.497
Training epoch 1, iteration 21607/715787 | lr: 0.0002994 | consumed_samples: 22126592 | global_batch_size: 1024 | global_step: 21607 | reduced_train_loss: 2.522
Training epoch 1, iteration 21608/715787 | lr: 0.0002994 | consumed_samples: 22127616 | global_batch_size: 1024 | global_step: 21608 | reduced_train_loss: 2.501
Training epoch 1, iteration 21609/715787 | lr: 0.0002994 | consumed_samples: 22128640 | global_batch_size: 1024 | global_step: 21609 | reduced_train_loss: 2.509
Training epoch 1, iteration 21610/715787 | lr: 0.0002994 | consumed_samples: 22129664 | global_batch_size: 1024 | global_step: 21610 | reduced_train_loss: 2.499
Training epoch 1, iteration 21611/715787 | lr: 0.0002994 | consumed_samples: 22130688 | global_batch_size: 1024 | global_step: 21611 | reduced_train_loss: 2.491
Training epoch 1, iteration 21612/715787 | lr: 0.0002994 | consumed_samples: 22131712 | global_batch_size: 1024 | global_step: 21612 | reduced_train_loss: 2.486
Training epoch 1, iteration 21613/715787 | lr: 0.0002994 | consumed_samples: 22132736 | global_batch_size: 1024 | global_step: 21613 | reduced_train_loss: 2.501
Training epoch 1, iteration 21614/715787 | lr: 0.0002994 | consumed_samples: 22133760 | global_batch_size: 1024 | global_step: 21614 | reduced_train_loss: 2.495
Training epoch 1, iteration 21615/715787 | lr: 0.0002994 | consumed_samples: 22134784 | global_batch_size: 1024 | global_step: 21615 | reduced_train_loss: 2.503
Training epoch 1, iteration 21616/715787 | lr: 0.0002994 | consumed_samples: 22135808 | global_batch_size: 1024 | global_step: 21616 | reduced_train_loss: 2.513
Training epoch 1, iteration 21617/715787 | lr: 0.0002994 | consumed_samples: 22136832 | global_batch_size: 1024 | global_step: 21617 | reduced_train_loss: 2.484
Training epoch 1, iteration 21618/715787 | lr: 0.0002994 | consumed_samples: 22137856 | global_batch_size: 1024 | global_step: 21618 | reduced_train_loss: 2.509
Training epoch 1, iteration 21619/715787 | lr: 0.0002994 | consumed_samples: 22138880 | global_batch_size: 1024 | global_step: 21619 | reduced_train_loss: 2.499
Training epoch 1, iteration 21620/715787 | lr: 0.0002994 | consumed_samples: 22139904 | global_batch_size: 1024 | global_step: 21620 | reduced_train_loss: 2.518
Training epoch 1, iteration 21621/715787 | lr: 0.0002994 | consumed_samples: 22140928 | global_batch_size: 1024 | global_step: 21621 | reduced_train_loss: 2.498
Training epoch 1, iteration 21622/715787 | lr: 0.0002994 | consumed_samples: 22141952 | global_batch_size: 1024 | global_step: 21622 | reduced_train_loss: 2.516
Training epoch 1, iteration 21623/715787 | lr: 0.0002994 | consumed_samples: 22142976 | global_batch_size: 1024 | global_step: 21623 | reduced_train_loss: 2.519
Training epoch 1, iteration 21624/715787 | lr: 0.0002994 | consumed_samples: 22144000 | global_batch_size: 1024 | global_step: 21624 | reduced_train_loss: 2.509
Training epoch 1, iteration 21625/715787 | lr: 0.0002994 | consumed_samples: 22145024 | global_batch_size: 1024 | global_step: 21625 | reduced_train_loss: 2.511
Training epoch 1, iteration 21626/715787 | lr: 0.0002994 | consumed_samples: 22146048 | global_batch_size: 1024 | global_step: 21626 | reduced_train_loss: 2.502
Training epoch 1, iteration 21627/715787 | lr: 0.0002994 | consumed_samples: 22147072 | global_batch_size: 1024 | global_step: 21627 | reduced_train_loss: 2.532
Training epoch 1, iteration 21628/715787 | lr: 0.0002994 | consumed_samples: 22148096 | global_batch_size: 1024 | global_step: 21628 | reduced_train_loss: 2.515
Training epoch 1, iteration 21629/715787 | lr: 0.0002994 | consumed_samples: 22149120 | global_batch_size: 1024 | global_step: 21629 | reduced_train_loss: 2.522
Training epoch 1, iteration 21630/715787 | lr: 0.0002994 | consumed_samples: 22150144 | global_batch_size: 1024 | global_step: 21630 | reduced_train_loss: 2.494
Training epoch 1, iteration 21631/715787 | lr: 0.0002994 | consumed_samples: 22151168 | global_batch_size: 1024 | global_step: 21631 | reduced_train_loss: 2.515
Training epoch 1, iteration 21632/715787 | lr: 0.0002994 | consumed_samples: 22152192 | global_batch_size: 1024 | global_step: 21632 | reduced_train_loss: 2.521
Training epoch 1, iteration 21633/715787 | lr: 0.0002994 | consumed_samples: 22153216 | global_batch_size: 1024 | global_step: 21633 | reduced_train_loss: 2.501
Training epoch 1, iteration 21634/715787 | lr: 0.0002994 | consumed_samples: 22154240 | global_batch_size: 1024 | global_step: 21634 | reduced_train_loss: 2.483
Training epoch 1, iteration 21635/715787 | lr: 0.0002994 | consumed_samples: 22155264 | global_batch_size: 1024 | global_step: 21635 | reduced_train_loss: 2.495
Training epoch 1, iteration 21636/715787 | lr: 0.0002994 | consumed_samples: 22156288 | global_batch_size: 1024 | global_step: 21636 | reduced_train_loss: 2.509
Training epoch 1, iteration 21637/715787 | lr: 0.0002994 | consumed_samples: 22157312 | global_batch_size: 1024 | global_step: 21637 | reduced_train_loss: 2.509
Training epoch 1, iteration 21638/715787 | lr: 0.0002994 | consumed_samples: 22158336 | global_batch_size: 1024 | global_step: 21638 | reduced_train_loss: 2.51
Training epoch 1, iteration 21639/715787 | lr: 0.0002994 | consumed_samples: 22159360 | global_batch_size: 1024 | global_step: 21639 | reduced_train_loss: 2.511
Training epoch 1, iteration 21640/715787 | lr: 0.0002994 | consumed_samples: 22160384 | global_batch_size: 1024 | global_step: 21640 | reduced_train_loss: 2.502
Training epoch 1, iteration 21641/715787 | lr: 0.0002994 | consumed_samples: 22161408 | global_batch_size: 1024 | global_step: 21641 | reduced_train_loss: 2.501
Training epoch 1, iteration 21642/715787 | lr: 0.0002994 | consumed_samples: 22162432 | global_batch_size: 1024 | global_step: 21642 | reduced_train_loss: 2.504
Training epoch 1, iteration 21643/715787 | lr: 0.0002994 | consumed_samples: 22163456 | global_batch_size: 1024 | global_step: 21643 | reduced_train_loss: 2.503
Training epoch 1, iteration 21644/715787 | lr: 0.0002994 | consumed_samples: 22164480 | global_batch_size: 1024 | global_step: 21644 | reduced_train_loss: 2.512
Training epoch 1, iteration 21645/715787 | lr: 0.0002994 | consumed_samples: 22165504 | global_batch_size: 1024 | global_step: 21645 | reduced_train_loss: 2.528
Training epoch 1, iteration 21646/715787 | lr: 0.0002994 | consumed_samples: 22166528 | global_batch_size: 1024 | global_step: 21646 | reduced_train_loss: 2.513
Training epoch 1, iteration 21647/715787 | lr: 0.0002994 | consumed_samples: 22167552 | global_batch_size: 1024 | global_step: 21647 | reduced_train_loss: 2.484
Training epoch 1, iteration 21648/715787 | lr: 0.0002994 | consumed_samples: 22168576 | global_batch_size: 1024 | global_step: 21648 | reduced_train_loss: 2.516
Training epoch 1, iteration 21649/715787 | lr: 0.0002994 | consumed_samples: 22169600 | global_batch_size: 1024 | global_step: 21649 | reduced_train_loss: 2.47
Training epoch 1, iteration 21650/715787 | lr: 0.0002994 | consumed_samples: 22170624 | global_batch_size: 1024 | global_step: 21650 | reduced_train_loss: 2.505
Training epoch 1, iteration 21651/715787 | lr: 0.0002994 | consumed_samples: 22171648 | global_batch_size: 1024 | global_step: 21651 | reduced_train_loss: 2.493
Training epoch 1, iteration 21652/715787 | lr: 0.0002994 | consumed_samples: 22172672 | global_batch_size: 1024 | global_step: 21652 | reduced_train_loss: 2.507
Training epoch 1, iteration 21653/715787 | lr: 0.0002994 | consumed_samples: 22173696 | global_batch_size: 1024 | global_step: 21653 | reduced_train_loss: 2.504
Training epoch 1, iteration 21654/715787 | lr: 0.0002994 | consumed_samples: 22174720 | global_batch_size: 1024 | global_step: 21654 | reduced_train_loss: 2.493
Training epoch 1, iteration 21655/715787 | lr: 0.0002994 | consumed_samples: 22175744 | global_batch_size: 1024 | global_step: 21655 | reduced_train_loss: 2.48
Training epoch 1, iteration 21656/715787 | lr: 0.0002994 | consumed_samples: 22176768 | global_batch_size: 1024 | global_step: 21656 | reduced_train_loss: 2.51
Training epoch 1, iteration 21657/715787 | lr: 0.0002994 | consumed_samples: 22177792 | global_batch_size: 1024 | global_step: 21657 | reduced_train_loss: 2.504
Training epoch 1, iteration 21658/715787 | lr: 0.0002994 | consumed_samples: 22178816 | global_batch_size: 1024 | global_step: 21658 | reduced_train_loss: 2.501
Training epoch 1, iteration 21659/715787 | lr: 0.0002994 | consumed_samples: 22179840 | global_batch_size: 1024 | global_step: 21659 | reduced_train_loss: 2.507
Training epoch 1, iteration 21660/715787 | lr: 0.0002994 | consumed_samples: 22180864 | global_batch_size: 1024 | global_step: 21660 | reduced_train_loss: 2.512
Training epoch 1, iteration 21661/715787 | lr: 0.0002994 | consumed_samples: 22181888 | global_batch_size: 1024 | global_step: 21661 | reduced_train_loss: 2.501
Training epoch 1, iteration 21662/715787 | lr: 0.0002994 | consumed_samples: 22182912 | global_batch_size: 1024 | global_step: 21662 | reduced_train_loss: 2.492
Training epoch 1, iteration 21663/715787 | lr: 0.0002994 | consumed_samples: 22183936 | global_batch_size: 1024 | global_step: 21663 | reduced_train_loss: 2.487
Training epoch 1, iteration 21664/715787 | lr: 0.0002994 | consumed_samples: 22184960 | global_batch_size: 1024 | global_step: 21664 | reduced_train_loss: 2.49
Training epoch 1, iteration 21665/715787 | lr: 0.0002994 | consumed_samples: 22185984 | global_batch_size: 1024 | global_step: 21665 | reduced_train_loss: 2.506
Training epoch 1, iteration 21666/715787 | lr: 0.0002994 | consumed_samples: 22187008 | global_batch_size: 1024 | global_step: 21666 | reduced_train_loss: 2.506
Training epoch 1, iteration 21667/715787 | lr: 0.0002994 | consumed_samples: 22188032 | global_batch_size: 1024 | global_step: 21667 | reduced_train_loss: 2.494
Training epoch 1, iteration 21668/715787 | lr: 0.0002994 | consumed_samples: 22189056 | global_batch_size: 1024 | global_step: 21668 | reduced_train_loss: 2.499
Training epoch 1, iteration 21669/715787 | lr: 0.0002994 | consumed_samples: 22190080 | global_batch_size: 1024 | global_step: 21669 | reduced_train_loss: 2.499
Training epoch 1, iteration 21670/715787 | lr: 0.0002994 | consumed_samples: 22191104 | global_batch_size: 1024 | global_step: 21670 | reduced_train_loss: 2.511
Training epoch 1, iteration 21671/715787 | lr: 0.0002994 | consumed_samples: 22192128 | global_batch_size: 1024 | global_step: 21671 | reduced_train_loss: 2.498
Training epoch 1, iteration 21672/715787 | lr: 0.0002994 | consumed_samples: 22193152 | global_batch_size: 1024 | global_step: 21672 | reduced_train_loss: 2.499
Training epoch 1, iteration 21673/715787 | lr: 0.0002994 | consumed_samples: 22194176 | global_batch_size: 1024 | global_step: 21673 | reduced_train_loss: 2.508
Training epoch 1, iteration 21674/715787 | lr: 0.0002994 | consumed_samples: 22195200 | global_batch_size: 1024 | global_step: 21674 | reduced_train_loss: 2.495
Training epoch 1, iteration 21675/715787 | lr: 0.0002994 | consumed_samples: 22196224 | global_batch_size: 1024 | global_step: 21675 | reduced_train_loss: 2.528
Training epoch 1, iteration 21676/715787 | lr: 0.0002994 | consumed_samples: 22197248 | global_batch_size: 1024 | global_step: 21676 | reduced_train_loss: 2.517
Training epoch 1, iteration 21677/715787 | lr: 0.0002994 | consumed_samples: 22198272 | global_batch_size: 1024 | global_step: 21677 | reduced_train_loss: 2.504
Training epoch 1, iteration 21678/715787 | lr: 0.0002994 | consumed_samples: 22199296 | global_batch_size: 1024 | global_step: 21678 | reduced_train_loss: 2.502
Training epoch 1, iteration 21679/715787 | lr: 0.0002994 | consumed_samples: 22200320 | global_batch_size: 1024 | global_step: 21679 | reduced_train_loss: 2.516
Training epoch 1, iteration 21680/715787 | lr: 0.0002994 | consumed_samples: 22201344 | global_batch_size: 1024 | global_step: 21680 | reduced_train_loss: 2.511
Training epoch 1, iteration 21681/715787 | lr: 0.0002994 | consumed_samples: 22202368 | global_batch_size: 1024 | global_step: 21681 | reduced_train_loss: 2.516
Training epoch 1, iteration 21682/715787 | lr: 0.0002994 | consumed_samples: 22203392 | global_batch_size: 1024 | global_step: 21682 | reduced_train_loss: 2.505
Training epoch 1, iteration 21683/715787 | lr: 0.0002994 | consumed_samples: 22204416 | global_batch_size: 1024 | global_step: 21683 | reduced_train_loss: 2.505
Training epoch 1, iteration 21684/715787 | lr: 0.0002994 | consumed_samples: 22205440 | global_batch_size: 1024 | global_step: 21684 | reduced_train_loss: 2.502
Training epoch 1, iteration 21685/715787 | lr: 0.0002994 | consumed_samples: 22206464 | global_batch_size: 1024 | global_step: 21685 | reduced_train_loss: 2.49
Training epoch 1, iteration 21686/715787 | lr: 0.0002994 | consumed_samples: 22207488 | global_batch_size: 1024 | global_step: 21686 | reduced_train_loss: 2.503
Training epoch 1, iteration 21687/715787 | lr: 0.0002994 | consumed_samples: 22208512 | global_batch_size: 1024 | global_step: 21687 | reduced_train_loss: 2.506
Training epoch 1, iteration 21688/715787 | lr: 0.0002994 | consumed_samples: 22209536 | global_batch_size: 1024 | global_step: 21688 | reduced_train_loss: 2.508
Training epoch 1, iteration 21689/715787 | lr: 0.0002994 | consumed_samples: 22210560 | global_batch_size: 1024 | global_step: 21689 | reduced_train_loss: 2.499
Training epoch 1, iteration 21690/715787 | lr: 0.0002994 | consumed_samples: 22211584 | global_batch_size: 1024 | global_step: 21690 | reduced_train_loss: 2.505
Training epoch 1, iteration 21691/715787 | lr: 0.0002994 | consumed_samples: 22212608 | global_batch_size: 1024 | global_step: 21691 | reduced_train_loss: 2.497
Training epoch 1, iteration 21692/715787 | lr: 0.0002994 | consumed_samples: 22213632 | global_batch_size: 1024 | global_step: 21692 | reduced_train_loss: 2.511
Training epoch 1, iteration 21693/715787 | lr: 0.0002994 | consumed_samples: 22214656 | global_batch_size: 1024 | global_step: 21693 | reduced_train_loss: 2.509
Training epoch 1, iteration 21694/715787 | lr: 0.0002994 | consumed_samples: 22215680 | global_batch_size: 1024 | global_step: 21694 | reduced_train_loss: 2.48
Training epoch 1, iteration 21695/715787 | lr: 0.0002994 | consumed_samples: 22216704 | global_batch_size: 1024 | global_step: 21695 | reduced_train_loss: 2.489
Training epoch 1, iteration 21696/715787 | lr: 0.0002994 | consumed_samples: 22217728 | global_batch_size: 1024 | global_step: 21696 | reduced_train_loss: 2.485
Training epoch 1, iteration 21697/715787 | lr: 0.0002994 | consumed_samples: 22218752 | global_batch_size: 1024 | global_step: 21697 | reduced_train_loss: 2.489
Training epoch 1, iteration 21698/715787 | lr: 0.0002994 | consumed_samples: 22219776 | global_batch_size: 1024 | global_step: 21698 | reduced_train_loss: 2.504
[NeMo I 2026-03-29 15:21:53 nemo_logging:393] Running garbage collection at train global_step: 21700
Training epoch 1, iteration 21699/715787 | lr: 0.0002994 | consumed_samples: 22220800 | global_batch_size: 1024 | global_step: 21699 | reduced_train_loss: 2.523
Training epoch 1, iteration 21700/715787 | lr: 0.0002994 | consumed_samples: 22221824 | global_batch_size: 1024 | global_step: 21700 | reduced_train_loss: 2.488
Training epoch 1, iteration 21701/715787 | lr: 0.0002994 | consumed_samples: 22222848 | global_batch_size: 1024 | global_step: 21701 | reduced_train_loss: 2.517
Training epoch 1, iteration 21702/715787 | lr: 0.0002994 | consumed_samples: 22223872 | global_batch_size: 1024 | global_step: 21702 | reduced_train_loss: 2.516
Training epoch 1, iteration 21703/715787 | lr: 0.0002994 | consumed_samples: 22224896 | global_batch_size: 1024 | global_step: 21703 | reduced_train_loss: 2.501
Training epoch 1, iteration 21704/715787 | lr: 0.0002994 | consumed_samples: 22225920 | global_batch_size: 1024 | global_step: 21704 | reduced_train_loss: 2.506
Training epoch 1, iteration 21705/715787 | lr: 0.0002994 | consumed_samples: 22226944 | global_batch_size: 1024 | global_step: 21705 | reduced_train_loss: 2.503
Training epoch 1, iteration 21706/715787 | lr: 0.0002994 | consumed_samples: 22227968 | global_batch_size: 1024 | global_step: 21706 | reduced_train_loss: 2.5
Training epoch 1, iteration 21707/715787 | lr: 0.0002994 | consumed_samples: 22228992 | global_batch_size: 1024 | global_step: 21707 | reduced_train_loss: 2.495
Training epoch 1, iteration 21708/715787 | lr: 0.0002994 | consumed_samples: 22230016 | global_batch_size: 1024 | global_step: 21708 | reduced_train_loss: 2.502
Training epoch 1, iteration 21709/715787 | lr: 0.0002994 | consumed_samples: 22231040 | global_batch_size: 1024 | global_step: 21709 | reduced_train_loss: 2.476
Training epoch 1, iteration 21710/715787 | lr: 0.0002994 | consumed_samples: 22232064 | global_batch_size: 1024 | global_step: 21710 | reduced_train_loss: 2.501
Training epoch 1, iteration 21711/715787 | lr: 0.0002994 | consumed_samples: 22233088 | global_batch_size: 1024 | global_step: 21711 | reduced_train_loss: 2.485
Training epoch 1, iteration 21712/715787 | lr: 0.0002994 | consumed_samples: 22234112 | global_batch_size: 1024 | global_step: 21712 | reduced_train_loss: 2.511
Training epoch 1, iteration 21713/715787 | lr: 0.0002994 | consumed_samples: 22235136 | global_batch_size: 1024 | global_step: 21713 | reduced_train_loss: 2.482
Training epoch 1, iteration 21714/715787 | lr: 0.0002994 | consumed_samples: 22236160 | global_batch_size: 1024 | global_step: 21714 | reduced_train_loss: 2.498
Training epoch 1, iteration 21715/715787 | lr: 0.0002994 | consumed_samples: 22237184 | global_batch_size: 1024 | global_step: 21715 | reduced_train_loss: 2.49
Training epoch 1, iteration 21716/715787 | lr: 0.0002994 | consumed_samples: 22238208 | global_batch_size: 1024 | global_step: 21716 | reduced_train_loss: 2.5
Training epoch 1, iteration 21717/715787 | lr: 0.0002994 | consumed_samples: 22239232 | global_batch_size: 1024 | global_step: 21717 | reduced_train_loss: 2.51
Training epoch 1, iteration 21718/715787 | lr: 0.0002994 | consumed_samples: 22240256 | global_batch_size: 1024 | global_step: 21718 | reduced_train_loss: 2.515
Training epoch 1, iteration 21719/715787 | lr: 0.0002994 | consumed_samples: 22241280 | global_batch_size: 1024 | global_step: 21719 | reduced_train_loss: 2.509
Training epoch 1, iteration 21720/715787 | lr: 0.0002994 | consumed_samples: 22242304 | global_batch_size: 1024 | global_step: 21720 | reduced_train_loss: 2.509
Training epoch 1, iteration 21721/715787 | lr: 0.0002994 | consumed_samples: 22243328 | global_batch_size: 1024 | global_step: 21721 | reduced_train_loss: 2.515
Training epoch 1, iteration 21722/715787 | lr: 0.0002994 | consumed_samples: 22244352 | global_batch_size: 1024 | global_step: 21722 | reduced_train_loss: 2.499
Training epoch 1, iteration 21723/715787 | lr: 0.0002994 | consumed_samples: 22245376 | global_batch_size: 1024 | global_step: 21723 | reduced_train_loss: 2.482
Training epoch 1, iteration 21724/715787 | lr: 0.0002994 | consumed_samples: 22246400 | global_batch_size: 1024 | global_step: 21724 | reduced_train_loss: 2.48
Training epoch 1, iteration 21725/715787 | lr: 0.0002994 | consumed_samples: 22247424 | global_batch_size: 1024 | global_step: 21725 | reduced_train_loss: 2.511
Training epoch 1, iteration 21726/715787 | lr: 0.0002994 | consumed_samples: 22248448 | global_batch_size: 1024 | global_step: 21726 | reduced_train_loss: 2.489
Training epoch 1, iteration 21727/715787 | lr: 0.0002994 | consumed_samples: 22249472 | global_batch_size: 1024 | global_step: 21727 | reduced_train_loss: 2.51
Training epoch 1, iteration 21728/715787 | lr: 0.0002994 | consumed_samples: 22250496 | global_batch_size: 1024 | global_step: 21728 | reduced_train_loss: 2.517
Training epoch 1, iteration 21729/715787 | lr: 0.0002994 | consumed_samples: 22251520 | global_batch_size: 1024 | global_step: 21729 | reduced_train_loss: 2.504
Training epoch 1, iteration 21730/715787 | lr: 0.0002994 | consumed_samples: 22252544 | global_batch_size: 1024 | global_step: 21730 | reduced_train_loss: 2.512
Training epoch 1, iteration 21731/715787 | lr: 0.0002994 | consumed_samples: 22253568 | global_batch_size: 1024 | global_step: 21731 | reduced_train_loss: 2.479
Training epoch 1, iteration 21732/715787 | lr: 0.0002994 | consumed_samples: 22254592 | global_batch_size: 1024 | global_step: 21732 | reduced_train_loss: 2.504
Training epoch 1, iteration 21733/715787 | lr: 0.0002994 | consumed_samples: 22255616 | global_batch_size: 1024 | global_step: 21733 | reduced_train_loss: 2.524
Training epoch 1, iteration 21734/715787 | lr: 0.0002994 | consumed_samples: 22256640 | global_batch_size: 1024 | global_step: 21734 | reduced_train_loss: 2.502
Training epoch 1, iteration 21735/715787 | lr: 0.0002994 | consumed_samples: 22257664 | global_batch_size: 1024 | global_step: 21735 | reduced_train_loss: 2.506
Training epoch 1, iteration 21736/715787 | lr: 0.0002994 | consumed_samples: 22258688 | global_batch_size: 1024 | global_step: 21736 | reduced_train_loss: 2.496
Training epoch 1, iteration 21737/715787 | lr: 0.0002994 | consumed_samples: 22259712 | global_batch_size: 1024 | global_step: 21737 | reduced_train_loss: 2.494
Training epoch 1, iteration 21738/715787 | lr: 0.0002994 | consumed_samples: 22260736 | global_batch_size: 1024 | global_step: 21738 | reduced_train_loss: 2.506
Training epoch 1, iteration 21739/715787 | lr: 0.0002994 | consumed_samples: 22261760 | global_batch_size: 1024 | global_step: 21739 | reduced_train_loss: 2.485
Training epoch 1, iteration 21740/715787 | lr: 0.0002994 | consumed_samples: 22262784 | global_batch_size: 1024 | global_step: 21740 | reduced_train_loss: 2.483
Training epoch 1, iteration 21741/715787 | lr: 0.0002994 | consumed_samples: 22263808 | global_batch_size: 1024 | global_step: 21741 | reduced_train_loss: 2.504
Training epoch 1, iteration 21742/715787 | lr: 0.0002994 | consumed_samples: 22264832 | global_batch_size: 1024 | global_step: 21742 | reduced_train_loss: 2.524
Training epoch 1, iteration 21743/715787 | lr: 0.0002994 | consumed_samples: 22265856 | global_batch_size: 1024 | global_step: 21743 | reduced_train_loss: 2.488
Training epoch 1, iteration 21744/715787 | lr: 0.0002994 | consumed_samples: 22266880 | global_batch_size: 1024 | global_step: 21744 | reduced_train_loss: 2.499
Training epoch 1, iteration 21745/715787 | lr: 0.0002994 | consumed_samples: 22267904 | global_batch_size: 1024 | global_step: 21745 | reduced_train_loss: 2.5
Training epoch 1, iteration 21746/715787 | lr: 0.0002994 | consumed_samples: 22268928 | global_batch_size: 1024 | global_step: 21746 | reduced_train_loss: 2.493
Training epoch 1, iteration 21747/715787 | lr: 0.0002994 | consumed_samples: 22269952 | global_batch_size: 1024 | global_step: 21747 | reduced_train_loss: 2.51
Training epoch 1, iteration 21748/715787 | lr: 0.0002994 | consumed_samples: 22270976 | global_batch_size: 1024 | global_step: 21748 | reduced_train_loss: 2.513
Training epoch 1, iteration 21749/715787 | lr: 0.0002994 | consumed_samples: 22272000 | global_batch_size: 1024 | global_step: 21749 | reduced_train_loss: 2.491
Training epoch 1, iteration 21750/715787 | lr: 0.0002994 | consumed_samples: 22273024 | global_batch_size: 1024 | global_step: 21750 | reduced_train_loss: 2.507
Training epoch 1, iteration 21751/715787 | lr: 0.0002994 | consumed_samples: 22274048 | global_batch_size: 1024 | global_step: 21751 | reduced_train_loss: 2.481
Training epoch 1, iteration 21752/715787 | lr: 0.0002994 | consumed_samples: 22275072 | global_batch_size: 1024 | global_step: 21752 | reduced_train_loss: 2.506
Training epoch 1, iteration 21753/715787 | lr: 0.0002994 | consumed_samples: 22276096 | global_batch_size: 1024 | global_step: 21753 | reduced_train_loss: 2.523
Training epoch 1, iteration 21754/715787 | lr: 0.0002994 | consumed_samples: 22277120 | global_batch_size: 1024 | global_step: 21754 | reduced_train_loss: 2.509
Training epoch 1, iteration 21755/715787 | lr: 0.0002994 | consumed_samples: 22278144 | global_batch_size: 1024 | global_step: 21755 | reduced_train_loss: 2.482
Training epoch 1, iteration 21756/715787 | lr: 0.0002994 | consumed_samples: 22279168 | global_batch_size: 1024 | global_step: 21756 | reduced_train_loss: 2.514
Training epoch 1, iteration 21757/715787 | lr: 0.0002994 | consumed_samples: 22280192 | global_batch_size: 1024 | global_step: 21757 | reduced_train_loss: 2.505
Training epoch 1, iteration 21758/715787 | lr: 0.0002994 | consumed_samples: 22281216 | global_batch_size: 1024 | global_step: 21758 | reduced_train_loss: 2.525
Training epoch 1, iteration 21759/715787 | lr: 0.0002994 | consumed_samples: 22282240 | global_batch_size: 1024 | global_step: 21759 | reduced_train_loss: 2.494
Training epoch 1, iteration 21760/715787 | lr: 0.0002994 | consumed_samples: 22283264 | global_batch_size: 1024 | global_step: 21760 | reduced_train_loss: 2.516
Training epoch 1, iteration 21761/715787 | lr: 0.0002994 | consumed_samples: 22284288 | global_batch_size: 1024 | global_step: 21761 | reduced_train_loss: 2.511
Training epoch 1, iteration 21762/715787 | lr: 0.0002994 | consumed_samples: 22285312 | global_batch_size: 1024 | global_step: 21762 | reduced_train_loss: 2.514
Training epoch 1, iteration 21763/715787 | lr: 0.0002994 | consumed_samples: 22286336 | global_batch_size: 1024 | global_step: 21763 | reduced_train_loss: 2.508
Training epoch 1, iteration 21764/715787 | lr: 0.0002994 | consumed_samples: 22287360 | global_batch_size: 1024 | global_step: 21764 | reduced_train_loss: 2.508
Training epoch 1, iteration 21765/715787 | lr: 0.0002994 | consumed_samples: 22288384 | global_batch_size: 1024 | global_step: 21765 | reduced_train_loss: 2.508
Training epoch 1, iteration 21766/715787 | lr: 0.0002994 | consumed_samples: 22289408 | global_batch_size: 1024 | global_step: 21766 | reduced_train_loss: 2.497
Training epoch 1, iteration 21767/715787 | lr: 0.0002994 | consumed_samples: 22290432 | global_batch_size: 1024 | global_step: 21767 | reduced_train_loss: 2.498
Training epoch 1, iteration 21768/715787 | lr: 0.0002994 | consumed_samples: 22291456 | global_batch_size: 1024 | global_step: 21768 | reduced_train_loss: 2.498
Training epoch 1, iteration 21769/715787 | lr: 0.0002994 | consumed_samples: 22292480 | global_batch_size: 1024 | global_step: 21769 | reduced_train_loss: 2.495
Training epoch 1, iteration 21770/715787 | lr: 0.0002994 | consumed_samples: 22293504 | global_batch_size: 1024 | global_step: 21770 | reduced_train_loss: 2.495
Training epoch 1, iteration 21771/715787 | lr: 0.0002994 | consumed_samples: 22294528 | global_batch_size: 1024 | global_step: 21771 | reduced_train_loss: 2.514
Training epoch 1, iteration 21772/715787 | lr: 0.0002994 | consumed_samples: 22295552 | global_batch_size: 1024 | global_step: 21772 | reduced_train_loss: 2.515
Training epoch 1, iteration 21773/715787 | lr: 0.0002994 | consumed_samples: 22296576 | global_batch_size: 1024 | global_step: 21773 | reduced_train_loss: 2.519
Training epoch 1, iteration 21774/715787 | lr: 0.0002994 | consumed_samples: 22297600 | global_batch_size: 1024 | global_step: 21774 | reduced_train_loss: 2.486
Training epoch 1, iteration 21775/715787 | lr: 0.0002994 | consumed_samples: 22298624 | global_batch_size: 1024 | global_step: 21775 | reduced_train_loss: 2.486
Training epoch 1, iteration 21776/715787 | lr: 0.0002994 | consumed_samples: 22299648 | global_batch_size: 1024 | global_step: 21776 | reduced_train_loss: 2.508
Training epoch 1, iteration 21777/715787 | lr: 0.0002994 | consumed_samples: 22300672 | global_batch_size: 1024 | global_step: 21777 | reduced_train_loss: 2.501
Training epoch 1, iteration 21778/715787 | lr: 0.0002994 | consumed_samples: 22301696 | global_batch_size: 1024 | global_step: 21778 | reduced_train_loss: 2.49
Training epoch 1, iteration 21779/715787 | lr: 0.0002994 | consumed_samples: 22302720 | global_batch_size: 1024 | global_step: 21779 | reduced_train_loss: 2.494
Training epoch 1, iteration 21780/715787 | lr: 0.0002994 | consumed_samples: 22303744 | global_batch_size: 1024 | global_step: 21780 | reduced_train_loss: 2.499
Training epoch 1, iteration 21781/715787 | lr: 0.0002994 | consumed_samples: 22304768 | global_batch_size: 1024 | global_step: 21781 | reduced_train_loss: 2.491
Training epoch 1, iteration 21782/715787 | lr: 0.0002994 | consumed_samples: 22305792 | global_batch_size: 1024 | global_step: 21782 | reduced_train_loss: 2.531
Training epoch 1, iteration 21783/715787 | lr: 0.0002994 | consumed_samples: 22306816 | global_batch_size: 1024 | global_step: 21783 | reduced_train_loss: 2.486
Training epoch 1, iteration 21784/715787 | lr: 0.0002994 | consumed_samples: 22307840 | global_batch_size: 1024 | global_step: 21784 | reduced_train_loss: 2.491
Training epoch 1, iteration 21785/715787 | lr: 0.0002994 | consumed_samples: 22308864 | global_batch_size: 1024 | global_step: 21785 | reduced_train_loss: 2.501
Training epoch 1, iteration 21786/715787 | lr: 0.0002994 | consumed_samples: 22309888 | global_batch_size: 1024 | global_step: 21786 | reduced_train_loss: 2.493
Training epoch 1, iteration 21787/715787 | lr: 0.0002994 | consumed_samples: 22310912 | global_batch_size: 1024 | global_step: 21787 | reduced_train_loss: 2.495
Training epoch 1, iteration 21788/715787 | lr: 0.0002994 | consumed_samples: 22311936 | global_batch_size: 1024 | global_step: 21788 | reduced_train_loss: 2.491
Training epoch 1, iteration 21789/715787 | lr: 0.0002994 | consumed_samples: 22312960 | global_batch_size: 1024 | global_step: 21789 | reduced_train_loss: 2.516
Training epoch 1, iteration 21790/715787 | lr: 0.0002994 | consumed_samples: 22313984 | global_batch_size: 1024 | global_step: 21790 | reduced_train_loss: 2.507
Training epoch 1, iteration 21791/715787 | lr: 0.0002994 | consumed_samples: 22315008 | global_batch_size: 1024 | global_step: 21791 | reduced_train_loss: 2.529
Training epoch 1, iteration 21792/715787 | lr: 0.0002994 | consumed_samples: 22316032 | global_batch_size: 1024 | global_step: 21792 | reduced_train_loss: 2.487
Training epoch 1, iteration 21793/715787 | lr: 0.0002994 | consumed_samples: 22317056 | global_batch_size: 1024 | global_step: 21793 | reduced_train_loss: 2.508
Training epoch 1, iteration 21794/715787 | lr: 0.0002994 | consumed_samples: 22318080 | global_batch_size: 1024 | global_step: 21794 | reduced_train_loss: 2.495
Training epoch 1, iteration 21795/715787 | lr: 0.0002994 | consumed_samples: 22319104 | global_batch_size: 1024 | global_step: 21795 | reduced_train_loss: 2.509
Training epoch 1, iteration 21796/715787 | lr: 0.0002994 | consumed_samples: 22320128 | global_batch_size: 1024 | global_step: 21796 | reduced_train_loss: 2.492
Training epoch 1, iteration 21797/715787 | lr: 0.0002994 | consumed_samples: 22321152 | global_batch_size: 1024 | global_step: 21797 | reduced_train_loss: 2.507
Training epoch 1, iteration 21798/715787 | lr: 0.0002994 | consumed_samples: 22322176 | global_batch_size: 1024 | global_step: 21798 | reduced_train_loss: 2.503
[NeMo I 2026-03-29 15:41:43 nemo_logging:393] Running garbage collection at train global_step: 21800
Training epoch 1, iteration 21799/715787 | lr: 0.0002994 | consumed_samples: 22323200 | global_batch_size: 1024 | global_step: 21799 | reduced_train_loss: 2.51
Training epoch 1, iteration 21800/715787 | lr: 0.0002994 | consumed_samples: 22324224 | global_batch_size: 1024 | global_step: 21800 | reduced_train_loss: 2.493
Training epoch 1, iteration 21801/715787 | lr: 0.0002994 | consumed_samples: 22325248 | global_batch_size: 1024 | global_step: 21801 | reduced_train_loss: 2.516
Training epoch 1, iteration 21802/715787 | lr: 0.0002994 | consumed_samples: 22326272 | global_batch_size: 1024 | global_step: 21802 | reduced_train_loss: 2.506
Training epoch 1, iteration 21803/715787 | lr: 0.0002994 | consumed_samples: 22327296 | global_batch_size: 1024 | global_step: 21803 | reduced_train_loss: 2.497
Training epoch 1, iteration 21804/715787 | lr: 0.0002994 | consumed_samples: 22328320 | global_batch_size: 1024 | global_step: 21804 | reduced_train_loss: 2.478
Training epoch 1, iteration 21805/715787 | lr: 0.0002994 | consumed_samples: 22329344 | global_batch_size: 1024 | global_step: 21805 | reduced_train_loss: 2.488
Training epoch 1, iteration 21806/715787 | lr: 0.0002994 | consumed_samples: 22330368 | global_batch_size: 1024 | global_step: 21806 | reduced_train_loss: 2.512
Training epoch 1, iteration 21807/715787 | lr: 0.0002994 | consumed_samples: 22331392 | global_batch_size: 1024 | global_step: 21807 | reduced_train_loss: 2.512
Training epoch 1, iteration 21808/715787 | lr: 0.0002994 | consumed_samples: 22332416 | global_batch_size: 1024 | global_step: 21808 | reduced_train_loss: 2.518
Training epoch 1, iteration 21809/715787 | lr: 0.0002994 | consumed_samples: 22333440 | global_batch_size: 1024 | global_step: 21809 | reduced_train_loss: 2.504
Training epoch 1, iteration 21810/715787 | lr: 0.0002994 | consumed_samples: 22334464 | global_batch_size: 1024 | global_step: 21810 | reduced_train_loss: 2.5
Training epoch 1, iteration 21811/715787 | lr: 0.0002994 | consumed_samples: 22335488 | global_batch_size: 1024 | global_step: 21811 | reduced_train_loss: 2.503
Training epoch 1, iteration 21812/715787 | lr: 0.0002994 | consumed_samples: 22336512 | global_batch_size: 1024 | global_step: 21812 | reduced_train_loss: 2.51
Training epoch 1, iteration 21813/715787 | lr: 0.0002994 | consumed_samples: 22337536 | global_batch_size: 1024 | global_step: 21813 | reduced_train_loss: 2.5
Training epoch 1, iteration 21814/715787 | lr: 0.0002994 | consumed_samples: 22338560 | global_batch_size: 1024 | global_step: 21814 | reduced_train_loss: 2.512
Training epoch 1, iteration 21815/715787 | lr: 0.0002994 | consumed_samples: 22339584 | global_batch_size: 1024 | global_step: 21815 | reduced_train_loss: 2.505
Training epoch 1, iteration 21816/715787 | lr: 0.0002994 | consumed_samples: 22340608 | global_batch_size: 1024 | global_step: 21816 | reduced_train_loss: 2.507
Training epoch 1, iteration 21817/715787 | lr: 0.0002994 | consumed_samples: 22341632 | global_batch_size: 1024 | global_step: 21817 | reduced_train_loss: 2.514
Training epoch 1, iteration 21818/715787 | lr: 0.0002994 | consumed_samples: 22342656 | global_batch_size: 1024 | global_step: 21818 | reduced_train_loss: 2.496
Training epoch 1, iteration 21819/715787 | lr: 0.0002994 | consumed_samples: 22343680 | global_batch_size: 1024 | global_step: 21819 | reduced_train_loss: 2.494
Training epoch 1, iteration 21820/715787 | lr: 0.0002994 | consumed_samples: 22344704 | global_batch_size: 1024 | global_step: 21820 | reduced_train_loss: 2.497
Training epoch 1, iteration 21821/715787 | lr: 0.0002994 | consumed_samples: 22345728 | global_batch_size: 1024 | global_step: 21821 | reduced_train_loss: 2.508
Training epoch 1, iteration 21822/715787 | lr: 0.0002994 | consumed_samples: 22346752 | global_batch_size: 1024 | global_step: 21822 | reduced_train_loss: 2.485
Training epoch 1, iteration 21823/715787 | lr: 0.0002994 | consumed_samples: 22347776 | global_batch_size: 1024 | global_step: 21823 | reduced_train_loss: 2.522
Training epoch 1, iteration 21824/715787 | lr: 0.0002994 | consumed_samples: 22348800 | global_batch_size: 1024 | global_step: 21824 | reduced_train_loss: 2.5
Training epoch 1, iteration 21825/715787 | lr: 0.0002994 | consumed_samples: 22349824 | global_batch_size: 1024 | global_step: 21825 | reduced_train_loss: 2.499
Training epoch 1, iteration 21826/715787 | lr: 0.0002994 | consumed_samples: 22350848 | global_batch_size: 1024 | global_step: 21826 | reduced_train_loss: 2.505
Training epoch 1, iteration 21827/715787 | lr: 0.0002994 | consumed_samples: 22351872 | global_batch_size: 1024 | global_step: 21827 | reduced_train_loss: 2.499
Training epoch 1, iteration 21828/715787 | lr: 0.0002994 | consumed_samples: 22352896 | global_batch_size: 1024 | global_step: 21828 | reduced_train_loss: 2.488
Training epoch 1, iteration 21829/715787 | lr: 0.0002994 | consumed_samples: 22353920 | global_batch_size: 1024 | global_step: 21829 | reduced_train_loss: 2.504
Training epoch 1, iteration 21830/715787 | lr: 0.0002994 | consumed_samples: 22354944 | global_batch_size: 1024 | global_step: 21830 | reduced_train_loss: 2.476
Training epoch 1, iteration 21831/715787 | lr: 0.0002994 | consumed_samples: 22355968 | global_batch_size: 1024 | global_step: 21831 | reduced_train_loss: 2.508
Training epoch 1, iteration 21832/715787 | lr: 0.0002994 | consumed_samples: 22356992 | global_batch_size: 1024 | global_step: 21832 | reduced_train_loss: 2.491
Training epoch 1, iteration 21833/715787 | lr: 0.0002994 | consumed_samples: 22358016 | global_batch_size: 1024 | global_step: 21833 | reduced_train_loss: 2.523
Training epoch 1, iteration 21834/715787 | lr: 0.0002994 | consumed_samples: 22359040 | global_batch_size: 1024 | global_step: 21834 | reduced_train_loss: 2.508
Training epoch 1, iteration 21835/715787 | lr: 0.0002994 | consumed_samples: 22360064 | global_batch_size: 1024 | global_step: 21835 | reduced_train_loss: 2.528
Training epoch 1, iteration 21836/715787 | lr: 0.0002994 | consumed_samples: 22361088 | global_batch_size: 1024 | global_step: 21836 | reduced_train_loss: 2.485
Training epoch 1, iteration 21837/715787 | lr: 0.0002994 | consumed_samples: 22362112 | global_batch_size: 1024 | global_step: 21837 | reduced_train_loss: 2.517
Training epoch 1, iteration 21838/715787 | lr: 0.0002994 | consumed_samples: 22363136 | global_batch_size: 1024 | global_step: 21838 | reduced_train_loss: 2.506
Training epoch 1, iteration 21839/715787 | lr: 0.0002994 | consumed_samples: 22364160 | global_batch_size: 1024 | global_step: 21839 | reduced_train_loss: 2.494
Training epoch 1, iteration 21840/715787 | lr: 0.0002994 | consumed_samples: 22365184 | global_batch_size: 1024 | global_step: 21840 | reduced_train_loss: 2.506
Training epoch 1, iteration 21841/715787 | lr: 0.0002994 | consumed_samples: 22366208 | global_batch_size: 1024 | global_step: 21841 | reduced_train_loss: 2.513
Training epoch 1, iteration 21842/715787 | lr: 0.0002994 | consumed_samples: 22367232 | global_batch_size: 1024 | global_step: 21842 | reduced_train_loss: 2.493
Training epoch 1, iteration 21843/715787 | lr: 0.0002994 | consumed_samples: 22368256 | global_batch_size: 1024 | global_step: 21843 | reduced_train_loss: 2.508
Training epoch 1, iteration 21844/715787 | lr: 0.0002994 | consumed_samples: 22369280 | global_batch_size: 1024 | global_step: 21844 | reduced_train_loss: 2.516
Training epoch 1, iteration 21845/715787 | lr: 0.0002994 | consumed_samples: 22370304 | global_batch_size: 1024 | global_step: 21845 | reduced_train_loss: 2.494
Training epoch 1, iteration 21846/715787 | lr: 0.0002994 | consumed_samples: 22371328 | global_batch_size: 1024 | global_step: 21846 | reduced_train_loss: 2.477
Training epoch 1, iteration 21847/715787 | lr: 0.0002994 | consumed_samples: 22372352 | global_batch_size: 1024 | global_step: 21847 | reduced_train_loss: 2.512
Training epoch 1, iteration 21848/715787 | lr: 0.0002994 | consumed_samples: 22373376 | global_batch_size: 1024 | global_step: 21848 | reduced_train_loss: 2.494
Training epoch 1, iteration 21849/715787 | lr: 0.0002994 | consumed_samples: 22374400 | global_batch_size: 1024 | global_step: 21849 | reduced_train_loss: 2.494
Training epoch 1, iteration 21850/715787 | lr: 0.0002994 | consumed_samples: 22375424 | global_batch_size: 1024 | global_step: 21850 | reduced_train_loss: 2.48
Training epoch 1, iteration 21851/715787 | lr: 0.0002994 | consumed_samples: 22376448 | global_batch_size: 1024 | global_step: 21851 | reduced_train_loss: 2.493
Training epoch 1, iteration 21852/715787 | lr: 0.0002994 | consumed_samples: 22377472 | global_batch_size: 1024 | global_step: 21852 | reduced_train_loss: 2.518
Training epoch 1, iteration 21853/715787 | lr: 0.0002994 | consumed_samples: 22378496 | global_batch_size: 1024 | global_step: 21853 | reduced_train_loss: 2.495
Training epoch 1, iteration 21854/715787 | lr: 0.0002994 | consumed_samples: 22379520 | global_batch_size: 1024 | global_step: 21854 | reduced_train_loss: 2.526
Training epoch 1, iteration 21855/715787 | lr: 0.0002994 | consumed_samples: 22380544 | global_batch_size: 1024 | global_step: 21855 | reduced_train_loss: 2.5
Training epoch 1, iteration 21856/715787 | lr: 0.0002994 | consumed_samples: 22381568 | global_batch_size: 1024 | global_step: 21856 | reduced_train_loss: 2.504
Training epoch 1, iteration 21857/715787 | lr: 0.0002994 | consumed_samples: 22382592 | global_batch_size: 1024 | global_step: 21857 | reduced_train_loss: 2.521
Training epoch 1, iteration 21858/715787 | lr: 0.0002994 | consumed_samples: 22383616 | global_batch_size: 1024 | global_step: 21858 | reduced_train_loss: 2.493
Training epoch 1, iteration 21859/715787 | lr: 0.0002994 | consumed_samples: 22384640 | global_batch_size: 1024 | global_step: 21859 | reduced_train_loss: 2.513
Training epoch 1, iteration 21860/715787 | lr: 0.0002994 | consumed_samples: 22385664 | global_batch_size: 1024 | global_step: 21860 | reduced_train_loss: 2.495
Training epoch 1, iteration 21861/715787 | lr: 0.0002994 | consumed_samples: 22386688 | global_batch_size: 1024 | global_step: 21861 | reduced_train_loss: 2.514
Training epoch 1, iteration 21862/715787 | lr: 0.0002994 | consumed_samples: 22387712 | global_batch_size: 1024 | global_step: 21862 | reduced_train_loss: 2.506
Training epoch 1, iteration 21863/715787 | lr: 0.0002994 | consumed_samples: 22388736 | global_batch_size: 1024 | global_step: 21863 | reduced_train_loss: 2.482
Training epoch 1, iteration 21864/715787 | lr: 0.0002994 | consumed_samples: 22389760 | global_batch_size: 1024 | global_step: 21864 | reduced_train_loss: 2.508
Training epoch 1, iteration 21865/715787 | lr: 0.0002994 | consumed_samples: 22390784 | global_batch_size: 1024 | global_step: 21865 | reduced_train_loss: 2.508
Training epoch 1, iteration 21866/715787 | lr: 0.0002994 | consumed_samples: 22391808 | global_batch_size: 1024 | global_step: 21866 | reduced_train_loss: 2.502
Training epoch 1, iteration 21867/715787 | lr: 0.0002994 | consumed_samples: 22392832 | global_batch_size: 1024 | global_step: 21867 | reduced_train_loss: 2.504
Training epoch 1, iteration 21868/715787 | lr: 0.0002994 | consumed_samples: 22393856 | global_batch_size: 1024 | global_step: 21868 | reduced_train_loss: 2.5
Training epoch 1, iteration 21869/715787 | lr: 0.0002994 | consumed_samples: 22394880 | global_batch_size: 1024 | global_step: 21869 | reduced_train_loss: 2.499
Training epoch 1, iteration 21870/715787 | lr: 0.0002994 | consumed_samples: 22395904 | global_batch_size: 1024 | global_step: 21870 | reduced_train_loss: 2.485
Training epoch 1, iteration 21871/715787 | lr: 0.0002994 | consumed_samples: 22396928 | global_batch_size: 1024 | global_step: 21871 | reduced_train_loss: 2.497
Training epoch 1, iteration 21872/715787 | lr: 0.0002994 | consumed_samples: 22397952 | global_batch_size: 1024 | global_step: 21872 | reduced_train_loss: 2.515
Training epoch 1, iteration 21873/715787 | lr: 0.0002994 | consumed_samples: 22398976 | global_batch_size: 1024 | global_step: 21873 | reduced_train_loss: 2.518
Training epoch 1, iteration 21874/715787 | lr: 0.0002994 | consumed_samples: 22400000 | global_batch_size: 1024 | global_step: 21874 | reduced_train_loss: 2.475
Training epoch 1, iteration 21875/715787 | lr: 0.0002994 | consumed_samples: 22401024 | global_batch_size: 1024 | global_step: 21875 | reduced_train_loss: 2.515
Training epoch 1, iteration 21876/715787 | lr: 0.0002994 | consumed_samples: 22402048 | global_batch_size: 1024 | global_step: 21876 | reduced_train_loss: 2.499
Training epoch 1, iteration 21877/715787 | lr: 0.0002994 | consumed_samples: 22403072 | global_batch_size: 1024 | global_step: 21877 | reduced_train_loss: 2.516
Training epoch 1, iteration 21878/715787 | lr: 0.0002994 | consumed_samples: 22404096 | global_batch_size: 1024 | global_step: 21878 | reduced_train_loss: 2.499
Training epoch 1, iteration 21879/715787 | lr: 0.0002994 | consumed_samples: 22405120 | global_batch_size: 1024 | global_step: 21879 | reduced_train_loss: 2.477
Training epoch 1, iteration 21880/715787 | lr: 0.0002994 | consumed_samples: 22406144 | global_batch_size: 1024 | global_step: 21880 | reduced_train_loss: 2.488
Training epoch 1, iteration 21881/715787 | lr: 0.0002994 | consumed_samples: 22407168 | global_batch_size: 1024 | global_step: 21881 | reduced_train_loss: 2.499
Training epoch 1, iteration 21882/715787 | lr: 0.0002994 | consumed_samples: 22408192 | global_batch_size: 1024 | global_step: 21882 | reduced_train_loss: 2.51
Training epoch 1, iteration 21883/715787 | lr: 0.0002994 | consumed_samples: 22409216 | global_batch_size: 1024 | global_step: 21883 | reduced_train_loss: 2.5
Training epoch 1, iteration 21884/715787 | lr: 0.0002994 | consumed_samples: 22410240 | global_batch_size: 1024 | global_step: 21884 | reduced_train_loss: 2.511
Training epoch 1, iteration 21885/715787 | lr: 0.0002994 | consumed_samples: 22411264 | global_batch_size: 1024 | global_step: 21885 | reduced_train_loss: 2.483
Training epoch 1, iteration 21886/715787 | lr: 0.0002994 | consumed_samples: 22412288 | global_batch_size: 1024 | global_step: 21886 | reduced_train_loss: 2.496
Training epoch 1, iteration 21887/715787 | lr: 0.0002994 | consumed_samples: 22413312 | global_batch_size: 1024 | global_step: 21887 | reduced_train_loss: 2.523
Training epoch 1, iteration 21888/715787 | lr: 0.0002994 | consumed_samples: 22414336 | global_batch_size: 1024 | global_step: 21888 | reduced_train_loss: 2.506
Training epoch 1, iteration 21889/715787 | lr: 0.0002994 | consumed_samples: 22415360 | global_batch_size: 1024 | global_step: 21889 | reduced_train_loss: 2.502
Training epoch 1, iteration 21890/715787 | lr: 0.0002994 | consumed_samples: 22416384 | global_batch_size: 1024 | global_step: 21890 | reduced_train_loss: 2.511
Training epoch 1, iteration 21891/715787 | lr: 0.0002994 | consumed_samples: 22417408 | global_batch_size: 1024 | global_step: 21891 | reduced_train_loss: 2.509
Training epoch 1, iteration 21892/715787 | lr: 0.0002994 | consumed_samples: 22418432 | global_batch_size: 1024 | global_step: 21892 | reduced_train_loss: 2.518
Training epoch 1, iteration 21893/715787 | lr: 0.0002994 | consumed_samples: 22419456 | global_batch_size: 1024 | global_step: 21893 | reduced_train_loss: 2.494
Training epoch 1, iteration 21894/715787 | lr: 0.0002994 | consumed_samples: 22420480 | global_batch_size: 1024 | global_step: 21894 | reduced_train_loss: 2.518
Training epoch 1, iteration 21895/715787 | lr: 0.0002994 | consumed_samples: 22421504 | global_batch_size: 1024 | global_step: 21895 | reduced_train_loss: 2.493
Training epoch 1, iteration 21896/715787 | lr: 0.0002994 | consumed_samples: 22422528 | global_batch_size: 1024 | global_step: 21896 | reduced_train_loss: 2.508
Training epoch 1, iteration 21897/715787 | lr: 0.0002994 | consumed_samples: 22423552 | global_batch_size: 1024 | global_step: 21897 | reduced_train_loss: 2.503
Training epoch 1, iteration 21898/715787 | lr: 0.0002994 | consumed_samples: 22424576 | global_batch_size: 1024 | global_step: 21898 | reduced_train_loss: 2.508
[NeMo I 2026-03-29 16:00:08 nemo_logging:393] Running garbage collection at train global_step: 21900
Training epoch 1, iteration 21899/715787 | lr: 0.0002994 | consumed_samples: 22425600 | global_batch_size: 1024 | global_step: 21899 | reduced_train_loss: 2.508
Training epoch 1, iteration 21900/715787 | lr: 0.0002994 | consumed_samples: 22426624 | global_batch_size: 1024 | global_step: 21900 | reduced_train_loss: 2.514
Training epoch 1, iteration 21901/715787 | lr: 0.0002994 | consumed_samples: 22427648 | global_batch_size: 1024 | global_step: 21901 | reduced_train_loss: 2.501
Training epoch 1, iteration 21902/715787 | lr: 0.0002994 | consumed_samples: 22428672 | global_batch_size: 1024 | global_step: 21902 | reduced_train_loss: 2.472
Training epoch 1, iteration 21903/715787 | lr: 0.0002994 | consumed_samples: 22429696 | global_batch_size: 1024 | global_step: 21903 | reduced_train_loss: 2.495
Training epoch 1, iteration 21904/715787 | lr: 0.0002994 | consumed_samples: 22430720 | global_batch_size: 1024 | global_step: 21904 | reduced_train_loss: 2.489
Training epoch 1, iteration 21905/715787 | lr: 0.0002994 | consumed_samples: 22431744 | global_batch_size: 1024 | global_step: 21905 | reduced_train_loss: 2.497
Training epoch 1, iteration 21906/715787 | lr: 0.0002994 | consumed_samples: 22432768 | global_batch_size: 1024 | global_step: 21906 | reduced_train_loss: 2.504
Training epoch 1, iteration 21907/715787 | lr: 0.0002994 | consumed_samples: 22433792 | global_batch_size: 1024 | global_step: 21907 | reduced_train_loss: 2.495
Training epoch 1, iteration 21908/715787 | lr: 0.0002994 | consumed_samples: 22434816 | global_batch_size: 1024 | global_step: 21908 | reduced_train_loss: 2.495
Training epoch 1, iteration 21909/715787 | lr: 0.0002994 | consumed_samples: 22435840 | global_batch_size: 1024 | global_step: 21909 | reduced_train_loss: 2.5
Training epoch 1, iteration 21910/715787 | lr: 0.0002994 | consumed_samples: 22436864 | global_batch_size: 1024 | global_step: 21910 | reduced_train_loss: 2.511
Training epoch 1, iteration 21911/715787 | lr: 0.0002994 | consumed_samples: 22437888 | global_batch_size: 1024 | global_step: 21911 | reduced_train_loss: 2.498
Training epoch 1, iteration 21912/715787 | lr: 0.0002994 | consumed_samples: 22438912 | global_batch_size: 1024 | global_step: 21912 | reduced_train_loss: 2.505
Training epoch 1, iteration 21913/715787 | lr: 0.0002994 | consumed_samples: 22439936 | global_batch_size: 1024 | global_step: 21913 | reduced_train_loss: 2.483
Training epoch 1, iteration 21914/715787 | lr: 0.0002994 | consumed_samples: 22440960 | global_batch_size: 1024 | global_step: 21914 | reduced_train_loss: 2.525
Training epoch 1, iteration 21915/715787 | lr: 0.0002994 | consumed_samples: 22441984 | global_batch_size: 1024 | global_step: 21915 | reduced_train_loss: 2.467
Training epoch 1, iteration 21916/715787 | lr: 0.0002994 | consumed_samples: 22443008 | global_batch_size: 1024 | global_step: 21916 | reduced_train_loss: 2.514
Training epoch 1, iteration 21917/715787 | lr: 0.0002994 | consumed_samples: 22444032 | global_batch_size: 1024 | global_step: 21917 | reduced_train_loss: 2.499
Training epoch 1, iteration 21918/715787 | lr: 0.0002994 | consumed_samples: 22445056 | global_batch_size: 1024 | global_step: 21918 | reduced_train_loss: 2.499
Training epoch 1, iteration 21919/715787 | lr: 0.0002994 | consumed_samples: 22446080 | global_batch_size: 1024 | global_step: 21919 | reduced_train_loss: 2.489
Training epoch 1, iteration 21920/715787 | lr: 0.0002994 | consumed_samples: 22447104 | global_batch_size: 1024 | global_step: 21920 | reduced_train_loss: 2.486
Training epoch 1, iteration 21921/715787 | lr: 0.0002994 | consumed_samples: 22448128 | global_batch_size: 1024 | global_step: 21921 | reduced_train_loss: 2.484
Training epoch 1, iteration 21922/715787 | lr: 0.0002994 | consumed_samples: 22449152 | global_batch_size: 1024 | global_step: 21922 | reduced_train_loss: 2.518
Training epoch 1, iteration 21923/715787 | lr: 0.0002994 | consumed_samples: 22450176 | global_batch_size: 1024 | global_step: 21923 | reduced_train_loss: 2.501
Training epoch 1, iteration 21924/715787 | lr: 0.0002994 | consumed_samples: 22451200 | global_batch_size: 1024 | global_step: 21924 | reduced_train_loss: 2.501
Training epoch 1, iteration 21925/715787 | lr: 0.0002994 | consumed_samples: 22452224 | global_batch_size: 1024 | global_step: 21925 | reduced_train_loss: 2.491
Training epoch 1, iteration 21926/715787 | lr: 0.0002994 | consumed_samples: 22453248 | global_batch_size: 1024 | global_step: 21926 | reduced_train_loss: 2.505
Training epoch 1, iteration 21927/715787 | lr: 0.0002994 | consumed_samples: 22454272 | global_batch_size: 1024 | global_step: 21927 | reduced_train_loss: 2.504
Training epoch 1, iteration 21928/715787 | lr: 0.0002994 | consumed_samples: 22455296 | global_batch_size: 1024 | global_step: 21928 | reduced_train_loss: 2.517
Training epoch 1, iteration 21929/715787 | lr: 0.0002994 | consumed_samples: 22456320 | global_batch_size: 1024 | global_step: 21929 | reduced_train_loss: 2.495
Training epoch 1, iteration 21930/715787 | lr: 0.0002994 | consumed_samples: 22457344 | global_batch_size: 1024 | global_step: 21930 | reduced_train_loss: 2.502
Training epoch 1, iteration 21931/715787 | lr: 0.0002994 | consumed_samples: 22458368 | global_batch_size: 1024 | global_step: 21931 | reduced_train_loss: 2.503
Training epoch 1, iteration 21932/715787 | lr: 0.0002994 | consumed_samples: 22459392 | global_batch_size: 1024 | global_step: 21932 | reduced_train_loss: 2.526
Training epoch 1, iteration 21933/715787 | lr: 0.0002994 | consumed_samples: 22460416 | global_batch_size: 1024 | global_step: 21933 | reduced_train_loss: 2.491
Training epoch 1, iteration 21934/715787 | lr: 0.0002994 | consumed_samples: 22461440 | global_batch_size: 1024 | global_step: 21934 | reduced_train_loss: 2.51
Training epoch 1, iteration 21935/715787 | lr: 0.0002994 | consumed_samples: 22462464 | global_batch_size: 1024 | global_step: 21935 | reduced_train_loss: 2.497
Training epoch 1, iteration 21936/715787 | lr: 0.0002994 | consumed_samples: 22463488 | global_batch_size: 1024 | global_step: 21936 | reduced_train_loss: 2.5
Training epoch 1, iteration 21937/715787 | lr: 0.0002994 | consumed_samples: 22464512 | global_batch_size: 1024 | global_step: 21937 | reduced_train_loss: 2.496
Training epoch 1, iteration 21938/715787 | lr: 0.0002994 | consumed_samples: 22465536 | global_batch_size: 1024 | global_step: 21938 | reduced_train_loss: 2.509
Training epoch 1, iteration 21939/715787 | lr: 0.0002994 | consumed_samples: 22466560 | global_batch_size: 1024 | global_step: 21939 | reduced_train_loss: 2.495
Training epoch 1, iteration 21940/715787 | lr: 0.0002994 | consumed_samples: 22467584 | global_batch_size: 1024 | global_step: 21940 | reduced_train_loss: 2.527
Training epoch 1, iteration 21941/715787 | lr: 0.0002994 | consumed_samples: 22468608 | global_batch_size: 1024 | global_step: 21941 | reduced_train_loss: 2.495
Training epoch 1, iteration 21942/715787 | lr: 0.0002994 | consumed_samples: 22469632 | global_batch_size: 1024 | global_step: 21942 | reduced_train_loss: 2.509
Training epoch 1, iteration 21943/715787 | lr: 0.0002994 | consumed_samples: 22470656 | global_batch_size: 1024 | global_step: 21943 | reduced_train_loss: 2.493
Training epoch 1, iteration 21944/715787 | lr: 0.0002994 | consumed_samples: 22471680 | global_batch_size: 1024 | global_step: 21944 | reduced_train_loss: 2.503
Training epoch 1, iteration 21945/715787 | lr: 0.0002994 | consumed_samples: 22472704 | global_batch_size: 1024 | global_step: 21945 | reduced_train_loss: 2.478
Training epoch 1, iteration 21946/715787 | lr: 0.0002994 | consumed_samples: 22473728 | global_batch_size: 1024 | global_step: 21946 | reduced_train_loss: 2.501
Training epoch 1, iteration 21947/715787 | lr: 0.0002994 | consumed_samples: 22474752 | global_batch_size: 1024 | global_step: 21947 | reduced_train_loss: 2.488
Training epoch 1, iteration 21948/715787 | lr: 0.0002994 | consumed_samples: 22475776 | global_batch_size: 1024 | global_step: 21948 | reduced_train_loss: 2.512
Training epoch 1, iteration 21949/715787 | lr: 0.0002994 | consumed_samples: 22476800 | global_batch_size: 1024 | global_step: 21949 | reduced_train_loss: 2.51
Training epoch 1, iteration 21950/715787 | lr: 0.0002994 | consumed_samples: 22477824 | global_batch_size: 1024 | global_step: 21950 | reduced_train_loss: 2.477
Training epoch 1, iteration 21951/715787 | lr: 0.0002994 | consumed_samples: 22478848 | global_batch_size: 1024 | global_step: 21951 | reduced_train_loss: 2.502
Training epoch 1, iteration 21952/715787 | lr: 0.0002994 | consumed_samples: 22479872 | global_batch_size: 1024 | global_step: 21952 | reduced_train_loss: 2.495
Training epoch 1, iteration 21953/715787 | lr: 0.0002994 | consumed_samples: 22480896 | global_batch_size: 1024 | global_step: 21953 | reduced_train_loss: 2.501
Training epoch 1, iteration 21954/715787 | lr: 0.0002994 | consumed_samples: 22481920 | global_batch_size: 1024 | global_step: 21954 | reduced_train_loss: 2.48
Training epoch 1, iteration 21955/715787 | lr: 0.0002994 | consumed_samples: 22482944 | global_batch_size: 1024 | global_step: 21955 | reduced_train_loss: 2.526
Training epoch 1, iteration 21956/715787 | lr: 0.0002994 | consumed_samples: 22483968 | global_batch_size: 1024 | global_step: 21956 | reduced_train_loss: 2.487
Training epoch 1, iteration 21957/715787 | lr: 0.0002994 | consumed_samples: 22484992 | global_batch_size: 1024 | global_step: 21957 | reduced_train_loss: 2.514
Training epoch 1, iteration 21958/715787 | lr: 0.0002994 | consumed_samples: 22486016 | global_batch_size: 1024 | global_step: 21958 | reduced_train_loss: 2.503
Training epoch 1, iteration 21959/715787 | lr: 0.0002994 | consumed_samples: 22487040 | global_batch_size: 1024 | global_step: 21959 | reduced_train_loss: 2.507
Training epoch 1, iteration 21960/715787 | lr: 0.0002994 | consumed_samples: 22488064 | global_batch_size: 1024 | global_step: 21960 | reduced_train_loss: 2.515
Training epoch 1, iteration 21961/715787 | lr: 0.0002994 | consumed_samples: 22489088 | global_batch_size: 1024 | global_step: 21961 | reduced_train_loss: 2.496
Training epoch 1, iteration 21962/715787 | lr: 0.0002994 | consumed_samples: 22490112 | global_batch_size: 1024 | global_step: 21962 | reduced_train_loss: 2.5
Training epoch 1, iteration 21963/715787 | lr: 0.0002994 | consumed_samples: 22491136 | global_batch_size: 1024 | global_step: 21963 | reduced_train_loss: 2.499
Training epoch 1, iteration 21964/715787 | lr: 0.0002994 | consumed_samples: 22492160 | global_batch_size: 1024 | global_step: 21964 | reduced_train_loss: 2.524
Training epoch 1, iteration 21965/715787 | lr: 0.0002994 | consumed_samples: 22493184 | global_batch_size: 1024 | global_step: 21965 | reduced_train_loss: 2.512
Training epoch 1, iteration 21966/715787 | lr: 0.0002994 | consumed_samples: 22494208 | global_batch_size: 1024 | global_step: 21966 | reduced_train_loss: 2.481
Training epoch 1, iteration 21967/715787 | lr: 0.0002994 | consumed_samples: 22495232 | global_batch_size: 1024 | global_step: 21967 | reduced_train_loss: 2.5
Training epoch 1, iteration 21968/715787 | lr: 0.0002994 | consumed_samples: 22496256 | global_batch_size: 1024 | global_step: 21968 | reduced_train_loss: 2.485
Training epoch 1, iteration 21969/715787 | lr: 0.0002994 | consumed_samples: 22497280 | global_batch_size: 1024 | global_step: 21969 | reduced_train_loss: 2.487
Training epoch 1, iteration 21970/715787 | lr: 0.0002994 | consumed_samples: 22498304 | global_batch_size: 1024 | global_step: 21970 | reduced_train_loss: 2.512
Training epoch 1, iteration 21971/715787 | lr: 0.0002994 | consumed_samples: 22499328 | global_batch_size: 1024 | global_step: 21971 | reduced_train_loss: 2.504
Training epoch 1, iteration 21972/715787 | lr: 0.0002994 | consumed_samples: 22500352 | global_batch_size: 1024 | global_step: 21972 | reduced_train_loss: 2.484
Training epoch 1, iteration 21973/715787 | lr: 0.0002994 | consumed_samples: 22501376 | global_batch_size: 1024 | global_step: 21973 | reduced_train_loss: 2.495
Training epoch 1, iteration 21974/715787 | lr: 0.0002994 | consumed_samples: 22502400 | global_batch_size: 1024 | global_step: 21974 | reduced_train_loss: 2.498
Training epoch 1, iteration 21975/715787 | lr: 0.0002994 | consumed_samples: 22503424 | global_batch_size: 1024 | global_step: 21975 | reduced_train_loss: 2.495
Training epoch 1, iteration 21976/715787 | lr: 0.0002994 | consumed_samples: 22504448 | global_batch_size: 1024 | global_step: 21976 | reduced_train_loss: 2.489
Training epoch 1, iteration 21977/715787 | lr: 0.0002994 | consumed_samples: 22505472 | global_batch_size: 1024 | global_step: 21977 | reduced_train_loss: 2.509
Training epoch 1, iteration 21978/715787 | lr: 0.0002994 | consumed_samples: 22506496 | global_batch_size: 1024 | global_step: 21978 | reduced_train_loss: 2.502
Training epoch 1, iteration 21979/715787 | lr: 0.0002994 | consumed_samples: 22507520 | global_batch_size: 1024 | global_step: 21979 | reduced_train_loss: 2.497
Training epoch 1, iteration 21980/715787 | lr: 0.0002994 | consumed_samples: 22508544 | global_batch_size: 1024 | global_step: 21980 | reduced_train_loss: 2.499
Training epoch 1, iteration 21981/715787 | lr: 0.0002994 | consumed_samples: 22509568 | global_batch_size: 1024 | global_step: 21981 | reduced_train_loss: 2.505
Training epoch 1, iteration 21982/715787 | lr: 0.0002994 | consumed_samples: 22510592 | global_batch_size: 1024 | global_step: 21982 | reduced_train_loss: 2.485
Training epoch 1, iteration 21983/715787 | lr: 0.0002994 | consumed_samples: 22511616 | global_batch_size: 1024 | global_step: 21983 | reduced_train_loss: 2.505
Training epoch 1, iteration 21984/715787 | lr: 0.0002994 | consumed_samples: 22512640 | global_batch_size: 1024 | global_step: 21984 | reduced_train_loss: 2.472
Training epoch 1, iteration 21985/715787 | lr: 0.0002994 | consumed_samples: 22513664 | global_batch_size: 1024 | global_step: 21985 | reduced_train_loss: 2.5
Training epoch 1, iteration 21986/715787 | lr: 0.0002994 | consumed_samples: 22514688 | global_batch_size: 1024 | global_step: 21986 | reduced_train_loss: 2.492
Training epoch 1, iteration 21987/715787 | lr: 0.0002994 | consumed_samples: 22515712 | global_batch_size: 1024 | global_step: 21987 | reduced_train_loss: 2.518
Training epoch 1, iteration 21988/715787 | lr: 0.0002994 | consumed_samples: 22516736 | global_batch_size: 1024 | global_step: 21988 | reduced_train_loss: 2.51
Training epoch 1, iteration 21989/715787 | lr: 0.0002994 | consumed_samples: 22517760 | global_batch_size: 1024 | global_step: 21989 | reduced_train_loss: 2.512
Training epoch 1, iteration 21990/715787 | lr: 0.0002994 | consumed_samples: 22518784 | global_batch_size: 1024 | global_step: 21990 | reduced_train_loss: 2.476
Training epoch 1, iteration 21991/715787 | lr: 0.0002994 | consumed_samples: 22519808 | global_batch_size: 1024 | global_step: 21991 | reduced_train_loss: 2.524
Training epoch 1, iteration 21992/715787 | lr: 0.0002994 | consumed_samples: 22520832 | global_batch_size: 1024 | global_step: 21992 | reduced_train_loss: 2.499
Training epoch 1, iteration 21993/715787 | lr: 0.0002994 | consumed_samples: 22521856 | global_batch_size: 1024 | global_step: 21993 | reduced_train_loss: 2.487
Training epoch 1, iteration 21994/715787 | lr: 0.0002994 | consumed_samples: 22522880 | global_batch_size: 1024 | global_step: 21994 | reduced_train_loss: 2.515
Training epoch 1, iteration 21995/715787 | lr: 0.0002994 | consumed_samples: 22523904 | global_batch_size: 1024 | global_step: 21995 | reduced_train_loss: 2.488
Training epoch 1, iteration 21996/715787 | lr: 0.0002994 | consumed_samples: 22524928 | global_batch_size: 1024 | global_step: 21996 | reduced_train_loss: 2.502
Training epoch 1, iteration 21997/715787 | lr: 0.0002994 | consumed_samples: 22525952 | global_batch_size: 1024 | global_step: 21997 | reduced_train_loss: 2.499
Training epoch 1, iteration 21998/715787 | lr: 0.0002994 | consumed_samples: 22526976 | global_batch_size: 1024 | global_step: 21998 | reduced_train_loss: 2.499
[NeMo I 2026-03-29 16:19:52 nemo_logging:393] Running garbage collection at train global_step: 22000
[NeMo I 2026-03-29 16:19:53 nemo_logging:393] Step 22000 - SSA n values:
[NeMo I 2026-03-29 16:19:53 nemo_logging:393]   Layer 0: n = 2.078125
[NeMo I 2026-03-29 16:19:53 nemo_logging:393]   Layer 1: n = 2.031250
[NeMo I 2026-03-29 16:19:53 nemo_logging:393]   Layer 2: n = 2.125000
[NeMo I 2026-03-29 16:19:53 nemo_logging:393]   Layer 3: n = 2.265625
[NeMo I 2026-03-29 16:19:53 nemo_logging:393]   Layer 4: n = 2.500000
[NeMo I 2026-03-29 16:19:53 nemo_logging:393]   Layer 5: n = 3.140625
[NeMo I 2026-03-29 16:19:53 nemo_logging:393]   Layer 6: n = 3.031250
[NeMo I 2026-03-29 16:19:53 nemo_logging:393]   Layer 7: n = 3.015625
[NeMo I 2026-03-29 16:19:53 nemo_logging:393]   Layer 8: n = 2.687500
[NeMo I 2026-03-29 16:19:53 nemo_logging:393]   Layer 9: n = 2.234375
[NeMo I 2026-03-29 16:19:53 nemo_logging:393]   Layer 10: n = 2.656250
[NeMo I 2026-03-29 16:19:53 nemo_logging:393]   Layer 11: n = 2.437500
[NeMo I 2026-03-29 16:19:53 nemo_logging:393]   Layer 12: n = 2.328125
[NeMo I 2026-03-29 16:19:53 nemo_logging:393]   Layer 13: n = 2.218750
[NeMo I 2026-03-29 16:19:53 nemo_logging:393]   Layer 14: n = 2.375000
[NeMo I 2026-03-29 16:19:53 nemo_logging:393]   Layer 15: n = 2.421875
[NeMo I 2026-03-29 16:19:53 nemo_logging:393]   Layer 16: n = 2.140625
[NeMo I 2026-03-29 16:19:53 nemo_logging:393]   Layer 17: n = 2.375000
[NeMo I 2026-03-29 16:19:53 nemo_logging:393]   Layer 18: n = 1.953125
[NeMo I 2026-03-29 16:19:53 nemo_logging:393]   Layer 19: n = 1.789062
[NeMo I 2026-03-29 16:19:53 nemo_logging:393]   Layer 20: n = 1.585938
[NeMo I 2026-03-29 16:19:53 nemo_logging:393]   Layer 21: n = 1.484375
[NeMo I 2026-03-29 16:19:53 nemo_logging:393]   Layer 22: n = 1.031250
[NeMo I 2026-03-29 16:19:53 nemo_logging:393]   Layer 23: n = -648.000000
Training epoch 1, iteration 21999/715787 | lr: 0.0002994 | consumed_samples: 22528000 | global_batch_size: 1024 | global_step: 21999 | reduced_train_loss: 2.507
INFO: Epoch 1, global step 21999: 'step' reached 21999.00000 (best 21999.00000), saving model to '/tmpdir/barman/bs1024_fullrun/outputs/nemotron-1B-SSA-Triton-bs1024/checkpoints/nemotron-1B-SSA-Triton-bs1024-step=0021999.ckpt' as top 44
INFO:lightning.pytorch.utilities.rank_zero:Epoch 1, global step 21999: 'step' reached 21999.00000 (best 21999.00000), saving model to '/tmpdir/barman/bs1024_fullrun/outputs/nemotron-1B-SSA-Triton-bs1024/checkpoints/nemotron-1B-SSA-Triton-bs1024-step=0021999.ckpt' as top 44
[NeMo I 2026-03-29 16:19:55 nemo_logging:393] Using FullyParallelSaveStrategyWrapper(torch_dist, 1) dist-ckpt save strategy.
[NeMo W 2026-03-29 16:19:59 validation:389] There is difference in the common state dict in different ranks. The differences are {1: ([], [], [(('optimizer', 0, 'optimizer', 'param_groups', 1, 'step'), <class 'int'>, <class 'int'>)]), 2: ([], [], [(('optimizer', 0, 'optimizer', 'param_groups', 1, 'step'), <class 'int'>, <class 'int'>)]), 3: ([], [], [(('optimizer', 0, 'optimizer', 'param_groups', 1, 'step'), <class 'int'>, <class 'int'>)]), 4: ([], [], [(('optimizer', 0, 'optimizer', 'param_groups', 1, 'step'), <class 'int'>, <class 'int'>)]), 5: ([], [], [(('optimizer', 0, 'optimizer', 'param_groups', 1, 'step'), <class 'int'>, <class 'int'>)]), 6: ([], [], [(('optimizer', 0, 'optimizer', 'param_groups', 1, 'step'), <class 'int'>, <class 'int'>)]), 7: ([], [], [(('optimizer', 0, 'optimizer', 'param_groups', 1, 'step'), <class 'int'>, <class 'int'>)]), 8: ([], [], [(('optimizer', 0, 'optimizer', 'param_groups', 1, 'step'), <class 'int'>, <class 'int'>)]), 9: ([], [], [(('optimizer', 0, 'optimizer', 'param_groups', 1, 'step'), <class 'int'>, <class 'int'>)]), 10: ([], [], [(('optimizer', 0, 'optimizer', 'param_groups', 1, 'step'), <class 'int'>, <class 'int'>)]), 11: ([], [], [(('optimizer', 0, 'optimizer', 'param_groups', 1, 'step'), <class 'int'>, <class 'int'>)]), 12: ([], [], [(('optimizer', 0, 'optimizer', 'param_groups', 1, 'step'), <class 'int'>, <class 'int'>)]), 13: ([], [], [(('optimizer', 0, 'optimizer', 'param_groups', 1, 'step'), <class 'int'>, <class 'int'>)]), 14: ([], [], [(('optimizer', 0, 'optimizer', 'param_groups', 1, 'step'), <class 'int'>, <class 'int'>)]), 15: ([], [], [(('optimizer', 0, 'optimizer', 'param_groups', 1, 'step'), <class 'int'>, <class 'int'>)]), 16: ([], [], [(('optimizer', 0, 'optimizer', 'param_groups', 1, 'step'), <class 'int'>, <class 'int'>)]), 17: ([], [], [(('optimizer', 0, 'optimizer', 'param_groups', 1, 'step'), <class 'int'>, <class 'int'>)]), 18: ([], [], [(('optimizer', 0, 'optimizer', 'param_groups', 1, 'step'), <class 'int'>, <class 'int'>)]), 19: ([], [], [(('optimizer', 0, 'optimizer', 'param_groups', 1, 'step'), <class 'int'>, <class 'int'>)]), 20: ([], [], [(('optimizer', 0, 'optimizer', 'param_groups', 1, 'step'), <class 'int'>, <class 'int'>)]), 21: ([], [], [(('optimizer', 0, 'optimizer', 'param_groups', 1, 'step'), <class 'int'>, <class 'int'>)]), 22: ([], [], [(('optimizer', 0, 'optimizer', 'param_groups', 1, 'step'), <class 'int'>, <class 'int'>)]), 23: ([], [], [(('optimizer', 0, 'optimizer', 'param_groups', 1, 'step'), <class 'int'>, <class 'int'>)]), 25: ([], [], [(('optimizer', 0, 'optimizer', 'param_groups', 1, 'step'), <class 'int'>, <class 'int'>)]), 26: ([], [], [(('optimizer', 0, 'optimizer', 'param_groups', 1, 'step'), <class 'int'>, <class 'int'>)]), 27: ([], [], [(('optimizer', 0, 'optimizer', 'param_groups', 1, 'step'), <class 'int'>, <class 'int'>)]), 28: ([], [], [(('optimizer', 0, 'optimizer', 'param_groups', 1, 'step'), <class 'int'>, <class 'int'>)]), 29: ([], [], [(('optimizer', 0, 'optimizer', 'param_groups', 1, 'step'), <class 'int'>, <class 'int'>)]), 30: ([], [], [(('optimizer', 0, 'optimizer', 'param_groups', 1, 'step'), <class 'int'>, <class 'int'>)]), 31: ([], [], [(('optimizer', 0, 'optimizer', 'param_groups', 1, 'step'), <class 'int'>, <class 'int'>)])}
ERROR: ld.so: object 'libargos-core.so' from LD_PRELOAD cannot be preloaded (cannot open shared object file): ignored.
ERROR: ld.so: object 'libargos-agentclient.so' from LD_PRELOAD cannot be preloaded (cannot open shared object file): ignored.
ERROR: ld.so: object 'libargos-core.so' from LD_PRELOAD cannot be preloaded (cannot open shared object file): ignored.
ERROR: ld.so: object 'libargos-core.so' from LD_PRELOAD cannot be preloaded (cannot open shared object file): ignored.
ERROR: ld.so: object 'libargos-core.so' from LD_PRELOAD cannot be preloaded (cannot open shared object file): ignored.
ERROR: ld.so: object 'libargos-agentclient.so' from LD_PRELOAD cannot be preloaded (cannot open shared object file): ignored.
ERROR: ld.so: object 'libargos-agentclient.so' from LD_PRELOAD cannot be preloaded (cannot open shared object file): ignored.
ERROR: ld.so: object 'libargos-agentclient.so' from LD_PRELOAD cannot be preloaded (cannot open shared object file): ignored.
ERROR: ld.so: object 'libargos-core.so' from LD_PRELOAD cannot be preloaded (cannot open shared object file): ignored.
ERROR: ld.so: object 'libargos-agentclient.so' from LD_PRELOAD cannot be preloaded (cannot open shared object file): ignored.
ERROR: ld.so: object 'libargos-core.so' from LD_PRELOAD cannot be preloaded (cannot open shared object file): ignored.
ERROR: ld.so: object 'libargos-agentclient.so' from LD_PRELOAD cannot be preloaded (cannot open shared object file): ignored.
ERROR: ld.so: object 'libargos-core.so' from LD_PRELOAD cannot be preloaded (cannot open shared object file): ignored.
ERROR: ld.so: object 'libargos-agentclient.so' from LD_PRELOAD cannot be preloaded (cannot open shared object file): ignored.
ERROR: ld.so: object 'libargos-core.so' from LD_PRELOAD cannot be preloaded (cannot open shared object file): ignored.
ERROR: ld.so: object 'libargos-agentclient.so' from LD_PRELOAD cannot be preloaded (cannot open shared object file): ignored.
ERROR: ld.so: object 'libargos-core.so' from LD_PRELOAD cannot be preloaded (cannot open shared object file): ignored.
ERROR: ld.so: object 'libargos-agentclient.so' from LD_PRELOAD cannot be preloaded (cannot open shared object file): ignored.
ERROR: ld.so: object 'libargos-core.so' from LD_PRELOAD cannot be preloaded (cannot open shared object file): ignored.
ERROR: ld.so: object 'libargos-agentclient.so' from LD_PRELOAD cannot be preloaded (cannot open shared object file): ignored.
ERROR: ld.so: object 'libargos-core.so' from LD_PRELOAD cannot be preloaded (cannot open shared object file): ignored.
ERROR: ld.so: object 'libargos-core.so' from LD_PRELOAD cannot be preloaded (cannot open shared object file): ignored.
ERROR: ld.so: object 'libargos-agentclient.so' from LD_PRELOAD cannot be preloaded (cannot open shared object file): ignored.
ERROR: ld.so: object 'libargos-agentclient.so' from LD_PRELOAD cannot be preloaded (cannot open shared object file): ignored.
ERROR: ld.so: object 'libargos-core.so' from LD_PRELOAD cannot be preloaded (cannot open shared object file): ignored.
ERROR: ld.so: object 'libargos-core.so' from LD_PRELOAD cannot be preloaded (cannot open shared object file): ignored.
ERROR: ld.so: object 'libargos-agentclient.so' from LD_PRELOAD cannot be preloaded (cannot open shared object file): ignored.
ERROR: ld.so: object 'libargos-agentclient.so' from LD_PRELOAD cannot be preloaded (cannot open shared object file): ignored.
ERROR: ld.so: object 'libargos-core.so' from LD_PRELOAD cannot be preloaded (cannot open shared object file): ignored.
ERROR: ld.so: object 'libargos-agentclient.so' from LD_PRELOAD cannot be preloaded (cannot open shared object file): ignored.
ERROR: ld.so: object 'libargos-core.so' from LD_PRELOAD cannot be preloaded (cannot open shared object file): ignored.
ERROR: ld.so: object 'libargos-agentclient.so' from LD_PRELOAD cannot be preloaded (cannot open shared object file): ignored.
ERROR: ld.so: object 'libargos-core.so' from LD_PRELOAD cannot be preloaded (cannot open shared object file): ignored.
ERROR: ld.so: object 'libargos-core.so' from LD_PRELOAD cannot be preloaded (cannot open shared object file): ignored.
ERROR: ld.so: object 'libargos-core.so' from LD_PRELOAD cannot be preloaded (cannot open shared object file): ignored.
ERROR: ld.so: object 'libargos-agentclient.so' from LD_PRELOAD cannot be preloaded (cannot open shared object file): ignored.
ERROR: ld.so: object 'libargos-agentclient.so' from LD_PRELOAD cannot be preloaded (cannot open shared object file): ignored.
ERROR: ld.so: object 'libargos-agentclient.so' from LD_PRELOAD cannot be preloaded (cannot open shared object file): ignored.
ERROR: ld.so: object 'libargos-core.so' from LD_PRELOAD cannot be preloaded (cannot open shared object file): ignored.
ERROR: ld.so: object 'libargos-agentclient.so' from LD_PRELOAD cannot be preloaded (cannot open shared object file): ignored.
ERROR: ld.so: object 'libargos-core.so' from LD_PRELOAD cannot be preloaded (cannot open shared object file): ignored.
ERROR: ld.so: object 'libargos-agentclient.so' from LD_PRELOAD cannot be preloaded (cannot open shared object file): ignored.
ERROR: ld.so: object 'libargos-core.so' from LD_PRELOAD cannot be preloaded (cannot open shared object file): ignored.
ERROR: ld.so: object 'libargos-agentclient.so' from LD_PRELOAD cannot be preloaded (cannot open shared object file): ignored.
ERROR: ld.so: object 'libargos-core.so' from LD_PRELOAD cannot be preloaded (cannot open shared object file): ignored.
ERROR: ld.so: object 'libargos-core.so' from LD_PRELOAD cannot be preloaded (cannot open shared object file): ignored.
ERROR: ld.so: object 'libargos-core.so' from LD_PRELOAD cannot be preloaded (cannot open shared object file): ignored.
ERROR: ld.so: object 'libargos-core.so' from LD_PRELOAD cannot be preloaded (cannot open shared object file): ignored.
ERROR: ld.so: object 'libargos-agentclient.so' from LD_PRELOAD cannot be preloaded (cannot open shared object file): ignored.
ERROR: ld.so: object 'libargos-agentclient.so' from LD_PRELOAD cannot be preloaded (cannot open shared object file): ignored.
ERROR: ld.so: object 'libargos-core.so' from LD_PRELOAD cannot be preloaded (cannot open shared object file): ignored.
ERROR: ld.so: object 'libargos-agentclient.so' from LD_PRELOAD cannot be preloaded (cannot open shared object file): ignored.
ERROR: ld.so: object 'libargos-agentclient.so' from LD_PRELOAD cannot be preloaded (cannot open shared object file): ignored.
ERROR: ld.so: object 'libargos-agentclient.so' from LD_PRELOAD cannot be preloaded (cannot open shared object file): ignored.
ERROR: ld.so: object 'libargos-core.so' from LD_PRELOAD cannot be preloaded (cannot open shared object file): ignored.
ERROR: ld.so: object 'libargos-agentclient.so' from LD_PRELOAD cannot be preloaded (cannot open shared object file): ignored.
ERROR: ld.so: object 'libargos-core.so' from LD_PRELOAD cannot be preloaded (cannot open shared object file): ignored.
ERROR: ld.so: object 'libargos-core.so' from LD_PRELOAD cannot be preloaded (cannot open shared object file): ignored.
ERROR: ld.so: object 'libargos-core.so' from LD_PRELOAD cannot be preloaded (cannot open shared object file): ignored.
ERROR: ld.so: object 'libargos-agentclient.so' from LD_PRELOAD cannot be preloaded (cannot open shared object file): ignored.
ERROR: ld.so: object 'libargos-agentclient.so' from LD_PRELOAD cannot be preloaded (cannot open shared object file): ignored.
ERROR: ld.so: object 'libargos-agentclient.so' from LD_PRELOAD cannot be preloaded (cannot open shared object file): ignored.
ERROR: ld.so: object 'libargos-core.so' from LD_PRELOAD cannot be preloaded (cannot open shared object file): ignored.
ERROR: ld.so: object 'libargos-agentclient.so' from LD_PRELOAD cannot be preloaded (cannot open shared object file): ignored.
ERROR: ld.so: object 'libargos-core.so' from LD_PRELOAD cannot be preloaded (cannot open shared object file): ignored.
ERROR: ld.so: object 'libargos-agentclient.so' from LD_PRELOAD cannot be preloaded (cannot open shared object file): ignored.
ERROR: ld.so: object 'libargos-core.so' from LD_PRELOAD cannot be preloaded (cannot open shared object file): ignored.
ERROR: ld.so: object 'libargos-core.so' from LD_PRELOAD cannot be preloaded (cannot open shared object file): ignored.
ERROR: ld.so: object 'libargos-core.so' from LD_PRELOAD cannot be preloaded (cannot open shared object file): ignored.
ERROR: ld.so: object 'libargos-agentclient.so' from LD_PRELOAD cannot be preloaded (cannot open shared object file): ignored.
ERROR: ld.so: object 'libargos-agentclient.so' from LD_PRELOAD cannot be preloaded (cannot open shared object file): ignored.
ERROR: ld.so: object 'libargos-agentclient.so' from LD_PRELOAD cannot be preloaded (cannot open shared object file): ignored.
ERROR: ld.so: object 'libargos-core.so' from LD_PRELOAD cannot be preloaded (cannot open shared object file): ignored.
ERROR: ld.so: object 'libargos-agentclient.so' from LD_PRELOAD cannot be preloaded (cannot open shared object file): ignored.
ERROR: ld.so: object 'libargos-core.so' from LD_PRELOAD cannot be preloaded (cannot open shared object file): ignored.
ERROR: ld.so: object 'libargos-agentclient.so' from LD_PRELOAD cannot be preloaded (cannot open shared object file): ignored.
ERROR: ld.so: object 'libargos-core.so' from LD_PRELOAD cannot be preloaded (cannot open shared object file): ignored.
ERROR: ld.so: object 'libargos-agentclient.so' from LD_PRELOAD cannot be preloaded (cannot open shared object file): ignored.
ERROR: ld.so: object 'libargos-core.so' from LD_PRELOAD cannot be preloaded (cannot open shared object file): ignored.
ERROR: ld.so: object 'libargos-agentclient.so' from LD_PRELOAD cannot be preloaded (cannot open shared object file): ignored.
ERROR: ld.so: object 'libargos-core.so' from LD_PRELOAD cannot be preloaded (cannot open shared object file): ignored.
ERROR: ld.so: object 'libargos-agentclient.so' from LD_PRELOAD cannot be preloaded (cannot open shared object file): ignored.
ERROR: ld.so: object 'libargos-core.so' from LD_PRELOAD cannot be preloaded (cannot open shared object file): ignored.
ERROR: ld.so: object 'libargos-agentclient.so' from LD_PRELOAD cannot be preloaded (cannot open shared object file): ignored.
ERROR: ld.so: object 'libargos-core.so' from LD_PRELOAD cannot be preloaded (cannot open shared object file): ignored.
ERROR: ld.so: object 'libargos-agentclient.so' from LD_PRELOAD cannot be preloaded (cannot open shared object file): ignored.
ERROR: ld.so: object 'libargos-core.so' from LD_PRELOAD cannot be preloaded (cannot open shared object file): ignored.
ERROR: ld.so: object 'libargos-agentclient.so' from LD_PRELOAD cannot be preloaded (cannot open shared object file): ignored.
ERROR: ld.so: object 'libargos-core.so' from LD_PRELOAD cannot be preloaded (cannot open shared object file): ignored.
ERROR: ld.so: object 'libargos-agentclient.so' from LD_PRELOAD cannot be preloaded (cannot open shared object file): ignored.
ERROR: ld.so: object 'libargos-core.so' from LD_PRELOAD cannot be preloaded (cannot open shared object file): ignored.
ERROR: ld.so: object 'libargos-agentclient.so' from LD_PRELOAD cannot be preloaded (cannot open shared object file): ignored.
ERROR: ld.so: object 'libargos-core.so' from LD_PRELOAD cannot be preloaded (cannot open shared object file): ignored.
ERROR: ld.so: object 'libargos-agentclient.so' from LD_PRELOAD cannot be preloaded (cannot open shared object file): ignored.
ERROR: ld.so: object 'libargos-core.so' from LD_PRELOAD cannot be preloaded (cannot open shared object file): ignored.
ERROR: ld.so: object 'libargos-agentclient.so' from LD_PRELOAD cannot be preloaded (cannot open shared object file): ignored.
ERROR: ld.so: object 'libargos-core.so' from LD_PRELOAD cannot be preloaded (cannot open shared object file): ignored.
ERROR: ld.so: object 'libargos-agentclient.so' from LD_PRELOAD cannot be preloaded (cannot open shared object file): ignored.
ERROR: ld.so: object 'libargos-core.so' from LD_PRELOAD cannot be preloaded (cannot open shared object file): ignored.
ERROR: ld.so: object 'libargos-agentclient.so' from LD_PRELOAD cannot be preloaded (cannot open shared object file): ignored.
ERROR: ld.so: object 'libargos-core.so' from LD_PRELOAD cannot be preloaded (cannot open shared object file): ignored.
ERROR: ld.so: object 'libargos-agentclient.so' from LD_PRELOAD cannot be preloaded (cannot open shared object file): ignored.
ERROR: ld.so: object 'libargos-core.so' from LD_PRELOAD cannot be preloaded (cannot open shared object file): ignored.
ERROR: ld.so: object 'libargos-agentclient.so' from LD_PRELOAD cannot be preloaded (cannot open shared object file): ignored.
ERROR: ld.so: object 'libargos-core.so' from LD_PRELOAD cannot be preloaded (cannot open shared object file): ignored.
ERROR: ld.so: object 'libargos-agentclient.so' from LD_PRELOAD cannot be preloaded (cannot open shared object file): ignored.
ERROR: ld.so: object 'libargos-core.so' from LD_PRELOAD cannot be preloaded (cannot open shared object file): ignored.
ERROR: ld.so: object 'libargos-agentclient.so' from LD_PRELOAD cannot be preloaded (cannot open shared object file): ignored.
ERROR: ld.so: object 'libargos-core.so' from LD_PRELOAD cannot be preloaded (cannot open shared object file): ignored.
ERROR: ld.so: object 'libargos-agentclient.so' from LD_PRELOAD cannot be preloaded (cannot open shared object file): ignored.
ERROR: ld.so: object 'libargos-core.so' from LD_PRELOAD cannot be preloaded (cannot open shared object file): ignored.
ERROR: ld.so: object 'libargos-agentclient.so' from LD_PRELOAD cannot be preloaded (cannot open shared object file): ignored.
ERROR: ld.so: object 'libargos-core.so' from LD_PRELOAD cannot be preloaded (cannot open shared object file): ignored.
ERROR: ld.so: object 'libargos-agentclient.so' from LD_PRELOAD cannot be preloaded (cannot open shared object file): ignored.
ERROR: ld.so: object 'libargos-core.so' from LD_PRELOAD cannot be preloaded (cannot open shared object file): ignored.
ERROR: ld.so: object 'libargos-agentclient.so' from LD_PRELOAD cannot be preloaded (cannot open shared object file): ignored.
ERROR: ld.so: object 'libargos-core.so' from LD_PRELOAD cannot be preloaded (cannot open shared object file): ignored.
ERROR: ld.so: object 'libargos-agentclient.so' from LD_PRELOAD cannot be preloaded (cannot open shared object file): ignored.
ERROR: ld.so: object 'libargos-core.so' from LD_PRELOAD cannot be preloaded (cannot open shared object file): ignored.
ERROR: ld.so: object 'libargos-agentclient.so' from LD_PRELOAD cannot be preloaded (cannot open shared object file): ignored.
ERROR: ld.so: object 'libargos-core.so' from LD_PRELOAD cannot be preloaded (cannot open shared object file): ignored.
ERROR: ld.so: object 'libargos-agentclient.so' from LD_PRELOAD cannot be preloaded (cannot open shared object file): ignored.
ERROR: ld.so: object 'libargos-core.so' from LD_PRELOAD cannot be preloaded (cannot open shared object file): ignored.
ERROR: ld.so: object 'libargos-agentclient.so' from LD_PRELOAD cannot be preloaded (cannot open shared object file): ignored.
ERROR: ld.so: object 'libargos-core.so' from LD_PRELOAD cannot be preloaded (cannot open shared object file): ignored.
ERROR: ld.so: object 'libargos-agentclient.so' from LD_PRELOAD cannot be preloaded (cannot open shared object file): ignored.
ERROR: ld.so: object 'libargos-core.so' from LD_PRELOAD cannot be preloaded (cannot open shared object file): ignored.
ERROR: ld.so: object 'libargos-agentclient.so' from LD_PRELOAD cannot be preloaded (cannot open shared object file): ignored.
[NeMo I 2026-03-29 16:20:33 nemo_logging:393] Global Checkpoint Save : Rank: 0 : Iteration: 21989 : Start time: 1774793995.218s : Save duration: 38.276s
[NeMo I 2026-03-29 16:20:37 nemo_logging:393] Scheduled async checkpoint save for /tmpdir/barman/bs1024_fullrun/outputs/nemotron-1B-SSA-Triton-bs1024/checkpoints/nemotron-1B-SSA-Triton-bs1024-step=0021999.ckpt
[NeMo W 2026-03-29 16:20:40 validation:389] There is difference in the common state dict in different ranks. The differences are {1: ([], [], [(('optimizer', 0, 'optimizer', 'param_groups', 1, 'step'), <class 'int'>, <class 'int'>)]), 2: ([], [], [(('optimizer', 0, 'optimizer', 'param_groups', 1, 'step'), <class 'int'>, <class 'int'>)]), 3: ([], [], [(('optimizer', 0, 'optimizer', 'param_groups', 1, 'step'), <class 'int'>, <class 'int'>)]), 4: ([], [], [(('optimizer', 0, 'optimizer', 'param_groups', 1, 'step'), <class 'int'>, <class 'int'>)]), 5: ([], [], [(('optimizer', 0, 'optimizer', 'param_groups', 1, 'step'), <class 'int'>, <class 'int'>)]), 6: ([], [], [(('optimizer', 0, 'optimizer', 'param_groups', 1, 'step'), <class 'int'>, <class 'int'>)]), 7: ([], [], [(('optimizer', 0, 'optimizer', 'param_groups', 1, 'step'), <class 'int'>, <class 'int'>)]), 8: ([], [], [(('optimizer', 0, 'optimizer', 'param_groups', 1, 'step'), <class 'int'>, <class 'int'>)]), 9: ([], [], [(('optimizer', 0, 'optimizer', 'param_groups', 1, 'step'), <class 'int'>, <class 'int'>)]), 10: ([], [], [(('optimizer', 0, 'optimizer', 'param_groups', 1, 'step'), <class 'int'>, <class 'int'>)]), 11: ([], [], [(('optimizer', 0, 'optimizer', 'param_groups', 1, 'step'), <class 'int'>, <class 'int'>)]), 12: ([], [], [(('optimizer', 0, 'optimizer', 'param_groups', 1, 'step'), <class 'int'>, <class 'int'>)]), 13: ([], [], [(('optimizer', 0, 'optimizer', 'param_groups', 1, 'step'), <class 'int'>, <class 'int'>)]), 14: ([], [], [(('optimizer', 0, 'optimizer', 'param_groups', 1, 'step'), <class 'int'>, <class 'int'>)]), 15: ([], [], [(('optimizer', 0, 'optimizer', 'param_groups', 1, 'step'), <class 'int'>, <class 'int'>)]), 16: ([], [], [(('optimizer', 0, 'optimizer', 'param_groups', 1, 'step'), <class 'int'>, <class 'int'>)]), 17: ([], [], [(('optimizer', 0, 'optimizer', 'param_groups', 1, 'step'), <class 'int'>, <class 'int'>)]), 18: ([], [], [(('optimizer', 0, 'optimizer', 'param_groups', 1, 'step'), <class 'int'>, <class 'int'>)]), 19: ([], [], [(('optimizer', 0, 'optimizer', 'param_groups', 1, 'step'), <class 'int'>, <class 'int'>)]), 20: ([], [], [(('optimizer', 0, 'optimizer', 'param_groups', 1, 'step'), <class 'int'>, <class 'int'>)]), 21: ([], [], [(('optimizer', 0, 'optimizer', 'param_groups', 1, 'step'), <class 'int'>, <class 'int'>)]), 22: ([], [], [(('optimizer', 0, 'optimizer', 'param_groups', 1, 'step'), <class 'int'>, <class 'int'>)]), 23: ([], [], [(('optimizer', 0, 'optimizer', 'param_groups', 1, 'step'), <class 'int'>, <class 'int'>)]), 25: ([], [], [(('optimizer', 0, 'optimizer', 'param_groups', 1, 'step'), <class 'int'>, <class 'int'>)]), 26: ([], [], [(('optimizer', 0, 'optimizer', 'param_groups', 1, 'step'), <class 'int'>, <class 'int'>)]), 27: ([], [], [(('optimizer', 0, 'optimizer', 'param_groups', 1, 'step'), <class 'int'>, <class 'int'>)]), 28: ([], [], [(('optimizer', 0, 'optimizer', 'param_groups', 1, 'step'), <class 'int'>, <class 'int'>)]), 29: ([], [], [(('optimizer', 0, 'optimizer', 'param_groups', 1, 'step'), <class 'int'>, <class 'int'>)]), 30: ([], [], [(('optimizer', 0, 'optimizer', 'param_groups', 1, 'step'), <class 'int'>, <class 'int'>)]), 31: ([], [], [(('optimizer', 0, 'optimizer', 'param_groups', 1, 'step'), <class 'int'>, <class 'int'>)])}
[NeMo I 2026-03-29 16:20:43 nemo_logging:393] Global Checkpoint Save : Rank: 0 : Iteration: 21989 : Start time: 1774794039.359s : Save duration: 3.955s
[NeMo I 2026-03-29 16:20:44 nemo_logging:393] Scheduled async checkpoint save for /tmpdir/barman/bs1024_fullrun/outputs/nemotron-1B-SSA-Triton-bs1024/checkpoints/nemotron-1B-SSA-Triton-bs1024-step=0021999-last.ckpt
[NeMo I 2026-03-29 16:20:45 nemo_logging:393] Successfully saved checkpoint from iteration   21989 to /tmpdir/barman/bs1024_fullrun/outputs/nemotron-1B-SSA-Triton-bs1024/checkpoints/nemotron-1B-SSA-Triton-bs1024-step=0021999.ckpt
[NeMo I 2026-03-29 16:20:45 nemo_logging:393] Async checkpoint save for step 22000 (/tmpdir/barman/bs1024_fullrun/outputs/nemotron-1B-SSA-Triton-bs1024/checkpoints/nemotron-1B-SSA-Triton-bs1024-step=0021999.ckpt) finalized successfully.
[NeMo I 2026-03-29 16:20:45 nemo_logging:393] Async finalization time took 1.122 s
Training epoch 1, iteration 22000/715787 | lr: 0.0002994 | consumed_samples: 22529024 | global_batch_size: 1024 | global_step: 22000 | reduced_train_loss: 2.51
[NeMo I 2026-03-29 16:20:56 nemo_logging:393] Successfully saved checkpoint from iteration   21989 to /tmpdir/barman/bs1024_fullrun/outputs/nemotron-1B-SSA-Triton-bs1024/checkpoints/nemotron-1B-SSA-Triton-bs1024-step=0021999-last.ckpt
[NeMo I 2026-03-29 16:20:56 nemo_logging:393] Async checkpoint save for step 22000 (/tmpdir/barman/bs1024_fullrun/outputs/nemotron-1B-SSA-Triton-bs1024/checkpoints/nemotron-1B-SSA-Triton-bs1024-step=0021999-last.ckpt) finalized successfully.
[NeMo I 2026-03-29 16:20:56 nemo_logging:393] Async finalization time took 0.936 s
Training epoch 1, iteration 22001/715787 | lr: 0.0002994 | consumed_samples: 22530048 | global_batch_size: 1024 | global_step: 22001 | reduced_train_loss: 2.53
Training epoch 1, iteration 22002/715787 | lr: 0.0002994 | consumed_samples: 22531072 | global_batch_size: 1024 | global_step: 22002 | reduced_train_loss: 2.499
Training epoch 1, iteration 22003/715787 | lr: 0.0002994 | consumed_samples: 22532096 | global_batch_size: 1024 | global_step: 22003 | reduced_train_loss: 2.508
Training epoch 1, iteration 22004/715787 | lr: 0.0002994 | consumed_samples: 22533120 | global_batch_size: 1024 | global_step: 22004 | reduced_train_loss: 2.494
Training epoch 1, iteration 22005/715787 | lr: 0.0002994 | consumed_samples: 22534144 | global_batch_size: 1024 | global_step: 22005 | reduced_train_loss: 2.508
Training epoch 1, iteration 22006/715787 | lr: 0.0002994 | consumed_samples: 22535168 | global_batch_size: 1024 | global_step: 22006 | reduced_train_loss: 2.488
Training epoch 1, iteration 22007/715787 | lr: 0.0002994 | consumed_samples: 22536192 | global_batch_size: 1024 | global_step: 22007 | reduced_train_loss: 2.506
Training epoch 1, iteration 22008/715787 | lr: 0.0002994 | consumed_samples: 22537216 | global_batch_size: 1024 | global_step: 22008 | reduced_train_loss: 2.499
Training epoch 1, iteration 22009/715787 | lr: 0.0002994 | consumed_samples: 22538240 | global_batch_size: 1024 | global_step: 22009 | reduced_train_loss: 2.512
Training epoch 1, iteration 22010/715787 | lr: 0.0002994 | consumed_samples: 22539264 | global_batch_size: 1024 | global_step: 22010 | reduced_train_loss: 2.494
Training epoch 1, iteration 22011/715787 | lr: 0.0002994 | consumed_samples: 22540288 | global_batch_size: 1024 | global_step: 22011 | reduced_train_loss: 2.493
Training epoch 1, iteration 22012/715787 | lr: 0.0002994 | consumed_samples: 22541312 | global_batch_size: 1024 | global_step: 22012 | reduced_train_loss: 2.506
Training epoch 1, iteration 22013/715787 | lr: 0.0002994 | consumed_samples: 22542336 | global_batch_size: 1024 | global_step: 22013 | reduced_train_loss: 2.49
Training epoch 1, iteration 22014/715787 | lr: 0.0002994 | consumed_samples: 22543360 | global_batch_size: 1024 | global_step: 22014 | reduced_train_loss: 2.493
Training epoch 1, iteration 22015/715787 | lr: 0.0002994 | consumed_samples: 22544384 | global_batch_size: 1024 | global_step: 22015 | reduced_train_loss: 2.506
Training epoch 1, iteration 22016/715787 | lr: 0.0002994 | consumed_samples: 22545408 | global_batch_size: 1024 | global_step: 22016 | reduced_train_loss: 2.486
Training epoch 1, iteration 22017/715787 | lr: 0.0002994 | consumed_samples: 22546432 | global_batch_size: 1024 | global_step: 22017 | reduced_train_loss: 2.514
Training epoch 1, iteration 22018/715787 | lr: 0.0002994 | consumed_samples: 22547456 | global_batch_size: 1024 | global_step: 22018 | reduced_train_loss: 2.473
Training epoch 1, iteration 22019/715787 | lr: 0.0002994 | consumed_samples: 22548480 | global_batch_size: 1024 | global_step: 22019 | reduced_train_loss: 2.493
Training epoch 1, iteration 22020/715787 | lr: 0.0002994 | consumed_samples: 22549504 | global_batch_size: 1024 | global_step: 22020 | reduced_train_loss: 2.488
Training epoch 1, iteration 22021/715787 | lr: 0.0002994 | consumed_samples: 22550528 | global_batch_size: 1024 | global_step: 22021 | reduced_train_loss: 2.503
Training epoch 1, iteration 22022/715787 | lr: 0.0002994 | consumed_samples: 22551552 | global_batch_size: 1024 | global_step: 22022 | reduced_train_loss: 2.491
Training epoch 1, iteration 22023/715787 | lr: 0.0002994 | consumed_samples: 22552576 | global_batch_size: 1024 | global_step: 22023 | reduced_train_loss: 2.519
Training epoch 1, iteration 22024/715787 | lr: 0.0002994 | consumed_samples: 22553600 | global_batch_size: 1024 | global_step: 22024 | reduced_train_loss: 2.502
Training epoch 1, iteration 22025/715787 | lr: 0.0002994 | consumed_samples: 22554624 | global_batch_size: 1024 | global_step: 22025 | reduced_train_loss: 2.486
Training epoch 1, iteration 22026/715787 | lr: 0.0002994 | consumed_samples: 22555648 | global_batch_size: 1024 | global_step: 22026 | reduced_train_loss: 2.497
Training epoch 1, iteration 22027/715787 | lr: 0.0002994 | consumed_samples: 22556672 | global_batch_size: 1024 | global_step: 22027 | reduced_train_loss: 2.509
Training epoch 1, iteration 22028/715787 | lr: 0.0002994 | consumed_samples: 22557696 | global_batch_size: 1024 | global_step: 22028 | reduced_train_loss: 2.503
Training epoch 1, iteration 22029/715787 | lr: 0.0002994 | consumed_samples: 22558720 | global_batch_size: 1024 | global_step: 22029 | reduced_train_loss: 2.491
Training epoch 1, iteration 22030/715787 | lr: 0.0002994 | consumed_samples: 22559744 | global_batch_size: 1024 | global_step: 22030 | reduced_train_loss: 2.502
Training epoch 1, iteration 22031/715787 | lr: 0.0002994 | consumed_samples: 22560768 | global_batch_size: 1024 | global_step: 22031 | reduced_train_loss: 2.504
Training epoch 1, iteration 22032/715787 | lr: 0.0002994 | consumed_samples: 22561792 | global_batch_size: 1024 | global_step: 22032 | reduced_train_loss: 2.511
Training epoch 1, iteration 22033/715787 | lr: 0.0002994 | consumed_samples: 22562816 | global_batch_size: 1024 | global_step: 22033 | reduced_train_loss: 2.494
Training epoch 1, iteration 22034/715787 | lr: 0.0002994 | consumed_samples: 22563840 | global_batch_size: 1024 | global_step: 22034 | reduced_train_loss: 2.504
Training epoch 1, iteration 22035/715787 | lr: 0.0002994 | consumed_samples: 22564864 | global_batch_size: 1024 | global_step: 22035 | reduced_train_loss: 2.504
Training epoch 1, iteration 22036/715787 | lr: 0.0002994 | consumed_samples: 22565888 | global_batch_size: 1024 | global_step: 22036 | reduced_train_loss: 2.482
Training epoch 1, iteration 22037/715787 | lr: 0.0002994 | consumed_samples: 22566912 | global_batch_size: 1024 | global_step: 22037 | reduced_train_loss: 2.501
Training epoch 1, iteration 22038/715787 | lr: 0.0002994 | consumed_samples: 22567936 | global_batch_size: 1024 | global_step: 22038 | reduced_train_loss: 2.507
Training epoch 1, iteration 22039/715787 | lr: 0.0002994 | consumed_samples: 22568960 | global_batch_size: 1024 | global_step: 22039 | reduced_train_loss: 2.49
Training epoch 1, iteration 22040/715787 | lr: 0.0002994 | consumed_samples: 22569984 | global_batch_size: 1024 | global_step: 22040 | reduced_train_loss: 2.493
Training epoch 1, iteration 22041/715787 | lr: 0.0002994 | consumed_samples: 22571008 | global_batch_size: 1024 | global_step: 22041 | reduced_train_loss: 2.499
Training epoch 1, iteration 22042/715787 | lr: 0.0002994 | consumed_samples: 22572032 | global_batch_size: 1024 | global_step: 22042 | reduced_train_loss: 2.49
Training epoch 1, iteration 22043/715787 | lr: 0.0002994 | consumed_samples: 22573056 | global_batch_size: 1024 | global_step: 22043 | reduced_train_loss: 2.505
Training epoch 1, iteration 22044/715787 | lr: 0.0002994 | consumed_samples: 22574080 | global_batch_size: 1024 | global_step: 22044 | reduced_train_loss: 2.482
Training epoch 1, iteration 22045/715787 | lr: 0.0002994 | consumed_samples: 22575104 | global_batch_size: 1024 | global_step: 22045 | reduced_train_loss: 2.516
Training epoch 1, iteration 22046/715787 | lr: 0.0002994 | consumed_samples: 22576128 | global_batch_size: 1024 | global_step: 22046 | reduced_train_loss: 2.493
Training epoch 1, iteration 22047/715787 | lr: 0.0002994 | consumed_samples: 22577152 | global_batch_size: 1024 | global_step: 22047 | reduced_train_loss: 2.491
Training epoch 1, iteration 22048/715787 | lr: 0.0002994 | consumed_samples: 22578176 | global_batch_size: 1024 | global_step: 22048 | reduced_train_loss: 2.495
Training epoch 1, iteration 22049/715787 | lr: 0.0002994 | consumed_samples: 22579200 | global_batch_size: 1024 | global_step: 22049 | reduced_train_loss: 2.501
Training epoch 1, iteration 22050/715787 | lr: 0.0002994 | consumed_samples: 22580224 | global_batch_size: 1024 | global_step: 22050 | reduced_train_loss: 2.505
Training epoch 1, iteration 22051/715787 | lr: 0.0002994 | consumed_samples: 22581248 | global_batch_size: 1024 | global_step: 22051 | reduced_train_loss: 2.497
Training epoch 1, iteration 22052/715787 | lr: 0.0002994 | consumed_samples: 22582272 | global_batch_size: 1024 | global_step: 22052 | reduced_train_loss: 2.511
Training epoch 1, iteration 22053/715787 | lr: 0.0002994 | consumed_samples: 22583296 | global_batch_size: 1024 | global_step: 22053 | reduced_train_loss: 2.505
Training epoch 1, iteration 22054/715787 | lr: 0.0002994 | consumed_samples: 22584320 | global_batch_size: 1024 | global_step: 22054 | reduced_train_loss: 2.502
Training epoch 1, iteration 22055/715787 | lr: 0.0002994 | consumed_samples: 22585344 | global_batch_size: 1024 | global_step: 22055 | reduced_train_loss: 2.498
Training epoch 1, iteration 22056/715787 | lr: 0.0002994 | consumed_samples: 22586368 | global_batch_size: 1024 | global_step: 22056 | reduced_train_loss: 2.514
Training epoch 1, iteration 22057/715787 | lr: 0.0002994 | consumed_samples: 22587392 | global_batch_size: 1024 | global_step: 22057 | reduced_train_loss: 2.506
Training epoch 1, iteration 22058/715787 | lr: 0.0002994 | consumed_samples: 22588416 | global_batch_size: 1024 | global_step: 22058 | reduced_train_loss: 2.494
Training epoch 1, iteration 22059/715787 | lr: 0.0002994 | consumed_samples: 22589440 | global_batch_size: 1024 | global_step: 22059 | reduced_train_loss: 2.517
Training epoch 1, iteration 22060/715787 | lr: 0.0002994 | consumed_samples: 22590464 | global_batch_size: 1024 | global_step: 22060 | reduced_train_loss: 2.485
Training epoch 1, iteration 22061/715787 | lr: 0.0002994 | consumed_samples: 22591488 | global_batch_size: 1024 | global_step: 22061 | reduced_train_loss: 2.491
Training epoch 1, iteration 22062/715787 | lr: 0.0002994 | consumed_samples: 22592512 | global_batch_size: 1024 | global_step: 22062 | reduced_train_loss: 2.509
Training epoch 1, iteration 22063/715787 | lr: 0.0002994 | consumed_samples: 22593536 | global_batch_size: 1024 | global_step: 22063 | reduced_train_loss: 2.514
Training epoch 1, iteration 22064/715787 | lr: 0.0002994 | consumed_samples: 22594560 | global_batch_size: 1024 | global_step: 22064 | reduced_train_loss: 2.5
Training epoch 1, iteration 22065/715787 | lr: 0.0002994 | consumed_samples: 22595584 | global_batch_size: 1024 | global_step: 22065 | reduced_train_loss: 2.484
Training epoch 1, iteration 22066/715787 | lr: 0.0002994 | consumed_samples: 22596608 | global_batch_size: 1024 | global_step: 22066 | reduced_train_loss: 2.514
Training epoch 1, iteration 22067/715787 | lr: 0.0002994 | consumed_samples: 22597632 | global_batch_size: 1024 | global_step: 22067 | reduced_train_loss: 2.533
Training epoch 1, iteration 22068/715787 | lr: 0.0002994 | consumed_samples: 22598656 | global_batch_size: 1024 | global_step: 22068 | reduced_train_loss: 2.509
Training epoch 1, iteration 22069/715787 | lr: 0.0002994 | consumed_samples: 22599680 | global_batch_size: 1024 | global_step: 22069 | reduced_train_loss: 2.481
Training epoch 1, iteration 22070/715787 | lr: 0.0002994 | consumed_samples: 22600704 | global_batch_size: 1024 | global_step: 22070 | reduced_train_loss: 2.52
Training epoch 1, iteration 22071/715787 | lr: 0.0002994 | consumed_samples: 22601728 | global_batch_size: 1024 | global_step: 22071 | reduced_train_loss: 2.505
Training epoch 1, iteration 22072/715787 | lr: 0.0002994 | consumed_samples: 22602752 | global_batch_size: 1024 | global_step: 22072 | reduced_train_loss: 2.485
Training epoch 1, iteration 22073/715787 | lr: 0.0002994 | consumed_samples: 22603776 | global_batch_size: 1024 | global_step: 22073 | reduced_train_loss: 2.489
Training epoch 1, iteration 22074/715787 | lr: 0.0002994 | consumed_samples: 22604800 | global_batch_size: 1024 | global_step: 22074 | reduced_train_loss: 2.512
Training epoch 1, iteration 22075/715787 | lr: 0.0002994 | consumed_samples: 22605824 | global_batch_size: 1024 | global_step: 22075 | reduced_train_loss: 2.506
Training epoch 1, iteration 22076/715787 | lr: 0.0002994 | consumed_samples: 22606848 | global_batch_size: 1024 | global_step: 22076 | reduced_train_loss: 2.469
Training epoch 1, iteration 22077/715787 | lr: 0.0002994 | consumed_samples: 22607872 | global_batch_size: 1024 | global_step: 22077 | reduced_train_loss: 2.476
Training epoch 1, iteration 22078/715787 | lr: 0.0002994 | consumed_samples: 22608896 | global_batch_size: 1024 | global_step: 22078 | reduced_train_loss: 2.491
Training epoch 1, iteration 22079/715787 | lr: 0.0002994 | consumed_samples: 22609920 | global_batch_size: 1024 | global_step: 22079 | reduced_train_loss: 2.497
Training epoch 1, iteration 22080/715787 | lr: 0.0002994 | consumed_samples: 22610944 | global_batch_size: 1024 | global_step: 22080 | reduced_train_loss: 2.521
Training epoch 1, iteration 22081/715787 | lr: 0.0002994 | consumed_samples: 22611968 | global_batch_size: 1024 | global_step: 22081 | reduced_train_loss: 2.498
Training epoch 1, iteration 22082/715787 | lr: 0.0002994 | consumed_samples: 22612992 | global_batch_size: 1024 | global_step: 22082 | reduced_train_loss: 2.504
Training epoch 1, iteration 22083/715787 | lr: 0.0002994 | consumed_samples: 22614016 | global_batch_size: 1024 | global_step: 22083 | reduced_train_loss: 2.505
Training epoch 1, iteration 22084/715787 | lr: 0.0002994 | consumed_samples: 22615040 | global_batch_size: 1024 | global_step: 22084 | reduced_train_loss: 2.483
Training epoch 1, iteration 22085/715787 | lr: 0.0002994 | consumed_samples: 22616064 | global_batch_size: 1024 | global_step: 22085 | reduced_train_loss: 2.497
Training epoch 1, iteration 22086/715787 | lr: 0.0002994 | consumed_samples: 22617088 | global_batch_size: 1024 | global_step: 22086 | reduced_train_loss: 2.52
Training epoch 1, iteration 22087/715787 | lr: 0.0002994 | consumed_samples: 22618112 | global_batch_size: 1024 | global_step: 22087 | reduced_train_loss: 2.487
Training epoch 1, iteration 22088/715787 | lr: 0.0002994 | consumed_samples: 22619136 | global_batch_size: 1024 | global_step: 22088 | reduced_train_loss: 2.499
Training epoch 1, iteration 22089/715787 | lr: 0.0002994 | consumed_samples: 22620160 | global_batch_size: 1024 | global_step: 22089 | reduced_train_loss: 2.507
Training epoch 1, iteration 22090/715787 | lr: 0.0002994 | consumed_samples: 22621184 | global_batch_size: 1024 | global_step: 22090 | reduced_train_loss: 2.495
Training epoch 1, iteration 22091/715787 | lr: 0.0002994 | consumed_samples: 22622208 | global_batch_size: 1024 | global_step: 22091 | reduced_train_loss: 2.508
Training epoch 1, iteration 22092/715787 | lr: 0.0002994 | consumed_samples: 22623232 | global_batch_size: 1024 | global_step: 22092 | reduced_train_loss: 2.493
Training epoch 1, iteration 22093/715787 | lr: 0.0002994 | consumed_samples: 22624256 | global_batch_size: 1024 | global_step: 22093 | reduced_train_loss: 2.503
Training epoch 1, iteration 22094/715787 | lr: 0.0002994 | consumed_samples: 22625280 | global_batch_size: 1024 | global_step: 22094 | reduced_train_loss: 2.477
Training epoch 1, iteration 22095/715787 | lr: 0.0002994 | consumed_samples: 22626304 | global_batch_size: 1024 | global_step: 22095 | reduced_train_loss: 2.496
Training epoch 1, iteration 22096/715787 | lr: 0.0002994 | consumed_samples: 22627328 | global_batch_size: 1024 | global_step: 22096 | reduced_train_loss: 2.502
Training epoch 1, iteration 22097/715787 | lr: 0.0002994 | consumed_samples: 22628352 | global_batch_size: 1024 | global_step: 22097 | reduced_train_loss: 2.503
Training epoch 1, iteration 22098/715787 | lr: 0.0002994 | consumed_samples: 22629376 | global_batch_size: 1024 | global_step: 22098 | reduced_train_loss: 2.5
[NeMo I 2026-03-29 16:39:01 nemo_logging:393] Running garbage collection at train global_step: 22100
Training epoch 1, iteration 22099/715787 | lr: 0.0002994 | consumed_samples: 22630400 | global_batch_size: 1024 | global_step: 22099 | reduced_train_loss: 2.496
Training epoch 1, iteration 22100/715787 | lr: 0.0002994 | consumed_samples: 22631424 | global_batch_size: 1024 | global_step: 22100 | reduced_train_loss: 2.482
Training epoch 1, iteration 22101/715787 | lr: 0.0002994 | consumed_samples: 22632448 | global_batch_size: 1024 | global_step: 22101 | reduced_train_loss: 2.501
Training epoch 1, iteration 22102/715787 | lr: 0.0002994 | consumed_samples: 22633472 | global_batch_size: 1024 | global_step: 22102 | reduced_train_loss: 2.47
Training epoch 1, iteration 22103/715787 | lr: 0.0002994 | consumed_samples: 22634496 | global_batch_size: 1024 | global_step: 22103 | reduced_train_loss: 2.47
Training epoch 1, iteration 22104/715787 | lr: 0.0002994 | consumed_samples: 22635520 | global_batch_size: 1024 | global_step: 22104 | reduced_train_loss: 2.499
Training epoch 1, iteration 22105/715787 | lr: 0.0002994 | consumed_samples: 22636544 | global_batch_size: 1024 | global_step: 22105 | reduced_train_loss: 2.484
Training epoch 1, iteration 22106/715787 | lr: 0.0002994 | consumed_samples: 22637568 | global_batch_size: 1024 | global_step: 22106 | reduced_train_loss: 2.494
Training epoch 1, iteration 22107/715787 | lr: 0.0002994 | consumed_samples: 22638592 | global_batch_size: 1024 | global_step: 22107 | reduced_train_loss: 2.501
Training epoch 1, iteration 22108/715787 | lr: 0.0002994 | consumed_samples: 22639616 | global_batch_size: 1024 | global_step: 22108 | reduced_train_loss: 2.502
Training epoch 1, iteration 22109/715787 | lr: 0.0002994 | consumed_samples: 22640640 | global_batch_size: 1024 | global_step: 22109 | reduced_train_loss: 2.493
Training epoch 1, iteration 22110/715787 | lr: 0.0002994 | consumed_samples: 22641664 | global_batch_size: 1024 | global_step: 22110 | reduced_train_loss: 2.502
[2026-03-29T16:41:10.018] error: *** STEP 12003.0 ON kairosgh3 CANCELLED AT 2026-03-29T16:41:10 DUE TO TIME LIMIT ***
[2026-03-29T16:41:10.019] error: *** JOB 12003 ON kairosgh3 CANCELLED AT 2026-03-29T16:41:10 DUE TO TIME LIMIT ***
W0329 16:41:10.018000 2198578 torch/distributed/elastic/agent/server/api.py:719] Received 15 death signal, shutting down workers
W0329 16:41:10.019000 2295607 torch/distributed/elastic/agent/server/api.py:719] Received 15 death signal, shutting down workers
W0329 16:41:10.019000 2342765 torch/distributed/elastic/agent/server/api.py:719] Received 15 death signal, shutting down workers
W0329 16:41:10.019000 2198578 torch/distributed/elastic/multiprocessing/api.py:898] Sending process 2198672 closing signal SIGTERM
W0329 16:41:10.019000 2281140 torch/distributed/elastic/agent/server/api.py:719] Received 15 death signal, shutting down workers
W0329 16:41:10.019000 2737800 torch/distributed/elastic/agent/server/api.py:719] Received 15 death signal, shutting down workers
srun: Job step aborted: Waiting up to 32 seconds for job step to finish.
W0329 16:41:10.019000 2295607 torch/distributed/elastic/multiprocessing/api.py:898] Sending process 2295702 closing signal SIGTERM
W0329 16:41:10.019000 3011874 torch/distributed/elastic/agent/server/api.py:719] Received 15 death signal, shutting down workers
W0329 16:41:10.020000 2342765 torch/distributed/elastic/multiprocessing/api.py:898] Sending process 2342846 closing signal SIGTERM
W0329 16:41:10.020000 2198578 torch/distributed/elastic/multiprocessing/api.py:898] Sending process 2198673 closing signal SIGTERM
W0329 16:41:10.020000 2281140 torch/distributed/elastic/multiprocessing/api.py:898] Sending process 2281233 closing signal SIGTERM
W0329 16:41:10.020000 2737800 torch/distributed/elastic/multiprocessing/api.py:898] Sending process 2737878 closing signal SIGTERM
W0329 16:41:10.020000 2295607 torch/distributed/elastic/multiprocessing/api.py:898] Sending process 2295703 closing signal SIGTERM
W0329 16:41:10.020000 3011874 torch/distributed/elastic/multiprocessing/api.py:898] Sending process 3011955 closing signal SIGTERM
W0329 16:41:10.020000 2342765 torch/distributed/elastic/multiprocessing/api.py:898] Sending process 2342847 closing signal SIGTERM
W0329 16:41:10.020000 2198578 torch/distributed/elastic/multiprocessing/api.py:898] Sending process 2198674 closing signal SIGTERM
W0329 16:41:10.020000 2281140 torch/distributed/elastic/multiprocessing/api.py:898] Sending process 2281234 closing signal SIGTERM
W0329 16:41:10.020000 2295607 torch/distributed/elastic/multiprocessing/api.py:898] Sending process 2295704 closing signal SIGTERM
W0329 16:41:10.020000 2737800 torch/distributed/elastic/multiprocessing/api.py:898] Sending process 2737879 closing signal SIGTERM
W0329 16:41:10.020000 3011874 torch/distributed/elastic/multiprocessing/api.py:898] Sending process 3011956 closing signal SIGTERM
W0329 16:41:10.020000 2342765 torch/distributed/elastic/multiprocessing/api.py:898] Sending process 2342848 closing signal SIGTERM
W0329 16:41:10.020000 2198578 torch/distributed/elastic/multiprocessing/api.py:898] Sending process 2198675 closing signal SIGTERM
W0329 16:41:10.021000 2295607 torch/distributed/elastic/multiprocessing/api.py:898] Sending process 2295705 closing signal SIGTERM
W0329 16:41:10.021000 2281140 torch/distributed/elastic/multiprocessing/api.py:898] Sending process 2281235 closing signal SIGTERM
W0329 16:41:10.021000 2737800 torch/distributed/elastic/multiprocessing/api.py:898] Sending process 2737880 closing signal SIGTERM
W0329 16:41:10.021000 3011874 torch/distributed/elastic/multiprocessing/api.py:898] Sending process 3011957 closing signal SIGTERM
W0329 16:41:10.021000 2342765 torch/distributed/elastic/multiprocessing/api.py:898] Sending process 2342849 closing signal SIGTERM
W0329 16:41:10.021000 2281140 torch/distributed/elastic/multiprocessing/api.py:898] Sending process 2281236 closing signal SIGTERM
W0329 16:41:10.021000 2737800 torch/distributed/elastic/multiprocessing/api.py:898] Sending process 2737881 closing signal SIGTERM
W0329 16:41:10.021000 3011874 torch/distributed/elastic/multiprocessing/api.py:898] Sending process 3011958 closing signal SIGTERM
--- Logging error ---
