==========================================
Starting SSA Triton Training
Datamix:     /work/p26037/barman/luciole-1B/training/train/train_ssa_triton/datamix_luciole_phase1.json
Output:      /tmpdir/barman/bs1024_fullrun/outputs
Name:        nemotron-1B-SSA-Triton-bs1024
Batch size:  1024
Nodes:       4
Duration:    00:05:00:00
SSA n:       1.5
SSA b:       0.8
Kernel ver:  triton
Compile BDA: 1
Warmup step: 2000
Skip warmup: 1
Contig QKV:  1
Global max:  715788
This-run max:0
W&B:         0 (mode=offline)
==========================================
W0402 12:12:29.940000 446188 torch/distributed/run.py:763] 
W0402 12:12:29.940000 446188 torch/distributed/run.py:763] *****************************************
W0402 12:12:29.940000 446188 torch/distributed/run.py:763] Setting OMP_NUM_THREADS environment variable for each process to be 1 in default, to avoid your system being overloaded, please further tune the variable for optimal performance in your application as needed. 
W0402 12:12:29.940000 446188 torch/distributed/run.py:763] *****************************************
W0402 12:12:29.944000 446182 torch/distributed/run.py:763] 
W0402 12:12:29.944000 446182 torch/distributed/run.py:763] *****************************************
W0402 12:12:29.944000 446182 torch/distributed/run.py:763] Setting OMP_NUM_THREADS environment variable for each process to be 1 in default, to avoid your system being overloaded, please further tune the variable for optimal performance in your application as needed. 
W0402 12:12:29.944000 446182 torch/distributed/run.py:763] *****************************************
W0402 12:12:29.945000 446187 torch/distributed/run.py:763] 
W0402 12:12:29.945000 446187 torch/distributed/run.py:763] *****************************************
W0402 12:12:29.945000 446187 torch/distributed/run.py:763] Setting OMP_NUM_THREADS environment variable for each process to be 1 in default, to avoid your system being overloaded, please further tune the variable for optimal performance in your application as needed. 
W0402 12:12:29.945000 446187 torch/distributed/run.py:763] *****************************************
W0402 12:12:29.945000 446186 torch/distributed/run.py:763] 
W0402 12:12:29.945000 446186 torch/distributed/run.py:763] *****************************************
W0402 12:12:29.945000 446186 torch/distributed/run.py:763] Setting OMP_NUM_THREADS environment variable for each process to be 1 in default, to avoid your system being overloaded, please further tune the variable for optimal performance in your application as needed. 
W0402 12:12:29.945000 446186 torch/distributed/run.py:763] *****************************************
[W402 12:12:29.098290881 socket.cpp:755] [c10d] The client socket cannot be initialized to connect to [kairosgh6.calmip.cluster]:22765 (errno: 97 - Address family not supported by protocol).
[W402 12:12:29.098854261 socket.cpp:755] [c10d] The client socket cannot be initialized to connect to [kairosgh6.calmip.cluster]:22765 (errno: 97 - Address family not supported by protocol).
[W402 12:12:29.099431816 socket.cpp:755] [c10d] The client socket cannot be initialized to connect to [kairosgh6.calmip.cluster]:22765 (errno: 97 - Address family not supported by protocol).
[W402 12:12:29.099487751 socket.cpp:755] [c10d] The client socket cannot be initialized to connect to [kairosgh6.calmip.cluster]:22765 (errno: 97 - Address family not supported by protocol).
W0402 12:12:30.018000 508224 torch/distributed/run.py:763] 
W0402 12:12:30.018000 508224 torch/distributed/run.py:763] *****************************************
W0402 12:12:30.018000 508224 torch/distributed/run.py:763] Setting OMP_NUM_THREADS environment variable for each process to be 1 in default, to avoid your system being overloaded, please further tune the variable for optimal performance in your application as needed. 
W0402 12:12:30.018000 508224 torch/distributed/run.py:763] *****************************************
W0402 12:12:30.021000 508233 torch/distributed/run.py:763] 
W0402 12:12:30.021000 508233 torch/distributed/run.py:763] *****************************************
W0402 12:12:30.021000 508233 torch/distributed/run.py:763] Setting OMP_NUM_THREADS environment variable for each process to be 1 in default, to avoid your system being overloaded, please further tune the variable for optimal performance in your application as needed. 
W0402 12:12:30.021000 508233 torch/distributed/run.py:763] *****************************************
W0402 12:12:30.022000 508232 torch/distributed/run.py:763] 
W0402 12:12:30.022000 508232 torch/distributed/run.py:763] *****************************************
W0402 12:12:30.022000 508232 torch/distributed/run.py:763] Setting OMP_NUM_THREADS environment variable for each process to be 1 in default, to avoid your system being overloaded, please further tune the variable for optimal performance in your application as needed. 
W0402 12:12:30.022000 508232 torch/distributed/run.py:763] *****************************************
W0402 12:12:30.024000 508231 torch/distributed/run.py:763] 
W0402 12:12:30.024000 508231 torch/distributed/run.py:763] *****************************************
W0402 12:12:30.024000 508231 torch/distributed/run.py:763] Setting OMP_NUM_THREADS environment variable for each process to be 1 in default, to avoid your system being overloaded, please further tune the variable for optimal performance in your application as needed. 
W0402 12:12:30.024000 508231 torch/distributed/run.py:763] *****************************************
[W402 12:12:30.232681823 socket.cpp:755] [c10d] The client socket cannot be initialized to connect to [kairosgh6.calmip.cluster]:22765 (errno: 97 - Address family not supported by protocol).
[W402 12:12:30.235800472 socket.cpp:755] [c10d] The client socket cannot be initialized to connect to [kairosgh6.calmip.cluster]:22765 (errno: 97 - Address family not supported by protocol).
[W402 12:12:30.235819512 socket.cpp:755] [c10d] The client socket cannot be initialized to connect to [kairosgh6.calmip.cluster]:22765 (errno: 97 - Address family not supported by protocol).
[W402 12:12:30.235908598 socket.cpp:755] [c10d] The client socket cannot be initialized to connect to [kairosgh6.calmip.cluster]:22765 (errno: 97 - Address family not supported by protocol).
W0402 12:12:30.056000 963822 torch/distributed/run.py:763] 
W0402 12:12:30.056000 963822 torch/distributed/run.py:763] *****************************************
W0402 12:12:30.056000 963822 torch/distributed/run.py:763] Setting OMP_NUM_THREADS environment variable for each process to be 1 in default, to avoid your system being overloaded, please further tune the variable for optimal performance in your application as needed. 
W0402 12:12:30.056000 963822 torch/distributed/run.py:763] *****************************************
W0402 12:12:30.056000 963820 torch/distributed/run.py:763] 
W0402 12:12:30.056000 963820 torch/distributed/run.py:763] *****************************************
W0402 12:12:30.056000 963820 torch/distributed/run.py:763] Setting OMP_NUM_THREADS environment variable for each process to be 1 in default, to avoid your system being overloaded, please further tune the variable for optimal performance in your application as needed. 
W0402 12:12:30.056000 963820 torch/distributed/run.py:763] *****************************************
W0402 12:12:30.058000 963821 torch/distributed/run.py:763] 
W0402 12:12:30.058000 963821 torch/distributed/run.py:763] *****************************************
W0402 12:12:30.058000 963821 torch/distributed/run.py:763] Setting OMP_NUM_THREADS environment variable for each process to be 1 in default, to avoid your system being overloaded, please further tune the variable for optimal performance in your application as needed. 
W0402 12:12:30.058000 963821 torch/distributed/run.py:763] *****************************************
W0402 12:12:30.060000 963823 torch/distributed/run.py:763] 
W0402 12:12:30.060000 963823 torch/distributed/run.py:763] *****************************************
W0402 12:12:30.060000 963823 torch/distributed/run.py:763] Setting OMP_NUM_THREADS environment variable for each process to be 1 in default, to avoid your system being overloaded, please further tune the variable for optimal performance in your application as needed. 
W0402 12:12:30.060000 963823 torch/distributed/run.py:763] *****************************************
[W402 12:12:30.810692193 socket.cpp:755] [c10d] The client socket cannot be initialized to connect to [kairosgh6.calmip.cluster]:22765 (errno: 97 - Address family not supported by protocol).
[W402 12:12:30.810706144 socket.cpp:755] [c10d] The client socket cannot be initialized to connect to [kairosgh6.calmip.cluster]:22765 (errno: 97 - Address family not supported by protocol).
[W402 12:12:30.810713824 socket.cpp:755] [c10d] The client socket cannot be initialized to connect to [kairosgh6.calmip.cluster]:22765 (errno: 97 - Address family not supported by protocol).
[W402 12:12:30.810732288 socket.cpp:755] [c10d] The client socket cannot be initialized to connect to [kairosgh6.calmip.cluster]:22765 (errno: 97 - Address family not supported by protocol).
W0402 12:12:30.130000 557798 torch/distributed/run.py:763] 
W0402 12:12:30.130000 557798 torch/distributed/run.py:763] *****************************************
W0402 12:12:30.130000 557798 torch/distributed/run.py:763] Setting OMP_NUM_THREADS environment variable for each process to be 1 in default, to avoid your system being overloaded, please further tune the variable for optimal performance in your application as needed. 
W0402 12:12:30.130000 557798 torch/distributed/run.py:763] *****************************************
W0402 12:12:30.131000 557795 torch/distributed/run.py:763] 
W0402 12:12:30.131000 557795 torch/distributed/run.py:763] *****************************************
W0402 12:12:30.131000 557795 torch/distributed/run.py:763] Setting OMP_NUM_THREADS environment variable for each process to be 1 in default, to avoid your system being overloaded, please further tune the variable for optimal performance in your application as needed. 
W0402 12:12:30.131000 557795 torch/distributed/run.py:763] *****************************************
W0402 12:12:30.131000 557797 torch/distributed/run.py:763] 
W0402 12:12:30.131000 557797 torch/distributed/run.py:763] *****************************************
W0402 12:12:30.131000 557797 torch/distributed/run.py:763] Setting OMP_NUM_THREADS environment variable for each process to be 1 in default, to avoid your system being overloaded, please further tune the variable for optimal performance in your application as needed. 
W0402 12:12:30.131000 557797 torch/distributed/run.py:763] *****************************************
W0402 12:12:30.131000 557799 torch/distributed/run.py:763] 
W0402 12:12:30.131000 557799 torch/distributed/run.py:763] *****************************************
W0402 12:12:30.131000 557799 torch/distributed/run.py:763] Setting OMP_NUM_THREADS environment variable for each process to be 1 in default, to avoid your system being overloaded, please further tune the variable for optimal performance in your application as needed. 
W0402 12:12:30.131000 557799 torch/distributed/run.py:763] *****************************************
[W402 12:12:30.154549390 socket.cpp:755] [c10d] The client socket cannot be initialized to connect to [kairosgh6.calmip.cluster]:22765 (errno: 97 - Address family not supported by protocol).
[W402 12:12:30.154589198 socket.cpp:755] [c10d] The client socket cannot be initialized to connect to [kairosgh6.calmip.cluster]:22765 (errno: 97 - Address family not supported by protocol).
[W402 12:12:30.154630957 socket.cpp:755] [c10d] The client socket cannot be initialized to connect to [kairosgh6.calmip.cluster]:22765 (errno: 97 - Address family not supported by protocol).
[W402 12:12:30.154651596 socket.cpp:755] [c10d] The client socket cannot be initialized to connect to [kairosgh6.calmip.cluster]:22765 (errno: 97 - Address family not supported by protocol).
[W402 12:12:31.832781424 socket.cpp:755] [c10d] The client socket cannot be initialized to connect to [kairosgh10.calmip.cluster]:37911 (errno: 97 - Address family not supported by protocol).
[rank: 2] Seed set to 1234
[rank: 3] Seed set to 1234
[rank: 0] Seed set to 1234
[rank: 1] Seed set to 1234
INFO:faiss.loader:Loading faiss with SVE support.
INFO:faiss.loader:Loading faiss with SVE support.
INFO:faiss.loader:Loading faiss with SVE support.
INFO:faiss.loader:Loading faiss with SVE support.
INFO:faiss.loader:Could not load library with SVE support due to:
ModuleNotFoundError("No module named 'faiss.swigfaiss_sve'")
INFO:faiss.loader:Could not load library with SVE support due to:
ModuleNotFoundError("No module named 'faiss.swigfaiss_sve'")
INFO:faiss.loader:Could not load library with SVE support due to:
ModuleNotFoundError("No module named 'faiss.swigfaiss_sve'")
INFO:faiss.loader:Loading faiss.
INFO:faiss.loader:Loading faiss.
INFO:faiss.loader:Could not load library with SVE support due to:
ModuleNotFoundError("No module named 'faiss.swigfaiss_sve'")
INFO:faiss.loader:Loading faiss.
INFO:faiss.loader:Loading faiss.
INFO:faiss.loader:Successfully loaded faiss.
INFO:faiss.loader:Successfully loaded faiss.
INFO:faiss.loader:Successfully loaded faiss.
INFO:faiss.loader:Successfully loaded faiss.
[NeMo W 2026-04-02 12:12:52 nemo_logging:405] /usr/local/lib/python3.12/dist-packages/pydub/utils.py:170: RuntimeWarning: Couldn't find ffmpeg or avconv - defaulting to ffmpeg, but may not work
      warn("Couldn't find ffmpeg or avconv - defaulting to ffmpeg, but may not work", RuntimeWarning)
    
INFO:datasets:PyTorch version 2.7.0a0+7c8ec84dab.nv25.3 available.
INFO:datasets:PyTorch version 2.7.0a0+7c8ec84dab.nv25.3 available.
INFO:datasets:PyTorch version 2.7.0a0+7c8ec84dab.nv25.3 available.
INFO:datasets:PyTorch version 2.7.0a0+7c8ec84dab.nv25.3 available.
INFO:datasets:Polars version 1.21.0 available.
INFO:datasets:Polars version 1.21.0 available.
INFO:datasets:Polars version 1.21.0 available.
INFO:datasets:Polars version 1.21.0 available.
INFO:utils:{'data_path': '/work/datasets/AI/tokens_luciole_phase1', 'total_tokens': 3002228277248, 'train': [{'name': 'claire_open_en_text_document', 'weight': 29003.0}, {'name': 'claire_open_fr_text_document', 'weight': 92129.0}, {'name': 'common-corpus_bnl-newspapers-1841-1879_fr_text_document', 'weight': 66237.0}, {'name': 'common-corpus_eurlex_multi_text_document', 'weight': 3601664.0}, {'name': 'common-corpus_gatt-library_multi_text_document', 'weight': 41322.0}, {'name': 'common-corpus_oecd_multi_text_document', 'weight': 121969.0}, {'name': 'common-corpus_tedeutenders_multi_text_document', 'weight': 31276.0}, {'name': 'common-corpus_wto_multi_text_document', 'weight': 577279.0}, {'name': 'common-pile_arxiv-abstracts_en_text_document', 'weight': 140138.0}, {'name': 'common-pile_arxiv-papers_en_text_document', 'weight': 1299034.0}, {'name': 'common-pile_biodiversity-heritage-library_en_text_document', 'weight': 107772.0}, {'name': 'common-pile_caselaw-access-project_en_text_document', 'weight': 929697.0}, {'name': 'common-pile_doab_en_text_document', 'weight': 712786.0}, {'name': 'common-pile_foodista_en_text_document', 'weight': 5603.0}, {'name': 'common-pile_github-archive_en_text_document', 'weight': 2244221.0}, {'name': 'common-pile_library-of-congress_en_text_document', 'weight': 101533.0}, {'name': 'common-pile_libretexts_en_text_document', 'weight': 21049.0}, {'name': 'common-pile_news_en_text_document', 'weight': 14354.0}, {'name': 'common-pile_oercommons_en_text_document', 'weight': 2748.0}, {'name': 'common-pile_peS2o_en_text_document', 'weight': 10166525.0}, {'name': 'common-pile_pre-1929-books_en_text_document', 'weight': 531517.0}, {'name': 'common-pile_pressbooks_en_text_document', 'weight': 31891.0}, {'name': 'common-pile_public-domain-review_en_text_document', 'weight': 382.0}, {'name': 'common-pile_pubmed_en_text_document', 'weight': 1869301.0}, {'name': 'common-pile_python-enhancement-proposals_en_text_document', 'weight': 652.0}, {'name': 'common-pile_regulations_en_text_document', 'weight': 266173.0}, {'name': 'common-pile_stackexchange_en_text_document', 'weight': 4985359.0}, {'name': 'common-pile_ubuntu-irc_en_text_document', 'weight': 482830.0}, {'name': 'common-pile_youtube_en_text_document', 'weight': 204765.0}, {'name': 'croissant-aligned_aligned_text_document', 'weight': 11618464.0}, {'name': 'culturax_fr_text_document_ratio1.30_phase0', 'weight': 57012131.0}, {'name': 'dclm-dolmino_en_text_document_ratio0.75_phase0', 'weight': 93003263.0}, {'name': 'europarl_aligned_text_document', 'weight': 215607.0}, {'name': 'europarl_multi_text_document', 'weight': 99752.0}, {'name': 'eurovoc_filtered_multi_text_document', 'weight': 2150091.0}, {'name': 'fineweb-edu_en_text_document_ratio0.75_phase0', 'weight': 214754282.0}, {'name': 'fineweb2_ar_text_document_ratio0.50_phase0', 'weight': 3350461.0}, {'name': 'fineweb2_ca_text_document_ratio0.05_phase0', 'weight': 92529.0}, {'name': 'fineweb2_de_text_document_ratio0.50_phase0', 'weight': 27173931.0}, {'name': 'fineweb2_es_text_document_ratio0.50_phase0', 'weight': 24393496.0}, {'name': 'fineweb2_fr_text_document_ratio1.30_phase0', 'weight': 50038822.0}, {'name': 'fineweb2_it_text_document_ratio0.50_phase0', 'weight': 13377940.0}, {'name': 'fineweb2_nl_text_document_ratio0.50_phase0', 'weight': 7435763.0}, {'name': 'fineweb2_pt_text_document_ratio0.50_phase0', 'weight': 9800040.0}, {'name': 'fineweb2_regional_text_document', 'weight': 2132152.0}, {'name': 'gallica_monographies_fr_text_document', 'weight': 5842786.0}, {'name': 'gallica_press_fr_text_document', 'weight': 22850320.0}, {'name': 'gutenberg_de_text_document', 'weight': 42330.0}, {'name': 'gutenberg_en_text_document', 'weight': 1187655.0}, {'name': 'gutenberg_es_text_document', 'weight': 21778.0}, {'name': 'gutenberg_fr_text_document', 'weight': 91991.0}, {'name': 'gutenberg_it_text_document', 'weight': 29909.0}, {'name': 'gutenberg_nl_text_document', 'weight': 24430.0}, {'name': 'gutenberg_pt_text_document', 'weight': 9241.0}, {'name': 'hal-cea_full-filtered_fr_text_document', 'weight': 7828031.0}, {'name': 'hplt2_fr_text_document_ratio1.30_phase0', 'weight': 70401931.0}, {'name': 'insee_fr_text_document', 'weight': 55377.0}, {'name': 'math-pile_math_text_document', 'weight': 2345197.0}, {'name': 'opendata_fr_text_document', 'weight': 2749409.0}, {'name': 'parlement_fr_text_document', 'weight': 282826.0}, {'name': 'starcoder-data_code_text_document', 'weight': 62922795.0}, {'name': 'theses_fr_text_document', 'weight': 3239718.0}, {'name': 'wikimedia-vikidia_ar_text_document', 'weight': 265451.0}, {'name': 'wikimedia-vikidia_ca_text_document_ratio0.20_phase0', 'weight': 58530.0}, {'name': 'wikimedia-vikidia_de_text_document', 'weight': 1098595.0}, {'name': 'wikimedia-vikidia_en_text_document', 'weight': 2882825.0}, {'name': 'wikimedia-vikidia_es_text_document', 'weight': 631843.0}, {'name': 'wikimedia-vikidia_fr_text_document', 'weight': 1276052.0}, {'name': 'wikimedia-vikidia_it_text_document', 'weight': 654077.0}, {'name': 'wikimedia-vikidia_pt_text_document', 'weight': 304392.0}, {'name': 'wikimedia-vikidia_regional_text_document', 'weight': 119234.0}, {'name': 'wikimedia_nl_text_document', 'weight': 345319.0}, {'name': 'youtube_fr_text_document', 'weight': 76194.0}]}
INFO:utils:{'data_path': '/work/datasets/AI/tokens_luciole_phase1', 'total_tokens': 3002228277248, 'train': [{'name': 'claire_open_en_text_document', 'weight': 29003.0}, {'name': 'claire_open_fr_text_document', 'weight': 92129.0}, {'name': 'common-corpus_bnl-newspapers-1841-1879_fr_text_document', 'weight': 66237.0}, {'name': 'common-corpus_eurlex_multi_text_document', 'weight': 3601664.0}, {'name': 'common-corpus_gatt-library_multi_text_document', 'weight': 41322.0}, {'name': 'common-corpus_oecd_multi_text_document', 'weight': 121969.0}, {'name': 'common-corpus_tedeutenders_multi_text_document', 'weight': 31276.0}, {'name': 'common-corpus_wto_multi_text_document', 'weight': 577279.0}, {'name': 'common-pile_arxiv-abstracts_en_text_document', 'weight': 140138.0}, {'name': 'common-pile_arxiv-papers_en_text_document', 'weight': 1299034.0}, {'name': 'common-pile_biodiversity-heritage-library_en_text_document', 'weight': 107772.0}, {'name': 'common-pile_caselaw-access-project_en_text_document', 'weight': 929697.0}, {'name': 'common-pile_doab_en_text_document', 'weight': 712786.0}, {'name': 'common-pile_foodista_en_text_document', 'weight': 5603.0}, {'name': 'common-pile_github-archive_en_text_document', 'weight': 2244221.0}, {'name': 'common-pile_library-of-congress_en_text_document', 'weight': 101533.0}, {'name': 'common-pile_libretexts_en_text_document', 'weight': 21049.0}, {'name': 'common-pile_news_en_text_document', 'weight': 14354.0}, {'name': 'common-pile_oercommons_en_text_document', 'weight': 2748.0}, {'name': 'common-pile_peS2o_en_text_document', 'weight': 10166525.0}, {'name': 'common-pile_pre-1929-books_en_text_document', 'weight': 531517.0}, {'name': 'common-pile_pressbooks_en_text_document', 'weight': 31891.0}, {'name': 'common-pile_public-domain-review_en_text_document', 'weight': 382.0}, {'name': 'common-pile_pubmed_en_text_document', 'weight': 1869301.0}, {'name': 'common-pile_python-enhancement-proposals_en_text_document', 'weight': 652.0}, {'name': 'common-pile_regulations_en_text_document', 'weight': 266173.0}, {'name': 'common-pile_stackexchange_en_text_document', 'weight': 4985359.0}, {'name': 'common-pile_ubuntu-irc_en_text_document', 'weight': 482830.0}, {'name': 'common-pile_youtube_en_text_document', 'weight': 204765.0}, {'name': 'croissant-aligned_aligned_text_document', 'weight': 11618464.0}, {'name': 'culturax_fr_text_document_ratio1.30_phase0', 'weight': 57012131.0}, {'name': 'dclm-dolmino_en_text_document_ratio0.75_phase0', 'weight': 93003263.0}, {'name': 'europarl_aligned_text_document', 'weight': 215607.0}, {'name': 'europarl_multi_text_document', 'weight': 99752.0}, {'name': 'eurovoc_filtered_multi_text_document', 'weight': 2150091.0}, {'name': 'fineweb-edu_en_text_document_ratio0.75_phase0', 'weight': 214754282.0}, {'name': 'fineweb2_ar_text_document_ratio0.50_phase0', 'weight': 3350461.0}, {'name': 'fineweb2_ca_text_document_ratio0.05_phase0', 'weight': 92529.0}, {'name': 'fineweb2_de_text_document_ratio0.50_phase0', 'weight': 27173931.0}, {'name': 'fineweb2_es_text_document_ratio0.50_phase0', 'weight': 24393496.0}, {'name': 'fineweb2_fr_text_document_ratio1.30_phase0', 'weight': 50038822.0}, {'name': 'fineweb2_it_text_document_ratio0.50_phase0', 'weight': 13377940.0}, {'name': 'fineweb2_nl_text_document_ratio0.50_phase0', 'weight': 7435763.0}, {'name': 'fineweb2_pt_text_document_ratio0.50_phase0', 'weight': 9800040.0}, {'name': 'fineweb2_regional_text_document', 'weight': 2132152.0}, {'name': 'gallica_monographies_fr_text_document', 'weight': 5842786.0}, {'name': 'gallica_press_fr_text_document', 'weight': 22850320.0}, {'name': 'gutenberg_de_text_document', 'weight': 42330.0}, {'name': 'gutenberg_en_text_document', 'weight': 1187655.0}, {'name': 'gutenberg_es_text_document', 'weight': 21778.0}, {'name': 'gutenberg_fr_text_document', 'weight': 91991.0}, {'name': 'gutenberg_it_text_document', 'weight': 29909.0}, {'name': 'gutenberg_nl_text_document', 'weight': 24430.0}, {'name': 'gutenberg_pt_text_document', 'weight': 9241.0}, {'name': 'hal-cea_full-filtered_fr_text_document', 'weight': 7828031.0}, {'name': 'hplt2_fr_text_document_ratio1.30_phase0', 'weight': 70401931.0}, {'name': 'insee_fr_text_document', 'weight': 55377.0}, {'name': 'math-pile_math_text_document', 'weight': 2345197.0}, {'name': 'opendata_fr_text_document', 'weight': 2749409.0}, {'name': 'parlement_fr_text_document', 'weight': 282826.0}, {'name': 'starcoder-data_code_text_document', 'weight': 62922795.0}, {'name': 'theses_fr_text_document', 'weight': 3239718.0}, {'name': 'wikimedia-vikidia_ar_text_document', 'weight': 265451.0}, {'name': 'wikimedia-vikidia_ca_text_document_ratio0.20_phase0', 'weight': 58530.0}, {'name': 'wikimedia-vikidia_de_text_document', 'weight': 1098595.0}, {'name': 'wikimedia-vikidia_en_text_document', 'weight': 2882825.0}, {'name': 'wikimedia-vikidia_es_text_document', 'weight': 631843.0}, {'name': 'wikimedia-vikidia_fr_text_document', 'weight': 1276052.0}, {'name': 'wikimedia-vikidia_it_text_document', 'weight': 654077.0}, {'name': 'wikimedia-vikidia_pt_text_document', 'weight': 304392.0}, {'name': 'wikimedia-vikidia_regional_text_document', 'weight': 119234.0}, {'name': 'wikimedia_nl_text_document', 'weight': 345319.0}, {'name': 'youtube_fr_text_document', 'weight': 76194.0}]}
INFO:utils:{'data_path': '/work/datasets/AI/tokens_luciole_phase1', 'total_tokens': 3002228277248, 'train': [{'name': 'claire_open_en_text_document', 'weight': 29003.0}, {'name': 'claire_open_fr_text_document', 'weight': 92129.0}, {'name': 'common-corpus_bnl-newspapers-1841-1879_fr_text_document', 'weight': 66237.0}, {'name': 'common-corpus_eurlex_multi_text_document', 'weight': 3601664.0}, {'name': 'common-corpus_gatt-library_multi_text_document', 'weight': 41322.0}, {'name': 'common-corpus_oecd_multi_text_document', 'weight': 121969.0}, {'name': 'common-corpus_tedeutenders_multi_text_document', 'weight': 31276.0}, {'name': 'common-corpus_wto_multi_text_document', 'weight': 577279.0}, {'name': 'common-pile_arxiv-abstracts_en_text_document', 'weight': 140138.0}, {'name': 'common-pile_arxiv-papers_en_text_document', 'weight': 1299034.0}, {'name': 'common-pile_biodiversity-heritage-library_en_text_document', 'weight': 107772.0}, {'name': 'common-pile_caselaw-access-project_en_text_document', 'weight': 929697.0}, {'name': 'common-pile_doab_en_text_document', 'weight': 712786.0}, {'name': 'common-pile_foodista_en_text_document', 'weight': 5603.0}, {'name': 'common-pile_github-archive_en_text_document', 'weight': 2244221.0}, {'name': 'common-pile_library-of-congress_en_text_document', 'weight': 101533.0}, {'name': 'common-pile_libretexts_en_text_document', 'weight': 21049.0}, {'name': 'common-pile_news_en_text_document', 'weight': 14354.0}, {'name': 'common-pile_oercommons_en_text_document', 'weight': 2748.0}, {'name': 'common-pile_peS2o_en_text_document', 'weight': 10166525.0}, {'name': 'common-pile_pre-1929-books_en_text_document', 'weight': 531517.0}, {'name': 'common-pile_pressbooks_en_text_document', 'weight': 31891.0}, {'name': 'common-pile_public-domain-review_en_text_document', 'weight': 382.0}, {'name': 'common-pile_pubmed_en_text_document', 'weight': 1869301.0}, {'name': 'common-pile_python-enhancement-proposals_en_text_document', 'weight': 652.0}, {'name': 'common-pile_regulations_en_text_document', 'weight': 266173.0}, {'name': 'common-pile_stackexchange_en_text_document', 'weight': 4985359.0}, {'name': 'common-pile_ubuntu-irc_en_text_document', 'weight': 482830.0}, {'name': 'common-pile_youtube_en_text_document', 'weight': 204765.0}, {'name': 'croissant-aligned_aligned_text_document', 'weight': 11618464.0}, {'name': 'culturax_fr_text_document_ratio1.30_phase0', 'weight': 57012131.0}, {'name': 'dclm-dolmino_en_text_document_ratio0.75_phase0', 'weight': 93003263.0}, {'name': 'europarl_aligned_text_document', 'weight': 215607.0}, {'name': 'europarl_multi_text_document', 'weight': 99752.0}, {'name': 'eurovoc_filtered_multi_text_document', 'weight': 2150091.0}, {'name': 'fineweb-edu_en_text_document_ratio0.75_phase0', 'weight': 214754282.0}, {'name': 'fineweb2_ar_text_document_ratio0.50_phase0', 'weight': 3350461.0}, {'name': 'fineweb2_ca_text_document_ratio0.05_phase0', 'weight': 92529.0}, {'name': 'fineweb2_de_text_document_ratio0.50_phase0', 'weight': 27173931.0}, {'name': 'fineweb2_es_text_document_ratio0.50_phase0', 'weight': 24393496.0}, {'name': 'fineweb2_fr_text_document_ratio1.30_phase0', 'weight': 50038822.0}, {'name': 'fineweb2_it_text_document_ratio0.50_phase0', 'weight': 13377940.0}, {'name': 'fineweb2_nl_text_document_ratio0.50_phase0', 'weight': 7435763.0}, {'name': 'fineweb2_pt_text_document_ratio0.50_phase0', 'weight': 9800040.0}, {'name': 'fineweb2_regional_text_document', 'weight': 2132152.0}, {'name': 'gallica_monographies_fr_text_document', 'weight': 5842786.0}, {'name': 'gallica_press_fr_text_document', 'weight': 22850320.0}, {'name': 'gutenberg_de_text_document', 'weight': 42330.0}, {'name': 'gutenberg_en_text_document', 'weight': 1187655.0}, {'name': 'gutenberg_es_text_document', 'weight': 21778.0}, {'name': 'gutenberg_fr_text_document', 'weight': 91991.0}, {'name': 'gutenberg_it_text_document', 'weight': 29909.0}, {'name': 'gutenberg_nl_text_document', 'weight': 24430.0}, {'name': 'gutenberg_pt_text_document', 'weight': 9241.0}, {'name': 'hal-cea_full-filtered_fr_text_document', 'weight': 7828031.0}, {'name': 'hplt2_fr_text_document_ratio1.30_phase0', 'weight': 70401931.0}, {'name': 'insee_fr_text_document', 'weight': 55377.0}, {'name': 'math-pile_math_text_document', 'weight': 2345197.0}, {'name': 'opendata_fr_text_document', 'weight': 2749409.0}, {'name': 'parlement_fr_text_document', 'weight': 282826.0}, {'name': 'starcoder-data_code_text_document', 'weight': 62922795.0}, {'name': 'theses_fr_text_document', 'weight': 3239718.0}, {'name': 'wikimedia-vikidia_ar_text_document', 'weight': 265451.0}, {'name': 'wikimedia-vikidia_ca_text_document_ratio0.20_phase0', 'weight': 58530.0}, {'name': 'wikimedia-vikidia_de_text_document', 'weight': 1098595.0}, {'name': 'wikimedia-vikidia_en_text_document', 'weight': 2882825.0}, {'name': 'wikimedia-vikidia_es_text_document', 'weight': 631843.0}, {'name': 'wikimedia-vikidia_fr_text_document', 'weight': 1276052.0}, {'name': 'wikimedia-vikidia_it_text_document', 'weight': 654077.0}, {'name': 'wikimedia-vikidia_pt_text_document', 'weight': 304392.0}, {'name': 'wikimedia-vikidia_regional_text_document', 'weight': 119234.0}, {'name': 'wikimedia_nl_text_document', 'weight': 345319.0}, {'name': 'youtube_fr_text_document', 'weight': 76194.0}]}
INFO:utils:{'data_path': '/work/datasets/AI/tokens_luciole_phase1', 'total_tokens': 3002228277248, 'train': [{'name': 'claire_open_en_text_document', 'weight': 29003.0}, {'name': 'claire_open_fr_text_document', 'weight': 92129.0}, {'name': 'common-corpus_bnl-newspapers-1841-1879_fr_text_document', 'weight': 66237.0}, {'name': 'common-corpus_eurlex_multi_text_document', 'weight': 3601664.0}, {'name': 'common-corpus_gatt-library_multi_text_document', 'weight': 41322.0}, {'name': 'common-corpus_oecd_multi_text_document', 'weight': 121969.0}, {'name': 'common-corpus_tedeutenders_multi_text_document', 'weight': 31276.0}, {'name': 'common-corpus_wto_multi_text_document', 'weight': 577279.0}, {'name': 'common-pile_arxiv-abstracts_en_text_document', 'weight': 140138.0}, {'name': 'common-pile_arxiv-papers_en_text_document', 'weight': 1299034.0}, {'name': 'common-pile_biodiversity-heritage-library_en_text_document', 'weight': 107772.0}, {'name': 'common-pile_caselaw-access-project_en_text_document', 'weight': 929697.0}, {'name': 'common-pile_doab_en_text_document', 'weight': 712786.0}, {'name': 'common-pile_foodista_en_text_document', 'weight': 5603.0}, {'name': 'common-pile_github-archive_en_text_document', 'weight': 2244221.0}, {'name': 'common-pile_library-of-congress_en_text_document', 'weight': 101533.0}, {'name': 'common-pile_libretexts_en_text_document', 'weight': 21049.0}, {'name': 'common-pile_news_en_text_document', 'weight': 14354.0}, {'name': 'common-pile_oercommons_en_text_document', 'weight': 2748.0}, {'name': 'common-pile_peS2o_en_text_document', 'weight': 10166525.0}, {'name': 'common-pile_pre-1929-books_en_text_document', 'weight': 531517.0}, {'name': 'common-pile_pressbooks_en_text_document', 'weight': 31891.0}, {'name': 'common-pile_public-domain-review_en_text_document', 'weight': 382.0}, {'name': 'common-pile_pubmed_en_text_document', 'weight': 1869301.0}, {'name': 'common-pile_python-enhancement-proposals_en_text_document', 'weight': 652.0}, {'name': 'common-pile_regulations_en_text_document', 'weight': 266173.0}, {'name': 'common-pile_stackexchange_en_text_document', 'weight': 4985359.0}, {'name': 'common-pile_ubuntu-irc_en_text_document', 'weight': 482830.0}, {'name': 'common-pile_youtube_en_text_document', 'weight': 204765.0}, {'name': 'croissant-aligned_aligned_text_document', 'weight': 11618464.0}, {'name': 'culturax_fr_text_document_ratio1.30_phase0', 'weight': 57012131.0}, {'name': 'dclm-dolmino_en_text_document_ratio0.75_phase0', 'weight': 93003263.0}, {'name': 'europarl_aligned_text_document', 'weight': 215607.0}, {'name': 'europarl_multi_text_document', 'weight': 99752.0}, {'name': 'eurovoc_filtered_multi_text_document', 'weight': 2150091.0}, {'name': 'fineweb-edu_en_text_document_ratio0.75_phase0', 'weight': 214754282.0}, {'name': 'fineweb2_ar_text_document_ratio0.50_phase0', 'weight': 3350461.0}, {'name': 'fineweb2_ca_text_document_ratio0.05_phase0', 'weight': 92529.0}, {'name': 'fineweb2_de_text_document_ratio0.50_phase0', 'weight': 27173931.0}, {'name': 'fineweb2_es_text_document_ratio0.50_phase0', 'weight': 24393496.0}, {'name': 'fineweb2_fr_text_document_ratio1.30_phase0', 'weight': 50038822.0}, {'name': 'fineweb2_it_text_document_ratio0.50_phase0', 'weight': 13377940.0}, {'name': 'fineweb2_nl_text_document_ratio0.50_phase0', 'weight': 7435763.0}, {'name': 'fineweb2_pt_text_document_ratio0.50_phase0', 'weight': 9800040.0}, {'name': 'fineweb2_regional_text_document', 'weight': 2132152.0}, {'name': 'gallica_monographies_fr_text_document', 'weight': 5842786.0}, {'name': 'gallica_press_fr_text_document', 'weight': 22850320.0}, {'name': 'gutenberg_de_text_document', 'weight': 42330.0}, {'name': 'gutenberg_en_text_document', 'weight': 1187655.0}, {'name': 'gutenberg_es_text_document', 'weight': 21778.0}, {'name': 'gutenberg_fr_text_document', 'weight': 91991.0}, {'name': 'gutenberg_it_text_document', 'weight': 29909.0}, {'name': 'gutenberg_nl_text_document', 'weight': 24430.0}, {'name': 'gutenberg_pt_text_document', 'weight': 9241.0}, {'name': 'hal-cea_full-filtered_fr_text_document', 'weight': 7828031.0}, {'name': 'hplt2_fr_text_document_ratio1.30_phase0', 'weight': 70401931.0}, {'name': 'insee_fr_text_document', 'weight': 55377.0}, {'name': 'math-pile_math_text_document', 'weight': 2345197.0}, {'name': 'opendata_fr_text_document', 'weight': 2749409.0}, {'name': 'parlement_fr_text_document', 'weight': 282826.0}, {'name': 'starcoder-data_code_text_document', 'weight': 62922795.0}, {'name': 'theses_fr_text_document', 'weight': 3239718.0}, {'name': 'wikimedia-vikidia_ar_text_document', 'weight': 265451.0}, {'name': 'wikimedia-vikidia_ca_text_document_ratio0.20_phase0', 'weight': 58530.0}, {'name': 'wikimedia-vikidia_de_text_document', 'weight': 1098595.0}, {'name': 'wikimedia-vikidia_en_text_document', 'weight': 2882825.0}, {'name': 'wikimedia-vikidia_es_text_document', 'weight': 631843.0}, {'name': 'wikimedia-vikidia_fr_text_document', 'weight': 1276052.0}, {'name': 'wikimedia-vikidia_it_text_document', 'weight': 654077.0}, {'name': 'wikimedia-vikidia_pt_text_document', 'weight': 304392.0}, {'name': 'wikimedia-vikidia_regional_text_document', 'weight': 119234.0}, {'name': 'wikimedia_nl_text_document', 'weight': 345319.0}, {'name': 'youtube_fr_text_document', 'weight': 76194.0}]}
INFO:__main__:Using CLI tokenizer override: /work/p26037/barman/tokenizer_128k-arab-regional_v2
INFO:__main__:Using CLI tokenizer override: /work/p26037/barman/tokenizer_128k-arab-regional_v2
INFO:__main__:Using CLI tokenizer override: /work/p26037/barman/tokenizer_128k-arab-regional_v2
INFO:__main__:Using CLI tokenizer override: /work/p26037/barman/tokenizer_128k-arab-regional_v2
INFO:__main__:Global batch size: 1024
INFO:__main__:Global batch size: 1024
INFO:__main__:Global batch size: 1024
INFO:__main__:Sequence length: 4096
INFO:__main__:Sequence length: 4096
INFO:__main__:Tokens per batch: 4194304
INFO:__main__:Tokens per batch: 4194304
INFO:__main__:Sequence length: 4096
INFO:__main__:Global batch size: 1024
INFO:__main__:Total tokens in datamix: 3002228277248
INFO:__main__:Total tokens in datamix: 3002228277248
INFO:__main__:Tokens per batch: 4194304
INFO:__main__:Global training/LR horizon (from --max_steps): 715788
INFO:__main__:Global training/LR horizon (from --max_steps): 715788
INFO:__main__:Sequence length: 4096
INFO:__main__:Total tokens in datamix: 3002228277248
INFO:__main__:Tokens per batch: 4194304
INFO:__main__:Global training/LR horizon (from --max_steps): 715788
INFO:__main__:Total tokens in datamix: 3002228277248
INFO:__main__:Global training/LR horizon (from --max_steps): 715788
INFO:__main__:Patched megatron.core.optimizer (accepted params: {'no_weight_decay_cond', 'scale_lr_cond', 'model_chunks', 'use_gloo_process_groups', 'lr_mult', 'config'})
INFO:__main__:Patched megatron.core.optimizer (accepted params: {'model_chunks', 'config', 'scale_lr_cond', 'use_gloo_process_groups', 'lr_mult', 'no_weight_decay_cond'})
INFO:__main__:Patched megatron.core.optimizer (accepted params: {'use_gloo_process_groups', 'scale_lr_cond', 'config', 'no_weight_decay_cond', 'lr_mult', 'model_chunks'})
INFO:__main__:Patched megatron.core.optimizer (accepted params: {'scale_lr_cond', 'use_gloo_process_groups', 'model_chunks', 'config', 'no_weight_decay_cond', 'lr_mult'})
[NeMo I 2026-04-02 12:12:56 nemo_logging:393] Getting HuggingFace AutoTokenizer with pretrained_model_name: /work/p26037/barman/tokenizer_128k-arab-regional_v2, vocab_file: None, merges_files: None, special_tokens_dict: {}, and use_fast: True
INFO:__main__:SSA Triton: Using fused Triton SSA FlashAttention triton (n=1.50, b=0.80, compiled_bda=True)
INFO:__main__:SSA Triton: force_contiguous_qkv=True
INFO:__main__:Detected checkpoint at step 40499
INFO:__main__:Continuing to absolute trainer.max_steps = 715788 (remaining this run: 675289 steps)
INFO:__main__:SSA Triton: Using fused Triton SSA FlashAttention triton (n=1.50, b=0.80, compiled_bda=True)
INFO:__main__:SSA Triton: Using fused Triton SSA FlashAttention triton (n=1.50, b=0.80, compiled_bda=True)
INFO:__main__:SSA Triton: force_contiguous_qkv=True
INFO:__main__:SSA Triton: force_contiguous_qkv=True
INFO:__main__:Detected checkpoint at step 40499
INFO:__main__:Continuing to absolute trainer.max_steps = 715788 (remaining this run: 675289 steps)
INFO:__main__:Detected checkpoint at step 40499
INFO:__main__:Continuing to absolute trainer.max_steps = 715788 (remaining this run: 675289 steps)
INFO:__main__:SSA Triton: Using fused Triton SSA FlashAttention triton (n=1.50, b=0.80, compiled_bda=True)
INFO:__main__:SSA Triton: force_contiguous_qkv=True
INFO:__main__:Detected checkpoint at step 40499
INFO:__main__:Continuing to absolute trainer.max_steps = 715788 (remaining this run: 675289 steps)
INFO:__main__:Detected vocab_size from tokenizer: 128000
INFO:__main__:LR scheduler max_steps = 715788, warmup_steps = 2000, min_lr = 2.9999999999999997e-05
INFO:__main__:Skipping Triton warmup (--skip_triton_warmup).
INFO:__main__:Detected vocab_size from tokenizer: 128000
INFO:__main__:Detected vocab_size from tokenizer: 128000
INFO:__main__:Detected vocab_size from tokenizer: 128000
INFO:__main__:LR scheduler max_steps = 715788, warmup_steps = 2000, min_lr = 2.9999999999999997e-05
INFO:__main__:LR scheduler max_steps = 715788, warmup_steps = 2000, min_lr = 2.9999999999999997e-05
INFO:__main__:LR scheduler max_steps = 715788, warmup_steps = 2000, min_lr = 2.9999999999999997e-05
INFO:__main__:Skipping Triton warmup (--skip_triton_warmup).
INFO:__main__:Skipping Triton warmup (--skip_triton_warmup).
INFO:utils:Config saved to /tmpdir/barman/bs1024_fullrun/outputs/job_12764/config_nemotron-1B-SSA-Triton-bs1024.json
INFO:__main__:Skipping Triton warmup (--skip_triton_warmup).
[rank: 5] Seed set to 1234
INFO: GPU available: True (cuda), used: True
INFO:lightning.pytorch.utilities.rank_zero:GPU available: True (cuda), used: True
INFO: TPU available: False, using: 0 TPU cores
INFO:lightning.pytorch.utilities.rank_zero:TPU available: False, using: 0 TPU cores
INFO: HPU available: False, using: 0 HPUs
INFO:lightning.pytorch.utilities.rank_zero:HPU available: False, using: 0 HPUs
[NeMo W 2026-04-02 12:12:56 nemo_logging:405] No version folders would be created under the log folder as 'resume_if_exists' is enabled.
[NeMo I 2026-04-02 12:12:56 nemo_logging:393] Experiments will be logged at /tmpdir/barman/bs1024_fullrun/outputs/nemotron-1B-SSA-Triton-bs1024
[NeMo W 2026-04-02 12:12:56 nemo_logging:405] "update_logger_directory" is True. Overwriting tensorboard logger "save_dir" to /tmpdir/barman/bs1024_fullrun/outputs/tb_logs
[NeMo W 2026-04-02 12:12:56 nemo_logging:405] The Trainer already contains a ModelCheckpoint callback. This will be overwritten.
[NeMo W 2026-04-02 12:12:56 nemo_logging:405] Multiple checkpoints [PosixPath('/tmpdir/barman/bs1024_fullrun/outputs/nemotron-1B-SSA-Triton-bs1024/checkpoints/nemotron-1B-SSA-Triton-bs1024-step=0000000-last'), PosixPath('/tmpdir/barman/bs1024_fullrun/outputs/nemotron-1B-SSA-Triton-bs1024/checkpoints/nemotron-1B-SSA-Triton-bs1024-step=0040499-last')] matches *last.ckpt. Selecting one with the latest modified time.
[NeMo I 2026-04-02 12:12:56 nemo_logging:393] Fixing mis-match between ddp-config & mcore-optimizer config
[NeMo I 2026-04-02 12:12:56 nemo_logging:393] Rank 0 has data parallel group : [0, 1, 2, 3, 4, 5, 6, 7, 8, 9, 10, 11, 12, 13, 14, 15]
[NeMo I 2026-04-02 12:12:56 nemo_logging:393] Rank 0 has combined group of data parallel and context parallel : [0, 1, 2, 3, 4, 5, 6, 7, 8, 9, 10, 11, 12, 13, 14, 15]
[NeMo I 2026-04-02 12:12:56 nemo_logging:393] All data parallel group ranks with context parallel combined: [[0, 1, 2, 3, 4, 5, 6, 7, 8, 9, 10, 11, 12, 13, 14, 15]]
[NeMo I 2026-04-02 12:12:56 nemo_logging:393] Ranks 0 has data parallel rank: 0
[NeMo I 2026-04-02 12:12:56 nemo_logging:393] Rank 0 has context parallel group: [0]
[NeMo I 2026-04-02 12:12:56 nemo_logging:393] All context parallel group ranks: [[0], [1], [2], [3], [4], [5], [6], [7], [8], [9], [10], [11], [12], [13], [14], [15]]
[NeMo I 2026-04-02 12:12:56 nemo_logging:393] Ranks 0 has context parallel rank: 0
[NeMo I 2026-04-02 12:12:56 nemo_logging:393] Rank 0 has model parallel group: [0]
[NeMo I 2026-04-02 12:12:56 nemo_logging:393] All model parallel group ranks: [[0], [1], [2], [3], [4], [5], [6], [7], [8], [9], [10], [11], [12], [13], [14], [15]]
[NeMo I 2026-04-02 12:12:56 nemo_logging:393] Rank 0 has tensor model parallel group: [0]
[NeMo I 2026-04-02 12:12:56 nemo_logging:393] All tensor model parallel group ranks: [[0], [1], [2], [3], [4], [5], [6], [7], [8], [9], [10], [11], [12], [13], [14], [15]]
[NeMo I 2026-04-02 12:12:56 nemo_logging:393] Rank 0 has tensor model parallel rank: 0
[NeMo I 2026-04-02 12:12:56 nemo_logging:393] Rank 0 has pipeline model parallel group: [0]
[NeMo I 2026-04-02 12:12:56 nemo_logging:393] Rank 0 has embedding group: [0]
[NeMo I 2026-04-02 12:12:56 nemo_logging:393] All pipeline model parallel group ranks: [[0], [1], [2], [3], [4], [5], [6], [7], [8], [9], [10], [11], [12], [13], [14], [15]]
[NeMo I 2026-04-02 12:12:56 nemo_logging:393] Rank 0 has pipeline model parallel rank 0
[NeMo I 2026-04-02 12:12:56 nemo_logging:393] All embedding group ranks: [[0], [1], [2], [3], [4], [5], [6], [7], [8], [9], [10], [11], [12], [13], [14], [15]]
[NeMo I 2026-04-02 12:12:56 nemo_logging:393] Rank 0 has embedding rank: 0
INFO:nemo.lightning.pytorch.strategies.megatron_strategy:Initializing distributed: GLOBAL_RANK: 0, MEMBER: 1/16
[W402 12:12:56.556453795 socket.cpp:755] [c10d] The client socket cannot be initialized to connect to [kairosgh10.calmip.cluster]:37911 (errno: 97 - Address family not supported by protocol).
INFO: ----------------------------------------------------------------------------------------------------
distributed_backend=nccl
All distributed processes registered. Starting with 16 processes
----------------------------------------------------------------------------------------------------

INFO:lightning.pytorch.utilities.rank_zero:----------------------------------------------------------------------------------------------------
distributed_backend=nccl
All distributed processes registered. Starting with 16 processes
----------------------------------------------------------------------------------------------------

[rank: 13] Seed set to 1234
[rank: 4] Seed set to 1234
INFO:nemo.lightning.pytorch.strategies.megatron_strategy:Initializing distributed: GLOBAL_RANK: 3, MEMBER: 4/16
INFO:nemo.lightning.pytorch.strategies.megatron_strategy:Initializing distributed: GLOBAL_RANK: 2, MEMBER: 3/16
INFO:nemo.lightning.pytorch.strategies.megatron_strategy:Initializing distributed: GLOBAL_RANK: 1, MEMBER: 2/16
[W402 12:12:57.012626670 socket.cpp:755] [c10d] The client socket cannot be initialized to connect to [kairosgh10.calmip.cluster]:37911 (errno: 97 - Address family not supported by protocol).
[W402 12:12:57.012629102 socket.cpp:755] [c10d] The client socket cannot be initialized to connect to [kairosgh10.calmip.cluster]:37911 (errno: 97 - Address family not supported by protocol).
[W402 12:12:57.012633422 socket.cpp:755] [c10d] The client socket cannot be initialized to connect to [kairosgh10.calmip.cluster]:37911 (errno: 97 - Address family not supported by protocol).
[rank: 14] Seed set to 1234
[rank: 11] Seed set to 1234
[rank: 9] Seed set to 1234
[rank: 7] Seed set to 1234
[rank: 6] Seed set to 1234
[rank: 8] Seed set to 1234
[rank: 10] Seed set to 1234
[rank: 12] Seed set to 1234
[rank: 15] Seed set to 1234
INFO:faiss.loader:Loading faiss with SVE support.
INFO:faiss.loader:Loading faiss with SVE support.
INFO:faiss.loader:Loading faiss with SVE support.
INFO:faiss.loader:Loading faiss with SVE support.
INFO:faiss.loader:Could not load library with SVE support due to:
ModuleNotFoundError("No module named 'faiss.swigfaiss_sve'")
INFO:faiss.loader:Could not load library with SVE support due to:
ModuleNotFoundError("No module named 'faiss.swigfaiss_sve'")
INFO:faiss.loader:Could not load library with SVE support due to:
ModuleNotFoundError("No module named 'faiss.swigfaiss_sve'")
INFO:faiss.loader:Loading faiss.
INFO:faiss.loader:Could not load library with SVE support due to:
ModuleNotFoundError("No module named 'faiss.swigfaiss_sve'")
INFO:faiss.loader:Loading faiss.
INFO:faiss.loader:Loading faiss.
INFO:faiss.loader:Loading faiss.
INFO:faiss.loader:Successfully loaded faiss.
INFO:faiss.loader:Successfully loaded faiss.
INFO:faiss.loader:Successfully loaded faiss.
INFO:faiss.loader:Successfully loaded faiss.
INFO:faiss.loader:Loading faiss with SVE support.
INFO:faiss.loader:Loading faiss with SVE support.
INFO:faiss.loader:Loading faiss with SVE support.
INFO:faiss.loader:Loading faiss with SVE support.
INFO:faiss.loader:Could not load library with SVE support due to:
ModuleNotFoundError("No module named 'faiss.swigfaiss_sve'")
INFO:faiss.loader:Could not load library with SVE support due to:
ModuleNotFoundError("No module named 'faiss.swigfaiss_sve'")
INFO:faiss.loader:Could not load library with SVE support due to:
ModuleNotFoundError("No module named 'faiss.swigfaiss_sve'")
INFO:faiss.loader:Loading faiss.
INFO:faiss.loader:Could not load library with SVE support due to:
ModuleNotFoundError("No module named 'faiss.swigfaiss_sve'")
INFO:faiss.loader:Loading faiss.
INFO:faiss.loader:Loading faiss.
INFO:faiss.loader:Loading faiss.
INFO:faiss.loader:Successfully loaded faiss.
INFO:faiss.loader:Successfully loaded faiss.
INFO:faiss.loader:Successfully loaded faiss.
INFO:faiss.loader:Successfully loaded faiss.
INFO:faiss.loader:Loading faiss with SVE support.
INFO:faiss.loader:Loading faiss with SVE support.
INFO:faiss.loader:Loading faiss with SVE support.
INFO:faiss.loader:Loading faiss with SVE support.
INFO:faiss.loader:Could not load library with SVE support due to:
ModuleNotFoundError("No module named 'faiss.swigfaiss_sve'")
INFO:faiss.loader:Could not load library with SVE support due to:
ModuleNotFoundError("No module named 'faiss.swigfaiss_sve'")
INFO:faiss.loader:Loading faiss.
INFO:faiss.loader:Loading faiss.
INFO:faiss.loader:Could not load library with SVE support due to:
ModuleNotFoundError("No module named 'faiss.swigfaiss_sve'")
INFO:faiss.loader:Could not load library with SVE support due to:
ModuleNotFoundError("No module named 'faiss.swigfaiss_sve'")
INFO:faiss.loader:Loading faiss.
INFO:faiss.loader:Loading faiss.
INFO:faiss.loader:Successfully loaded faiss.
INFO:faiss.loader:Successfully loaded faiss.
INFO:faiss.loader:Successfully loaded faiss.
INFO:faiss.loader:Successfully loaded faiss.
INFO:datasets:PyTorch version 2.7.0a0+7c8ec84dab.nv25.3 available.
INFO:datasets:PyTorch version 2.7.0a0+7c8ec84dab.nv25.3 available.
INFO:datasets:PyTorch version 2.7.0a0+7c8ec84dab.nv25.3 available.
INFO:datasets:PyTorch version 2.7.0a0+7c8ec84dab.nv25.3 available.
INFO:datasets:Polars version 1.21.0 available.
INFO:datasets:Polars version 1.21.0 available.
INFO:datasets:Polars version 1.21.0 available.
INFO:datasets:Polars version 1.21.0 available.
INFO:datasets:PyTorch version 2.7.0a0+7c8ec84dab.nv25.3 available.
INFO:datasets:PyTorch version 2.7.0a0+7c8ec84dab.nv25.3 available.
INFO:datasets:PyTorch version 2.7.0a0+7c8ec84dab.nv25.3 available.
INFO:datasets:PyTorch version 2.7.0a0+7c8ec84dab.nv25.3 available.
INFO:datasets:Polars version 1.21.0 available.
INFO:datasets:Polars version 1.21.0 available.
INFO:datasets:Polars version 1.21.0 available.
INFO:datasets:Polars version 1.21.0 available.
INFO:datasets:PyTorch version 2.7.0a0+7c8ec84dab.nv25.3 available.
INFO:datasets:PyTorch version 2.7.0a0+7c8ec84dab.nv25.3 available.
INFO:datasets:PyTorch version 2.7.0a0+7c8ec84dab.nv25.3 available.
INFO:datasets:Polars version 1.21.0 available.
INFO:datasets:Polars version 1.21.0 available.
INFO:datasets:Polars version 1.21.0 available.
INFO:datasets:PyTorch version 2.7.0a0+7c8ec84dab.nv25.3 available.
INFO:datasets:Polars version 1.21.0 available.
INFO:utils:{'data_path': '/work/datasets/AI/tokens_luciole_phase1', 'total_tokens': 3002228277248, 'train': [{'name': 'claire_open_en_text_document', 'weight': 29003.0}, {'name': 'claire_open_fr_text_document', 'weight': 92129.0}, {'name': 'common-corpus_bnl-newspapers-1841-1879_fr_text_document', 'weight': 66237.0}, {'name': 'common-corpus_eurlex_multi_text_document', 'weight': 3601664.0}, {'name': 'common-corpus_gatt-library_multi_text_document', 'weight': 41322.0}, {'name': 'common-corpus_oecd_multi_text_document', 'weight': 121969.0}, {'name': 'common-corpus_tedeutenders_multi_text_document', 'weight': 31276.0}, {'name': 'common-corpus_wto_multi_text_document', 'weight': 577279.0}, {'name': 'common-pile_arxiv-abstracts_en_text_document', 'weight': 140138.0}, {'name': 'common-pile_arxiv-papers_en_text_document', 'weight': 1299034.0}, {'name': 'common-pile_biodiversity-heritage-library_en_text_document', 'weight': 107772.0}, {'name': 'common-pile_caselaw-access-project_en_text_document', 'weight': 929697.0}, {'name': 'common-pile_doab_en_text_document', 'weight': 712786.0}, {'name': 'common-pile_foodista_en_text_document', 'weight': 5603.0}, {'name': 'common-pile_github-archive_en_text_document', 'weight': 2244221.0}, {'name': 'common-pile_library-of-congress_en_text_document', 'weight': 101533.0}, {'name': 'common-pile_libretexts_en_text_document', 'weight': 21049.0}, {'name': 'common-pile_news_en_text_document', 'weight': 14354.0}, {'name': 'common-pile_oercommons_en_text_document', 'weight': 2748.0}, {'name': 'common-pile_peS2o_en_text_document', 'weight': 10166525.0}, {'name': 'common-pile_pre-1929-books_en_text_document', 'weight': 531517.0}, {'name': 'common-pile_pressbooks_en_text_document', 'weight': 31891.0}, {'name': 'common-pile_public-domain-review_en_text_document', 'weight': 382.0}, {'name': 'common-pile_pubmed_en_text_document', 'weight': 1869301.0}, {'name': 'common-pile_python-enhancement-proposals_en_text_document', 'weight': 652.0}, {'name': 'common-pile_regulations_en_text_document', 'weight': 266173.0}, {'name': 'common-pile_stackexchange_en_text_document', 'weight': 4985359.0}, {'name': 'common-pile_ubuntu-irc_en_text_document', 'weight': 482830.0}, {'name': 'common-pile_youtube_en_text_document', 'weight': 204765.0}, {'name': 'croissant-aligned_aligned_text_document', 'weight': 11618464.0}, {'name': 'culturax_fr_text_document_ratio1.30_phase0', 'weight': 57012131.0}, {'name': 'dclm-dolmino_en_text_document_ratio0.75_phase0', 'weight': 93003263.0}, {'name': 'europarl_aligned_text_document', 'weight': 215607.0}, {'name': 'europarl_multi_text_document', 'weight': 99752.0}, {'name': 'eurovoc_filtered_multi_text_document', 'weight': 2150091.0}, {'name': 'fineweb-edu_en_text_document_ratio0.75_phase0', 'weight': 214754282.0}, {'name': 'fineweb2_ar_text_document_ratio0.50_phase0', 'weight': 3350461.0}, {'name': 'fineweb2_ca_text_document_ratio0.05_phase0', 'weight': 92529.0}, {'name': 'fineweb2_de_text_document_ratio0.50_phase0', 'weight': 27173931.0}, {'name': 'fineweb2_es_text_document_ratio0.50_phase0', 'weight': 24393496.0}, {'name': 'fineweb2_fr_text_document_ratio1.30_phase0', 'weight': 50038822.0}, {'name': 'fineweb2_it_text_document_ratio0.50_phase0', 'weight': 13377940.0}, {'name': 'fineweb2_nl_text_document_ratio0.50_phase0', 'weight': 7435763.0}, {'name': 'fineweb2_pt_text_document_ratio0.50_phase0', 'weight': 9800040.0}, {'name': 'fineweb2_regional_text_document', 'weight': 2132152.0}, {'name': 'gallica_monographies_fr_text_document', 'weight': 5842786.0}, {'name': 'gallica_press_fr_text_document', 'weight': 22850320.0}, {'name': 'gutenberg_de_text_document', 'weight': 42330.0}, {'name': 'gutenberg_en_text_document', 'weight': 1187655.0}, {'name': 'gutenberg_es_text_document', 'weight': 21778.0}, {'name': 'gutenberg_fr_text_document', 'weight': 91991.0}, {'name': 'gutenberg_it_text_document', 'weight': 29909.0}, {'name': 'gutenberg_nl_text_document', 'weight': 24430.0}, {'name': 'gutenberg_pt_text_document', 'weight': 9241.0}, {'name': 'hal-cea_full-filtered_fr_text_document', 'weight': 7828031.0}, {'name': 'hplt2_fr_text_document_ratio1.30_phase0', 'weight': 70401931.0}, {'name': 'insee_fr_text_document', 'weight': 55377.0}, {'name': 'math-pile_math_text_document', 'weight': 2345197.0}, {'name': 'opendata_fr_text_document', 'weight': 2749409.0}, {'name': 'parlement_fr_text_document', 'weight': 282826.0}, {'name': 'starcoder-data_code_text_document', 'weight': 62922795.0}, {'name': 'theses_fr_text_document', 'weight': 3239718.0}, {'name': 'wikimedia-vikidia_ar_text_document', 'weight': 265451.0}, {'name': 'wikimedia-vikidia_ca_text_document_ratio0.20_phase0', 'weight': 58530.0}, {'name': 'wikimedia-vikidia_de_text_document', 'weight': 1098595.0}, {'name': 'wikimedia-vikidia_en_text_document', 'weight': 2882825.0}, {'name': 'wikimedia-vikidia_es_text_document', 'weight': 631843.0}, {'name': 'wikimedia-vikidia_fr_text_document', 'weight': 1276052.0}, {'name': 'wikimedia-vikidia_it_text_document', 'weight': 654077.0}, {'name': 'wikimedia-vikidia_pt_text_document', 'weight': 304392.0}, {'name': 'wikimedia-vikidia_regional_text_document', 'weight': 119234.0}, {'name': 'wikimedia_nl_text_document', 'weight': 345319.0}, {'name': 'youtube_fr_text_document', 'weight': 76194.0}]}
INFO:utils:{'data_path': '/work/datasets/AI/tokens_luciole_phase1', 'total_tokens': 3002228277248, 'train': [{'name': 'claire_open_en_text_document', 'weight': 29003.0}, {'name': 'claire_open_fr_text_document', 'weight': 92129.0}, {'name': 'common-corpus_bnl-newspapers-1841-1879_fr_text_document', 'weight': 66237.0}, {'name': 'common-corpus_eurlex_multi_text_document', 'weight': 3601664.0}, {'name': 'common-corpus_gatt-library_multi_text_document', 'weight': 41322.0}, {'name': 'common-corpus_oecd_multi_text_document', 'weight': 121969.0}, {'name': 'common-corpus_tedeutenders_multi_text_document', 'weight': 31276.0}, {'name': 'common-corpus_wto_multi_text_document', 'weight': 577279.0}, {'name': 'common-pile_arxiv-abstracts_en_text_document', 'weight': 140138.0}, {'name': 'common-pile_arxiv-papers_en_text_document', 'weight': 1299034.0}, {'name': 'common-pile_biodiversity-heritage-library_en_text_document', 'weight': 107772.0}, {'name': 'common-pile_caselaw-access-project_en_text_document', 'weight': 929697.0}, {'name': 'common-pile_doab_en_text_document', 'weight': 712786.0}, {'name': 'common-pile_foodista_en_text_document', 'weight': 5603.0}, {'name': 'common-pile_github-archive_en_text_document', 'weight': 2244221.0}, {'name': 'common-pile_library-of-congress_en_text_document', 'weight': 101533.0}, {'name': 'common-pile_libretexts_en_text_document', 'weight': 21049.0}, {'name': 'common-pile_news_en_text_document', 'weight': 14354.0}, {'name': 'common-pile_oercommons_en_text_document', 'weight': 2748.0}, {'name': 'common-pile_peS2o_en_text_document', 'weight': 10166525.0}, {'name': 'common-pile_pre-1929-books_en_text_document', 'weight': 531517.0}, {'name': 'common-pile_pressbooks_en_text_document', 'weight': 31891.0}, {'name': 'common-pile_public-domain-review_en_text_document', 'weight': 382.0}, {'name': 'common-pile_pubmed_en_text_document', 'weight': 1869301.0}, {'name': 'common-pile_python-enhancement-proposals_en_text_document', 'weight': 652.0}, {'name': 'common-pile_regulations_en_text_document', 'weight': 266173.0}, {'name': 'common-pile_stackexchange_en_text_document', 'weight': 4985359.0}, {'name': 'common-pile_ubuntu-irc_en_text_document', 'weight': 482830.0}, {'name': 'common-pile_youtube_en_text_document', 'weight': 204765.0}, {'name': 'croissant-aligned_aligned_text_document', 'weight': 11618464.0}, {'name': 'culturax_fr_text_document_ratio1.30_phase0', 'weight': 57012131.0}, {'name': 'dclm-dolmino_en_text_document_ratio0.75_phase0', 'weight': 93003263.0}, {'name': 'europarl_aligned_text_document', 'weight': 215607.0}, {'name': 'europarl_multi_text_document', 'weight': 99752.0}, {'name': 'eurovoc_filtered_multi_text_document', 'weight': 2150091.0}, {'name': 'fineweb-edu_en_text_document_ratio0.75_phase0', 'weight': 214754282.0}, {'name': 'fineweb2_ar_text_document_ratio0.50_phase0', 'weight': 3350461.0}, {'name': 'fineweb2_ca_text_document_ratio0.05_phase0', 'weight': 92529.0}, {'name': 'fineweb2_de_text_document_ratio0.50_phase0', 'weight': 27173931.0}, {'name': 'fineweb2_es_text_document_ratio0.50_phase0', 'weight': 24393496.0}, {'name': 'fineweb2_fr_text_document_ratio1.30_phase0', 'weight': 50038822.0}, {'name': 'fineweb2_it_text_document_ratio0.50_phase0', 'weight': 13377940.0}, {'name': 'fineweb2_nl_text_document_ratio0.50_phase0', 'weight': 7435763.0}, {'name': 'fineweb2_pt_text_document_ratio0.50_phase0', 'weight': 9800040.0}, {'name': 'fineweb2_regional_text_document', 'weight': 2132152.0}, {'name': 'gallica_monographies_fr_text_document', 'weight': 5842786.0}, {'name': 'gallica_press_fr_text_document', 'weight': 22850320.0}, {'name': 'gutenberg_de_text_document', 'weight': 42330.0}, {'name': 'gutenberg_en_text_document', 'weight': 1187655.0}, {'name': 'gutenberg_es_text_document', 'weight': 21778.0}, {'name': 'gutenberg_fr_text_document', 'weight': 91991.0}, {'name': 'gutenberg_it_text_document', 'weight': 29909.0}, {'name': 'gutenberg_nl_text_document', 'weight': 24430.0}, {'name': 'gutenberg_pt_text_document', 'weight': 9241.0}, {'name': 'hal-cea_full-filtered_fr_text_document', 'weight': 7828031.0}, {'name': 'hplt2_fr_text_document_ratio1.30_phase0', 'weight': 70401931.0}, {'name': 'insee_fr_text_document', 'weight': 55377.0}, {'name': 'math-pile_math_text_document', 'weight': 2345197.0}, {'name': 'opendata_fr_text_document', 'weight': 2749409.0}, {'name': 'parlement_fr_text_document', 'weight': 282826.0}, {'name': 'starcoder-data_code_text_document', 'weight': 62922795.0}, {'name': 'theses_fr_text_document', 'weight': 3239718.0}, {'name': 'wikimedia-vikidia_ar_text_document', 'weight': 265451.0}, {'name': 'wikimedia-vikidia_ca_text_document_ratio0.20_phase0', 'weight': 58530.0}, {'name': 'wikimedia-vikidia_de_text_document', 'weight': 1098595.0}, {'name': 'wikimedia-vikidia_en_text_document', 'weight': 2882825.0}, {'name': 'wikimedia-vikidia_es_text_document', 'weight': 631843.0}, {'name': 'wikimedia-vikidia_fr_text_document', 'weight': 1276052.0}, {'name': 'wikimedia-vikidia_it_text_document', 'weight': 654077.0}, {'name': 'wikimedia-vikidia_pt_text_document', 'weight': 304392.0}, {'name': 'wikimedia-vikidia_regional_text_document', 'weight': 119234.0}, {'name': 'wikimedia_nl_text_document', 'weight': 345319.0}, {'name': 'youtube_fr_text_document', 'weight': 76194.0}]}
INFO:utils:{'data_path': '/work/datasets/AI/tokens_luciole_phase1', 'total_tokens': 3002228277248, 'train': [{'name': 'claire_open_en_text_document', 'weight': 29003.0}, {'name': 'claire_open_fr_text_document', 'weight': 92129.0}, {'name': 'common-corpus_bnl-newspapers-1841-1879_fr_text_document', 'weight': 66237.0}, {'name': 'common-corpus_eurlex_multi_text_document', 'weight': 3601664.0}, {'name': 'common-corpus_gatt-library_multi_text_document', 'weight': 41322.0}, {'name': 'common-corpus_oecd_multi_text_document', 'weight': 121969.0}, {'name': 'common-corpus_tedeutenders_multi_text_document', 'weight': 31276.0}, {'name': 'common-corpus_wto_multi_text_document', 'weight': 577279.0}, {'name': 'common-pile_arxiv-abstracts_en_text_document', 'weight': 140138.0}, {'name': 'common-pile_arxiv-papers_en_text_document', 'weight': 1299034.0}, {'name': 'common-pile_biodiversity-heritage-library_en_text_document', 'weight': 107772.0}, {'name': 'common-pile_caselaw-access-project_en_text_document', 'weight': 929697.0}, {'name': 'common-pile_doab_en_text_document', 'weight': 712786.0}, {'name': 'common-pile_foodista_en_text_document', 'weight': 5603.0}, {'name': 'common-pile_github-archive_en_text_document', 'weight': 2244221.0}, {'name': 'common-pile_library-of-congress_en_text_document', 'weight': 101533.0}, {'name': 'common-pile_libretexts_en_text_document', 'weight': 21049.0}, {'name': 'common-pile_news_en_text_document', 'weight': 14354.0}, {'name': 'common-pile_oercommons_en_text_document', 'weight': 2748.0}, {'name': 'common-pile_peS2o_en_text_document', 'weight': 10166525.0}, {'name': 'common-pile_pre-1929-books_en_text_document', 'weight': 531517.0}, {'name': 'common-pile_pressbooks_en_text_document', 'weight': 31891.0}, {'name': 'common-pile_public-domain-review_en_text_document', 'weight': 382.0}, {'name': 'common-pile_pubmed_en_text_document', 'weight': 1869301.0}, {'name': 'common-pile_python-enhancement-proposals_en_text_document', 'weight': 652.0}, {'name': 'common-pile_regulations_en_text_document', 'weight': 266173.0}, {'name': 'common-pile_stackexchange_en_text_document', 'weight': 4985359.0}, {'name': 'common-pile_ubuntu-irc_en_text_document', 'weight': 482830.0}, {'name': 'common-pile_youtube_en_text_document', 'weight': 204765.0}, {'name': 'croissant-aligned_aligned_text_document', 'weight': 11618464.0}, {'name': 'culturax_fr_text_document_ratio1.30_phase0', 'weight': 57012131.0}, {'name': 'dclm-dolmino_en_text_document_ratio0.75_phase0', 'weight': 93003263.0}, {'name': 'europarl_aligned_text_document', 'weight': 215607.0}, {'name': 'europarl_multi_text_document', 'weight': 99752.0}, {'name': 'eurovoc_filtered_multi_text_document', 'weight': 2150091.0}, {'name': 'fineweb-edu_en_text_document_ratio0.75_phase0', 'weight': 214754282.0}, {'name': 'fineweb2_ar_text_document_ratio0.50_phase0', 'weight': 3350461.0}, {'name': 'fineweb2_ca_text_document_ratio0.05_phase0', 'weight': 92529.0}, {'name': 'fineweb2_de_text_document_ratio0.50_phase0', 'weight': 27173931.0}, {'name': 'fineweb2_es_text_document_ratio0.50_phase0', 'weight': 24393496.0}, {'name': 'fineweb2_fr_text_document_ratio1.30_phase0', 'weight': 50038822.0}, {'name': 'fineweb2_it_text_document_ratio0.50_phase0', 'weight': 13377940.0}, {'name': 'fineweb2_nl_text_document_ratio0.50_phase0', 'weight': 7435763.0}, {'name': 'fineweb2_pt_text_document_ratio0.50_phase0', 'weight': 9800040.0}, {'name': 'fineweb2_regional_text_document', 'weight': 2132152.0}, {'name': 'gallica_monographies_fr_text_document', 'weight': 5842786.0}, {'name': 'gallica_press_fr_text_document', 'weight': 22850320.0}, {'name': 'gutenberg_de_text_document', 'weight': 42330.0}, {'name': 'gutenberg_en_text_document', 'weight': 1187655.0}, {'name': 'gutenberg_es_text_document', 'weight': 21778.0}, {'name': 'gutenberg_fr_text_document', 'weight': 91991.0}, {'name': 'gutenberg_it_text_document', 'weight': 29909.0}, {'name': 'gutenberg_nl_text_document', 'weight': 24430.0}, {'name': 'gutenberg_pt_text_document', 'weight': 9241.0}, {'name': 'hal-cea_full-filtered_fr_text_document', 'weight': 7828031.0}, {'name': 'hplt2_fr_text_document_ratio1.30_phase0', 'weight': 70401931.0}, {'name': 'insee_fr_text_document', 'weight': 55377.0}, {'name': 'math-pile_math_text_document', 'weight': 2345197.0}, {'name': 'opendata_fr_text_document', 'weight': 2749409.0}, {'name': 'parlement_fr_text_document', 'weight': 282826.0}, {'name': 'starcoder-data_code_text_document', 'weight': 62922795.0}, {'name': 'theses_fr_text_document', 'weight': 3239718.0}, {'name': 'wikimedia-vikidia_ar_text_document', 'weight': 265451.0}, {'name': 'wikimedia-vikidia_ca_text_document_ratio0.20_phase0', 'weight': 58530.0}, {'name': 'wikimedia-vikidia_de_text_document', 'weight': 1098595.0}, {'name': 'wikimedia-vikidia_en_text_document', 'weight': 2882825.0}, {'name': 'wikimedia-vikidia_es_text_document', 'weight': 631843.0}, {'name': 'wikimedia-vikidia_fr_text_document', 'weight': 1276052.0}, {'name': 'wikimedia-vikidia_it_text_document', 'weight': 654077.0}, {'name': 'wikimedia-vikidia_pt_text_document', 'weight': 304392.0}, {'name': 'wikimedia-vikidia_regional_text_document', 'weight': 119234.0}, {'name': 'wikimedia_nl_text_document', 'weight': 345319.0}, {'name': 'youtube_fr_text_document', 'weight': 76194.0}]}
INFO:utils:{'data_path': '/work/datasets/AI/tokens_luciole_phase1', 'total_tokens': 3002228277248, 'train': [{'name': 'claire_open_en_text_document', 'weight': 29003.0}, {'name': 'claire_open_fr_text_document', 'weight': 92129.0}, {'name': 'common-corpus_bnl-newspapers-1841-1879_fr_text_document', 'weight': 66237.0}, {'name': 'common-corpus_eurlex_multi_text_document', 'weight': 3601664.0}, {'name': 'common-corpus_gatt-library_multi_text_document', 'weight': 41322.0}, {'name': 'common-corpus_oecd_multi_text_document', 'weight': 121969.0}, {'name': 'common-corpus_tedeutenders_multi_text_document', 'weight': 31276.0}, {'name': 'common-corpus_wto_multi_text_document', 'weight': 577279.0}, {'name': 'common-pile_arxiv-abstracts_en_text_document', 'weight': 140138.0}, {'name': 'common-pile_arxiv-papers_en_text_document', 'weight': 1299034.0}, {'name': 'common-pile_biodiversity-heritage-library_en_text_document', 'weight': 107772.0}, {'name': 'common-pile_caselaw-access-project_en_text_document', 'weight': 929697.0}, {'name': 'common-pile_doab_en_text_document', 'weight': 712786.0}, {'name': 'common-pile_foodista_en_text_document', 'weight': 5603.0}, {'name': 'common-pile_github-archive_en_text_document', 'weight': 2244221.0}, {'name': 'common-pile_library-of-congress_en_text_document', 'weight': 101533.0}, {'name': 'common-pile_libretexts_en_text_document', 'weight': 21049.0}, {'name': 'common-pile_news_en_text_document', 'weight': 14354.0}, {'name': 'common-pile_oercommons_en_text_document', 'weight': 2748.0}, {'name': 'common-pile_peS2o_en_text_document', 'weight': 10166525.0}, {'name': 'common-pile_pre-1929-books_en_text_document', 'weight': 531517.0}, {'name': 'common-pile_pressbooks_en_text_document', 'weight': 31891.0}, {'name': 'common-pile_public-domain-review_en_text_document', 'weight': 382.0}, {'name': 'common-pile_pubmed_en_text_document', 'weight': 1869301.0}, {'name': 'common-pile_python-enhancement-proposals_en_text_document', 'weight': 652.0}, {'name': 'common-pile_regulations_en_text_document', 'weight': 266173.0}, {'name': 'common-pile_stackexchange_en_text_document', 'weight': 4985359.0}, {'name': 'common-pile_ubuntu-irc_en_text_document', 'weight': 482830.0}, {'name': 'common-pile_youtube_en_text_document', 'weight': 204765.0}, {'name': 'croissant-aligned_aligned_text_document', 'weight': 11618464.0}, {'name': 'culturax_fr_text_document_ratio1.30_phase0', 'weight': 57012131.0}, {'name': 'dclm-dolmino_en_text_document_ratio0.75_phase0', 'weight': 93003263.0}, {'name': 'europarl_aligned_text_document', 'weight': 215607.0}, {'name': 'europarl_multi_text_document', 'weight': 99752.0}, {'name': 'eurovoc_filtered_multi_text_document', 'weight': 2150091.0}, {'name': 'fineweb-edu_en_text_document_ratio0.75_phase0', 'weight': 214754282.0}, {'name': 'fineweb2_ar_text_document_ratio0.50_phase0', 'weight': 3350461.0}, {'name': 'fineweb2_ca_text_document_ratio0.05_phase0', 'weight': 92529.0}, {'name': 'fineweb2_de_text_document_ratio0.50_phase0', 'weight': 27173931.0}, {'name': 'fineweb2_es_text_document_ratio0.50_phase0', 'weight': 24393496.0}, {'name': 'fineweb2_fr_text_document_ratio1.30_phase0', 'weight': 50038822.0}, {'name': 'fineweb2_it_text_document_ratio0.50_phase0', 'weight': 13377940.0}, {'name': 'fineweb2_nl_text_document_ratio0.50_phase0', 'weight': 7435763.0}, {'name': 'fineweb2_pt_text_document_ratio0.50_phase0', 'weight': 9800040.0}, {'name': 'fineweb2_regional_text_document', 'weight': 2132152.0}, {'name': 'gallica_monographies_fr_text_document', 'weight': 5842786.0}, {'name': 'gallica_press_fr_text_document', 'weight': 22850320.0}, {'name': 'gutenberg_de_text_document', 'weight': 42330.0}, {'name': 'gutenberg_en_text_document', 'weight': 1187655.0}, {'name': 'gutenberg_es_text_document', 'weight': 21778.0}, {'name': 'gutenberg_fr_text_document', 'weight': 91991.0}, {'name': 'gutenberg_it_text_document', 'weight': 29909.0}, {'name': 'gutenberg_nl_text_document', 'weight': 24430.0}, {'name': 'gutenberg_pt_text_document', 'weight': 9241.0}, {'name': 'hal-cea_full-filtered_fr_text_document', 'weight': 7828031.0}, {'name': 'hplt2_fr_text_document_ratio1.30_phase0', 'weight': 70401931.0}, {'name': 'insee_fr_text_document', 'weight': 55377.0}, {'name': 'math-pile_math_text_document', 'weight': 2345197.0}, {'name': 'opendata_fr_text_document', 'weight': 2749409.0}, {'name': 'parlement_fr_text_document', 'weight': 282826.0}, {'name': 'starcoder-data_code_text_document', 'weight': 62922795.0}, {'name': 'theses_fr_text_document', 'weight': 3239718.0}, {'name': 'wikimedia-vikidia_ar_text_document', 'weight': 265451.0}, {'name': 'wikimedia-vikidia_ca_text_document_ratio0.20_phase0', 'weight': 58530.0}, {'name': 'wikimedia-vikidia_de_text_document', 'weight': 1098595.0}, {'name': 'wikimedia-vikidia_en_text_document', 'weight': 2882825.0}, {'name': 'wikimedia-vikidia_es_text_document', 'weight': 631843.0}, {'name': 'wikimedia-vikidia_fr_text_document', 'weight': 1276052.0}, {'name': 'wikimedia-vikidia_it_text_document', 'weight': 654077.0}, {'name': 'wikimedia-vikidia_pt_text_document', 'weight': 304392.0}, {'name': 'wikimedia-vikidia_regional_text_document', 'weight': 119234.0}, {'name': 'wikimedia_nl_text_document', 'weight': 345319.0}, {'name': 'youtube_fr_text_document', 'weight': 76194.0}]}
INFO:__main__:Using CLI tokenizer override: /work/p26037/barman/tokenizer_128k-arab-regional_v2
INFO:__main__:Using CLI tokenizer override: /work/p26037/barman/tokenizer_128k-arab-regional_v2
INFO:__main__:Using CLI tokenizer override: /work/p26037/barman/tokenizer_128k-arab-regional_v2
INFO:__main__:Using CLI tokenizer override: /work/p26037/barman/tokenizer_128k-arab-regional_v2
INFO:__main__:Global batch size: 1024
INFO:__main__:Global batch size: 1024
INFO:__main__:Global batch size: 1024
INFO:__main__:Global batch size: 1024
INFO:__main__:Sequence length: 4096
INFO:__main__:Sequence length: 4096
INFO:__main__:Tokens per batch: 4194304
INFO:__main__:Sequence length: 4096
INFO:__main__:Sequence length: 4096
INFO:__main__:Total tokens in datamix: 3002228277248
INFO:__main__:Tokens per batch: 4194304
INFO:__main__:Tokens per batch: 4194304
INFO:__main__:Tokens per batch: 4194304
INFO:__main__:Global training/LR horizon (from --max_steps): 715788
INFO:__main__:Total tokens in datamix: 3002228277248
INFO:__main__:Total tokens in datamix: 3002228277248
INFO:__main__:Total tokens in datamix: 3002228277248
INFO:__main__:Global training/LR horizon (from --max_steps): 715788
INFO:__main__:Global training/LR horizon (from --max_steps): 715788
INFO:__main__:Global training/LR horizon (from --max_steps): 715788
INFO:__main__:Patched megatron.core.optimizer (accepted params: {'use_gloo_process_groups', 'model_chunks', 'no_weight_decay_cond', 'lr_mult', 'scale_lr_cond', 'config'})
INFO:__main__:Patched megatron.core.optimizer (accepted params: {'model_chunks', 'config', 'lr_mult', 'use_gloo_process_groups', 'scale_lr_cond', 'no_weight_decay_cond'})
INFO:__main__:Patched megatron.core.optimizer (accepted params: {'lr_mult', 'no_weight_decay_cond', 'scale_lr_cond', 'use_gloo_process_groups', 'model_chunks', 'config'})
INFO:__main__:Patched megatron.core.optimizer (accepted params: {'config', 'no_weight_decay_cond', 'lr_mult', 'scale_lr_cond', 'model_chunks', 'use_gloo_process_groups'})
INFO:__main__:SSA Triton: Using fused Triton SSA FlashAttention triton (n=1.50, b=0.80, compiled_bda=True)
INFO:__main__:SSA Triton: force_contiguous_qkv=True
INFO:__main__:SSA Triton: Using fused Triton SSA FlashAttention triton (n=1.50, b=0.80, compiled_bda=True)
INFO:__main__:SSA Triton: force_contiguous_qkv=True
INFO:__main__:SSA Triton: Using fused Triton SSA FlashAttention triton (n=1.50, b=0.80, compiled_bda=True)
INFO:__main__:SSA Triton: force_contiguous_qkv=True
INFO:__main__:Detected checkpoint at step 40499
INFO:__main__:Detected checkpoint at step 40499
INFO:__main__:Detected checkpoint at step 40499
INFO:__main__:Continuing to absolute trainer.max_steps = 715788 (remaining this run: 675289 steps)
INFO:__main__:Continuing to absolute trainer.max_steps = 715788 (remaining this run: 675289 steps)
INFO:__main__:Continuing to absolute trainer.max_steps = 715788 (remaining this run: 675289 steps)
INFO:__main__:SSA Triton: Using fused Triton SSA FlashAttention triton (n=1.50, b=0.80, compiled_bda=True)
INFO:__main__:SSA Triton: force_contiguous_qkv=True
INFO:__main__:Detected checkpoint at step 40499
INFO:__main__:Continuing to absolute trainer.max_steps = 715788 (remaining this run: 675289 steps)
INFO:__main__:Detected vocab_size from tokenizer: 128000
INFO:__main__:Detected vocab_size from tokenizer: 128000
INFO:__main__:Detected vocab_size from tokenizer: 128000
INFO:__main__:LR scheduler max_steps = 715788, warmup_steps = 2000, min_lr = 2.9999999999999997e-05
INFO:__main__:Skipping Triton warmup (--skip_triton_warmup).
INFO:__main__:LR scheduler max_steps = 715788, warmup_steps = 2000, min_lr = 2.9999999999999997e-05
INFO:__main__:LR scheduler max_steps = 715788, warmup_steps = 2000, min_lr = 2.9999999999999997e-05
INFO:__main__:Skipping Triton warmup (--skip_triton_warmup).
INFO:__main__:Skipping Triton warmup (--skip_triton_warmup).
INFO:__main__:Detected vocab_size from tokenizer: 128000
INFO:__main__:LR scheduler max_steps = 715788, warmup_steps = 2000, min_lr = 2.9999999999999997e-05
INFO:__main__:Skipping Triton warmup (--skip_triton_warmup).
INFO:utils:{'data_path': '/work/datasets/AI/tokens_luciole_phase1', 'total_tokens': 3002228277248, 'train': [{'name': 'claire_open_en_text_document', 'weight': 29003.0}, {'name': 'claire_open_fr_text_document', 'weight': 92129.0}, {'name': 'common-corpus_bnl-newspapers-1841-1879_fr_text_document', 'weight': 66237.0}, {'name': 'common-corpus_eurlex_multi_text_document', 'weight': 3601664.0}, {'name': 'common-corpus_gatt-library_multi_text_document', 'weight': 41322.0}, {'name': 'common-corpus_oecd_multi_text_document', 'weight': 121969.0}, {'name': 'common-corpus_tedeutenders_multi_text_document', 'weight': 31276.0}, {'name': 'common-corpus_wto_multi_text_document', 'weight': 577279.0}, {'name': 'common-pile_arxiv-abstracts_en_text_document', 'weight': 140138.0}, {'name': 'common-pile_arxiv-papers_en_text_document', 'weight': 1299034.0}, {'name': 'common-pile_biodiversity-heritage-library_en_text_document', 'weight': 107772.0}, {'name': 'common-pile_caselaw-access-project_en_text_document', 'weight': 929697.0}, {'name': 'common-pile_doab_en_text_document', 'weight': 712786.0}, {'name': 'common-pile_foodista_en_text_document', 'weight': 5603.0}, {'name': 'common-pile_github-archive_en_text_document', 'weight': 2244221.0}, {'name': 'common-pile_library-of-congress_en_text_document', 'weight': 101533.0}, {'name': 'common-pile_libretexts_en_text_document', 'weight': 21049.0}, {'name': 'common-pile_news_en_text_document', 'weight': 14354.0}, {'name': 'common-pile_oercommons_en_text_document', 'weight': 2748.0}, {'name': 'common-pile_peS2o_en_text_document', 'weight': 10166525.0}, {'name': 'common-pile_pre-1929-books_en_text_document', 'weight': 531517.0}, {'name': 'common-pile_pressbooks_en_text_document', 'weight': 31891.0}, {'name': 'common-pile_public-domain-review_en_text_document', 'weight': 382.0}, {'name': 'common-pile_pubmed_en_text_document', 'weight': 1869301.0}, {'name': 'common-pile_python-enhancement-proposals_en_text_document', 'weight': 652.0}, {'name': 'common-pile_regulations_en_text_document', 'weight': 266173.0}, {'name': 'common-pile_stackexchange_en_text_document', 'weight': 4985359.0}, {'name': 'common-pile_ubuntu-irc_en_text_document', 'weight': 482830.0}, {'name': 'common-pile_youtube_en_text_document', 'weight': 204765.0}, {'name': 'croissant-aligned_aligned_text_document', 'weight': 11618464.0}, {'name': 'culturax_fr_text_document_ratio1.30_phase0', 'weight': 57012131.0}, {'name': 'dclm-dolmino_en_text_document_ratio0.75_phase0', 'weight': 93003263.0}, {'name': 'europarl_aligned_text_document', 'weight': 215607.0}, {'name': 'europarl_multi_text_document', 'weight': 99752.0}, {'name': 'eurovoc_filtered_multi_text_document', 'weight': 2150091.0}, {'name': 'fineweb-edu_en_text_document_ratio0.75_phase0', 'weight': 214754282.0}, {'name': 'fineweb2_ar_text_document_ratio0.50_phase0', 'weight': 3350461.0}, {'name': 'fineweb2_ca_text_document_ratio0.05_phase0', 'weight': 92529.0}, {'name': 'fineweb2_de_text_document_ratio0.50_phase0', 'weight': 27173931.0}, {'name': 'fineweb2_es_text_document_ratio0.50_phase0', 'weight': 24393496.0}, {'name': 'fineweb2_fr_text_document_ratio1.30_phase0', 'weight': 50038822.0}, {'name': 'fineweb2_it_text_document_ratio0.50_phase0', 'weight': 13377940.0}, {'name': 'fineweb2_nl_text_document_ratio0.50_phase0', 'weight': 7435763.0}, {'name': 'fineweb2_pt_text_document_ratio0.50_phase0', 'weight': 9800040.0}, {'name': 'fineweb2_regional_text_document', 'weight': 2132152.0}, {'name': 'gallica_monographies_fr_text_document', 'weight': 5842786.0}, {'name': 'gallica_press_fr_text_document', 'weight': 22850320.0}, {'name': 'gutenberg_de_text_document', 'weight': 42330.0}, {'name': 'gutenberg_en_text_document', 'weight': 1187655.0}, {'name': 'gutenberg_es_text_document', 'weight': 21778.0}, {'name': 'gutenberg_fr_text_document', 'weight': 91991.0}, {'name': 'gutenberg_it_text_document', 'weight': 29909.0}, {'name': 'gutenberg_nl_text_document', 'weight': 24430.0}, {'name': 'gutenberg_pt_text_document', 'weight': 9241.0}, {'name': 'hal-cea_full-filtered_fr_text_document', 'weight': 7828031.0}, {'name': 'hplt2_fr_text_document_ratio1.30_phase0', 'weight': 70401931.0}, {'name': 'insee_fr_text_document', 'weight': 55377.0}, {'name': 'math-pile_math_text_document', 'weight': 2345197.0}, {'name': 'opendata_fr_text_document', 'weight': 2749409.0}, {'name': 'parlement_fr_text_document', 'weight': 282826.0}, {'name': 'starcoder-data_code_text_document', 'weight': 62922795.0}, {'name': 'theses_fr_text_document', 'weight': 3239718.0}, {'name': 'wikimedia-vikidia_ar_text_document', 'weight': 265451.0}, {'name': 'wikimedia-vikidia_ca_text_document_ratio0.20_phase0', 'weight': 58530.0}, {'name': 'wikimedia-vikidia_de_text_document', 'weight': 1098595.0}, {'name': 'wikimedia-vikidia_en_text_document', 'weight': 2882825.0}, {'name': 'wikimedia-vikidia_es_text_document', 'weight': 631843.0}, {'name': 'wikimedia-vikidia_fr_text_document', 'weight': 1276052.0}, {'name': 'wikimedia-vikidia_it_text_document', 'weight': 654077.0}, {'name': 'wikimedia-vikidia_pt_text_document', 'weight': 304392.0}, {'name': 'wikimedia-vikidia_regional_text_document', 'weight': 119234.0}, {'name': 'wikimedia_nl_text_document', 'weight': 345319.0}, {'name': 'youtube_fr_text_document', 'weight': 76194.0}]}
INFO:utils:{'data_path': '/work/datasets/AI/tokens_luciole_phase1', 'total_tokens': 3002228277248, 'train': [{'name': 'claire_open_en_text_document', 'weight': 29003.0}, {'name': 'claire_open_fr_text_document', 'weight': 92129.0}, {'name': 'common-corpus_bnl-newspapers-1841-1879_fr_text_document', 'weight': 66237.0}, {'name': 'common-corpus_eurlex_multi_text_document', 'weight': 3601664.0}, {'name': 'common-corpus_gatt-library_multi_text_document', 'weight': 41322.0}, {'name': 'common-corpus_oecd_multi_text_document', 'weight': 121969.0}, {'name': 'common-corpus_tedeutenders_multi_text_document', 'weight': 31276.0}, {'name': 'common-corpus_wto_multi_text_document', 'weight': 577279.0}, {'name': 'common-pile_arxiv-abstracts_en_text_document', 'weight': 140138.0}, {'name': 'common-pile_arxiv-papers_en_text_document', 'weight': 1299034.0}, {'name': 'common-pile_biodiversity-heritage-library_en_text_document', 'weight': 107772.0}, {'name': 'common-pile_caselaw-access-project_en_text_document', 'weight': 929697.0}, {'name': 'common-pile_doab_en_text_document', 'weight': 712786.0}, {'name': 'common-pile_foodista_en_text_document', 'weight': 5603.0}, {'name': 'common-pile_github-archive_en_text_document', 'weight': 2244221.0}, {'name': 'common-pile_library-of-congress_en_text_document', 'weight': 101533.0}, {'name': 'common-pile_libretexts_en_text_document', 'weight': 21049.0}, {'name': 'common-pile_news_en_text_document', 'weight': 14354.0}, {'name': 'common-pile_oercommons_en_text_document', 'weight': 2748.0}, {'name': 'common-pile_peS2o_en_text_document', 'weight': 10166525.0}, {'name': 'common-pile_pre-1929-books_en_text_document', 'weight': 531517.0}, {'name': 'common-pile_pressbooks_en_text_document', 'weight': 31891.0}, {'name': 'common-pile_public-domain-review_en_text_document', 'weight': 382.0}, {'name': 'common-pile_pubmed_en_text_document', 'weight': 1869301.0}, {'name': 'common-pile_python-enhancement-proposals_en_text_document', 'weight': 652.0}, {'name': 'common-pile_regulations_en_text_document', 'weight': 266173.0}, {'name': 'common-pile_stackexchange_en_text_document', 'weight': 4985359.0}, {'name': 'common-pile_ubuntu-irc_en_text_document', 'weight': 482830.0}, {'name': 'common-pile_youtube_en_text_document', 'weight': 204765.0}, {'name': 'croissant-aligned_aligned_text_document', 'weight': 11618464.0}, {'name': 'culturax_fr_text_document_ratio1.30_phase0', 'weight': 57012131.0}, {'name': 'dclm-dolmino_en_text_document_ratio0.75_phase0', 'weight': 93003263.0}, {'name': 'europarl_aligned_text_document', 'weight': 215607.0}, {'name': 'europarl_multi_text_document', 'weight': 99752.0}, {'name': 'eurovoc_filtered_multi_text_document', 'weight': 2150091.0}, {'name': 'fineweb-edu_en_text_document_ratio0.75_phase0', 'weight': 214754282.0}, {'name': 'fineweb2_ar_text_document_ratio0.50_phase0', 'weight': 3350461.0}, {'name': 'fineweb2_ca_text_document_ratio0.05_phase0', 'weight': 92529.0}, {'name': 'fineweb2_de_text_document_ratio0.50_phase0', 'weight': 27173931.0}, {'name': 'fineweb2_es_text_document_ratio0.50_phase0', 'weight': 24393496.0}, {'name': 'fineweb2_fr_text_document_ratio1.30_phase0', 'weight': 50038822.0}, {'name': 'fineweb2_it_text_document_ratio0.50_phase0', 'weight': 13377940.0}, {'name': 'fineweb2_nl_text_document_ratio0.50_phase0', 'weight': 7435763.0}, {'name': 'fineweb2_pt_text_document_ratio0.50_phase0', 'weight': 9800040.0}, {'name': 'fineweb2_regional_text_document', 'weight': 2132152.0}, {'name': 'gallica_monographies_fr_text_document', 'weight': 5842786.0}, {'name': 'gallica_press_fr_text_document', 'weight': 22850320.0}, {'name': 'gutenberg_de_text_document', 'weight': 42330.0}, {'name': 'gutenberg_en_text_document', 'weight': 1187655.0}, {'name': 'gutenberg_es_text_document', 'weight': 21778.0}, {'name': 'gutenberg_fr_text_document', 'weight': 91991.0}, {'name': 'gutenberg_it_text_document', 'weight': 29909.0}, {'name': 'gutenberg_nl_text_document', 'weight': 24430.0}, {'name': 'gutenberg_pt_text_document', 'weight': 9241.0}, {'name': 'hal-cea_full-filtered_fr_text_document', 'weight': 7828031.0}, {'name': 'hplt2_fr_text_document_ratio1.30_phase0', 'weight': 70401931.0}, {'name': 'insee_fr_text_document', 'weight': 55377.0}, {'name': 'math-pile_math_text_document', 'weight': 2345197.0}, {'name': 'opendata_fr_text_document', 'weight': 2749409.0}, {'name': 'parlement_fr_text_document', 'weight': 282826.0}, {'name': 'starcoder-data_code_text_document', 'weight': 62922795.0}, {'name': 'theses_fr_text_document', 'weight': 3239718.0}, {'name': 'wikimedia-vikidia_ar_text_document', 'weight': 265451.0}, {'name': 'wikimedia-vikidia_ca_text_document_ratio0.20_phase0', 'weight': 58530.0}, {'name': 'wikimedia-vikidia_de_text_document', 'weight': 1098595.0}, {'name': 'wikimedia-vikidia_en_text_document', 'weight': 2882825.0}, {'name': 'wikimedia-vikidia_es_text_document', 'weight': 631843.0}, {'name': 'wikimedia-vikidia_fr_text_document', 'weight': 1276052.0}, {'name': 'wikimedia-vikidia_it_text_document', 'weight': 654077.0}, {'name': 'wikimedia-vikidia_pt_text_document', 'weight': 304392.0}, {'name': 'wikimedia-vikidia_regional_text_document', 'weight': 119234.0}, {'name': 'wikimedia_nl_text_document', 'weight': 345319.0}, {'name': 'youtube_fr_text_document', 'weight': 76194.0}]}
INFO:utils:{'data_path': '/work/datasets/AI/tokens_luciole_phase1', 'total_tokens': 3002228277248, 'train': [{'name': 'claire_open_en_text_document', 'weight': 29003.0}, {'name': 'claire_open_fr_text_document', 'weight': 92129.0}, {'name': 'common-corpus_bnl-newspapers-1841-1879_fr_text_document', 'weight': 66237.0}, {'name': 'common-corpus_eurlex_multi_text_document', 'weight': 3601664.0}, {'name': 'common-corpus_gatt-library_multi_text_document', 'weight': 41322.0}, {'name': 'common-corpus_oecd_multi_text_document', 'weight': 121969.0}, {'name': 'common-corpus_tedeutenders_multi_text_document', 'weight': 31276.0}, {'name': 'common-corpus_wto_multi_text_document', 'weight': 577279.0}, {'name': 'common-pile_arxiv-abstracts_en_text_document', 'weight': 140138.0}, {'name': 'common-pile_arxiv-papers_en_text_document', 'weight': 1299034.0}, {'name': 'common-pile_biodiversity-heritage-library_en_text_document', 'weight': 107772.0}, {'name': 'common-pile_caselaw-access-project_en_text_document', 'weight': 929697.0}, {'name': 'common-pile_doab_en_text_document', 'weight': 712786.0}, {'name': 'common-pile_foodista_en_text_document', 'weight': 5603.0}, {'name': 'common-pile_github-archive_en_text_document', 'weight': 2244221.0}, {'name': 'common-pile_library-of-congress_en_text_document', 'weight': 101533.0}, {'name': 'common-pile_libretexts_en_text_document', 'weight': 21049.0}, {'name': 'common-pile_news_en_text_document', 'weight': 14354.0}, {'name': 'common-pile_oercommons_en_text_document', 'weight': 2748.0}, {'name': 'common-pile_peS2o_en_text_document', 'weight': 10166525.0}, {'name': 'common-pile_pre-1929-books_en_text_document', 'weight': 531517.0}, {'name': 'common-pile_pressbooks_en_text_document', 'weight': 31891.0}, {'name': 'common-pile_public-domain-review_en_text_document', 'weight': 382.0}, {'name': 'common-pile_pubmed_en_text_document', 'weight': 1869301.0}, {'name': 'common-pile_python-enhancement-proposals_en_text_document', 'weight': 652.0}, {'name': 'common-pile_regulations_en_text_document', 'weight': 266173.0}, {'name': 'common-pile_stackexchange_en_text_document', 'weight': 4985359.0}, {'name': 'common-pile_ubuntu-irc_en_text_document', 'weight': 482830.0}, {'name': 'common-pile_youtube_en_text_document', 'weight': 204765.0}, {'name': 'croissant-aligned_aligned_text_document', 'weight': 11618464.0}, {'name': 'culturax_fr_text_document_ratio1.30_phase0', 'weight': 57012131.0}, {'name': 'dclm-dolmino_en_text_document_ratio0.75_phase0', 'weight': 93003263.0}, {'name': 'europarl_aligned_text_document', 'weight': 215607.0}, {'name': 'europarl_multi_text_document', 'weight': 99752.0}, {'name': 'eurovoc_filtered_multi_text_document', 'weight': 2150091.0}, {'name': 'fineweb-edu_en_text_document_ratio0.75_phase0', 'weight': 214754282.0}, {'name': 'fineweb2_ar_text_document_ratio0.50_phase0', 'weight': 3350461.0}, {'name': 'fineweb2_ca_text_document_ratio0.05_phase0', 'weight': 92529.0}, {'name': 'fineweb2_de_text_document_ratio0.50_phase0', 'weight': 27173931.0}, {'name': 'fineweb2_es_text_document_ratio0.50_phase0', 'weight': 24393496.0}, {'name': 'fineweb2_fr_text_document_ratio1.30_phase0', 'weight': 50038822.0}, {'name': 'fineweb2_it_text_document_ratio0.50_phase0', 'weight': 13377940.0}, {'name': 'fineweb2_nl_text_document_ratio0.50_phase0', 'weight': 7435763.0}, {'name': 'fineweb2_pt_text_document_ratio0.50_phase0', 'weight': 9800040.0}, {'name': 'fineweb2_regional_text_document', 'weight': 2132152.0}, {'name': 'gallica_monographies_fr_text_document', 'weight': 5842786.0}, {'name': 'gallica_press_fr_text_document', 'weight': 22850320.0}, {'name': 'gutenberg_de_text_document', 'weight': 42330.0}, {'name': 'gutenberg_en_text_document', 'weight': 1187655.0}, {'name': 'gutenberg_es_text_document', 'weight': 21778.0}, {'name': 'gutenberg_fr_text_document', 'weight': 91991.0}, {'name': 'gutenberg_it_text_document', 'weight': 29909.0}, {'name': 'gutenberg_nl_text_document', 'weight': 24430.0}, {'name': 'gutenberg_pt_text_document', 'weight': 9241.0}, {'name': 'hal-cea_full-filtered_fr_text_document', 'weight': 7828031.0}, {'name': 'hplt2_fr_text_document_ratio1.30_phase0', 'weight': 70401931.0}, {'name': 'insee_fr_text_document', 'weight': 55377.0}, {'name': 'math-pile_math_text_document', 'weight': 2345197.0}, {'name': 'opendata_fr_text_document', 'weight': 2749409.0}, {'name': 'parlement_fr_text_document', 'weight': 282826.0}, {'name': 'starcoder-data_code_text_document', 'weight': 62922795.0}, {'name': 'theses_fr_text_document', 'weight': 3239718.0}, {'name': 'wikimedia-vikidia_ar_text_document', 'weight': 265451.0}, {'name': 'wikimedia-vikidia_ca_text_document_ratio0.20_phase0', 'weight': 58530.0}, {'name': 'wikimedia-vikidia_de_text_document', 'weight': 1098595.0}, {'name': 'wikimedia-vikidia_en_text_document', 'weight': 2882825.0}, {'name': 'wikimedia-vikidia_es_text_document', 'weight': 631843.0}, {'name': 'wikimedia-vikidia_fr_text_document', 'weight': 1276052.0}, {'name': 'wikimedia-vikidia_it_text_document', 'weight': 654077.0}, {'name': 'wikimedia-vikidia_pt_text_document', 'weight': 304392.0}, {'name': 'wikimedia-vikidia_regional_text_document', 'weight': 119234.0}, {'name': 'wikimedia_nl_text_document', 'weight': 345319.0}, {'name': 'youtube_fr_text_document', 'weight': 76194.0}]}
INFO:utils:{'data_path': '/work/datasets/AI/tokens_luciole_phase1', 'total_tokens': 3002228277248, 'train': [{'name': 'claire_open_en_text_document', 'weight': 29003.0}, {'name': 'claire_open_fr_text_document', 'weight': 92129.0}, {'name': 'common-corpus_bnl-newspapers-1841-1879_fr_text_document', 'weight': 66237.0}, {'name': 'common-corpus_eurlex_multi_text_document', 'weight': 3601664.0}, {'name': 'common-corpus_gatt-library_multi_text_document', 'weight': 41322.0}, {'name': 'common-corpus_oecd_multi_text_document', 'weight': 121969.0}, {'name': 'common-corpus_tedeutenders_multi_text_document', 'weight': 31276.0}, {'name': 'common-corpus_wto_multi_text_document', 'weight': 577279.0}, {'name': 'common-pile_arxiv-abstracts_en_text_document', 'weight': 140138.0}, {'name': 'common-pile_arxiv-papers_en_text_document', 'weight': 1299034.0}, {'name': 'common-pile_biodiversity-heritage-library_en_text_document', 'weight': 107772.0}, {'name': 'common-pile_caselaw-access-project_en_text_document', 'weight': 929697.0}, {'name': 'common-pile_doab_en_text_document', 'weight': 712786.0}, {'name': 'common-pile_foodista_en_text_document', 'weight': 5603.0}, {'name': 'common-pile_github-archive_en_text_document', 'weight': 2244221.0}, {'name': 'common-pile_library-of-congress_en_text_document', 'weight': 101533.0}, {'name': 'common-pile_libretexts_en_text_document', 'weight': 21049.0}, {'name': 'common-pile_news_en_text_document', 'weight': 14354.0}, {'name': 'common-pile_oercommons_en_text_document', 'weight': 2748.0}, {'name': 'common-pile_peS2o_en_text_document', 'weight': 10166525.0}, {'name': 'common-pile_pre-1929-books_en_text_document', 'weight': 531517.0}, {'name': 'common-pile_pressbooks_en_text_document', 'weight': 31891.0}, {'name': 'common-pile_public-domain-review_en_text_document', 'weight': 382.0}, {'name': 'common-pile_pubmed_en_text_document', 'weight': 1869301.0}, {'name': 'common-pile_python-enhancement-proposals_en_text_document', 'weight': 652.0}, {'name': 'common-pile_regulations_en_text_document', 'weight': 266173.0}, {'name': 'common-pile_stackexchange_en_text_document', 'weight': 4985359.0}, {'name': 'common-pile_ubuntu-irc_en_text_document', 'weight': 482830.0}, {'name': 'common-pile_youtube_en_text_document', 'weight': 204765.0}, {'name': 'croissant-aligned_aligned_text_document', 'weight': 11618464.0}, {'name': 'culturax_fr_text_document_ratio1.30_phase0', 'weight': 57012131.0}, {'name': 'dclm-dolmino_en_text_document_ratio0.75_phase0', 'weight': 93003263.0}, {'name': 'europarl_aligned_text_document', 'weight': 215607.0}, {'name': 'europarl_multi_text_document', 'weight': 99752.0}, {'name': 'eurovoc_filtered_multi_text_document', 'weight': 2150091.0}, {'name': 'fineweb-edu_en_text_document_ratio0.75_phase0', 'weight': 214754282.0}, {'name': 'fineweb2_ar_text_document_ratio0.50_phase0', 'weight': 3350461.0}, {'name': 'fineweb2_ca_text_document_ratio0.05_phase0', 'weight': 92529.0}, {'name': 'fineweb2_de_text_document_ratio0.50_phase0', 'weight': 27173931.0}, {'name': 'fineweb2_es_text_document_ratio0.50_phase0', 'weight': 24393496.0}, {'name': 'fineweb2_fr_text_document_ratio1.30_phase0', 'weight': 50038822.0}, {'name': 'fineweb2_it_text_document_ratio0.50_phase0', 'weight': 13377940.0}, {'name': 'fineweb2_nl_text_document_ratio0.50_phase0', 'weight': 7435763.0}, {'name': 'fineweb2_pt_text_document_ratio0.50_phase0', 'weight': 9800040.0}, {'name': 'fineweb2_regional_text_document', 'weight': 2132152.0}, {'name': 'gallica_monographies_fr_text_document', 'weight': 5842786.0}, {'name': 'gallica_press_fr_text_document', 'weight': 22850320.0}, {'name': 'gutenberg_de_text_document', 'weight': 42330.0}, {'name': 'gutenberg_en_text_document', 'weight': 1187655.0}, {'name': 'gutenberg_es_text_document', 'weight': 21778.0}, {'name': 'gutenberg_fr_text_document', 'weight': 91991.0}, {'name': 'gutenberg_it_text_document', 'weight': 29909.0}, {'name': 'gutenberg_nl_text_document', 'weight': 24430.0}, {'name': 'gutenberg_pt_text_document', 'weight': 9241.0}, {'name': 'hal-cea_full-filtered_fr_text_document', 'weight': 7828031.0}, {'name': 'hplt2_fr_text_document_ratio1.30_phase0', 'weight': 70401931.0}, {'name': 'insee_fr_text_document', 'weight': 55377.0}, {'name': 'math-pile_math_text_document', 'weight': 2345197.0}, {'name': 'opendata_fr_text_document', 'weight': 2749409.0}, {'name': 'parlement_fr_text_document', 'weight': 282826.0}, {'name': 'starcoder-data_code_text_document', 'weight': 62922795.0}, {'name': 'theses_fr_text_document', 'weight': 3239718.0}, {'name': 'wikimedia-vikidia_ar_text_document', 'weight': 265451.0}, {'name': 'wikimedia-vikidia_ca_text_document_ratio0.20_phase0', 'weight': 58530.0}, {'name': 'wikimedia-vikidia_de_text_document', 'weight': 1098595.0}, {'name': 'wikimedia-vikidia_en_text_document', 'weight': 2882825.0}, {'name': 'wikimedia-vikidia_es_text_document', 'weight': 631843.0}, {'name': 'wikimedia-vikidia_fr_text_document', 'weight': 1276052.0}, {'name': 'wikimedia-vikidia_it_text_document', 'weight': 654077.0}, {'name': 'wikimedia-vikidia_pt_text_document', 'weight': 304392.0}, {'name': 'wikimedia-vikidia_regional_text_document', 'weight': 119234.0}, {'name': 'wikimedia_nl_text_document', 'weight': 345319.0}, {'name': 'youtube_fr_text_document', 'weight': 76194.0}]}
INFO:__main__:Using CLI tokenizer override: /work/p26037/barman/tokenizer_128k-arab-regional_v2
INFO:__main__:Using CLI tokenizer override: /work/p26037/barman/tokenizer_128k-arab-regional_v2
INFO:__main__:Using CLI tokenizer override: /work/p26037/barman/tokenizer_128k-arab-regional_v2
INFO:__main__:Using CLI tokenizer override: /work/p26037/barman/tokenizer_128k-arab-regional_v2
INFO:__main__:Global batch size: 1024
INFO:__main__:Global batch size: 1024
INFO:__main__:Sequence length: 4096
INFO:__main__:Sequence length: 4096
INFO:__main__:Tokens per batch: 4194304
INFO:__main__:Tokens per batch: 4194304
INFO:__main__:Total tokens in datamix: 3002228277248
INFO:__main__:Total tokens in datamix: 3002228277248
INFO:__main__:Global training/LR horizon (from --max_steps): 715788
INFO:__main__:Global training/LR horizon (from --max_steps): 715788
INFO:__main__:Global batch size: 1024
INFO:__main__:Global batch size: 1024
INFO:__main__:Sequence length: 4096
INFO:__main__:Sequence length: 4096
INFO:__main__:Tokens per batch: 4194304
INFO:__main__:Tokens per batch: 4194304
INFO:__main__:Total tokens in datamix: 3002228277248
INFO:__main__:Total tokens in datamix: 3002228277248
INFO:__main__:Global training/LR horizon (from --max_steps): 715788
INFO:__main__:Global training/LR horizon (from --max_steps): 715788
INFO:__main__:Patched megatron.core.optimizer (accepted params: {'config', 'scale_lr_cond', 'model_chunks', 'use_gloo_process_groups', 'lr_mult', 'no_weight_decay_cond'})
INFO:__main__:Patched megatron.core.optimizer (accepted params: {'no_weight_decay_cond', 'use_gloo_process_groups', 'model_chunks', 'scale_lr_cond', 'lr_mult', 'config'})
INFO:__main__:Patched megatron.core.optimizer (accepted params: {'model_chunks', 'scale_lr_cond', 'config', 'no_weight_decay_cond', 'use_gloo_process_groups', 'lr_mult'})
INFO:__main__:Patched megatron.core.optimizer (accepted params: {'config', 'scale_lr_cond', 'use_gloo_process_groups', 'model_chunks', 'no_weight_decay_cond', 'lr_mult'})
INFO:__main__:SSA Triton: Using fused Triton SSA FlashAttention triton (n=1.50, b=0.80, compiled_bda=True)
INFO:__main__:SSA Triton: Using fused Triton SSA FlashAttention triton (n=1.50, b=0.80, compiled_bda=True)
INFO:__main__:SSA Triton: Using fused Triton SSA FlashAttention triton (n=1.50, b=0.80, compiled_bda=True)
INFO:__main__:SSA Triton: Using fused Triton SSA FlashAttention triton (n=1.50, b=0.80, compiled_bda=True)
INFO:__main__:SSA Triton: force_contiguous_qkv=True
INFO:__main__:SSA Triton: force_contiguous_qkv=True
INFO:__main__:SSA Triton: force_contiguous_qkv=True
INFO:__main__:SSA Triton: force_contiguous_qkv=True
INFO:__main__:Detected checkpoint at step 40499
INFO:__main__:Detected checkpoint at step 40499
INFO:__main__:Detected checkpoint at step 40499
INFO:__main__:Continuing to absolute trainer.max_steps = 715788 (remaining this run: 675289 steps)
INFO:__main__:Continuing to absolute trainer.max_steps = 715788 (remaining this run: 675289 steps)
INFO:__main__:Continuing to absolute trainer.max_steps = 715788 (remaining this run: 675289 steps)
INFO:__main__:Detected checkpoint at step 40499
INFO:__main__:Continuing to absolute trainer.max_steps = 715788 (remaining this run: 675289 steps)
INFO:__main__:Detected vocab_size from tokenizer: 128000
INFO:__main__:Detected vocab_size from tokenizer: 128000
INFO:__main__:Detected vocab_size from tokenizer: 128000
INFO:__main__:Detected vocab_size from tokenizer: 128000
INFO:__main__:LR scheduler max_steps = 715788, warmup_steps = 2000, min_lr = 2.9999999999999997e-05
INFO:__main__:LR scheduler max_steps = 715788, warmup_steps = 2000, min_lr = 2.9999999999999997e-05
INFO:__main__:Skipping Triton warmup (--skip_triton_warmup).
INFO:__main__:Skipping Triton warmup (--skip_triton_warmup).
INFO:__main__:LR scheduler max_steps = 715788, warmup_steps = 2000, min_lr = 2.9999999999999997e-05
INFO:__main__:Skipping Triton warmup (--skip_triton_warmup).
INFO:__main__:LR scheduler max_steps = 715788, warmup_steps = 2000, min_lr = 2.9999999999999997e-05
INFO:__main__:Skipping Triton warmup (--skip_triton_warmup).
INFO:nemo.lightning.pytorch.strategies.megatron_strategy:Initializing distributed: GLOBAL_RANK: 4, MEMBER: 5/16
[W402 12:13:06.087209226 socket.cpp:755] [c10d] The client socket cannot be initialized to connect to [kairosgh10.calmip.cluster]:37911 (errno: 97 - Address family not supported by protocol).
INFO:utils:{'data_path': '/work/datasets/AI/tokens_luciole_phase1', 'total_tokens': 3002228277248, 'train': [{'name': 'claire_open_en_text_document', 'weight': 29003.0}, {'name': 'claire_open_fr_text_document', 'weight': 92129.0}, {'name': 'common-corpus_bnl-newspapers-1841-1879_fr_text_document', 'weight': 66237.0}, {'name': 'common-corpus_eurlex_multi_text_document', 'weight': 3601664.0}, {'name': 'common-corpus_gatt-library_multi_text_document', 'weight': 41322.0}, {'name': 'common-corpus_oecd_multi_text_document', 'weight': 121969.0}, {'name': 'common-corpus_tedeutenders_multi_text_document', 'weight': 31276.0}, {'name': 'common-corpus_wto_multi_text_document', 'weight': 577279.0}, {'name': 'common-pile_arxiv-abstracts_en_text_document', 'weight': 140138.0}, {'name': 'common-pile_arxiv-papers_en_text_document', 'weight': 1299034.0}, {'name': 'common-pile_biodiversity-heritage-library_en_text_document', 'weight': 107772.0}, {'name': 'common-pile_caselaw-access-project_en_text_document', 'weight': 929697.0}, {'name': 'common-pile_doab_en_text_document', 'weight': 712786.0}, {'name': 'common-pile_foodista_en_text_document', 'weight': 5603.0}, {'name': 'common-pile_github-archive_en_text_document', 'weight': 2244221.0}, {'name': 'common-pile_library-of-congress_en_text_document', 'weight': 101533.0}, {'name': 'common-pile_libretexts_en_text_document', 'weight': 21049.0}, {'name': 'common-pile_news_en_text_document', 'weight': 14354.0}, {'name': 'common-pile_oercommons_en_text_document', 'weight': 2748.0}, {'name': 'common-pile_peS2o_en_text_document', 'weight': 10166525.0}, {'name': 'common-pile_pre-1929-books_en_text_document', 'weight': 531517.0}, {'name': 'common-pile_pressbooks_en_text_document', 'weight': 31891.0}, {'name': 'common-pile_public-domain-review_en_text_document', 'weight': 382.0}, {'name': 'common-pile_pubmed_en_text_document', 'weight': 1869301.0}, {'name': 'common-pile_python-enhancement-proposals_en_text_document', 'weight': 652.0}, {'name': 'common-pile_regulations_en_text_document', 'weight': 266173.0}, {'name': 'common-pile_stackexchange_en_text_document', 'weight': 4985359.0}, {'name': 'common-pile_ubuntu-irc_en_text_document', 'weight': 482830.0}, {'name': 'common-pile_youtube_en_text_document', 'weight': 204765.0}, {'name': 'croissant-aligned_aligned_text_document', 'weight': 11618464.0}, {'name': 'culturax_fr_text_document_ratio1.30_phase0', 'weight': 57012131.0}, {'name': 'dclm-dolmino_en_text_document_ratio0.75_phase0', 'weight': 93003263.0}, {'name': 'europarl_aligned_text_document', 'weight': 215607.0}, {'name': 'europarl_multi_text_document', 'weight': 99752.0}, {'name': 'eurovoc_filtered_multi_text_document', 'weight': 2150091.0}, {'name': 'fineweb-edu_en_text_document_ratio0.75_phase0', 'weight': 214754282.0}, {'name': 'fineweb2_ar_text_document_ratio0.50_phase0', 'weight': 3350461.0}, {'name': 'fineweb2_ca_text_document_ratio0.05_phase0', 'weight': 92529.0}, {'name': 'fineweb2_de_text_document_ratio0.50_phase0', 'weight': 27173931.0}, {'name': 'fineweb2_es_text_document_ratio0.50_phase0', 'weight': 24393496.0}, {'name': 'fineweb2_fr_text_document_ratio1.30_phase0', 'weight': 50038822.0}, {'name': 'fineweb2_it_text_document_ratio0.50_phase0', 'weight': 13377940.0}, {'name': 'fineweb2_nl_text_document_ratio0.50_phase0', 'weight': 7435763.0}, {'name': 'fineweb2_pt_text_document_ratio0.50_phase0', 'weight': 9800040.0}, {'name': 'fineweb2_regional_text_document', 'weight': 2132152.0}, {'name': 'gallica_monographies_fr_text_document', 'weight': 5842786.0}, {'name': 'gallica_press_fr_text_document', 'weight': 22850320.0}, {'name': 'gutenberg_de_text_document', 'weight': 42330.0}, {'name': 'gutenberg_en_text_document', 'weight': 1187655.0}, {'name': 'gutenberg_es_text_document', 'weight': 21778.0}, {'name': 'gutenberg_fr_text_document', 'weight': 91991.0}, {'name': 'gutenberg_it_text_document', 'weight': 29909.0}, {'name': 'gutenberg_nl_text_document', 'weight': 24430.0}, {'name': 'gutenberg_pt_text_document', 'weight': 9241.0}, {'name': 'hal-cea_full-filtered_fr_text_document', 'weight': 7828031.0}, {'name': 'hplt2_fr_text_document_ratio1.30_phase0', 'weight': 70401931.0}, {'name': 'insee_fr_text_document', 'weight': 55377.0}, {'name': 'math-pile_math_text_document', 'weight': 2345197.0}, {'name': 'opendata_fr_text_document', 'weight': 2749409.0}, {'name': 'parlement_fr_text_document', 'weight': 282826.0}, {'name': 'starcoder-data_code_text_document', 'weight': 62922795.0}, {'name': 'theses_fr_text_document', 'weight': 3239718.0}, {'name': 'wikimedia-vikidia_ar_text_document', 'weight': 265451.0}, {'name': 'wikimedia-vikidia_ca_text_document_ratio0.20_phase0', 'weight': 58530.0}, {'name': 'wikimedia-vikidia_de_text_document', 'weight': 1098595.0}, {'name': 'wikimedia-vikidia_en_text_document', 'weight': 2882825.0}, {'name': 'wikimedia-vikidia_es_text_document', 'weight': 631843.0}, {'name': 'wikimedia-vikidia_fr_text_document', 'weight': 1276052.0}, {'name': 'wikimedia-vikidia_it_text_document', 'weight': 654077.0}, {'name': 'wikimedia-vikidia_pt_text_document', 'weight': 304392.0}, {'name': 'wikimedia-vikidia_regional_text_document', 'weight': 119234.0}, {'name': 'wikimedia_nl_text_document', 'weight': 345319.0}, {'name': 'youtube_fr_text_document', 'weight': 76194.0}]}
INFO:utils:{'data_path': '/work/datasets/AI/tokens_luciole_phase1', 'total_tokens': 3002228277248, 'train': [{'name': 'claire_open_en_text_document', 'weight': 29003.0}, {'name': 'claire_open_fr_text_document', 'weight': 92129.0}, {'name': 'common-corpus_bnl-newspapers-1841-1879_fr_text_document', 'weight': 66237.0}, {'name': 'common-corpus_eurlex_multi_text_document', 'weight': 3601664.0}, {'name': 'common-corpus_gatt-library_multi_text_document', 'weight': 41322.0}, {'name': 'common-corpus_oecd_multi_text_document', 'weight': 121969.0}, {'name': 'common-corpus_tedeutenders_multi_text_document', 'weight': 31276.0}, {'name': 'common-corpus_wto_multi_text_document', 'weight': 577279.0}, {'name': 'common-pile_arxiv-abstracts_en_text_document', 'weight': 140138.0}, {'name': 'common-pile_arxiv-papers_en_text_document', 'weight': 1299034.0}, {'name': 'common-pile_biodiversity-heritage-library_en_text_document', 'weight': 107772.0}, {'name': 'common-pile_caselaw-access-project_en_text_document', 'weight': 929697.0}, {'name': 'common-pile_doab_en_text_document', 'weight': 712786.0}, {'name': 'common-pile_foodista_en_text_document', 'weight': 5603.0}, {'name': 'common-pile_github-archive_en_text_document', 'weight': 2244221.0}, {'name': 'common-pile_library-of-congress_en_text_document', 'weight': 101533.0}, {'name': 'common-pile_libretexts_en_text_document', 'weight': 21049.0}, {'name': 'common-pile_news_en_text_document', 'weight': 14354.0}, {'name': 'common-pile_oercommons_en_text_document', 'weight': 2748.0}, {'name': 'common-pile_peS2o_en_text_document', 'weight': 10166525.0}, {'name': 'common-pile_pre-1929-books_en_text_document', 'weight': 531517.0}, {'name': 'common-pile_pressbooks_en_text_document', 'weight': 31891.0}, {'name': 'common-pile_public-domain-review_en_text_document', 'weight': 382.0}, {'name': 'common-pile_pubmed_en_text_document', 'weight': 1869301.0}, {'name': 'common-pile_python-enhancement-proposals_en_text_document', 'weight': 652.0}, {'name': 'common-pile_regulations_en_text_document', 'weight': 266173.0}, {'name': 'common-pile_stackexchange_en_text_document', 'weight': 4985359.0}, {'name': 'common-pile_ubuntu-irc_en_text_document', 'weight': 482830.0}, {'name': 'common-pile_youtube_en_text_document', 'weight': 204765.0}, {'name': 'croissant-aligned_aligned_text_document', 'weight': 11618464.0}, {'name': 'culturax_fr_text_document_ratio1.30_phase0', 'weight': 57012131.0}, {'name': 'dclm-dolmino_en_text_document_ratio0.75_phase0', 'weight': 93003263.0}, {'name': 'europarl_aligned_text_document', 'weight': 215607.0}, {'name': 'europarl_multi_text_document', 'weight': 99752.0}, {'name': 'eurovoc_filtered_multi_text_document', 'weight': 2150091.0}, {'name': 'fineweb-edu_en_text_document_ratio0.75_phase0', 'weight': 214754282.0}, {'name': 'fineweb2_ar_text_document_ratio0.50_phase0', 'weight': 3350461.0}, {'name': 'fineweb2_ca_text_document_ratio0.05_phase0', 'weight': 92529.0}, {'name': 'fineweb2_de_text_document_ratio0.50_phase0', 'weight': 27173931.0}, {'name': 'fineweb2_es_text_document_ratio0.50_phase0', 'weight': 24393496.0}, {'name': 'fineweb2_fr_text_document_ratio1.30_phase0', 'weight': 50038822.0}, {'name': 'fineweb2_it_text_document_ratio0.50_phase0', 'weight': 13377940.0}, {'name': 'fineweb2_nl_text_document_ratio0.50_phase0', 'weight': 7435763.0}, {'name': 'fineweb2_pt_text_document_ratio0.50_phase0', 'weight': 9800040.0}, {'name': 'fineweb2_regional_text_document', 'weight': 2132152.0}, {'name': 'gallica_monographies_fr_text_document', 'weight': 5842786.0}, {'name': 'gallica_press_fr_text_document', 'weight': 22850320.0}, {'name': 'gutenberg_de_text_document', 'weight': 42330.0}, {'name': 'gutenberg_en_text_document', 'weight': 1187655.0}, {'name': 'gutenberg_es_text_document', 'weight': 21778.0}, {'name': 'gutenberg_fr_text_document', 'weight': 91991.0}, {'name': 'gutenberg_it_text_document', 'weight': 29909.0}, {'name': 'gutenberg_nl_text_document', 'weight': 24430.0}, {'name': 'gutenberg_pt_text_document', 'weight': 9241.0}, {'name': 'hal-cea_full-filtered_fr_text_document', 'weight': 7828031.0}, {'name': 'hplt2_fr_text_document_ratio1.30_phase0', 'weight': 70401931.0}, {'name': 'insee_fr_text_document', 'weight': 55377.0}, {'name': 'math-pile_math_text_document', 'weight': 2345197.0}, {'name': 'opendata_fr_text_document', 'weight': 2749409.0}, {'name': 'parlement_fr_text_document', 'weight': 282826.0}, {'name': 'starcoder-data_code_text_document', 'weight': 62922795.0}, {'name': 'theses_fr_text_document', 'weight': 3239718.0}, {'name': 'wikimedia-vikidia_ar_text_document', 'weight': 265451.0}, {'name': 'wikimedia-vikidia_ca_text_document_ratio0.20_phase0', 'weight': 58530.0}, {'name': 'wikimedia-vikidia_de_text_document', 'weight': 1098595.0}, {'name': 'wikimedia-vikidia_en_text_document', 'weight': 2882825.0}, {'name': 'wikimedia-vikidia_es_text_document', 'weight': 631843.0}, {'name': 'wikimedia-vikidia_fr_text_document', 'weight': 1276052.0}, {'name': 'wikimedia-vikidia_it_text_document', 'weight': 654077.0}, {'name': 'wikimedia-vikidia_pt_text_document', 'weight': 304392.0}, {'name': 'wikimedia-vikidia_regional_text_document', 'weight': 119234.0}, {'name': 'wikimedia_nl_text_document', 'weight': 345319.0}, {'name': 'youtube_fr_text_document', 'weight': 76194.0}]}
INFO:utils:{'data_path': '/work/datasets/AI/tokens_luciole_phase1', 'total_tokens': 3002228277248, 'train': [{'name': 'claire_open_en_text_document', 'weight': 29003.0}, {'name': 'claire_open_fr_text_document', 'weight': 92129.0}, {'name': 'common-corpus_bnl-newspapers-1841-1879_fr_text_document', 'weight': 66237.0}, {'name': 'common-corpus_eurlex_multi_text_document', 'weight': 3601664.0}, {'name': 'common-corpus_gatt-library_multi_text_document', 'weight': 41322.0}, {'name': 'common-corpus_oecd_multi_text_document', 'weight': 121969.0}, {'name': 'common-corpus_tedeutenders_multi_text_document', 'weight': 31276.0}, {'name': 'common-corpus_wto_multi_text_document', 'weight': 577279.0}, {'name': 'common-pile_arxiv-abstracts_en_text_document', 'weight': 140138.0}, {'name': 'common-pile_arxiv-papers_en_text_document', 'weight': 1299034.0}, {'name': 'common-pile_biodiversity-heritage-library_en_text_document', 'weight': 107772.0}, {'name': 'common-pile_caselaw-access-project_en_text_document', 'weight': 929697.0}, {'name': 'common-pile_doab_en_text_document', 'weight': 712786.0}, {'name': 'common-pile_foodista_en_text_document', 'weight': 5603.0}, {'name': 'common-pile_github-archive_en_text_document', 'weight': 2244221.0}, {'name': 'common-pile_library-of-congress_en_text_document', 'weight': 101533.0}, {'name': 'common-pile_libretexts_en_text_document', 'weight': 21049.0}, {'name': 'common-pile_news_en_text_document', 'weight': 14354.0}, {'name': 'common-pile_oercommons_en_text_document', 'weight': 2748.0}, {'name': 'common-pile_peS2o_en_text_document', 'weight': 10166525.0}, {'name': 'common-pile_pre-1929-books_en_text_document', 'weight': 531517.0}, {'name': 'common-pile_pressbooks_en_text_document', 'weight': 31891.0}, {'name': 'common-pile_public-domain-review_en_text_document', 'weight': 382.0}, {'name': 'common-pile_pubmed_en_text_document', 'weight': 1869301.0}, {'name': 'common-pile_python-enhancement-proposals_en_text_document', 'weight': 652.0}, {'name': 'common-pile_regulations_en_text_document', 'weight': 266173.0}, {'name': 'common-pile_stackexchange_en_text_document', 'weight': 4985359.0}, {'name': 'common-pile_ubuntu-irc_en_text_document', 'weight': 482830.0}, {'name': 'common-pile_youtube_en_text_document', 'weight': 204765.0}, {'name': 'croissant-aligned_aligned_text_document', 'weight': 11618464.0}, {'name': 'culturax_fr_text_document_ratio1.30_phase0', 'weight': 57012131.0}, {'name': 'dclm-dolmino_en_text_document_ratio0.75_phase0', 'weight': 93003263.0}, {'name': 'europarl_aligned_text_document', 'weight': 215607.0}, {'name': 'europarl_multi_text_document', 'weight': 99752.0}, {'name': 'eurovoc_filtered_multi_text_document', 'weight': 2150091.0}, {'name': 'fineweb-edu_en_text_document_ratio0.75_phase0', 'weight': 214754282.0}, {'name': 'fineweb2_ar_text_document_ratio0.50_phase0', 'weight': 3350461.0}, {'name': 'fineweb2_ca_text_document_ratio0.05_phase0', 'weight': 92529.0}, {'name': 'fineweb2_de_text_document_ratio0.50_phase0', 'weight': 27173931.0}, {'name': 'fineweb2_es_text_document_ratio0.50_phase0', 'weight': 24393496.0}, {'name': 'fineweb2_fr_text_document_ratio1.30_phase0', 'weight': 50038822.0}, {'name': 'fineweb2_it_text_document_ratio0.50_phase0', 'weight': 13377940.0}, {'name': 'fineweb2_nl_text_document_ratio0.50_phase0', 'weight': 7435763.0}, {'name': 'fineweb2_pt_text_document_ratio0.50_phase0', 'weight': 9800040.0}, {'name': 'fineweb2_regional_text_document', 'weight': 2132152.0}, {'name': 'gallica_monographies_fr_text_document', 'weight': 5842786.0}, {'name': 'gallica_press_fr_text_document', 'weight': 22850320.0}, {'name': 'gutenberg_de_text_document', 'weight': 42330.0}, {'name': 'gutenberg_en_text_document', 'weight': 1187655.0}, {'name': 'gutenberg_es_text_document', 'weight': 21778.0}, {'name': 'gutenberg_fr_text_document', 'weight': 91991.0}, {'name': 'gutenberg_it_text_document', 'weight': 29909.0}, {'name': 'gutenberg_nl_text_document', 'weight': 24430.0}, {'name': 'gutenberg_pt_text_document', 'weight': 9241.0}, {'name': 'hal-cea_full-filtered_fr_text_document', 'weight': 7828031.0}, {'name': 'hplt2_fr_text_document_ratio1.30_phase0', 'weight': 70401931.0}, {'name': 'insee_fr_text_document', 'weight': 55377.0}, {'name': 'math-pile_math_text_document', 'weight': 2345197.0}, {'name': 'opendata_fr_text_document', 'weight': 2749409.0}, {'name': 'parlement_fr_text_document', 'weight': 282826.0}, {'name': 'starcoder-data_code_text_document', 'weight': 62922795.0}, {'name': 'theses_fr_text_document', 'weight': 3239718.0}, {'name': 'wikimedia-vikidia_ar_text_document', 'weight': 265451.0}, {'name': 'wikimedia-vikidia_ca_text_document_ratio0.20_phase0', 'weight': 58530.0}, {'name': 'wikimedia-vikidia_de_text_document', 'weight': 1098595.0}, {'name': 'wikimedia-vikidia_en_text_document', 'weight': 2882825.0}, {'name': 'wikimedia-vikidia_es_text_document', 'weight': 631843.0}, {'name': 'wikimedia-vikidia_fr_text_document', 'weight': 1276052.0}, {'name': 'wikimedia-vikidia_it_text_document', 'weight': 654077.0}, {'name': 'wikimedia-vikidia_pt_text_document', 'weight': 304392.0}, {'name': 'wikimedia-vikidia_regional_text_document', 'weight': 119234.0}, {'name': 'wikimedia_nl_text_document', 'weight': 345319.0}, {'name': 'youtube_fr_text_document', 'weight': 76194.0}]}
INFO:utils:{'data_path': '/work/datasets/AI/tokens_luciole_phase1', 'total_tokens': 3002228277248, 'train': [{'name': 'claire_open_en_text_document', 'weight': 29003.0}, {'name': 'claire_open_fr_text_document', 'weight': 92129.0}, {'name': 'common-corpus_bnl-newspapers-1841-1879_fr_text_document', 'weight': 66237.0}, {'name': 'common-corpus_eurlex_multi_text_document', 'weight': 3601664.0}, {'name': 'common-corpus_gatt-library_multi_text_document', 'weight': 41322.0}, {'name': 'common-corpus_oecd_multi_text_document', 'weight': 121969.0}, {'name': 'common-corpus_tedeutenders_multi_text_document', 'weight': 31276.0}, {'name': 'common-corpus_wto_multi_text_document', 'weight': 577279.0}, {'name': 'common-pile_arxiv-abstracts_en_text_document', 'weight': 140138.0}, {'name': 'common-pile_arxiv-papers_en_text_document', 'weight': 1299034.0}, {'name': 'common-pile_biodiversity-heritage-library_en_text_document', 'weight': 107772.0}, {'name': 'common-pile_caselaw-access-project_en_text_document', 'weight': 929697.0}, {'name': 'common-pile_doab_en_text_document', 'weight': 712786.0}, {'name': 'common-pile_foodista_en_text_document', 'weight': 5603.0}, {'name': 'common-pile_github-archive_en_text_document', 'weight': 2244221.0}, {'name': 'common-pile_library-of-congress_en_text_document', 'weight': 101533.0}, {'name': 'common-pile_libretexts_en_text_document', 'weight': 21049.0}, {'name': 'common-pile_news_en_text_document', 'weight': 14354.0}, {'name': 'common-pile_oercommons_en_text_document', 'weight': 2748.0}, {'name': 'common-pile_peS2o_en_text_document', 'weight': 10166525.0}, {'name': 'common-pile_pre-1929-books_en_text_document', 'weight': 531517.0}, {'name': 'common-pile_pressbooks_en_text_document', 'weight': 31891.0}, {'name': 'common-pile_public-domain-review_en_text_document', 'weight': 382.0}, {'name': 'common-pile_pubmed_en_text_document', 'weight': 1869301.0}, {'name': 'common-pile_python-enhancement-proposals_en_text_document', 'weight': 652.0}, {'name': 'common-pile_regulations_en_text_document', 'weight': 266173.0}, {'name': 'common-pile_stackexchange_en_text_document', 'weight': 4985359.0}, {'name': 'common-pile_ubuntu-irc_en_text_document', 'weight': 482830.0}, {'name': 'common-pile_youtube_en_text_document', 'weight': 204765.0}, {'name': 'croissant-aligned_aligned_text_document', 'weight': 11618464.0}, {'name': 'culturax_fr_text_document_ratio1.30_phase0', 'weight': 57012131.0}, {'name': 'dclm-dolmino_en_text_document_ratio0.75_phase0', 'weight': 93003263.0}, {'name': 'europarl_aligned_text_document', 'weight': 215607.0}, {'name': 'europarl_multi_text_document', 'weight': 99752.0}, {'name': 'eurovoc_filtered_multi_text_document', 'weight': 2150091.0}, {'name': 'fineweb-edu_en_text_document_ratio0.75_phase0', 'weight': 214754282.0}, {'name': 'fineweb2_ar_text_document_ratio0.50_phase0', 'weight': 3350461.0}, {'name': 'fineweb2_ca_text_document_ratio0.05_phase0', 'weight': 92529.0}, {'name': 'fineweb2_de_text_document_ratio0.50_phase0', 'weight': 27173931.0}, {'name': 'fineweb2_es_text_document_ratio0.50_phase0', 'weight': 24393496.0}, {'name': 'fineweb2_fr_text_document_ratio1.30_phase0', 'weight': 50038822.0}, {'name': 'fineweb2_it_text_document_ratio0.50_phase0', 'weight': 13377940.0}, {'name': 'fineweb2_nl_text_document_ratio0.50_phase0', 'weight': 7435763.0}, {'name': 'fineweb2_pt_text_document_ratio0.50_phase0', 'weight': 9800040.0}, {'name': 'fineweb2_regional_text_document', 'weight': 2132152.0}, {'name': 'gallica_monographies_fr_text_document', 'weight': 5842786.0}, {'name': 'gallica_press_fr_text_document', 'weight': 22850320.0}, {'name': 'gutenberg_de_text_document', 'weight': 42330.0}, {'name': 'gutenberg_en_text_document', 'weight': 1187655.0}, {'name': 'gutenberg_es_text_document', 'weight': 21778.0}, {'name': 'gutenberg_fr_text_document', 'weight': 91991.0}, {'name': 'gutenberg_it_text_document', 'weight': 29909.0}, {'name': 'gutenberg_nl_text_document', 'weight': 24430.0}, {'name': 'gutenberg_pt_text_document', 'weight': 9241.0}, {'name': 'hal-cea_full-filtered_fr_text_document', 'weight': 7828031.0}, {'name': 'hplt2_fr_text_document_ratio1.30_phase0', 'weight': 70401931.0}, {'name': 'insee_fr_text_document', 'weight': 55377.0}, {'name': 'math-pile_math_text_document', 'weight': 2345197.0}, {'name': 'opendata_fr_text_document', 'weight': 2749409.0}, {'name': 'parlement_fr_text_document', 'weight': 282826.0}, {'name': 'starcoder-data_code_text_document', 'weight': 62922795.0}, {'name': 'theses_fr_text_document', 'weight': 3239718.0}, {'name': 'wikimedia-vikidia_ar_text_document', 'weight': 265451.0}, {'name': 'wikimedia-vikidia_ca_text_document_ratio0.20_phase0', 'weight': 58530.0}, {'name': 'wikimedia-vikidia_de_text_document', 'weight': 1098595.0}, {'name': 'wikimedia-vikidia_en_text_document', 'weight': 2882825.0}, {'name': 'wikimedia-vikidia_es_text_document', 'weight': 631843.0}, {'name': 'wikimedia-vikidia_fr_text_document', 'weight': 1276052.0}, {'name': 'wikimedia-vikidia_it_text_document', 'weight': 654077.0}, {'name': 'wikimedia-vikidia_pt_text_document', 'weight': 304392.0}, {'name': 'wikimedia-vikidia_regional_text_document', 'weight': 119234.0}, {'name': 'wikimedia_nl_text_document', 'weight': 345319.0}, {'name': 'youtube_fr_text_document', 'weight': 76194.0}]}
INFO:__main__:Using CLI tokenizer override: /work/p26037/barman/tokenizer_128k-arab-regional_v2
INFO:__main__:Using CLI tokenizer override: /work/p26037/barman/tokenizer_128k-arab-regional_v2
INFO:__main__:Using CLI tokenizer override: /work/p26037/barman/tokenizer_128k-arab-regional_v2
INFO:__main__:Using CLI tokenizer override: /work/p26037/barman/tokenizer_128k-arab-regional_v2
INFO:__main__:Global batch size: 1024
INFO:__main__:Sequence length: 4096
INFO:__main__:Tokens per batch: 4194304
INFO:__main__:Global batch size: 1024
INFO:__main__:Total tokens in datamix: 3002228277248
INFO:__main__:Global training/LR horizon (from --max_steps): 715788
INFO:__main__:Sequence length: 4096
INFO:__main__:Tokens per batch: 4194304
INFO:__main__:Total tokens in datamix: 3002228277248
INFO:__main__:Global batch size: 1024
INFO:__main__:Global training/LR horizon (from --max_steps): 715788
INFO:__main__:Global batch size: 1024
INFO:__main__:Sequence length: 4096
INFO:__main__:Tokens per batch: 4194304
INFO:__main__:Sequence length: 4096
INFO:__main__:Total tokens in datamix: 3002228277248
INFO:__main__:Tokens per batch: 4194304
INFO:__main__:Global training/LR horizon (from --max_steps): 715788
INFO:__main__:Total tokens in datamix: 3002228277248
INFO:__main__:Global training/LR horizon (from --max_steps): 715788
INFO:__main__:Patched megatron.core.optimizer (accepted params: {'lr_mult', 'no_weight_decay_cond', 'use_gloo_process_groups', 'scale_lr_cond', 'model_chunks', 'config'})
INFO:__main__:Patched megatron.core.optimizer (accepted params: {'lr_mult', 'use_gloo_process_groups', 'model_chunks', 'scale_lr_cond', 'no_weight_decay_cond', 'config'})
INFO:__main__:Patched megatron.core.optimizer (accepted params: {'use_gloo_process_groups', 'no_weight_decay_cond', 'scale_lr_cond', 'config', 'lr_mult', 'model_chunks'})
INFO:__main__:Patched megatron.core.optimizer (accepted params: {'config', 'no_weight_decay_cond', 'scale_lr_cond', 'model_chunks', 'use_gloo_process_groups', 'lr_mult'})
INFO:nemo.lightning.pytorch.strategies.megatron_strategy:Initializing distributed: GLOBAL_RANK: 12, MEMBER: 13/16
[W402 12:13:07.388126849 socket.cpp:755] [c10d] The client socket cannot be initialized to connect to [kairosgh10.calmip.cluster]:37911 (errno: 97 - Address family not supported by protocol).
INFO:__main__:SSA Triton: Using fused Triton SSA FlashAttention triton (n=1.50, b=0.80, compiled_bda=True)
INFO:__main__:SSA Triton: force_contiguous_qkv=True
INFO:__main__:Detected checkpoint at step 40499
INFO:__main__:Continuing to absolute trainer.max_steps = 715788 (remaining this run: 675289 steps)
INFO:__main__:SSA Triton: Using fused Triton SSA FlashAttention triton (n=1.50, b=0.80, compiled_bda=True)
INFO:__main__:SSA Triton: Using fused Triton SSA FlashAttention triton (n=1.50, b=0.80, compiled_bda=True)
INFO:__main__:SSA Triton: Using fused Triton SSA FlashAttention triton (n=1.50, b=0.80, compiled_bda=True)
INFO:__main__:SSA Triton: force_contiguous_qkv=True
INFO:__main__:SSA Triton: force_contiguous_qkv=True
INFO:__main__:SSA Triton: force_contiguous_qkv=True
INFO:__main__:Detected checkpoint at step 40499
INFO:__main__:Detected checkpoint at step 40499
INFO:__main__:Detected checkpoint at step 40499
INFO:__main__:Continuing to absolute trainer.max_steps = 715788 (remaining this run: 675289 steps)
INFO:__main__:Continuing to absolute trainer.max_steps = 715788 (remaining this run: 675289 steps)
INFO:__main__:Continuing to absolute trainer.max_steps = 715788 (remaining this run: 675289 steps)
INFO:__main__:Detected vocab_size from tokenizer: 128000
INFO:__main__:Detected vocab_size from tokenizer: 128000
INFO:__main__:Detected vocab_size from tokenizer: 128000
INFO:__main__:Detected vocab_size from tokenizer: 128000
INFO:__main__:LR scheduler max_steps = 715788, warmup_steps = 2000, min_lr = 2.9999999999999997e-05
INFO:__main__:Skipping Triton warmup (--skip_triton_warmup).
INFO:__main__:LR scheduler max_steps = 715788, warmup_steps = 2000, min_lr = 2.9999999999999997e-05
INFO:__main__:LR scheduler max_steps = 715788, warmup_steps = 2000, min_lr = 2.9999999999999997e-05
INFO:__main__:Skipping Triton warmup (--skip_triton_warmup).
INFO:__main__:Skipping Triton warmup (--skip_triton_warmup).
INFO:__main__:LR scheduler max_steps = 715788, warmup_steps = 2000, min_lr = 2.9999999999999997e-05
INFO:__main__:Skipping Triton warmup (--skip_triton_warmup).
INFO:nemo.lightning.pytorch.strategies.megatron_strategy:Initializing distributed: GLOBAL_RANK: 7, MEMBER: 8/16
INFO:nemo.lightning.pytorch.strategies.megatron_strategy:Initializing distributed: GLOBAL_RANK: 6, MEMBER: 7/16
INFO:nemo.lightning.pytorch.strategies.megatron_strategy:Initializing distributed: GLOBAL_RANK: 5, MEMBER: 6/16
[W402 12:13:07.567799689 socket.cpp:755] [c10d] The client socket cannot be initialized to connect to [kairosgh10.calmip.cluster]:37911 (errno: 97 - Address family not supported by protocol).
[W402 12:13:07.568990734 socket.cpp:755] [c10d] The client socket cannot be initialized to connect to [kairosgh10.calmip.cluster]:37911 (errno: 97 - Address family not supported by protocol).
[W402 12:13:07.569005326 socket.cpp:755] [c10d] The client socket cannot be initialized to connect to [kairosgh10.calmip.cluster]:37911 (errno: 97 - Address family not supported by protocol).
INFO:nemo.lightning.pytorch.strategies.megatron_strategy:Initializing distributed: GLOBAL_RANK: 8, MEMBER: 9/16
[W402 12:13:07.836468856 socket.cpp:755] [c10d] The client socket cannot be initialized to connect to [kairosgh10.calmip.cluster]:37911 (errno: 97 - Address family not supported by protocol).
INFO:nemo.lightning.pytorch.strategies.megatron_strategy:Initializing distributed: GLOBAL_RANK: 14, MEMBER: 15/16
INFO:nemo.lightning.pytorch.strategies.megatron_strategy:Initializing distributed: GLOBAL_RANK: 15, MEMBER: 16/16
INFO:nemo.lightning.pytorch.strategies.megatron_strategy:Initializing distributed: GLOBAL_RANK: 13, MEMBER: 14/16
[W402 12:13:07.876085594 socket.cpp:755] [c10d] The client socket cannot be initialized to connect to [kairosgh10.calmip.cluster]:37911 (errno: 97 - Address family not supported by protocol).
[W402 12:13:07.876089882 socket.cpp:755] [c10d] The client socket cannot be initialized to connect to [kairosgh10.calmip.cluster]:37911 (errno: 97 - Address family not supported by protocol).
[W402 12:13:07.877022149 socket.cpp:755] [c10d] The client socket cannot be initialized to connect to [kairosgh10.calmip.cluster]:37911 (errno: 97 - Address family not supported by protocol).
INFO:nemo.lightning.pytorch.strategies.megatron_strategy:Initializing distributed: GLOBAL_RANK: 9, MEMBER: 10/16
INFO:nemo.lightning.pytorch.strategies.megatron_strategy:Initializing distributed: GLOBAL_RANK: 11, MEMBER: 12/16
INFO:nemo.lightning.pytorch.strategies.megatron_strategy:Initializing distributed: GLOBAL_RANK: 10, MEMBER: 11/16
[W402 12:13:08.271875956 socket.cpp:755] [c10d] The client socket cannot be initialized to connect to [kairosgh10.calmip.cluster]:37911 (errno: 97 - Address family not supported by protocol).
[W402 12:13:08.271921075 socket.cpp:755] [c10d] The client socket cannot be initialized to connect to [kairosgh10.calmip.cluster]:37911 (errno: 97 - Address family not supported by protocol).
[W402 12:13:08.272068143 socket.cpp:755] [c10d] The client socket cannot be initialized to connect to [kairosgh10.calmip.cluster]:37911 (errno: 97 - Address family not supported by protocol).
[rank15]: Traceback (most recent call last):
[rank15]:   File "/work/p26037/barman/luciole-1B/training/train/train_ssa_triton/train_ssa_triton.py", line 633, in <module>
[rank15]:     main()
[rank15]:   File "/work/p26037/barman/luciole-1B/training/train/train_ssa_triton/train_ssa_triton.py", line 627, in main
[rank15]:     recipe_obj()
[rank15]:   File "/opt/NeMo/nemo/collections/llm/api.py", line 171, in pretrain
[rank15]:     return train(
[rank15]:            ^^^^^^
[rank15]:   File "/opt/NeMo/nemo/collections/llm/api.py", line 127, in train
[rank15]:     trainer.fit(model, data)
[rank15]:   File "/usr/local/lib/python3.12/dist-packages/lightning/pytorch/trainer/trainer.py", line 538, in fit
[rank15]:     call._call_and_handle_interrupt(
[rank15]:   File "/usr/local/lib/python3.12/dist-packages/lightning/pytorch/trainer/call.py", line 46, in _call_and_handle_interrupt
[rank15]:     return trainer.strategy.launcher.launch(trainer_fn, *args, trainer=trainer, **kwargs)
[rank15]:            ^^^^^^^^^^^^^^^^^^^^^^^^^^^^^^^^^^^^^^^^^^^^^^^^^^^^^^^^^^^^^^^^^^^^^^^^^^^^^^
[rank15]:   File "/usr/local/lib/python3.12/dist-packages/lightning/pytorch/strategies/launchers/subprocess_script.py", line 105, in launch
[rank15]:     return function(*args, **kwargs)
[rank15]:            ^^^^^^^^^^^^^^^^^^^^^^^^^
[rank15]:   File "/usr/local/lib/python3.12/dist-packages/lightning/pytorch/trainer/trainer.py", line 574, in _fit_impl
[rank15]:     self._run(model, ckpt_path=ckpt_path)
[rank15]:   File "/usr/local/lib/python3.12/dist-packages/lightning/pytorch/trainer/trainer.py", line 938, in _run
[rank15]:     self.__setup_profiler()
[rank15]:   File "/usr/local/lib/python3.12/dist-packages/lightning/pytorch/trainer/trainer.py", line 1071, in __setup_profiler
[rank15]:     self.profiler.setup(stage=self.state.fn, local_rank=local_rank, log_dir=self.log_dir)
[rank15]:                                                                             ^^^^^^^^^^^^
[rank15]:   File "/usr/local/lib/python3.12/dist-packages/lightning/pytorch/trainer/trainer.py", line 1233, in log_dir
[rank15]:     dirpath = self.strategy.broadcast(dirpath)
[rank15]:               ^^^^^^^^^^^^^^^^^^^^^^^^^^^^^^^^
[rank15]:   File "/usr/local/lib/python3.12/dist-packages/lightning/pytorch/strategies/ddp.py", line 307, in broadcast
[rank15]:     torch.distributed.broadcast_object_list(obj, src, group=_group.WORLD)
[rank15]:   File "/usr/local/lib/python3.12/dist-packages/torch/distributed/c10d_logger.py", line 81, in wrapper
[rank15]:     return func(*args, **kwargs)
[rank15]:            ^^^^^^^^^^^^^^^^^^^^^
[rank15]:   File "/usr/local/lib/python3.12/dist-packages/torch/distributed/distributed_c10d.py", line 3481, in broadcast_object_list
[rank15]:     broadcast(object_sizes_tensor, src=global_src, group=group)
[rank15]:   File "/usr/local/lib/python3.12/dist-packages/torch/distributed/c10d_logger.py", line 81, in wrapper
[rank15]:     return func(*args, **kwargs)
[rank15]:            ^^^^^^^^^^^^^^^^^^^^^
[rank15]:   File "/usr/local/lib/python3.12/dist-packages/torch/distributed/distributed_c10d.py", line 2728, in broadcast
[rank15]:     work = group.broadcast([tensor], opts)
[rank15]:            ^^^^^^^^^^^^^^^^^^^^^^^^^^^^^^^
[rank15]: torch.distributed.DistBackendError: NCCL error in: /opt/pytorch/pytorch/torch/csrc/distributed/c10d/NCCLUtils.cpp:77, invalid usage (run with NCCL_DEBUG=WARN for details), NCCL version 2.25.1
[rank15]: ncclInvalidUsage: This usually reflects invalid usage of NCCL library.
[rank15]: Last error:
[rank15]: Duplicate GPU detected : rank 15 and rank 7 both on CUDA device 3901000
[rank14]: Traceback (most recent call last):
[rank14]:   File "/work/p26037/barman/luciole-1B/training/train/train_ssa_triton/train_ssa_triton.py", line 633, in <module>
[rank14]:     main()
[rank14]:   File "/work/p26037/barman/luciole-1B/training/train/train_ssa_triton/train_ssa_triton.py", line 627, in main
[rank14]:     recipe_obj()
[rank14]:   File "/opt/NeMo/nemo/collections/llm/api.py", line 171, in pretrain
[rank14]:     return train(
[rank14]:            ^^^^^^
[rank14]:   File "/opt/NeMo/nemo/collections/llm/api.py", line 127, in train
[rank14]:     trainer.fit(model, data)
[rank14]:   File "/usr/local/lib/python3.12/dist-packages/lightning/pytorch/trainer/trainer.py", line 538, in fit
[rank14]:     call._call_and_handle_interrupt(
[rank14]:   File "/usr/local/lib/python3.12/dist-packages/lightning/pytorch/trainer/call.py", line 46, in _call_and_handle_interrupt
[rank14]:     return trainer.strategy.launcher.launch(trainer_fn, *args, trainer=trainer, **kwargs)
[rank14]:            ^^^^^^^^^^^^^^^^^^^^^^^^^^^^^^^^^^^^^^^^^^^^^^^^^^^^^^^^^^^^^^^^^^^^^^^^^^^^^^
[rank14]:   File "/usr/local/lib/python3.12/dist-packages/lightning/pytorch/strategies/launchers/subprocess_script.py", line 105, in launch
[rank14]:     return function(*args, **kwargs)
[rank14]:            ^^^^^^^^^^^^^^^^^^^^^^^^^
[rank14]:   File "/usr/local/lib/python3.12/dist-packages/lightning/pytorch/trainer/trainer.py", line 574, in _fit_impl
[rank14]:     self._run(model, ckpt_path=ckpt_path)
[rank14]:   File "/usr/local/lib/python3.12/dist-packages/lightning/pytorch/trainer/trainer.py", line 938, in _run
[rank14]:     self.__setup_profiler()
[rank14]:   File "/usr/local/lib/python3.12/dist-packages/lightning/pytorch/trainer/trainer.py", line 1071, in __setup_profiler
[rank14]:     self.profiler.setup(stage=self.state.fn, local_rank=local_rank, log_dir=self.log_dir)
[rank14]:                                                                             ^^^^^^^^^^^^
[rank14]:   File "/usr/local/lib/python3.12/dist-packages/lightning/pytorch/trainer/trainer.py", line 1233, in log_dir
[rank14]:     dirpath = self.strategy.broadcast(dirpath)
[rank14]:               ^^^^^^^^^^^^^^^^^^^^^^^^^^^^^^^^
[rank14]:   File "/usr/local/lib/python3.12/dist-packages/lightning/pytorch/strategies/ddp.py", line 307, in broadcast
[rank14]:     torch.distributed.broadcast_object_list(obj, src, group=_group.WORLD)
[rank14]:   File "/usr/local/lib/python3.12/dist-packages/torch/distributed/c10d_logger.py", line 81, in wrapper
[rank14]:     return func(*args, **kwargs)
[rank14]:            ^^^^^^^^^^^^^^^^^^^^^
[rank14]:   File "/usr/local/lib/python3.12/dist-packages/torch/distributed/distributed_c10d.py", line 3481, in broadcast_object_list
[rank14]:     broadcast(object_sizes_tensor, src=global_src, group=group)
[rank14]:   File "/usr/local/lib/python3.12/dist-packages/torch/distributed/c10d_logger.py", line 81, in wrapper
[rank14]:     return func(*args, **kwargs)
[rank14]:            ^^^^^^^^^^^^^^^^^^^^^
[rank14]:   File "/usr/local/lib/python3.12/dist-packages/torch/distributed/distributed_c10d.py", line 2728, in broadcast
[rank14]:     work = group.broadcast([tensor], opts)
[rank14]:            ^^^^^^^^^^^^^^^^^^^^^^^^^^^^^^^
[rank14]: torch.distributed.DistBackendError: NCCL error in: /opt/pytorch/pytorch/torch/csrc/distributed/c10d/NCCLUtils.cpp:77, invalid usage (run with NCCL_DEBUG=WARN for details), NCCL version 2.25.1
[rank14]: ncclInvalidUsage: This usually reflects invalid usage of NCCL library.
[rank14]: Last error:
[rank14]: Duplicate GPU detected : rank 14 and rank 6 both on CUDA device 2901000
[rank12]: Traceback (most recent call last):
[rank12]:   File "/work/p26037/barman/luciole-1B/training/train/train_ssa_triton/train_ssa_triton.py", line 633, in <module>
[rank12]:     main()
[rank12]:   File "/work/p26037/barman/luciole-1B/training/train/train_ssa_triton/train_ssa_triton.py", line 627, in main
[rank12]:     recipe_obj()
[rank12]:   File "/opt/NeMo/nemo/collections/llm/api.py", line 171, in pretrain
[rank12]:     return train(
[rank12]:            ^^^^^^
[rank12]:   File "/opt/NeMo/nemo/collections/llm/api.py", line 127, in train
[rank12]:     trainer.fit(model, data)
[rank12]:   File "/usr/local/lib/python3.12/dist-packages/lightning/pytorch/trainer/trainer.py", line 538, in fit
[rank12]:     call._call_and_handle_interrupt(
[rank12]:   File "/usr/local/lib/python3.12/dist-packages/lightning/pytorch/trainer/call.py", line 46, in _call_and_handle_interrupt
[rank12]:     return trainer.strategy.launcher.launch(trainer_fn, *args, trainer=trainer, **kwargs)
[rank12]:            ^^^^^^^^^^^^^^^^^^^^^^^^^^^^^^^^^^^^^^^^^^^^^^^^^^^^^^^^^^^^^^^^^^^^^^^^^^^^^^
[rank12]:   File "/usr/local/lib/python3.12/dist-packages/lightning/pytorch/strategies/launchers/subprocess_script.py", line 105, in launch
[rank12]:     return function(*args, **kwargs)
[rank12]:            ^^^^^^^^^^^^^^^^^^^^^^^^^
[rank12]:   File "/usr/local/lib/python3.12/dist-packages/lightning/pytorch/trainer/trainer.py", line 574, in _fit_impl
[rank12]:     self._run(model, ckpt_path=ckpt_path)
[rank12]:   File "/usr/local/lib/python3.12/dist-packages/lightning/pytorch/trainer/trainer.py", line 938, in _run
[rank12]:     self.__setup_profiler()
[rank12]:   File "/usr/local/lib/python3.12/dist-packages/lightning/pytorch/trainer/trainer.py", line 1071, in __setup_profiler
[rank12]:     self.profiler.setup(stage=self.state.fn, local_rank=local_rank, log_dir=self.log_dir)
[rank12]:                                                                             ^^^^^^^^^^^^
[rank12]:   File "/usr/local/lib/python3.12/dist-packages/lightning/pytorch/trainer/trainer.py", line 1233, in log_dir
[rank12]:     dirpath = self.strategy.broadcast(dirpath)
[rank12]:               ^^^^^^^^^^^^^^^^^^^^^^^^^^^^^^^^
[rank12]:   File "/usr/local/lib/python3.12/dist-packages/lightning/pytorch/strategies/ddp.py", line 307, in broadcast
[rank12]:     torch.distributed.broadcast_object_list(obj, src, group=_group.WORLD)
[rank12]:   File "/usr/local/lib/python3.12/dist-packages/torch/distributed/c10d_logger.py", line 81, in wrapper
[rank12]:     return func(*args, **kwargs)
[rank12]:            ^^^^^^^^^^^^^^^^^^^^^
[rank12]:   File "/usr/local/lib/python3.12/dist-packages/torch/distributed/distributed_c10d.py", line 3481, in broadcast_object_list
[rank12]:     broadcast(object_sizes_tensor, src=global_src, group=group)
[rank12]:   File "/usr/local/lib/python3.12/dist-packages/torch/distributed/c10d_logger.py", line 81, in wrapper
[rank12]:     return func(*args, **kwargs)
[rank12]:            ^^^^^^^^^^^^^^^^^^^^^
[rank12]:   File "/usr/local/lib/python3.12/dist-packages/torch/distributed/distributed_c10d.py", line 2728, in broadcast
[rank12]:     work = group.broadcast([tensor], opts)
[rank12]:            ^^^^^^^^^^^^^^^^^^^^^^^^^^^^^^^
[rank12]: torch.distributed.DistBackendError: NCCL error in: /opt/pytorch/pytorch/torch/csrc/distributed/c10d/NCCLUtils.cpp:77, invalid usage (run with NCCL_DEBUG=WARN for details), NCCL version 2.25.1
[rank12]: ncclInvalidUsage: This usually reflects invalid usage of NCCL library.
[rank12]: Last error:
[rank12]: Duplicate GPU detected : rank 12 and rank 4 both on CUDA device 901000
[rank13]: Traceback (most recent call last):
[rank13]:   File "/work/p26037/barman/luciole-1B/training/train/train_ssa_triton/train_ssa_triton.py", line 633, in <module>
[rank13]:     main()
[rank13]:   File "/work/p26037/barman/luciole-1B/training/train/train_ssa_triton/train_ssa_triton.py", line 627, in main
[rank13]:     recipe_obj()
[rank13]:   File "/opt/NeMo/nemo/collections/llm/api.py", line 171, in pretrain
[rank13]:     return train(
[rank13]:            ^^^^^^
[rank13]:   File "/opt/NeMo/nemo/collections/llm/api.py", line 127, in train
[rank13]:     trainer.fit(model, data)
[rank13]:   File "/usr/local/lib/python3.12/dist-packages/lightning/pytorch/trainer/trainer.py", line 538, in fit
[rank13]:     call._call_and_handle_interrupt(
[rank13]:   File "/usr/local/lib/python3.12/dist-packages/lightning/pytorch/trainer/call.py", line 46, in _call_and_handle_interrupt
[rank13]:     return trainer.strategy.launcher.launch(trainer_fn, *args, trainer=trainer, **kwargs)
[rank13]:            ^^^^^^^^^^^^^^^^^^^^^^^^^^^^^^^^^^^^^^^^^^^^^^^^^^^^^^^^^^^^^^^^^^^^^^^^^^^^^^
[rank13]:   File "/usr/local/lib/python3.12/dist-packages/lightning/pytorch/strategies/launchers/subprocess_script.py", line 105, in launch
[rank13]:     return function(*args, **kwargs)
[rank13]:            ^^^^^^^^^^^^^^^^^^^^^^^^^
[rank13]:   File "/usr/local/lib/python3.12/dist-packages/lightning/pytorch/trainer/trainer.py", line 574, in _fit_impl
[rank13]:     self._run(model, ckpt_path=ckpt_path)
[rank13]:   File "/usr/local/lib/python3.12/dist-packages/lightning/pytorch/trainer/trainer.py", line 938, in _run
[rank13]:     self.__setup_profiler()
[rank13]:   File "/usr/local/lib/python3.12/dist-packages/lightning/pytorch/trainer/trainer.py", line 1071, in __setup_profiler
[rank13]:     self.profiler.setup(stage=self.state.fn, local_rank=local_rank, log_dir=self.log_dir)
[rank13]:                                                                             ^^^^^^^^^^^^
[rank13]:   File "/usr/local/lib/python3.12/dist-packages/lightning/pytorch/trainer/trainer.py", line 1233, in log_dir
[rank13]:     dirpath = self.strategy.broadcast(dirpath)
[rank13]:               ^^^^^^^^^^^^^^^^^^^^^^^^^^^^^^^^
[rank13]:   File "/usr/local/lib/python3.12/dist-packages/lightning/pytorch/strategies/ddp.py", line 307, in broadcast
[rank13]:     torch.distributed.broadcast_object_list(obj, src, group=_group.WORLD)
[rank13]:   File "/usr/local/lib/python3.12/dist-packages/torch/distributed/c10d_logger.py", line 81, in wrapper
[rank13]:     return func(*args, **kwargs)
[rank13]:            ^^^^^^^^^^^^^^^^^^^^^
[rank13]:   File "/usr/local/lib/python3.12/dist-packages/torch/distributed/distributed_c10d.py", line 3481, in broadcast_object_list
[rank13]:     broadcast(object_sizes_tensor, src=global_src, group=group)
[rank13]:   File "/usr/local/lib/python3.12/dist-packages/torch/distributed/c10d_logger.py", line 81, in wrapper
[rank13]:     return func(*args, **kwargs)
[rank13]:            ^^^^^^^^^^^^^^^^^^^^^
[rank13]:   File "/usr/local/lib/python3.12/dist-packages/torch/distributed/distributed_c10d.py", line 2728, in broadcast
[rank13]:     work = group.broadcast([tensor], opts)
[rank13]:            ^^^^^^^^^^^^^^^^^^^^^^^^^^^^^^^
[rank13]: torch.distributed.DistBackendError: NCCL error in: /opt/pytorch/pytorch/torch/csrc/distributed/c10d/NCCLUtils.cpp:77, invalid usage (run with NCCL_DEBUG=WARN for details), NCCL version 2.25.1
[rank13]: ncclInvalidUsage: This usually reflects invalid usage of NCCL library.
[rank13]: Last error:
[rank13]: Duplicate GPU detected : rank 13 and rank 5 both on CUDA device 1901000
[rank9]: Traceback (most recent call last):
[rank9]:   File "/work/p26037/barman/luciole-1B/training/train/train_ssa_triton/train_ssa_triton.py", line 633, in <module>
[rank9]:     main()
[rank9]:   File "/work/p26037/barman/luciole-1B/training/train/train_ssa_triton/train_ssa_triton.py", line 627, in main
[rank9]:     recipe_obj()
[rank9]:   File "/opt/NeMo/nemo/collections/llm/api.py", line 171, in pretrain
[rank9]:     return train(
[rank9]:            ^^^^^^
[rank9]:   File "/opt/NeMo/nemo/collections/llm/api.py", line 127, in train
[rank9]:     trainer.fit(model, data)
[rank9]:   File "/usr/local/lib/python3.12/dist-packages/lightning/pytorch/trainer/trainer.py", line 538, in fit
[rank9]:     call._call_and_handle_interrupt(
[rank9]:   File "/usr/local/lib/python3.12/dist-packages/lightning/pytorch/trainer/call.py", line 46, in _call_and_handle_interrupt
[rank9]:     return trainer.strategy.launcher.launch(trainer_fn, *args, trainer=trainer, **kwargs)
[rank9]:            ^^^^^^^^^^^^^^^^^^^^^^^^^^^^^^^^^^^^^^^^^^^^^^^^^^^^^^^^^^^^^^^^^^^^^^^^^^^^^^
[rank9]:   File "/usr/local/lib/python3.12/dist-packages/lightning/pytorch/strategies/launchers/subprocess_script.py", line 105, in launch
[rank9]:     return function(*args, **kwargs)
[rank9]:            ^^^^^^^^^^^^^^^^^^^^^^^^^
[rank9]:   File "/usr/local/lib/python3.12/dist-packages/lightning/pytorch/trainer/trainer.py", line 574, in _fit_impl
[rank9]:     self._run(model, ckpt_path=ckpt_path)
[rank9]:   File "/usr/local/lib/python3.12/dist-packages/lightning/pytorch/trainer/trainer.py", line 938, in _run
[rank9]:     self.__setup_profiler()
[rank9]:   File "/usr/local/lib/python3.12/dist-packages/lightning/pytorch/trainer/trainer.py", line 1071, in __setup_profiler
[rank9]:     self.profiler.setup(stage=self.state.fn, local_rank=local_rank, log_dir=self.log_dir)
[rank9]:                                                                             ^^^^^^^^^^^^
[rank9]:   File "/usr/local/lib/python3.12/dist-packages/lightning/pytorch/trainer/trainer.py", line 1233, in log_dir
[rank9]:     dirpath = self.strategy.broadcast(dirpath)
[rank9]:               ^^^^^^^^^^^^^^^^^^^^^^^^^^^^^^^^
[rank9]:   File "/usr/local/lib/python3.12/dist-packages/lightning/pytorch/strategies/ddp.py", line 307, in broadcast
[rank9]:     torch.distributed.broadcast_object_list(obj, src, group=_group.WORLD)
[rank9]:   File "/usr/local/lib/python3.12/dist-packages/torch/distributed/c10d_logger.py", line 81, in wrapper
[rank9]:     return func(*args, **kwargs)
[rank9]:            ^^^^^^^^^^^^^^^^^^^^^
[rank9]:   File "/usr/local/lib/python3.12/dist-packages/torch/distributed/distributed_c10d.py", line 3481, in broadcast_object_list
[rank9]:     broadcast(object_sizes_tensor, src=global_src, group=group)
[rank9]:   File "/usr/local/lib/python3.12/dist-packages/torch/distributed/c10d_logger.py", line 81, in wrapper
[rank9]:     return func(*args, **kwargs)
[rank9]:            ^^^^^^^^^^^^^^^^^^^^^
[rank9]:   File "/usr/local/lib/python3.12/dist-packages/torch/distributed/distributed_c10d.py", line 2728, in broadcast
[rank9]:     work = group.broadcast([tensor], opts)
[rank9]:            ^^^^^^^^^^^^^^^^^^^^^^^^^^^^^^^
[rank9]: torch.distributed.DistBackendError: NCCL error in: /opt/pytorch/pytorch/torch/csrc/distributed/c10d/NCCLUtils.cpp:77, invalid usage (run with NCCL_DEBUG=WARN for details), NCCL version 2.25.1
[rank9]: ncclInvalidUsage: This usually reflects invalid usage of NCCL library.
[rank9]: Last error:
[rank9]: Duplicate GPU detected : rank 9 and rank 5 both on CUDA device 1901000
[rank11]: Traceback (most recent call last):
[rank11]:   File "/work/p26037/barman/luciole-1B/training/train/train_ssa_triton/train_ssa_triton.py", line 633, in <module>
[rank11]:     main()
[rank11]:   File "/work/p26037/barman/luciole-1B/training/train/train_ssa_triton/train_ssa_triton.py", line 627, in main
[rank11]:     recipe_obj()
[rank11]:   File "/opt/NeMo/nemo/collections/llm/api.py", line 171, in pretrain
[rank11]:     return train(
[rank11]:            ^^^^^^
[rank11]:   File "/opt/NeMo/nemo/collections/llm/api.py", line 127, in train
[rank11]:     trainer.fit(model, data)
[rank11]:   File "/usr/local/lib/python3.12/dist-packages/lightning/pytorch/trainer/trainer.py", line 538, in fit
[rank11]:     call._call_and_handle_interrupt(
[rank11]:   File "/usr/local/lib/python3.12/dist-packages/lightning/pytorch/trainer/call.py", line 46, in _call_and_handle_interrupt
[rank11]:     return trainer.strategy.launcher.launch(trainer_fn, *args, trainer=trainer, **kwargs)
[rank11]:            ^^^^^^^^^^^^^^^^^^^^^^^^^^^^^^^^^^^^^^^^^^^^^^^^^^^^^^^^^^^^^^^^^^^^^^^^^^^^^^
[rank11]:   File "/usr/local/lib/python3.12/dist-packages/lightning/pytorch/strategies/launchers/subprocess_script.py", line 105, in launch
[rank11]:     return function(*args, **kwargs)
[rank11]:            ^^^^^^^^^^^^^^^^^^^^^^^^^
[rank11]:   File "/usr/local/lib/python3.12/dist-packages/lightning/pytorch/trainer/trainer.py", line 574, in _fit_impl
[rank11]:     self._run(model, ckpt_path=ckpt_path)
[rank11]:   File "/usr/local/lib/python3.12/dist-packages/lightning/pytorch/trainer/trainer.py", line 938, in _run
[rank11]:     self.__setup_profiler()
[rank11]:   File "/usr/local/lib/python3.12/dist-packages/lightning/pytorch/trainer/trainer.py", line 1071, in __setup_profiler
[rank11]:     self.profiler.setup(stage=self.state.fn, local_rank=local_rank, log_dir=self.log_dir)
[rank11]:                                                                             ^^^^^^^^^^^^
[rank11]:   File "/usr/local/lib/python3.12/dist-packages/lightning/pytorch/trainer/trainer.py", line 1233, in log_dir
[rank11]:     dirpath = self.strategy.broadcast(dirpath)
[rank11]:               ^^^^^^^^^^^^^^^^^^^^^^^^^^^^^^^^
[rank11]:   File "/usr/local/lib/python3.12/dist-packages/lightning/pytorch/strategies/ddp.py", line 307, in broadcast
[rank11]:     torch.distributed.broadcast_object_list(obj, src, group=_group.WORLD)
[rank11]:   File "/usr/local/lib/python3.12/dist-packages/torch/distributed/c10d_logger.py", line 81, in wrapper
[rank11]:     return func(*args, **kwargs)
[rank11]:            ^^^^^^^^^^^^^^^^^^^^^
[rank11]:   File "/usr/local/lib/python3.12/dist-packages/torch/distributed/distributed_c10d.py", line 3481, in broadcast_object_list
[rank11]:     broadcast(object_sizes_tensor, src=global_src, group=group)
[rank11]:   File "/usr/local/lib/python3.12/dist-packages/torch/distributed/c10d_logger.py", line 81, in wrapper
[rank11]:     return func(*args, **kwargs)
[rank11]:            ^^^^^^^^^^^^^^^^^^^^^
[rank11]:   File "/usr/local/lib/python3.12/dist-packages/torch/distributed/distributed_c10d.py", line 2728, in broadcast
[rank11]:     work = group.broadcast([tensor], opts)
[rank11]:            ^^^^^^^^^^^^^^^^^^^^^^^^^^^^^^^
[rank11]: torch.distributed.DistBackendError: NCCL error in: /opt/pytorch/pytorch/torch/csrc/distributed/c10d/NCCLUtils.cpp:77, invalid usage (run with NCCL_DEBUG=WARN for details), NCCL version 2.25.1
[rank11]: ncclInvalidUsage: This usually reflects invalid usage of NCCL library.
[rank11]: Last error:
[rank11]: Duplicate GPU detected : rank 11 and rank 7 both on CUDA device 3901000
[rank8]: Traceback (most recent call last):
[rank8]:   File "/work/p26037/barman/luciole-1B/training/train/train_ssa_triton/train_ssa_triton.py", line 633, in <module>
[rank8]:     main()
[rank8]:   File "/work/p26037/barman/luciole-1B/training/train/train_ssa_triton/train_ssa_triton.py", line 627, in main
[rank8]:     recipe_obj()
[rank8]:   File "/opt/NeMo/nemo/collections/llm/api.py", line 171, in pretrain
[rank8]:     return train(
[rank8]:            ^^^^^^
[rank8]:   File "/opt/NeMo/nemo/collections/llm/api.py", line 127, in train
[rank8]:     trainer.fit(model, data)
[rank8]:   File "/usr/local/lib/python3.12/dist-packages/lightning/pytorch/trainer/trainer.py", line 538, in fit
[rank8]:     call._call_and_handle_interrupt(
[rank8]:   File "/usr/local/lib/python3.12/dist-packages/lightning/pytorch/trainer/call.py", line 46, in _call_and_handle_interrupt
[rank8]:     return trainer.strategy.launcher.launch(trainer_fn, *args, trainer=trainer, **kwargs)
[rank8]:            ^^^^^^^^^^^^^^^^^^^^^^^^^^^^^^^^^^^^^^^^^^^^^^^^^^^^^^^^^^^^^^^^^^^^^^^^^^^^^^
[rank8]:   File "/usr/local/lib/python3.12/dist-packages/lightning/pytorch/strategies/launchers/subprocess_script.py", line 105, in launch
[rank8]:     return function(*args, **kwargs)
[rank8]:            ^^^^^^^^^^^^^^^^^^^^^^^^^
[rank8]:   File "/usr/local/lib/python3.12/dist-packages/lightning/pytorch/trainer/trainer.py", line 574, in _fit_impl
[rank8]:     self._run(model, ckpt_path=ckpt_path)
[rank8]:   File "/usr/local/lib/python3.12/dist-packages/lightning/pytorch/trainer/trainer.py", line 938, in _run
[rank8]:     self.__setup_profiler()
[rank8]:   File "/usr/local/lib/python3.12/dist-packages/lightning/pytorch/trainer/trainer.py", line 1071, in __setup_profiler
[rank8]:     self.profiler.setup(stage=self.state.fn, local_rank=local_rank, log_dir=self.log_dir)
[rank8]:                                                                             ^^^^^^^^^^^^
[rank8]:   File "/usr/local/lib/python3.12/dist-packages/lightning/pytorch/trainer/trainer.py", line 1233, in log_dir
[rank8]:     dirpath = self.strategy.broadcast(dirpath)
[rank8]:               ^^^^^^^^^^^^^^^^^^^^^^^^^^^^^^^^
[rank8]:   File "/usr/local/lib/python3.12/dist-packages/lightning/pytorch/strategies/ddp.py", line 307, in broadcast
[rank8]:     torch.distributed.broadcast_object_list(obj, src, group=_group.WORLD)
[rank8]:   File "/usr/local/lib/python3.12/dist-packages/torch/distributed/c10d_logger.py", line 81, in wrapper
[rank8]:     return func(*args, **kwargs)
[rank8]:            ^^^^^^^^^^^^^^^^^^^^^
[rank8]:   File "/usr/local/lib/python3.12/dist-packages/torch/distributed/distributed_c10d.py", line 3481, in broadcast_object_list
[rank8]:     broadcast(object_sizes_tensor, src=global_src, group=group)
[rank8]:   File "/usr/local/lib/python3.12/dist-packages/torch/distributed/c10d_logger.py", line 81, in wrapper
[rank8]:     return func(*args, **kwargs)
[rank8]:            ^^^^^^^^^^^^^^^^^^^^^
[rank8]:   File "/usr/local/lib/python3.12/dist-packages/torch/distributed/distributed_c10d.py", line 2728, in broadcast
[rank8]:     work = group.broadcast([tensor], opts)
[rank8]:            ^^^^^^^^^^^^^^^^^^^^^^^^^^^^^^^
[rank8]: torch.distributed.DistBackendError: NCCL error in: /opt/pytorch/pytorch/torch/csrc/distributed/c10d/NCCLUtils.cpp:77, invalid usage (run with NCCL_DEBUG=WARN for details), NCCL version 2.25.1
[rank8]: ncclInvalidUsage: This usually reflects invalid usage of NCCL library.
[rank8]: Last error:
[rank8]: Duplicate GPU detected : rank 8 and rank 4 both on CUDA device 901000
[rank10]: Traceback (most recent call last):
[rank10]:   File "/work/p26037/barman/luciole-1B/training/train/train_ssa_triton/train_ssa_triton.py", line 633, in <module>
[rank10]:     main()
[rank10]:   File "/work/p26037/barman/luciole-1B/training/train/train_ssa_triton/train_ssa_triton.py", line 627, in main
[rank10]:     recipe_obj()
[rank10]:   File "/opt/NeMo/nemo/collections/llm/api.py", line 171, in pretrain
[rank10]:     return train(
[rank10]:            ^^^^^^
[rank10]:   File "/opt/NeMo/nemo/collections/llm/api.py", line 127, in train
[rank10]:     trainer.fit(model, data)
[rank10]:   File "/usr/local/lib/python3.12/dist-packages/lightning/pytorch/trainer/trainer.py", line 538, in fit
[rank10]:     call._call_and_handle_interrupt(
[rank10]:   File "/usr/local/lib/python3.12/dist-packages/lightning/pytorch/trainer/call.py", line 46, in _call_and_handle_interrupt
[rank10]:     return trainer.strategy.launcher.launch(trainer_fn, *args, trainer=trainer, **kwargs)
[rank10]:            ^^^^^^^^^^^^^^^^^^^^^^^^^^^^^^^^^^^^^^^^^^^^^^^^^^^^^^^^^^^^^^^^^^^^^^^^^^^^^^
[rank10]:   File "/usr/local/lib/python3.12/dist-packages/lightning/pytorch/strategies/launchers/subprocess_script.py", line 105, in launch
[rank10]:     return function(*args, **kwargs)
[rank10]:            ^^^^^^^^^^^^^^^^^^^^^^^^^
[rank10]:   File "/usr/local/lib/python3.12/dist-packages/lightning/pytorch/trainer/trainer.py", line 574, in _fit_impl
[rank10]:     self._run(model, ckpt_path=ckpt_path)
[rank10]:   File "/usr/local/lib/python3.12/dist-packages/lightning/pytorch/trainer/trainer.py", line 938, in _run
[rank10]:     self.__setup_profiler()
[rank10]:   File "/usr/local/lib/python3.12/dist-packages/lightning/pytorch/trainer/trainer.py", line 1071, in __setup_profiler
[rank10]:     self.profiler.setup(stage=self.state.fn, local_rank=local_rank, log_dir=self.log_dir)
[rank10]:                                                                             ^^^^^^^^^^^^
[rank10]:   File "/usr/local/lib/python3.12/dist-packages/lightning/pytorch/trainer/trainer.py", line 1233, in log_dir
[rank10]:     dirpath = self.strategy.broadcast(dirpath)
[rank10]:               ^^^^^^^^^^^^^^^^^^^^^^^^^^^^^^^^
[rank10]:   File "/usr/local/lib/python3.12/dist-packages/lightning/pytorch/strategies/ddp.py", line 307, in broadcast
[rank10]:     torch.distributed.broadcast_object_list(obj, src, group=_group.WORLD)
[rank10]:   File "/usr/local/lib/python3.12/dist-packages/torch/distributed/c10d_logger.py", line 81, in wrapper
[rank10]:     return func(*args, **kwargs)
[rank10]:            ^^^^^^^^^^^^^^^^^^^^^
[rank10]:   File "/usr/local/lib/python3.12/dist-packages/torch/distributed/distributed_c10d.py", line 3481, in broadcast_object_list
[rank10]:     broadcast(object_sizes_tensor, src=global_src, group=group)
[rank10]:   File "/usr/local/lib/python3.12/dist-packages/torch/distributed/c10d_logger.py", line 81, in wrapper
[rank10]:     return func(*args, **kwargs)
[rank10]:            ^^^^^^^^^^^^^^^^^^^^^
[rank10]:   File "/usr/local/lib/python3.12/dist-packages/torch/distributed/distributed_c10d.py", line 2728, in broadcast
[rank10]:     work = group.broadcast([tensor], opts)
[rank10]:            ^^^^^^^^^^^^^^^^^^^^^^^^^^^^^^^
[rank10]: torch.distributed.DistBackendError: NCCL error in: /opt/pytorch/pytorch/torch/csrc/distributed/c10d/NCCLUtils.cpp:77, invalid usage (run with NCCL_DEBUG=WARN for details), NCCL version 2.25.1
[rank10]: ncclInvalidUsage: This usually reflects invalid usage of NCCL library.
[rank10]: Last error:
[rank10]: Duplicate GPU detected : rank 10 and rank 6 both on CUDA device 2901000
[rank5]: Traceback (most recent call last):
[rank5]:   File "/work/p26037/barman/luciole-1B/training/train/train_ssa_triton/train_ssa_triton.py", line 633, in <module>
[rank5]:     main()
[rank5]:   File "/work/p26037/barman/luciole-1B/training/train/train_ssa_triton/train_ssa_triton.py", line 627, in main
[rank5]:     recipe_obj()
[rank5]:   File "/opt/NeMo/nemo/collections/llm/api.py", line 171, in pretrain
[rank5]:     return train(
[rank5]:            ^^^^^^
[rank5]:   File "/opt/NeMo/nemo/collections/llm/api.py", line 127, in train
[rank5]:     trainer.fit(model, data)
[rank5]:   File "/usr/local/lib/python3.12/dist-packages/lightning/pytorch/trainer/trainer.py", line 538, in fit
[rank5]:     call._call_and_handle_interrupt(
[rank5]:   File "/usr/local/lib/python3.12/dist-packages/lightning/pytorch/trainer/call.py", line 46, in _call_and_handle_interrupt
[rank5]:     return trainer.strategy.launcher.launch(trainer_fn, *args, trainer=trainer, **kwargs)
[rank5]:            ^^^^^^^^^^^^^^^^^^^^^^^^^^^^^^^^^^^^^^^^^^^^^^^^^^^^^^^^^^^^^^^^^^^^^^^^^^^^^^
[rank5]:   File "/usr/local/lib/python3.12/dist-packages/lightning/pytorch/strategies/launchers/subprocess_script.py", line 105, in launch
[rank5]:     return function(*args, **kwargs)
[rank5]:            ^^^^^^^^^^^^^^^^^^^^^^^^^
[rank5]:   File "/usr/local/lib/python3.12/dist-packages/lightning/pytorch/trainer/trainer.py", line 574, in _fit_impl
[rank5]:     self._run(model, ckpt_path=ckpt_path)
[rank5]:   File "/usr/local/lib/python3.12/dist-packages/lightning/pytorch/trainer/trainer.py", line 938, in _run
[rank5]:     self.__setup_profiler()
[rank5]:   File "/usr/local/lib/python3.12/dist-packages/lightning/pytorch/trainer/trainer.py", line 1071, in __setup_profiler
[rank5]:     self.profiler.setup(stage=self.state.fn, local_rank=local_rank, log_dir=self.log_dir)
[rank5]:                                                                             ^^^^^^^^^^^^
[rank5]:   File "/usr/local/lib/python3.12/dist-packages/lightning/pytorch/trainer/trainer.py", line 1233, in log_dir
[rank5]:     dirpath = self.strategy.broadcast(dirpath)
[rank5]:               ^^^^^^^^^^^^^^^^^^^^^^^^^^^^^^^^
[rank5]:   File "/usr/local/lib/python3.12/dist-packages/lightning/pytorch/strategies/ddp.py", line 307, in broadcast
[rank5]:     torch.distributed.broadcast_object_list(obj, src, group=_group.WORLD)
[rank5]:   File "/usr/local/lib/python3.12/dist-packages/torch/distributed/c10d_logger.py", line 81, in wrapper
[rank5]:     return func(*args, **kwargs)
[rank5]:            ^^^^^^^^^^^^^^^^^^^^^
[rank5]:   File "/usr/local/lib/python3.12/dist-packages/torch/distributed/distributed_c10d.py", line 3481, in broadcast_object_list
[rank5]:     broadcast(object_sizes_tensor, src=global_src, group=group)
[rank5]:   File "/usr/local/lib/python3.12/dist-packages/torch/distributed/c10d_logger.py", line 81, in wrapper
[rank5]:     return func(*args, **kwargs)
[rank5]:            ^^^^^^^^^^^^^^^^^^^^^
[rank5]:   File "/usr/local/lib/python3.12/dist-packages/torch/distributed/distributed_c10d.py", line 2728, in broadcast
[rank5]:     work = group.broadcast([tensor], opts)
[rank5]:            ^^^^^^^^^^^^^^^^^^^^^^^^^^^^^^^
[rank5]: torch.distributed.DistBackendError: NCCL error in: /opt/pytorch/pytorch/torch/csrc/distributed/c10d/NCCLUtils.cpp:77, invalid usage (run with NCCL_DEBUG=WARN for details), NCCL version 2.25.1
[rank5]: ncclInvalidUsage: This usually reflects invalid usage of NCCL library.
[rank5]: Last error:
[rank5]: Duplicate GPU detected : rank 5 and rank 9 both on CUDA device 1901000
[rank7]: Traceback (most recent call last):
[rank7]:   File "/work/p26037/barman/luciole-1B/training/train/train_ssa_triton/train_ssa_triton.py", line 633, in <module>
[rank7]:     main()
[rank7]:   File "/work/p26037/barman/luciole-1B/training/train/train_ssa_triton/train_ssa_triton.py", line 627, in main
[rank7]:     recipe_obj()
[rank7]:   File "/opt/NeMo/nemo/collections/llm/api.py", line 171, in pretrain
[rank7]:     return train(
[rank7]:            ^^^^^^
[rank7]:   File "/opt/NeMo/nemo/collections/llm/api.py", line 127, in train
[rank7]:     trainer.fit(model, data)
[rank7]:   File "/usr/local/lib/python3.12/dist-packages/lightning/pytorch/trainer/trainer.py", line 538, in fit
[rank7]:     call._call_and_handle_interrupt(
[rank7]:   File "/usr/local/lib/python3.12/dist-packages/lightning/pytorch/trainer/call.py", line 46, in _call_and_handle_interrupt
[rank7]:     return trainer.strategy.launcher.launch(trainer_fn, *args, trainer=trainer, **kwargs)
[rank7]:            ^^^^^^^^^^^^^^^^^^^^^^^^^^^^^^^^^^^^^^^^^^^^^^^^^^^^^^^^^^^^^^^^^^^^^^^^^^^^^^
[rank7]:   File "/usr/local/lib/python3.12/dist-packages/lightning/pytorch/strategies/launchers/subprocess_script.py", line 105, in launch
[rank7]:     return function(*args, **kwargs)
[rank7]:            ^^^^^^^^^^^^^^^^^^^^^^^^^
[rank7]:   File "/usr/local/lib/python3.12/dist-packages/lightning/pytorch/trainer/trainer.py", line 574, in _fit_impl
[rank7]:     self._run(model, ckpt_path=ckpt_path)
[rank7]:   File "/usr/local/lib/python3.12/dist-packages/lightning/pytorch/trainer/trainer.py", line 938, in _run
[rank7]:     self.__setup_profiler()
[rank7]:   File "/usr/local/lib/python3.12/dist-packages/lightning/pytorch/trainer/trainer.py", line 1071, in __setup_profiler
[rank7]:     self.profiler.setup(stage=self.state.fn, local_rank=local_rank, log_dir=self.log_dir)
[rank7]:                                                                             ^^^^^^^^^^^^
[rank7]:   File "/usr/local/lib/python3.12/dist-packages/lightning/pytorch/trainer/trainer.py", line 1233, in log_dir
[rank7]:     dirpath = self.strategy.broadcast(dirpath)
[rank7]:               ^^^^^^^^^^^^^^^^^^^^^^^^^^^^^^^^
[rank7]:   File "/usr/local/lib/python3.12/dist-packages/lightning/pytorch/strategies/ddp.py", line 307, in broadcast
[rank7]:     torch.distributed.broadcast_object_list(obj, src, group=_group.WORLD)
[rank7]:   File "/usr/local/lib/python3.12/dist-packages/torch/distributed/c10d_logger.py", line 81, in wrapper
[rank7]:     return func(*args, **kwargs)
[rank7]:            ^^^^^^^^^^^^^^^^^^^^^
[rank7]:   File "/usr/local/lib/python3.12/dist-packages/torch/distributed/distributed_c10d.py", line 3481, in broadcast_object_list
[rank7]:     broadcast(object_sizes_tensor, src=global_src, group=group)
[rank7]:   File "/usr/local/lib/python3.12/dist-packages/torch/distributed/c10d_logger.py", line 81, in wrapper
[rank7]:     return func(*args, **kwargs)
[rank7]:            ^^^^^^^^^^^^^^^^^^^^^
[rank7]:   File "/usr/local/lib/python3.12/dist-packages/torch/distributed/distributed_c10d.py", line 2728, in broadcast
[rank7]:     work = group.broadcast([tensor], opts)
[rank7]:            ^^^^^^^^^^^^^^^^^^^^^^^^^^^^^^^
[rank7]: torch.distributed.DistBackendError: NCCL error in: /opt/pytorch/pytorch/torch/csrc/distributed/c10d/NCCLUtils.cpp:77, invalid usage (run with NCCL_DEBUG=WARN for details), NCCL version 2.25.1
[rank7]: ncclInvalidUsage: This usually reflects invalid usage of NCCL library.
[rank7]: Last error:
[rank7]: Duplicate GPU detected : rank 7 and rank 11 both on CUDA device 3901000
[rank4]: Traceback (most recent call last):
[rank4]:   File "/work/p26037/barman/luciole-1B/training/train/train_ssa_triton/train_ssa_triton.py", line 633, in <module>
[rank4]:     main()
[rank4]:   File "/work/p26037/barman/luciole-1B/training/train/train_ssa_triton/train_ssa_triton.py", line 627, in main
[rank4]:     recipe_obj()
[rank4]:   File "/opt/NeMo/nemo/collections/llm/api.py", line 171, in pretrain
[rank4]:     return train(
[rank4]:            ^^^^^^
[rank4]:   File "/opt/NeMo/nemo/collections/llm/api.py", line 127, in train
[rank4]:     trainer.fit(model, data)
[rank4]:   File "/usr/local/lib/python3.12/dist-packages/lightning/pytorch/trainer/trainer.py", line 538, in fit
[rank4]:     call._call_and_handle_interrupt(
[rank4]:   File "/usr/local/lib/python3.12/dist-packages/lightning/pytorch/trainer/call.py", line 46, in _call_and_handle_interrupt
[rank4]:     return trainer.strategy.launcher.launch(trainer_fn, *args, trainer=trainer, **kwargs)
[rank4]:            ^^^^^^^^^^^^^^^^^^^^^^^^^^^^^^^^^^^^^^^^^^^^^^^^^^^^^^^^^^^^^^^^^^^^^^^^^^^^^^
[rank4]:   File "/usr/local/lib/python3.12/dist-packages/lightning/pytorch/strategies/launchers/subprocess_script.py", line 105, in launch
[rank4]:     return function(*args, **kwargs)
[rank4]:            ^^^^^^^^^^^^^^^^^^^^^^^^^
[rank4]:   File "/usr/local/lib/python3.12/dist-packages/lightning/pytorch/trainer/trainer.py", line 574, in _fit_impl
[rank4]:     self._run(model, ckpt_path=ckpt_path)
[rank4]:   File "/usr/local/lib/python3.12/dist-packages/lightning/pytorch/trainer/trainer.py", line 938, in _run
[rank4]:     self.__setup_profiler()
[rank4]:   File "/usr/local/lib/python3.12/dist-packages/lightning/pytorch/trainer/trainer.py", line 1071, in __setup_profiler
[rank4]:     self.profiler.setup(stage=self.state.fn, local_rank=local_rank, log_dir=self.log_dir)
[rank4]:                                                                             ^^^^^^^^^^^^
[rank4]:   File "/usr/local/lib/python3.12/dist-packages/lightning/pytorch/trainer/trainer.py", line 1233, in log_dir
[rank4]:     dirpath = self.strategy.broadcast(dirpath)
[rank4]:               ^^^^^^^^^^^^^^^^^^^^^^^^^^^^^^^^
[rank4]:   File "/usr/local/lib/python3.12/dist-packages/lightning/pytorch/strategies/ddp.py", line 307, in broadcast
[rank4]:     torch.distributed.broadcast_object_list(obj, src, group=_group.WORLD)
[rank4]:   File "/usr/local/lib/python3.12/dist-packages/torch/distributed/c10d_logger.py", line 81, in wrapper
[rank4]:     return func(*args, **kwargs)
[rank4]:            ^^^^^^^^^^^^^^^^^^^^^
[rank4]:   File "/usr/local/lib/python3.12/dist-packages/torch/distributed/distributed_c10d.py", line 3481, in broadcast_object_list
[rank4]:     broadcast(object_sizes_tensor, src=global_src, group=group)
[rank4]:   File "/usr/local/lib/python3.12/dist-packages/torch/distributed/c10d_logger.py", line 81, in wrapper
[rank4]:     return func(*args, **kwargs)
[rank4]:            ^^^^^^^^^^^^^^^^^^^^^
[rank4]:   File "/usr/local/lib/python3.12/dist-packages/torch/distributed/distributed_c10d.py", line 2728, in broadcast
[rank4]:     work = group.broadcast([tensor], opts)
[rank4]:            ^^^^^^^^^^^^^^^^^^^^^^^^^^^^^^^
[rank4]: torch.distributed.DistBackendError: NCCL error in: /opt/pytorch/pytorch/torch/csrc/distributed/c10d/NCCLUtils.cpp:77, invalid usage (run with NCCL_DEBUG=WARN for details), NCCL version 2.25.1
[rank4]: ncclInvalidUsage: This usually reflects invalid usage of NCCL library.
[rank4]: Last error:
[rank4]: Duplicate GPU detected : rank 4 and rank 8 both on CUDA device 901000
[rank6]: Traceback (most recent call last):
[rank6]:   File "/work/p26037/barman/luciole-1B/training/train/train_ssa_triton/train_ssa_triton.py", line 633, in <module>
[rank6]:     main()
[rank6]:   File "/work/p26037/barman/luciole-1B/training/train/train_ssa_triton/train_ssa_triton.py", line 627, in main
[rank6]:     recipe_obj()
[rank6]:   File "/opt/NeMo/nemo/collections/llm/api.py", line 171, in pretrain
[rank6]:     return train(
[rank6]:            ^^^^^^
[rank6]:   File "/opt/NeMo/nemo/collections/llm/api.py", line 127, in train
[rank6]:     trainer.fit(model, data)
[rank6]:   File "/usr/local/lib/python3.12/dist-packages/lightning/pytorch/trainer/trainer.py", line 538, in fit
[rank6]:     call._call_and_handle_interrupt(
[rank6]:   File "/usr/local/lib/python3.12/dist-packages/lightning/pytorch/trainer/call.py", line 46, in _call_and_handle_interrupt
[rank6]:     return trainer.strategy.launcher.launch(trainer_fn, *args, trainer=trainer, **kwargs)
[rank6]:            ^^^^^^^^^^^^^^^^^^^^^^^^^^^^^^^^^^^^^^^^^^^^^^^^^^^^^^^^^^^^^^^^^^^^^^^^^^^^^^
[rank6]:   File "/usr/local/lib/python3.12/dist-packages/lightning/pytorch/strategies/launchers/subprocess_script.py", line 105, in launch
[rank6]:     return function(*args, **kwargs)
[rank6]:            ^^^^^^^^^^^^^^^^^^^^^^^^^
[rank6]:   File "/usr/local/lib/python3.12/dist-packages/lightning/pytorch/trainer/trainer.py", line 574, in _fit_impl
[rank6]:     self._run(model, ckpt_path=ckpt_path)
[rank6]:   File "/usr/local/lib/python3.12/dist-packages/lightning/pytorch/trainer/trainer.py", line 938, in _run
[rank6]:     self.__setup_profiler()
[rank6]:   File "/usr/local/lib/python3.12/dist-packages/lightning/pytorch/trainer/trainer.py", line 1071, in __setup_profiler
[rank6]:     self.profiler.setup(stage=self.state.fn, local_rank=local_rank, log_dir=self.log_dir)
[rank6]:                                                                             ^^^^^^^^^^^^
[rank6]:   File "/usr/local/lib/python3.12/dist-packages/lightning/pytorch/trainer/trainer.py", line 1233, in log_dir
[rank6]:     dirpath = self.strategy.broadcast(dirpath)
[rank6]:               ^^^^^^^^^^^^^^^^^^^^^^^^^^^^^^^^
[rank6]:   File "/usr/local/lib/python3.12/dist-packages/lightning/pytorch/strategies/ddp.py", line 307, in broadcast
[rank6]:     torch.distributed.broadcast_object_list(obj, src, group=_group.WORLD)
[rank6]:   File "/usr/local/lib/python3.12/dist-packages/torch/distributed/c10d_logger.py", line 81, in wrapper
[rank6]:     return func(*args, **kwargs)
[rank6]:            ^^^^^^^^^^^^^^^^^^^^^
[rank6]:   File "/usr/local/lib/python3.12/dist-packages/torch/distributed/distributed_c10d.py", line 3481, in broadcast_object_list
[rank6]:     broadcast(object_sizes_tensor, src=global_src, group=group)
[rank6]:   File "/usr/local/lib/python3.12/dist-packages/torch/distributed/c10d_logger.py", line 81, in wrapper
[rank6]:     return func(*args, **kwargs)
[rank6]:            ^^^^^^^^^^^^^^^^^^^^^
[rank6]:   File "/usr/local/lib/python3.12/dist-packages/torch/distributed/distributed_c10d.py", line 2728, in broadcast
[rank6]:     work = group.broadcast([tensor], opts)
[rank6]:            ^^^^^^^^^^^^^^^^^^^^^^^^^^^^^^^
[rank6]: torch.distributed.DistBackendError: NCCL error in: /opt/pytorch/pytorch/torch/csrc/distributed/c10d/NCCLUtils.cpp:77, invalid usage (run with NCCL_DEBUG=WARN for details), NCCL version 2.25.1
[rank6]: ncclInvalidUsage: This usually reflects invalid usage of NCCL library.
[rank6]: Last error:
[rank6]: Duplicate GPU detected : rank 6 and rank 10 both on CUDA device 2901000
[rank0]: Traceback (most recent call last):
[rank0]:   File "/work/p26037/barman/luciole-1B/training/train/train_ssa_triton/train_ssa_triton.py", line 633, in <module>
[rank0]:     main()
[rank0]:   File "/work/p26037/barman/luciole-1B/training/train/train_ssa_triton/train_ssa_triton.py", line 627, in main
[rank0]:     recipe_obj()
[rank0]:   File "/opt/NeMo/nemo/collections/llm/api.py", line 171, in pretrain
[rank0]:     return train(
[rank0]:            ^^^^^^
[rank0]:   File "/opt/NeMo/nemo/collections/llm/api.py", line 127, in train
[rank0]:     trainer.fit(model, data)
[rank0]:   File "/usr/local/lib/python3.12/dist-packages/lightning/pytorch/trainer/trainer.py", line 538, in fit
[rank0]:     call._call_and_handle_interrupt(
[rank0]:   File "/usr/local/lib/python3.12/dist-packages/lightning/pytorch/trainer/call.py", line 46, in _call_and_handle_interrupt
[rank0]:     return trainer.strategy.launcher.launch(trainer_fn, *args, trainer=trainer, **kwargs)
[rank0]:            ^^^^^^^^^^^^^^^^^^^^^^^^^^^^^^^^^^^^^^^^^^^^^^^^^^^^^^^^^^^^^^^^^^^^^^^^^^^^^^
[rank0]:   File "/usr/local/lib/python3.12/dist-packages/lightning/pytorch/strategies/launchers/subprocess_script.py", line 105, in launch
[rank0]:     return function(*args, **kwargs)
[rank0]:            ^^^^^^^^^^^^^^^^^^^^^^^^^
[rank0]:   File "/usr/local/lib/python3.12/dist-packages/lightning/pytorch/trainer/trainer.py", line 574, in _fit_impl
[rank0]:     self._run(model, ckpt_path=ckpt_path)
[rank0]:   File "/usr/local/lib/python3.12/dist-packages/lightning/pytorch/trainer/trainer.py", line 938, in _run
[rank0]:     self.__setup_profiler()
[rank0]:   File "/usr/local/lib/python3.12/dist-packages/lightning/pytorch/trainer/trainer.py", line 1071, in __setup_profiler
[rank0]:     self.profiler.setup(stage=self.state.fn, local_rank=local_rank, log_dir=self.log_dir)
[rank0]:                                                                             ^^^^^^^^^^^^
[rank0]:   File "/usr/local/lib/python3.12/dist-packages/lightning/pytorch/trainer/trainer.py", line 1233, in log_dir
[rank0]:     dirpath = self.strategy.broadcast(dirpath)
[rank0]:               ^^^^^^^^^^^^^^^^^^^^^^^^^^^^^^^^
[rank0]:   File "/usr/local/lib/python3.12/dist-packages/lightning/pytorch/strategies/ddp.py", line 307, in broadcast
[rank0]:     torch.distributed.broadcast_object_list(obj, src, group=_group.WORLD)
[rank0]:   File "/usr/local/lib/python3.12/dist-packages/torch/distributed/c10d_logger.py", line 81, in wrapper
[rank0]:     return func(*args, **kwargs)
[rank0]:            ^^^^^^^^^^^^^^^^^^^^^
[rank0]:   File "/usr/local/lib/python3.12/dist-packages/torch/distributed/distributed_c10d.py", line 3481, in broadcast_object_list
[rank0]:     broadcast(object_sizes_tensor, src=global_src, group=group)
[rank0]:   File "/usr/local/lib/python3.12/dist-packages/torch/distributed/c10d_logger.py", line 81, in wrapper
[rank0]:     return func(*args, **kwargs)
[rank0]:            ^^^^^^^^^^^^^^^^^^^^^
[rank0]:   File "/usr/local/lib/python3.12/dist-packages/torch/distributed/distributed_c10d.py", line 2728, in broadcast
[rank0]:     work = group.broadcast([tensor], opts)
[rank0]:            ^^^^^^^^^^^^^^^^^^^^^^^^^^^^^^^
[rank0]: torch.distributed.DistBackendError: NCCL error in: /opt/pytorch/pytorch/torch/csrc/distributed/c10d/NCCLUtils.cpp:77, remote process exited or there was a network error, NCCL version 2.25.1
[rank0]: ncclRemoteError: A call failed possibly due to a network error or a remote process exiting prematurely.
[rank0]: Last error:
[rank0]: socketProgress: Connection closed by remote peer kairosgh6.calmip.cluster<44208>
W0402 12:13:18.154000 508224 torch/distributed/elastic/multiprocessing/api.py:898] Sending process 508601 closing signal SIGTERM
W0402 12:13:18.155000 508224 torch/distributed/elastic/multiprocessing/api.py:898] Sending process 508607 closing signal SIGTERM
W0402 12:13:18.155000 508224 torch/distributed/elastic/multiprocessing/api.py:898] Sending process 508610 closing signal SIGTERM
W0402 12:13:18.254000 508232 torch/distributed/elastic/multiprocessing/api.py:898] Sending process 508602 closing signal SIGTERM
W0402 12:13:18.255000 508232 torch/distributed/elastic/multiprocessing/api.py:898] Sending process 508605 closing signal SIGTERM
W0402 12:13:18.255000 508232 torch/distributed/elastic/multiprocessing/api.py:898] Sending process 508611 closing signal SIGTERM
W0402 12:13:18.354000 508231 torch/distributed/elastic/multiprocessing/api.py:898] Sending process 508603 closing signal SIGTERM
W0402 12:13:18.355000 508231 torch/distributed/elastic/multiprocessing/api.py:898] Sending process 508606 closing signal SIGTERM
W0402 12:13:18.355000 508231 torch/distributed/elastic/multiprocessing/api.py:898] Sending process 508612 closing signal SIGTERM
E0402 12:13:18.451000 508231 torch/distributed/elastic/multiprocessing/api.py:870] failed (exitcode: 1) local_rank: 2 (pid: 508609) of binary: /usr/bin/python
Traceback (most recent call last):
  File "/usr/local/bin/torchrun", line 33, in <module>
    sys.exit(load_entry_point('torch==2.7.0a0+7c8ec84dab.nv25.3', 'console_scripts', 'torchrun')())
             ^^^^^^^^^^^^^^^^^^^^^^^^^^^^^^^^^^^^^^^^^^^^^^^^^^^^^^^^^^^^^^^^^^^^^^^^^^^^^^^^^^^^^
  File "/usr/local/lib/python3.12/dist-packages/torch/distributed/elastic/multiprocessing/errors/__init__.py", line 355, in wrapper
    return f(*args, **kwargs)
           ^^^^^^^^^^^^^^^^^^
  File "/usr/local/lib/python3.12/dist-packages/torch/distributed/run.py", line 889, in main
    run(args)
  File "/usr/local/lib/python3.12/dist-packages/torch/distributed/run.py", line 880, in run
    elastic_launch(
  File "/usr/local/lib/python3.12/dist-packages/torch/distributed/launcher/api.py", line 139, in __call__
    return launch_agent(self._config, self._entrypoint, list(args))
           ^^^^^^^^^^^^^^^^^^^^^^^^^^^^^^^^^^^^^^^^^^^^^^^^^^^^^^^^
  File "/usr/local/lib/python3.12/dist-packages/torch/distributed/launcher/api.py", line 270, in launch_agent
    raise ChildFailedError(
torch.distributed.elastic.multiprocessing.errors.ChildFailedError: 
============================================================
/work/p26037/barman/luciole-1B/training/train/train_ssa_triton/train_ssa_triton.py FAILED
------------------------------------------------------------
Failures:
  <NO_OTHER_FAILURES>
------------------------------------------------------------
Root Cause (first observed failure):
[0]:
  time      : 2026-04-02_12:13:18
  host      : kairosgh6.calmip.cluster
  rank      : 10 (local_rank: 2)
  exitcode  : 1 (pid: 508609)
  error_file: <N/A>
  traceback : To enable traceback see: https://pytorch.org/docs/stable/elastic/errors.html
============================================================
Traceback (most recent call last):
  File "/usr/local/bin/torchrun", line 33, in <module>
    sys.exit(load_entry_point('torch==2.7.0a0+7c8ec84dab.nv25.3', 'console_scripts', 'torchrun')())
             ^^^^^^^^^^^^^^^^^^^^^^^^^^^^^^^^^^^^^^^^^^^^^^^^^^^^^^^^^^^^^^^^^^^^^^^^^^^^^^^^^^^^^
  File "/usr/local/lib/python3.12/dist-packages/torch/distributed/elastic/multiprocessing/errors/__init__.py", line 355, in wrapper
    return f(*args, **kwargs)
           ^^^^^^^^^^^^^^^^^^
  File "/usr/local/lib/python3.12/dist-packages/torch/distributed/run.py", line 889, in main
    run(args)
  File "/usr/local/lib/python3.12/dist-packages/torch/distributed/run.py", line 880, in run
    elastic_launch(
  File "/usr/local/lib/python3.12/dist-packages/torch/distributed/launcher/api.py", line 139, in __call__
    return launch_agent(self._config, self._entrypoint, list(args))
           ^^^^^^^^^^^^^^^^^^^^^^^^^^^^^^^^^^^^^^^^^^^^^^^^^^^^^^^^
  File "/usr/local/lib/python3.12/dist-packages/torch/distributed/launcher/api.py", line 265, in launch_agent
    if result.is_failed():
       ^^^^^^^^^^^^^^^^
AttributeError: 'NoneType' object has no attribute 'is_failed'
E0402 12:13:18.577000 508232 torch/distributed/elastic/multiprocessing/api.py:870] failed (exitcode: 1) local_rank: 2 (pid: 508608) of binary: /usr/bin/python
Traceback (most recent call last):
  File "/usr/local/bin/torchrun", line 33, in <module>
    sys.exit(load_entry_point('torch==2.7.0a0+7c8ec84dab.nv25.3', 'console_scripts', 'torchrun')())
             ^^^^^^^^^^^^^^^^^^^^^^^^^^^^^^^^^^^^^^^^^^^^^^^^^^^^^^^^^^^^^^^^^^^^^^^^^^^^^^^^^^^^^
  File "/usr/local/lib/python3.12/dist-packages/torch/distributed/elastic/multiprocessing/errors/__init__.py", line 355, in wrapper
    return f(*args, **kwargs)
           ^^^^^^^^^^^^^^^^^^
  File "/usr/local/lib/python3.12/dist-packages/torch/distributed/run.py", line 889, in main
    run(args)
  File "/usr/local/lib/python3.12/dist-packages/torch/distributed/run.py", line 880, in run
    elastic_launch(
  File "/usr/local/lib/python3.12/dist-packages/torch/distributed/launcher/api.py", line 139, in __call__
    return launch_agent(self._config, self._entrypoint, list(args))
           ^^^^^^^^^^^^^^^^^^^^^^^^^^^^^^^^^^^^^^^^^^^^^^^^^^^^^^^^
  File "/usr/local/lib/python3.12/dist-packages/torch/distributed/launcher/api.py", line 270, in launch_agent
    raise ChildFailedError(
torch.distributed.elastic.multiprocessing.errors.ChildFailedError: 
============================================================
/work/p26037/barman/luciole-1B/training/train/train_ssa_triton/train_ssa_triton.py FAILED
------------------------------------------------------------
Failures:
  <NO_OTHER_FAILURES>
------------------------------------------------------------
Root Cause (first observed failure):
[0]:
  time      : 2026-04-02_12:13:18
  host      : kairosgh6.calmip.cluster
  rank      : 14 (local_rank: 2)
  exitcode  : 1 (pid: 508608)
  error_file: <N/A>
  traceback : To enable traceback see: https://pytorch.org/docs/stable/elastic/errors.html
============================================================
Traceback (most recent call last):
  File "/usr/local/bin/torchrun", line 33, in <module>
    sys.exit(load_entry_point('torch==2.7.0a0+7c8ec84dab.nv25.3', 'console_scripts', 'torchrun')())
             ^^^^^^^^^^^^^^^^^^^^^^^^^^^^^^^^^^^^^^^^^^^^^^^^^^^^^^^^^^^^^^^^^^^^^^^^^^^^^^^^^^^^^
  File "/usr/local/lib/python3.12/dist-packages/torch/distributed/elastic/multiprocessing/errors/__init__.py", line 355, in wrapper
    return f(*args, **kwargs)
           ^^^^^^^^^^^^^^^^^^
  File "/usr/local/lib/python3.12/dist-packages/torch/distributed/run.py", line 889, in main
    run(args)
  File "/usr/local/lib/python3.12/dist-packages/torch/distributed/run.py", line 880, in run
    elastic_launch(
  File "/usr/local/lib/python3.12/dist-packages/torch/distributed/launcher/api.py", line 139, in __call__
    return launch_agent(self._config, self._entrypoint, list(args))
           ^^^^^^^^^^^^^^^^^^^^^^^^^^^^^^^^^^^^^^^^^^^^^^^^^^^^^^^^
  File "/usr/local/lib/python3.12/dist-packages/torch/distributed/launcher/api.py", line 265, in launch_agent
    if result.is_failed():
       ^^^^^^^^^^^^^^^^
AttributeError: 'NoneType' object has no attribute 'is_failed'
E0402 12:13:18.670000 508224 torch/distributed/elastic/multiprocessing/api.py:870] failed (exitcode: 1) local_rank: 1 (pid: 508604) of binary: /usr/bin/python
Traceback (most recent call last):
  File "/usr/local/bin/torchrun", line 33, in <module>
    sys.exit(load_entry_point('torch==2.7.0a0+7c8ec84dab.nv25.3', 'console_scripts', 'torchrun')())
             ^^^^^^^^^^^^^^^^^^^^^^^^^^^^^^^^^^^^^^^^^^^^^^^^^^^^^^^^^^^^^^^^^^^^^^^^^^^^^^^^^^^^^
  File "/usr/local/lib/python3.12/dist-packages/torch/distributed/elastic/multiprocessing/errors/__init__.py", line 355, in wrapper
    return f(*args, **kwargs)
           ^^^^^^^^^^^^^^^^^^
  File "/usr/local/lib/python3.12/dist-packages/torch/distributed/run.py", line 889, in main
    run(args)
  File "/usr/local/lib/python3.12/dist-packages/torch/distributed/run.py", line 880, in run
    elastic_launch(
  File "/usr/local/lib/python3.12/dist-packages/torch/distributed/launcher/api.py", line 139, in __call__
    return launch_agent(self._config, self._entrypoint, list(args))
           ^^^^^^^^^^^^^^^^^^^^^^^^^^^^^^^^^^^^^^^^^^^^^^^^^^^^^^^^
  File "/usr/local/lib/python3.12/dist-packages/torch/distributed/launcher/api.py", line 270, in launch_agent
    raise ChildFailedError(
torch.distributed.elastic.multiprocessing.errors.ChildFailedError: 
============================================================
/work/p26037/barman/luciole-1B/training/train/train_ssa_triton/train_ssa_triton.py FAILED
------------------------------------------------------------
Failures:
  <NO_OTHER_FAILURES>
------------------------------------------------------------
Root Cause (first observed failure):
[0]:
  time      : 2026-04-02_12:13:18
  host      : kairosgh6.calmip.cluster
  rank      : 5 (local_rank: 1)
  exitcode  : 1 (pid: 508604)
  error_file: <N/A>
  traceback : To enable traceback see: https://pytorch.org/docs/stable/elastic/errors.html
============================================================
[W402 12:13:18.864847200 TCPStore.cpp:106] [c10d] sendBytes failed on SocketImpl(fd=4, addr=kairosgh7.calmip.cluster:55192, remote=kairosgh6.calmip.cluster:22765): Broken pipe
Exception raised from sendBytes at /opt/pytorch/pytorch/torch/csrc/distributed/c10d/Utils.hpp:646 (most recent call first):
frame #0: c10::Error::Error(c10::SourceLocation, std::__cxx11::basic_string<char, std::char_traits<char>, std::allocator<char> >) + 0xd4 (0x40005aa43cc4 in /usr/local/lib/python3.12/dist-packages/torch/lib/libc10.so)
frame #1: <unknown function> + 0x5a291f0 (0x4000107591f0 in /usr/local/lib/python3.12/dist-packages/torch/lib/libtorch_cpu.so)
frame #2: <unknown function> + 0x5a2b0fc (0x40001075b0fc in /usr/local/lib/python3.12/dist-packages/torch/lib/libtorch_cpu.so)
frame #3: <unknown function> + 0x5a2d704 (0x40001075d704 in /usr/local/lib/python3.12/dist-packages/torch/lib/libtorch_cpu.so)
frame #4: c10d::TCPStore::doWait(c10::ArrayRef<std::__cxx11::basic_string<char, std::char_traits<char>, std::allocator<char> > >, std::chrono::duration<long, std::ratio<1l, 1000l> >) + 0x148 (0x40001075e6b8 in /usr/local/lib/python3.12/dist-packages/torch/lib/libtorch_cpu.so)
frame #5: c10d::TCPStore::doGet(std::__cxx11::basic_string<char, std::char_traits<char>, std::allocator<char> > const&) + 0x2c (0x40001075eb7c in /usr/local/lib/python3.12/dist-packages/torch/lib/libtorch_cpu.so)
frame #6: c10d::TCPStore::get(std::__cxx11::basic_string<char, std::char_traits<char>, std::allocator<char> > const&) + 0x9c (0x40001076007c in /usr/local/lib/python3.12/dist-packages/torch/lib/libtorch_cpu.so)
frame #7: <unknown function> + 0xf50874 (0x40000abf0874 in /usr/local/lib/python3.12/dist-packages/torch/lib/libtorch_python.so)
frame #8: <unknown function> + 0x594060 (0x40000a234060 in /usr/local/lib/python3.12/dist-packages/torch/lib/libtorch_python.so)
frame #9: /usr/bin/python() [0x5036b4]
frame #10: _PyObject_MakeTpCall + 0x78 (0x4c2c98 in /usr/bin/python)
frame #11: /usr/bin/python() [0x4c6f6c]
frame #12: _PyEval_EvalFrameDefault + 0x3cf4 (0x567308 in /usr/bin/python)
frame #13: _PyObject_Call_Prepend + 0xc4 (0x4c4774 in /usr/bin/python)
frame #14: /usr/bin/python() [0x528ba0]
frame #15: PyObject_Call + 0x6c (0x4c517c in /usr/bin/python)
frame #16: _PyEval_EvalFrameDefault + 0x3cf4 (0x567308 in /usr/bin/python)
frame #17: PyEval_EvalCode + 0x130 (0x562204 in /usr/bin/python)
frame #18: /usr/bin/python() [0x59c3c4]
frame #19: /usr/bin/python() [0x680e94]
frame #20: _PyRun_SimpleFileObject + 0x194 (0x680a68 in /usr/bin/python)
frame #21: _PyRun_AnyFileObject + 0x54 (0x680834 in /usr/bin/python)
frame #22: Py_RunMain + 0x2dc (0x68b83c in /usr/bin/python)
frame #23: Py_BytesMain + 0x28 (0x68b3f8 in /usr/bin/python)
frame #24: <unknown function> + 0x284c4 (0x400008fb84c4 in /lib/aarch64-linux-gnu/libc.so.6)
frame #25: __libc_start_main + 0x98 (0x400008fb8598 in /lib/aarch64-linux-gnu/libc.so.6)
frame #26: _start + 0x30 (0x5f6df0 in /usr/bin/python)

W0402 12:13:18.722000 446182 torch/distributed/elastic/rendezvous/dynamic_rendezvous.py:1284] The node 'kairosgh7.calmip.cluster_446182_0' has failed to shutdown the rendezvous '12764' due to an error of type RendezvousConnectionError.
[W402 12:13:18.869783511 TCPStore.cpp:106] [c10d] sendBytes failed on SocketImpl(fd=4, addr=kairosgh7.calmip.cluster:55192, remote=kairosgh6.calmip.cluster:22765): Broken pipe
Exception raised from sendBytes at /opt/pytorch/pytorch/torch/csrc/distributed/c10d/Utils.hpp:646 (most recent call first):
frame #0: c10::Error::Error(c10::SourceLocation, std::__cxx11::basic_string<char, std::char_traits<char>, std::allocator<char> >) + 0xd4 (0x40005aa43cc4 in /usr/local/lib/python3.12/dist-packages/torch/lib/libc10.so)
frame #1: <unknown function> + 0x5a291f0 (0x4000107591f0 in /usr/local/lib/python3.12/dist-packages/torch/lib/libtorch_cpu.so)
frame #2: <unknown function> + 0x5a2b0fc (0x40001075b0fc in /usr/local/lib/python3.12/dist-packages/torch/lib/libtorch_cpu.so)
frame #3: <unknown function> + 0x5a2d704 (0x40001075d704 in /usr/local/lib/python3.12/dist-packages/torch/lib/libtorch_cpu.so)
frame #4: c10d::TCPStore::doWait(c10::ArrayRef<std::__cxx11::basic_string<char, std::char_traits<char>, std::allocator<char> > >, std::chrono::duration<long, std::ratio<1l, 1000l> >) + 0x148 (0x40001075e6b8 in /usr/local/lib/python3.12/dist-packages/torch/lib/libtorch_cpu.so)
frame #5: c10d::TCPStore::doGet(std::__cxx11::basic_string<char, std::char_traits<char>, std::allocator<char> > const&) + 0x2c (0x40001075eb7c in /usr/local/lib/python3.12/dist-packages/torch/lib/libtorch_cpu.so)
frame #6: c10d::TCPStore::get(std::__cxx11::basic_string<char, std::char_traits<char>, std::allocator<char> > const&) + 0x9c (0x40001076007c in /usr/local/lib/python3.12/dist-packages/torch/lib/libtorch_cpu.so)
frame #7: <unknown function> + 0xf50874 (0x40000abf0874 in /usr/local/lib/python3.12/dist-packages/torch/lib/libtorch_python.so)
frame #8: <unknown function> + 0x594060 (0x40000a234060 in /usr/local/lib/python3.12/dist-packages/torch/lib/libtorch_python.so)
frame #9: /usr/bin/python() [0x5036b4]
frame #10: _PyObject_MakeTpCall + 0x78 (0x4c2c98 in /usr/bin/python)
frame #11: /usr/bin/python() [0x4c6f6c]
frame #12: _PyEval_EvalFrameDefault + 0x3cf4 (0x567308 in /usr/bin/python)
frame #13: _PyObject_Call_Prepend + 0xc4 (0x4c4774 in /usr/bin/python)
frame #14: /usr/bin/python() [0x528ba0]
frame #15: PyObject_Call + 0x6c (0x4c517c in /usr/bin/python)
frame #16: _PyEval_EvalFrameDefault + 0x3cf4 (0x567308 in /usr/bin/python)
frame #17: PyEval_EvalCode + 0x130 (0x562204 in /usr/bin/python)
frame #18: /usr/bin/python() [0x59c3c4]
frame #19: /usr/bin/python() [0x680e94]
frame #20: _PyRun_SimpleFileObject + 0x194 (0x680a68 in /usr/bin/python)
frame #21: _PyRun_AnyFileObject + 0x54 (0x680834 in /usr/bin/python)
frame #22: Py_RunMain + 0x2dc (0x68b83c in /usr/bin/python)
frame #23: Py_BytesMain + 0x28 (0x68b3f8 in /usr/bin/python)
frame #24: <unknown function> + 0x284c4 (0x400008fb84c4 in /lib/aarch64-linux-gnu/libc.so.6)
frame #25: __libc_start_main + 0x98 (0x400008fb8598 in /lib/aarch64-linux-gnu/libc.so.6)
frame #26: _start + 0x30 (0x5f6df0 in /usr/bin/python)

W0402 12:13:18.727000 446182 torch/distributed/elastic/rendezvous/dynamic_rendezvous.py:1284] The node 'kairosgh7.calmip.cluster_446182_0' has failed to shutdown the rendezvous '12764' due to an error of type RendezvousConnectionError.
Traceback (most recent call last):
  File "/usr/local/lib/python3.12/dist-packages/torch/distributed/elastic/rendezvous/c10d_rendezvous_backend.py", line 117, in _call_store
    return getattr(self._store, store_op)(*args, **kwargs)
           ^^^^^^^^^^^^^^^^^^^^^^^^^^^^^^^^^^^^^^^^^^^^^^^
torch.distributed.DistNetworkError: failed to recv, got 0 bytes

The above exception was the direct cause of the following exception:

Traceback (most recent call last):
  File "/usr/local/bin/torchrun", line 33, in <module>
    sys.exit(load_entry_point('torch==2.7.0a0+7c8ec84dab.nv25.3', 'console_scripts', 'torchrun')())
             ^^^^^^^^^^^^^^^^^^^^^^^^^^^^^^^^^^^^^^^^^^^^^^^^^^^^^^^^^^^^^^^^^^^^^^^^^^^^^^^^^^^^^
  File "/usr/local/lib/python3.12/dist-packages/torch/distributed/elastic/multiprocessing/errors/__init__.py", line 355, in wrapper
    return f(*args, **kwargs)
           ^^^^^^^^^^^^^^^^^^
  File "/usr/local/lib/python3.12/dist-packages/torch/distributed/run.py", line 889, in main
    run(args)
  File "/usr/local/lib/python3.12/dist-packages/torch/distributed/run.py", line 880, in run
    elastic_launch(
  File "/usr/local/lib/python3.12/dist-packages/torch/distributed/launcher/api.py", line 139, in __call__
    return launch_agent(self._config, self._entrypoint, list(args))
           ^^^^^^^^^^^^^^^^^^^^^^^^^^^^^^^^^^^^^^^^^^^^^^^^^^^^^^^^
  File "/usr/local/lib/python3.12/dist-packages/torch/distributed/launcher/api.py", line 261, in launch_agent
    result = agent.run()
             ^^^^^^^^^^^
  File "/usr/local/lib/python3.12/dist-packages/torch/distributed/elastic/metrics/api.py", line 137, in wrapper
    result = f(*args, **kwargs)
             ^^^^^^^^^^^^^^^^^^
  File "/usr/local/lib/python3.12/dist-packages/torch/distributed/elastic/agent/server/api.py", line 711, in run
    result = self._invoke_run(role)
             ^^^^^^^^^^^^^^^^^^^^^^
  File "/usr/local/lib/python3.12/dist-packages/torch/distributed/elastic/agent/server/api.py", line 864, in _invoke_run
    self._initialize_workers(self._worker_group)
  File "/usr/local/lib/python3.12/dist-packages/torch/distributed/elastic/metrics/api.py", line 137, in wrapper
    result = f(*args, **kwargs)
             ^^^^^^^^^^^^^^^^^^
  File "/usr/local/lib/python3.12/dist-packages/torch/distributed/elastic/agent/server/api.py", line 683, in _initialize_workers
    self._rendezvous(worker_group)
  File "/usr/local/lib/python3.12/dist-packages/torch/distributed/elastic/metrics/api.py", line 137, in wrapper
    result = f(*args, **kwargs)
             ^^^^^^^^^^^^^^^^^^
  File "/usr/local/lib/python3.12/dist-packages/torch/distributed/elastic/agent/server/api.py", line 500, in _rendezvous
    rdzv_info = spec.rdzv_handler.next_rendezvous()
                ^^^^^^^^^^^^^^^^^^^^^^^^^^^^^^^^^^^
  File "/usr/local/lib/python3.12/dist-packages/torch/distributed/elastic/rendezvous/dynamic_rendezvous.py", line 1162, in next_rendezvous
    self._op_executor.run(join_op, deadline, self._get_deadline)
  File "/usr/local/lib/python3.12/dist-packages/torch/distributed/elastic/rendezvous/dynamic_rendezvous.py", line 648, in run
    has_set = self._state_holder.sync()
              ^^^^^^^^^^^^^^^^^^^^^^^^^
  File "/usr/local/lib/python3.12/dist-packages/torch/distributed/elastic/rendezvous/dynamic_rendezvous.py", line 437, in sync
    get_response = self._backend.get_state()
                   ^^^^^^^^^^^^^^^^^^^^^^^^^
  File "/usr/local/lib/python3.12/dist-packages/torch/distributed/elastic/rendezvous/c10d_rendezvous_backend.py", line 75, in get_state
    base64_state: bytes = self._call_store("get", self._key)
                          ^^^^^^^^^^^^^^^^^^^^^^^^^^^^^^^^^^
  File "/usr/local/lib/python3.12/dist-packages/torch/distributed/elastic/rendezvous/c10d_rendezvous_backend.py", line 119, in _call_store
    raise RendezvousConnectionError(
torch.distributed.elastic.rendezvous.api.RendezvousConnectionError: The connection to the C10d store has failed. See inner exception for details.
[W402 12:13:18.941724724 TCPStore.cpp:106] [c10d] sendBytes failed on SocketImpl(fd=4, addr=kairosgh7.calmip.cluster:55206, remote=kairosgh6.calmip.cluster:22765): Broken pipe
Exception raised from sendBytes at /opt/pytorch/pytorch/torch/csrc/distributed/c10d/Utils.hpp:646 (most recent call first):
frame #0: c10::Error::Error(c10::SourceLocation, std::__cxx11::basic_string<char, std::char_traits<char>, std::allocator<char> >) + 0xd4 (0x40008c193cc4 in /usr/local/lib/python3.12/dist-packages/torch/lib/libc10.so)
frame #1: <unknown function> + 0x5a291f0 (0x400041ea91f0 in /usr/local/lib/python3.12/dist-packages/torch/lib/libtorch_cpu.so)
frame #2: <unknown function> + 0x5a2b0fc (0x400041eab0fc in /usr/local/lib/python3.12/dist-packages/torch/lib/libtorch_cpu.so)
frame #3: <unknown function> + 0x5a2d704 (0x400041ead704 in /usr/local/lib/python3.12/dist-packages/torch/lib/libtorch_cpu.so)
frame #4: c10d::TCPStore::doWait(c10::ArrayRef<std::__cxx11::basic_string<char, std::char_traits<char>, std::allocator<char> > >, std::chrono::duration<long, std::ratio<1l, 1000l> >) + 0x148 (0x400041eae6b8 in /usr/local/lib/python3.12/dist-packages/torch/lib/libtorch_cpu.so)
frame #5: c10d::TCPStore::doGet(std::__cxx11::basic_string<char, std::char_traits<char>, std::allocator<char> > const&) + 0x2c (0x400041eaeb7c in /usr/local/lib/python3.12/dist-packages/torch/lib/libtorch_cpu.so)
frame #6: c10d::TCPStore::get(std::__cxx11::basic_string<char, std::char_traits<char>, std::allocator<char> > const&) + 0x9c (0x400041eb007c in /usr/local/lib/python3.12/dist-packages/torch/lib/libtorch_cpu.so)
frame #7: <unknown function> + 0xf50874 (0x40003c340874 in /usr/local/lib/python3.12/dist-packages/torch/lib/libtorch_python.so)
frame #8: <unknown function> + 0x594060 (0x40003b984060 in /usr/local/lib/python3.12/dist-packages/torch/lib/libtorch_python.so)
frame #9: /usr/bin/python() [0x5036b4]
frame #10: _PyObject_MakeTpCall + 0x78 (0x4c2c98 in /usr/bin/python)
frame #11: /usr/bin/python() [0x4c6f6c]
frame #12: _PyEval_EvalFrameDefault + 0x3cf4 (0x567308 in /usr/bin/python)
frame #13: _PyObject_Call_Prepend + 0xc4 (0x4c4774 in /usr/bin/python)
frame #14: /usr/bin/python() [0x528ba0]
frame #15: PyObject_Call + 0x6c (0x4c517c in /usr/bin/python)
frame #16: _PyEval_EvalFrameDefault + 0x3cf4 (0x567308 in /usr/bin/python)
frame #17: PyEval_EvalCode + 0x130 (0x562204 in /usr/bin/python)
frame #18: /usr/bin/python() [0x59c3c4]
frame #19: /usr/bin/python() [0x680e94]
frame #20: _PyRun_SimpleFileObject + 0x194 (0x680a68 in /usr/bin/python)
frame #21: _PyRun_AnyFileObject + 0x54 (0x680834 in /usr/bin/python)
frame #22: Py_RunMain + 0x2dc (0x68b83c in /usr/bin/python)
frame #23: Py_BytesMain + 0x28 (0x68b3f8 in /usr/bin/python)
frame #24: <unknown function> + 0x284c4 (0x40003a7084c4 in /lib/aarch64-linux-gnu/libc.so.6)
frame #25: __libc_start_main + 0x98 (0x40003a708598 in /lib/aarch64-linux-gnu/libc.so.6)
frame #26: _start + 0x30 (0x5f6df0 in /usr/bin/python)

W0402 12:13:18.799000 446187 torch/distributed/elastic/rendezvous/dynamic_rendezvous.py:1284] The node 'kairosgh7.calmip.cluster_446187_0' has failed to shutdown the rendezvous '12764' due to an error of type RendezvousConnectionError.
[W402 12:13:18.946784391 TCPStore.cpp:106] [c10d] sendBytes failed on SocketImpl(fd=4, addr=kairosgh7.calmip.cluster:55206, remote=kairosgh6.calmip.cluster:22765): Broken pipe
Exception raised from sendBytes at /opt/pytorch/pytorch/torch/csrc/distributed/c10d/Utils.hpp:646 (most recent call first):
frame #0: c10::Error::Error(c10::SourceLocation, std::__cxx11::basic_string<char, std::char_traits<char>, std::allocator<char> >) + 0xd4 (0x40008c193cc4 in /usr/local/lib/python3.12/dist-packages/torch/lib/libc10.so)
frame #1: <unknown function> + 0x5a291f0 (0x400041ea91f0 in /usr/local/lib/python3.12/dist-packages/torch/lib/libtorch_cpu.so)
frame #2: <unknown function> + 0x5a2b0fc (0x400041eab0fc in /usr/local/lib/python3.12/dist-packages/torch/lib/libtorch_cpu.so)
frame #3: <unknown function> + 0x5a2d704 (0x400041ead704 in /usr/local/lib/python3.12/dist-packages/torch/lib/libtorch_cpu.so)
frame #4: c10d::TCPStore::doWait(c10::ArrayRef<std::__cxx11::basic_string<char, std::char_traits<char>, std::allocator<char> > >, std::chrono::duration<long, std::ratio<1l, 1000l> >) + 0x148 (0x400041eae6b8 in /usr/local/lib/python3.12/dist-packages/torch/lib/libtorch_cpu.so)
frame #5: c10d::TCPStore::doGet(std::__cxx11::basic_string<char, std::char_traits<char>, std::allocator<char> > const&) + 0x2c (0x400041eaeb7c in /usr/local/lib/python3.12/dist-packages/torch/lib/libtorch_cpu.so)
frame #6: c10d::TCPStore::get(std::__cxx11::basic_string<char, std::char_traits<char>, std::allocator<char> > const&) + 0x9c (0x400041eb007c in /usr/local/lib/python3.12/dist-packages/torch/lib/libtorch_cpu.so)
frame #7: <unknown function> + 0xf50874 (0x40003c340874 in /usr/local/lib/python3.12/dist-packages/torch/lib/libtorch_python.so)
frame #8: <unknown function> + 0x594060 (0x40003b984060 in /usr/local/lib/python3.12/dist-packages/torch/lib/libtorch_python.so)
frame #9: /usr/bin/python() [0x5036b4]
frame #10: _PyObject_MakeTpCall + 0x78 (0x4c2c98 in /usr/bin/python)
frame #11: /usr/bin/python() [0x4c6f6c]
frame #12: _PyEval_EvalFrameDefault + 0x3cf4 (0x567308 in /usr/bin/python)
frame #13: _PyObject_Call_Prepend + 0xc4 (0x4c4774 in /usr/bin/python)
frame #14: /usr/bin/python() [0x528ba0]
frame #15: PyObject_Call + 0x6c (0x4c517c in /usr/bin/python)
frame #16: _PyEval_EvalFrameDefault + 0x3cf4 (0x567308 in /usr/bin/python)
frame #17: PyEval_EvalCode + 0x130 (0x562204 in /usr/bin/python)
frame #18: /usr/bin/python() [0x59c3c4]
frame #19: /usr/bin/python() [0x680e94]
frame #20: _PyRun_SimpleFileObject + 0x194 (0x680a68 in /usr/bin/python)
frame #21: _PyRun_AnyFileObject + 0x54 (0x680834 in /usr/bin/python)
frame #22: Py_RunMain + 0x2dc (0x68b83c in /usr/bin/python)
frame #23: Py_BytesMain + 0x28 (0x68b3f8 in /usr/bin/python)
frame #24: <unknown function> + 0x284c4 (0x40003a7084c4 in /lib/aarch64-linux-gnu/libc.so.6)
frame #25: __libc_start_main + 0x98 (0x40003a708598 in /lib/aarch64-linux-gnu/libc.so.6)
frame #26: _start + 0x30 (0x5f6df0 in /usr/bin/python)

W0402 12:13:18.804000 446187 torch/distributed/elastic/rendezvous/dynamic_rendezvous.py:1284] The node 'kairosgh7.calmip.cluster_446187_0' has failed to shutdown the rendezvous '12764' due to an error of type RendezvousConnectionError.
Traceback (most recent call last):
  File "/usr/local/lib/python3.12/dist-packages/torch/distributed/elastic/rendezvous/c10d_rendezvous_backend.py", line 117, in _call_store
    return getattr(self._store, store_op)(*args, **kwargs)
           ^^^^^^^^^^^^^^^^^^^^^^^^^^^^^^^^^^^^^^^^^^^^^^^
torch.distributed.DistNetworkError: failed to recv, got 0 bytes

The above exception was the direct cause of the following exception:

Traceback (most recent call last):
  File "/usr/local/bin/torchrun", line 33, in <module>
    sys.exit(load_entry_point('torch==2.7.0a0+7c8ec84dab.nv25.3', 'console_scripts', 'torchrun')())
             ^^^^^^^^^^^^^^^^^^^^^^^^^^^^^^^^^^^^^^^^^^^^^^^^^^^^^^^^^^^^^^^^^^^^^^^^^^^^^^^^^^^^^
  File "/usr/local/lib/python3.12/dist-packages/torch/distributed/elastic/multiprocessing/errors/__init__.py", line 355, in wrapper
    return f(*args, **kwargs)
           ^^^^^^^^^^^^^^^^^^
  File "/usr/local/lib/python3.12/dist-packages/torch/distributed/run.py", line 889, in main
    run(args)
  File "/usr/local/lib/python3.12/dist-packages/torch/distributed/run.py", line 880, in run
    elastic_launch(
  File "/usr/local/lib/python3.12/dist-packages/torch/distributed/launcher/api.py", line 139, in __call__
    return launch_agent(self._config, self._entrypoint, list(args))
           ^^^^^^^^^^^^^^^^^^^^^^^^^^^^^^^^^^^^^^^^^^^^^^^^^^^^^^^^
  File "/usr/local/lib/python3.12/dist-packages/torch/distributed/launcher/api.py", line 261, in launch_agent
    result = agent.run()
             ^^^^^^^^^^^
  File "/usr/local/lib/python3.12/dist-packages/torch/distributed/elastic/metrics/api.py", line 137, in wrapper
    result = f(*args, **kwargs)
             ^^^^^^^^^^^^^^^^^^
  File "/usr/local/lib/python3.12/dist-packages/torch/distributed/elastic/agent/server/api.py", line 711, in run
    result = self._invoke_run(role)
             ^^^^^^^^^^^^^^^^^^^^^^
  File "/usr/local/lib/python3.12/dist-packages/torch/distributed/elastic/agent/server/api.py", line 864, in _invoke_run
    self._initialize_workers(self._worker_group)
  File "/usr/local/lib/python3.12/dist-packages/torch/distributed/elastic/metrics/api.py", line 137, in wrapper
    result = f(*args, **kwargs)
             ^^^^^^^^^^^^^^^^^^
  File "/usr/local/lib/python3.12/dist-packages/torch/distributed/elastic/agent/server/api.py", line 683, in _initialize_workers
    self._rendezvous(worker_group)
  File "/usr/local/lib/python3.12/dist-packages/torch/distributed/elastic/metrics/api.py", line 137, in wrapper
    result = f(*args, **kwargs)
             ^^^^^^^^^^^^^^^^^^
  File "/usr/local/lib/python3.12/dist-packages/torch/distributed/elastic/agent/server/api.py", line 500, in _rendezvous
    rdzv_info = spec.rdzv_handler.next_rendezvous()
                ^^^^^^^^^^^^^^^^^^^^^^^^^^^^^^^^^^^
  File "/usr/local/lib/python3.12/dist-packages/torch/distributed/elastic/rendezvous/dynamic_rendezvous.py", line 1162, in next_rendezvous
    self._op_executor.run(join_op, deadline, self._get_deadline)
  File "/usr/local/lib/python3.12/dist-packages/torch/distributed/elastic/rendezvous/dynamic_rendezvous.py", line 648, in run
    has_set = self._state_holder.sync()
              ^^^^^^^^^^^^^^^^^^^^^^^^^
  File "/usr/local/lib/python3.12/dist-packages/torch/distributed/elastic/rendezvous/dynamic_rendezvous.py", line 437, in sync
    get_response = self._backend.get_state()
                   ^^^^^^^^^^^^^^^^^^^^^^^^^
  File "/usr/local/lib/python3.12/dist-packages/torch/distributed/elastic/rendezvous/c10d_rendezvous_backend.py", line 75, in get_state
    base64_state: bytes = self._call_store("get", self._key)
                          ^^^^^^^^^^^^^^^^^^^^^^^^^^^^^^^^^^
  File "/usr/local/lib/python3.12/dist-packages/torch/distributed/elastic/rendezvous/c10d_rendezvous_backend.py", line 119, in _call_store
    raise RendezvousConnectionError(
torch.distributed.elastic.rendezvous.api.RendezvousConnectionError: The connection to the C10d store has failed. See inner exception for details.
[W402 12:13:18.974360410 TCPStore.cpp:106] [c10d] sendBytes failed on SocketImpl(fd=4, addr=kairosgh7.calmip.cluster:55186, remote=kairosgh6.calmip.cluster:22765): Broken pipe
Exception raised from sendBytes at /opt/pytorch/pytorch/torch/csrc/distributed/c10d/Utils.hpp:646 (most recent call first):
frame #0: c10::Error::Error(c10::SourceLocation, std::__cxx11::basic_string<char, std::char_traits<char>, std::allocator<char> >) + 0xd4 (0x4000652f3cc4 in /usr/local/lib/python3.12/dist-packages/torch/lib/libc10.so)
frame #1: <unknown function> + 0x5a291f0 (0x40001b0091f0 in /usr/local/lib/python3.12/dist-packages/torch/lib/libtorch_cpu.so)
frame #2: <unknown function> + 0x5a2b0fc (0x40001b00b0fc in /usr/local/lib/python3.12/dist-packages/torch/lib/libtorch_cpu.so)
frame #3: <unknown function> + 0x5a2d704 (0x40001b00d704 in /usr/local/lib/python3.12/dist-packages/torch/lib/libtorch_cpu.so)
frame #4: c10d::TCPStore::doWait(c10::ArrayRef<std::__cxx11::basic_string<char, std::char_traits<char>, std::allocator<char> > >, std::chrono::duration<long, std::ratio<1l, 1000l> >) + 0x148 (0x40001b00e6b8 in /usr/local/lib/python3.12/dist-packages/torch/lib/libtorch_cpu.so)
frame #5: c10d::TCPStore::doGet(std::__cxx11::basic_string<char, std::char_traits<char>, std::allocator<char> > const&) + 0x2c (0x40001b00eb7c in /usr/local/lib/python3.12/dist-packages/torch/lib/libtorch_cpu.so)
frame #6: c10d::TCPStore::get(std::__cxx11::basic_string<char, std::char_traits<char>, std::allocator<char> > const&) + 0x9c (0x40001b01007c in /usr/local/lib/python3.12/dist-packages/torch/lib/libtorch_cpu.so)
frame #7: <unknown function> + 0xf50874 (0x4000154a0874 in /usr/local/lib/python3.12/dist-packages/torch/lib/libtorch_python.so)
frame #8: <unknown function> + 0x594060 (0x400014ae4060 in /usr/local/lib/python3.12/dist-packages/torch/lib/libtorch_python.so)
frame #9: /usr/bin/python() [0x5036b4]
frame #10: _PyObject_MakeTpCall + 0x78 (0x4c2c98 in /usr/bin/python)
frame #11: /usr/bin/python() [0x4c6f6c]
frame #12: _PyEval_EvalFrameDefault + 0x3cf4 (0x567308 in /usr/bin/python)
frame #13: _PyObject_Call_Prepend + 0xc4 (0x4c4774 in /usr/bin/python)
frame #14: /usr/bin/python() [0x528ba0]
frame #15: PyObject_Call + 0x6c (0x4c517c in /usr/bin/python)
frame #16: _PyEval_EvalFrameDefault + 0x3cf4 (0x567308 in /usr/bin/python)
frame #17: PyEval_EvalCode + 0x130 (0x562204 in /usr/bin/python)
frame #18: /usr/bin/python() [0x59c3c4]
frame #19: /usr/bin/python() [0x680e94]
frame #20: _PyRun_SimpleFileObject + 0x194 (0x680a68 in /usr/bin/python)
frame #21: _PyRun_AnyFileObject + 0x54 (0x680834 in /usr/bin/python)
frame #22: Py_RunMain + 0x2dc (0x68b83c in /usr/bin/python)
frame #23: Py_BytesMain + 0x28 (0x68b3f8 in /usr/bin/python)
frame #24: <unknown function> + 0x284c4 (0x4000138684c4 in /lib/aarch64-linux-gnu/libc.so.6)
frame #25: __libc_start_main + 0x98 (0x400013868598 in /lib/aarch64-linux-gnu/libc.so.6)
frame #26: _start + 0x30 (0x5f6df0 in /usr/bin/python)

W0402 12:13:18.832000 446186 torch/distributed/elastic/rendezvous/dynamic_rendezvous.py:1284] The node 'kairosgh7.calmip.cluster_446186_0' has failed to shutdown the rendezvous '12764' due to an error of type RendezvousConnectionError.
[W402 12:13:18.979218226 TCPStore.cpp:106] [c10d] sendBytes failed on SocketImpl(fd=4, addr=kairosgh7.calmip.cluster:55186, remote=kairosgh6.calmip.cluster:22765): Broken pipe
Exception raised from sendBytes at /opt/pytorch/pytorch/torch/csrc/distributed/c10d/Utils.hpp:646 (most recent call first):
frame #0: c10::Error::Error(c10::SourceLocation, std::__cxx11::basic_string<char, std::char_traits<char>, std::allocator<char> >) + 0xd4 (0x4000652f3cc4 in /usr/local/lib/python3.12/dist-packages/torch/lib/libc10.so)
frame #1: <unknown function> + 0x5a291f0 (0x40001b0091f0 in /usr/local/lib/python3.12/dist-packages/torch/lib/libtorch_cpu.so)
frame #2: <unknown function> + 0x5a2b0fc (0x40001b00b0fc in /usr/local/lib/python3.12/dist-packages/torch/lib/libtorch_cpu.so)
frame #3: <unknown function> + 0x5a2d704 (0x40001b00d704 in /usr/local/lib/python3.12/dist-packages/torch/lib/libtorch_cpu.so)
frame #4: c10d::TCPStore::doWait(c10::ArrayRef<std::__cxx11::basic_string<char, std::char_traits<char>, std::allocator<char> > >, std::chrono::duration<long, std::ratio<1l, 1000l> >) + 0x148 (0x40001b00e6b8 in /usr/local/lib/python3.12/dist-packages/torch/lib/libtorch_cpu.so)
frame #5: c10d::TCPStore::doGet(std::__cxx11::basic_string<char, std::char_traits<char>, std::allocator<char> > const&) + 0x2c (0x40001b00eb7c in /usr/local/lib/python3.12/dist-packages/torch/lib/libtorch_cpu.so)
frame #6: c10d::TCPStore::get(std::__cxx11::basic_string<char, std::char_traits<char>, std::allocator<char> > const&) + 0x9c (0x40001b01007c in /usr/local/lib/python3.12/dist-packages/torch/lib/libtorch_cpu.so)
frame #7: <unknown function> + 0xf50874 (0x4000154a0874 in /usr/local/lib/python3.12/dist-packages/torch/lib/libtorch_python.so)
frame #8: <unknown function> + 0x594060 (0x400014ae4060 in /usr/local/lib/python3.12/dist-packages/torch/lib/libtorch_python.so)
frame #9: /usr/bin/python() [0x5036b4]
frame #10: _PyObject_MakeTpCall + 0x78 (0x4c2c98 in /usr/bin/python)
frame #11: /usr/bin/python() [0x4c6f6c]
frame #12: _PyEval_EvalFrameDefault + 0x3cf4 (0x567308 in /usr/bin/python)
frame #13: _PyObject_Call_Prepend + 0xc4 (0x4c4774 in /usr/bin/python)
frame #14: /usr/bin/python() [0x528ba0]
frame #15: PyObject_Call + 0x6c (0x4c517c in /usr/bin/python)
frame #16: _PyEval_EvalFrameDefault + 0x3cf4 (0x567308 in /usr/bin/python)
frame #17: PyEval_EvalCode + 0x130 (0x562204 in /usr/bin/python)
frame #18: /usr/bin/python() [0x59c3c4]
frame #19: /usr/bin/python() [0x680e94]
frame #20: _PyRun_SimpleFileObject + 0x194 (0x680a68 in /usr/bin/python)
frame #21: _PyRun_AnyFileObject + 0x54 (0x680834 in /usr/bin/python)
frame #22: Py_RunMain + 0x2dc (0x68b83c in /usr/bin/python)
frame #23: Py_BytesMain + 0x28 (0x68b3f8 in /usr/bin/python)
frame #24: <unknown function> + 0x284c4 (0x4000138684c4 in /lib/aarch64-linux-gnu/libc.so.6)
frame #25: __libc_start_main + 0x98 (0x400013868598 in /lib/aarch64-linux-gnu/libc.so.6)
frame #26: _start + 0x30 (0x5f6df0 in /usr/bin/python)

W0402 12:13:18.836000 446186 torch/distributed/elastic/rendezvous/dynamic_rendezvous.py:1284] The node 'kairosgh7.calmip.cluster_446186_0' has failed to shutdown the rendezvous '12764' due to an error of type RendezvousConnectionError.
Traceback (most recent call last):
  File "/usr/local/lib/python3.12/dist-packages/torch/distributed/elastic/rendezvous/c10d_rendezvous_backend.py", line 117, in _call_store
    return getattr(self._store, store_op)(*args, **kwargs)
           ^^^^^^^^^^^^^^^^^^^^^^^^^^^^^^^^^^^^^^^^^^^^^^^
torch.distributed.DistNetworkError: failed to recv, got 0 bytes

The above exception was the direct cause of the following exception:

Traceback (most recent call last):
  File "/usr/local/bin/torchrun", line 33, in <module>
    sys.exit(load_entry_point('torch==2.7.0a0+7c8ec84dab.nv25.3', 'console_scripts', 'torchrun')())
             ^^^^^^^^^^^^^^^^^^^^^^^^^^^^^^^^^^^^^^^^^^^^^^^^^^^^^^^^^^^^^^^^^^^^^^^^^^^^^^^^^^^^^
  File "/usr/local/lib/python3.12/dist-packages/torch/distributed/elastic/multiprocessing/errors/__init__.py", line 355, in wrapper
    return f(*args, **kwargs)
           ^^^^^^^^^^^^^^^^^^
  File "/usr/local/lib/python3.12/dist-packages/torch/distributed/run.py", line 889, in main
    run(args)
  File "/usr/local/lib/python3.12/dist-packages/torch/distributed/run.py", line 880, in run
    elastic_launch(
  File "/usr/local/lib/python3.12/dist-packages/torch/distributed/launcher/api.py", line 139, in __call__
    return launch_agent(self._config, self._entrypoint, list(args))
           ^^^^^^^^^^^^^^^^^^^^^^^^^^^^^^^^^^^^^^^^^^^^^^^^^^^^^^^^
  File "/usr/local/lib/python3.12/dist-packages/torch/distributed/launcher/api.py", line 261, in launch_agent
    result = agent.run()
             ^^^^^^^^^^^
  File "/usr/local/lib/python3.12/dist-packages/torch/distributed/elastic/metrics/api.py", line 137, in wrapper
    result = f(*args, **kwargs)
             ^^^^^^^^^^^^^^^^^^
  File "/usr/local/lib/python3.12/dist-packages/torch/distributed/elastic/agent/server/api.py", line 711, in run
    result = self._invoke_run(role)
             ^^^^^^^^^^^^^^^^^^^^^^
  File "/usr/local/lib/python3.12/dist-packages/torch/distributed/elastic/agent/server/api.py", line 864, in _invoke_run
    self._initialize_workers(self._worker_group)
  File "/usr/local/lib/python3.12/dist-packages/torch/distributed/elastic/metrics/api.py", line 137, in wrapper
    result = f(*args, **kwargs)
             ^^^^^^^^^^^^^^^^^^
  File "/usr/local/lib/python3.12/dist-packages/torch/distributed/elastic/agent/server/api.py", line 683, in _initialize_workers
    self._rendezvous(worker_group)
  File "/usr/local/lib/python3.12/dist-packages/torch/distributed/elastic/metrics/api.py", line 137, in wrapper
    result = f(*args, **kwargs)
             ^^^^^^^^^^^^^^^^^^
  File "/usr/local/lib/python3.12/dist-packages/torch/distributed/elastic/agent/server/api.py", line 500, in _rendezvous
    rdzv_info = spec.rdzv_handler.next_rendezvous()
                ^^^^^^^^^^^^^^^^^^^^^^^^^^^^^^^^^^^
  File "/usr/local/lib/python3.12/dist-packages/torch/distributed/elastic/rendezvous/dynamic_rendezvous.py", line 1162, in next_rendezvous
    self._op_executor.run(join_op, deadline, self._get_deadline)
  File "/usr/local/lib/python3.12/dist-packages/torch/distributed/elastic/rendezvous/dynamic_rendezvous.py", line 648, in run
    has_set = self._state_holder.sync()
              ^^^^^^^^^^^^^^^^^^^^^^^^^
  File "/usr/local/lib/python3.12/dist-packages/torch/distributed/elastic/rendezvous/dynamic_rendezvous.py", line 437, in sync
    get_response = self._backend.get_state()
                   ^^^^^^^^^^^^^^^^^^^^^^^^^
  File "/usr/local/lib/python3.12/dist-packages/torch/distributed/elastic/rendezvous/c10d_rendezvous_backend.py", line 75, in get_state
    base64_state: bytes = self._call_store("get", self._key)
                          ^^^^^^^^^^^^^^^^^^^^^^^^^^^^^^^^^^
  File "/usr/local/lib/python3.12/dist-packages/torch/distributed/elastic/rendezvous/c10d_rendezvous_backend.py", line 119, in _call_store
    raise RendezvousConnectionError(
torch.distributed.elastic.rendezvous.api.RendezvousConnectionError: The connection to the C10d store has failed. See inner exception for details.
srun: error: kairosgh6: task 0: Exited with exit code 1
W0402 12:13:19.159000 963820 torch/distributed/elastic/multiprocessing/api.py:898] Sending process 964197 closing signal SIGTERM
W0402 12:13:19.160000 963820 torch/distributed/elastic/multiprocessing/api.py:898] Sending process 964198 closing signal SIGTERM
W0402 12:13:19.161000 963820 torch/distributed/elastic/multiprocessing/api.py:898] Sending process 964199 closing signal SIGTERM
W0402 12:13:19.162000 963820 torch/distributed/elastic/multiprocessing/api.py:898] Sending process 964200 closing signal SIGTERM
srun: error: kairosgh9: task 11: Exited with exit code 1
[W402 12:13:19.909614174 TCPStore.cpp:106] [c10d] sendBytes failed on SocketImpl(fd=3, addr=kairosgh10.calmip.cluster:33740, remote=kairosgh6.calmip.cluster:22765): Broken pipe
Exception raised from sendBytes at /opt/pytorch/pytorch/torch/csrc/distributed/c10d/Utils.hpp:646 (most recent call first):
frame #0: c10::Error::Error(c10::SourceLocation, std::__cxx11::basic_string<char, std::char_traits<char>, std::allocator<char> >) + 0xd4 (0x400059ff3cc4 in /usr/local/lib/python3.12/dist-packages/torch/lib/libc10.so)
frame #1: <unknown function> + 0x5a291f0 (0x40000fd091f0 in /usr/local/lib/python3.12/dist-packages/torch/lib/libtorch_cpu.so)
frame #2: <unknown function> + 0x5a2b0fc (0x40000fd0b0fc in /usr/local/lib/python3.12/dist-packages/torch/lib/libtorch_cpu.so)
frame #3: <unknown function> + 0x5a2d704 (0x40000fd0d704 in /usr/local/lib/python3.12/dist-packages/torch/lib/libtorch_cpu.so)
frame #4: c10d::TCPStore::doWait(c10::ArrayRef<std::__cxx11::basic_string<char, std::char_traits<char>, std::allocator<char> > >, std::chrono::duration<long, std::ratio<1l, 1000l> >) + 0x148 (0x40000fd0e6b8 in /usr/local/lib/python3.12/dist-packages/torch/lib/libtorch_cpu.so)
frame #5: c10d::TCPStore::doGet(std::__cxx11::basic_string<char, std::char_traits<char>, std::allocator<char> > const&) + 0x2c (0x40000fd0eb7c in /usr/local/lib/python3.12/dist-packages/torch/lib/libtorch_cpu.so)
frame #6: c10d::TCPStore::get(std::__cxx11::basic_string<char, std::char_traits<char>, std::allocator<char> > const&) + 0x9c (0x40000fd1007c in /usr/local/lib/python3.12/dist-packages/torch/lib/libtorch_cpu.so)
frame #7: <unknown function> + 0xf50874 (0x40000a1a0874 in /usr/local/lib/python3.12/dist-packages/torch/lib/libtorch_python.so)
frame #8: <unknown function> + 0x594060 (0x4000097e4060 in /usr/local/lib/python3.12/dist-packages/torch/lib/libtorch_python.so)
frame #9: /usr/bin/python() [0x5036b4]
frame #10: _PyObject_MakeTpCall + 0x78 (0x4c2c98 in /usr/bin/python)
frame #11: /usr/bin/python() [0x4c6f6c]
frame #12: _PyEval_EvalFrameDefault + 0x3cf4 (0x567308 in /usr/bin/python)
frame #13: _PyObject_Call_Prepend + 0xc4 (0x4c4774 in /usr/bin/python)
frame #14: /usr/bin/python() [0x528ba0]
frame #15: PyObject_Call + 0x6c (0x4c517c in /usr/bin/python)
frame #16: _PyEval_EvalFrameDefault + 0x3cf4 (0x567308 in /usr/bin/python)
frame #17: PyEval_EvalCode + 0x130 (0x562204 in /usr/bin/python)
frame #18: /usr/bin/python() [0x59c3c4]
frame #19: /usr/bin/python() [0x680e94]
frame #20: _PyRun_SimpleFileObject + 0x194 (0x680a68 in /usr/bin/python)
frame #21: _PyRun_AnyFileObject + 0x54 (0x680834 in /usr/bin/python)
frame #22: Py_RunMain + 0x2dc (0x68b83c in /usr/bin/python)
frame #23: Py_BytesMain + 0x28 (0x68b3f8 in /usr/bin/python)
frame #24: <unknown function> + 0x284c4 (0x4000085684c4 in /lib/aarch64-linux-gnu/libc.so.6)
frame #25: __libc_start_main + 0x98 (0x400008568598 in /lib/aarch64-linux-gnu/libc.so.6)
frame #26: _start + 0x30 (0x5f6df0 in /usr/bin/python)

W0402 12:13:19.176000 963822 torch/distributed/elastic/rendezvous/dynamic_rendezvous.py:1284] The node 'kairosgh10.calmip.cluster_963822_0' has failed to shutdown the rendezvous '12764' due to an error of type RendezvousConnectionError.
[W402 12:13:19.914724178 TCPStore.cpp:106] [c10d] sendBytes failed on SocketImpl(fd=3, addr=kairosgh10.calmip.cluster:33740, remote=kairosgh6.calmip.cluster:22765): Broken pipe
Exception raised from sendBytes at /opt/pytorch/pytorch/torch/csrc/distributed/c10d/Utils.hpp:646 (most recent call first):
frame #0: c10::Error::Error(c10::SourceLocation, std::__cxx11::basic_string<char, std::char_traits<char>, std::allocator<char> >) + 0xd4 (0x400059ff3cc4 in /usr/local/lib/python3.12/dist-packages/torch/lib/libc10.so)
frame #1: <unknown function> + 0x5a291f0 (0x40000fd091f0 in /usr/local/lib/python3.12/dist-packages/torch/lib/libtorch_cpu.so)
frame #2: <unknown function> + 0x5a2b0fc (0x40000fd0b0fc in /usr/local/lib/python3.12/dist-packages/torch/lib/libtorch_cpu.so)
frame #3: <unknown function> + 0x5a2d704 (0x40000fd0d704 in /usr/local/lib/python3.12/dist-packages/torch/lib/libtorch_cpu.so)
frame #4: c10d::TCPStore::doWait(c10::ArrayRef<std::__cxx11::basic_string<char, std::char_traits<char>, std::allocator<char> > >, std::chrono::duration<long, std::ratio<1l, 1000l> >) + 0x148 (0x40000fd0e6b8 in /usr/local/lib/python3.12/dist-packages/torch/lib/libtorch_cpu.so)
frame #5: c10d::TCPStore::doGet(std::__cxx11::basic_string<char, std::char_traits<char>, std::allocator<char> > const&) + 0x2c (0x40000fd0eb7c in /usr/local/lib/python3.12/dist-packages/torch/lib/libtorch_cpu.so)
frame #6: c10d::TCPStore::get(std::__cxx11::basic_string<char, std::char_traits<char>, std::allocator<char> > const&) + 0x9c (0x40000fd1007c in /usr/local/lib/python3.12/dist-packages/torch/lib/libtorch_cpu.so)
frame #7: <unknown function> + 0xf50874 (0x40000a1a0874 in /usr/local/lib/python3.12/dist-packages/torch/lib/libtorch_python.so)
frame #8: <unknown function> + 0x594060 (0x4000097e4060 in /usr/local/lib/python3.12/dist-packages/torch/lib/libtorch_python.so)
frame #9: /usr/bin/python() [0x5036b4]
frame #10: _PyObject_MakeTpCall + 0x78 (0x4c2c98 in /usr/bin/python)
frame #11: /usr/bin/python() [0x4c6f6c]
frame #12: _PyEval_EvalFrameDefault + 0x3cf4 (0x567308 in /usr/bin/python)
frame #13: _PyObject_Call_Prepend + 0xc4 (0x4c4774 in /usr/bin/python)
frame #14: /usr/bin/python() [0x528ba0]
frame #15: PyObject_Call + 0x6c (0x4c517c in /usr/bin/python)
frame #16: _PyEval_EvalFrameDefault + 0x3cf4 (0x567308 in /usr/bin/python)
frame #17: PyEval_EvalCode + 0x130 (0x562204 in /usr/bin/python)
frame #18: /usr/bin/python() [0x59c3c4]
frame #19: /usr/bin/python() [0x680e94]
frame #20: _PyRun_SimpleFileObject + 0x194 (0x680a68 in /usr/bin/python)
frame #21: _PyRun_AnyFileObject + 0x54 (0x680834 in /usr/bin/python)
frame #22: Py_RunMain + 0x2dc (0x68b83c in /usr/bin/python)
frame #23: Py_BytesMain + 0x28 (0x68b3f8 in /usr/bin/python)
frame #24: <unknown function> + 0x284c4 (0x4000085684c4 in /lib/aarch64-linux-gnu/libc.so.6)
frame #25: __libc_start_main + 0x98 (0x400008568598 in /lib/aarch64-linux-gnu/libc.so.6)
frame #26: _start + 0x30 (0x5f6df0 in /usr/bin/python)

W0402 12:13:19.180000 963822 torch/distributed/elastic/rendezvous/dynamic_rendezvous.py:1284] The node 'kairosgh10.calmip.cluster_963822_0' has failed to shutdown the rendezvous '12764' due to an error of type RendezvousConnectionError.
Traceback (most recent call last):
  File "/usr/local/lib/python3.12/dist-packages/torch/distributed/elastic/rendezvous/c10d_rendezvous_backend.py", line 117, in _call_store
    return getattr(self._store, store_op)(*args, **kwargs)
           ^^^^^^^^^^^^^^^^^^^^^^^^^^^^^^^^^^^^^^^^^^^^^^^
torch.distributed.DistNetworkError: failed to recv, got 0 bytes

The above exception was the direct cause of the following exception:

Traceback (most recent call last):
  File "/usr/local/bin/torchrun", line 33, in <module>
    sys.exit(load_entry_point('torch==2.7.0a0+7c8ec84dab.nv25.3', 'console_scripts', 'torchrun')())
             ^^^^^^^^^^^^^^^^^^^^^^^^^^^^^^^^^^^^^^^^^^^^^^^^^^^^^^^^^^^^^^^^^^^^^^^^^^^^^^^^^^^^^
  File "/usr/local/lib/python3.12/dist-packages/torch/distributed/elastic/multiprocessing/errors/__init__.py", line 355, in wrapper
    return f(*args, **kwargs)
           ^^^^^^^^^^^^^^^^^^
  File "/usr/local/lib/python3.12/dist-packages/torch/distributed/run.py", line 889, in main
    run(args)
  File "/usr/local/lib/python3.12/dist-packages/torch/distributed/run.py", line 880, in run
    elastic_launch(
  File "/usr/local/lib/python3.12/dist-packages/torch/distributed/launcher/api.py", line 139, in __call__
    return launch_agent(self._config, self._entrypoint, list(args))
           ^^^^^^^^^^^^^^^^^^^^^^^^^^^^^^^^^^^^^^^^^^^^^^^^^^^^^^^^
  File "/usr/local/lib/python3.12/dist-packages/torch/distributed/launcher/api.py", line 261, in launch_agent
    result = agent.run()
             ^^^^^^^^^^^
  File "/usr/local/lib/python3.12/dist-packages/torch/distributed/elastic/metrics/api.py", line 137, in wrapper
    result = f(*args, **kwargs)
             ^^^^^^^^^^^^^^^^^^
  File "/usr/local/lib/python3.12/dist-packages/torch/distributed/elastic/agent/server/api.py", line 711, in run
    result = self._invoke_run(role)
             ^^^^^^^^^^^^^^^^^^^^^^
  File "/usr/local/lib/python3.12/dist-packages/torch/distributed/elastic/agent/server/api.py", line 864, in _invoke_run
    self._initialize_workers(self._worker_group)
  File "/usr/local/lib/python3.12/dist-packages/torch/distributed/elastic/metrics/api.py", line 137, in wrapper
    result = f(*args, **kwargs)
             ^^^^^^^^^^^^^^^^^^
  File "/usr/local/lib/python3.12/dist-packages/torch/distributed/elastic/agent/server/api.py", line 683, in _initialize_workers
    self._rendezvous(worker_group)
  File "/usr/local/lib/python3.12/dist-packages/torch/distributed/elastic/metrics/api.py", line 137, in wrapper
    result = f(*args, **kwargs)
             ^^^^^^^^^^^^^^^^^^
  File "/usr/local/lib/python3.12/dist-packages/torch/distributed/elastic/agent/server/api.py", line 500, in _rendezvous
    rdzv_info = spec.rdzv_handler.next_rendezvous()
                ^^^^^^^^^^^^^^^^^^^^^^^^^^^^^^^^^^^
  File "/usr/local/lib/python3.12/dist-packages/torch/distributed/elastic/rendezvous/dynamic_rendezvous.py", line 1162, in next_rendezvous
    self._op_executor.run(join_op, deadline, self._get_deadline)
  File "/usr/local/lib/python3.12/dist-packages/torch/distributed/elastic/rendezvous/dynamic_rendezvous.py", line 648, in run
    has_set = self._state_holder.sync()
              ^^^^^^^^^^^^^^^^^^^^^^^^^
  File "/usr/local/lib/python3.12/dist-packages/torch/distributed/elastic/rendezvous/dynamic_rendezvous.py", line 437, in sync
    get_response = self._backend.get_state()
                   ^^^^^^^^^^^^^^^^^^^^^^^^^
  File "/usr/local/lib/python3.12/dist-packages/torch/distributed/elastic/rendezvous/c10d_rendezvous_backend.py", line 75, in get_state
    base64_state: bytes = self._call_store("get", self._key)
                          ^^^^^^^^^^^^^^^^^^^^^^^^^^^^^^^^^^
  File "/usr/local/lib/python3.12/dist-packages/torch/distributed/elastic/rendezvous/c10d_rendezvous_backend.py", line 119, in _call_store
    raise RendezvousConnectionError(
torch.distributed.elastic.rendezvous.api.RendezvousConnectionError: The connection to the C10d store has failed. See inner exception for details.
srun: error: kairosgh6: tasks 2-3: Exited with exit code 1
[W402 12:13:19.450104160 TCPStore.cpp:106] [c10d] sendBytes failed on SocketImpl(fd=3, addr=kairosgh6.calmip.cluster:59498, remote=kairosgh6.calmip.cluster:22765): Broken pipe
Exception raised from sendBytes at /opt/pytorch/pytorch/torch/csrc/distributed/c10d/Utils.hpp:646 (most recent call first):
frame #0: c10::Error::Error(c10::SourceLocation, std::__cxx11::basic_string<char, std::char_traits<char>, std::allocator<char> >) + 0xd4 (0x40005e203cc4 in /usr/local/lib/python3.12/dist-packages/torch/lib/libc10.so)
frame #1: <unknown function> + 0x5a291f0 (0x400013f191f0 in /usr/local/lib/python3.12/dist-packages/torch/lib/libtorch_cpu.so)
frame #2: <unknown function> + 0x5a2b0fc (0x400013f1b0fc in /usr/local/lib/python3.12/dist-packages/torch/lib/libtorch_cpu.so)
frame #3: <unknown function> + 0x5a2d704 (0x400013f1d704 in /usr/local/lib/python3.12/dist-packages/torch/lib/libtorch_cpu.so)
frame #4: c10d::TCPStore::doWait(c10::ArrayRef<std::__cxx11::basic_string<char, std::char_traits<char>, std::allocator<char> > >, std::chrono::duration<long, std::ratio<1l, 1000l> >) + 0x148 (0x400013f1e6b8 in /usr/local/lib/python3.12/dist-packages/torch/lib/libtorch_cpu.so)
frame #5: c10d::TCPStore::doGet(std::__cxx11::basic_string<char, std::char_traits<char>, std::allocator<char> > const&) + 0x2c (0x400013f1eb7c in /usr/local/lib/python3.12/dist-packages/torch/lib/libtorch_cpu.so)
frame #6: c10d::TCPStore::get(std::__cxx11::basic_string<char, std::char_traits<char>, std::allocator<char> > const&) + 0x9c (0x400013f2007c in /usr/local/lib/python3.12/dist-packages/torch/lib/libtorch_cpu.so)
frame #7: <unknown function> + 0xf50874 (0x40000e3b0874 in /usr/local/lib/python3.12/dist-packages/torch/lib/libtorch_python.so)
frame #8: <unknown function> + 0x594060 (0x40000d9f4060 in /usr/local/lib/python3.12/dist-packages/torch/lib/libtorch_python.so)
frame #9: /usr/bin/python() [0x5036b4]
frame #10: _PyObject_MakeTpCall + 0x78 (0x4c2c98 in /usr/bin/python)
frame #11: /usr/bin/python() [0x4c6f6c]
frame #12: _PyEval_EvalFrameDefault + 0x3cf4 (0x567308 in /usr/bin/python)
frame #13: _PyObject_Call_Prepend + 0xc4 (0x4c4774 in /usr/bin/python)
frame #14: /usr/bin/python() [0x528ba0]
frame #15: PyObject_Call + 0x6c (0x4c517c in /usr/bin/python)
frame #16: _PyEval_EvalFrameDefault + 0x3cf4 (0x567308 in /usr/bin/python)
frame #17: PyEval_EvalCode + 0x130 (0x562204 in /usr/bin/python)
frame #18: /usr/bin/python() [0x59c3c4]
frame #19: /usr/bin/python() [0x680e94]
frame #20: _PyRun_SimpleFileObject + 0x194 (0x680a68 in /usr/bin/python)
frame #21: _PyRun_AnyFileObject + 0x54 (0x680834 in /usr/bin/python)
frame #22: Py_RunMain + 0x2dc (0x68b83c in /usr/bin/python)
frame #23: Py_BytesMain + 0x28 (0x68b3f8 in /usr/bin/python)
frame #24: <unknown function> + 0x284c4 (0x40000c7784c4 in /lib/aarch64-linux-gnu/libc.so.6)
frame #25: __libc_start_main + 0x98 (0x40000c778598 in /lib/aarch64-linux-gnu/libc.so.6)
frame #26: _start + 0x30 (0x5f6df0 in /usr/bin/python)

W0402 12:13:19.269000 508233 torch/distributed/elastic/rendezvous/dynamic_rendezvous.py:1284] The node 'kairosgh6.calmip.cluster_508233_0' has failed to shutdown the rendezvous '12764' due to an error of type RendezvousConnectionError.
[W402 12:13:19.455382409 TCPStore.cpp:106] [c10d] sendBytes failed on SocketImpl(fd=3, addr=kairosgh6.calmip.cluster:59498, remote=kairosgh6.calmip.cluster:22765): Broken pipe
Exception raised from sendBytes at /opt/pytorch/pytorch/torch/csrc/distributed/c10d/Utils.hpp:646 (most recent call first):
frame #0: c10::Error::Error(c10::SourceLocation, std::__cxx11::basic_string<char, std::char_traits<char>, std::allocator<char> >) + 0xd4 (0x40005e203cc4 in /usr/local/lib/python3.12/dist-packages/torch/lib/libc10.so)
frame #1: <unknown function> + 0x5a291f0 (0x400013f191f0 in /usr/local/lib/python3.12/dist-packages/torch/lib/libtorch_cpu.so)
frame #2: <unknown function> + 0x5a2b0fc (0x400013f1b0fc in /usr/local/lib/python3.12/dist-packages/torch/lib/libtorch_cpu.so)
frame #3: <unknown function> + 0x5a2d704 (0x400013f1d704 in /usr/local/lib/python3.12/dist-packages/torch/lib/libtorch_cpu.so)
frame #4: c10d::TCPStore::doWait(c10::ArrayRef<std::__cxx11::basic_string<char, std::char_traits<char>, std::allocator<char> > >, std::chrono::duration<long, std::ratio<1l, 1000l> >) + 0x148 (0x400013f1e6b8 in /usr/local/lib/python3.12/dist-packages/torch/lib/libtorch_cpu.so)
frame #5: c10d::TCPStore::doGet(std::__cxx11::basic_string<char, std::char_traits<char>, std::allocator<char> > const&) + 0x2c (0x400013f1eb7c in /usr/local/lib/python3.12/dist-packages/torch/lib/libtorch_cpu.so)
frame #6: c10d::TCPStore::get(std::__cxx11::basic_string<char, std::char_traits<char>, std::allocator<char> > const&) + 0x9c (0x400013f2007c in /usr/local/lib/python3.12/dist-packages/torch/lib/libtorch_cpu.so)
frame #7: <unknown function> + 0xf50874 (0x40000e3b0874 in /usr/local/lib/python3.12/dist-packages/torch/lib/libtorch_python.so)
frame #8: <unknown function> + 0x594060 (0x40000d9f4060 in /usr/local/lib/python3.12/dist-packages/torch/lib/libtorch_python.so)
frame #9: /usr/bin/python() [0x5036b4]
frame #10: _PyObject_MakeTpCall + 0x78 (0x4c2c98 in /usr/bin/python)
frame #11: /usr/bin/python() [0x4c6f6c]
frame #12: _PyEval_EvalFrameDefault + 0x3cf4 (0x567308 in /usr/bin/python)
frame #13: _PyObject_Call_Prepend + 0xc4 (0x4c4774 in /usr/bin/python)
frame #14: /usr/bin/python() [0x528ba0]
frame #15: PyObject_Call + 0x6c (0x4c517c in /usr/bin/python)
frame #16: _PyEval_EvalFrameDefault + 0x3cf4 (0x567308 in /usr/bin/python)
frame #17: PyEval_EvalCode + 0x130 (0x562204 in /usr/bin/python)
frame #18: /usr/bin/python() [0x59c3c4]
frame #19: /usr/bin/python() [0x680e94]
frame #20: _PyRun_SimpleFileObject + 0x194 (0x680a68 in /usr/bin/python)
frame #21: _PyRun_AnyFileObject + 0x54 (0x680834 in /usr/bin/python)
frame #22: Py_RunMain + 0x2dc (0x68b83c in /usr/bin/python)
frame #23: Py_BytesMain + 0x28 (0x68b3f8 in /usr/bin/python)
frame #24: <unknown function> + 0x284c4 (0x40000c7784c4 in /lib/aarch64-linux-gnu/libc.so.6)
frame #25: __libc_start_main + 0x98 (0x40000c778598 in /lib/aarch64-linux-gnu/libc.so.6)
frame #26: _start + 0x30 (0x5f6df0 in /usr/bin/python)

W0402 12:13:19.274000 508233 torch/distributed/elastic/rendezvous/dynamic_rendezvous.py:1284] The node 'kairosgh6.calmip.cluster_508233_0' has failed to shutdown the rendezvous '12764' due to an error of type RendezvousConnectionError.
Traceback (most recent call last):
  File "/usr/local/lib/python3.12/dist-packages/torch/distributed/elastic/rendezvous/c10d_rendezvous_backend.py", line 117, in _call_store
    return getattr(self._store, store_op)(*args, **kwargs)
           ^^^^^^^^^^^^^^^^^^^^^^^^^^^^^^^^^^^^^^^^^^^^^^^
torch.distributed.DistNetworkError: failed to recv, got 0 bytes

The above exception was the direct cause of the following exception:

Traceback (most recent call last):
  File "/usr/local/bin/torchrun", line 33, in <module>
    sys.exit(load_entry_point('torch==2.7.0a0+7c8ec84dab.nv25.3', 'console_scripts', 'torchrun')())
             ^^^^^^^^^^^^^^^^^^^^^^^^^^^^^^^^^^^^^^^^^^^^^^^^^^^^^^^^^^^^^^^^^^^^^^^^^^^^^^^^^^^^^
  File "/usr/local/lib/python3.12/dist-packages/torch/distributed/elastic/multiprocessing/errors/__init__.py", line 355, in wrapper
    return f(*args, **kwargs)
           ^^^^^^^^^^^^^^^^^^
  File "/usr/local/lib/python3.12/dist-packages/torch/distributed/run.py", line 889, in main
    run(args)
  File "/usr/local/lib/python3.12/dist-packages/torch/distributed/run.py", line 880, in run
    elastic_launch(
  File "/usr/local/lib/python3.12/dist-packages/torch/distributed/launcher/api.py", line 139, in __call__
    return launch_agent(self._config, self._entrypoint, list(args))
           ^^^^^^^^^^^^^^^^^^^^^^^^^^^^^^^^^^^^^^^^^^^^^^^^^^^^^^^^
  File "/usr/local/lib/python3.12/dist-packages/torch/distributed/launcher/api.py", line 261, in launch_agent
    result = agent.run()
             ^^^^^^^^^^^
  File "/usr/local/lib/python3.12/dist-packages/torch/distributed/elastic/metrics/api.py", line 137, in wrapper
    result = f(*args, **kwargs)
             ^^^^^^^^^^^^^^^^^^
  File "/usr/local/lib/python3.12/dist-packages/torch/distributed/elastic/agent/server/api.py", line 711, in run
    result = self._invoke_run(role)
             ^^^^^^^^^^^^^^^^^^^^^^
  File "/usr/local/lib/python3.12/dist-packages/torch/distributed/elastic/agent/server/api.py", line 864, in _invoke_run
    self._initialize_workers(self._worker_group)
  File "/usr/local/lib/python3.12/dist-packages/torch/distributed/elastic/metrics/api.py", line 137, in wrapper
    result = f(*args, **kwargs)
             ^^^^^^^^^^^^^^^^^^
  File "/usr/local/lib/python3.12/dist-packages/torch/distributed/elastic/agent/server/api.py", line 683, in _initialize_workers
    self._rendezvous(worker_group)
  File "/usr/local/lib/python3.12/dist-packages/torch/distributed/elastic/metrics/api.py", line 137, in wrapper
    result = f(*args, **kwargs)
             ^^^^^^^^^^^^^^^^^^
  File "/usr/local/lib/python3.12/dist-packages/torch/distributed/elastic/agent/server/api.py", line 500, in _rendezvous
    rdzv_info = spec.rdzv_handler.next_rendezvous()
                ^^^^^^^^^^^^^^^^^^^^^^^^^^^^^^^^^^^
  File "/usr/local/lib/python3.12/dist-packages/torch/distributed/elastic/rendezvous/dynamic_rendezvous.py", line 1162, in next_rendezvous
    self._op_executor.run(join_op, deadline, self._get_deadline)
  File "/usr/local/lib/python3.12/dist-packages/torch/distributed/elastic/rendezvous/dynamic_rendezvous.py", line 648, in run
    has_set = self._state_holder.sync()
              ^^^^^^^^^^^^^^^^^^^^^^^^^
  File "/usr/local/lib/python3.12/dist-packages/torch/distributed/elastic/rendezvous/dynamic_rendezvous.py", line 437, in sync
    get_response = self._backend.get_state()
                   ^^^^^^^^^^^^^^^^^^^^^^^^^
  File "/usr/local/lib/python3.12/dist-packages/torch/distributed/elastic/rendezvous/c10d_rendezvous_backend.py", line 75, in get_state
    base64_state: bytes = self._call_store("get", self._key)
                          ^^^^^^^^^^^^^^^^^^^^^^^^^^^^^^^^^^
  File "/usr/local/lib/python3.12/dist-packages/torch/distributed/elastic/rendezvous/c10d_rendezvous_backend.py", line 119, in _call_store
    raise RendezvousConnectionError(
torch.distributed.elastic.rendezvous.api.RendezvousConnectionError: The connection to the C10d store has failed. See inner exception for details.
[W402 12:13:19.281316329 TCPStore.cpp:106] [c10d] sendBytes failed on SocketImpl(fd=3, addr=kairosgh9.calmip.cluster:58196, remote=kairosgh6.calmip.cluster:22765): Broken pipe
Exception raised from sendBytes at /opt/pytorch/pytorch/torch/csrc/distributed/c10d/Utils.hpp:646 (most recent call first):
frame #0: c10::Error::Error(c10::SourceLocation, std::__cxx11::basic_string<char, std::char_traits<char>, std::allocator<char> >) + 0xd4 (0x400056ee3cc4 in /usr/local/lib/python3.12/dist-packages/torch/lib/libc10.so)
frame #1: <unknown function> + 0x5a291f0 (0x40000cbf91f0 in /usr/local/lib/python3.12/dist-packages/torch/lib/libtorch_cpu.so)
frame #2: <unknown function> + 0x5a2b0fc (0x40000cbfb0fc in /usr/local/lib/python3.12/dist-packages/torch/lib/libtorch_cpu.so)
frame #3: <unknown function> + 0x5a2d704 (0x40000cbfd704 in /usr/local/lib/python3.12/dist-packages/torch/lib/libtorch_cpu.so)
frame #4: c10d::TCPStore::doWait(c10::ArrayRef<std::__cxx11::basic_string<char, std::char_traits<char>, std::allocator<char> > >, std::chrono::duration<long, std::ratio<1l, 1000l> >) + 0x148 (0x40000cbfe6b8 in /usr/local/lib/python3.12/dist-packages/torch/lib/libtorch_cpu.so)
frame #5: c10d::TCPStore::doGet(std::__cxx11::basic_string<char, std::char_traits<char>, std::allocator<char> > const&) + 0x2c (0x40000cbfeb7c in /usr/local/lib/python3.12/dist-packages/torch/lib/libtorch_cpu.so)
frame #6: c10d::TCPStore::get(std::__cxx11::basic_string<char, std::char_traits<char>, std::allocator<char> > const&) + 0x9c (0x40000cc0007c in /usr/local/lib/python3.12/dist-packages/torch/lib/libtorch_cpu.so)
frame #7: <unknown function> + 0xf50874 (0x400007090874 in /usr/local/lib/python3.12/dist-packages/torch/lib/libtorch_python.so)
frame #8: <unknown function> + 0x594060 (0x4000066d4060 in /usr/local/lib/python3.12/dist-packages/torch/lib/libtorch_python.so)
frame #9: /usr/bin/python() [0x5036b4]
frame #10: _PyObject_MakeTpCall + 0x78 (0x4c2c98 in /usr/bin/python)
frame #11: /usr/bin/python() [0x4c6f6c]
frame #12: _PyEval_EvalFrameDefault + 0x3cf4 (0x567308 in /usr/bin/python)
frame #13: _PyObject_Call_Prepend + 0xc4 (0x4c4774 in /usr/bin/python)
frame #14: /usr/bin/python() [0x528ba0]
frame #15: PyObject_Call + 0x6c (0x4c517c in /usr/bin/python)
frame #16: _PyEval_EvalFrameDefault + 0x3cf4 (0x567308 in /usr/bin/python)
frame #17: PyEval_EvalCode + 0x130 (0x562204 in /usr/bin/python)
frame #18: /usr/bin/python() [0x59c3c4]
frame #19: /usr/bin/python() [0x680e94]
frame #20: _PyRun_SimpleFileObject + 0x194 (0x680a68 in /usr/bin/python)
frame #21: _PyRun_AnyFileObject + 0x54 (0x680834 in /usr/bin/python)
frame #22: Py_RunMain + 0x2dc (0x68b83c in /usr/bin/python)
frame #23: Py_BytesMain + 0x28 (0x68b3f8 in /usr/bin/python)
frame #24: <unknown function> + 0x284c4 (0x4000054584c4 in /lib/aarch64-linux-gnu/libc.so.6)
frame #25: __libc_start_main + 0x98 (0x400005458598 in /lib/aarch64-linux-gnu/libc.so.6)
frame #26: _start + 0x30 (0x5f6df0 in /usr/bin/python)

W0402 12:13:19.280000 557798 torch/distributed/elastic/rendezvous/dynamic_rendezvous.py:1284] The node 'kairosgh9.calmip.cluster_557798_0' has failed to shutdown the rendezvous '12764' due to an error of type RendezvousConnectionError.
[W402 12:13:19.286340348 TCPStore.cpp:106] [c10d] sendBytes failed on SocketImpl(fd=3, addr=kairosgh9.calmip.cluster:58196, remote=kairosgh6.calmip.cluster:22765): Broken pipe
Exception raised from sendBytes at /opt/pytorch/pytorch/torch/csrc/distributed/c10d/Utils.hpp:646 (most recent call first):
frame #0: c10::Error::Error(c10::SourceLocation, std::__cxx11::basic_string<char, std::char_traits<char>, std::allocator<char> >) + 0xd4 (0x400056ee3cc4 in /usr/local/lib/python3.12/dist-packages/torch/lib/libc10.so)
frame #1: <unknown function> + 0x5a291f0 (0x40000cbf91f0 in /usr/local/lib/python3.12/dist-packages/torch/lib/libtorch_cpu.so)
frame #2: <unknown function> + 0x5a2b0fc (0x40000cbfb0fc in /usr/local/lib/python3.12/dist-packages/torch/lib/libtorch_cpu.so)
frame #3: <unknown function> + 0x5a2d704 (0x40000cbfd704 in /usr/local/lib/python3.12/dist-packages/torch/lib/libtorch_cpu.so)
frame #4: c10d::TCPStore::doWait(c10::ArrayRef<std::__cxx11::basic_string<char, std::char_traits<char>, std::allocator<char> > >, std::chrono::duration<long, std::ratio<1l, 1000l> >) + 0x148 (0x40000cbfe6b8 in /usr/local/lib/python3.12/dist-packages/torch/lib/libtorch_cpu.so)
frame #5: c10d::TCPStore::doGet(std::__cxx11::basic_string<char, std::char_traits<char>, std::allocator<char> > const&) + 0x2c (0x40000cbfeb7c in /usr/local/lib/python3.12/dist-packages/torch/lib/libtorch_cpu.so)
frame #6: c10d::TCPStore::get(std::__cxx11::basic_string<char, std::char_traits<char>, std::allocator<char> > const&) + 0x9c (0x40000cc0007c in /usr/local/lib/python3.12/dist-packages/torch/lib/libtorch_cpu.so)
frame #7: <unknown function> + 0xf50874 (0x400007090874 in /usr/local/lib/python3.12/dist-packages/torch/lib/libtorch_python.so)
frame #8: <unknown function> + 0x594060 (0x4000066d4060 in /usr/local/lib/python3.12/dist-packages/torch/lib/libtorch_python.so)
frame #9: /usr/bin/python() [0x5036b4]
frame #10: _PyObject_MakeTpCall + 0x78 (0x4c2c98 in /usr/bin/python)
frame #11: /usr/bin/python() [0x4c6f6c]
frame #12: _PyEval_EvalFrameDefault + 0x3cf4 (0x567308 in /usr/bin/python)
frame #13: _PyObject_Call_Prepend + 0xc4 (0x4c4774 in /usr/bin/python)
frame #14: /usr/bin/python() [0x528ba0]
frame #15: PyObject_Call + 0x6c (0x4c517c in /usr/bin/python)
frame #16: _PyEval_EvalFrameDefault + 0x3cf4 (0x567308 in /usr/bin/python)
frame #17: PyEval_EvalCode + 0x130 (0x562204 in /usr/bin/python)
frame #18: /usr/bin/python() [0x59c3c4]
frame #19: /usr/bin/python() [0x680e94]
frame #20: _PyRun_SimpleFileObject + 0x194 (0x680a68 in /usr/bin/python)
frame #21: _PyRun_AnyFileObject + 0x54 (0x680834 in /usr/bin/python)
frame #22: Py_RunMain + 0x2dc (0x68b83c in /usr/bin/python)
frame #23: Py_BytesMain + 0x28 (0x68b3f8 in /usr/bin/python)
frame #24: <unknown function> + 0x284c4 (0x4000054584c4 in /lib/aarch64-linux-gnu/libc.so.6)
frame #25: __libc_start_main + 0x98 (0x400005458598 in /lib/aarch64-linux-gnu/libc.so.6)
frame #26: _start + 0x30 (0x5f6df0 in /usr/bin/python)

W0402 12:13:19.284000 557798 torch/distributed/elastic/rendezvous/dynamic_rendezvous.py:1284] The node 'kairosgh9.calmip.cluster_557798_0' has failed to shutdown the rendezvous '12764' due to an error of type RendezvousConnectionError.
Traceback (most recent call last):
  File "/usr/local/lib/python3.12/dist-packages/torch/distributed/elastic/rendezvous/c10d_rendezvous_backend.py", line 117, in _call_store
    return getattr(self._store, store_op)(*args, **kwargs)
           ^^^^^^^^^^^^^^^^^^^^^^^^^^^^^^^^^^^^^^^^^^^^^^^
torch.distributed.DistNetworkError: failed to recv, got 0 bytes

The above exception was the direct cause of the following exception:

Traceback (most recent call last):
  File "/usr/local/bin/torchrun", line 33, in <module>
    sys.exit(load_entry_point('torch==2.7.0a0+7c8ec84dab.nv25.3', 'console_scripts', 'torchrun')())
             ^^^^^^^^^^^^^^^^^^^^^^^^^^^^^^^^^^^^^^^^^^^^^^^^^^^^^^^^^^^^^^^^^^^^^^^^^^^^^^^^^^^^^
  File "/usr/local/lib/python3.12/dist-packages/torch/distributed/elastic/multiprocessing/errors/__init__.py", line 355, in wrapper
    return f(*args, **kwargs)
           ^^^^^^^^^^^^^^^^^^
  File "/usr/local/lib/python3.12/dist-packages/torch/distributed/run.py", line 889, in main
    run(args)
  File "/usr/local/lib/python3.12/dist-packages/torch/distributed/run.py", line 880, in run
    elastic_launch(
  File "/usr/local/lib/python3.12/dist-packages/torch/distributed/launcher/api.py", line 139, in __call__
    return launch_agent(self._config, self._entrypoint, list(args))
           ^^^^^^^^^^^^^^^^^^^^^^^^^^^^^^^^^^^^^^^^^^^^^^^^^^^^^^^^
  File "/usr/local/lib/python3.12/dist-packages/torch/distributed/launcher/api.py", line 261, in launch_agent
    result = agent.run()
             ^^^^^^^^^^^
  File "/usr/local/lib/python3.12/dist-packages/torch/distributed/elastic/metrics/api.py", line 137, in wrapper
    result = f(*args, **kwargs)
             ^^^^^^^^^^^^^^^^^^
  File "/usr/local/lib/python3.12/dist-packages/torch/distributed/elastic/agent/server/api.py", line 711, in run
    result = self._invoke_run(role)
             ^^^^^^^^^^^^^^^^^^^^^^
  File "/usr/local/lib/python3.12/dist-packages/torch/distributed/elastic/agent/server/api.py", line 864, in _invoke_run
    self._initialize_workers(self._worker_group)
  File "/usr/local/lib/python3.12/dist-packages/torch/distributed/elastic/metrics/api.py", line 137, in wrapper
    result = f(*args, **kwargs)
             ^^^^^^^^^^^^^^^^^^
  File "/usr/local/lib/python3.12/dist-packages/torch/distributed/elastic/agent/server/api.py", line 683, in _initialize_workers
    self._rendezvous(worker_group)
  File "/usr/local/lib/python3.12/dist-packages/torch/distributed/elastic/metrics/api.py", line 137, in wrapper
    result = f(*args, **kwargs)
             ^^^^^^^^^^^^^^^^^^
  File "/usr/local/lib/python3.12/dist-packages/torch/distributed/elastic/agent/server/api.py", line 500, in _rendezvous
    rdzv_info = spec.rdzv_handler.next_rendezvous()
                ^^^^^^^^^^^^^^^^^^^^^^^^^^^^^^^^^^^
  File "/usr/local/lib/python3.12/dist-packages/torch/distributed/elastic/rendezvous/dynamic_rendezvous.py", line 1162, in next_rendezvous
    self._op_executor.run(join_op, deadline, self._get_deadline)
  File "/usr/local/lib/python3.12/dist-packages/torch/distributed/elastic/rendezvous/dynamic_rendezvous.py", line 648, in run
    has_set = self._state_holder.sync()
              ^^^^^^^^^^^^^^^^^^^^^^^^^
  File "/usr/local/lib/python3.12/dist-packages/torch/distributed/elastic/rendezvous/dynamic_rendezvous.py", line 437, in sync
    get_response = self._backend.get_state()
                   ^^^^^^^^^^^^^^^^^^^^^^^^^
  File "/usr/local/lib/python3.12/dist-packages/torch/distributed/elastic/rendezvous/c10d_rendezvous_backend.py", line 75, in get_state
    base64_state: bytes = self._call_store("get", self._key)
                          ^^^^^^^^^^^^^^^^^^^^^^^^^^^^^^^^^^
  File "/usr/local/lib/python3.12/dist-packages/torch/distributed/elastic/rendezvous/c10d_rendezvous_backend.py", line 119, in _call_store
    raise RendezvousConnectionError(
torch.distributed.elastic.rendezvous.api.RendezvousConnectionError: The connection to the C10d store has failed. See inner exception for details.
srun: error: kairosgh7: tasks 4,7: Exited with exit code 1
[W402 12:13:19.064532366 TCPStore.cpp:106] [c10d] sendBytes failed on SocketImpl(fd=3, addr=kairosgh10.calmip.cluster:33764, remote=kairosgh6.calmip.cluster:22765): Broken pipe
Exception raised from sendBytes at /opt/pytorch/pytorch/torch/csrc/distributed/c10d/Utils.hpp:646 (most recent call first):
frame #0: c10::Error::Error(c10::SourceLocation, std::__cxx11::basic_string<char, std::char_traits<char>, std::allocator<char> >) + 0xd4 (0x4000918a3cc4 in /usr/local/lib/python3.12/dist-packages/torch/lib/libc10.so)
frame #1: <unknown function> + 0x5a291f0 (0x4000475b91f0 in /usr/local/lib/python3.12/dist-packages/torch/lib/libtorch_cpu.so)
frame #2: <unknown function> + 0x5a2b0fc (0x4000475bb0fc in /usr/local/lib/python3.12/dist-packages/torch/lib/libtorch_cpu.so)
frame #3: <unknown function> + 0x5a2d704 (0x4000475bd704 in /usr/local/lib/python3.12/dist-packages/torch/lib/libtorch_cpu.so)
frame #4: c10d::TCPStore::doWait(c10::ArrayRef<std::__cxx11::basic_string<char, std::char_traits<char>, std::allocator<char> > >, std::chrono::duration<long, std::ratio<1l, 1000l> >) + 0x148 (0x4000475be6b8 in /usr/local/lib/python3.12/dist-packages/torch/lib/libtorch_cpu.so)
frame #5: c10d::TCPStore::doGet(std::__cxx11::basic_string<char, std::char_traits<char>, std::allocator<char> > const&) + 0x2c (0x4000475beb7c in /usr/local/lib/python3.12/dist-packages/torch/lib/libtorch_cpu.so)
frame #6: c10d::TCPStore::get(std::__cxx11::basic_string<char, std::char_traits<char>, std::allocator<char> > const&) + 0x9c (0x4000475c007c in /usr/local/lib/python3.12/dist-packages/torch/lib/libtorch_cpu.so)
frame #7: <unknown function> + 0xf50874 (0x400041a50874 in /usr/local/lib/python3.12/dist-packages/torch/lib/libtorch_python.so)
frame #8: <unknown function> + 0x594060 (0x400041094060 in /usr/local/lib/python3.12/dist-packages/torch/lib/libtorch_python.so)
frame #9: /usr/bin/python() [0x5036b4]
frame #10: _PyObject_MakeTpCall + 0x78 (0x4c2c98 in /usr/bin/python)
frame #11: /usr/bin/python() [0x4c6f6c]
frame #12: _PyEval_EvalFrameDefault + 0x3cf4 (0x567308 in /usr/bin/python)
frame #13: _PyObject_Call_Prepend + 0xc4 (0x4c4774 in /usr/bin/python)
frame #14: /usr/bin/python() [0x528ba0]
frame #15: PyObject_Call + 0x6c (0x4c517c in /usr/bin/python)
frame #16: _PyEval_EvalFrameDefault + 0x3cf4 (0x567308 in /usr/bin/python)
frame #17: PyEval_EvalCode + 0x130 (0x562204 in /usr/bin/python)
frame #18: /usr/bin/python() [0x59c3c4]
frame #19: /usr/bin/python() [0x680e94]
frame #20: _PyRun_SimpleFileObject + 0x194 (0x680a68 in /usr/bin/python)
frame #21: _PyRun_AnyFileObject + 0x54 (0x680834 in /usr/bin/python)
frame #22: Py_RunMain + 0x2dc (0x68b83c in /usr/bin/python)
frame #23: Py_BytesMain + 0x28 (0x68b3f8 in /usr/bin/python)
frame #24: <unknown function> + 0x284c4 (0x40003fe184c4 in /lib/aarch64-linux-gnu/libc.so.6)
frame #25: __libc_start_main + 0x98 (0x40003fe18598 in /lib/aarch64-linux-gnu/libc.so.6)
frame #26: _start + 0x30 (0x5f6df0 in /usr/bin/python)

W0402 12:13:19.331000 963821 torch/distributed/elastic/rendezvous/dynamic_rendezvous.py:1284] The node 'kairosgh10.calmip.cluster_963821_0' has failed to shutdown the rendezvous '12764' due to an error of type RendezvousConnectionError.
[W402 12:13:19.069322569 TCPStore.cpp:106] [c10d] sendBytes failed on SocketImpl(fd=3, addr=kairosgh10.calmip.cluster:33764, remote=kairosgh6.calmip.cluster:22765): Broken pipe
Exception raised from sendBytes at /opt/pytorch/pytorch/torch/csrc/distributed/c10d/Utils.hpp:646 (most recent call first):
frame #0: c10::Error::Error(c10::SourceLocation, std::__cxx11::basic_string<char, std::char_traits<char>, std::allocator<char> >) + 0xd4 (0x4000918a3cc4 in /usr/local/lib/python3.12/dist-packages/torch/lib/libc10.so)
frame #1: <unknown function> + 0x5a291f0 (0x4000475b91f0 in /usr/local/lib/python3.12/dist-packages/torch/lib/libtorch_cpu.so)
frame #2: <unknown function> + 0x5a2b0fc (0x4000475bb0fc in /usr/local/lib/python3.12/dist-packages/torch/lib/libtorch_cpu.so)
frame #3: <unknown function> + 0x5a2d704 (0x4000475bd704 in /usr/local/lib/python3.12/dist-packages/torch/lib/libtorch_cpu.so)
frame #4: c10d::TCPStore::doWait(c10::ArrayRef<std::__cxx11::basic_string<char, std::char_traits<char>, std::allocator<char> > >, std::chrono::duration<long, std::ratio<1l, 1000l> >) + 0x148 (0x4000475be6b8 in /usr/local/lib/python3.12/dist-packages/torch/lib/libtorch_cpu.so)
frame #5: c10d::TCPStore::doGet(std::__cxx11::basic_string<char, std::char_traits<char>, std::allocator<char> > const&) + 0x2c (0x4000475beb7c in /usr/local/lib/python3.12/dist-packages/torch/lib/libtorch_cpu.so)
frame #6: c10d::TCPStore::get(std::__cxx11::basic_string<char, std::char_traits<char>, std::allocator<char> > const&) + 0x9c (0x4000475c007c in /usr/local/lib/python3.12/dist-packages/torch/lib/libtorch_cpu.so)
frame #7: <unknown function> + 0xf50874 (0x400041a50874 in /usr/local/lib/python3.12/dist-packages/torch/lib/libtorch_python.so)
frame #8: <unknown function> + 0x594060 (0x400041094060 in /usr/local/lib/python3.12/dist-packages/torch/lib/libtorch_python.so)
frame #9: /usr/bin/python() [0x5036b4]
frame #10: _PyObject_MakeTpCall + 0x78 (0x4c2c98 in /usr/bin/python)
frame #11: /usr/bin/python() [0x4c6f6c]
frame #12: _PyEval_EvalFrameDefault + 0x3cf4 (0x567308 in /usr/bin/python)
frame #13: _PyObject_Call_Prepend + 0xc4 (0x4c4774 in /usr/bin/python)
frame #14: /usr/bin/python() [0x528ba0]
frame #15: PyObject_Call + 0x6c (0x4c517c in /usr/bin/python)
frame #16: _PyEval_EvalFrameDefault + 0x3cf4 (0x567308 in /usr/bin/python)
frame #17: PyEval_EvalCode + 0x130 (0x562204 in /usr/bin/python)
frame #18: /usr/bin/python() [0x59c3c4]
frame #19: /usr/bin/python() [0x680e94]
frame #20: _PyRun_SimpleFileObject + 0x194 (0x680a68 in /usr/bin/python)
frame #21: _PyRun_AnyFileObject + 0x54 (0x680834 in /usr/bin/python)
frame #22: Py_RunMain + 0x2dc (0x68b83c in /usr/bin/python)
frame #23: Py_BytesMain + 0x28 (0x68b3f8 in /usr/bin/python)
frame #24: <unknown function> + 0x284c4 (0x40003fe184c4 in /lib/aarch64-linux-gnu/libc.so.6)
frame #25: __libc_start_main + 0x98 (0x40003fe18598 in /lib/aarch64-linux-gnu/libc.so.6)
frame #26: _start + 0x30 (0x5f6df0 in /usr/bin/python)

W0402 12:13:19.335000 963821 torch/distributed/elastic/rendezvous/dynamic_rendezvous.py:1284] The node 'kairosgh10.calmip.cluster_963821_0' has failed to shutdown the rendezvous '12764' due to an error of type RendezvousConnectionError.
Traceback (most recent call last):
  File "/usr/local/lib/python3.12/dist-packages/torch/distributed/elastic/rendezvous/c10d_rendezvous_backend.py", line 117, in _call_store
    return getattr(self._store, store_op)(*args, **kwargs)
           ^^^^^^^^^^^^^^^^^^^^^^^^^^^^^^^^^^^^^^^^^^^^^^^
torch.distributed.DistNetworkError: failed to recv, got 0 bytes

The above exception was the direct cause of the following exception:

Traceback (most recent call last):
  File "/usr/local/bin/torchrun", line 33, in <module>
    sys.exit(load_entry_point('torch==2.7.0a0+7c8ec84dab.nv25.3', 'console_scripts', 'torchrun')())
             ^^^^^^^^^^^^^^^^^^^^^^^^^^^^^^^^^^^^^^^^^^^^^^^^^^^^^^^^^^^^^^^^^^^^^^^^^^^^^^^^^^^^^
  File "/usr/local/lib/python3.12/dist-packages/torch/distributed/elastic/multiprocessing/errors/__init__.py", line 355, in wrapper
    return f(*args, **kwargs)
           ^^^^^^^^^^^^^^^^^^
  File "/usr/local/lib/python3.12/dist-packages/torch/distributed/run.py", line 889, in main
    run(args)
  File "/usr/local/lib/python3.12/dist-packages/torch/distributed/run.py", line 880, in run
    elastic_launch(
  File "/usr/local/lib/python3.12/dist-packages/torch/distributed/launcher/api.py", line 139, in __call__
    return launch_agent(self._config, self._entrypoint, list(args))
           ^^^^^^^^^^^^^^^^^^^^^^^^^^^^^^^^^^^^^^^^^^^^^^^^^^^^^^^^
  File "/usr/local/lib/python3.12/dist-packages/torch/distributed/launcher/api.py", line 261, in launch_agent
    result = agent.run()
             ^^^^^^^^^^^
  File "/usr/local/lib/python3.12/dist-packages/torch/distributed/elastic/metrics/api.py", line 137, in wrapper
    result = f(*args, **kwargs)
             ^^^^^^^^^^^^^^^^^^
  File "/usr/local/lib/python3.12/dist-packages/torch/distributed/elastic/agent/server/api.py", line 711, in run
    result = self._invoke_run(role)
             ^^^^^^^^^^^^^^^^^^^^^^
  File "/usr/local/lib/python3.12/dist-packages/torch/distributed/elastic/agent/server/api.py", line 864, in _invoke_run
    self._initialize_workers(self._worker_group)
  File "/usr/local/lib/python3.12/dist-packages/torch/distributed/elastic/metrics/api.py", line 137, in wrapper
    result = f(*args, **kwargs)
             ^^^^^^^^^^^^^^^^^^
  File "/usr/local/lib/python3.12/dist-packages/torch/distributed/elastic/agent/server/api.py", line 683, in _initialize_workers
    self._rendezvous(worker_group)
  File "/usr/local/lib/python3.12/dist-packages/torch/distributed/elastic/metrics/api.py", line 137, in wrapper
    result = f(*args, **kwargs)
             ^^^^^^^^^^^^^^^^^^
  File "/usr/local/lib/python3.12/dist-packages/torch/distributed/elastic/agent/server/api.py", line 500, in _rendezvous
    rdzv_info = spec.rdzv_handler.next_rendezvous()
                ^^^^^^^^^^^^^^^^^^^^^^^^^^^^^^^^^^^
  File "/usr/local/lib/python3.12/dist-packages/torch/distributed/elastic/rendezvous/dynamic_rendezvous.py", line 1162, in next_rendezvous
    self._op_executor.run(join_op, deadline, self._get_deadline)
  File "/usr/local/lib/python3.12/dist-packages/torch/distributed/elastic/rendezvous/dynamic_rendezvous.py", line 648, in run
    has_set = self._state_holder.sync()
              ^^^^^^^^^^^^^^^^^^^^^^^^^
  File "/usr/local/lib/python3.12/dist-packages/torch/distributed/elastic/rendezvous/dynamic_rendezvous.py", line 437, in sync
    get_response = self._backend.get_state()
                   ^^^^^^^^^^^^^^^^^^^^^^^^^
  File "/usr/local/lib/python3.12/dist-packages/torch/distributed/elastic/rendezvous/c10d_rendezvous_backend.py", line 75, in get_state
    base64_state: bytes = self._call_store("get", self._key)
                          ^^^^^^^^^^^^^^^^^^^^^^^^^^^^^^^^^^
  File "/usr/local/lib/python3.12/dist-packages/torch/distributed/elastic/rendezvous/c10d_rendezvous_backend.py", line 119, in _call_store
    raise RendezvousConnectionError(
torch.distributed.elastic.rendezvous.api.RendezvousConnectionError: The connection to the C10d store has failed. See inner exception for details.
[W402 12:13:19.340571911 TCPStore.cpp:106] [c10d] sendBytes failed on SocketImpl(fd=3, addr=kairosgh9.calmip.cluster:58204, remote=kairosgh6.calmip.cluster:22765): Broken pipe
Exception raised from sendBytes at /opt/pytorch/pytorch/torch/csrc/distributed/c10d/Utils.hpp:646 (most recent call first):
frame #0: c10::Error::Error(c10::SourceLocation, std::__cxx11::basic_string<char, std::char_traits<char>, std::allocator<char> >) + 0xd4 (0x400086c93cc4 in /usr/local/lib/python3.12/dist-packages/torch/lib/libc10.so)
frame #1: <unknown function> + 0x5a291f0 (0x40003c9a91f0 in /usr/local/lib/python3.12/dist-packages/torch/lib/libtorch_cpu.so)
frame #2: <unknown function> + 0x5a2b0fc (0x40003c9ab0fc in /usr/local/lib/python3.12/dist-packages/torch/lib/libtorch_cpu.so)
frame #3: <unknown function> + 0x5a2d704 (0x40003c9ad704 in /usr/local/lib/python3.12/dist-packages/torch/lib/libtorch_cpu.so)
frame #4: c10d::TCPStore::doWait(c10::ArrayRef<std::__cxx11::basic_string<char, std::char_traits<char>, std::allocator<char> > >, std::chrono::duration<long, std::ratio<1l, 1000l> >) + 0x148 (0x40003c9ae6b8 in /usr/local/lib/python3.12/dist-packages/torch/lib/libtorch_cpu.so)
frame #5: c10d::TCPStore::doGet(std::__cxx11::basic_string<char, std::char_traits<char>, std::allocator<char> > const&) + 0x2c (0x40003c9aeb7c in /usr/local/lib/python3.12/dist-packages/torch/lib/libtorch_cpu.so)
frame #6: c10d::TCPStore::get(std::__cxx11::basic_string<char, std::char_traits<char>, std::allocator<char> > const&) + 0x9c (0x40003c9b007c in /usr/local/lib/python3.12/dist-packages/torch/lib/libtorch_cpu.so)
frame #7: <unknown function> + 0xf50874 (0x400036e40874 in /usr/local/lib/python3.12/dist-packages/torch/lib/libtorch_python.so)
frame #8: <unknown function> + 0x594060 (0x400036484060 in /usr/local/lib/python3.12/dist-packages/torch/lib/libtorch_python.so)
frame #9: /usr/bin/python() [0x5036b4]
frame #10: _PyObject_MakeTpCall + 0x78 (0x4c2c98 in /usr/bin/python)
frame #11: /usr/bin/python() [0x4c6f6c]
frame #12: _PyEval_EvalFrameDefault + 0x3cf4 (0x567308 in /usr/bin/python)
frame #13: _PyObject_Call_Prepend + 0xc4 (0x4c4774 in /usr/bin/python)
frame #14: /usr/bin/python() [0x528ba0]
frame #15: PyObject_Call + 0x6c (0x4c517c in /usr/bin/python)
frame #16: _PyEval_EvalFrameDefault + 0x3cf4 (0x567308 in /usr/bin/python)
frame #17: PyEval_EvalCode + 0x130 (0x562204 in /usr/bin/python)
frame #18: /usr/bin/python() [0x59c3c4]
frame #19: /usr/bin/python() [0x680e94]
frame #20: _PyRun_SimpleFileObject + 0x194 (0x680a68 in /usr/bin/python)
frame #21: _PyRun_AnyFileObject + 0x54 (0x680834 in /usr/bin/python)
frame #22: Py_RunMain + 0x2dc (0x68b83c in /usr/bin/python)
frame #23: Py_BytesMain + 0x28 (0x68b3f8 in /usr/bin/python)
frame #24: <unknown function> + 0x284c4 (0x4000352084c4 in /lib/aarch64-linux-gnu/libc.so.6)
frame #25: __libc_start_main + 0x98 (0x400035208598 in /lib/aarch64-linux-gnu/libc.so.6)
frame #26: _start + 0x30 (0x5f6df0 in /usr/bin/python)

W0402 12:13:19.339000 557799 torch/distributed/elastic/rendezvous/dynamic_rendezvous.py:1284] The node 'kairosgh9.calmip.cluster_557799_0' has failed to shutdown the rendezvous '12764' due to an error of type RendezvousConnectionError.
[W402 12:13:19.345479293 TCPStore.cpp:106] [c10d] sendBytes failed on SocketImpl(fd=3, addr=kairosgh9.calmip.cluster:58204, remote=kairosgh6.calmip.cluster:22765): Broken pipe
Exception raised from sendBytes at /opt/pytorch/pytorch/torch/csrc/distributed/c10d/Utils.hpp:646 (most recent call first):
frame #0: c10::Error::Error(c10::SourceLocation, std::__cxx11::basic_string<char, std::char_traits<char>, std::allocator<char> >) + 0xd4 (0x400086c93cc4 in /usr/local/lib/python3.12/dist-packages/torch/lib/libc10.so)
frame #1: <unknown function> + 0x5a291f0 (0x40003c9a91f0 in /usr/local/lib/python3.12/dist-packages/torch/lib/libtorch_cpu.so)
frame #2: <unknown function> + 0x5a2b0fc (0x40003c9ab0fc in /usr/local/lib/python3.12/dist-packages/torch/lib/libtorch_cpu.so)
frame #3: <unknown function> + 0x5a2d704 (0x40003c9ad704 in /usr/local/lib/python3.12/dist-packages/torch/lib/libtorch_cpu.so)
frame #4: c10d::TCPStore::doWait(c10::ArrayRef<std::__cxx11::basic_string<char, std::char_traits<char>, std::allocator<char> > >, std::chrono::duration<long, std::ratio<1l, 1000l> >) + 0x148 (0x40003c9ae6b8 in /usr/local/lib/python3.12/dist-packages/torch/lib/libtorch_cpu.so)
frame #5: c10d::TCPStore::doGet(std::__cxx11::basic_string<char, std::char_traits<char>, std::allocator<char> > const&) + 0x2c (0x40003c9aeb7c in /usr/local/lib/python3.12/dist-packages/torch/lib/libtorch_cpu.so)
frame #6: c10d::TCPStore::get(std::__cxx11::basic_string<char, std::char_traits<char>, std::allocator<char> > const&) + 0x9c (0x40003c9b007c in /usr/local/lib/python3.12/dist-packages/torch/lib/libtorch_cpu.so)
frame #7: <unknown function> + 0xf50874 (0x400036e40874 in /usr/local/lib/python3.12/dist-packages/torch/lib/libtorch_python.so)
frame #8: <unknown function> + 0x594060 (0x400036484060 in /usr/local/lib/python3.12/dist-packages/torch/lib/libtorch_python.so)
frame #9: /usr/bin/python() [0x5036b4]
frame #10: _PyObject_MakeTpCall + 0x78 (0x4c2c98 in /usr/bin/python)
frame #11: /usr/bin/python() [0x4c6f6c]
frame #12: _PyEval_EvalFrameDefault + 0x3cf4 (0x567308 in /usr/bin/python)
frame #13: _PyObject_Call_Prepend + 0xc4 (0x4c4774 in /usr/bin/python)
frame #14: /usr/bin/python() [0x528ba0]
frame #15: PyObject_Call + 0x6c (0x4c517c in /usr/bin/python)
frame #16: _PyEval_EvalFrameDefault + 0x3cf4 (0x567308 in /usr/bin/python)
frame #17: PyEval_EvalCode + 0x130 (0x562204 in /usr/bin/python)
frame #18: /usr/bin/python() [0x59c3c4]
frame #19: /usr/bin/python() [0x680e94]
frame #20: _PyRun_SimpleFileObject + 0x194 (0x680a68 in /usr/bin/python)
frame #21: _PyRun_AnyFileObject + 0x54 (0x680834 in /usr/bin/python)
frame #22: Py_RunMain + 0x2dc (0x68b83c in /usr/bin/python)
frame #23: Py_BytesMain + 0x28 (0x68b3f8 in /usr/bin/python)
frame #24: <unknown function> + 0x284c4 (0x4000352084c4 in /lib/aarch64-linux-gnu/libc.so.6)
frame #25: __libc_start_main + 0x98 (0x400035208598 in /lib/aarch64-linux-gnu/libc.so.6)
frame #26: _start + 0x30 (0x5f6df0 in /usr/bin/python)

W0402 12:13:19.343000 557799 torch/distributed/elastic/rendezvous/dynamic_rendezvous.py:1284] The node 'kairosgh9.calmip.cluster_557799_0' has failed to shutdown the rendezvous '12764' due to an error of type RendezvousConnectionError.
Traceback (most recent call last):
  File "/usr/local/lib/python3.12/dist-packages/torch/distributed/elastic/rendezvous/c10d_rendezvous_backend.py", line 117, in _call_store
    return getattr(self._store, store_op)(*args, **kwargs)
           ^^^^^^^^^^^^^^^^^^^^^^^^^^^^^^^^^^^^^^^^^^^^^^^
torch.distributed.DistNetworkError: failed to recv, got 0 bytes

The above exception was the direct cause of the following exception:

Traceback (most recent call last):
  File "/usr/local/bin/torchrun", line 33, in <module>
    sys.exit(load_entry_point('torch==2.7.0a0+7c8ec84dab.nv25.3', 'console_scripts', 'torchrun')())
             ^^^^^^^^^^^^^^^^^^^^^^^^^^^^^^^^^^^^^^^^^^^^^^^^^^^^^^^^^^^^^^^^^^^^^^^^^^^^^^^^^^^^^
  File "/usr/local/lib/python3.12/dist-packages/torch/distributed/elastic/multiprocessing/errors/__init__.py", line 355, in wrapper
    return f(*args, **kwargs)
           ^^^^^^^^^^^^^^^^^^
  File "/usr/local/lib/python3.12/dist-packages/torch/distributed/run.py", line 889, in main
    run(args)
  File "/usr/local/lib/python3.12/dist-packages/torch/distributed/run.py", line 880, in run
    elastic_launch(
  File "/usr/local/lib/python3.12/dist-packages/torch/distributed/launcher/api.py", line 139, in __call__
    return launch_agent(self._config, self._entrypoint, list(args))
           ^^^^^^^^^^^^^^^^^^^^^^^^^^^^^^^^^^^^^^^^^^^^^^^^^^^^^^^^
  File "/usr/local/lib/python3.12/dist-packages/torch/distributed/launcher/api.py", line 261, in launch_agent
    result = agent.run()
             ^^^^^^^^^^^
  File "/usr/local/lib/python3.12/dist-packages/torch/distributed/elastic/metrics/api.py", line 137, in wrapper
    result = f(*args, **kwargs)
             ^^^^^^^^^^^^^^^^^^
  File "/usr/local/lib/python3.12/dist-packages/torch/distributed/elastic/agent/server/api.py", line 711, in run
    result = self._invoke_run(role)
             ^^^^^^^^^^^^^^^^^^^^^^
  File "/usr/local/lib/python3.12/dist-packages/torch/distributed/elastic/agent/server/api.py", line 864, in _invoke_run
    self._initialize_workers(self._worker_group)
  File "/usr/local/lib/python3.12/dist-packages/torch/distributed/elastic/metrics/api.py", line 137, in wrapper
    result = f(*args, **kwargs)
             ^^^^^^^^^^^^^^^^^^
  File "/usr/local/lib/python3.12/dist-packages/torch/distributed/elastic/agent/server/api.py", line 683, in _initialize_workers
    self._rendezvous(worker_group)
  File "/usr/local/lib/python3.12/dist-packages/torch/distributed/elastic/metrics/api.py", line 137, in wrapper
    result = f(*args, **kwargs)
             ^^^^^^^^^^^^^^^^^^
  File "/usr/local/lib/python3.12/dist-packages/torch/distributed/elastic/agent/server/api.py", line 500, in _rendezvous
    rdzv_info = spec.rdzv_handler.next_rendezvous()
                ^^^^^^^^^^^^^^^^^^^^^^^^^^^^^^^^^^^
  File "/usr/local/lib/python3.12/dist-packages/torch/distributed/elastic/rendezvous/dynamic_rendezvous.py", line 1162, in next_rendezvous
    self._op_executor.run(join_op, deadline, self._get_deadline)
  File "/usr/local/lib/python3.12/dist-packages/torch/distributed/elastic/rendezvous/dynamic_rendezvous.py", line 648, in run
    has_set = self._state_holder.sync()
              ^^^^^^^^^^^^^^^^^^^^^^^^^
  File "/usr/local/lib/python3.12/dist-packages/torch/distributed/elastic/rendezvous/dynamic_rendezvous.py", line 437, in sync
    get_response = self._backend.get_state()
                   ^^^^^^^^^^^^^^^^^^^^^^^^^
  File "/usr/local/lib/python3.12/dist-packages/torch/distributed/elastic/rendezvous/c10d_rendezvous_backend.py", line 75, in get_state
    base64_state: bytes = self._call_store("get", self._key)
                          ^^^^^^^^^^^^^^^^^^^^^^^^^^^^^^^^^^
  File "/usr/local/lib/python3.12/dist-packages/torch/distributed/elastic/rendezvous/c10d_rendezvous_backend.py", line 119, in _call_store
    raise RendezvousConnectionError(
torch.distributed.elastic.rendezvous.api.RendezvousConnectionError: The connection to the C10d store has failed. See inner exception for details.
[W402 12:13:19.083241730 TCPStore.cpp:106] [c10d] sendBytes failed on SocketImpl(fd=3, addr=kairosgh10.calmip.cluster:33772, remote=kairosgh6.calmip.cluster:22765): Broken pipe
Exception raised from sendBytes at /opt/pytorch/pytorch/torch/csrc/distributed/c10d/Utils.hpp:646 (most recent call first):
frame #0: c10::Error::Error(c10::SourceLocation, std::__cxx11::basic_string<char, std::char_traits<char>, std::allocator<char> >) + 0xd4 (0x400065153cc4 in /usr/local/lib/python3.12/dist-packages/torch/lib/libc10.so)
frame #1: <unknown function> + 0x5a291f0 (0x40001ae691f0 in /usr/local/lib/python3.12/dist-packages/torch/lib/libtorch_cpu.so)
frame #2: <unknown function> + 0x5a2b0fc (0x40001ae6b0fc in /usr/local/lib/python3.12/dist-packages/torch/lib/libtorch_cpu.so)
frame #3: <unknown function> + 0x5a2d704 (0x40001ae6d704 in /usr/local/lib/python3.12/dist-packages/torch/lib/libtorch_cpu.so)
frame #4: c10d::TCPStore::doWait(c10::ArrayRef<std::__cxx11::basic_string<char, std::char_traits<char>, std::allocator<char> > >, std::chrono::duration<long, std::ratio<1l, 1000l> >) + 0x148 (0x40001ae6e6b8 in /usr/local/lib/python3.12/dist-packages/torch/lib/libtorch_cpu.so)
frame #5: c10d::TCPStore::doGet(std::__cxx11::basic_string<char, std::char_traits<char>, std::allocator<char> > const&) + 0x2c (0x40001ae6eb7c in /usr/local/lib/python3.12/dist-packages/torch/lib/libtorch_cpu.so)
frame #6: c10d::TCPStore::get(std::__cxx11::basic_string<char, std::char_traits<char>, std::allocator<char> > const&) + 0x9c (0x40001ae7007c in /usr/local/lib/python3.12/dist-packages/torch/lib/libtorch_cpu.so)
frame #7: <unknown function> + 0xf50874 (0x400015300874 in /usr/local/lib/python3.12/dist-packages/torch/lib/libtorch_python.so)
frame #8: <unknown function> + 0x594060 (0x400014944060 in /usr/local/lib/python3.12/dist-packages/torch/lib/libtorch_python.so)
frame #9: /usr/bin/python() [0x5036b4]
frame #10: _PyObject_MakeTpCall + 0x78 (0x4c2c98 in /usr/bin/python)
frame #11: /usr/bin/python() [0x4c6f6c]
frame #12: _PyEval_EvalFrameDefault + 0x3cf4 (0x567308 in /usr/bin/python)
frame #13: _PyObject_Call_Prepend + 0xc4 (0x4c4774 in /usr/bin/python)
frame #14: /usr/bin/python() [0x528ba0]
frame #15: PyObject_Call + 0x6c (0x4c517c in /usr/bin/python)
frame #16: _PyEval_EvalFrameDefault + 0x3cf4 (0x567308 in /usr/bin/python)
frame #17: PyEval_EvalCode + 0x130 (0x562204 in /usr/bin/python)
frame #18: /usr/bin/python() [0x59c3c4]
frame #19: /usr/bin/python() [0x680e94]
frame #20: _PyRun_SimpleFileObject + 0x194 (0x680a68 in /usr/bin/python)
frame #21: _PyRun_AnyFileObject + 0x54 (0x680834 in /usr/bin/python)
frame #22: Py_RunMain + 0x2dc (0x68b83c in /usr/bin/python)
frame #23: Py_BytesMain + 0x28 (0x68b3f8 in /usr/bin/python)
frame #24: <unknown function> + 0x284c4 (0x4000136c84c4 in /lib/aarch64-linux-gnu/libc.so.6)
frame #25: __libc_start_main + 0x98 (0x4000136c8598 in /lib/aarch64-linux-gnu/libc.so.6)
frame #26: _start + 0x30 (0x5f6df0 in /usr/bin/python)

W0402 12:13:19.349000 963823 torch/distributed/elastic/rendezvous/dynamic_rendezvous.py:1284] The node 'kairosgh10.calmip.cluster_963823_0' has failed to shutdown the rendezvous '12764' due to an error of type RendezvousConnectionError.
[W402 12:13:19.088341494 TCPStore.cpp:106] [c10d] sendBytes failed on SocketImpl(fd=3, addr=kairosgh10.calmip.cluster:33772, remote=kairosgh6.calmip.cluster:22765): Broken pipe
Exception raised from sendBytes at /opt/pytorch/pytorch/torch/csrc/distributed/c10d/Utils.hpp:646 (most recent call first):
frame #0: c10::Error::Error(c10::SourceLocation, std::__cxx11::basic_string<char, std::char_traits<char>, std::allocator<char> >) + 0xd4 (0x400065153cc4 in /usr/local/lib/python3.12/dist-packages/torch/lib/libc10.so)
frame #1: <unknown function> + 0x5a291f0 (0x40001ae691f0 in /usr/local/lib/python3.12/dist-packages/torch/lib/libtorch_cpu.so)
frame #2: <unknown function> + 0x5a2b0fc (0x40001ae6b0fc in /usr/local/lib/python3.12/dist-packages/torch/lib/libtorch_cpu.so)
frame #3: <unknown function> + 0x5a2d704 (0x40001ae6d704 in /usr/local/lib/python3.12/dist-packages/torch/lib/libtorch_cpu.so)
frame #4: c10d::TCPStore::doWait(c10::ArrayRef<std::__cxx11::basic_string<char, std::char_traits<char>, std::allocator<char> > >, std::chrono::duration<long, std::ratio<1l, 1000l> >) + 0x148 (0x40001ae6e6b8 in /usr/local/lib/python3.12/dist-packages/torch/lib/libtorch_cpu.so)
frame #5: c10d::TCPStore::doGet(std::__cxx11::basic_string<char, std::char_traits<char>, std::allocator<char> > const&) + 0x2c (0x40001ae6eb7c in /usr/local/lib/python3.12/dist-packages/torch/lib/libtorch_cpu.so)
frame #6: c10d::TCPStore::get(std::__cxx11::basic_string<char, std::char_traits<char>, std::allocator<char> > const&) + 0x9c (0x40001ae7007c in /usr/local/lib/python3.12/dist-packages/torch/lib/libtorch_cpu.so)
frame #7: <unknown function> + 0xf50874 (0x400015300874 in /usr/local/lib/python3.12/dist-packages/torch/lib/libtorch_python.so)
frame #8: <unknown function> + 0x594060 (0x400014944060 in /usr/local/lib/python3.12/dist-packages/torch/lib/libtorch_python.so)
frame #9: /usr/bin/python() [0x5036b4]
frame #10: _PyObject_MakeTpCall + 0x78 (0x4c2c98 in /usr/bin/python)
frame #11: /usr/bin/python() [0x4c6f6c]
frame #12: _PyEval_EvalFrameDefault + 0x3cf4 (0x567308 in /usr/bin/python)
frame #13: _PyObject_Call_Prepend + 0xc4 (0x4c4774 in /usr/bin/python)
frame #14: /usr/bin/python() [0x528ba0]
frame #15: PyObject_Call + 0x6c (0x4c517c in /usr/bin/python)
frame #16: _PyEval_EvalFrameDefault + 0x3cf4 (0x567308 in /usr/bin/python)
frame #17: PyEval_EvalCode + 0x130 (0x562204 in /usr/bin/python)
frame #18: /usr/bin/python() [0x59c3c4]
frame #19: /usr/bin/python() [0x680e94]
frame #20: _PyRun_SimpleFileObject + 0x194 (0x680a68 in /usr/bin/python)
frame #21: _PyRun_AnyFileObject + 0x54 (0x680834 in /usr/bin/python)
frame #22: Py_RunMain + 0x2dc (0x68b83c in /usr/bin/python)
frame #23: Py_BytesMain + 0x28 (0x68b3f8 in /usr/bin/python)
frame #24: <unknown function> + 0x284c4 (0x4000136c84c4 in /lib/aarch64-linux-gnu/libc.so.6)
frame #25: __libc_start_main + 0x98 (0x4000136c8598 in /lib/aarch64-linux-gnu/libc.so.6)
frame #26: _start + 0x30 (0x5f6df0 in /usr/bin/python)

W0402 12:13:19.354000 963823 torch/distributed/elastic/rendezvous/dynamic_rendezvous.py:1284] The node 'kairosgh10.calmip.cluster_963823_0' has failed to shutdown the rendezvous '12764' due to an error of type RendezvousConnectionError.
Traceback (most recent call last):
  File "/usr/local/lib/python3.12/dist-packages/torch/distributed/elastic/rendezvous/c10d_rendezvous_backend.py", line 117, in _call_store
    return getattr(self._store, store_op)(*args, **kwargs)
           ^^^^^^^^^^^^^^^^^^^^^^^^^^^^^^^^^^^^^^^^^^^^^^^
torch.distributed.DistNetworkError: failed to recv, got 0 bytes

The above exception was the direct cause of the following exception:

Traceback (most recent call last):
  File "/usr/local/bin/torchrun", line 33, in <module>
    sys.exit(load_entry_point('torch==2.7.0a0+7c8ec84dab.nv25.3', 'console_scripts', 'torchrun')())
             ^^^^^^^^^^^^^^^^^^^^^^^^^^^^^^^^^^^^^^^^^^^^^^^^^^^^^^^^^^^^^^^^^^^^^^^^^^^^^^^^^^^^^
  File "/usr/local/lib/python3.12/dist-packages/torch/distributed/elastic/multiprocessing/errors/__init__.py", line 355, in wrapper
    return f(*args, **kwargs)
           ^^^^^^^^^^^^^^^^^^
  File "/usr/local/lib/python3.12/dist-packages/torch/distributed/run.py", line 889, in main
    run(args)
  File "/usr/local/lib/python3.12/dist-packages/torch/distributed/run.py", line 880, in run
    elastic_launch(
  File "/usr/local/lib/python3.12/dist-packages/torch/distributed/launcher/api.py", line 139, in __call__
    return launch_agent(self._config, self._entrypoint, list(args))
           ^^^^^^^^^^^^^^^^^^^^^^^^^^^^^^^^^^^^^^^^^^^^^^^^^^^^^^^^
  File "/usr/local/lib/python3.12/dist-packages/torch/distributed/launcher/api.py", line 261, in launch_agent
    result = agent.run()
             ^^^^^^^^^^^
  File "/usr/local/lib/python3.12/dist-packages/torch/distributed/elastic/metrics/api.py", line 137, in wrapper
    result = f(*args, **kwargs)
             ^^^^^^^^^^^^^^^^^^
  File "/usr/local/lib/python3.12/dist-packages/torch/distributed/elastic/agent/server/api.py", line 711, in run
    result = self._invoke_run(role)
             ^^^^^^^^^^^^^^^^^^^^^^
  File "/usr/local/lib/python3.12/dist-packages/torch/distributed/elastic/agent/server/api.py", line 864, in _invoke_run
    self._initialize_workers(self._worker_group)
  File "/usr/local/lib/python3.12/dist-packages/torch/distributed/elastic/metrics/api.py", line 137, in wrapper
    result = f(*args, **kwargs)
             ^^^^^^^^^^^^^^^^^^
  File "/usr/local/lib/python3.12/dist-packages/torch/distributed/elastic/agent/server/api.py", line 683, in _initialize_workers
    self._rendezvous(worker_group)
  File "/usr/local/lib/python3.12/dist-packages/torch/distributed/elastic/metrics/api.py", line 137, in wrapper
    result = f(*args, **kwargs)
             ^^^^^^^^^^^^^^^^^^
  File "/usr/local/lib/python3.12/dist-packages/torch/distributed/elastic/agent/server/api.py", line 500, in _rendezvous
    rdzv_info = spec.rdzv_handler.next_rendezvous()
                ^^^^^^^^^^^^^^^^^^^^^^^^^^^^^^^^^^^
  File "/usr/local/lib/python3.12/dist-packages/torch/distributed/elastic/rendezvous/dynamic_rendezvous.py", line 1162, in next_rendezvous
    self._op_executor.run(join_op, deadline, self._get_deadline)
  File "/usr/local/lib/python3.12/dist-packages/torch/distributed/elastic/rendezvous/dynamic_rendezvous.py", line 648, in run
    has_set = self._state_holder.sync()
              ^^^^^^^^^^^^^^^^^^^^^^^^^
  File "/usr/local/lib/python3.12/dist-packages/torch/distributed/elastic/rendezvous/dynamic_rendezvous.py", line 437, in sync
    get_response = self._backend.get_state()
                   ^^^^^^^^^^^^^^^^^^^^^^^^^
  File "/usr/local/lib/python3.12/dist-packages/torch/distributed/elastic/rendezvous/c10d_rendezvous_backend.py", line 75, in get_state
    base64_state: bytes = self._call_store("get", self._key)
                          ^^^^^^^^^^^^^^^^^^^^^^^^^^^^^^^^^^
  File "/usr/local/lib/python3.12/dist-packages/torch/distributed/elastic/rendezvous/c10d_rendezvous_backend.py", line 119, in _call_store
    raise RendezvousConnectionError(
torch.distributed.elastic.rendezvous.api.RendezvousConnectionError: The connection to the C10d store has failed. See inner exception for details.
[W402 12:13:19.374178513 TCPStore.cpp:106] [c10d] sendBytes failed on SocketImpl(fd=3, addr=kairosgh9.calmip.cluster:58192, remote=kairosgh6.calmip.cluster:22765): Broken pipe
Exception raised from sendBytes at /opt/pytorch/pytorch/torch/csrc/distributed/c10d/Utils.hpp:646 (most recent call first):
frame #0: c10::Error::Error(c10::SourceLocation, std::__cxx11::basic_string<char, std::char_traits<char>, std::allocator<char> >) + 0xd4 (0x400070f43cc4 in /usr/local/lib/python3.12/dist-packages/torch/lib/libc10.so)
frame #1: <unknown function> + 0x5a291f0 (0x400026c591f0 in /usr/local/lib/python3.12/dist-packages/torch/lib/libtorch_cpu.so)
frame #2: <unknown function> + 0x5a2b0fc (0x400026c5b0fc in /usr/local/lib/python3.12/dist-packages/torch/lib/libtorch_cpu.so)
frame #3: <unknown function> + 0x5a2d704 (0x400026c5d704 in /usr/local/lib/python3.12/dist-packages/torch/lib/libtorch_cpu.so)
frame #4: c10d::TCPStore::doWait(c10::ArrayRef<std::__cxx11::basic_string<char, std::char_traits<char>, std::allocator<char> > >, std::chrono::duration<long, std::ratio<1l, 1000l> >) + 0x148 (0x400026c5e6b8 in /usr/local/lib/python3.12/dist-packages/torch/lib/libtorch_cpu.so)
frame #5: c10d::TCPStore::doGet(std::__cxx11::basic_string<char, std::char_traits<char>, std::allocator<char> > const&) + 0x2c (0x400026c5eb7c in /usr/local/lib/python3.12/dist-packages/torch/lib/libtorch_cpu.so)
frame #6: c10d::TCPStore::get(std::__cxx11::basic_string<char, std::char_traits<char>, std::allocator<char> > const&) + 0x9c (0x400026c6007c in /usr/local/lib/python3.12/dist-packages/torch/lib/libtorch_cpu.so)
frame #7: <unknown function> + 0xf50874 (0x4000210f0874 in /usr/local/lib/python3.12/dist-packages/torch/lib/libtorch_python.so)
frame #8: <unknown function> + 0x594060 (0x400020734060 in /usr/local/lib/python3.12/dist-packages/torch/lib/libtorch_python.so)
frame #9: /usr/bin/python() [0x5036b4]
frame #10: _PyObject_MakeTpCall + 0x78 (0x4c2c98 in /usr/bin/python)
frame #11: /usr/bin/python() [0x4c6f6c]
frame #12: _PyEval_EvalFrameDefault + 0x3cf4 (0x567308 in /usr/bin/python)
frame #13: _PyObject_Call_Prepend + 0xc4 (0x4c4774 in /usr/bin/python)
frame #14: /usr/bin/python() [0x528ba0]
frame #15: PyObject_Call + 0x6c (0x4c517c in /usr/bin/python)
frame #16: _PyEval_EvalFrameDefault + 0x3cf4 (0x567308 in /usr/bin/python)
frame #17: PyEval_EvalCode + 0x130 (0x562204 in /usr/bin/python)
frame #18: /usr/bin/python() [0x59c3c4]
frame #19: /usr/bin/python() [0x680e94]
frame #20: _PyRun_SimpleFileObject + 0x194 (0x680a68 in /usr/bin/python)
frame #21: _PyRun_AnyFileObject + 0x54 (0x680834 in /usr/bin/python)
frame #22: Py_RunMain + 0x2dc (0x68b83c in /usr/bin/python)
frame #23: Py_BytesMain + 0x28 (0x68b3f8 in /usr/bin/python)
frame #24: <unknown function> + 0x284c4 (0x40001f4b84c4 in /lib/aarch64-linux-gnu/libc.so.6)
frame #25: __libc_start_main + 0x98 (0x40001f4b8598 in /lib/aarch64-linux-gnu/libc.so.6)
frame #26: _start + 0x30 (0x5f6df0 in /usr/bin/python)

W0402 12:13:19.372000 557795 torch/distributed/elastic/rendezvous/dynamic_rendezvous.py:1284] The node 'kairosgh9.calmip.cluster_557795_0' has failed to shutdown the rendezvous '12764' due to an error of type RendezvousConnectionError.
[W402 12:13:19.379066599 TCPStore.cpp:106] [c10d] sendBytes failed on SocketImpl(fd=3, addr=kairosgh9.calmip.cluster:58192, remote=kairosgh6.calmip.cluster:22765): Broken pipe
Exception raised from sendBytes at /opt/pytorch/pytorch/torch/csrc/distributed/c10d/Utils.hpp:646 (most recent call first):
frame #0: c10::Error::Error(c10::SourceLocation, std::__cxx11::basic_string<char, std::char_traits<char>, std::allocator<char> >) + 0xd4 (0x400070f43cc4 in /usr/local/lib/python3.12/dist-packages/torch/lib/libc10.so)
frame #1: <unknown function> + 0x5a291f0 (0x400026c591f0 in /usr/local/lib/python3.12/dist-packages/torch/lib/libtorch_cpu.so)
frame #2: <unknown function> + 0x5a2b0fc (0x400026c5b0fc in /usr/local/lib/python3.12/dist-packages/torch/lib/libtorch_cpu.so)
frame #3: <unknown function> + 0x5a2d704 (0x400026c5d704 in /usr/local/lib/python3.12/dist-packages/torch/lib/libtorch_cpu.so)
frame #4: c10d::TCPStore::doWait(c10::ArrayRef<std::__cxx11::basic_string<char, std::char_traits<char>, std::allocator<char> > >, std::chrono::duration<long, std::ratio<1l, 1000l> >) + 0x148 (0x400026c5e6b8 in /usr/local/lib/python3.12/dist-packages/torch/lib/libtorch_cpu.so)
frame #5: c10d::TCPStore::doGet(std::__cxx11::basic_string<char, std::char_traits<char>, std::allocator<char> > const&) + 0x2c (0x400026c5eb7c in /usr/local/lib/python3.12/dist-packages/torch/lib/libtorch_cpu.so)
frame #6: c10d::TCPStore::get(std::__cxx11::basic_string<char, std::char_traits<char>, std::allocator<char> > const&) + 0x9c (0x400026c6007c in /usr/local/lib/python3.12/dist-packages/torch/lib/libtorch_cpu.so)
frame #7: <unknown function> + 0xf50874 (0x4000210f0874 in /usr/local/lib/python3.12/dist-packages/torch/lib/libtorch_python.so)
frame #8: <unknown function> + 0x594060 (0x400020734060 in /usr/local/lib/python3.12/dist-packages/torch/lib/libtorch_python.so)
frame #9: /usr/bin/python() [0x5036b4]
frame #10: _PyObject_MakeTpCall + 0x78 (0x4c2c98 in /usr/bin/python)
frame #11: /usr/bin/python() [0x4c6f6c]
frame #12: _PyEval_EvalFrameDefault + 0x3cf4 (0x567308 in /usr/bin/python)
frame #13: _PyObject_Call_Prepend + 0xc4 (0x4c4774 in /usr/bin/python)
frame #14: /usr/bin/python() [0x528ba0]
frame #15: PyObject_Call + 0x6c (0x4c517c in /usr/bin/python)
frame #16: _PyEval_EvalFrameDefault + 0x3cf4 (0x567308 in /usr/bin/python)
frame #17: PyEval_EvalCode + 0x130 (0x562204 in /usr/bin/python)
frame #18: /usr/bin/python() [0x59c3c4]
frame #19: /usr/bin/python() [0x680e94]
frame #20: _PyRun_SimpleFileObject + 0x194 (0x680a68 in /usr/bin/python)
frame #21: _PyRun_AnyFileObject + 0x54 (0x680834 in /usr/bin/python)
frame #22: Py_RunMain + 0x2dc (0x68b83c in /usr/bin/python)
frame #23: Py_BytesMain + 0x28 (0x68b3f8 in /usr/bin/python)
frame #24: <unknown function> + 0x284c4 (0x40001f4b84c4 in /lib/aarch64-linux-gnu/libc.so.6)
frame #25: __libc_start_main + 0x98 (0x40001f4b8598 in /lib/aarch64-linux-gnu/libc.so.6)
frame #26: _start + 0x30 (0x5f6df0 in /usr/bin/python)

W0402 12:13:19.377000 557795 torch/distributed/elastic/rendezvous/dynamic_rendezvous.py:1284] The node 'kairosgh9.calmip.cluster_557795_0' has failed to shutdown the rendezvous '12764' due to an error of type RendezvousConnectionError.
Traceback (most recent call last):
  File "/usr/local/lib/python3.12/dist-packages/torch/distributed/elastic/rendezvous/c10d_rendezvous_backend.py", line 117, in _call_store
    return getattr(self._store, store_op)(*args, **kwargs)
           ^^^^^^^^^^^^^^^^^^^^^^^^^^^^^^^^^^^^^^^^^^^^^^^
torch.distributed.DistNetworkError: failed to recv, got 0 bytes

The above exception was the direct cause of the following exception:

Traceback (most recent call last):
  File "/usr/local/bin/torchrun", line 33, in <module>
    sys.exit(load_entry_point('torch==2.7.0a0+7c8ec84dab.nv25.3', 'console_scripts', 'torchrun')())
             ^^^^^^^^^^^^^^^^^^^^^^^^^^^^^^^^^^^^^^^^^^^^^^^^^^^^^^^^^^^^^^^^^^^^^^^^^^^^^^^^^^^^^
  File "/usr/local/lib/python3.12/dist-packages/torch/distributed/elastic/multiprocessing/errors/__init__.py", line 355, in wrapper
    return f(*args, **kwargs)
           ^^^^^^^^^^^^^^^^^^
  File "/usr/local/lib/python3.12/dist-packages/torch/distributed/run.py", line 889, in main
    run(args)
  File "/usr/local/lib/python3.12/dist-packages/torch/distributed/run.py", line 880, in run
    elastic_launch(
  File "/usr/local/lib/python3.12/dist-packages/torch/distributed/launcher/api.py", line 139, in __call__
    return launch_agent(self._config, self._entrypoint, list(args))
           ^^^^^^^^^^^^^^^^^^^^^^^^^^^^^^^^^^^^^^^^^^^^^^^^^^^^^^^^
  File "/usr/local/lib/python3.12/dist-packages/torch/distributed/launcher/api.py", line 261, in launch_agent
    result = agent.run()
             ^^^^^^^^^^^
  File "/usr/local/lib/python3.12/dist-packages/torch/distributed/elastic/metrics/api.py", line 137, in wrapper
    result = f(*args, **kwargs)
             ^^^^^^^^^^^^^^^^^^
  File "/usr/local/lib/python3.12/dist-packages/torch/distributed/elastic/agent/server/api.py", line 711, in run
    result = self._invoke_run(role)
             ^^^^^^^^^^^^^^^^^^^^^^
  File "/usr/local/lib/python3.12/dist-packages/torch/distributed/elastic/agent/server/api.py", line 864, in _invoke_run
    self._initialize_workers(self._worker_group)
  File "/usr/local/lib/python3.12/dist-packages/torch/distributed/elastic/metrics/api.py", line 137, in wrapper
    result = f(*args, **kwargs)
             ^^^^^^^^^^^^^^^^^^
  File "/usr/local/lib/python3.12/dist-packages/torch/distributed/elastic/agent/server/api.py", line 683, in _initialize_workers
    self._rendezvous(worker_group)
  File "/usr/local/lib/python3.12/dist-packages/torch/distributed/elastic/metrics/api.py", line 137, in wrapper
    result = f(*args, **kwargs)
             ^^^^^^^^^^^^^^^^^^
  File "/usr/local/lib/python3.12/dist-packages/torch/distributed/elastic/agent/server/api.py", line 500, in _rendezvous
    rdzv_info = spec.rdzv_handler.next_rendezvous()
                ^^^^^^^^^^^^^^^^^^^^^^^^^^^^^^^^^^^
  File "/usr/local/lib/python3.12/dist-packages/torch/distributed/elastic/rendezvous/dynamic_rendezvous.py", line 1162, in next_rendezvous
    self._op_executor.run(join_op, deadline, self._get_deadline)
  File "/usr/local/lib/python3.12/dist-packages/torch/distributed/elastic/rendezvous/dynamic_rendezvous.py", line 648, in run
    has_set = self._state_holder.sync()
              ^^^^^^^^^^^^^^^^^^^^^^^^^
  File "/usr/local/lib/python3.12/dist-packages/torch/distributed/elastic/rendezvous/dynamic_rendezvous.py", line 437, in sync
    get_response = self._backend.get_state()
                   ^^^^^^^^^^^^^^^^^^^^^^^^^
  File "/usr/local/lib/python3.12/dist-packages/torch/distributed/elastic/rendezvous/c10d_rendezvous_backend.py", line 75, in get_state
    base64_state: bytes = self._call_store("get", self._key)
                          ^^^^^^^^^^^^^^^^^^^^^^^^^^^^^^^^^^
  File "/usr/local/lib/python3.12/dist-packages/torch/distributed/elastic/rendezvous/c10d_rendezvous_backend.py", line 119, in _call_store
    raise RendezvousConnectionError(
torch.distributed.elastic.rendezvous.api.RendezvousConnectionError: The connection to the C10d store has failed. See inner exception for details.
srun: error: kairosgh7: tasks 5-6: Exited with exit code 1
[W402 12:13:19.263987856 TCPStore.cpp:106] [c10d] sendBytes failed on SocketImpl(fd=3, addr=kairosgh10.calmip.cluster:33756, remote=kairosgh6.calmip.cluster:22765): Broken pipe
Exception raised from sendBytes at /opt/pytorch/pytorch/torch/csrc/distributed/c10d/Utils.hpp:646 (most recent call first):
frame #0: c10::Error::Error(c10::SourceLocation, std::__cxx11::basic_string<char, std::char_traits<char>, std::allocator<char> >) + 0xd4 (0x400089c93cc4 in /usr/local/lib/python3.12/dist-packages/torch/lib/libc10.so)
frame #1: <unknown function> + 0x5a291f0 (0x40003f9a91f0 in /usr/local/lib/python3.12/dist-packages/torch/lib/libtorch_cpu.so)
frame #2: <unknown function> + 0x5a2b0fc (0x40003f9ab0fc in /usr/local/lib/python3.12/dist-packages/torch/lib/libtorch_cpu.so)
frame #3: <unknown function> + 0x5a2d704 (0x40003f9ad704 in /usr/local/lib/python3.12/dist-packages/torch/lib/libtorch_cpu.so)
frame #4: c10d::TCPStore::doWait(c10::ArrayRef<std::__cxx11::basic_string<char, std::char_traits<char>, std::allocator<char> > >, std::chrono::duration<long, std::ratio<1l, 1000l> >) + 0x148 (0x40003f9ae6b8 in /usr/local/lib/python3.12/dist-packages/torch/lib/libtorch_cpu.so)
frame #5: c10d::TCPStore::doGet(std::__cxx11::basic_string<char, std::char_traits<char>, std::allocator<char> > const&) + 0x2c (0x40003f9aeb7c in /usr/local/lib/python3.12/dist-packages/torch/lib/libtorch_cpu.so)
frame #6: c10d::TCPStore::get(std::__cxx11::basic_string<char, std::char_traits<char>, std::allocator<char> > const&) + 0x9c (0x40003f9b007c in /usr/local/lib/python3.12/dist-packages/torch/lib/libtorch_cpu.so)
frame #7: <unknown function> + 0xf50874 (0x400039e40874 in /usr/local/lib/python3.12/dist-packages/torch/lib/libtorch_python.so)
frame #8: <unknown function> + 0x594060 (0x400039484060 in /usr/local/lib/python3.12/dist-packages/torch/lib/libtorch_python.so)
frame #9: /usr/bin/python() [0x5036b4]
frame #10: _PyObject_MakeTpCall + 0x78 (0x4c2c98 in /usr/bin/python)
frame #11: /usr/bin/python() [0x4c6f6c]
frame #12: _PyEval_EvalFrameDefault + 0x3cf4 (0x567308 in /usr/bin/python)
frame #13: _PyObject_Call_Prepend + 0xc4 (0x4c4774 in /usr/bin/python)
frame #14: /usr/bin/python() [0x528ba0]
frame #15: PyObject_Call + 0x6c (0x4c517c in /usr/bin/python)
frame #16: _PyEval_EvalFrameDefault + 0x3cf4 (0x567308 in /usr/bin/python)
frame #17: PyEval_EvalCode + 0x130 (0x562204 in /usr/bin/python)
frame #18: /usr/bin/python() [0x59c3c4]
frame #19: /usr/bin/python() [0x680e94]
frame #20: _PyRun_SimpleFileObject + 0x194 (0x680a68 in /usr/bin/python)
frame #21: _PyRun_AnyFileObject + 0x54 (0x680834 in /usr/bin/python)
frame #22: Py_RunMain + 0x2dc (0x68b83c in /usr/bin/python)
frame #23: Py_BytesMain + 0x28 (0x68b3f8 in /usr/bin/python)
frame #24: <unknown function> + 0x284c4 (0x4000382084c4 in /lib/aarch64-linux-gnu/libc.so.6)
frame #25: __libc_start_main + 0x98 (0x400038208598 in /lib/aarch64-linux-gnu/libc.so.6)
frame #26: _start + 0x30 (0x5f6df0 in /usr/bin/python)

W0402 12:13:19.530000 963820 torch/distributed/elastic/rendezvous/dynamic_rendezvous.py:1284] The node 'kairosgh10.calmip.cluster_963820_0' has failed to shutdown the rendezvous '12764' due to an error of type RendezvousConnectionError.
[W402 12:13:19.269584762 TCPStore.cpp:106] [c10d] sendBytes failed on SocketImpl(fd=3, addr=kairosgh10.calmip.cluster:33756, remote=kairosgh6.calmip.cluster:22765): Broken pipe
Exception raised from sendBytes at /opt/pytorch/pytorch/torch/csrc/distributed/c10d/Utils.hpp:646 (most recent call first):
frame #0: c10::Error::Error(c10::SourceLocation, std::__cxx11::basic_string<char, std::char_traits<char>, std::allocator<char> >) + 0xd4 (0x400089c93cc4 in /usr/local/lib/python3.12/dist-packages/torch/lib/libc10.so)
frame #1: <unknown function> + 0x5a291f0 (0x40003f9a91f0 in /usr/local/lib/python3.12/dist-packages/torch/lib/libtorch_cpu.so)
frame #2: <unknown function> + 0x5a2b0fc (0x40003f9ab0fc in /usr/local/lib/python3.12/dist-packages/torch/lib/libtorch_cpu.so)
frame #3: <unknown function> + 0x5a2d704 (0x40003f9ad704 in /usr/local/lib/python3.12/dist-packages/torch/lib/libtorch_cpu.so)
frame #4: c10d::TCPStore::doWait(c10::ArrayRef<std::__cxx11::basic_string<char, std::char_traits<char>, std::allocator<char> > >, std::chrono::duration<long, std::ratio<1l, 1000l> >) + 0x148 (0x40003f9ae6b8 in /usr/local/lib/python3.12/dist-packages/torch/lib/libtorch_cpu.so)
frame #5: c10d::TCPStore::doGet(std::__cxx11::basic_string<char, std::char_traits<char>, std::allocator<char> > const&) + 0x2c (0x40003f9aeb7c in /usr/local/lib/python3.12/dist-packages/torch/lib/libtorch_cpu.so)
frame #6: c10d::TCPStore::get(std::__cxx11::basic_string<char, std::char_traits<char>, std::allocator<char> > const&) + 0x9c (0x40003f9b007c in /usr/local/lib/python3.12/dist-packages/torch/lib/libtorch_cpu.so)
frame #7: <unknown function> + 0xf50874 (0x400039e40874 in /usr/local/lib/python3.12/dist-packages/torch/lib/libtorch_python.so)
frame #8: <unknown function> + 0x594060 (0x400039484060 in /usr/local/lib/python3.12/dist-packages/torch/lib/libtorch_python.so)
frame #9: /usr/bin/python() [0x5036b4]
frame #10: _PyObject_MakeTpCall + 0x78 (0x4c2c98 in /usr/bin/python)
frame #11: /usr/bin/python() [0x4c6f6c]
frame #12: _PyEval_EvalFrameDefault + 0x3cf4 (0x567308 in /usr/bin/python)
frame #13: _PyObject_Call_Prepend + 0xc4 (0x4c4774 in /usr/bin/python)
frame #14: /usr/bin/python() [0x528ba0]
frame #15: PyObject_Call + 0x6c (0x4c517c in /usr/bin/python)
frame #16: _PyEval_EvalFrameDefault + 0x3cf4 (0x567308 in /usr/bin/python)
frame #17: PyEval_EvalCode + 0x130 (0x562204 in /usr/bin/python)
frame #18: /usr/bin/python() [0x59c3c4]
frame #19: /usr/bin/python() [0x680e94]
frame #20: _PyRun_SimpleFileObject + 0x194 (0x680a68 in /usr/bin/python)
frame #21: _PyRun_AnyFileObject + 0x54 (0x680834 in /usr/bin/python)
frame #22: Py_RunMain + 0x2dc (0x68b83c in /usr/bin/python)
frame #23: Py_BytesMain + 0x28 (0x68b3f8 in /usr/bin/python)
frame #24: <unknown function> + 0x284c4 (0x4000382084c4 in /lib/aarch64-linux-gnu/libc.so.6)
frame #25: __libc_start_main + 0x98 (0x400038208598 in /lib/aarch64-linux-gnu/libc.so.6)
frame #26: _start + 0x30 (0x5f6df0 in /usr/bin/python)

W0402 12:13:19.535000 963820 torch/distributed/elastic/rendezvous/dynamic_rendezvous.py:1284] The node 'kairosgh10.calmip.cluster_963820_0' has failed to shutdown the rendezvous '12764' due to an error of type RendezvousConnectionError.
Traceback (most recent call last):
  File "/usr/local/lib/python3.12/dist-packages/torch/distributed/elastic/rendezvous/c10d_rendezvous_backend.py", line 117, in _call_store
    return getattr(self._store, store_op)(*args, **kwargs)
           ^^^^^^^^^^^^^^^^^^^^^^^^^^^^^^^^^^^^^^^^^^^^^^^
torch.distributed.DistNetworkError: failed to recv, got 0 bytes

The above exception was the direct cause of the following exception:

Traceback (most recent call last):
  File "/usr/local/bin/torchrun", line 33, in <module>
    sys.exit(load_entry_point('torch==2.7.0a0+7c8ec84dab.nv25.3', 'console_scripts', 'torchrun')())
             ^^^^^^^^^^^^^^^^^^^^^^^^^^^^^^^^^^^^^^^^^^^^^^^^^^^^^^^^^^^^^^^^^^^^^^^^^^^^^^^^^^^^^
  File "/usr/local/lib/python3.12/dist-packages/torch/distributed/elastic/multiprocessing/errors/__init__.py", line 355, in wrapper
    return f(*args, **kwargs)
           ^^^^^^^^^^^^^^^^^^
  File "/usr/local/lib/python3.12/dist-packages/torch/distributed/run.py", line 889, in main
    run(args)
  File "/usr/local/lib/python3.12/dist-packages/torch/distributed/run.py", line 880, in run
    elastic_launch(
  File "/usr/local/lib/python3.12/dist-packages/torch/distributed/launcher/api.py", line 139, in __call__
    return launch_agent(self._config, self._entrypoint, list(args))
           ^^^^^^^^^^^^^^^^^^^^^^^^^^^^^^^^^^^^^^^^^^^^^^^^^^^^^^^^
  File "/usr/local/lib/python3.12/dist-packages/torch/distributed/launcher/api.py", line 261, in launch_agent
    result = agent.run()
             ^^^^^^^^^^^
  File "/usr/local/lib/python3.12/dist-packages/torch/distributed/elastic/metrics/api.py", line 137, in wrapper
    result = f(*args, **kwargs)
             ^^^^^^^^^^^^^^^^^^
  File "/usr/local/lib/python3.12/dist-packages/torch/distributed/elastic/agent/server/api.py", line 711, in run
    result = self._invoke_run(role)
             ^^^^^^^^^^^^^^^^^^^^^^
  File "/usr/local/lib/python3.12/dist-packages/torch/distributed/elastic/agent/server/api.py", line 906, in _invoke_run
    num_nodes_waiting = rdzv_handler.num_nodes_waiting()
                        ^^^^^^^^^^^^^^^^^^^^^^^^^^^^^^^^
  File "/usr/local/lib/python3.12/dist-packages/torch/distributed/elastic/rendezvous/dynamic_rendezvous.py", line 1255, in num_nodes_waiting
    self._state_holder.sync()
  File "/usr/local/lib/python3.12/dist-packages/torch/distributed/elastic/rendezvous/dynamic_rendezvous.py", line 437, in sync
    get_response = self._backend.get_state()
                   ^^^^^^^^^^^^^^^^^^^^^^^^^
  File "/usr/local/lib/python3.12/dist-packages/torch/distributed/elastic/rendezvous/c10d_rendezvous_backend.py", line 75, in get_state
    base64_state: bytes = self._call_store("get", self._key)
                          ^^^^^^^^^^^^^^^^^^^^^^^^^^^^^^^^^^
  File "/usr/local/lib/python3.12/dist-packages/torch/distributed/elastic/rendezvous/c10d_rendezvous_backend.py", line 119, in _call_store
    raise RendezvousConnectionError(
torch.distributed.elastic.rendezvous.api.RendezvousConnectionError: The connection to the C10d store has failed. See inner exception for details.
srun: error: kairosgh6: task 1: Exited with exit code 1
srun: error: kairosgh10: task 13: Exited with exit code 1
srun: error: kairosgh9: tasks 8-10: Exited with exit code 1
srun: error: kairosgh10: tasks 12,15: Exited with exit code 1
srun: error: kairosgh10: task 14: Exited with exit code 1
==========================================
SSA Triton Training finished with status 1
==========================================
