==========================================
Starting SSA Triton Training
Datamix:     /work/p26037/barman/luciole-1B/training/train/train_ssa_triton/datamix_luciole_phase1.json
Output:      /tmpdir/barman/bs1024_fullrun/outputs
Name:        nemotron-1B-SSA-Triton-bs1024
Batch size:  1024
Nodes:       4
Duration:    00:08:00:00
SSA n:       1.5
SSA b:       0.8
Kernel ver:  triton
Compile BDA: 1
Warmup step: 2000
Skip warmup: 1
Contig QKV:  1
Global max:  715788
This-run max:0
W&B:         0 (mode=offline)
==========================================
W0410 09:31:36.933000 2820441 torch/distributed/run.py:763] 
W0410 09:31:36.933000 2820441 torch/distributed/run.py:763] *****************************************
W0410 09:31:36.933000 2820441 torch/distributed/run.py:763] Setting OMP_NUM_THREADS environment variable for each process to be 1 in default, to avoid your system being overloaded, please further tune the variable for optimal performance in your application as needed. 
W0410 09:31:36.933000 2820441 torch/distributed/run.py:763] *****************************************
W0410 09:31:36.934000 2158580 torch/distributed/run.py:763] 
W0410 09:31:36.934000 2158580 torch/distributed/run.py:763] *****************************************
W0410 09:31:36.934000 2158580 torch/distributed/run.py:763] Setting OMP_NUM_THREADS environment variable for each process to be 1 in default, to avoid your system being overloaded, please further tune the variable for optimal performance in your application as needed. 
W0410 09:31:36.934000 2158580 torch/distributed/run.py:763] *****************************************
W0410 09:31:36.937000 2345206 torch/distributed/run.py:763] 
W0410 09:31:36.937000 2345206 torch/distributed/run.py:763] *****************************************
W0410 09:31:36.937000 2345206 torch/distributed/run.py:763] Setting OMP_NUM_THREADS environment variable for each process to be 1 in default, to avoid your system being overloaded, please further tune the variable for optimal performance in your application as needed. 
W0410 09:31:36.937000 2345206 torch/distributed/run.py:763] *****************************************
[W410 09:31:36.010305887 socket.cpp:755] [c10d] The client socket cannot be initialized to connect to [kairosgh1.calmip.cluster]:24769 (errno: 97 - Address family not supported by protocol).
[W410 09:31:36.086044418 socket.cpp:755] [c10d] The client socket cannot be initialized to connect to [kairosgh1.calmip.cluster]:24769 (errno: 97 - Address family not supported by protocol).
[W410 09:31:36.006064434 socket.cpp:755] [c10d] The client socket cannot be initialized to connect to [kairosgh1.calmip.cluster]:24769 (errno: 97 - Address family not supported by protocol).
W0410 09:31:37.044000 2814272 torch/distributed/run.py:763] 
W0410 09:31:37.044000 2814272 torch/distributed/run.py:763] *****************************************
W0410 09:31:37.044000 2814272 torch/distributed/run.py:763] Setting OMP_NUM_THREADS environment variable for each process to be 1 in default, to avoid your system being overloaded, please further tune the variable for optimal performance in your application as needed. 
W0410 09:31:37.044000 2814272 torch/distributed/run.py:763] *****************************************
[W410 09:31:37.359534914 socket.cpp:755] [c10d] The client socket cannot be initialized to connect to [kairosgh1.calmip.cluster]:24769 (errno: 97 - Address family not supported by protocol).
[W410 09:31:38.275204609 socket.cpp:755] [c10d] The client socket cannot be initialized to connect to [kairosgh1.calmip.cluster]:33055 (errno: 97 - Address family not supported by protocol).
[launcher] rank=0/3 | cores=0-71 | OMP_NUM_THREADS=72 | script=train_ssa_triton.py
[launcher] rank=1/3 | cores=72-143 | OMP_NUM_THREADS=72 | script=train_ssa_triton.py
[launcher] rank=2/3 | cores=144-215 | OMP_NUM_THREADS=72 | script=train_ssa_triton.py
[launcher] rank=3/3 | cores=216-287 | OMP_NUM_THREADS=72 | script=train_ssa_triton.py
[launcher] rank=0/3 | cores=0-71 | OMP_NUM_THREADS=72 | script=train_ssa_triton.py
[launcher] rank=2/3 | cores=144-215 | OMP_NUM_THREADS=72 | script=train_ssa_triton.py
[launcher] rank=1/3 | cores=72-143 | OMP_NUM_THREADS=72 | script=train_ssa_triton.py
[launcher] rank=0/3 | cores=0-71 | OMP_NUM_THREADS=72 | script=train_ssa_triton.py
[launcher] rank=3/3 | cores=216-287 | OMP_NUM_THREADS=72 | script=train_ssa_triton.py[launcher] rank=2/3 | cores=144-215 | OMP_NUM_THREADS=72 | script=train_ssa_triton.py

[launcher] rank=3/3 | cores=216-287 | OMP_NUM_THREADS=72 | script=train_ssa_triton.py
[launcher] rank=1/3 | cores=72-143 | OMP_NUM_THREADS=72 | script=train_ssa_triton.py
[launcher] rank=2/3 | cores=144-215 | OMP_NUM_THREADS=72 | script=train_ssa_triton.py
[launcher] rank=0/3 | cores=0-71 | OMP_NUM_THREADS=72 | script=train_ssa_triton.py
[launcher] rank=1/3 | cores=72-143 | OMP_NUM_THREADS=72 | script=train_ssa_triton.py
[launcher] rank=3/3 | cores=216-287 | OMP_NUM_THREADS=72 | script=train_ssa_triton.py
Error.  nthreads cannot be larger than environment variable "NUMEXPR_MAX_THREADS" (64)Error.  nthreads cannot be larger than environment variable "NUMEXPR_MAX_THREADS" (64)Error.  nthreads cannot be larger than environment variable "NUMEXPR_MAX_THREADS" (64)Error.  nthreads cannot be larger than environment variable "NUMEXPR_MAX_THREADS" (64)[rank: 8] Seed set to 1234
Error.  nthreads cannot be larger than environment variable "NUMEXPR_MAX_THREADS" (64)Error.  nthreads cannot be larger than environment variable "NUMEXPR_MAX_THREADS" (64)Error.  nthreads cannot be larger than environment variable "NUMEXPR_MAX_THREADS" (64)Error.  nthreads cannot be larger than environment variable "NUMEXPR_MAX_THREADS" (64)[rank: 1] Seed set to 1234
[rank: 9] Seed set to 1234
[rank: 11] Seed set to 1234
[rank: 10] Seed set to 1234
[rank: 3] Seed set to 1234
[rank: 2] Seed set to 1234
[rank: 0] Seed set to 1234
Error.  nthreads cannot be larger than environment variable "NUMEXPR_MAX_THREADS" (64)Error.  nthreads cannot be larger than environment variable "NUMEXPR_MAX_THREADS" (64)Error.  nthreads cannot be larger than environment variable "NUMEXPR_MAX_THREADS" (64)Error.  nthreads cannot be larger than environment variable "NUMEXPR_MAX_THREADS" (64)[rank: 13] Seed set to 1234
[rank: 14] Seed set to 1234
Error.  nthreads cannot be larger than environment variable "NUMEXPR_MAX_THREADS" (64)Error.  nthreads cannot be larger than environment variable "NUMEXPR_MAX_THREADS" (64)Error.  nthreads cannot be larger than environment variable "NUMEXPR_MAX_THREADS" (64)Error.  nthreads cannot be larger than environment variable "NUMEXPR_MAX_THREADS" (64)[rank: 6] Seed set to 1234
[rank: 7] Seed set to 1234
[rank: 15] Seed set to 1234
[rank: 12] Seed set to 1234
[rank: 5] Seed set to 1234
[rank: 4] Seed set to 1234
INFO:faiss.loader:Loading faiss with SVE support.
INFO:faiss.loader:Loading faiss with SVE support.
INFO:faiss.loader:Loading faiss with SVE support.
INFO:faiss.loader:Could not load library with SVE support due to:
ModuleNotFoundError("No module named 'faiss.swigfaiss_sve'")
INFO:faiss.loader:Loading faiss with SVE support.
INFO:faiss.loader:Loading faiss.
INFO:faiss.loader:Could not load library with SVE support due to:
ModuleNotFoundError("No module named 'faiss.swigfaiss_sve'")
INFO:faiss.loader:Could not load library with SVE support due to:
ModuleNotFoundError("No module named 'faiss.swigfaiss_sve'")
INFO:faiss.loader:Loading faiss.
INFO:faiss.loader:Could not load library with SVE support due to:
ModuleNotFoundError("No module named 'faiss.swigfaiss_sve'")
INFO:faiss.loader:Loading faiss.
INFO:faiss.loader:Loading faiss.
INFO:faiss.loader:Successfully loaded faiss.
INFO:faiss.loader:Successfully loaded faiss.
INFO:faiss.loader:Successfully loaded faiss.
INFO:faiss.loader:Successfully loaded faiss.
INFO:faiss.loader:Loading faiss with SVE support.
INFO:faiss.loader:Could not load library with SVE support due to:
ModuleNotFoundError("No module named 'faiss.swigfaiss_sve'")
INFO:faiss.loader:Loading faiss with SVE support.
INFO:faiss.loader:Loading faiss.
INFO:faiss.loader:Loading faiss with SVE support.
INFO:faiss.loader:Could not load library with SVE support due to:
ModuleNotFoundError("No module named 'faiss.swigfaiss_sve'")
INFO:faiss.loader:Loading faiss.
INFO:faiss.loader:Loading faiss with SVE support.
INFO:faiss.loader:Could not load library with SVE support due to:
ModuleNotFoundError("No module named 'faiss.swigfaiss_sve'")
INFO:faiss.loader:Loading faiss.
INFO:faiss.loader:Could not load library with SVE support due to:
ModuleNotFoundError("No module named 'faiss.swigfaiss_sve'")
INFO:faiss.loader:Loading faiss.
INFO:faiss.loader:Successfully loaded faiss.
INFO:faiss.loader:Successfully loaded faiss.
INFO:faiss.loader:Successfully loaded faiss.
INFO:faiss.loader:Successfully loaded faiss.
INFO:faiss.loader:Loading faiss with SVE support.
INFO:faiss.loader:Loading faiss with SVE support.
INFO:faiss.loader:Loading faiss with SVE support.
INFO:faiss.loader:Could not load library with SVE support due to:
ModuleNotFoundError("No module named 'faiss.swigfaiss_sve'")
INFO:faiss.loader:Could not load library with SVE support due to:
ModuleNotFoundError("No module named 'faiss.swigfaiss_sve'")
INFO:faiss.loader:Could not load library with SVE support due to:
ModuleNotFoundError("No module named 'faiss.swigfaiss_sve'")
INFO:faiss.loader:Loading faiss.
INFO:faiss.loader:Loading faiss.
INFO:faiss.loader:Loading faiss.
INFO:faiss.loader:Loading faiss with SVE support.
INFO:faiss.loader:Could not load library with SVE support due to:
ModuleNotFoundError("No module named 'faiss.swigfaiss_sve'")
INFO:faiss.loader:Loading faiss.
INFO:faiss.loader:Successfully loaded faiss.
INFO:faiss.loader:Successfully loaded faiss.
INFO:faiss.loader:Successfully loaded faiss.
INFO:faiss.loader:Successfully loaded faiss.
INFO:faiss.loader:Loading faiss with SVE support.
INFO:faiss.loader:Loading faiss with SVE support.
INFO:faiss.loader:Loading faiss with SVE support.
INFO:faiss.loader:Loading faiss with SVE support.
INFO:faiss.loader:Could not load library with SVE support due to:
ModuleNotFoundError("No module named 'faiss.swigfaiss_sve'")
INFO:faiss.loader:Could not load library with SVE support due to:
ModuleNotFoundError("No module named 'faiss.swigfaiss_sve'")
INFO:faiss.loader:Loading faiss.
INFO:faiss.loader:Loading faiss.
INFO:faiss.loader:Could not load library with SVE support due to:
ModuleNotFoundError("No module named 'faiss.swigfaiss_sve'")
INFO:faiss.loader:Loading faiss.
INFO:faiss.loader:Could not load library with SVE support due to:
ModuleNotFoundError("No module named 'faiss.swigfaiss_sve'")
INFO:faiss.loader:Loading faiss.
INFO:faiss.loader:Successfully loaded faiss.
INFO:faiss.loader:Successfully loaded faiss.
INFO:faiss.loader:Successfully loaded faiss.
INFO:faiss.loader:Successfully loaded faiss.
[NeMo W 2026-04-10 09:32:04 nemo_logging:405] /usr/local/lib/python3.12/dist-packages/pydub/utils.py:170: RuntimeWarning: Couldn't find ffmpeg or avconv - defaulting to ffmpeg, but may not work
      warn("Couldn't find ffmpeg or avconv - defaulting to ffmpeg, but may not work", RuntimeWarning)
    
INFO:datasets:PyTorch version 2.7.0a0+7c8ec84dab.nv25.3 available.
INFO:datasets:PyTorch version 2.7.0a0+7c8ec84dab.nv25.3 available.
INFO:datasets:PyTorch version 2.7.0a0+7c8ec84dab.nv25.3 available.
INFO:datasets:PyTorch version 2.7.0a0+7c8ec84dab.nv25.3 available.
INFO:datasets:Polars version 1.21.0 available.
INFO:datasets:Polars version 1.21.0 available.
INFO:datasets:Polars version 1.21.0 available.
INFO:datasets:Polars version 1.21.0 available.
INFO:datasets:PyTorch version 2.7.0a0+7c8ec84dab.nv25.3 available.
INFO:datasets:PyTorch version 2.7.0a0+7c8ec84dab.nv25.3 available.
INFO:datasets:PyTorch version 2.7.0a0+7c8ec84dab.nv25.3 available.
INFO:datasets:PyTorch version 2.7.0a0+7c8ec84dab.nv25.3 available.
INFO:datasets:Polars version 1.21.0 available.
INFO:datasets:Polars version 1.21.0 available.
INFO:datasets:Polars version 1.21.0 available.
INFO:datasets:Polars version 1.21.0 available.
INFO:datasets:PyTorch version 2.7.0a0+7c8ec84dab.nv25.3 available.
INFO:datasets:PyTorch version 2.7.0a0+7c8ec84dab.nv25.3 available.
INFO:datasets:PyTorch version 2.7.0a0+7c8ec84dab.nv25.3 available.
INFO:datasets:PyTorch version 2.7.0a0+7c8ec84dab.nv25.3 available.
INFO:datasets:Polars version 1.21.0 available.
INFO:datasets:Polars version 1.21.0 available.
INFO:datasets:Polars version 1.21.0 available.
INFO:datasets:Polars version 1.21.0 available.
INFO:datasets:PyTorch version 2.7.0a0+7c8ec84dab.nv25.3 available.
INFO:datasets:PyTorch version 2.7.0a0+7c8ec84dab.nv25.3 available.
INFO:datasets:PyTorch version 2.7.0a0+7c8ec84dab.nv25.3 available.
INFO:datasets:Polars version 1.21.0 available.
INFO:datasets:Polars version 1.21.0 available.
INFO:datasets:Polars version 1.21.0 available.
INFO:datasets:PyTorch version 2.7.0a0+7c8ec84dab.nv25.3 available.
INFO:datasets:Polars version 1.21.0 available.
INFO:utils:{'data_path': '/work/datasets/AI/tokens_luciole_phase1', 'total_tokens': 3002228277248, 'train': [{'name': 'claire_open_en_text_document', 'weight': 29003.0}, {'name': 'claire_open_fr_text_document', 'weight': 92129.0}, {'name': 'common-corpus_bnl-newspapers-1841-1879_fr_text_document', 'weight': 66237.0}, {'name': 'common-corpus_eurlex_multi_text_document', 'weight': 3601664.0}, {'name': 'common-corpus_gatt-library_multi_text_document', 'weight': 41322.0}, {'name': 'common-corpus_oecd_multi_text_document', 'weight': 121969.0}, {'name': 'common-corpus_tedeutenders_multi_text_document', 'weight': 31276.0}, {'name': 'common-corpus_wto_multi_text_document', 'weight': 577279.0}, {'name': 'common-pile_arxiv-abstracts_en_text_document', 'weight': 140138.0}, {'name': 'common-pile_arxiv-papers_en_text_document', 'weight': 1299034.0}, {'name': 'common-pile_biodiversity-heritage-library_en_text_document', 'weight': 107772.0}, {'name': 'common-pile_caselaw-access-project_en_text_document', 'weight': 929697.0}, {'name': 'common-pile_doab_en_text_document', 'weight': 712786.0}, {'name': 'common-pile_foodista_en_text_document', 'weight': 5603.0}, {'name': 'common-pile_github-archive_en_text_document', 'weight': 2244221.0}, {'name': 'common-pile_library-of-congress_en_text_document', 'weight': 101533.0}, {'name': 'common-pile_libretexts_en_text_document', 'weight': 21049.0}, {'name': 'common-pile_news_en_text_document', 'weight': 14354.0}, {'name': 'common-pile_oercommons_en_text_document', 'weight': 2748.0}, {'name': 'common-pile_peS2o_en_text_document', 'weight': 10166525.0}, {'name': 'common-pile_pre-1929-books_en_text_document', 'weight': 531517.0}, {'name': 'common-pile_pressbooks_en_text_document', 'weight': 31891.0}, {'name': 'common-pile_public-domain-review_en_text_document', 'weight': 382.0}, {'name': 'common-pile_pubmed_en_text_document', 'weight': 1869301.0}, {'name': 'common-pile_python-enhancement-proposals_en_text_document', 'weight': 652.0}, {'name': 'common-pile_regulations_en_text_document', 'weight': 266173.0}, {'name': 'common-pile_stackexchange_en_text_document', 'weight': 4985359.0}, {'name': 'common-pile_ubuntu-irc_en_text_document', 'weight': 482830.0}, {'name': 'common-pile_youtube_en_text_document', 'weight': 204765.0}, {'name': 'croissant-aligned_aligned_text_document', 'weight': 11618464.0}, {'name': 'culturax_fr_text_document_ratio1.30_phase0', 'weight': 57012131.0}, {'name': 'dclm-dolmino_en_text_document_ratio0.75_phase0', 'weight': 93003263.0}, {'name': 'europarl_aligned_text_document', 'weight': 215607.0}, {'name': 'europarl_multi_text_document', 'weight': 99752.0}, {'name': 'eurovoc_filtered_multi_text_document', 'weight': 2150091.0}, {'name': 'fineweb-edu_en_text_document_ratio0.75_phase0', 'weight': 214754282.0}, {'name': 'fineweb2_ar_text_document_ratio0.50_phase0', 'weight': 3350461.0}, {'name': 'fineweb2_ca_text_document_ratio0.05_phase0', 'weight': 92529.0}, {'name': 'fineweb2_de_text_document_ratio0.50_phase0', 'weight': 27173931.0}, {'name': 'fineweb2_es_text_document_ratio0.50_phase0', 'weight': 24393496.0}, {'name': 'fineweb2_fr_text_document_ratio1.30_phase0', 'weight': 50038822.0}, {'name': 'fineweb2_it_text_document_ratio0.50_phase0', 'weight': 13377940.0}, {'name': 'fineweb2_nl_text_document_ratio0.50_phase0', 'weight': 7435763.0}, {'name': 'fineweb2_pt_text_document_ratio0.50_phase0', 'weight': 9800040.0}, {'name': 'fineweb2_regional_text_document', 'weight': 2132152.0}, {'name': 'gallica_monographies_fr_text_document', 'weight': 5842786.0}, {'name': 'gallica_press_fr_text_document', 'weight': 22850320.0}, {'name': 'gutenberg_de_text_document', 'weight': 42330.0}, {'name': 'gutenberg_en_text_document', 'weight': 1187655.0}, {'name': 'gutenberg_es_text_document', 'weight': 21778.0}, {'name': 'gutenberg_fr_text_document', 'weight': 91991.0}, {'name': 'gutenberg_it_text_document', 'weight': 29909.0}, {'name': 'gutenberg_nl_text_document', 'weight': 24430.0}, {'name': 'gutenberg_pt_text_document', 'weight': 9241.0}, {'name': 'hal-cea_full-filtered_fr_text_document', 'weight': 7828031.0}, {'name': 'hplt2_fr_text_document_ratio1.30_phase0', 'weight': 70401931.0}, {'name': 'insee_fr_text_document', 'weight': 55377.0}, {'name': 'math-pile_math_text_document', 'weight': 2345197.0}, {'name': 'opendata_fr_text_document', 'weight': 2749409.0}, {'name': 'parlement_fr_text_document', 'weight': 282826.0}, {'name': 'starcoder-data_code_text_document', 'weight': 62922795.0}, {'name': 'theses_fr_text_document', 'weight': 3239718.0}, {'name': 'wikimedia-vikidia_ar_text_document', 'weight': 265451.0}, {'name': 'wikimedia-vikidia_ca_text_document_ratio0.20_phase0', 'weight': 58530.0}, {'name': 'wikimedia-vikidia_de_text_document', 'weight': 1098595.0}, {'name': 'wikimedia-vikidia_en_text_document', 'weight': 2882825.0}, {'name': 'wikimedia-vikidia_es_text_document', 'weight': 631843.0}, {'name': 'wikimedia-vikidia_fr_text_document', 'weight': 1276052.0}, {'name': 'wikimedia-vikidia_it_text_document', 'weight': 654077.0}, {'name': 'wikimedia-vikidia_pt_text_document', 'weight': 304392.0}, {'name': 'wikimedia-vikidia_regional_text_document', 'weight': 119234.0}, {'name': 'wikimedia_nl_text_document', 'weight': 345319.0}, {'name': 'youtube_fr_text_document', 'weight': 76194.0}]}
INFO:utils:{'data_path': '/work/datasets/AI/tokens_luciole_phase1', 'total_tokens': 3002228277248, 'train': [{'name': 'claire_open_en_text_document', 'weight': 29003.0}, {'name': 'claire_open_fr_text_document', 'weight': 92129.0}, {'name': 'common-corpus_bnl-newspapers-1841-1879_fr_text_document', 'weight': 66237.0}, {'name': 'common-corpus_eurlex_multi_text_document', 'weight': 3601664.0}, {'name': 'common-corpus_gatt-library_multi_text_document', 'weight': 41322.0}, {'name': 'common-corpus_oecd_multi_text_document', 'weight': 121969.0}, {'name': 'common-corpus_tedeutenders_multi_text_document', 'weight': 31276.0}, {'name': 'common-corpus_wto_multi_text_document', 'weight': 577279.0}, {'name': 'common-pile_arxiv-abstracts_en_text_document', 'weight': 140138.0}, {'name': 'common-pile_arxiv-papers_en_text_document', 'weight': 1299034.0}, {'name': 'common-pile_biodiversity-heritage-library_en_text_document', 'weight': 107772.0}, {'name': 'common-pile_caselaw-access-project_en_text_document', 'weight': 929697.0}, {'name': 'common-pile_doab_en_text_document', 'weight': 712786.0}, {'name': 'common-pile_foodista_en_text_document', 'weight': 5603.0}, {'name': 'common-pile_github-archive_en_text_document', 'weight': 2244221.0}, {'name': 'common-pile_library-of-congress_en_text_document', 'weight': 101533.0}, {'name': 'common-pile_libretexts_en_text_document', 'weight': 21049.0}, {'name': 'common-pile_news_en_text_document', 'weight': 14354.0}, {'name': 'common-pile_oercommons_en_text_document', 'weight': 2748.0}, {'name': 'common-pile_peS2o_en_text_document', 'weight': 10166525.0}, {'name': 'common-pile_pre-1929-books_en_text_document', 'weight': 531517.0}, {'name': 'common-pile_pressbooks_en_text_document', 'weight': 31891.0}, {'name': 'common-pile_public-domain-review_en_text_document', 'weight': 382.0}, {'name': 'common-pile_pubmed_en_text_document', 'weight': 1869301.0}, {'name': 'common-pile_python-enhancement-proposals_en_text_document', 'weight': 652.0}, {'name': 'common-pile_regulations_en_text_document', 'weight': 266173.0}, {'name': 'common-pile_stackexchange_en_text_document', 'weight': 4985359.0}, {'name': 'common-pile_ubuntu-irc_en_text_document', 'weight': 482830.0}, {'name': 'common-pile_youtube_en_text_document', 'weight': 204765.0}, {'name': 'croissant-aligned_aligned_text_document', 'weight': 11618464.0}, {'name': 'culturax_fr_text_document_ratio1.30_phase0', 'weight': 57012131.0}, {'name': 'dclm-dolmino_en_text_document_ratio0.75_phase0', 'weight': 93003263.0}, {'name': 'europarl_aligned_text_document', 'weight': 215607.0}, {'name': 'europarl_multi_text_document', 'weight': 99752.0}, {'name': 'eurovoc_filtered_multi_text_document', 'weight': 2150091.0}, {'name': 'fineweb-edu_en_text_document_ratio0.75_phase0', 'weight': 214754282.0}, {'name': 'fineweb2_ar_text_document_ratio0.50_phase0', 'weight': 3350461.0}, {'name': 'fineweb2_ca_text_document_ratio0.05_phase0', 'weight': 92529.0}, {'name': 'fineweb2_de_text_document_ratio0.50_phase0', 'weight': 27173931.0}, {'name': 'fineweb2_es_text_document_ratio0.50_phase0', 'weight': 24393496.0}, {'name': 'fineweb2_fr_text_document_ratio1.30_phase0', 'weight': 50038822.0}, {'name': 'fineweb2_it_text_document_ratio0.50_phase0', 'weight': 13377940.0}, {'name': 'fineweb2_nl_text_document_ratio0.50_phase0', 'weight': 7435763.0}, {'name': 'fineweb2_pt_text_document_ratio0.50_phase0', 'weight': 9800040.0}, {'name': 'fineweb2_regional_text_document', 'weight': 2132152.0}, {'name': 'gallica_monographies_fr_text_document', 'weight': 5842786.0}, {'name': 'gallica_press_fr_text_document', 'weight': 22850320.0}, {'name': 'gutenberg_de_text_document', 'weight': 42330.0}, {'name': 'gutenberg_en_text_document', 'weight': 1187655.0}, {'name': 'gutenberg_es_text_document', 'weight': 21778.0}, {'name': 'gutenberg_fr_text_document', 'weight': 91991.0}, {'name': 'gutenberg_it_text_document', 'weight': 29909.0}, {'name': 'gutenberg_nl_text_document', 'weight': 24430.0}, {'name': 'gutenberg_pt_text_document', 'weight': 9241.0}, {'name': 'hal-cea_full-filtered_fr_text_document', 'weight': 7828031.0}, {'name': 'hplt2_fr_text_document_ratio1.30_phase0', 'weight': 70401931.0}, {'name': 'insee_fr_text_document', 'weight': 55377.0}, {'name': 'math-pile_math_text_document', 'weight': 2345197.0}, {'name': 'opendata_fr_text_document', 'weight': 2749409.0}, {'name': 'parlement_fr_text_document', 'weight': 282826.0}, {'name': 'starcoder-data_code_text_document', 'weight': 62922795.0}, {'name': 'theses_fr_text_document', 'weight': 3239718.0}, {'name': 'wikimedia-vikidia_ar_text_document', 'weight': 265451.0}, {'name': 'wikimedia-vikidia_ca_text_document_ratio0.20_phase0', 'weight': 58530.0}, {'name': 'wikimedia-vikidia_de_text_document', 'weight': 1098595.0}, {'name': 'wikimedia-vikidia_en_text_document', 'weight': 2882825.0}, {'name': 'wikimedia-vikidia_es_text_document', 'weight': 631843.0}, {'name': 'wikimedia-vikidia_fr_text_document', 'weight': 1276052.0}, {'name': 'wikimedia-vikidia_it_text_document', 'weight': 654077.0}, {'name': 'wikimedia-vikidia_pt_text_document', 'weight': 304392.0}, {'name': 'wikimedia-vikidia_regional_text_document', 'weight': 119234.0}, {'name': 'wikimedia_nl_text_document', 'weight': 345319.0}, {'name': 'youtube_fr_text_document', 'weight': 76194.0}]}
INFO:utils:{'data_path': '/work/datasets/AI/tokens_luciole_phase1', 'total_tokens': 3002228277248, 'train': [{'name': 'claire_open_en_text_document', 'weight': 29003.0}, {'name': 'claire_open_fr_text_document', 'weight': 92129.0}, {'name': 'common-corpus_bnl-newspapers-1841-1879_fr_text_document', 'weight': 66237.0}, {'name': 'common-corpus_eurlex_multi_text_document', 'weight': 3601664.0}, {'name': 'common-corpus_gatt-library_multi_text_document', 'weight': 41322.0}, {'name': 'common-corpus_oecd_multi_text_document', 'weight': 121969.0}, {'name': 'common-corpus_tedeutenders_multi_text_document', 'weight': 31276.0}, {'name': 'common-corpus_wto_multi_text_document', 'weight': 577279.0}, {'name': 'common-pile_arxiv-abstracts_en_text_document', 'weight': 140138.0}, {'name': 'common-pile_arxiv-papers_en_text_document', 'weight': 1299034.0}, {'name': 'common-pile_biodiversity-heritage-library_en_text_document', 'weight': 107772.0}, {'name': 'common-pile_caselaw-access-project_en_text_document', 'weight': 929697.0}, {'name': 'common-pile_doab_en_text_document', 'weight': 712786.0}, {'name': 'common-pile_foodista_en_text_document', 'weight': 5603.0}, {'name': 'common-pile_github-archive_en_text_document', 'weight': 2244221.0}, {'name': 'common-pile_library-of-congress_en_text_document', 'weight': 101533.0}, {'name': 'common-pile_libretexts_en_text_document', 'weight': 21049.0}, {'name': 'common-pile_news_en_text_document', 'weight': 14354.0}, {'name': 'common-pile_oercommons_en_text_document', 'weight': 2748.0}, {'name': 'common-pile_peS2o_en_text_document', 'weight': 10166525.0}, {'name': 'common-pile_pre-1929-books_en_text_document', 'weight': 531517.0}, {'name': 'common-pile_pressbooks_en_text_document', 'weight': 31891.0}, {'name': 'common-pile_public-domain-review_en_text_document', 'weight': 382.0}, {'name': 'common-pile_pubmed_en_text_document', 'weight': 1869301.0}, {'name': 'common-pile_python-enhancement-proposals_en_text_document', 'weight': 652.0}, {'name': 'common-pile_regulations_en_text_document', 'weight': 266173.0}, {'name': 'common-pile_stackexchange_en_text_document', 'weight': 4985359.0}, {'name': 'common-pile_ubuntu-irc_en_text_document', 'weight': 482830.0}, {'name': 'common-pile_youtube_en_text_document', 'weight': 204765.0}, {'name': 'croissant-aligned_aligned_text_document', 'weight': 11618464.0}, {'name': 'culturax_fr_text_document_ratio1.30_phase0', 'weight': 57012131.0}, {'name': 'dclm-dolmino_en_text_document_ratio0.75_phase0', 'weight': 93003263.0}, {'name': 'europarl_aligned_text_document', 'weight': 215607.0}, {'name': 'europarl_multi_text_document', 'weight': 99752.0}, {'name': 'eurovoc_filtered_multi_text_document', 'weight': 2150091.0}, {'name': 'fineweb-edu_en_text_document_ratio0.75_phase0', 'weight': 214754282.0}, {'name': 'fineweb2_ar_text_document_ratio0.50_phase0', 'weight': 3350461.0}, {'name': 'fineweb2_ca_text_document_ratio0.05_phase0', 'weight': 92529.0}, {'name': 'fineweb2_de_text_document_ratio0.50_phase0', 'weight': 27173931.0}, {'name': 'fineweb2_es_text_document_ratio0.50_phase0', 'weight': 24393496.0}, {'name': 'fineweb2_fr_text_document_ratio1.30_phase0', 'weight': 50038822.0}, {'name': 'fineweb2_it_text_document_ratio0.50_phase0', 'weight': 13377940.0}, {'name': 'fineweb2_nl_text_document_ratio0.50_phase0', 'weight': 7435763.0}, {'name': 'fineweb2_pt_text_document_ratio0.50_phase0', 'weight': 9800040.0}, {'name': 'fineweb2_regional_text_document', 'weight': 2132152.0}, {'name': 'gallica_monographies_fr_text_document', 'weight': 5842786.0}, {'name': 'gallica_press_fr_text_document', 'weight': 22850320.0}, {'name': 'gutenberg_de_text_document', 'weight': 42330.0}, {'name': 'gutenberg_en_text_document', 'weight': 1187655.0}, {'name': 'gutenberg_es_text_document', 'weight': 21778.0}, {'name': 'gutenberg_fr_text_document', 'weight': 91991.0}, {'name': 'gutenberg_it_text_document', 'weight': 29909.0}, {'name': 'gutenberg_nl_text_document', 'weight': 24430.0}, {'name': 'gutenberg_pt_text_document', 'weight': 9241.0}, {'name': 'hal-cea_full-filtered_fr_text_document', 'weight': 7828031.0}, {'name': 'hplt2_fr_text_document_ratio1.30_phase0', 'weight': 70401931.0}, {'name': 'insee_fr_text_document', 'weight': 55377.0}, {'name': 'math-pile_math_text_document', 'weight': 2345197.0}, {'name': 'opendata_fr_text_document', 'weight': 2749409.0}, {'name': 'parlement_fr_text_document', 'weight': 282826.0}, {'name': 'starcoder-data_code_text_document', 'weight': 62922795.0}, {'name': 'theses_fr_text_document', 'weight': 3239718.0}, {'name': 'wikimedia-vikidia_ar_text_document', 'weight': 265451.0}, {'name': 'wikimedia-vikidia_ca_text_document_ratio0.20_phase0', 'weight': 58530.0}, {'name': 'wikimedia-vikidia_de_text_document', 'weight': 1098595.0}, {'name': 'wikimedia-vikidia_en_text_document', 'weight': 2882825.0}, {'name': 'wikimedia-vikidia_es_text_document', 'weight': 631843.0}, {'name': 'wikimedia-vikidia_fr_text_document', 'weight': 1276052.0}, {'name': 'wikimedia-vikidia_it_text_document', 'weight': 654077.0}, {'name': 'wikimedia-vikidia_pt_text_document', 'weight': 304392.0}, {'name': 'wikimedia-vikidia_regional_text_document', 'weight': 119234.0}, {'name': 'wikimedia_nl_text_document', 'weight': 345319.0}, {'name': 'youtube_fr_text_document', 'weight': 76194.0}]}
INFO:utils:{'data_path': '/work/datasets/AI/tokens_luciole_phase1', 'total_tokens': 3002228277248, 'train': [{'name': 'claire_open_en_text_document', 'weight': 29003.0}, {'name': 'claire_open_fr_text_document', 'weight': 92129.0}, {'name': 'common-corpus_bnl-newspapers-1841-1879_fr_text_document', 'weight': 66237.0}, {'name': 'common-corpus_eurlex_multi_text_document', 'weight': 3601664.0}, {'name': 'common-corpus_gatt-library_multi_text_document', 'weight': 41322.0}, {'name': 'common-corpus_oecd_multi_text_document', 'weight': 121969.0}, {'name': 'common-corpus_tedeutenders_multi_text_document', 'weight': 31276.0}, {'name': 'common-corpus_wto_multi_text_document', 'weight': 577279.0}, {'name': 'common-pile_arxiv-abstracts_en_text_document', 'weight': 140138.0}, {'name': 'common-pile_arxiv-papers_en_text_document', 'weight': 1299034.0}, {'name': 'common-pile_biodiversity-heritage-library_en_text_document', 'weight': 107772.0}, {'name': 'common-pile_caselaw-access-project_en_text_document', 'weight': 929697.0}, {'name': 'common-pile_doab_en_text_document', 'weight': 712786.0}, {'name': 'common-pile_foodista_en_text_document', 'weight': 5603.0}, {'name': 'common-pile_github-archive_en_text_document', 'weight': 2244221.0}, {'name': 'common-pile_library-of-congress_en_text_document', 'weight': 101533.0}, {'name': 'common-pile_libretexts_en_text_document', 'weight': 21049.0}, {'name': 'common-pile_news_en_text_document', 'weight': 14354.0}, {'name': 'common-pile_oercommons_en_text_document', 'weight': 2748.0}, {'name': 'common-pile_peS2o_en_text_document', 'weight': 10166525.0}, {'name': 'common-pile_pre-1929-books_en_text_document', 'weight': 531517.0}, {'name': 'common-pile_pressbooks_en_text_document', 'weight': 31891.0}, {'name': 'common-pile_public-domain-review_en_text_document', 'weight': 382.0}, {'name': 'common-pile_pubmed_en_text_document', 'weight': 1869301.0}, {'name': 'common-pile_python-enhancement-proposals_en_text_document', 'weight': 652.0}, {'name': 'common-pile_regulations_en_text_document', 'weight': 266173.0}, {'name': 'common-pile_stackexchange_en_text_document', 'weight': 4985359.0}, {'name': 'common-pile_ubuntu-irc_en_text_document', 'weight': 482830.0}, {'name': 'common-pile_youtube_en_text_document', 'weight': 204765.0}, {'name': 'croissant-aligned_aligned_text_document', 'weight': 11618464.0}, {'name': 'culturax_fr_text_document_ratio1.30_phase0', 'weight': 57012131.0}, {'name': 'dclm-dolmino_en_text_document_ratio0.75_phase0', 'weight': 93003263.0}, {'name': 'europarl_aligned_text_document', 'weight': 215607.0}, {'name': 'europarl_multi_text_document', 'weight': 99752.0}, {'name': 'eurovoc_filtered_multi_text_document', 'weight': 2150091.0}, {'name': 'fineweb-edu_en_text_document_ratio0.75_phase0', 'weight': 214754282.0}, {'name': 'fineweb2_ar_text_document_ratio0.50_phase0', 'weight': 3350461.0}, {'name': 'fineweb2_ca_text_document_ratio0.05_phase0', 'weight': 92529.0}, {'name': 'fineweb2_de_text_document_ratio0.50_phase0', 'weight': 27173931.0}, {'name': 'fineweb2_es_text_document_ratio0.50_phase0', 'weight': 24393496.0}, {'name': 'fineweb2_fr_text_document_ratio1.30_phase0', 'weight': 50038822.0}, {'name': 'fineweb2_it_text_document_ratio0.50_phase0', 'weight': 13377940.0}, {'name': 'fineweb2_nl_text_document_ratio0.50_phase0', 'weight': 7435763.0}, {'name': 'fineweb2_pt_text_document_ratio0.50_phase0', 'weight': 9800040.0}, {'name': 'fineweb2_regional_text_document', 'weight': 2132152.0}, {'name': 'gallica_monographies_fr_text_document', 'weight': 5842786.0}, {'name': 'gallica_press_fr_text_document', 'weight': 22850320.0}, {'name': 'gutenberg_de_text_document', 'weight': 42330.0}, {'name': 'gutenberg_en_text_document', 'weight': 1187655.0}, {'name': 'gutenberg_es_text_document', 'weight': 21778.0}, {'name': 'gutenberg_fr_text_document', 'weight': 91991.0}, {'name': 'gutenberg_it_text_document', 'weight': 29909.0}, {'name': 'gutenberg_nl_text_document', 'weight': 24430.0}, {'name': 'gutenberg_pt_text_document', 'weight': 9241.0}, {'name': 'hal-cea_full-filtered_fr_text_document', 'weight': 7828031.0}, {'name': 'hplt2_fr_text_document_ratio1.30_phase0', 'weight': 70401931.0}, {'name': 'insee_fr_text_document', 'weight': 55377.0}, {'name': 'math-pile_math_text_document', 'weight': 2345197.0}, {'name': 'opendata_fr_text_document', 'weight': 2749409.0}, {'name': 'parlement_fr_text_document', 'weight': 282826.0}, {'name': 'starcoder-data_code_text_document', 'weight': 62922795.0}, {'name': 'theses_fr_text_document', 'weight': 3239718.0}, {'name': 'wikimedia-vikidia_ar_text_document', 'weight': 265451.0}, {'name': 'wikimedia-vikidia_ca_text_document_ratio0.20_phase0', 'weight': 58530.0}, {'name': 'wikimedia-vikidia_de_text_document', 'weight': 1098595.0}, {'name': 'wikimedia-vikidia_en_text_document', 'weight': 2882825.0}, {'name': 'wikimedia-vikidia_es_text_document', 'weight': 631843.0}, {'name': 'wikimedia-vikidia_fr_text_document', 'weight': 1276052.0}, {'name': 'wikimedia-vikidia_it_text_document', 'weight': 654077.0}, {'name': 'wikimedia-vikidia_pt_text_document', 'weight': 304392.0}, {'name': 'wikimedia-vikidia_regional_text_document', 'weight': 119234.0}, {'name': 'wikimedia_nl_text_document', 'weight': 345319.0}, {'name': 'youtube_fr_text_document', 'weight': 76194.0}]}
INFO:__main__:Using CLI tokenizer override: /work/p26037/barman/tokenizer_128k-arab-regional_v2
INFO:__main__:Using CLI tokenizer override: /work/p26037/barman/tokenizer_128k-arab-regional_v2
INFO:__main__:Using CLI tokenizer override: /work/p26037/barman/tokenizer_128k-arab-regional_v2
INFO:__main__:Using CLI tokenizer override: /work/p26037/barman/tokenizer_128k-arab-regional_v2
INFO:__main__:Global batch size: 1024
INFO:__main__:Global batch size: 1024
INFO:__main__:Sequence length: 4096
INFO:__main__:Sequence length: 4096
INFO:__main__:Global batch size: 1024
INFO:__main__:Tokens per batch: 4194304
INFO:__main__:Tokens per batch: 4194304
INFO:__main__:Total tokens in datamix: 3002228277248
INFO:__main__:Total tokens in datamix: 3002228277248
INFO:__main__:Sequence length: 4096
INFO:__main__:Global training/LR horizon (from --max_steps): 715788
INFO:__main__:Global training/LR horizon (from --max_steps): 715788
INFO:__main__:Tokens per batch: 4194304
INFO:__main__:Total tokens in datamix: 3002228277248
INFO:__main__:Global training/LR horizon (from --max_steps): 715788
INFO:__main__:Global batch size: 1024
INFO:__main__:Sequence length: 4096
INFO:__main__:Tokens per batch: 4194304
INFO:__main__:Total tokens in datamix: 3002228277248
INFO:__main__:Global training/LR horizon (from --max_steps): 715788
INFO:__main__:Patched megatron.core.optimizer (accepted params: {'use_gloo_process_groups', 'model_chunks', 'scale_lr_cond', 'lr_mult', 'no_weight_decay_cond', 'config'})
INFO:__main__:Patched megatron.core.optimizer (accepted params: {'use_gloo_process_groups', 'scale_lr_cond', 'model_chunks', 'config', 'no_weight_decay_cond', 'lr_mult'})
INFO:__main__:Patched megatron.core.optimizer (accepted params: {'scale_lr_cond', 'lr_mult', 'config', 'no_weight_decay_cond', 'use_gloo_process_groups', 'model_chunks'})
INFO:__main__:Patched megatron.core.optimizer (accepted params: {'lr_mult', 'use_gloo_process_groups', 'no_weight_decay_cond', 'scale_lr_cond', 'model_chunks', 'config'})
INFO:__main__:SSA Triton: Using fused Triton SSA FlashAttention triton (n=1.50, b=0.80, compiled_bda=True)
INFO:__main__:SSA Triton: force_contiguous_qkv=True
INFO:__main__:SSA Triton: Using fused Triton SSA FlashAttention triton (n=1.50, b=0.80, compiled_bda=True)
INFO:__main__:SSA Triton: force_contiguous_qkv=True
INFO:__main__:Detected checkpoint at step 155999
INFO:__main__:Continuing to absolute trainer.max_steps = 715788 (remaining this run: 559789 steps)
INFO:__main__:Detected checkpoint at step 155999
INFO:__main__:Continuing to absolute trainer.max_steps = 715788 (remaining this run: 559789 steps)
INFO:__main__:SSA Triton: Using fused Triton SSA FlashAttention triton (n=1.50, b=0.80, compiled_bda=True)
INFO:__main__:SSA Triton: force_contiguous_qkv=True
INFO:__main__:Detected checkpoint at step 155999
INFO:__main__:Continuing to absolute trainer.max_steps = 715788 (remaining this run: 559789 steps)
INFO:__main__:SSA Triton: Using fused Triton SSA FlashAttention triton (n=1.50, b=0.80, compiled_bda=True)
INFO:__main__:SSA Triton: force_contiguous_qkv=True
INFO:__main__:Detected checkpoint at step 155999
INFO:__main__:Continuing to absolute trainer.max_steps = 715788 (remaining this run: 559789 steps)
INFO:__main__:Detected vocab_size from tokenizer: 128000
INFO:__main__:Detected vocab_size from tokenizer: 128000
INFO:__main__:LR scheduler max_steps = 715788, warmup_steps = 2000, min_lr = 2.9999999999999997e-05
INFO:__main__:LR scheduler max_steps = 715788, warmup_steps = 2000, min_lr = 2.9999999999999997e-05
INFO:__main__:Skipping Triton warmup (--skip_triton_warmup).
INFO:__main__:Skipping Triton warmup (--skip_triton_warmup).
INFO:__main__:Detected vocab_size from tokenizer: 128000
INFO:__main__:LR scheduler max_steps = 715788, warmup_steps = 2000, min_lr = 2.9999999999999997e-05
INFO:__main__:Skipping Triton warmup (--skip_triton_warmup).
INFO:__main__:Detected vocab_size from tokenizer: 128000
INFO:__main__:LR scheduler max_steps = 715788, warmup_steps = 2000, min_lr = 2.9999999999999997e-05
INFO:__main__:Skipping Triton warmup (--skip_triton_warmup).
INFO:utils:{'data_path': '/work/datasets/AI/tokens_luciole_phase1', 'total_tokens': 3002228277248, 'train': [{'name': 'claire_open_en_text_document', 'weight': 29003.0}, {'name': 'claire_open_fr_text_document', 'weight': 92129.0}, {'name': 'common-corpus_bnl-newspapers-1841-1879_fr_text_document', 'weight': 66237.0}, {'name': 'common-corpus_eurlex_multi_text_document', 'weight': 3601664.0}, {'name': 'common-corpus_gatt-library_multi_text_document', 'weight': 41322.0}, {'name': 'common-corpus_oecd_multi_text_document', 'weight': 121969.0}, {'name': 'common-corpus_tedeutenders_multi_text_document', 'weight': 31276.0}, {'name': 'common-corpus_wto_multi_text_document', 'weight': 577279.0}, {'name': 'common-pile_arxiv-abstracts_en_text_document', 'weight': 140138.0}, {'name': 'common-pile_arxiv-papers_en_text_document', 'weight': 1299034.0}, {'name': 'common-pile_biodiversity-heritage-library_en_text_document', 'weight': 107772.0}, {'name': 'common-pile_caselaw-access-project_en_text_document', 'weight': 929697.0}, {'name': 'common-pile_doab_en_text_document', 'weight': 712786.0}, {'name': 'common-pile_foodista_en_text_document', 'weight': 5603.0}, {'name': 'common-pile_github-archive_en_text_document', 'weight': 2244221.0}, {'name': 'common-pile_library-of-congress_en_text_document', 'weight': 101533.0}, {'name': 'common-pile_libretexts_en_text_document', 'weight': 21049.0}, {'name': 'common-pile_news_en_text_document', 'weight': 14354.0}, {'name': 'common-pile_oercommons_en_text_document', 'weight': 2748.0}, {'name': 'common-pile_peS2o_en_text_document', 'weight': 10166525.0}, {'name': 'common-pile_pre-1929-books_en_text_document', 'weight': 531517.0}, {'name': 'common-pile_pressbooks_en_text_document', 'weight': 31891.0}, {'name': 'common-pile_public-domain-review_en_text_document', 'weight': 382.0}, {'name': 'common-pile_pubmed_en_text_document', 'weight': 1869301.0}, {'name': 'common-pile_python-enhancement-proposals_en_text_document', 'weight': 652.0}, {'name': 'common-pile_regulations_en_text_document', 'weight': 266173.0}, {'name': 'common-pile_stackexchange_en_text_document', 'weight': 4985359.0}, {'name': 'common-pile_ubuntu-irc_en_text_document', 'weight': 482830.0}, {'name': 'common-pile_youtube_en_text_document', 'weight': 204765.0}, {'name': 'croissant-aligned_aligned_text_document', 'weight': 11618464.0}, {'name': 'culturax_fr_text_document_ratio1.30_phase0', 'weight': 57012131.0}, {'name': 'dclm-dolmino_en_text_document_ratio0.75_phase0', 'weight': 93003263.0}, {'name': 'europarl_aligned_text_document', 'weight': 215607.0}, {'name': 'europarl_multi_text_document', 'weight': 99752.0}, {'name': 'eurovoc_filtered_multi_text_document', 'weight': 2150091.0}, {'name': 'fineweb-edu_en_text_document_ratio0.75_phase0', 'weight': 214754282.0}, {'name': 'fineweb2_ar_text_document_ratio0.50_phase0', 'weight': 3350461.0}, {'name': 'fineweb2_ca_text_document_ratio0.05_phase0', 'weight': 92529.0}, {'name': 'fineweb2_de_text_document_ratio0.50_phase0', 'weight': 27173931.0}, {'name': 'fineweb2_es_text_document_ratio0.50_phase0', 'weight': 24393496.0}, {'name': 'fineweb2_fr_text_document_ratio1.30_phase0', 'weight': 50038822.0}, {'name': 'fineweb2_it_text_document_ratio0.50_phase0', 'weight': 13377940.0}, {'name': 'fineweb2_nl_text_document_ratio0.50_phase0', 'weight': 7435763.0}, {'name': 'fineweb2_pt_text_document_ratio0.50_phase0', 'weight': 9800040.0}, {'name': 'fineweb2_regional_text_document', 'weight': 2132152.0}, {'name': 'gallica_monographies_fr_text_document', 'weight': 5842786.0}, {'name': 'gallica_press_fr_text_document', 'weight': 22850320.0}, {'name': 'gutenberg_de_text_document', 'weight': 42330.0}, {'name': 'gutenberg_en_text_document', 'weight': 1187655.0}, {'name': 'gutenberg_es_text_document', 'weight': 21778.0}, {'name': 'gutenberg_fr_text_document', 'weight': 91991.0}, {'name': 'gutenberg_it_text_document', 'weight': 29909.0}, {'name': 'gutenberg_nl_text_document', 'weight': 24430.0}, {'name': 'gutenberg_pt_text_document', 'weight': 9241.0}, {'name': 'hal-cea_full-filtered_fr_text_document', 'weight': 7828031.0}, {'name': 'hplt2_fr_text_document_ratio1.30_phase0', 'weight': 70401931.0}, {'name': 'insee_fr_text_document', 'weight': 55377.0}, {'name': 'math-pile_math_text_document', 'weight': 2345197.0}, {'name': 'opendata_fr_text_document', 'weight': 2749409.0}, {'name': 'parlement_fr_text_document', 'weight': 282826.0}, {'name': 'starcoder-data_code_text_document', 'weight': 62922795.0}, {'name': 'theses_fr_text_document', 'weight': 3239718.0}, {'name': 'wikimedia-vikidia_ar_text_document', 'weight': 265451.0}, {'name': 'wikimedia-vikidia_ca_text_document_ratio0.20_phase0', 'weight': 58530.0}, {'name': 'wikimedia-vikidia_de_text_document', 'weight': 1098595.0}, {'name': 'wikimedia-vikidia_en_text_document', 'weight': 2882825.0}, {'name': 'wikimedia-vikidia_es_text_document', 'weight': 631843.0}, {'name': 'wikimedia-vikidia_fr_text_document', 'weight': 1276052.0}, {'name': 'wikimedia-vikidia_it_text_document', 'weight': 654077.0}, {'name': 'wikimedia-vikidia_pt_text_document', 'weight': 304392.0}, {'name': 'wikimedia-vikidia_regional_text_document', 'weight': 119234.0}, {'name': 'wikimedia_nl_text_document', 'weight': 345319.0}, {'name': 'youtube_fr_text_document', 'weight': 76194.0}]}
INFO:utils:{'data_path': '/work/datasets/AI/tokens_luciole_phase1', 'total_tokens': 3002228277248, 'train': [{'name': 'claire_open_en_text_document', 'weight': 29003.0}, {'name': 'claire_open_fr_text_document', 'weight': 92129.0}, {'name': 'common-corpus_bnl-newspapers-1841-1879_fr_text_document', 'weight': 66237.0}, {'name': 'common-corpus_eurlex_multi_text_document', 'weight': 3601664.0}, {'name': 'common-corpus_gatt-library_multi_text_document', 'weight': 41322.0}, {'name': 'common-corpus_oecd_multi_text_document', 'weight': 121969.0}, {'name': 'common-corpus_tedeutenders_multi_text_document', 'weight': 31276.0}, {'name': 'common-corpus_wto_multi_text_document', 'weight': 577279.0}, {'name': 'common-pile_arxiv-abstracts_en_text_document', 'weight': 140138.0}, {'name': 'common-pile_arxiv-papers_en_text_document', 'weight': 1299034.0}, {'name': 'common-pile_biodiversity-heritage-library_en_text_document', 'weight': 107772.0}, {'name': 'common-pile_caselaw-access-project_en_text_document', 'weight': 929697.0}, {'name': 'common-pile_doab_en_text_document', 'weight': 712786.0}, {'name': 'common-pile_foodista_en_text_document', 'weight': 5603.0}, {'name': 'common-pile_github-archive_en_text_document', 'weight': 2244221.0}, {'name': 'common-pile_library-of-congress_en_text_document', 'weight': 101533.0}, {'name': 'common-pile_libretexts_en_text_document', 'weight': 21049.0}, {'name': 'common-pile_news_en_text_document', 'weight': 14354.0}, {'name': 'common-pile_oercommons_en_text_document', 'weight': 2748.0}, {'name': 'common-pile_peS2o_en_text_document', 'weight': 10166525.0}, {'name': 'common-pile_pre-1929-books_en_text_document', 'weight': 531517.0}, {'name': 'common-pile_pressbooks_en_text_document', 'weight': 31891.0}, {'name': 'common-pile_public-domain-review_en_text_document', 'weight': 382.0}, {'name': 'common-pile_pubmed_en_text_document', 'weight': 1869301.0}, {'name': 'common-pile_python-enhancement-proposals_en_text_document', 'weight': 652.0}, {'name': 'common-pile_regulations_en_text_document', 'weight': 266173.0}, {'name': 'common-pile_stackexchange_en_text_document', 'weight': 4985359.0}, {'name': 'common-pile_ubuntu-irc_en_text_document', 'weight': 482830.0}, {'name': 'common-pile_youtube_en_text_document', 'weight': 204765.0}, {'name': 'croissant-aligned_aligned_text_document', 'weight': 11618464.0}, {'name': 'culturax_fr_text_document_ratio1.30_phase0', 'weight': 57012131.0}, {'name': 'dclm-dolmino_en_text_document_ratio0.75_phase0', 'weight': 93003263.0}, {'name': 'europarl_aligned_text_document', 'weight': 215607.0}, {'name': 'europarl_multi_text_document', 'weight': 99752.0}, {'name': 'eurovoc_filtered_multi_text_document', 'weight': 2150091.0}, {'name': 'fineweb-edu_en_text_document_ratio0.75_phase0', 'weight': 214754282.0}, {'name': 'fineweb2_ar_text_document_ratio0.50_phase0', 'weight': 3350461.0}, {'name': 'fineweb2_ca_text_document_ratio0.05_phase0', 'weight': 92529.0}, {'name': 'fineweb2_de_text_document_ratio0.50_phase0', 'weight': 27173931.0}, {'name': 'fineweb2_es_text_document_ratio0.50_phase0', 'weight': 24393496.0}, {'name': 'fineweb2_fr_text_document_ratio1.30_phase0', 'weight': 50038822.0}, {'name': 'fineweb2_it_text_document_ratio0.50_phase0', 'weight': 13377940.0}, {'name': 'fineweb2_nl_text_document_ratio0.50_phase0', 'weight': 7435763.0}, {'name': 'fineweb2_pt_text_document_ratio0.50_phase0', 'weight': 9800040.0}, {'name': 'fineweb2_regional_text_document', 'weight': 2132152.0}, {'name': 'gallica_monographies_fr_text_document', 'weight': 5842786.0}, {'name': 'gallica_press_fr_text_document', 'weight': 22850320.0}, {'name': 'gutenberg_de_text_document', 'weight': 42330.0}, {'name': 'gutenberg_en_text_document', 'weight': 1187655.0}, {'name': 'gutenberg_es_text_document', 'weight': 21778.0}, {'name': 'gutenberg_fr_text_document', 'weight': 91991.0}, {'name': 'gutenberg_it_text_document', 'weight': 29909.0}, {'name': 'gutenberg_nl_text_document', 'weight': 24430.0}, {'name': 'gutenberg_pt_text_document', 'weight': 9241.0}, {'name': 'hal-cea_full-filtered_fr_text_document', 'weight': 7828031.0}, {'name': 'hplt2_fr_text_document_ratio1.30_phase0', 'weight': 70401931.0}, {'name': 'insee_fr_text_document', 'weight': 55377.0}, {'name': 'math-pile_math_text_document', 'weight': 2345197.0}, {'name': 'opendata_fr_text_document', 'weight': 2749409.0}, {'name': 'parlement_fr_text_document', 'weight': 282826.0}, {'name': 'starcoder-data_code_text_document', 'weight': 62922795.0}, {'name': 'theses_fr_text_document', 'weight': 3239718.0}, {'name': 'wikimedia-vikidia_ar_text_document', 'weight': 265451.0}, {'name': 'wikimedia-vikidia_ca_text_document_ratio0.20_phase0', 'weight': 58530.0}, {'name': 'wikimedia-vikidia_de_text_document', 'weight': 1098595.0}, {'name': 'wikimedia-vikidia_en_text_document', 'weight': 2882825.0}, {'name': 'wikimedia-vikidia_es_text_document', 'weight': 631843.0}, {'name': 'wikimedia-vikidia_fr_text_document', 'weight': 1276052.0}, {'name': 'wikimedia-vikidia_it_text_document', 'weight': 654077.0}, {'name': 'wikimedia-vikidia_pt_text_document', 'weight': 304392.0}, {'name': 'wikimedia-vikidia_regional_text_document', 'weight': 119234.0}, {'name': 'wikimedia_nl_text_document', 'weight': 345319.0}, {'name': 'youtube_fr_text_document', 'weight': 76194.0}]}
INFO:utils:{'data_path': '/work/datasets/AI/tokens_luciole_phase1', 'total_tokens': 3002228277248, 'train': [{'name': 'claire_open_en_text_document', 'weight': 29003.0}, {'name': 'claire_open_fr_text_document', 'weight': 92129.0}, {'name': 'common-corpus_bnl-newspapers-1841-1879_fr_text_document', 'weight': 66237.0}, {'name': 'common-corpus_eurlex_multi_text_document', 'weight': 3601664.0}, {'name': 'common-corpus_gatt-library_multi_text_document', 'weight': 41322.0}, {'name': 'common-corpus_oecd_multi_text_document', 'weight': 121969.0}, {'name': 'common-corpus_tedeutenders_multi_text_document', 'weight': 31276.0}, {'name': 'common-corpus_wto_multi_text_document', 'weight': 577279.0}, {'name': 'common-pile_arxiv-abstracts_en_text_document', 'weight': 140138.0}, {'name': 'common-pile_arxiv-papers_en_text_document', 'weight': 1299034.0}, {'name': 'common-pile_biodiversity-heritage-library_en_text_document', 'weight': 107772.0}, {'name': 'common-pile_caselaw-access-project_en_text_document', 'weight': 929697.0}, {'name': 'common-pile_doab_en_text_document', 'weight': 712786.0}, {'name': 'common-pile_foodista_en_text_document', 'weight': 5603.0}, {'name': 'common-pile_github-archive_en_text_document', 'weight': 2244221.0}, {'name': 'common-pile_library-of-congress_en_text_document', 'weight': 101533.0}, {'name': 'common-pile_libretexts_en_text_document', 'weight': 21049.0}, {'name': 'common-pile_news_en_text_document', 'weight': 14354.0}, {'name': 'common-pile_oercommons_en_text_document', 'weight': 2748.0}, {'name': 'common-pile_peS2o_en_text_document', 'weight': 10166525.0}, {'name': 'common-pile_pre-1929-books_en_text_document', 'weight': 531517.0}, {'name': 'common-pile_pressbooks_en_text_document', 'weight': 31891.0}, {'name': 'common-pile_public-domain-review_en_text_document', 'weight': 382.0}, {'name': 'common-pile_pubmed_en_text_document', 'weight': 1869301.0}, {'name': 'common-pile_python-enhancement-proposals_en_text_document', 'weight': 652.0}, {'name': 'common-pile_regulations_en_text_document', 'weight': 266173.0}, {'name': 'common-pile_stackexchange_en_text_document', 'weight': 4985359.0}, {'name': 'common-pile_ubuntu-irc_en_text_document', 'weight': 482830.0}, {'name': 'common-pile_youtube_en_text_document', 'weight': 204765.0}, {'name': 'croissant-aligned_aligned_text_document', 'weight': 11618464.0}, {'name': 'culturax_fr_text_document_ratio1.30_phase0', 'weight': 57012131.0}, {'name': 'dclm-dolmino_en_text_document_ratio0.75_phase0', 'weight': 93003263.0}, {'name': 'europarl_aligned_text_document', 'weight': 215607.0}, {'name': 'europarl_multi_text_document', 'weight': 99752.0}, {'name': 'eurovoc_filtered_multi_text_document', 'weight': 2150091.0}, {'name': 'fineweb-edu_en_text_document_ratio0.75_phase0', 'weight': 214754282.0}, {'name': 'fineweb2_ar_text_document_ratio0.50_phase0', 'weight': 3350461.0}, {'name': 'fineweb2_ca_text_document_ratio0.05_phase0', 'weight': 92529.0}, {'name': 'fineweb2_de_text_document_ratio0.50_phase0', 'weight': 27173931.0}, {'name': 'fineweb2_es_text_document_ratio0.50_phase0', 'weight': 24393496.0}, {'name': 'fineweb2_fr_text_document_ratio1.30_phase0', 'weight': 50038822.0}, {'name': 'fineweb2_it_text_document_ratio0.50_phase0', 'weight': 13377940.0}, {'name': 'fineweb2_nl_text_document_ratio0.50_phase0', 'weight': 7435763.0}, {'name': 'fineweb2_pt_text_document_ratio0.50_phase0', 'weight': 9800040.0}, {'name': 'fineweb2_regional_text_document', 'weight': 2132152.0}, {'name': 'gallica_monographies_fr_text_document', 'weight': 5842786.0}, {'name': 'gallica_press_fr_text_document', 'weight': 22850320.0}, {'name': 'gutenberg_de_text_document', 'weight': 42330.0}, {'name': 'gutenberg_en_text_document', 'weight': 1187655.0}, {'name': 'gutenberg_es_text_document', 'weight': 21778.0}, {'name': 'gutenberg_fr_text_document', 'weight': 91991.0}, {'name': 'gutenberg_it_text_document', 'weight': 29909.0}, {'name': 'gutenberg_nl_text_document', 'weight': 24430.0}, {'name': 'gutenberg_pt_text_document', 'weight': 9241.0}, {'name': 'hal-cea_full-filtered_fr_text_document', 'weight': 7828031.0}, {'name': 'hplt2_fr_text_document_ratio1.30_phase0', 'weight': 70401931.0}, {'name': 'insee_fr_text_document', 'weight': 55377.0}, {'name': 'math-pile_math_text_document', 'weight': 2345197.0}, {'name': 'opendata_fr_text_document', 'weight': 2749409.0}, {'name': 'parlement_fr_text_document', 'weight': 282826.0}, {'name': 'starcoder-data_code_text_document', 'weight': 62922795.0}, {'name': 'theses_fr_text_document', 'weight': 3239718.0}, {'name': 'wikimedia-vikidia_ar_text_document', 'weight': 265451.0}, {'name': 'wikimedia-vikidia_ca_text_document_ratio0.20_phase0', 'weight': 58530.0}, {'name': 'wikimedia-vikidia_de_text_document', 'weight': 1098595.0}, {'name': 'wikimedia-vikidia_en_text_document', 'weight': 2882825.0}, {'name': 'wikimedia-vikidia_es_text_document', 'weight': 631843.0}, {'name': 'wikimedia-vikidia_fr_text_document', 'weight': 1276052.0}, {'name': 'wikimedia-vikidia_it_text_document', 'weight': 654077.0}, {'name': 'wikimedia-vikidia_pt_text_document', 'weight': 304392.0}, {'name': 'wikimedia-vikidia_regional_text_document', 'weight': 119234.0}, {'name': 'wikimedia_nl_text_document', 'weight': 345319.0}, {'name': 'youtube_fr_text_document', 'weight': 76194.0}]}
INFO:utils:{'data_path': '/work/datasets/AI/tokens_luciole_phase1', 'total_tokens': 3002228277248, 'train': [{'name': 'claire_open_en_text_document', 'weight': 29003.0}, {'name': 'claire_open_fr_text_document', 'weight': 92129.0}, {'name': 'common-corpus_bnl-newspapers-1841-1879_fr_text_document', 'weight': 66237.0}, {'name': 'common-corpus_eurlex_multi_text_document', 'weight': 3601664.0}, {'name': 'common-corpus_gatt-library_multi_text_document', 'weight': 41322.0}, {'name': 'common-corpus_oecd_multi_text_document', 'weight': 121969.0}, {'name': 'common-corpus_tedeutenders_multi_text_document', 'weight': 31276.0}, {'name': 'common-corpus_wto_multi_text_document', 'weight': 577279.0}, {'name': 'common-pile_arxiv-abstracts_en_text_document', 'weight': 140138.0}, {'name': 'common-pile_arxiv-papers_en_text_document', 'weight': 1299034.0}, {'name': 'common-pile_biodiversity-heritage-library_en_text_document', 'weight': 107772.0}, {'name': 'common-pile_caselaw-access-project_en_text_document', 'weight': 929697.0}, {'name': 'common-pile_doab_en_text_document', 'weight': 712786.0}, {'name': 'common-pile_foodista_en_text_document', 'weight': 5603.0}, {'name': 'common-pile_github-archive_en_text_document', 'weight': 2244221.0}, {'name': 'common-pile_library-of-congress_en_text_document', 'weight': 101533.0}, {'name': 'common-pile_libretexts_en_text_document', 'weight': 21049.0}, {'name': 'common-pile_news_en_text_document', 'weight': 14354.0}, {'name': 'common-pile_oercommons_en_text_document', 'weight': 2748.0}, {'name': 'common-pile_peS2o_en_text_document', 'weight': 10166525.0}, {'name': 'common-pile_pre-1929-books_en_text_document', 'weight': 531517.0}, {'name': 'common-pile_pressbooks_en_text_document', 'weight': 31891.0}, {'name': 'common-pile_public-domain-review_en_text_document', 'weight': 382.0}, {'name': 'common-pile_pubmed_en_text_document', 'weight': 1869301.0}, {'name': 'common-pile_python-enhancement-proposals_en_text_document', 'weight': 652.0}, {'name': 'common-pile_regulations_en_text_document', 'weight': 266173.0}, {'name': 'common-pile_stackexchange_en_text_document', 'weight': 4985359.0}, {'name': 'common-pile_ubuntu-irc_en_text_document', 'weight': 482830.0}, {'name': 'common-pile_youtube_en_text_document', 'weight': 204765.0}, {'name': 'croissant-aligned_aligned_text_document', 'weight': 11618464.0}, {'name': 'culturax_fr_text_document_ratio1.30_phase0', 'weight': 57012131.0}, {'name': 'dclm-dolmino_en_text_document_ratio0.75_phase0', 'weight': 93003263.0}, {'name': 'europarl_aligned_text_document', 'weight': 215607.0}, {'name': 'europarl_multi_text_document', 'weight': 99752.0}, {'name': 'eurovoc_filtered_multi_text_document', 'weight': 2150091.0}, {'name': 'fineweb-edu_en_text_document_ratio0.75_phase0', 'weight': 214754282.0}, {'name': 'fineweb2_ar_text_document_ratio0.50_phase0', 'weight': 3350461.0}, {'name': 'fineweb2_ca_text_document_ratio0.05_phase0', 'weight': 92529.0}, {'name': 'fineweb2_de_text_document_ratio0.50_phase0', 'weight': 27173931.0}, {'name': 'fineweb2_es_text_document_ratio0.50_phase0', 'weight': 24393496.0}, {'name': 'fineweb2_fr_text_document_ratio1.30_phase0', 'weight': 50038822.0}, {'name': 'fineweb2_it_text_document_ratio0.50_phase0', 'weight': 13377940.0}, {'name': 'fineweb2_nl_text_document_ratio0.50_phase0', 'weight': 7435763.0}, {'name': 'fineweb2_pt_text_document_ratio0.50_phase0', 'weight': 9800040.0}, {'name': 'fineweb2_regional_text_document', 'weight': 2132152.0}, {'name': 'gallica_monographies_fr_text_document', 'weight': 5842786.0}, {'name': 'gallica_press_fr_text_document', 'weight': 22850320.0}, {'name': 'gutenberg_de_text_document', 'weight': 42330.0}, {'name': 'gutenberg_en_text_document', 'weight': 1187655.0}, {'name': 'gutenberg_es_text_document', 'weight': 21778.0}, {'name': 'gutenberg_fr_text_document', 'weight': 91991.0}, {'name': 'gutenberg_it_text_document', 'weight': 29909.0}, {'name': 'gutenberg_nl_text_document', 'weight': 24430.0}, {'name': 'gutenberg_pt_text_document', 'weight': 9241.0}, {'name': 'hal-cea_full-filtered_fr_text_document', 'weight': 7828031.0}, {'name': 'hplt2_fr_text_document_ratio1.30_phase0', 'weight': 70401931.0}, {'name': 'insee_fr_text_document', 'weight': 55377.0}, {'name': 'math-pile_math_text_document', 'weight': 2345197.0}, {'name': 'opendata_fr_text_document', 'weight': 2749409.0}, {'name': 'parlement_fr_text_document', 'weight': 282826.0}, {'name': 'starcoder-data_code_text_document', 'weight': 62922795.0}, {'name': 'theses_fr_text_document', 'weight': 3239718.0}, {'name': 'wikimedia-vikidia_ar_text_document', 'weight': 265451.0}, {'name': 'wikimedia-vikidia_ca_text_document_ratio0.20_phase0', 'weight': 58530.0}, {'name': 'wikimedia-vikidia_de_text_document', 'weight': 1098595.0}, {'name': 'wikimedia-vikidia_en_text_document', 'weight': 2882825.0}, {'name': 'wikimedia-vikidia_es_text_document', 'weight': 631843.0}, {'name': 'wikimedia-vikidia_fr_text_document', 'weight': 1276052.0}, {'name': 'wikimedia-vikidia_it_text_document', 'weight': 654077.0}, {'name': 'wikimedia-vikidia_pt_text_document', 'weight': 304392.0}, {'name': 'wikimedia-vikidia_regional_text_document', 'weight': 119234.0}, {'name': 'wikimedia_nl_text_document', 'weight': 345319.0}, {'name': 'youtube_fr_text_document', 'weight': 76194.0}]}
INFO:__main__:Using CLI tokenizer override: /work/p26037/barman/tokenizer_128k-arab-regional_v2
INFO:__main__:Using CLI tokenizer override: /work/p26037/barman/tokenizer_128k-arab-regional_v2
INFO:__main__:Using CLI tokenizer override: /work/p26037/barman/tokenizer_128k-arab-regional_v2
INFO:__main__:Using CLI tokenizer override: /work/p26037/barman/tokenizer_128k-arab-regional_v2
INFO:__main__:Global batch size: 1024
INFO:__main__:Sequence length: 4096
INFO:__main__:Tokens per batch: 4194304
INFO:__main__:Total tokens in datamix: 3002228277248
INFO:__main__:Global training/LR horizon (from --max_steps): 715788
INFO:__main__:Global batch size: 1024
INFO:__main__:Global batch size: 1024
INFO:__main__:Sequence length: 4096
INFO:__main__:Sequence length: 4096
INFO:__main__:Tokens per batch: 4194304
INFO:__main__:Tokens per batch: 4194304
INFO:__main__:Total tokens in datamix: 3002228277248
INFO:__main__:Total tokens in datamix: 3002228277248
INFO:__main__:Global training/LR horizon (from --max_steps): 715788
INFO:__main__:Global training/LR horizon (from --max_steps): 715788
INFO:__main__:Global batch size: 1024
INFO:__main__:Sequence length: 4096
INFO:__main__:Tokens per batch: 4194304
INFO:__main__:Total tokens in datamix: 3002228277248
INFO:__main__:Global training/LR horizon (from --max_steps): 715788
INFO:__main__:Patched megatron.core.optimizer (accepted params: {'config', 'scale_lr_cond', 'no_weight_decay_cond', 'model_chunks', 'use_gloo_process_groups', 'lr_mult'})
INFO:__main__:Patched megatron.core.optimizer (accepted params: {'config', 'scale_lr_cond', 'lr_mult', 'no_weight_decay_cond', 'model_chunks', 'use_gloo_process_groups'})
INFO:__main__:Patched megatron.core.optimizer (accepted params: {'config', 'no_weight_decay_cond', 'model_chunks', 'scale_lr_cond', 'use_gloo_process_groups', 'lr_mult'})
[NeMo I 2026-04-10 09:32:08 nemo_logging:393] Getting HuggingFace AutoTokenizer with pretrained_model_name: /work/p26037/barman/tokenizer_128k-arab-regional_v2, vocab_file: None, merges_files: None, special_tokens_dict: {}, and use_fast: True
INFO:__main__:Patched megatron.core.optimizer (accepted params: {'model_chunks', 'scale_lr_cond', 'lr_mult', 'use_gloo_process_groups', 'config', 'no_weight_decay_cond'})
INFO:__main__:SSA Triton: Using fused Triton SSA FlashAttention triton (n=1.50, b=0.80, compiled_bda=True)
INFO:__main__:SSA Triton: force_contiguous_qkv=True
INFO:__main__:Detected checkpoint at step 155999
INFO:__main__:Continuing to absolute trainer.max_steps = 715788 (remaining this run: 559789 steps)
INFO:__main__:SSA Triton: Using fused Triton SSA FlashAttention triton (n=1.50, b=0.80, compiled_bda=True)
INFO:__main__:SSA Triton: force_contiguous_qkv=True
INFO:__main__:Detected checkpoint at step 155999
INFO:__main__:Continuing to absolute trainer.max_steps = 715788 (remaining this run: 559789 steps)
INFO:__main__:SSA Triton: Using fused Triton SSA FlashAttention triton (n=1.50, b=0.80, compiled_bda=True)
INFO:__main__:SSA Triton: Using fused Triton SSA FlashAttention triton (n=1.50, b=0.80, compiled_bda=True)
INFO:__main__:SSA Triton: force_contiguous_qkv=True
INFO:__main__:SSA Triton: force_contiguous_qkv=True
INFO:__main__:Detected checkpoint at step 155999
INFO:__main__:Detected checkpoint at step 155999
INFO:__main__:Continuing to absolute trainer.max_steps = 715788 (remaining this run: 559789 steps)
INFO:__main__:Continuing to absolute trainer.max_steps = 715788 (remaining this run: 559789 steps)
INFO:__main__:Detected vocab_size from tokenizer: 128000
INFO:__main__:Detected vocab_size from tokenizer: 128000
INFO:__main__:LR scheduler max_steps = 715788, warmup_steps = 2000, min_lr = 2.9999999999999997e-05
INFO:__main__:Skipping Triton warmup (--skip_triton_warmup).
INFO:__main__:LR scheduler max_steps = 715788, warmup_steps = 2000, min_lr = 2.9999999999999997e-05
INFO:__main__:Detected vocab_size from tokenizer: 128000
INFO:__main__:Detected vocab_size from tokenizer: 128000
INFO:__main__:LR scheduler max_steps = 715788, warmup_steps = 2000, min_lr = 2.9999999999999997e-05
INFO:__main__:Skipping Triton warmup (--skip_triton_warmup).
INFO:__main__:LR scheduler max_steps = 715788, warmup_steps = 2000, min_lr = 2.9999999999999997e-05
INFO:__main__:Skipping Triton warmup (--skip_triton_warmup).
INFO:utils:Config saved to /tmpdir/barman/bs1024_fullrun/outputs/job_14768/config_nemotron-1B-SSA-Triton-bs1024.json
INFO:__main__:Skipping Triton warmup (--skip_triton_warmup).
INFO:nemo.lightning.pytorch.strategies.megatron_strategy:Initializing distributed: GLOBAL_RANK: 8, MEMBER: 9/16
[W410 09:32:08.008709317 socket.cpp:755] [c10d] The client socket cannot be initialized to connect to [kairosgh1.calmip.cluster]:33055 (errno: 97 - Address family not supported by protocol).
INFO: GPU available: True (cuda), used: True
INFO:lightning.pytorch.utilities.rank_zero:GPU available: True (cuda), used: True
INFO: TPU available: False, using: 0 TPU cores
INFO:lightning.pytorch.utilities.rank_zero:TPU available: False, using: 0 TPU cores
INFO: HPU available: False, using: 0 HPUs
INFO:lightning.pytorch.utilities.rank_zero:HPU available: False, using: 0 HPUs
[NeMo W 2026-04-10 09:32:09 nemo_logging:405] No version folders would be created under the log folder as 'resume_if_exists' is enabled.
[NeMo I 2026-04-10 09:32:09 nemo_logging:393] Experiments will be logged at /tmpdir/barman/bs1024_fullrun/outputs/nemotron-1B-SSA-Triton-bs1024
[NeMo W 2026-04-10 09:32:09 nemo_logging:405] "update_logger_directory" is True. Overwriting tensorboard logger "save_dir" to /tmpdir/barman/bs1024_fullrun/outputs/tb_logs
[NeMo W 2026-04-10 09:32:09 nemo_logging:405] The Trainer already contains a ModelCheckpoint callback. This will be overwritten.
[NeMo I 2026-04-10 09:32:09 nemo_logging:393] Fixing mis-match between ddp-config & mcore-optimizer config
[NeMo I 2026-04-10 09:32:09 nemo_logging:393] Rank 0 has data parallel group : [0, 1, 2, 3, 4, 5, 6, 7, 8, 9, 10, 11, 12, 13, 14, 15]
[NeMo I 2026-04-10 09:32:09 nemo_logging:393] Rank 0 has combined group of data parallel and context parallel : [0, 1, 2, 3, 4, 5, 6, 7, 8, 9, 10, 11, 12, 13, 14, 15]
[NeMo I 2026-04-10 09:32:09 nemo_logging:393] All data parallel group ranks with context parallel combined: [[0, 1, 2, 3, 4, 5, 6, 7, 8, 9, 10, 11, 12, 13, 14, 15]]
[NeMo I 2026-04-10 09:32:09 nemo_logging:393] Ranks 0 has data parallel rank: 0
[NeMo I 2026-04-10 09:32:09 nemo_logging:393] Rank 0 has context parallel group: [0]
[NeMo I 2026-04-10 09:32:09 nemo_logging:393] All context parallel group ranks: [[0], [1], [2], [3], [4], [5], [6], [7], [8], [9], [10], [11], [12], [13], [14], [15]]
[NeMo I 2026-04-10 09:32:09 nemo_logging:393] Ranks 0 has context parallel rank: 0
[NeMo I 2026-04-10 09:32:09 nemo_logging:393] Rank 0 has model parallel group: [0]
[NeMo I 2026-04-10 09:32:09 nemo_logging:393] All model parallel group ranks: [[0], [1], [2], [3], [4], [5], [6], [7], [8], [9], [10], [11], [12], [13], [14], [15]]
[NeMo I 2026-04-10 09:32:09 nemo_logging:393] Rank 0 has tensor model parallel group: [0]
[NeMo I 2026-04-10 09:32:09 nemo_logging:393] All tensor model parallel group ranks: [[0], [1], [2], [3], [4], [5], [6], [7], [8], [9], [10], [11], [12], [13], [14], [15]]
[NeMo I 2026-04-10 09:32:09 nemo_logging:393] Rank 0 has tensor model parallel rank: 0
[NeMo I 2026-04-10 09:32:09 nemo_logging:393] Rank 0 has pipeline model parallel group: [0]
[NeMo I 2026-04-10 09:32:09 nemo_logging:393] Rank 0 has embedding group: [0]
[NeMo I 2026-04-10 09:32:09 nemo_logging:393] All pipeline model parallel group ranks: [[0], [1], [2], [3], [4], [5], [6], [7], [8], [9], [10], [11], [12], [13], [14], [15]]
[NeMo I 2026-04-10 09:32:09 nemo_logging:393] Rank 0 has pipeline model parallel rank 0
[NeMo I 2026-04-10 09:32:09 nemo_logging:393] All embedding group ranks: [[0], [1], [2], [3], [4], [5], [6], [7], [8], [9], [10], [11], [12], [13], [14], [15]]
[NeMo I 2026-04-10 09:32:09 nemo_logging:393] Rank 0 has embedding rank: 0
INFO:nemo.lightning.pytorch.strategies.megatron_strategy:Initializing distributed: GLOBAL_RANK: 0, MEMBER: 1/16
[W410 09:32:09.456254082 socket.cpp:755] [c10d] The client socket cannot be initialized to connect to [kairosgh1.calmip.cluster]:33055 (errno: 97 - Address family not supported by protocol).
INFO: ----------------------------------------------------------------------------------------------------
distributed_backend=nccl
All distributed processes registered. Starting with 16 processes
----------------------------------------------------------------------------------------------------

INFO:lightning.pytorch.utilities.rank_zero:----------------------------------------------------------------------------------------------------
distributed_backend=nccl
All distributed processes registered. Starting with 16 processes
----------------------------------------------------------------------------------------------------

INFO:nemo.lightning.pytorch.strategies.megatron_strategy:Initializing distributed: GLOBAL_RANK: 11, MEMBER: 12/16
INFO:nemo.lightning.pytorch.strategies.megatron_strategy:Initializing distributed: GLOBAL_RANK: 9, MEMBER: 10/16
INFO:nemo.lightning.pytorch.strategies.megatron_strategy:Initializing distributed: GLOBAL_RANK: 10, MEMBER: 11/16
[W410 09:32:09.529379546 socket.cpp:755] [c10d] The client socket cannot be initialized to connect to [kairosgh1.calmip.cluster]:33055 (errno: 97 - Address family not supported by protocol).
[W410 09:32:09.529659796 socket.cpp:755] [c10d] The client socket cannot be initialized to connect to [kairosgh1.calmip.cluster]:33055 (errno: 97 - Address family not supported by protocol).
[W410 09:32:09.529687635 socket.cpp:755] [c10d] The client socket cannot be initialized to connect to [kairosgh1.calmip.cluster]:33055 (errno: 97 - Address family not supported by protocol).
INFO:utils:{'data_path': '/work/datasets/AI/tokens_luciole_phase1', 'total_tokens': 3002228277248, 'train': [{'name': 'claire_open_en_text_document', 'weight': 29003.0}, {'name': 'claire_open_fr_text_document', 'weight': 92129.0}, {'name': 'common-corpus_bnl-newspapers-1841-1879_fr_text_document', 'weight': 66237.0}, {'name': 'common-corpus_eurlex_multi_text_document', 'weight': 3601664.0}, {'name': 'common-corpus_gatt-library_multi_text_document', 'weight': 41322.0}, {'name': 'common-corpus_oecd_multi_text_document', 'weight': 121969.0}, {'name': 'common-corpus_tedeutenders_multi_text_document', 'weight': 31276.0}, {'name': 'common-corpus_wto_multi_text_document', 'weight': 577279.0}, {'name': 'common-pile_arxiv-abstracts_en_text_document', 'weight': 140138.0}, {'name': 'common-pile_arxiv-papers_en_text_document', 'weight': 1299034.0}, {'name': 'common-pile_biodiversity-heritage-library_en_text_document', 'weight': 107772.0}, {'name': 'common-pile_caselaw-access-project_en_text_document', 'weight': 929697.0}, {'name': 'common-pile_doab_en_text_document', 'weight': 712786.0}, {'name': 'common-pile_foodista_en_text_document', 'weight': 5603.0}, {'name': 'common-pile_github-archive_en_text_document', 'weight': 2244221.0}, {'name': 'common-pile_library-of-congress_en_text_document', 'weight': 101533.0}, {'name': 'common-pile_libretexts_en_text_document', 'weight': 21049.0}, {'name': 'common-pile_news_en_text_document', 'weight': 14354.0}, {'name': 'common-pile_oercommons_en_text_document', 'weight': 2748.0}, {'name': 'common-pile_peS2o_en_text_document', 'weight': 10166525.0}, {'name': 'common-pile_pre-1929-books_en_text_document', 'weight': 531517.0}, {'name': 'common-pile_pressbooks_en_text_document', 'weight': 31891.0}, {'name': 'common-pile_public-domain-review_en_text_document', 'weight': 382.0}, {'name': 'common-pile_pubmed_en_text_document', 'weight': 1869301.0}, {'name': 'common-pile_python-enhancement-proposals_en_text_document', 'weight': 652.0}, {'name': 'common-pile_regulations_en_text_document', 'weight': 266173.0}, {'name': 'common-pile_stackexchange_en_text_document', 'weight': 4985359.0}, {'name': 'common-pile_ubuntu-irc_en_text_document', 'weight': 482830.0}, {'name': 'common-pile_youtube_en_text_document', 'weight': 204765.0}, {'name': 'croissant-aligned_aligned_text_document', 'weight': 11618464.0}, {'name': 'culturax_fr_text_document_ratio1.30_phase0', 'weight': 57012131.0}, {'name': 'dclm-dolmino_en_text_document_ratio0.75_phase0', 'weight': 93003263.0}, {'name': 'europarl_aligned_text_document', 'weight': 215607.0}, {'name': 'europarl_multi_text_document', 'weight': 99752.0}, {'name': 'eurovoc_filtered_multi_text_document', 'weight': 2150091.0}, {'name': 'fineweb-edu_en_text_document_ratio0.75_phase0', 'weight': 214754282.0}, {'name': 'fineweb2_ar_text_document_ratio0.50_phase0', 'weight': 3350461.0}, {'name': 'fineweb2_ca_text_document_ratio0.05_phase0', 'weight': 92529.0}, {'name': 'fineweb2_de_text_document_ratio0.50_phase0', 'weight': 27173931.0}, {'name': 'fineweb2_es_text_document_ratio0.50_phase0', 'weight': 24393496.0}, {'name': 'fineweb2_fr_text_document_ratio1.30_phase0', 'weight': 50038822.0}, {'name': 'fineweb2_it_text_document_ratio0.50_phase0', 'weight': 13377940.0}, {'name': 'fineweb2_nl_text_document_ratio0.50_phase0', 'weight': 7435763.0}, {'name': 'fineweb2_pt_text_document_ratio0.50_phase0', 'weight': 9800040.0}, {'name': 'fineweb2_regional_text_document', 'weight': 2132152.0}, {'name': 'gallica_monographies_fr_text_document', 'weight': 5842786.0}, {'name': 'gallica_press_fr_text_document', 'weight': 22850320.0}, {'name': 'gutenberg_de_text_document', 'weight': 42330.0}, {'name': 'gutenberg_en_text_document', 'weight': 1187655.0}, {'name': 'gutenberg_es_text_document', 'weight': 21778.0}, {'name': 'gutenberg_fr_text_document', 'weight': 91991.0}, {'name': 'gutenberg_it_text_document', 'weight': 29909.0}, {'name': 'gutenberg_nl_text_document', 'weight': 24430.0}, {'name': 'gutenberg_pt_text_document', 'weight': 9241.0}, {'name': 'hal-cea_full-filtered_fr_text_document', 'weight': 7828031.0}, {'name': 'hplt2_fr_text_document_ratio1.30_phase0', 'weight': 70401931.0}, {'name': 'insee_fr_text_document', 'weight': 55377.0}, {'name': 'math-pile_math_text_document', 'weight': 2345197.0}, {'name': 'opendata_fr_text_document', 'weight': 2749409.0}, {'name': 'parlement_fr_text_document', 'weight': 282826.0}, {'name': 'starcoder-data_code_text_document', 'weight': 62922795.0}, {'name': 'theses_fr_text_document', 'weight': 3239718.0}, {'name': 'wikimedia-vikidia_ar_text_document', 'weight': 265451.0}, {'name': 'wikimedia-vikidia_ca_text_document_ratio0.20_phase0', 'weight': 58530.0}, {'name': 'wikimedia-vikidia_de_text_document', 'weight': 1098595.0}, {'name': 'wikimedia-vikidia_en_text_document', 'weight': 2882825.0}, {'name': 'wikimedia-vikidia_es_text_document', 'weight': 631843.0}, {'name': 'wikimedia-vikidia_fr_text_document', 'weight': 1276052.0}, {'name': 'wikimedia-vikidia_it_text_document', 'weight': 654077.0}, {'name': 'wikimedia-vikidia_pt_text_document', 'weight': 304392.0}, {'name': 'wikimedia-vikidia_regional_text_document', 'weight': 119234.0}, {'name': 'wikimedia_nl_text_document', 'weight': 345319.0}, {'name': 'youtube_fr_text_document', 'weight': 76194.0}]}
INFO:utils:{'data_path': '/work/datasets/AI/tokens_luciole_phase1', 'total_tokens': 3002228277248, 'train': [{'name': 'claire_open_en_text_document', 'weight': 29003.0}, {'name': 'claire_open_fr_text_document', 'weight': 92129.0}, {'name': 'common-corpus_bnl-newspapers-1841-1879_fr_text_document', 'weight': 66237.0}, {'name': 'common-corpus_eurlex_multi_text_document', 'weight': 3601664.0}, {'name': 'common-corpus_gatt-library_multi_text_document', 'weight': 41322.0}, {'name': 'common-corpus_oecd_multi_text_document', 'weight': 121969.0}, {'name': 'common-corpus_tedeutenders_multi_text_document', 'weight': 31276.0}, {'name': 'common-corpus_wto_multi_text_document', 'weight': 577279.0}, {'name': 'common-pile_arxiv-abstracts_en_text_document', 'weight': 140138.0}, {'name': 'common-pile_arxiv-papers_en_text_document', 'weight': 1299034.0}, {'name': 'common-pile_biodiversity-heritage-library_en_text_document', 'weight': 107772.0}, {'name': 'common-pile_caselaw-access-project_en_text_document', 'weight': 929697.0}, {'name': 'common-pile_doab_en_text_document', 'weight': 712786.0}, {'name': 'common-pile_foodista_en_text_document', 'weight': 5603.0}, {'name': 'common-pile_github-archive_en_text_document', 'weight': 2244221.0}, {'name': 'common-pile_library-of-congress_en_text_document', 'weight': 101533.0}, {'name': 'common-pile_libretexts_en_text_document', 'weight': 21049.0}, {'name': 'common-pile_news_en_text_document', 'weight': 14354.0}, {'name': 'common-pile_oercommons_en_text_document', 'weight': 2748.0}, {'name': 'common-pile_peS2o_en_text_document', 'weight': 10166525.0}, {'name': 'common-pile_pre-1929-books_en_text_document', 'weight': 531517.0}, {'name': 'common-pile_pressbooks_en_text_document', 'weight': 31891.0}, {'name': 'common-pile_public-domain-review_en_text_document', 'weight': 382.0}, {'name': 'common-pile_pubmed_en_text_document', 'weight': 1869301.0}, {'name': 'common-pile_python-enhancement-proposals_en_text_document', 'weight': 652.0}, {'name': 'common-pile_regulations_en_text_document', 'weight': 266173.0}, {'name': 'common-pile_stackexchange_en_text_document', 'weight': 4985359.0}, {'name': 'common-pile_ubuntu-irc_en_text_document', 'weight': 482830.0}, {'name': 'common-pile_youtube_en_text_document', 'weight': 204765.0}, {'name': 'croissant-aligned_aligned_text_document', 'weight': 11618464.0}, {'name': 'culturax_fr_text_document_ratio1.30_phase0', 'weight': 57012131.0}, {'name': 'dclm-dolmino_en_text_document_ratio0.75_phase0', 'weight': 93003263.0}, {'name': 'europarl_aligned_text_document', 'weight': 215607.0}, {'name': 'europarl_multi_text_document', 'weight': 99752.0}, {'name': 'eurovoc_filtered_multi_text_document', 'weight': 2150091.0}, {'name': 'fineweb-edu_en_text_document_ratio0.75_phase0', 'weight': 214754282.0}, {'name': 'fineweb2_ar_text_document_ratio0.50_phase0', 'weight': 3350461.0}, {'name': 'fineweb2_ca_text_document_ratio0.05_phase0', 'weight': 92529.0}, {'name': 'fineweb2_de_text_document_ratio0.50_phase0', 'weight': 27173931.0}, {'name': 'fineweb2_es_text_document_ratio0.50_phase0', 'weight': 24393496.0}, {'name': 'fineweb2_fr_text_document_ratio1.30_phase0', 'weight': 50038822.0}, {'name': 'fineweb2_it_text_document_ratio0.50_phase0', 'weight': 13377940.0}, {'name': 'fineweb2_nl_text_document_ratio0.50_phase0', 'weight': 7435763.0}, {'name': 'fineweb2_pt_text_document_ratio0.50_phase0', 'weight': 9800040.0}, {'name': 'fineweb2_regional_text_document', 'weight': 2132152.0}, {'name': 'gallica_monographies_fr_text_document', 'weight': 5842786.0}, {'name': 'gallica_press_fr_text_document', 'weight': 22850320.0}, {'name': 'gutenberg_de_text_document', 'weight': 42330.0}, {'name': 'gutenberg_en_text_document', 'weight': 1187655.0}, {'name': 'gutenberg_es_text_document', 'weight': 21778.0}, {'name': 'gutenberg_fr_text_document', 'weight': 91991.0}, {'name': 'gutenberg_it_text_document', 'weight': 29909.0}, {'name': 'gutenberg_nl_text_document', 'weight': 24430.0}, {'name': 'gutenberg_pt_text_document', 'weight': 9241.0}, {'name': 'hal-cea_full-filtered_fr_text_document', 'weight': 7828031.0}, {'name': 'hplt2_fr_text_document_ratio1.30_phase0', 'weight': 70401931.0}, {'name': 'insee_fr_text_document', 'weight': 55377.0}, {'name': 'math-pile_math_text_document', 'weight': 2345197.0}, {'name': 'opendata_fr_text_document', 'weight': 2749409.0}, {'name': 'parlement_fr_text_document', 'weight': 282826.0}, {'name': 'starcoder-data_code_text_document', 'weight': 62922795.0}, {'name': 'theses_fr_text_document', 'weight': 3239718.0}, {'name': 'wikimedia-vikidia_ar_text_document', 'weight': 265451.0}, {'name': 'wikimedia-vikidia_ca_text_document_ratio0.20_phase0', 'weight': 58530.0}, {'name': 'wikimedia-vikidia_de_text_document', 'weight': 1098595.0}, {'name': 'wikimedia-vikidia_en_text_document', 'weight': 2882825.0}, {'name': 'wikimedia-vikidia_es_text_document', 'weight': 631843.0}, {'name': 'wikimedia-vikidia_fr_text_document', 'weight': 1276052.0}, {'name': 'wikimedia-vikidia_it_text_document', 'weight': 654077.0}, {'name': 'wikimedia-vikidia_pt_text_document', 'weight': 304392.0}, {'name': 'wikimedia-vikidia_regional_text_document', 'weight': 119234.0}, {'name': 'wikimedia_nl_text_document', 'weight': 345319.0}, {'name': 'youtube_fr_text_document', 'weight': 76194.0}]}
INFO:utils:{'data_path': '/work/datasets/AI/tokens_luciole_phase1', 'total_tokens': 3002228277248, 'train': [{'name': 'claire_open_en_text_document', 'weight': 29003.0}, {'name': 'claire_open_fr_text_document', 'weight': 92129.0}, {'name': 'common-corpus_bnl-newspapers-1841-1879_fr_text_document', 'weight': 66237.0}, {'name': 'common-corpus_eurlex_multi_text_document', 'weight': 3601664.0}, {'name': 'common-corpus_gatt-library_multi_text_document', 'weight': 41322.0}, {'name': 'common-corpus_oecd_multi_text_document', 'weight': 121969.0}, {'name': 'common-corpus_tedeutenders_multi_text_document', 'weight': 31276.0}, {'name': 'common-corpus_wto_multi_text_document', 'weight': 577279.0}, {'name': 'common-pile_arxiv-abstracts_en_text_document', 'weight': 140138.0}, {'name': 'common-pile_arxiv-papers_en_text_document', 'weight': 1299034.0}, {'name': 'common-pile_biodiversity-heritage-library_en_text_document', 'weight': 107772.0}, {'name': 'common-pile_caselaw-access-project_en_text_document', 'weight': 929697.0}, {'name': 'common-pile_doab_en_text_document', 'weight': 712786.0}, {'name': 'common-pile_foodista_en_text_document', 'weight': 5603.0}, {'name': 'common-pile_github-archive_en_text_document', 'weight': 2244221.0}, {'name': 'common-pile_library-of-congress_en_text_document', 'weight': 101533.0}, {'name': 'common-pile_libretexts_en_text_document', 'weight': 21049.0}, {'name': 'common-pile_news_en_text_document', 'weight': 14354.0}, {'name': 'common-pile_oercommons_en_text_document', 'weight': 2748.0}, {'name': 'common-pile_peS2o_en_text_document', 'weight': 10166525.0}, {'name': 'common-pile_pre-1929-books_en_text_document', 'weight': 531517.0}, {'name': 'common-pile_pressbooks_en_text_document', 'weight': 31891.0}, {'name': 'common-pile_public-domain-review_en_text_document', 'weight': 382.0}, {'name': 'common-pile_pubmed_en_text_document', 'weight': 1869301.0}, {'name': 'common-pile_python-enhancement-proposals_en_text_document', 'weight': 652.0}, {'name': 'common-pile_regulations_en_text_document', 'weight': 266173.0}, {'name': 'common-pile_stackexchange_en_text_document', 'weight': 4985359.0}, {'name': 'common-pile_ubuntu-irc_en_text_document', 'weight': 482830.0}, {'name': 'common-pile_youtube_en_text_document', 'weight': 204765.0}, {'name': 'croissant-aligned_aligned_text_document', 'weight': 11618464.0}, {'name': 'culturax_fr_text_document_ratio1.30_phase0', 'weight': 57012131.0}, {'name': 'dclm-dolmino_en_text_document_ratio0.75_phase0', 'weight': 93003263.0}, {'name': 'europarl_aligned_text_document', 'weight': 215607.0}, {'name': 'europarl_multi_text_document', 'weight': 99752.0}, {'name': 'eurovoc_filtered_multi_text_document', 'weight': 2150091.0}, {'name': 'fineweb-edu_en_text_document_ratio0.75_phase0', 'weight': 214754282.0}, {'name': 'fineweb2_ar_text_document_ratio0.50_phase0', 'weight': 3350461.0}, {'name': 'fineweb2_ca_text_document_ratio0.05_phase0', 'weight': 92529.0}, {'name': 'fineweb2_de_text_document_ratio0.50_phase0', 'weight': 27173931.0}, {'name': 'fineweb2_es_text_document_ratio0.50_phase0', 'weight': 24393496.0}, {'name': 'fineweb2_fr_text_document_ratio1.30_phase0', 'weight': 50038822.0}, {'name': 'fineweb2_it_text_document_ratio0.50_phase0', 'weight': 13377940.0}, {'name': 'fineweb2_nl_text_document_ratio0.50_phase0', 'weight': 7435763.0}, {'name': 'fineweb2_pt_text_document_ratio0.50_phase0', 'weight': 9800040.0}, {'name': 'fineweb2_regional_text_document', 'weight': 2132152.0}, {'name': 'gallica_monographies_fr_text_document', 'weight': 5842786.0}, {'name': 'gallica_press_fr_text_document', 'weight': 22850320.0}, {'name': 'gutenberg_de_text_document', 'weight': 42330.0}, {'name': 'gutenberg_en_text_document', 'weight': 1187655.0}, {'name': 'gutenberg_es_text_document', 'weight': 21778.0}, {'name': 'gutenberg_fr_text_document', 'weight': 91991.0}, {'name': 'gutenberg_it_text_document', 'weight': 29909.0}, {'name': 'gutenberg_nl_text_document', 'weight': 24430.0}, {'name': 'gutenberg_pt_text_document', 'weight': 9241.0}, {'name': 'hal-cea_full-filtered_fr_text_document', 'weight': 7828031.0}, {'name': 'hplt2_fr_text_document_ratio1.30_phase0', 'weight': 70401931.0}, {'name': 'insee_fr_text_document', 'weight': 55377.0}, {'name': 'math-pile_math_text_document', 'weight': 2345197.0}, {'name': 'opendata_fr_text_document', 'weight': 2749409.0}, {'name': 'parlement_fr_text_document', 'weight': 282826.0}, {'name': 'starcoder-data_code_text_document', 'weight': 62922795.0}, {'name': 'theses_fr_text_document', 'weight': 3239718.0}, {'name': 'wikimedia-vikidia_ar_text_document', 'weight': 265451.0}, {'name': 'wikimedia-vikidia_ca_text_document_ratio0.20_phase0', 'weight': 58530.0}, {'name': 'wikimedia-vikidia_de_text_document', 'weight': 1098595.0}, {'name': 'wikimedia-vikidia_en_text_document', 'weight': 2882825.0}, {'name': 'wikimedia-vikidia_es_text_document', 'weight': 631843.0}, {'name': 'wikimedia-vikidia_fr_text_document', 'weight': 1276052.0}, {'name': 'wikimedia-vikidia_it_text_document', 'weight': 654077.0}, {'name': 'wikimedia-vikidia_pt_text_document', 'weight': 304392.0}, {'name': 'wikimedia-vikidia_regional_text_document', 'weight': 119234.0}, {'name': 'wikimedia_nl_text_document', 'weight': 345319.0}, {'name': 'youtube_fr_text_document', 'weight': 76194.0}]}
INFO:utils:{'data_path': '/work/datasets/AI/tokens_luciole_phase1', 'total_tokens': 3002228277248, 'train': [{'name': 'claire_open_en_text_document', 'weight': 29003.0}, {'name': 'claire_open_fr_text_document', 'weight': 92129.0}, {'name': 'common-corpus_bnl-newspapers-1841-1879_fr_text_document', 'weight': 66237.0}, {'name': 'common-corpus_eurlex_multi_text_document', 'weight': 3601664.0}, {'name': 'common-corpus_gatt-library_multi_text_document', 'weight': 41322.0}, {'name': 'common-corpus_oecd_multi_text_document', 'weight': 121969.0}, {'name': 'common-corpus_tedeutenders_multi_text_document', 'weight': 31276.0}, {'name': 'common-corpus_wto_multi_text_document', 'weight': 577279.0}, {'name': 'common-pile_arxiv-abstracts_en_text_document', 'weight': 140138.0}, {'name': 'common-pile_arxiv-papers_en_text_document', 'weight': 1299034.0}, {'name': 'common-pile_biodiversity-heritage-library_en_text_document', 'weight': 107772.0}, {'name': 'common-pile_caselaw-access-project_en_text_document', 'weight': 929697.0}, {'name': 'common-pile_doab_en_text_document', 'weight': 712786.0}, {'name': 'common-pile_foodista_en_text_document', 'weight': 5603.0}, {'name': 'common-pile_github-archive_en_text_document', 'weight': 2244221.0}, {'name': 'common-pile_library-of-congress_en_text_document', 'weight': 101533.0}, {'name': 'common-pile_libretexts_en_text_document', 'weight': 21049.0}, {'name': 'common-pile_news_en_text_document', 'weight': 14354.0}, {'name': 'common-pile_oercommons_en_text_document', 'weight': 2748.0}, {'name': 'common-pile_peS2o_en_text_document', 'weight': 10166525.0}, {'name': 'common-pile_pre-1929-books_en_text_document', 'weight': 531517.0}, {'name': 'common-pile_pressbooks_en_text_document', 'weight': 31891.0}, {'name': 'common-pile_public-domain-review_en_text_document', 'weight': 382.0}, {'name': 'common-pile_pubmed_en_text_document', 'weight': 1869301.0}, {'name': 'common-pile_python-enhancement-proposals_en_text_document', 'weight': 652.0}, {'name': 'common-pile_regulations_en_text_document', 'weight': 266173.0}, {'name': 'common-pile_stackexchange_en_text_document', 'weight': 4985359.0}, {'name': 'common-pile_ubuntu-irc_en_text_document', 'weight': 482830.0}, {'name': 'common-pile_youtube_en_text_document', 'weight': 204765.0}, {'name': 'croissant-aligned_aligned_text_document', 'weight': 11618464.0}, {'name': 'culturax_fr_text_document_ratio1.30_phase0', 'weight': 57012131.0}, {'name': 'dclm-dolmino_en_text_document_ratio0.75_phase0', 'weight': 93003263.0}, {'name': 'europarl_aligned_text_document', 'weight': 215607.0}, {'name': 'europarl_multi_text_document', 'weight': 99752.0}, {'name': 'eurovoc_filtered_multi_text_document', 'weight': 2150091.0}, {'name': 'fineweb-edu_en_text_document_ratio0.75_phase0', 'weight': 214754282.0}, {'name': 'fineweb2_ar_text_document_ratio0.50_phase0', 'weight': 3350461.0}, {'name': 'fineweb2_ca_text_document_ratio0.05_phase0', 'weight': 92529.0}, {'name': 'fineweb2_de_text_document_ratio0.50_phase0', 'weight': 27173931.0}, {'name': 'fineweb2_es_text_document_ratio0.50_phase0', 'weight': 24393496.0}, {'name': 'fineweb2_fr_text_document_ratio1.30_phase0', 'weight': 50038822.0}, {'name': 'fineweb2_it_text_document_ratio0.50_phase0', 'weight': 13377940.0}, {'name': 'fineweb2_nl_text_document_ratio0.50_phase0', 'weight': 7435763.0}, {'name': 'fineweb2_pt_text_document_ratio0.50_phase0', 'weight': 9800040.0}, {'name': 'fineweb2_regional_text_document', 'weight': 2132152.0}, {'name': 'gallica_monographies_fr_text_document', 'weight': 5842786.0}, {'name': 'gallica_press_fr_text_document', 'weight': 22850320.0}, {'name': 'gutenberg_de_text_document', 'weight': 42330.0}, {'name': 'gutenberg_en_text_document', 'weight': 1187655.0}, {'name': 'gutenberg_es_text_document', 'weight': 21778.0}, {'name': 'gutenberg_fr_text_document', 'weight': 91991.0}, {'name': 'gutenberg_it_text_document', 'weight': 29909.0}, {'name': 'gutenberg_nl_text_document', 'weight': 24430.0}, {'name': 'gutenberg_pt_text_document', 'weight': 9241.0}, {'name': 'hal-cea_full-filtered_fr_text_document', 'weight': 7828031.0}, {'name': 'hplt2_fr_text_document_ratio1.30_phase0', 'weight': 70401931.0}, {'name': 'insee_fr_text_document', 'weight': 55377.0}, {'name': 'math-pile_math_text_document', 'weight': 2345197.0}, {'name': 'opendata_fr_text_document', 'weight': 2749409.0}, {'name': 'parlement_fr_text_document', 'weight': 282826.0}, {'name': 'starcoder-data_code_text_document', 'weight': 62922795.0}, {'name': 'theses_fr_text_document', 'weight': 3239718.0}, {'name': 'wikimedia-vikidia_ar_text_document', 'weight': 265451.0}, {'name': 'wikimedia-vikidia_ca_text_document_ratio0.20_phase0', 'weight': 58530.0}, {'name': 'wikimedia-vikidia_de_text_document', 'weight': 1098595.0}, {'name': 'wikimedia-vikidia_en_text_document', 'weight': 2882825.0}, {'name': 'wikimedia-vikidia_es_text_document', 'weight': 631843.0}, {'name': 'wikimedia-vikidia_fr_text_document', 'weight': 1276052.0}, {'name': 'wikimedia-vikidia_it_text_document', 'weight': 654077.0}, {'name': 'wikimedia-vikidia_pt_text_document', 'weight': 304392.0}, {'name': 'wikimedia-vikidia_regional_text_document', 'weight': 119234.0}, {'name': 'wikimedia_nl_text_document', 'weight': 345319.0}, {'name': 'youtube_fr_text_document', 'weight': 76194.0}]}
INFO:__main__:Using CLI tokenizer override: /work/p26037/barman/tokenizer_128k-arab-regional_v2
INFO:__main__:Using CLI tokenizer override: /work/p26037/barman/tokenizer_128k-arab-regional_v2
INFO:__main__:Using CLI tokenizer override: /work/p26037/barman/tokenizer_128k-arab-regional_v2
INFO:__main__:Using CLI tokenizer override: /work/p26037/barman/tokenizer_128k-arab-regional_v2
INFO:__main__:Global batch size: 1024
INFO:__main__:Sequence length: 4096
INFO:__main__:Tokens per batch: 4194304
INFO:__main__:Total tokens in datamix: 3002228277248
INFO:__main__:Global training/LR horizon (from --max_steps): 715788
INFO:__main__:Global batch size: 1024
INFO:__main__:Sequence length: 4096
INFO:__main__:Tokens per batch: 4194304
INFO:__main__:Total tokens in datamix: 3002228277248
INFO:__main__:Global training/LR horizon (from --max_steps): 715788
INFO:__main__:Global batch size: 1024
INFO:__main__:Global batch size: 1024
INFO:__main__:Sequence length: 4096
INFO:__main__:Sequence length: 4096
INFO:__main__:Tokens per batch: 4194304
INFO:__main__:Patched megatron.core.optimizer (accepted params: {'lr_mult', 'use_gloo_process_groups', 'model_chunks', 'no_weight_decay_cond', 'scale_lr_cond', 'config'})
INFO:__main__:Total tokens in datamix: 3002228277248
INFO:__main__:Tokens per batch: 4194304
INFO:__main__:Global training/LR horizon (from --max_steps): 715788
INFO:__main__:Total tokens in datamix: 3002228277248
INFO:__main__:Global training/LR horizon (from --max_steps): 715788
INFO:__main__:Patched megatron.core.optimizer (accepted params: {'use_gloo_process_groups', 'model_chunks', 'config', 'lr_mult', 'no_weight_decay_cond', 'scale_lr_cond'})
INFO:__main__:Patched megatron.core.optimizer (accepted params: {'scale_lr_cond', 'model_chunks', 'no_weight_decay_cond', 'config', 'lr_mult', 'use_gloo_process_groups'})
INFO:__main__:Patched megatron.core.optimizer (accepted params: {'use_gloo_process_groups', 'lr_mult', 'no_weight_decay_cond', 'scale_lr_cond', 'model_chunks', 'config'})
INFO:nemo.lightning.pytorch.strategies.megatron_strategy:Initializing distributed: GLOBAL_RANK: 1, MEMBER: 2/16
INFO:nemo.lightning.pytorch.strategies.megatron_strategy:Initializing distributed: GLOBAL_RANK: 2, MEMBER: 3/16
INFO:nemo.lightning.pytorch.strategies.megatron_strategy:Initializing distributed: GLOBAL_RANK: 3, MEMBER: 4/16
[W410 09:32:09.915684367 socket.cpp:755] [c10d] The client socket cannot be initialized to connect to [kairosgh1.calmip.cluster]:33055 (errno: 97 - Address family not supported by protocol).
[W410 09:32:09.917919045 socket.cpp:755] [c10d] The client socket cannot be initialized to connect to [kairosgh1.calmip.cluster]:33055 (errno: 97 - Address family not supported by protocol).
[W410 09:32:09.918189056 socket.cpp:755] [c10d] The client socket cannot be initialized to connect to [kairosgh1.calmip.cluster]:33055 (errno: 97 - Address family not supported by protocol).
INFO:utils:{'data_path': '/work/datasets/AI/tokens_luciole_phase1', 'total_tokens': 3002228277248, 'train': [{'name': 'claire_open_en_text_document', 'weight': 29003.0}, {'name': 'claire_open_fr_text_document', 'weight': 92129.0}, {'name': 'common-corpus_bnl-newspapers-1841-1879_fr_text_document', 'weight': 66237.0}, {'name': 'common-corpus_eurlex_multi_text_document', 'weight': 3601664.0}, {'name': 'common-corpus_gatt-library_multi_text_document', 'weight': 41322.0}, {'name': 'common-corpus_oecd_multi_text_document', 'weight': 121969.0}, {'name': 'common-corpus_tedeutenders_multi_text_document', 'weight': 31276.0}, {'name': 'common-corpus_wto_multi_text_document', 'weight': 577279.0}, {'name': 'common-pile_arxiv-abstracts_en_text_document', 'weight': 140138.0}, {'name': 'common-pile_arxiv-papers_en_text_document', 'weight': 1299034.0}, {'name': 'common-pile_biodiversity-heritage-library_en_text_document', 'weight': 107772.0}, {'name': 'common-pile_caselaw-access-project_en_text_document', 'weight': 929697.0}, {'name': 'common-pile_doab_en_text_document', 'weight': 712786.0}, {'name': 'common-pile_foodista_en_text_document', 'weight': 5603.0}, {'name': 'common-pile_github-archive_en_text_document', 'weight': 2244221.0}, {'name': 'common-pile_library-of-congress_en_text_document', 'weight': 101533.0}, {'name': 'common-pile_libretexts_en_text_document', 'weight': 21049.0}, {'name': 'common-pile_news_en_text_document', 'weight': 14354.0}, {'name': 'common-pile_oercommons_en_text_document', 'weight': 2748.0}, {'name': 'common-pile_peS2o_en_text_document', 'weight': 10166525.0}, {'name': 'common-pile_pre-1929-books_en_text_document', 'weight': 531517.0}, {'name': 'common-pile_pressbooks_en_text_document', 'weight': 31891.0}, {'name': 'common-pile_public-domain-review_en_text_document', 'weight': 382.0}, {'name': 'common-pile_pubmed_en_text_document', 'weight': 1869301.0}, {'name': 'common-pile_python-enhancement-proposals_en_text_document', 'weight': 652.0}, {'name': 'common-pile_regulations_en_text_document', 'weight': 266173.0}, {'name': 'common-pile_stackexchange_en_text_document', 'weight': 4985359.0}, {'name': 'common-pile_ubuntu-irc_en_text_document', 'weight': 482830.0}, {'name': 'common-pile_youtube_en_text_document', 'weight': 204765.0}, {'name': 'croissant-aligned_aligned_text_document', 'weight': 11618464.0}, {'name': 'culturax_fr_text_document_ratio1.30_phase0', 'weight': 57012131.0}, {'name': 'dclm-dolmino_en_text_document_ratio0.75_phase0', 'weight': 93003263.0}, {'name': 'europarl_aligned_text_document', 'weight': 215607.0}, {'name': 'europarl_multi_text_document', 'weight': 99752.0}, {'name': 'eurovoc_filtered_multi_text_document', 'weight': 2150091.0}, {'name': 'fineweb-edu_en_text_document_ratio0.75_phase0', 'weight': 214754282.0}, {'name': 'fineweb2_ar_text_document_ratio0.50_phase0', 'weight': 3350461.0}, {'name': 'fineweb2_ca_text_document_ratio0.05_phase0', 'weight': 92529.0}, {'name': 'fineweb2_de_text_document_ratio0.50_phase0', 'weight': 27173931.0}, {'name': 'fineweb2_es_text_document_ratio0.50_phase0', 'weight': 24393496.0}, {'name': 'fineweb2_fr_text_document_ratio1.30_phase0', 'weight': 50038822.0}, {'name': 'fineweb2_it_text_document_ratio0.50_phase0', 'weight': 13377940.0}, {'name': 'fineweb2_nl_text_document_ratio0.50_phase0', 'weight': 7435763.0}, {'name': 'fineweb2_pt_text_document_ratio0.50_phase0', 'weight': 9800040.0}, {'name': 'fineweb2_regional_text_document', 'weight': 2132152.0}, {'name': 'gallica_monographies_fr_text_document', 'weight': 5842786.0}, {'name': 'gallica_press_fr_text_document', 'weight': 22850320.0}, {'name': 'gutenberg_de_text_document', 'weight': 42330.0}, {'name': 'gutenberg_en_text_document', 'weight': 1187655.0}, {'name': 'gutenberg_es_text_document', 'weight': 21778.0}, {'name': 'gutenberg_fr_text_document', 'weight': 91991.0}, {'name': 'gutenberg_it_text_document', 'weight': 29909.0}, {'name': 'gutenberg_nl_text_document', 'weight': 24430.0}, {'name': 'gutenberg_pt_text_document', 'weight': 9241.0}, {'name': 'hal-cea_full-filtered_fr_text_document', 'weight': 7828031.0}, {'name': 'hplt2_fr_text_document_ratio1.30_phase0', 'weight': 70401931.0}, {'name': 'insee_fr_text_document', 'weight': 55377.0}, {'name': 'math-pile_math_text_document', 'weight': 2345197.0}, {'name': 'opendata_fr_text_document', 'weight': 2749409.0}, {'name': 'parlement_fr_text_document', 'weight': 282826.0}, {'name': 'starcoder-data_code_text_document', 'weight': 62922795.0}, {'name': 'theses_fr_text_document', 'weight': 3239718.0}, {'name': 'wikimedia-vikidia_ar_text_document', 'weight': 265451.0}, {'name': 'wikimedia-vikidia_ca_text_document_ratio0.20_phase0', 'weight': 58530.0}, {'name': 'wikimedia-vikidia_de_text_document', 'weight': 1098595.0}, {'name': 'wikimedia-vikidia_en_text_document', 'weight': 2882825.0}, {'name': 'wikimedia-vikidia_es_text_document', 'weight': 631843.0}, {'name': 'wikimedia-vikidia_fr_text_document', 'weight': 1276052.0}, {'name': 'wikimedia-vikidia_it_text_document', 'weight': 654077.0}, {'name': 'wikimedia-vikidia_pt_text_document', 'weight': 304392.0}, {'name': 'wikimedia-vikidia_regional_text_document', 'weight': 119234.0}, {'name': 'wikimedia_nl_text_document', 'weight': 345319.0}, {'name': 'youtube_fr_text_document', 'weight': 76194.0}]}
INFO:utils:{'data_path': '/work/datasets/AI/tokens_luciole_phase1', 'total_tokens': 3002228277248, 'train': [{'name': 'claire_open_en_text_document', 'weight': 29003.0}, {'name': 'claire_open_fr_text_document', 'weight': 92129.0}, {'name': 'common-corpus_bnl-newspapers-1841-1879_fr_text_document', 'weight': 66237.0}, {'name': 'common-corpus_eurlex_multi_text_document', 'weight': 3601664.0}, {'name': 'common-corpus_gatt-library_multi_text_document', 'weight': 41322.0}, {'name': 'common-corpus_oecd_multi_text_document', 'weight': 121969.0}, {'name': 'common-corpus_tedeutenders_multi_text_document', 'weight': 31276.0}, {'name': 'common-corpus_wto_multi_text_document', 'weight': 577279.0}, {'name': 'common-pile_arxiv-abstracts_en_text_document', 'weight': 140138.0}, {'name': 'common-pile_arxiv-papers_en_text_document', 'weight': 1299034.0}, {'name': 'common-pile_biodiversity-heritage-library_en_text_document', 'weight': 107772.0}, {'name': 'common-pile_caselaw-access-project_en_text_document', 'weight': 929697.0}, {'name': 'common-pile_doab_en_text_document', 'weight': 712786.0}, {'name': 'common-pile_foodista_en_text_document', 'weight': 5603.0}, {'name': 'common-pile_github-archive_en_text_document', 'weight': 2244221.0}, {'name': 'common-pile_library-of-congress_en_text_document', 'weight': 101533.0}, {'name': 'common-pile_libretexts_en_text_document', 'weight': 21049.0}, {'name': 'common-pile_news_en_text_document', 'weight': 14354.0}, {'name': 'common-pile_oercommons_en_text_document', 'weight': 2748.0}, {'name': 'common-pile_peS2o_en_text_document', 'weight': 10166525.0}, {'name': 'common-pile_pre-1929-books_en_text_document', 'weight': 531517.0}, {'name': 'common-pile_pressbooks_en_text_document', 'weight': 31891.0}, {'name': 'common-pile_public-domain-review_en_text_document', 'weight': 382.0}, {'name': 'common-pile_pubmed_en_text_document', 'weight': 1869301.0}, {'name': 'common-pile_python-enhancement-proposals_en_text_document', 'weight': 652.0}, {'name': 'common-pile_regulations_en_text_document', 'weight': 266173.0}, {'name': 'common-pile_stackexchange_en_text_document', 'weight': 4985359.0}, {'name': 'common-pile_ubuntu-irc_en_text_document', 'weight': 482830.0}, {'name': 'common-pile_youtube_en_text_document', 'weight': 204765.0}, {'name': 'croissant-aligned_aligned_text_document', 'weight': 11618464.0}, {'name': 'culturax_fr_text_document_ratio1.30_phase0', 'weight': 57012131.0}, {'name': 'dclm-dolmino_en_text_document_ratio0.75_phase0', 'weight': 93003263.0}, {'name': 'europarl_aligned_text_document', 'weight': 215607.0}, {'name': 'europarl_multi_text_document', 'weight': 99752.0}, {'name': 'eurovoc_filtered_multi_text_document', 'weight': 2150091.0}, {'name': 'fineweb-edu_en_text_document_ratio0.75_phase0', 'weight': 214754282.0}, {'name': 'fineweb2_ar_text_document_ratio0.50_phase0', 'weight': 3350461.0}, {'name': 'fineweb2_ca_text_document_ratio0.05_phase0', 'weight': 92529.0}, {'name': 'fineweb2_de_text_document_ratio0.50_phase0', 'weight': 27173931.0}, {'name': 'fineweb2_es_text_document_ratio0.50_phase0', 'weight': 24393496.0}, {'name': 'fineweb2_fr_text_document_ratio1.30_phase0', 'weight': 50038822.0}, {'name': 'fineweb2_it_text_document_ratio0.50_phase0', 'weight': 13377940.0}, {'name': 'fineweb2_nl_text_document_ratio0.50_phase0', 'weight': 7435763.0}, {'name': 'fineweb2_pt_text_document_ratio0.50_phase0', 'weight': 9800040.0}, {'name': 'fineweb2_regional_text_document', 'weight': 2132152.0}, {'name': 'gallica_monographies_fr_text_document', 'weight': 5842786.0}, {'name': 'gallica_press_fr_text_document', 'weight': 22850320.0}, {'name': 'gutenberg_de_text_document', 'weight': 42330.0}, {'name': 'gutenberg_en_text_document', 'weight': 1187655.0}, {'name': 'gutenberg_es_text_document', 'weight': 21778.0}, {'name': 'gutenberg_fr_text_document', 'weight': 91991.0}, {'name': 'gutenberg_it_text_document', 'weight': 29909.0}, {'name': 'gutenberg_nl_text_document', 'weight': 24430.0}, {'name': 'gutenberg_pt_text_document', 'weight': 9241.0}, {'name': 'hal-cea_full-filtered_fr_text_document', 'weight': 7828031.0}, {'name': 'hplt2_fr_text_document_ratio1.30_phase0', 'weight': 70401931.0}, {'name': 'insee_fr_text_document', 'weight': 55377.0}, {'name': 'math-pile_math_text_document', 'weight': 2345197.0}, {'name': 'opendata_fr_text_document', 'weight': 2749409.0}, {'name': 'parlement_fr_text_document', 'weight': 282826.0}, {'name': 'starcoder-data_code_text_document', 'weight': 62922795.0}, {'name': 'theses_fr_text_document', 'weight': 3239718.0}, {'name': 'wikimedia-vikidia_ar_text_document', 'weight': 265451.0}, {'name': 'wikimedia-vikidia_ca_text_document_ratio0.20_phase0', 'weight': 58530.0}, {'name': 'wikimedia-vikidia_de_text_document', 'weight': 1098595.0}, {'name': 'wikimedia-vikidia_en_text_document', 'weight': 2882825.0}, {'name': 'wikimedia-vikidia_es_text_document', 'weight': 631843.0}, {'name': 'wikimedia-vikidia_fr_text_document', 'weight': 1276052.0}, {'name': 'wikimedia-vikidia_it_text_document', 'weight': 654077.0}, {'name': 'wikimedia-vikidia_pt_text_document', 'weight': 304392.0}, {'name': 'wikimedia-vikidia_regional_text_document', 'weight': 119234.0}, {'name': 'wikimedia_nl_text_document', 'weight': 345319.0}, {'name': 'youtube_fr_text_document', 'weight': 76194.0}]}
INFO:utils:{'data_path': '/work/datasets/AI/tokens_luciole_phase1', 'total_tokens': 3002228277248, 'train': [{'name': 'claire_open_en_text_document', 'weight': 29003.0}, {'name': 'claire_open_fr_text_document', 'weight': 92129.0}, {'name': 'common-corpus_bnl-newspapers-1841-1879_fr_text_document', 'weight': 66237.0}, {'name': 'common-corpus_eurlex_multi_text_document', 'weight': 3601664.0}, {'name': 'common-corpus_gatt-library_multi_text_document', 'weight': 41322.0}, {'name': 'common-corpus_oecd_multi_text_document', 'weight': 121969.0}, {'name': 'common-corpus_tedeutenders_multi_text_document', 'weight': 31276.0}, {'name': 'common-corpus_wto_multi_text_document', 'weight': 577279.0}, {'name': 'common-pile_arxiv-abstracts_en_text_document', 'weight': 140138.0}, {'name': 'common-pile_arxiv-papers_en_text_document', 'weight': 1299034.0}, {'name': 'common-pile_biodiversity-heritage-library_en_text_document', 'weight': 107772.0}, {'name': 'common-pile_caselaw-access-project_en_text_document', 'weight': 929697.0}, {'name': 'common-pile_doab_en_text_document', 'weight': 712786.0}, {'name': 'common-pile_foodista_en_text_document', 'weight': 5603.0}, {'name': 'common-pile_github-archive_en_text_document', 'weight': 2244221.0}, {'name': 'common-pile_library-of-congress_en_text_document', 'weight': 101533.0}, {'name': 'common-pile_libretexts_en_text_document', 'weight': 21049.0}, {'name': 'common-pile_news_en_text_document', 'weight': 14354.0}, {'name': 'common-pile_oercommons_en_text_document', 'weight': 2748.0}, {'name': 'common-pile_peS2o_en_text_document', 'weight': 10166525.0}, {'name': 'common-pile_pre-1929-books_en_text_document', 'weight': 531517.0}, {'name': 'common-pile_pressbooks_en_text_document', 'weight': 31891.0}, {'name': 'common-pile_public-domain-review_en_text_document', 'weight': 382.0}, {'name': 'common-pile_pubmed_en_text_document', 'weight': 1869301.0}, {'name': 'common-pile_python-enhancement-proposals_en_text_document', 'weight': 652.0}, {'name': 'common-pile_regulations_en_text_document', 'weight': 266173.0}, {'name': 'common-pile_stackexchange_en_text_document', 'weight': 4985359.0}, {'name': 'common-pile_ubuntu-irc_en_text_document', 'weight': 482830.0}, {'name': 'common-pile_youtube_en_text_document', 'weight': 204765.0}, {'name': 'croissant-aligned_aligned_text_document', 'weight': 11618464.0}, {'name': 'culturax_fr_text_document_ratio1.30_phase0', 'weight': 57012131.0}, {'name': 'dclm-dolmino_en_text_document_ratio0.75_phase0', 'weight': 93003263.0}, {'name': 'europarl_aligned_text_document', 'weight': 215607.0}, {'name': 'europarl_multi_text_document', 'weight': 99752.0}, {'name': 'eurovoc_filtered_multi_text_document', 'weight': 2150091.0}, {'name': 'fineweb-edu_en_text_document_ratio0.75_phase0', 'weight': 214754282.0}, {'name': 'fineweb2_ar_text_document_ratio0.50_phase0', 'weight': 3350461.0}, {'name': 'fineweb2_ca_text_document_ratio0.05_phase0', 'weight': 92529.0}, {'name': 'fineweb2_de_text_document_ratio0.50_phase0', 'weight': 27173931.0}, {'name': 'fineweb2_es_text_document_ratio0.50_phase0', 'weight': 24393496.0}, {'name': 'fineweb2_fr_text_document_ratio1.30_phase0', 'weight': 50038822.0}, {'name': 'fineweb2_it_text_document_ratio0.50_phase0', 'weight': 13377940.0}, {'name': 'fineweb2_nl_text_document_ratio0.50_phase0', 'weight': 7435763.0}, {'name': 'fineweb2_pt_text_document_ratio0.50_phase0', 'weight': 9800040.0}, {'name': 'fineweb2_regional_text_document', 'weight': 2132152.0}, {'name': 'gallica_monographies_fr_text_document', 'weight': 5842786.0}, {'name': 'gallica_press_fr_text_document', 'weight': 22850320.0}, {'name': 'gutenberg_de_text_document', 'weight': 42330.0}, {'name': 'gutenberg_en_text_document', 'weight': 1187655.0}, {'name': 'gutenberg_es_text_document', 'weight': 21778.0}, {'name': 'gutenberg_fr_text_document', 'weight': 91991.0}, {'name': 'gutenberg_it_text_document', 'weight': 29909.0}, {'name': 'gutenberg_nl_text_document', 'weight': 24430.0}, {'name': 'gutenberg_pt_text_document', 'weight': 9241.0}, {'name': 'hal-cea_full-filtered_fr_text_document', 'weight': 7828031.0}, {'name': 'hplt2_fr_text_document_ratio1.30_phase0', 'weight': 70401931.0}, {'name': 'insee_fr_text_document', 'weight': 55377.0}, {'name': 'math-pile_math_text_document', 'weight': 2345197.0}, {'name': 'opendata_fr_text_document', 'weight': 2749409.0}, {'name': 'parlement_fr_text_document', 'weight': 282826.0}, {'name': 'starcoder-data_code_text_document', 'weight': 62922795.0}, {'name': 'theses_fr_text_document', 'weight': 3239718.0}, {'name': 'wikimedia-vikidia_ar_text_document', 'weight': 265451.0}, {'name': 'wikimedia-vikidia_ca_text_document_ratio0.20_phase0', 'weight': 58530.0}, {'name': 'wikimedia-vikidia_de_text_document', 'weight': 1098595.0}, {'name': 'wikimedia-vikidia_en_text_document', 'weight': 2882825.0}, {'name': 'wikimedia-vikidia_es_text_document', 'weight': 631843.0}, {'name': 'wikimedia-vikidia_fr_text_document', 'weight': 1276052.0}, {'name': 'wikimedia-vikidia_it_text_document', 'weight': 654077.0}, {'name': 'wikimedia-vikidia_pt_text_document', 'weight': 304392.0}, {'name': 'wikimedia-vikidia_regional_text_document', 'weight': 119234.0}, {'name': 'wikimedia_nl_text_document', 'weight': 345319.0}, {'name': 'youtube_fr_text_document', 'weight': 76194.0}]}
INFO:utils:{'data_path': '/work/datasets/AI/tokens_luciole_phase1', 'total_tokens': 3002228277248, 'train': [{'name': 'claire_open_en_text_document', 'weight': 29003.0}, {'name': 'claire_open_fr_text_document', 'weight': 92129.0}, {'name': 'common-corpus_bnl-newspapers-1841-1879_fr_text_document', 'weight': 66237.0}, {'name': 'common-corpus_eurlex_multi_text_document', 'weight': 3601664.0}, {'name': 'common-corpus_gatt-library_multi_text_document', 'weight': 41322.0}, {'name': 'common-corpus_oecd_multi_text_document', 'weight': 121969.0}, {'name': 'common-corpus_tedeutenders_multi_text_document', 'weight': 31276.0}, {'name': 'common-corpus_wto_multi_text_document', 'weight': 577279.0}, {'name': 'common-pile_arxiv-abstracts_en_text_document', 'weight': 140138.0}, {'name': 'common-pile_arxiv-papers_en_text_document', 'weight': 1299034.0}, {'name': 'common-pile_biodiversity-heritage-library_en_text_document', 'weight': 107772.0}, {'name': 'common-pile_caselaw-access-project_en_text_document', 'weight': 929697.0}, {'name': 'common-pile_doab_en_text_document', 'weight': 712786.0}, {'name': 'common-pile_foodista_en_text_document', 'weight': 5603.0}, {'name': 'common-pile_github-archive_en_text_document', 'weight': 2244221.0}, {'name': 'common-pile_library-of-congress_en_text_document', 'weight': 101533.0}, {'name': 'common-pile_libretexts_en_text_document', 'weight': 21049.0}, {'name': 'common-pile_news_en_text_document', 'weight': 14354.0}, {'name': 'common-pile_oercommons_en_text_document', 'weight': 2748.0}, {'name': 'common-pile_peS2o_en_text_document', 'weight': 10166525.0}, {'name': 'common-pile_pre-1929-books_en_text_document', 'weight': 531517.0}, {'name': 'common-pile_pressbooks_en_text_document', 'weight': 31891.0}, {'name': 'common-pile_public-domain-review_en_text_document', 'weight': 382.0}, {'name': 'common-pile_pubmed_en_text_document', 'weight': 1869301.0}, {'name': 'common-pile_python-enhancement-proposals_en_text_document', 'weight': 652.0}, {'name': 'common-pile_regulations_en_text_document', 'weight': 266173.0}, {'name': 'common-pile_stackexchange_en_text_document', 'weight': 4985359.0}, {'name': 'common-pile_ubuntu-irc_en_text_document', 'weight': 482830.0}, {'name': 'common-pile_youtube_en_text_document', 'weight': 204765.0}, {'name': 'croissant-aligned_aligned_text_document', 'weight': 11618464.0}, {'name': 'culturax_fr_text_document_ratio1.30_phase0', 'weight': 57012131.0}, {'name': 'dclm-dolmino_en_text_document_ratio0.75_phase0', 'weight': 93003263.0}, {'name': 'europarl_aligned_text_document', 'weight': 215607.0}, {'name': 'europarl_multi_text_document', 'weight': 99752.0}, {'name': 'eurovoc_filtered_multi_text_document', 'weight': 2150091.0}, {'name': 'fineweb-edu_en_text_document_ratio0.75_phase0', 'weight': 214754282.0}, {'name': 'fineweb2_ar_text_document_ratio0.50_phase0', 'weight': 3350461.0}, {'name': 'fineweb2_ca_text_document_ratio0.05_phase0', 'weight': 92529.0}, {'name': 'fineweb2_de_text_document_ratio0.50_phase0', 'weight': 27173931.0}, {'name': 'fineweb2_es_text_document_ratio0.50_phase0', 'weight': 24393496.0}, {'name': 'fineweb2_fr_text_document_ratio1.30_phase0', 'weight': 50038822.0}, {'name': 'fineweb2_it_text_document_ratio0.50_phase0', 'weight': 13377940.0}, {'name': 'fineweb2_nl_text_document_ratio0.50_phase0', 'weight': 7435763.0}, {'name': 'fineweb2_pt_text_document_ratio0.50_phase0', 'weight': 9800040.0}, {'name': 'fineweb2_regional_text_document', 'weight': 2132152.0}, {'name': 'gallica_monographies_fr_text_document', 'weight': 5842786.0}, {'name': 'gallica_press_fr_text_document', 'weight': 22850320.0}, {'name': 'gutenberg_de_text_document', 'weight': 42330.0}, {'name': 'gutenberg_en_text_document', 'weight': 1187655.0}, {'name': 'gutenberg_es_text_document', 'weight': 21778.0}, {'name': 'gutenberg_fr_text_document', 'weight': 91991.0}, {'name': 'gutenberg_it_text_document', 'weight': 29909.0}, {'name': 'gutenberg_nl_text_document', 'weight': 24430.0}, {'name': 'gutenberg_pt_text_document', 'weight': 9241.0}, {'name': 'hal-cea_full-filtered_fr_text_document', 'weight': 7828031.0}, {'name': 'hplt2_fr_text_document_ratio1.30_phase0', 'weight': 70401931.0}, {'name': 'insee_fr_text_document', 'weight': 55377.0}, {'name': 'math-pile_math_text_document', 'weight': 2345197.0}, {'name': 'opendata_fr_text_document', 'weight': 2749409.0}, {'name': 'parlement_fr_text_document', 'weight': 282826.0}, {'name': 'starcoder-data_code_text_document', 'weight': 62922795.0}, {'name': 'theses_fr_text_document', 'weight': 3239718.0}, {'name': 'wikimedia-vikidia_ar_text_document', 'weight': 265451.0}, {'name': 'wikimedia-vikidia_ca_text_document_ratio0.20_phase0', 'weight': 58530.0}, {'name': 'wikimedia-vikidia_de_text_document', 'weight': 1098595.0}, {'name': 'wikimedia-vikidia_en_text_document', 'weight': 2882825.0}, {'name': 'wikimedia-vikidia_es_text_document', 'weight': 631843.0}, {'name': 'wikimedia-vikidia_fr_text_document', 'weight': 1276052.0}, {'name': 'wikimedia-vikidia_it_text_document', 'weight': 654077.0}, {'name': 'wikimedia-vikidia_pt_text_document', 'weight': 304392.0}, {'name': 'wikimedia-vikidia_regional_text_document', 'weight': 119234.0}, {'name': 'wikimedia_nl_text_document', 'weight': 345319.0}, {'name': 'youtube_fr_text_document', 'weight': 76194.0}]}
INFO:__main__:Using CLI tokenizer override: /work/p26037/barman/tokenizer_128k-arab-regional_v2
INFO:__main__:Using CLI tokenizer override: /work/p26037/barman/tokenizer_128k-arab-regional_v2
INFO:__main__:Using CLI tokenizer override: /work/p26037/barman/tokenizer_128k-arab-regional_v2
INFO:__main__:Using CLI tokenizer override: /work/p26037/barman/tokenizer_128k-arab-regional_v2
INFO:__main__:Global batch size: 1024
INFO:__main__:Sequence length: 4096
INFO:__main__:Tokens per batch: 4194304
INFO:__main__:Total tokens in datamix: 3002228277248
INFO:__main__:Global training/LR horizon (from --max_steps): 715788
INFO:__main__:Global batch size: 1024
INFO:__main__:Global batch size: 1024
INFO:__main__:Sequence length: 4096
INFO:__main__:Global batch size: 1024
INFO:__main__:Sequence length: 4096
INFO:__main__:Tokens per batch: 4194304
INFO:__main__:Tokens per batch: 4194304
INFO:__main__:Sequence length: 4096
INFO:__main__:Total tokens in datamix: 3002228277248
INFO:__main__:Total tokens in datamix: 3002228277248
INFO:__main__:Tokens per batch: 4194304
INFO:__main__:Global training/LR horizon (from --max_steps): 715788
INFO:__main__:Global training/LR horizon (from --max_steps): 715788
INFO:__main__:Total tokens in datamix: 3002228277248
INFO:__main__:Global training/LR horizon (from --max_steps): 715788
INFO:__main__:Patched megatron.core.optimizer (accepted params: {'no_weight_decay_cond', 'model_chunks', 'use_gloo_process_groups', 'config', 'lr_mult', 'scale_lr_cond'})
INFO:__main__:Patched megatron.core.optimizer (accepted params: {'use_gloo_process_groups', 'lr_mult', 'model_chunks', 'config', 'scale_lr_cond', 'no_weight_decay_cond'})
INFO:__main__:Patched megatron.core.optimizer (accepted params: {'scale_lr_cond', 'use_gloo_process_groups', 'config', 'model_chunks', 'no_weight_decay_cond', 'lr_mult'})
INFO:__main__:Patched megatron.core.optimizer (accepted params: {'no_weight_decay_cond', 'lr_mult', 'config', 'scale_lr_cond', 'model_chunks', 'use_gloo_process_groups'})
INFO:__main__:SSA Triton: Using fused Triton SSA FlashAttention triton (n=1.50, b=0.80, compiled_bda=True)
INFO:__main__:SSA Triton: force_contiguous_qkv=True
INFO:__main__:Detected checkpoint at step 155999
INFO:__main__:Continuing to absolute trainer.max_steps = 715788 (remaining this run: 559789 steps)
INFO:__main__:SSA Triton: Using fused Triton SSA FlashAttention triton (n=1.50, b=0.80, compiled_bda=True)
INFO:__main__:SSA Triton: Using fused Triton SSA FlashAttention triton (n=1.50, b=0.80, compiled_bda=True)
INFO:__main__:SSA Triton: force_contiguous_qkv=True
INFO:__main__:SSA Triton: force_contiguous_qkv=True
INFO:__main__:Detected checkpoint at step 155999
INFO:__main__:Continuing to absolute trainer.max_steps = 715788 (remaining this run: 559789 steps)
INFO:__main__:Detected checkpoint at step 155999
INFO:__main__:Continuing to absolute trainer.max_steps = 715788 (remaining this run: 559789 steps)
INFO:__main__:SSA Triton: Using fused Triton SSA FlashAttention triton (n=1.50, b=0.80, compiled_bda=True)
INFO:__main__:SSA Triton: force_contiguous_qkv=True
INFO:__main__:Detected checkpoint at step 155999
INFO:__main__:Continuing to absolute trainer.max_steps = 715788 (remaining this run: 559789 steps)
INFO:__main__:Detected vocab_size from tokenizer: 128000
INFO:__main__:LR scheduler max_steps = 715788, warmup_steps = 2000, min_lr = 2.9999999999999997e-05
INFO:__main__:Skipping Triton warmup (--skip_triton_warmup).
INFO:__main__:Detected vocab_size from tokenizer: 128000
INFO:__main__:Detected vocab_size from tokenizer: 128000
INFO:__main__:LR scheduler max_steps = 715788, warmup_steps = 2000, min_lr = 2.9999999999999997e-05
INFO:__main__:LR scheduler max_steps = 715788, warmup_steps = 2000, min_lr = 2.9999999999999997e-05
INFO:__main__:Skipping Triton warmup (--skip_triton_warmup).
INFO:__main__:Skipping Triton warmup (--skip_triton_warmup).
INFO:__main__:Detected vocab_size from tokenizer: 128000
INFO:__main__:LR scheduler max_steps = 715788, warmup_steps = 2000, min_lr = 2.9999999999999997e-05
INFO:__main__:Skipping Triton warmup (--skip_triton_warmup).
INFO:__main__:SSA Triton: Using fused Triton SSA FlashAttention triton (n=1.50, b=0.80, compiled_bda=True)
INFO:__main__:SSA Triton: force_contiguous_qkv=True
INFO:__main__:SSA Triton: Using fused Triton SSA FlashAttention triton (n=1.50, b=0.80, compiled_bda=True)
INFO:__main__:SSA Triton: force_contiguous_qkv=True
INFO:__main__:Detected checkpoint at step 155999
INFO:__main__:Continuing to absolute trainer.max_steps = 715788 (remaining this run: 559789 steps)
INFO:__main__:Detected checkpoint at step 155999
INFO:__main__:Continuing to absolute trainer.max_steps = 715788 (remaining this run: 559789 steps)
INFO:__main__:SSA Triton: Using fused Triton SSA FlashAttention triton (n=1.50, b=0.80, compiled_bda=True)
INFO:__main__:SSA Triton: force_contiguous_qkv=True
INFO:__main__:Detected checkpoint at step 155999
INFO:__main__:Continuing to absolute trainer.max_steps = 715788 (remaining this run: 559789 steps)
INFO:__main__:SSA Triton: Using fused Triton SSA FlashAttention triton (n=1.50, b=0.80, compiled_bda=True)
INFO:__main__:SSA Triton: force_contiguous_qkv=True
INFO:__main__:Detected checkpoint at step 155999
INFO:__main__:Continuing to absolute trainer.max_steps = 715788 (remaining this run: 559789 steps)
INFO:__main__:Detected vocab_size from tokenizer: 128000
INFO:__main__:Detected vocab_size from tokenizer: 128000
INFO:__main__:Detected vocab_size from tokenizer: 128000
INFO:__main__:LR scheduler max_steps = 715788, warmup_steps = 2000, min_lr = 2.9999999999999997e-05
INFO:__main__:Skipping Triton warmup (--skip_triton_warmup).
INFO:__main__:LR scheduler max_steps = 715788, warmup_steps = 2000, min_lr = 2.9999999999999997e-05
INFO:__main__:Skipping Triton warmup (--skip_triton_warmup).
INFO:__main__:LR scheduler max_steps = 715788, warmup_steps = 2000, min_lr = 2.9999999999999997e-05
INFO:__main__:Skipping Triton warmup (--skip_triton_warmup).
INFO:__main__:Detected vocab_size from tokenizer: 128000
INFO:__main__:LR scheduler max_steps = 715788, warmup_steps = 2000, min_lr = 2.9999999999999997e-05
INFO:__main__:Skipping Triton warmup (--skip_triton_warmup).
INFO:nemo.lightning.pytorch.strategies.megatron_strategy:Initializing distributed: GLOBAL_RANK: 4, MEMBER: 5/16
[W410 09:32:10.906846502 socket.cpp:755] [c10d] The client socket cannot be initialized to connect to [kairosgh1.calmip.cluster]:33055 (errno: 97 - Address family not supported by protocol).
INFO:nemo.lightning.pytorch.strategies.megatron_strategy:Initializing distributed: GLOBAL_RANK: 12, MEMBER: 13/16
[W410 09:32:10.160252104 socket.cpp:755] [c10d] The client socket cannot be initialized to connect to [kairosgh1.calmip.cluster]:33055 (errno: 97 - Address family not supported by protocol).
INFO:nemo.lightning.pytorch.strategies.megatron_strategy:Initializing distributed: GLOBAL_RANK: 6, MEMBER: 7/16
INFO:nemo.lightning.pytorch.strategies.megatron_strategy:Initializing distributed: GLOBAL_RANK: 5, MEMBER: 6/16
INFO:nemo.lightning.pytorch.strategies.megatron_strategy:Initializing distributed: GLOBAL_RANK: 7, MEMBER: 8/16
[W410 09:32:11.396548196 socket.cpp:755] [c10d] The client socket cannot be initialized to connect to [kairosgh1.calmip.cluster]:33055 (errno: 97 - Address family not supported by protocol).
[W410 09:32:11.397707372 socket.cpp:755] [c10d] The client socket cannot be initialized to connect to [kairosgh1.calmip.cluster]:33055 (errno: 97 - Address family not supported by protocol).
[W410 09:32:11.397780330 socket.cpp:755] [c10d] The client socket cannot be initialized to connect to [kairosgh1.calmip.cluster]:33055 (errno: 97 - Address family not supported by protocol).
INFO:nemo.lightning.pytorch.strategies.megatron_strategy:Initializing distributed: GLOBAL_RANK: 13, MEMBER: 14/16
INFO:nemo.lightning.pytorch.strategies.megatron_strategy:Initializing distributed: GLOBAL_RANK: 14, MEMBER: 15/16
INFO:nemo.lightning.pytorch.strategies.megatron_strategy:Initializing distributed: GLOBAL_RANK: 15, MEMBER: 16/16
[W410 09:32:11.625977092 socket.cpp:755] [c10d] The client socket cannot be initialized to connect to [kairosgh1.calmip.cluster]:33055 (errno: 97 - Address family not supported by protocol).
[W410 09:32:11.626628312 socket.cpp:755] [c10d] The client socket cannot be initialized to connect to [kairosgh1.calmip.cluster]:33055 (errno: 97 - Address family not supported by protocol).
[W410 09:32:11.627020592 socket.cpp:755] [c10d] The client socket cannot be initialized to connect to [kairosgh1.calmip.cluster]:33055 (errno: 97 - Address family not supported by protocol).
[NeMo I 2026-04-10 09:32:14 utils:532] Let split_matrix = [(0, 1.0), None, None]
[NeMo I 2026-04-10 09:32:14 utils:532] Building GPTDataset splits with sizes=[732966912, 0, 32768] and config=GPTDatasetConfig(random_seed=1234, sequence_length=4096, blend=[['/work/datasets/AI/tokens_luciole_phase1/claire_open_en_text_document', '/work/datasets/AI/tokens_luciole_phase1/claire_open_fr_text_document', '/work/datasets/AI/tokens_luciole_phase1/common-corpus_bnl-newspapers-1841-1879_fr_text_document', '/work/datasets/AI/tokens_luciole_phase1/common-corpus_eurlex_multi_text_document', '/work/datasets/AI/tokens_luciole_phase1/common-corpus_gatt-library_multi_text_document', '/work/datasets/AI/tokens_luciole_phase1/common-corpus_oecd_multi_text_document', '/work/datasets/AI/tokens_luciole_phase1/common-corpus_tedeutenders_multi_text_document', '/work/datasets/AI/tokens_luciole_phase1/common-corpus_wto_multi_text_document', '/work/datasets/AI/tokens_luciole_phase1/common-pile_arxiv-abstracts_en_text_document', '/work/datasets/AI/tokens_luciole_phase1/common-pile_arxiv-papers_en_text_document', '/work/datasets/AI/tokens_luciole_phase1/common-pile_biodiversity-heritage-library_en_text_document', '/work/datasets/AI/tokens_luciole_phase1/common-pile_caselaw-access-project_en_text_document', '/work/datasets/AI/tokens_luciole_phase1/common-pile_doab_en_text_document', '/work/datasets/AI/tokens_luciole_phase1/common-pile_foodista_en_text_document', '/work/datasets/AI/tokens_luciole_phase1/common-pile_github-archive_en_text_document', '/work/datasets/AI/tokens_luciole_phase1/common-pile_library-of-congress_en_text_document', '/work/datasets/AI/tokens_luciole_phase1/common-pile_libretexts_en_text_document', '/work/datasets/AI/tokens_luciole_phase1/common-pile_news_en_text_document', '/work/datasets/AI/tokens_luciole_phase1/common-pile_oercommons_en_text_document', '/work/datasets/AI/tokens_luciole_phase1/common-pile_peS2o_en_text_document', '/work/datasets/AI/tokens_luciole_phase1/common-pile_pre-1929-books_en_text_document', '/work/datasets/AI/tokens_luciole_phase1/common-pile_pressbooks_en_text_document', '/work/datasets/AI/tokens_luciole_phase1/common-pile_public-domain-review_en_text_document', '/work/datasets/AI/tokens_luciole_phase1/common-pile_pubmed_en_text_document', '/work/datasets/AI/tokens_luciole_phase1/common-pile_python-enhancement-proposals_en_text_document', '/work/datasets/AI/tokens_luciole_phase1/common-pile_regulations_en_text_document', '/work/datasets/AI/tokens_luciole_phase1/common-pile_stackexchange_en_text_document', '/work/datasets/AI/tokens_luciole_phase1/common-pile_ubuntu-irc_en_text_document', '/work/datasets/AI/tokens_luciole_phase1/common-pile_youtube_en_text_document', '/work/datasets/AI/tokens_luciole_phase1/croissant-aligned_aligned_text_document', '/work/datasets/AI/tokens_luciole_phase1/culturax_fr_text_document_ratio1.30_phase0', '/work/datasets/AI/tokens_luciole_phase1/dclm-dolmino_en_text_document_ratio0.75_phase0', '/work/datasets/AI/tokens_luciole_phase1/europarl_aligned_text_document', '/work/datasets/AI/tokens_luciole_phase1/europarl_multi_text_document', '/work/datasets/AI/tokens_luciole_phase1/eurovoc_filtered_multi_text_document', '/work/datasets/AI/tokens_luciole_phase1/fineweb-edu_en_text_document_ratio0.75_phase0', '/work/datasets/AI/tokens_luciole_phase1/fineweb2_ar_text_document_ratio0.50_phase0', '/work/datasets/AI/tokens_luciole_phase1/fineweb2_ca_text_document_ratio0.05_phase0', '/work/datasets/AI/tokens_luciole_phase1/fineweb2_de_text_document_ratio0.50_phase0', '/work/datasets/AI/tokens_luciole_phase1/fineweb2_es_text_document_ratio0.50_phase0', '/work/datasets/AI/tokens_luciole_phase1/fineweb2_fr_text_document_ratio1.30_phase0', '/work/datasets/AI/tokens_luciole_phase1/fineweb2_it_text_document_ratio0.50_phase0', '/work/datasets/AI/tokens_luciole_phase1/fineweb2_nl_text_document_ratio0.50_phase0', '/work/datasets/AI/tokens_luciole_phase1/fineweb2_pt_text_document_ratio0.50_phase0', '/work/datasets/AI/tokens_luciole_phase1/fineweb2_regional_text_document', '/work/datasets/AI/tokens_luciole_phase1/gallica_monographies_fr_text_document', '/work/datasets/AI/tokens_luciole_phase1/gallica_press_fr_text_document', '/work/datasets/AI/tokens_luciole_phase1/gutenberg_de_text_document', '/work/datasets/AI/tokens_luciole_phase1/gutenberg_en_text_document', '/work/datasets/AI/tokens_luciole_phase1/gutenberg_es_text_document', '/work/datasets/AI/tokens_luciole_phase1/gutenberg_fr_text_document', '/work/datasets/AI/tokens_luciole_phase1/gutenberg_it_text_document', '/work/datasets/AI/tokens_luciole_phase1/gutenberg_nl_text_document', '/work/datasets/AI/tokens_luciole_phase1/gutenberg_pt_text_document', '/work/datasets/AI/tokens_luciole_phase1/hal-cea_full-filtered_fr_text_document', '/work/datasets/AI/tokens_luciole_phase1/hplt2_fr_text_document_ratio1.30_phase0', '/work/datasets/AI/tokens_luciole_phase1/insee_fr_text_document', '/work/datasets/AI/tokens_luciole_phase1/math-pile_math_text_document', '/work/datasets/AI/tokens_luciole_phase1/opendata_fr_text_document', '/work/datasets/AI/tokens_luciole_phase1/parlement_fr_text_document', '/work/datasets/AI/tokens_luciole_phase1/starcoder-data_code_text_document', '/work/datasets/AI/tokens_luciole_phase1/theses_fr_text_document', '/work/datasets/AI/tokens_luciole_phase1/wikimedia-vikidia_ar_text_document', '/work/datasets/AI/tokens_luciole_phase1/wikimedia-vikidia_ca_text_document_ratio0.20_phase0', '/work/datasets/AI/tokens_luciole_phase1/wikimedia-vikidia_de_text_document', '/work/datasets/AI/tokens_luciole_phase1/wikimedia-vikidia_en_text_document', '/work/datasets/AI/tokens_luciole_phase1/wikimedia-vikidia_es_text_document', '/work/datasets/AI/tokens_luciole_phase1/wikimedia-vikidia_fr_text_document', '/work/datasets/AI/tokens_luciole_phase1/wikimedia-vikidia_it_text_document', '/work/datasets/AI/tokens_luciole_phase1/wikimedia-vikidia_pt_text_document', '/work/datasets/AI/tokens_luciole_phase1/wikimedia-vikidia_regional_text_document', '/work/datasets/AI/tokens_luciole_phase1/wikimedia_nl_text_document', '/work/datasets/AI/tokens_luciole_phase1/youtube_fr_text_document'], [29003.0, 92129.0, 66237.0, 3601664.0, 41322.0, 121969.0, 31276.0, 577279.0, 140138.0, 1299034.0, 107772.0, 929697.0, 712786.0, 5603.0, 2244221.0, 101533.0, 21049.0, 14354.0, 2748.0, 10166525.0, 531517.0, 31891.0, 382.0, 1869301.0, 652.0, 266173.0, 4985359.0, 482830.0, 204765.0, 11618464.0, 57012131.0, 93003263.0, 215607.0, 99752.0, 2150091.0, 214754282.0, 3350461.0, 92529.0, 27173931.0, 24393496.0, 50038822.0, 13377940.0, 7435763.0, 9800040.0, 2132152.0, 5842786.0, 22850320.0, 42330.0, 1187655.0, 21778.0, 91991.0, 29909.0, 24430.0, 9241.0, 7828031.0, 70401931.0, 55377.0, 2345197.0, 2749409.0, 282826.0, 62922795.0, 3239718.0, 265451.0, 58530.0, 1098595.0, 2882825.0, 631843.0, 1276052.0, 654077.0, 304392.0, 119234.0, 345319.0, 76194.0]], blend_per_split=None, split='1,0,0', split_matrix=[(0, 1.0), None, None], num_dataset_builder_threads=1, path_to_cache='/tmpdir/barman/bs1024_fullrun/outputs/index_mapping', mmap_bin_files=True, mock=False, tokenizer=<nemo.collections.common.tokenizers.huggingface.auto_tokenizer.AutoTokenizer object at 0x40058c525ac0>, reset_position_ids=False, reset_attention_mask=False, eod_mask_loss=False, create_attention_mask=False, drop_last_partial_validation_sequence=True, add_extra_token_to_sequence=True, s3_cache_path=None)
[NeMo I 2026-04-10 09:32:14 utils:532] Load the _IndexReader from /work/datasets/AI/tokens_luciole_phase1/claire_open_en_text_document.idx
[NeMo I 2026-04-10 09:32:15 utils:532] 	Extract the sequence lengths
[NeMo I 2026-04-10 09:32:15 utils:532] 	Extract the sequence pointers
[NeMo I 2026-04-10 09:32:15 utils:532] 	Extract the document indices
[NeMo I 2026-04-10 09:32:15 utils:532] > total number of sequences: 462740
[NeMo I 2026-04-10 09:32:15 utils:532] > total number of documents: 462740
[NeMo I 2026-04-10 09:32:15 utils:532] Load the GPTDataset train indices
[NeMo I 2026-04-10 09:32:15 utils:532] 	Load the document index from c278a2eb266ce1172450760e13116258-GPTDataset-train-document_index.npy
[NeMo I 2026-04-10 09:32:15 utils:532] 	Load the sample index from c278a2eb266ce1172450760e13116258-GPTDataset-train-sample_index.npy
[NeMo I 2026-04-10 09:32:15 utils:532] 	Load the shuffle index from c278a2eb266ce1172450760e13116258-GPTDataset-train-shuffle_index.npy
[NeMo I 2026-04-10 09:32:15 utils:532] > total number of samples: 58006
[NeMo I 2026-04-10 09:32:15 utils:532] Load the _IndexReader from /work/datasets/AI/tokens_luciole_phase1/claire_open_fr_text_document.idx
[NeMo I 2026-04-10 09:32:15 utils:532] 	Extract the sequence lengths
[NeMo I 2026-04-10 09:32:15 utils:532] 	Extract the sequence pointers
[NeMo I 2026-04-10 09:32:15 utils:532] 	Extract the document indices
[NeMo I 2026-04-10 09:32:15 utils:532] > total number of sequences: 14526
[NeMo I 2026-04-10 09:32:15 utils:532] > total number of documents: 14526
[NeMo I 2026-04-10 09:32:15 utils:532] Load the GPTDataset train indices
[NeMo I 2026-04-10 09:32:15 utils:532] 	Load the document index from e9e3df595a4f5c19d8afbab5002daa48-GPTDataset-train-document_index.npy
[NeMo I 2026-04-10 09:32:15 utils:532] 	Load the sample index from e9e3df595a4f5c19d8afbab5002daa48-GPTDataset-train-sample_index.npy
[NeMo I 2026-04-10 09:32:15 utils:532] 	Load the shuffle index from e9e3df595a4f5c19d8afbab5002daa48-GPTDataset-train-shuffle_index.npy
[NeMo I 2026-04-10 09:32:15 utils:532] > total number of samples: 138193
[NeMo I 2026-04-10 09:32:15 utils:532] Load the _IndexReader from /work/datasets/AI/tokens_luciole_phase1/common-corpus_bnl-newspapers-1841-1879_fr_text_document.idx
[NeMo I 2026-04-10 09:32:15 utils:532] 	Extract the sequence lengths
[NeMo I 2026-04-10 09:32:15 utils:532] 	Extract the sequence pointers
[NeMo I 2026-04-10 09:32:15 utils:532] 	Extract the document indices
[NeMo I 2026-04-10 09:32:15 utils:532] > total number of sequences: 315272
[NeMo I 2026-04-10 09:32:15 utils:532] > total number of documents: 315272
[NeMo I 2026-04-10 09:32:15 utils:532] Load the GPTDataset train indices
[NeMo I 2026-04-10 09:32:15 utils:532] 	Load the document index from bf49c6faa0d4a2569c1d2a543370fada-GPTDataset-train-document_index.npy
[NeMo I 2026-04-10 09:32:15 utils:532] 	Load the sample index from bf49c6faa0d4a2569c1d2a543370fada-GPTDataset-train-sample_index.npy
[NeMo I 2026-04-10 09:32:15 utils:532] 	Load the shuffle index from bf49c6faa0d4a2569c1d2a543370fada-GPTDataset-train-shuffle_index.npy
[NeMo I 2026-04-10 09:32:15 utils:532] > total number of samples: 132475
[NeMo I 2026-04-10 09:32:15 utils:532] Load the _IndexReader from /work/datasets/AI/tokens_luciole_phase1/common-corpus_eurlex_multi_text_document.idx
[NeMo I 2026-04-10 09:32:15 utils:532] 	Extract the sequence lengths
[NeMo I 2026-04-10 09:32:15 utils:532] 	Extract the sequence pointers
[NeMo I 2026-04-10 09:32:15 utils:532] 	Extract the document indices
[NeMo I 2026-04-10 09:32:15 utils:532] > total number of sequences: 1803972
[NeMo I 2026-04-10 09:32:15 utils:532] > total number of documents: 1803972
[NeMo I 2026-04-10 09:32:15 utils:532] Load the GPTDataset train indices
[NeMo I 2026-04-10 09:32:15 utils:532] 	Load the document index from d0e71574d22e0e9587d79d18462d5269-GPTDataset-train-document_index.npy
[NeMo I 2026-04-10 09:32:15 utils:532] 	Load the sample index from d0e71574d22e0e9587d79d18462d5269-GPTDataset-train-sample_index.npy
[NeMo I 2026-04-10 09:32:15 utils:532] 	Load the shuffle index from d0e71574d22e0e9587d79d18462d5269-GPTDataset-train-shuffle_index.npy
[NeMo I 2026-04-10 09:32:15 utils:532] > total number of samples: 7203329
[NeMo I 2026-04-10 09:32:15 utils:532] Load the _IndexReader from /work/datasets/AI/tokens_luciole_phase1/common-corpus_gatt-library_multi_text_document.idx
[NeMo I 2026-04-10 09:32:15 utils:532] 	Extract the sequence lengths
[NeMo I 2026-04-10 09:32:15 utils:532] 	Extract the sequence pointers
[NeMo I 2026-04-10 09:32:15 utils:532] 	Extract the document indices
[NeMo I 2026-04-10 09:32:15 utils:532] > total number of sequences: 55289
[NeMo I 2026-04-10 09:32:15 utils:532] > total number of documents: 55289
[NeMo I 2026-04-10 09:32:15 utils:532] Load the GPTDataset train indices
[NeMo I 2026-04-10 09:32:15 utils:532] 	Load the document index from 0e3af409956f4c7e07347f35d50e7331-GPTDataset-train-document_index.npy
[NeMo I 2026-04-10 09:32:15 utils:532] 	Load the sample index from 0e3af409956f4c7e07347f35d50e7331-GPTDataset-train-sample_index.npy
[NeMo I 2026-04-10 09:32:15 utils:532] 	Load the shuffle index from 0e3af409956f4c7e07347f35d50e7331-GPTDataset-train-shuffle_index.npy
[NeMo I 2026-04-10 09:32:15 utils:532] > total number of samples: 82644
[NeMo I 2026-04-10 09:32:15 utils:532] Load the _IndexReader from /work/datasets/AI/tokens_luciole_phase1/common-corpus_oecd_multi_text_document.idx
[NeMo I 2026-04-10 09:32:15 utils:532] 	Extract the sequence lengths
[NeMo I 2026-04-10 09:32:15 utils:532] 	Extract the sequence pointers
[NeMo I 2026-04-10 09:32:15 utils:532] 	Extract the document indices
[NeMo I 2026-04-10 09:32:15 utils:532] > total number of sequences: 68581
[NeMo I 2026-04-10 09:32:15 utils:532] > total number of documents: 68581
[NeMo I 2026-04-10 09:32:15 utils:532] Load the GPTDataset train indices
[NeMo I 2026-04-10 09:32:15 utils:532] 	Load the document index from b6cd086337313001b25df2df65dc4979-GPTDataset-train-document_index.npy
[NeMo I 2026-04-10 09:32:15 utils:532] 	Load the sample index from b6cd086337313001b25df2df65dc4979-GPTDataset-train-sample_index.npy
[NeMo I 2026-04-10 09:32:15 utils:532] 	Load the shuffle index from b6cd086337313001b25df2df65dc4979-GPTDataset-train-shuffle_index.npy
[NeMo I 2026-04-10 09:32:15 utils:532] > total number of samples: 243939
[NeMo I 2026-04-10 09:32:15 utils:532] Load the _IndexReader from /work/datasets/AI/tokens_luciole_phase1/common-corpus_tedeutenders_multi_text_document.idx
[NeMo I 2026-04-10 09:32:15 utils:532] 	Extract the sequence lengths
[NeMo I 2026-04-10 09:32:15 utils:532] 	Extract the sequence pointers
[NeMo I 2026-04-10 09:32:15 utils:532] 	Extract the document indices
[NeMo I 2026-04-10 09:32:15 utils:532] > total number of sequences: 51785
[NeMo I 2026-04-10 09:32:15 utils:532] > total number of documents: 51785
[NeMo I 2026-04-10 09:32:15 utils:532] Load the GPTDataset train indices
[NeMo I 2026-04-10 09:32:15 utils:532] 	Load the document index from a64f343cb03a044e015584691cbd866c-GPTDataset-train-document_index.npy
[NeMo I 2026-04-10 09:32:15 utils:532] 	Load the sample index from a64f343cb03a044e015584691cbd866c-GPTDataset-train-sample_index.npy
[NeMo I 2026-04-10 09:32:15 utils:532] 	Load the shuffle index from a64f343cb03a044e015584691cbd866c-GPTDataset-train-shuffle_index.npy
[NeMo I 2026-04-10 09:32:15 utils:532] > total number of samples: 62552
[NeMo I 2026-04-10 09:32:15 utils:532] Load the _IndexReader from /work/datasets/AI/tokens_luciole_phase1/common-corpus_wto_multi_text_document.idx
[NeMo I 2026-04-10 09:32:15 utils:532] 	Extract the sequence lengths
[NeMo I 2026-04-10 09:32:15 utils:532] 	Extract the sequence pointers
[NeMo I 2026-04-10 09:32:15 utils:532] 	Extract the document indices
[NeMo I 2026-04-10 09:32:15 utils:532] > total number of sequences: 644356
[NeMo I 2026-04-10 09:32:15 utils:532] > total number of documents: 644356
[NeMo I 2026-04-10 09:32:15 utils:532] Load the GPTDataset train indices
[NeMo I 2026-04-10 09:32:15 utils:532] 	Load the document index from 899999aa2e00ad0df6aa025824d3a581-GPTDataset-train-document_index.npy
[NeMo I 2026-04-10 09:32:15 utils:532] 	Load the sample index from 899999aa2e00ad0df6aa025824d3a581-GPTDataset-train-sample_index.npy
[NeMo I 2026-04-10 09:32:15 utils:532] 	Load the shuffle index from 899999aa2e00ad0df6aa025824d3a581-GPTDataset-train-shuffle_index.npy
[NeMo I 2026-04-10 09:32:15 utils:532] > total number of samples: 1154559
[NeMo I 2026-04-10 09:32:15 utils:532] Load the _IndexReader from /work/datasets/AI/tokens_luciole_phase1/common-pile_arxiv-abstracts_en_text_document.idx
[NeMo I 2026-04-10 09:32:18 utils:532] 	Extract the sequence lengths
[NeMo I 2026-04-10 09:32:18 utils:532] 	Extract the sequence pointers
[NeMo I 2026-04-10 09:32:18 utils:532] 	Extract the document indices
[NeMo I 2026-04-10 09:32:18 utils:532] > total number of sequences: 2494948
[NeMo I 2026-04-10 09:32:18 utils:532] > total number of documents: 2494948
[NeMo I 2026-04-10 09:32:18 utils:532] Load the GPTDataset train indices
[NeMo I 2026-04-10 09:32:18 utils:532] 	Load the document index from 978e5d407878da5e8c7ccb07f93574f6-GPTDataset-train-document_index.npy
[NeMo I 2026-04-10 09:32:18 utils:532] 	Load the sample index from 978e5d407878da5e8c7ccb07f93574f6-GPTDataset-train-sample_index.npy
[NeMo I 2026-04-10 09:32:18 utils:532] 	Load the shuffle index from 978e5d407878da5e8c7ccb07f93574f6-GPTDataset-train-shuffle_index.npy
[NeMo I 2026-04-10 09:32:18 utils:532] > total number of samples: 280276
[NeMo I 2026-04-10 09:32:18 utils:532] Load the _IndexReader from /work/datasets/AI/tokens_luciole_phase1/common-pile_arxiv-papers_en_text_document.idx
[NeMo I 2026-04-10 09:32:18 utils:532] 	Extract the sequence lengths
[NeMo I 2026-04-10 09:32:18 utils:532] 	Extract the sequence pointers
[NeMo I 2026-04-10 09:32:18 utils:532] 	Extract the document indices
[NeMo I 2026-04-10 09:32:18 utils:532] > total number of sequences: 265829
[NeMo I 2026-04-10 09:32:18 utils:532] > total number of documents: 265829
[NeMo I 2026-04-10 09:32:18 utils:532] Load the GPTDataset train indices
[NeMo I 2026-04-10 09:32:18 utils:532] 	Load the document index from 608896eed76c237d9c3ae1cdd7b03116-GPTDataset-train-document_index.npy
[NeMo I 2026-04-10 09:32:18 utils:532] 	Load the sample index from 608896eed76c237d9c3ae1cdd7b03116-GPTDataset-train-sample_index.npy
[NeMo I 2026-04-10 09:32:18 utils:532] 	Load the shuffle index from 608896eed76c237d9c3ae1cdd7b03116-GPTDataset-train-shuffle_index.npy
[NeMo I 2026-04-10 09:32:18 utils:532] > total number of samples: 2598069
[NeMo I 2026-04-10 09:32:18 utils:532] Load the _IndexReader from /work/datasets/AI/tokens_luciole_phase1/common-pile_biodiversity-heritage-library_en_text_document.idx
[NeMo I 2026-04-10 09:32:18 utils:532] 	Extract the sequence lengths
[NeMo I 2026-04-10 09:32:18 utils:532] 	Extract the sequence pointers
[NeMo I 2026-04-10 09:32:18 utils:532] 	Extract the document indices
[NeMo I 2026-04-10 09:32:18 utils:532] > total number of sequences: 14559324
[NeMo I 2026-04-10 09:32:18 utils:532] > total number of documents: 14559324
[NeMo I 2026-04-10 09:32:18 utils:532] Load the GPTDataset train indices
[NeMo I 2026-04-10 09:32:18 utils:532] 	Load the document index from 7c3c1c36c58a456be99aeb3129c42a47-GPTDataset-train-document_index.npy
[NeMo I 2026-04-10 09:32:18 utils:532] 	Load the sample index from 7c3c1c36c58a456be99aeb3129c42a47-GPTDataset-train-sample_index.npy
[NeMo I 2026-04-10 09:32:18 utils:532] 	Load the shuffle index from 7c3c1c36c58a456be99aeb3129c42a47-GPTDataset-train-shuffle_index.npy
[NeMo I 2026-04-10 09:32:18 utils:532] > total number of samples: 2155443
[NeMo I 2026-04-10 09:32:18 utils:532] Load the _IndexReader from /work/datasets/AI/tokens_luciole_phase1/common-pile_caselaw-access-project_en_text_document.idx
[NeMo I 2026-04-10 09:32:18 utils:532] 	Extract the sequence lengths
[NeMo I 2026-04-10 09:32:18 utils:532] 	Extract the sequence pointers
[NeMo I 2026-04-10 09:32:18 utils:532] 	Extract the document indices
[NeMo I 2026-04-10 09:32:18 utils:532] > total number of sequences: 6675458
[NeMo I 2026-04-10 09:32:18 utils:532] > total number of documents: 6675458
[NeMo I 2026-04-10 09:32:18 utils:532] Load the GPTDataset train indices
[NeMo I 2026-04-10 09:32:18 utils:532] 	Load the document index from ec105bfa9c756daba1dfd117e687d172-GPTDataset-train-document_index.npy
[NeMo I 2026-04-10 09:32:18 utils:532] 	Load the sample index from ec105bfa9c756daba1dfd117e687d172-GPTDataset-train-sample_index.npy
[NeMo I 2026-04-10 09:32:18 utils:532] 	Load the shuffle index from ec105bfa9c756daba1dfd117e687d172-GPTDataset-train-shuffle_index.npy
[NeMo I 2026-04-10 09:32:18 utils:532] > total number of samples: 4648487
[NeMo I 2026-04-10 09:32:18 utils:532] Load the _IndexReader from /work/datasets/AI/tokens_luciole_phase1/common-pile_doab_en_text_document.idx
[NeMo I 2026-04-10 09:32:18 utils:532] 	Extract the sequence lengths
[NeMo I 2026-04-10 09:32:18 utils:532] 	Extract the sequence pointers
[NeMo I 2026-04-10 09:32:18 utils:532] 	Extract the document indices
[NeMo I 2026-04-10 09:32:18 utils:532] > total number of sequences: 392508
[NeMo I 2026-04-10 09:32:18 utils:532] > total number of documents: 392508
[NeMo I 2026-04-10 09:32:18 utils:532] Load the GPTDataset train indices
[NeMo I 2026-04-10 09:32:18 utils:532] 	Load the document index from 95b255fdfe8df21733b838fde7ffb303-GPTDataset-train-document_index.npy
[NeMo I 2026-04-10 09:32:18 utils:532] 	Load the sample index from 95b255fdfe8df21733b838fde7ffb303-GPTDataset-train-sample_index.npy
[NeMo I 2026-04-10 09:32:18 utils:532] 	Load the shuffle index from 95b255fdfe8df21733b838fde7ffb303-GPTDataset-train-shuffle_index.npy
[NeMo I 2026-04-10 09:32:18 utils:532] > total number of samples: 1425572
[NeMo I 2026-04-10 09:32:18 utils:532] Load the _IndexReader from /work/datasets/AI/tokens_luciole_phase1/common-pile_foodista_en_text_document.idx
[NeMo I 2026-04-10 09:32:18 utils:532] 	Extract the sequence lengths
[NeMo I 2026-04-10 09:32:18 utils:532] 	Extract the sequence pointers
[NeMo I 2026-04-10 09:32:18 utils:532] 	Extract the document indices
[NeMo I 2026-04-10 09:32:18 utils:532] > total number of sequences: 64362
[NeMo I 2026-04-10 09:32:18 utils:532] > total number of documents: 64362
[NeMo I 2026-04-10 09:32:18 utils:532] Load the GPTDataset train indices
[NeMo I 2026-04-10 09:32:18 utils:532] 	Load the document index from ce26f4c8e127de4a3d70bf0e960f511b-GPTDataset-train-document_index.npy
[NeMo I 2026-04-10 09:32:18 utils:532] 	Load the sample index from ce26f4c8e127de4a3d70bf0e960f511b-GPTDataset-train-sample_index.npy
[NeMo I 2026-04-10 09:32:18 utils:532] 	Load the shuffle index from ce26f4c8e127de4a3d70bf0e960f511b-GPTDataset-train-shuffle_index.npy
[NeMo I 2026-04-10 09:32:18 utils:532] > total number of samples: 11206
[NeMo I 2026-04-10 09:32:18 utils:532] Load the _IndexReader from /work/datasets/AI/tokens_luciole_phase1/common-pile_github-archive_en_text_document.idx
[NeMo I 2026-04-10 09:32:18 utils:532] 	Extract the sequence lengths
[NeMo I 2026-04-10 09:32:18 utils:532] 	Extract the sequence pointers
[NeMo I 2026-04-10 09:32:18 utils:532] 	Extract the document indices
[NeMo I 2026-04-10 09:32:18 utils:532] > total number of sequences: 21453611
[NeMo I 2026-04-10 09:32:18 utils:532] > total number of documents: 21453611
[NeMo I 2026-04-10 09:32:18 utils:532] Load the GPTDataset train indices
[NeMo I 2026-04-10 09:32:18 utils:532] 	Load the document index from 24c349adb8df689f5f8e3c132574a8db-GPTDataset-train-document_index.npy
[NeMo I 2026-04-10 09:32:18 utils:532] 	Load the sample index from 24c349adb8df689f5f8e3c132574a8db-GPTDataset-train-sample_index.npy
[NeMo I 2026-04-10 09:32:18 utils:532] 	Load the shuffle index from 24c349adb8df689f5f8e3c132574a8db-GPTDataset-train-shuffle_index.npy
[NeMo I 2026-04-10 09:32:18 utils:532] > total number of samples: 4488442
[NeMo I 2026-04-10 09:32:18 utils:532] Load the _IndexReader from /work/datasets/AI/tokens_luciole_phase1/common-pile_library-of-congress_en_text_document.idx
[NeMo I 2026-04-10 09:32:18 utils:532] 	Extract the sequence lengths
[NeMo I 2026-04-10 09:32:18 utils:532] 	Extract the sequence pointers
[NeMo I 2026-04-10 09:32:18 utils:532] 	Extract the document indices
[NeMo I 2026-04-10 09:32:18 utils:532] > total number of sequences: 128517
[NeMo I 2026-04-10 09:32:18 utils:532] > total number of documents: 128517
[NeMo I 2026-04-10 09:32:18 utils:532] Load the GPTDataset train indices
[NeMo I 2026-04-10 09:32:18 utils:532] 	Load the document index from 32fcea92eadf81eda1ef5e479f98cc85-GPTDataset-train-document_index.npy
[NeMo I 2026-04-10 09:32:18 utils:532] 	Load the sample index from 32fcea92eadf81eda1ef5e479f98cc85-GPTDataset-train-sample_index.npy
[NeMo I 2026-04-10 09:32:18 utils:532] 	Load the shuffle index from 32fcea92eadf81eda1ef5e479f98cc85-GPTDataset-train-shuffle_index.npy
[NeMo I 2026-04-10 09:32:18 utils:532] > total number of samples: 2030664
[NeMo I 2026-04-10 09:32:18 utils:532] Load the _IndexReader from /work/datasets/AI/tokens_luciole_phase1/common-pile_libretexts_en_text_document.idx
[NeMo I 2026-04-10 09:32:18 utils:532] 	Extract the sequence lengths
[NeMo I 2026-04-10 09:32:18 utils:532] 	Extract the sequence pointers
[NeMo I 2026-04-10 09:32:18 utils:532] 	Extract the document indices
[NeMo I 2026-04-10 09:32:18 utils:532] > total number of sequences: 39197
[NeMo I 2026-04-10 09:32:18 utils:532] > total number of documents: 39197
[NeMo I 2026-04-10 09:32:18 utils:532] Load the GPTDataset train indices
[NeMo I 2026-04-10 09:32:18 utils:532] 	Load the document index from 59f138e65187f3a05870ceada4e6b6d4-GPTDataset-train-document_index.npy
[NeMo I 2026-04-10 09:32:18 utils:532] 	Load the sample index from 59f138e65187f3a05870ceada4e6b6d4-GPTDataset-train-sample_index.npy
[NeMo I 2026-04-10 09:32:18 utils:532] 	Load the shuffle index from 59f138e65187f3a05870ceada4e6b6d4-GPTDataset-train-shuffle_index.npy
[NeMo I 2026-04-10 09:32:18 utils:532] > total number of samples: 42098
[NeMo I 2026-04-10 09:32:18 utils:532] Load the _IndexReader from /work/datasets/AI/tokens_luciole_phase1/common-pile_news_en_text_document.idx
[NeMo I 2026-04-10 09:32:18 utils:532] 	Extract the sequence lengths
[NeMo I 2026-04-10 09:32:18 utils:532] 	Extract the sequence pointers
[NeMo I 2026-04-10 09:32:18 utils:532] 	Extract the document indices
[NeMo I 2026-04-10 09:32:18 utils:532] > total number of sequences: 124462
[NeMo I 2026-04-10 09:32:18 utils:532] > total number of documents: 124462
[NeMo I 2026-04-10 09:32:18 utils:532] Load the GPTDataset train indices
[NeMo I 2026-04-10 09:32:18 utils:532] 	Load the document index from bfa8f51461bce61153eb586fb1ecd2dc-GPTDataset-train-document_index.npy
[NeMo I 2026-04-10 09:32:18 utils:532] 	Load the sample index from bfa8f51461bce61153eb586fb1ecd2dc-GPTDataset-train-sample_index.npy
[NeMo I 2026-04-10 09:32:18 utils:532] 	Load the shuffle index from bfa8f51461bce61153eb586fb1ecd2dc-GPTDataset-train-shuffle_index.npy
[NeMo I 2026-04-10 09:32:18 utils:532] > total number of samples: 28708
[NeMo I 2026-04-10 09:32:18 utils:532] Load the _IndexReader from /work/datasets/AI/tokens_luciole_phase1/common-pile_oercommons_en_text_document.idx
[NeMo I 2026-04-10 09:32:18 utils:532] 	Extract the sequence lengths
[NeMo I 2026-04-10 09:32:18 utils:532] 	Extract the sequence pointers
[NeMo I 2026-04-10 09:32:18 utils:532] 	Extract the document indices
[NeMo I 2026-04-10 09:32:18 utils:532] > total number of sequences: 5209
[NeMo I 2026-04-10 09:32:18 utils:532] > total number of documents: 5209
[NeMo I 2026-04-10 09:32:18 utils:532] Load the GPTDataset train indices
[NeMo I 2026-04-10 09:32:18 utils:532] 	Load the document index from d84be8ded1d9263c60b37e2dd2ccae0f-GPTDataset-train-document_index.npy
[NeMo I 2026-04-10 09:32:18 utils:532] 	Load the sample index from d84be8ded1d9263c60b37e2dd2ccae0f-GPTDataset-train-sample_index.npy
[NeMo I 2026-04-10 09:32:18 utils:532] 	Load the shuffle index from d84be8ded1d9263c60b37e2dd2ccae0f-GPTDataset-train-shuffle_index.npy
[NeMo I 2026-04-10 09:32:18 utils:532] > total number of samples: 5497
[NeMo I 2026-04-10 09:32:18 utils:532] Load the _IndexReader from /work/datasets/AI/tokens_luciole_phase1/common-pile_peS2o_en_text_document.idx
[NeMo I 2026-04-10 09:32:18 utils:532] 	Extract the sequence lengths
[NeMo I 2026-04-10 09:32:18 utils:532] 	Extract the sequence pointers
[NeMo I 2026-04-10 09:32:18 utils:532] 	Extract the document indices
[NeMo I 2026-04-10 09:32:18 utils:532] > total number of sequences: 6108597
[NeMo I 2026-04-10 09:32:18 utils:532] > total number of documents: 6108597
[NeMo I 2026-04-10 09:32:18 utils:532] Load the GPTDataset train indices
[NeMo I 2026-04-10 09:32:18 utils:532] 	Load the document index from 9e039f577ccdd45b49b326fda56daf9d-GPTDataset-train-document_index.npy
[NeMo I 2026-04-10 09:32:18 utils:532] 	Load the sample index from 9e039f577ccdd45b49b326fda56daf9d-GPTDataset-train-sample_index.npy
[NeMo I 2026-04-10 09:32:18 utils:532] 	Load the shuffle index from 9e039f577ccdd45b49b326fda56daf9d-GPTDataset-train-shuffle_index.npy
[NeMo I 2026-04-10 09:32:18 utils:532] > total number of samples: 20333050
[NeMo I 2026-04-10 09:32:18 utils:532] Load the _IndexReader from /work/datasets/AI/tokens_luciole_phase1/common-pile_pre-1929-books_en_text_document.idx
[NeMo I 2026-04-10 09:32:18 utils:532] 	Extract the sequence lengths
[NeMo I 2026-04-10 09:32:18 utils:532] 	Extract the sequence pointers
[NeMo I 2026-04-10 09:32:18 utils:532] 	Extract the document indices
[NeMo I 2026-04-10 09:32:18 utils:532] > total number of sequences: 124257
[NeMo I 2026-04-10 09:32:18 utils:532] > total number of documents: 124257
[NeMo I 2026-04-10 09:32:18 utils:532] Load the GPTDataset train indices
[NeMo I 2026-04-10 09:32:18 utils:532] 	Load the document index from 74731a6e40c4ceaa81c8c96085bfd237-GPTDataset-train-document_index.npy
[NeMo I 2026-04-10 09:32:18 utils:532] 	Load the sample index from 74731a6e40c4ceaa81c8c96085bfd237-GPTDataset-train-sample_index.npy
[NeMo I 2026-04-10 09:32:18 utils:532] 	Load the shuffle index from 74731a6e40c4ceaa81c8c96085bfd237-GPTDataset-train-shuffle_index.npy
[NeMo I 2026-04-10 09:32:18 utils:532] > total number of samples: 2657587
[NeMo I 2026-04-10 09:32:18 utils:532] Load the _IndexReader from /work/datasets/AI/tokens_luciole_phase1/common-pile_pressbooks_en_text_document.idx
[NeMo I 2026-04-10 09:32:18 utils:532] 	Extract the sequence lengths
[NeMo I 2026-04-10 09:32:18 utils:532] 	Extract the sequence pointers
[NeMo I 2026-04-10 09:32:18 utils:532] 	Extract the document indices
[NeMo I 2026-04-10 09:32:18 utils:532] > total number of sequences: 53819
[NeMo I 2026-04-10 09:32:18 utils:532] > total number of documents: 53819
[NeMo I 2026-04-10 09:32:18 utils:532] Load the GPTDataset train indices
[NeMo I 2026-04-10 09:32:18 utils:532] 	Load the document index from 48e6de04e97c2a9e86d1e0a8bd74b72e-GPTDataset-train-document_index.npy
[NeMo I 2026-04-10 09:32:18 utils:532] 	Load the sample index from 48e6de04e97c2a9e86d1e0a8bd74b72e-GPTDataset-train-sample_index.npy
[NeMo I 2026-04-10 09:32:18 utils:532] 	Load the shuffle index from 48e6de04e97c2a9e86d1e0a8bd74b72e-GPTDataset-train-shuffle_index.npy
[NeMo I 2026-04-10 09:32:18 utils:532] > total number of samples: 63783
[NeMo I 2026-04-10 09:32:18 utils:532] Load the _IndexReader from /work/datasets/AI/tokens_luciole_phase1/common-pile_public-domain-review_en_text_document.idx
[NeMo I 2026-04-10 09:32:18 utils:532] 	Extract the sequence lengths
[NeMo I 2026-04-10 09:32:18 utils:532] 	Extract the sequence pointers
[NeMo I 2026-04-10 09:32:18 utils:532] 	Extract the document indices
[NeMo I 2026-04-10 09:32:18 utils:532] > total number of sequences: 1406
[NeMo I 2026-04-10 09:32:18 utils:532] > total number of documents: 1406
[NeMo I 2026-04-10 09:32:18 utils:532] Load the GPTDataset train indices
[NeMo I 2026-04-10 09:32:18 utils:532] 	Load the document index from 6f9e86b1a98763d6698d1e9954f5edd0-GPTDataset-train-document_index.npy
[NeMo I 2026-04-10 09:32:18 utils:532] 	Load the sample index from 6f9e86b1a98763d6698d1e9954f5edd0-GPTDataset-train-sample_index.npy
[NeMo I 2026-04-10 09:32:18 utils:532] 	Load the shuffle index from 6f9e86b1a98763d6698d1e9954f5edd0-GPTDataset-train-shuffle_index.npy
[NeMo I 2026-04-10 09:32:18 utils:532] > total number of samples: 765
[NeMo I 2026-04-10 09:32:18 utils:532] Load the _IndexReader from /work/datasets/AI/tokens_luciole_phase1/common-pile_pubmed_en_text_document.idx
[NeMo I 2026-04-10 09:32:18 utils:532] 	Extract the sequence lengths
[NeMo I 2026-04-10 09:32:18 utils:532] 	Extract the sequence pointers
[NeMo I 2026-04-10 09:32:18 utils:532] 	Extract the document indices
[NeMo I 2026-04-10 09:32:18 utils:532] > total number of sequences: 3775036
[NeMo I 2026-04-10 09:32:18 utils:532] > total number of documents: 3775036
[NeMo I 2026-04-10 09:32:18 utils:532] Load the GPTDataset train indices
[NeMo I 2026-04-10 09:32:18 utils:532] 	Load the document index from ed9c7e8ff0fc787ece92a31011aade01-GPTDataset-train-document_index.npy
[NeMo I 2026-04-10 09:32:18 utils:532] 	Load the sample index from ed9c7e8ff0fc787ece92a31011aade01-GPTDataset-train-sample_index.npy
[NeMo I 2026-04-10 09:32:18 utils:532] 	Load the shuffle index from ed9c7e8ff0fc787ece92a31011aade01-GPTDataset-train-shuffle_index.npy
[NeMo I 2026-04-10 09:32:18 utils:532] > total number of samples: 9346505
[NeMo I 2026-04-10 09:32:18 utils:532] Load the _IndexReader from /work/datasets/AI/tokens_luciole_phase1/common-pile_python-enhancement-proposals_en_text_document.idx
[NeMo I 2026-04-10 09:32:18 utils:532] 	Extract the sequence lengths
[NeMo I 2026-04-10 09:32:18 utils:532] 	Extract the sequence pointers
[NeMo I 2026-04-10 09:32:18 utils:532] 	Extract the document indices
[NeMo I 2026-04-10 09:32:18 utils:532] > total number of sequences: 646
[NeMo I 2026-04-10 09:32:18 utils:532] > total number of documents: 646
[NeMo I 2026-04-10 09:32:18 utils:532] Load the GPTDataset train indices
[NeMo I 2026-04-10 09:32:18 utils:532] 	Load the document index from 86d7711a29ef80b8e2382302c0d50784-GPTDataset-train-document_index.npy
[NeMo I 2026-04-10 09:32:18 utils:532] 	Load the sample index from 86d7711a29ef80b8e2382302c0d50784-GPTDataset-train-sample_index.npy
[NeMo I 2026-04-10 09:32:18 utils:532] 	Load the shuffle index from 86d7711a29ef80b8e2382302c0d50784-GPTDataset-train-shuffle_index.npy
[NeMo I 2026-04-10 09:32:18 utils:532] > total number of samples: 1305
[NeMo I 2026-04-10 09:32:18 utils:532] Load the _IndexReader from /work/datasets/AI/tokens_luciole_phase1/common-pile_regulations_en_text_document.idx
[NeMo I 2026-04-10 09:32:19 utils:532] 	Extract the sequence lengths
[NeMo I 2026-04-10 09:32:19 utils:532] 	Extract the sequence pointers
[NeMo I 2026-04-10 09:32:19 utils:532] 	Extract the document indices
[NeMo I 2026-04-10 09:32:19 utils:532] > total number of sequences: 188458
[NeMo I 2026-04-10 09:32:19 utils:532] > total number of documents: 188458
[NeMo I 2026-04-10 09:32:19 utils:532] Load the GPTDataset train indices
[NeMo I 2026-04-10 09:32:19 utils:532] 	Load the document index from 89b0a7e11cdc7ad898db82aa581381d4-GPTDataset-train-document_index.npy
[NeMo I 2026-04-10 09:32:19 utils:532] 	Load the sample index from 89b0a7e11cdc7ad898db82aa581381d4-GPTDataset-train-sample_index.npy
[NeMo I 2026-04-10 09:32:19 utils:532] 	Load the shuffle index from 89b0a7e11cdc7ad898db82aa581381d4-GPTDataset-train-shuffle_index.npy
[NeMo I 2026-04-10 09:32:19 utils:532] > total number of samples: 532346
[NeMo I 2026-04-10 09:32:19 utils:532] Load the _IndexReader from /work/datasets/AI/tokens_luciole_phase1/common-pile_stackexchange_en_text_document.idx
[NeMo I 2026-04-10 09:32:19 utils:532] 	Extract the sequence lengths
[NeMo I 2026-04-10 09:32:19 utils:532] 	Extract the sequence pointers
[NeMo I 2026-04-10 09:32:19 utils:532] 	Extract the document indices
[NeMo I 2026-04-10 09:32:19 utils:532] > total number of sequences: 27698689
[NeMo I 2026-04-10 09:32:19 utils:532] > total number of documents: 27698689
[NeMo I 2026-04-10 09:32:19 utils:532] Load the GPTDataset train indices
[NeMo I 2026-04-10 09:32:19 utils:532] 	Load the document index from 19c7ff469537bb065841354a73066c3c-GPTDataset-train-document_index.npy
[NeMo I 2026-04-10 09:32:19 utils:532] 	Load the sample index from 19c7ff469537bb065841354a73066c3c-GPTDataset-train-sample_index.npy
[NeMo I 2026-04-10 09:32:19 utils:532] 	Load the shuffle index from 19c7ff469537bb065841354a73066c3c-GPTDataset-train-shuffle_index.npy
[NeMo I 2026-04-10 09:32:19 utils:532] > total number of samples: 9970719
[NeMo I 2026-04-10 09:32:19 utils:532] Load the _IndexReader from /work/datasets/AI/tokens_luciole_phase1/common-pile_ubuntu-irc_en_text_document.idx
[NeMo I 2026-04-10 09:32:19 utils:532] 	Extract the sequence lengths
[NeMo I 2026-04-10 09:32:19 utils:532] 	Extract the sequence pointers
[NeMo I 2026-04-10 09:32:19 utils:532] 	Extract the document indices
[NeMo I 2026-04-10 09:32:19 utils:532] > total number of sequences: 214985
[NeMo I 2026-04-10 09:32:19 utils:532] > total number of documents: 214985
[NeMo I 2026-04-10 09:32:19 utils:532] Load the GPTDataset train indices
[NeMo I 2026-04-10 09:32:19 utils:532] 	Load the document index from 4d4ee5eb2bed3536cc74337a566a5bfb-GPTDataset-train-document_index.npy
[NeMo I 2026-04-10 09:32:19 utils:532] 	Load the sample index from 4d4ee5eb2bed3536cc74337a566a5bfb-GPTDataset-train-sample_index.npy
[NeMo I 2026-04-10 09:32:19 utils:532] 	Load the shuffle index from 4d4ee5eb2bed3536cc74337a566a5bfb-GPTDataset-train-shuffle_index.npy
[NeMo I 2026-04-10 09:32:19 utils:532] > total number of samples: 965661
[NeMo I 2026-04-10 09:32:19 utils:532] Load the _IndexReader from /work/datasets/AI/tokens_luciole_phase1/common-pile_youtube_en_text_document.idx
[NeMo I 2026-04-10 09:32:20 utils:532] 	Extract the sequence lengths
[NeMo I 2026-04-10 09:32:20 utils:532] 	Extract the sequence pointers
[NeMo I 2026-04-10 09:32:20 utils:532] 	Extract the document indices
[NeMo I 2026-04-10 09:32:20 utils:532] > total number of sequences: 984915
[NeMo I 2026-04-10 09:32:20 utils:532] > total number of documents: 984915
[NeMo I 2026-04-10 09:32:20 utils:532] Load the GPTDataset train indices
[NeMo I 2026-04-10 09:32:20 utils:532] 	Load the document index from eb75be21094bb4512c69e5510aa37e7e-GPTDataset-train-document_index.npy
[NeMo I 2026-04-10 09:32:20 utils:532] 	Load the sample index from eb75be21094bb4512c69e5510aa37e7e-GPTDataset-train-sample_index.npy
[NeMo I 2026-04-10 09:32:20 utils:532] 	Load the shuffle index from eb75be21094bb4512c69e5510aa37e7e-GPTDataset-train-shuffle_index.npy
[NeMo I 2026-04-10 09:32:20 utils:532] > total number of samples: 1023829
[NeMo I 2026-04-10 09:32:20 utils:532] Load the _IndexReader from /work/datasets/AI/tokens_luciole_phase1/croissant-aligned_aligned_text_document.idx
[NeMo I 2026-04-10 09:32:20 utils:532] 	Extract the sequence lengths
[NeMo I 2026-04-10 09:32:20 utils:532] 	Extract the sequence pointers
[NeMo I 2026-04-10 09:32:20 utils:532] 	Extract the document indices
[NeMo I 2026-04-10 09:32:20 utils:532] > total number of sequences: 408028865
[NeMo I 2026-04-10 09:32:20 utils:532] > total number of documents: 408028865
[NeMo I 2026-04-10 09:32:20 utils:532] Load the GPTDataset train indices
[NeMo I 2026-04-10 09:32:20 utils:532] 	Load the document index from 4599affe3f6652fa2642e4001d2d95be-GPTDataset-train-document_index.npy
[NeMo I 2026-04-10 09:32:20 utils:532] 	Load the sample index from 4599affe3f6652fa2642e4001d2d95be-GPTDataset-train-sample_index.npy
[NeMo I 2026-04-10 09:32:20 utils:532] 	Load the shuffle index from 4599affe3f6652fa2642e4001d2d95be-GPTDataset-train-shuffle_index.npy
[NeMo I 2026-04-10 09:32:20 utils:532] > total number of samples: 17427696
[NeMo I 2026-04-10 09:32:20 utils:532] Load the _IndexReader from /work/datasets/AI/tokens_luciole_phase1/culturax_fr_text_document_ratio1.30_phase0.idx
[NeMo I 2026-04-10 09:32:21 utils:532] 	Extract the sequence lengths
[NeMo I 2026-04-10 09:32:21 utils:532] 	Extract the sequence pointers
[NeMo I 2026-04-10 09:32:21 utils:532] 	Extract the document indices
[NeMo I 2026-04-10 09:32:21 utils:532] > total number of sequences: 315407250
[NeMo I 2026-04-10 09:32:21 utils:532] > total number of documents: 315407250
[NeMo I 2026-04-10 09:32:21 utils:532] Load the GPTDataset train indices
[NeMo I 2026-04-10 09:32:21 utils:532] 	Load the document index from 5b4b380cd0d2debe889f3a6e24330ee2-GPTDataset-train-document_index.npy
[NeMo I 2026-04-10 09:32:21 utils:532] 	Load the sample index from 5b4b380cd0d2debe889f3a6e24330ee2-GPTDataset-train-sample_index.npy
[NeMo I 2026-04-10 09:32:21 utils:532] 	Load the shuffle index from 5b4b380cd0d2debe889f3a6e24330ee2-GPTDataset-train-shuffle_index.npy
[NeMo I 2026-04-10 09:32:21 utils:532] > total number of samples: 114034914
[NeMo I 2026-04-10 09:32:21 utils:532] Load the _IndexReader from /work/datasets/AI/tokens_luciole_phase1/dclm-dolmino_en_text_document_ratio0.75_phase0.idx
[NeMo I 2026-04-10 09:32:21 utils:532] 	Extract the sequence lengths
[NeMo I 2026-04-10 09:32:21 utils:532] 	Extract the sequence pointers
[NeMo I 2026-04-10 09:32:21 utils:532] 	Extract the document indices
[NeMo I 2026-04-10 09:32:21 utils:532] > total number of sequences: 298566785
[NeMo I 2026-04-10 09:32:21 utils:532] > total number of documents: 298566785
[NeMo I 2026-04-10 09:32:21 utils:532] Load the GPTDataset train indices
[NeMo I 2026-04-10 09:32:21 utils:532] 	Load the document index from c39c995029d3a3bb44e5e8a1c891e319-GPTDataset-train-document_index.npy
[NeMo I 2026-04-10 09:32:21 utils:532] 	Load the sample index from c39c995029d3a3bb44e5e8a1c891e319-GPTDataset-train-sample_index.npy
[NeMo I 2026-04-10 09:32:21 utils:532] 	Load the shuffle index from c39c995029d3a3bb44e5e8a1c891e319-GPTDataset-train-shuffle_index.npy
[NeMo I 2026-04-10 09:32:21 utils:532] > total number of samples: 186006443
[NeMo I 2026-04-10 09:32:21 utils:532] Load the _IndexReader from /work/datasets/AI/tokens_luciole_phase1/europarl_aligned_text_document.idx
[NeMo I 2026-04-10 09:32:21 utils:532] 	Extract the sequence lengths
[NeMo I 2026-04-10 09:32:21 utils:532] 	Extract the sequence pointers
[NeMo I 2026-04-10 09:32:21 utils:532] 	Extract the document indices
[NeMo I 2026-04-10 09:32:21 utils:532] > total number of sequences: 11600886
[NeMo I 2026-04-10 09:32:21 utils:532] > total number of documents: 11600886
[NeMo I 2026-04-10 09:32:21 utils:532] Load the GPTDataset train indices
[NeMo I 2026-04-10 09:32:21 utils:532] 	Load the document index from 24010f92c8471bed5d674d2f54bf0a0b-GPTDataset-train-document_index.npy
[NeMo I 2026-04-10 09:32:21 utils:532] 	Load the sample index from 24010f92c8471bed5d674d2f54bf0a0b-GPTDataset-train-sample_index.npy
[NeMo I 2026-04-10 09:32:21 utils:532] 	Load the shuffle index from 24010f92c8471bed5d674d2f54bf0a0b-GPTDataset-train-shuffle_index.npy
[NeMo I 2026-04-10 09:32:21 utils:532] > total number of samples: 431215
[NeMo I 2026-04-10 09:32:21 utils:532] Load the _IndexReader from /work/datasets/AI/tokens_luciole_phase1/europarl_multi_text_document.idx
[NeMo I 2026-04-10 09:32:21 utils:532] 	Extract the sequence lengths
[NeMo I 2026-04-10 09:32:21 utils:532] 	Extract the sequence pointers
[NeMo I 2026-04-10 09:32:21 utils:532] 	Extract the document indices
[NeMo I 2026-04-10 09:32:21 utils:532] > total number of sequences: 62440
[NeMo I 2026-04-10 09:32:21 utils:532] > total number of documents: 62440
[NeMo I 2026-04-10 09:32:21 utils:532] Load the GPTDataset train indices
[NeMo I 2026-04-10 09:32:21 utils:532] 	Load the document index from cee6530401c9e273fcaa2ad66a04cc7c-GPTDataset-train-document_index.npy
[NeMo I 2026-04-10 09:32:21 utils:532] 	Load the sample index from cee6530401c9e273fcaa2ad66a04cc7c-GPTDataset-train-sample_index.npy
[NeMo I 2026-04-10 09:32:21 utils:532] 	Load the shuffle index from cee6530401c9e273fcaa2ad66a04cc7c-GPTDataset-train-shuffle_index.npy
[NeMo I 2026-04-10 09:32:21 utils:532] > total number of samples: 199504
[NeMo I 2026-04-10 09:32:21 utils:532] Load the _IndexReader from /work/datasets/AI/tokens_luciole_phase1/eurovoc_filtered_multi_text_document.idx
[NeMo I 2026-04-10 09:32:21 utils:532] 	Extract the sequence lengths
[NeMo I 2026-04-10 09:32:21 utils:532] 	Extract the sequence pointers
[NeMo I 2026-04-10 09:32:21 utils:532] 	Extract the document indices
[NeMo I 2026-04-10 09:32:21 utils:532] > total number of sequences: 1748652
[NeMo I 2026-04-10 09:32:21 utils:532] > total number of documents: 1748652
[NeMo I 2026-04-10 09:32:21 utils:532] Load the GPTDataset train indices
[NeMo I 2026-04-10 09:32:21 utils:532] 	Load the document index from c766128bdd0db889d13167a04644a908-GPTDataset-train-document_index.npy
[NeMo I 2026-04-10 09:32:21 utils:532] 	Load the sample index from c766128bdd0db889d13167a04644a908-GPTDataset-train-sample_index.npy
[NeMo I 2026-04-10 09:32:21 utils:532] 	Load the shuffle index from c766128bdd0db889d13167a04644a908-GPTDataset-train-shuffle_index.npy
[NeMo I 2026-04-10 09:32:21 utils:532] > total number of samples: 4300183
[NeMo I 2026-04-10 09:32:21 utils:532] Load the _IndexReader from /work/datasets/AI/tokens_luciole_phase1/fineweb-edu_en_text_document_ratio0.75_phase0.idx
[NeMo I 2026-04-10 09:32:21 utils:532] 	Extract the sequence lengths
[NeMo I 2026-04-10 09:32:21 utils:532] 	Extract the sequence pointers
[NeMo I 2026-04-10 09:32:21 utils:532] 	Extract the document indices
[NeMo I 2026-04-10 09:32:21 utils:532] > total number of sequences: 835116868
[NeMo I 2026-04-10 09:32:21 utils:532] > total number of documents: 835116868
[NeMo I 2026-04-10 09:32:21 utils:532] Load the GPTDataset train indices
[NeMo I 2026-04-10 09:32:21 utils:532] 	Load the document index from f1cdf8b16cd7fe4e9168345ccab9feff-GPTDataset-train-document_index.npy
[NeMo I 2026-04-10 09:32:21 utils:532] 	Load the sample index from f1cdf8b16cd7fe4e9168345ccab9feff-GPTDataset-train-sample_index.npy
[NeMo I 2026-04-10 09:32:21 utils:532] 	Load the shuffle index from f1cdf8b16cd7fe4e9168345ccab9feff-GPTDataset-train-shuffle_index.npy
[NeMo I 2026-04-10 09:32:21 utils:532] > total number of samples: 429535986
[NeMo I 2026-04-10 09:32:21 utils:532] Load the _IndexReader from /work/datasets/AI/tokens_luciole_phase1/fineweb2_ar_text_document_ratio0.50_phase0.idx
[NeMo I 2026-04-10 09:32:21 utils:532] 	Extract the sequence lengths
[NeMo I 2026-04-10 09:32:21 utils:532] 	Extract the sequence pointers
[NeMo I 2026-04-10 09:32:21 utils:532] 	Extract the document indices
[NeMo I 2026-04-10 09:32:21 utils:532] > total number of sequences: 20389602
[NeMo I 2026-04-10 09:32:21 utils:532] > total number of documents: 20389602
[NeMo I 2026-04-10 09:32:21 utils:532] Load the GPTDataset train indices
[NeMo I 2026-04-10 09:32:21 utils:532] 	Load the document index from 315209e82ee665996ec7a22a6013a09a-GPTDataset-train-document_index.npy
[NeMo I 2026-04-10 09:32:21 utils:532] 	Load the sample index from 315209e82ee665996ec7a22a6013a09a-GPTDataset-train-sample_index.npy
[NeMo I 2026-04-10 09:32:21 utils:532] 	Load the shuffle index from 315209e82ee665996ec7a22a6013a09a-GPTDataset-train-shuffle_index.npy
[NeMo I 2026-04-10 09:32:22 utils:532] > total number of samples: 6701245
[NeMo I 2026-04-10 09:32:22 utils:532] Load the _IndexReader from /work/datasets/AI/tokens_luciole_phase1/fineweb2_ca_text_document_ratio0.05_phase0.idx
[NeMo I 2026-04-10 09:32:22 utils:532] 	Extract the sequence lengths
[NeMo I 2026-04-10 09:32:22 utils:532] 	Extract the sequence pointers
[NeMo I 2026-04-10 09:32:22 utils:532] 	Extract the document indices
[NeMo I 2026-04-10 09:32:22 utils:532] > total number of sequences: 535774
[NeMo I 2026-04-10 09:32:22 utils:532] > total number of documents: 535774
[NeMo I 2026-04-10 09:32:22 utils:532] Load the GPTDataset train indices
[NeMo I 2026-04-10 09:32:22 utils:532] 	Load the document index from e4f9c375fed378be4a08cc2c1a6c42be-GPTDataset-train-document_index.npy
[NeMo I 2026-04-10 09:32:22 utils:532] 	Load the sample index from e4f9c375fed378be4a08cc2c1a6c42be-GPTDataset-train-sample_index.npy
[NeMo I 2026-04-10 09:32:22 utils:532] 	Load the shuffle index from e4f9c375fed378be4a08cc2c1a6c42be-GPTDataset-train-shuffle_index.npy
[NeMo I 2026-04-10 09:32:22 utils:532] > total number of samples: 185293
[NeMo I 2026-04-10 09:32:22 utils:532] Load the _IndexReader from /work/datasets/AI/tokens_luciole_phase1/fineweb2_de_text_document_ratio0.50_phase0.idx
[NeMo I 2026-04-10 09:32:22 utils:532] 	Extract the sequence lengths
[NeMo I 2026-04-10 09:32:22 utils:532] 	Extract the sequence pointers
[NeMo I 2026-04-10 09:32:22 utils:532] 	Extract the document indices
[NeMo I 2026-04-10 09:32:22 utils:532] > total number of sequences: 160974108
[NeMo I 2026-04-10 09:32:22 utils:532] > total number of documents: 160974108
[NeMo I 2026-04-10 09:32:22 utils:532] Load the GPTDataset train indices
[NeMo I 2026-04-10 09:32:22 utils:532] 	Load the document index from 2e92418a43da23474e457ec430818fa1-GPTDataset-train-document_index.npy
[NeMo I 2026-04-10 09:32:22 utils:532] 	Load the sample index from 2e92418a43da23474e457ec430818fa1-GPTDataset-train-sample_index.npy
[NeMo I 2026-04-10 09:32:22 utils:532] 	Load the shuffle index from 2e92418a43da23474e457ec430818fa1-GPTDataset-train-shuffle_index.npy
[NeMo I 2026-04-10 09:32:22 utils:532] > total number of samples: 54348639
[NeMo I 2026-04-10 09:32:22 utils:532] Load the _IndexReader from /work/datasets/AI/tokens_luciole_phase1/fineweb2_es_text_document_ratio0.50_phase0.idx
[NeMo I 2026-04-10 09:32:22 utils:532] 	Extract the sequence lengths
[NeMo I 2026-04-10 09:32:22 utils:532] 	Extract the sequence pointers
[NeMo I 2026-04-10 09:32:22 utils:532] 	Extract the document indices
[NeMo I 2026-04-10 09:32:22 utils:532] > total number of sequences: 141473237
[NeMo I 2026-04-10 09:32:22 utils:532] > total number of documents: 141473237
[NeMo I 2026-04-10 09:32:22 utils:532] Load the GPTDataset train indices
[NeMo I 2026-04-10 09:32:22 utils:532] 	Load the document index from fd4241fd799b5c84133a17a3bb263779-GPTDataset-train-document_index.npy
[NeMo I 2026-04-10 09:32:22 utils:532] 	Load the sample index from fd4241fd799b5c84133a17a3bb263779-GPTDataset-train-sample_index.npy
[NeMo I 2026-04-10 09:32:22 utils:532] 	Load the shuffle index from fd4241fd799b5c84133a17a3bb263779-GPTDataset-train-shuffle_index.npy
[NeMo I 2026-04-10 09:32:22 utils:532] > total number of samples: 48782622
[NeMo I 2026-04-10 09:32:22 utils:532] Load the _IndexReader from /work/datasets/AI/tokens_luciole_phase1/fineweb2_fr_text_document_ratio1.30_phase0.idx
[NeMo I 2026-04-10 09:32:22 utils:532] 	Extract the sequence lengths
[NeMo I 2026-04-10 09:32:22 utils:532] 	Extract the sequence pointers
[NeMo I 2026-04-10 09:32:22 utils:532] 	Extract the document indices
[NeMo I 2026-04-10 09:32:22 utils:532] > total number of sequences: 302262109
[NeMo I 2026-04-10 09:32:22 utils:532] > total number of documents: 302262109
[NeMo I 2026-04-10 09:32:22 utils:532] Load the GPTDataset train indices
[NeMo I 2026-04-10 09:32:22 utils:532] 	Load the document index from 033cf0e6d985fd7b205ca014a4cec730-GPTDataset-train-document_index.npy
[NeMo I 2026-04-10 09:32:22 utils:532] 	Load the sample index from 033cf0e6d985fd7b205ca014a4cec730-GPTDataset-train-sample_index.npy
[NeMo I 2026-04-10 09:32:22 utils:532] 	Load the shuffle index from 033cf0e6d985fd7b205ca014a4cec730-GPTDataset-train-shuffle_index.npy
[NeMo I 2026-04-10 09:32:22 utils:532] > total number of samples: 100072398
[NeMo I 2026-04-10 09:32:22 utils:532] Load the _IndexReader from /work/datasets/AI/tokens_luciole_phase1/fineweb2_it_text_document_ratio0.50_phase0.idx
[NeMo I 2026-04-10 09:32:22 utils:532] 	Extract the sequence lengths
[NeMo I 2026-04-10 09:32:22 utils:532] 	Extract the sequence pointers
[NeMo I 2026-04-10 09:32:22 utils:532] 	Extract the document indices
[NeMo I 2026-04-10 09:32:22 utils:532] > total number of sequences: 77577376
[NeMo I 2026-04-10 09:32:22 utils:532] > total number of documents: 77577376
[NeMo I 2026-04-10 09:32:22 utils:532] Load the GPTDataset train indices
[NeMo I 2026-04-10 09:32:22 utils:532] 	Load the document index from 1bfcfed1450cca6d4a9c9a58eea37487-GPTDataset-train-document_index.npy
[NeMo I 2026-04-10 09:32:22 utils:532] 	Load the sample index from 1bfcfed1450cca6d4a9c9a58eea37487-GPTDataset-train-sample_index.npy
[NeMo I 2026-04-10 09:32:22 utils:532] 	Load the shuffle index from 1bfcfed1450cca6d4a9c9a58eea37487-GPTDataset-train-shuffle_index.npy
[NeMo I 2026-04-10 09:32:22 utils:532] > total number of samples: 26751866
[NeMo I 2026-04-10 09:32:22 utils:532] Load the _IndexReader from /work/datasets/AI/tokens_luciole_phase1/fineweb2_nl_text_document_ratio0.50_phase0.idx
[NeMo I 2026-04-10 09:32:23 utils:532] 	Extract the sequence lengths
[NeMo I 2026-04-10 09:32:23 utils:532] 	Extract the sequence pointers
[NeMo I 2026-04-10 09:32:23 utils:532] 	Extract the document indices
[NeMo I 2026-04-10 09:32:23 utils:532] > total number of sequences: 48546971
[NeMo I 2026-04-10 09:32:23 utils:532] > total number of documents: 48546971
[NeMo I 2026-04-10 09:32:23 utils:532] Load the GPTDataset train indices
[NeMo I 2026-04-10 09:32:23 utils:532] 	Load the document index from 177f20adcb278a2a74ce337882fb654f-GPTDataset-train-document_index.npy
[NeMo I 2026-04-10 09:32:23 utils:532] 	Load the sample index from 177f20adcb278a2a74ce337882fb654f-GPTDataset-train-sample_index.npy
[NeMo I 2026-04-10 09:32:23 utils:532] 	Load the shuffle index from 177f20adcb278a2a74ce337882fb654f-GPTDataset-train-shuffle_index.npy
[NeMo I 2026-04-10 09:32:23 utils:532] > total number of samples: 14868064
[NeMo I 2026-04-10 09:32:23 utils:532] Load the _IndexReader from /work/datasets/AI/tokens_luciole_phase1/fineweb2_pt_text_document_ratio0.50_phase0.idx
[NeMo I 2026-04-10 09:32:23 utils:532] 	Extract the sequence lengths
[NeMo I 2026-04-10 09:32:23 utils:532] 	Extract the sequence pointers
[NeMo I 2026-04-10 09:32:23 utils:532] 	Extract the document indices
[NeMo I 2026-04-10 09:32:23 utils:532] > total number of sequences: 58989768
[NeMo I 2026-04-10 09:32:23 utils:532] > total number of documents: 58989768
[NeMo I 2026-04-10 09:32:23 utils:532] Load the GPTDataset train indices
[NeMo I 2026-04-10 09:32:23 utils:532] 	Load the document index from f513e3d83c262a9303910aad2c9448bb-GPTDataset-train-document_index.npy
[NeMo I 2026-04-10 09:32:23 utils:532] 	Load the sample index from f513e3d83c262a9303910aad2c9448bb-GPTDataset-train-sample_index.npy
[NeMo I 2026-04-10 09:32:23 utils:532] 	Load the shuffle index from f513e3d83c262a9303910aad2c9448bb-GPTDataset-train-shuffle_index.npy
[NeMo I 2026-04-10 09:32:23 utils:532] > total number of samples: 19600760
[NeMo I 2026-04-10 09:32:23 utils:532] Load the _IndexReader from /work/datasets/AI/tokens_luciole_phase1/fineweb2_regional_text_document.idx
[NeMo I 2026-04-10 09:32:23 utils:532] 	Extract the sequence lengths
[NeMo I 2026-04-10 09:32:23 utils:532] 	Extract the sequence pointers
[NeMo I 2026-04-10 09:32:23 utils:532] 	Extract the document indices
[NeMo I 2026-04-10 09:32:23 utils:532] > total number of sequences: 12082034
[NeMo I 2026-04-10 09:32:23 utils:532] > total number of documents: 12082034
[NeMo I 2026-04-10 09:32:23 utils:532] Load the GPTDataset train indices
[NeMo I 2026-04-10 09:32:23 utils:532] 	Load the document index from 67a248e0794ad49dc2fd06ae5726aec8-GPTDataset-train-document_index.npy
[NeMo I 2026-04-10 09:32:23 utils:532] 	Load the sample index from 67a248e0794ad49dc2fd06ae5726aec8-GPTDataset-train-sample_index.npy
[NeMo I 2026-04-10 09:32:23 utils:532] 	Load the shuffle index from 67a248e0794ad49dc2fd06ae5726aec8-GPTDataset-train-shuffle_index.npy
[NeMo I 2026-04-10 09:32:23 utils:532] > total number of samples: 4264304
[NeMo I 2026-04-10 09:32:23 utils:532] Load the _IndexReader from /work/datasets/AI/tokens_luciole_phase1/gallica_monographies_fr_text_document.idx
[NeMo I 2026-04-10 09:32:23 utils:532] 	Extract the sequence lengths
[NeMo I 2026-04-10 09:32:23 utils:532] 	Extract the sequence pointers
[NeMo I 2026-04-10 09:32:23 utils:532] 	Extract the document indices
[NeMo I 2026-04-10 09:32:23 utils:532] > total number of sequences: 279810
[NeMo I 2026-04-10 09:32:23 utils:532] > total number of documents: 279810
[NeMo I 2026-04-10 09:32:23 utils:532] Load the GPTDataset train indices
[NeMo I 2026-04-10 09:32:23 utils:532] 	Load the document index from 1cec4933bd37fa0e6c94c140459146e0-GPTDataset-train-document_index.npy
[NeMo I 2026-04-10 09:32:23 utils:532] 	Load the sample index from 1cec4933bd37fa0e6c94c140459146e0-GPTDataset-train-sample_index.npy
[NeMo I 2026-04-10 09:32:23 utils:532] 	Load the shuffle index from 1cec4933bd37fa0e6c94c140459146e0-GPTDataset-train-shuffle_index.npy
[NeMo I 2026-04-10 09:32:23 utils:532] > total number of samples: 11685572
[NeMo I 2026-04-10 09:32:23 utils:532] Load the _IndexReader from /work/datasets/AI/tokens_luciole_phase1/gallica_press_fr_text_document.idx
[NeMo I 2026-04-10 09:32:26 utils:532] 	Extract the sequence lengths
[NeMo I 2026-04-10 09:32:26 utils:532] 	Extract the sequence pointers
[NeMo I 2026-04-10 09:32:26 utils:532] 	Extract the document indices
[NeMo I 2026-04-10 09:32:26 utils:532] > total number of sequences: 2855626
[NeMo I 2026-04-10 09:32:26 utils:532] > total number of documents: 2855626
[NeMo I 2026-04-10 09:32:26 utils:532] Load the GPTDataset train indices
[NeMo I 2026-04-10 09:32:26 utils:532] 	Load the document index from 8c554953ad9c4cdd8bd7c7a66b5546a1-GPTDataset-train-document_index.npy
[NeMo I 2026-04-10 09:32:26 utils:532] 	Load the sample index from 8c554953ad9c4cdd8bd7c7a66b5546a1-GPTDataset-train-sample_index.npy
[NeMo I 2026-04-10 09:32:26 utils:532] 	Load the shuffle index from 8c554953ad9c4cdd8bd7c7a66b5546a1-GPTDataset-train-shuffle_index.npy
[NeMo I 2026-04-10 09:32:26 utils:532] > total number of samples: 45700641
[NeMo I 2026-04-10 09:32:26 utils:532] Load the _IndexReader from /work/datasets/AI/tokens_luciole_phase1/gutenberg_de_text_document.idx
[NeMo I 2026-04-10 09:32:26 utils:532] 	Extract the sequence lengths
[NeMo I 2026-04-10 09:32:26 utils:532] 	Extract the sequence pointers
[NeMo I 2026-04-10 09:32:26 utils:532] 	Extract the document indices
[NeMo I 2026-04-10 09:32:26 utils:532] > total number of sequences: 1777
[NeMo I 2026-04-10 09:32:26 utils:532] > total number of documents: 1777
[NeMo I 2026-04-10 09:32:26 utils:532] Load the GPTDataset train indices
[NeMo I 2026-04-10 09:32:26 utils:532] 	Load the document index from 9be1f51c32aec5a46598c22d8aca6df3-GPTDataset-train-document_index.npy
[NeMo I 2026-04-10 09:32:26 utils:532] 	Load the sample index from 9be1f51c32aec5a46598c22d8aca6df3-GPTDataset-train-sample_index.npy
[NeMo I 2026-04-10 09:32:26 utils:532] 	Load the shuffle index from 9be1f51c32aec5a46598c22d8aca6df3-GPTDataset-train-shuffle_index.npy
[NeMo I 2026-04-10 09:32:26 utils:532] > total number of samples: 84660
[NeMo I 2026-04-10 09:32:26 utils:532] Load the _IndexReader from /work/datasets/AI/tokens_luciole_phase1/gutenberg_en_text_document.idx
[NeMo I 2026-04-10 09:32:26 utils:532] 	Extract the sequence lengths
[NeMo I 2026-04-10 09:32:26 utils:532] 	Extract the sequence pointers
[NeMo I 2026-04-10 09:32:26 utils:532] 	Extract the document indices
[NeMo I 2026-04-10 09:32:26 utils:532] > total number of sequences: 49900
[NeMo I 2026-04-10 09:32:26 utils:532] > total number of documents: 49900
[NeMo I 2026-04-10 09:32:26 utils:532] Load the GPTDataset train indices
[NeMo I 2026-04-10 09:32:26 utils:532] 	Load the document index from 058fcf5f34b2305fd9ca19b8c120f697-GPTDataset-train-document_index.npy
[NeMo I 2026-04-10 09:32:26 utils:532] 	Load the sample index from 058fcf5f34b2305fd9ca19b8c120f697-GPTDataset-train-sample_index.npy
[NeMo I 2026-04-10 09:32:26 utils:532] 	Load the shuffle index from 058fcf5f34b2305fd9ca19b8c120f697-GPTDataset-train-shuffle_index.npy
[NeMo I 2026-04-10 09:32:26 utils:532] > total number of samples: 2375310
[NeMo I 2026-04-10 09:32:26 utils:532] Load the _IndexReader from /work/datasets/AI/tokens_luciole_phase1/gutenberg_es_text_document.idx
[NeMo I 2026-04-10 09:32:26 utils:532] 	Extract the sequence lengths
[NeMo I 2026-04-10 09:32:26 utils:532] 	Extract the sequence pointers
[NeMo I 2026-04-10 09:32:26 utils:532] 	Extract the document indices
[NeMo I 2026-04-10 09:32:26 utils:532] > total number of sequences: 759
[NeMo I 2026-04-10 09:32:26 utils:532] > total number of documents: 759
[NeMo I 2026-04-10 09:32:26 utils:532] Load the GPTDataset train indices
[NeMo I 2026-04-10 09:32:26 utils:532] 	Load the document index from c4b8ab7a08e88ef09e845f955daf65a1-GPTDataset-train-document_index.npy
[NeMo I 2026-04-10 09:32:26 utils:532] 	Load the sample index from c4b8ab7a08e88ef09e845f955daf65a1-GPTDataset-train-sample_index.npy
[NeMo I 2026-04-10 09:32:26 utils:532] 	Load the shuffle index from c4b8ab7a08e88ef09e845f955daf65a1-GPTDataset-train-shuffle_index.npy
[NeMo I 2026-04-10 09:32:26 utils:532] > total number of samples: 43557
[NeMo I 2026-04-10 09:32:26 utils:532] Load the _IndexReader from /work/datasets/AI/tokens_luciole_phase1/gutenberg_fr_text_document.idx
[NeMo I 2026-04-10 09:32:26 utils:532] 	Extract the sequence lengths
[NeMo I 2026-04-10 09:32:26 utils:532] 	Extract the sequence pointers
[NeMo I 2026-04-10 09:32:26 utils:532] 	Extract the document indices
[NeMo I 2026-04-10 09:32:26 utils:532] > total number of sequences: 3544
[NeMo I 2026-04-10 09:32:26 utils:532] > total number of documents: 3544
[NeMo I 2026-04-10 09:32:26 utils:532] Load the GPTDataset train indices
[NeMo I 2026-04-10 09:32:26 utils:532] 	Load the document index from 9f087e89d57bfb3e6e3277991b10b472-GPTDataset-train-document_index.npy
[NeMo I 2026-04-10 09:32:26 utils:532] 	Load the sample index from 9f087e89d57bfb3e6e3277991b10b472-GPTDataset-train-sample_index.npy
[NeMo I 2026-04-10 09:32:26 utils:532] 	Load the shuffle index from 9f087e89d57bfb3e6e3277991b10b472-GPTDataset-train-shuffle_index.npy
[NeMo I 2026-04-10 09:32:26 utils:532] > total number of samples: 183982
[NeMo I 2026-04-10 09:32:26 utils:532] Load the _IndexReader from /work/datasets/AI/tokens_luciole_phase1/gutenberg_it_text_document.idx
[NeMo I 2026-04-10 09:32:26 utils:532] 	Extract the sequence lengths
[NeMo I 2026-04-10 09:32:26 utils:532] 	Extract the sequence pointers
[NeMo I 2026-04-10 09:32:26 utils:532] 	Extract the document indices
[NeMo I 2026-04-10 09:32:26 utils:532] > total number of sequences: 985
[NeMo I 2026-04-10 09:32:26 utils:532] > total number of documents: 985
[NeMo I 2026-04-10 09:32:26 utils:532] Load the GPTDataset train indices
[NeMo I 2026-04-10 09:32:26 utils:532] 	Load the document index from c2f0b37cf7af0377ccba3c3ca0e9c647-GPTDataset-train-document_index.npy
[NeMo I 2026-04-10 09:32:26 utils:532] 	Load the sample index from c2f0b37cf7af0377ccba3c3ca0e9c647-GPTDataset-train-sample_index.npy
[NeMo I 2026-04-10 09:32:26 utils:532] 	Load the shuffle index from c2f0b37cf7af0377ccba3c3ca0e9c647-GPTDataset-train-shuffle_index.npy
[NeMo I 2026-04-10 09:32:26 utils:532] > total number of samples: 59818
[NeMo I 2026-04-10 09:32:26 utils:532] Load the _IndexReader from /work/datasets/AI/tokens_luciole_phase1/gutenberg_nl_text_document.idx
[NeMo I 2026-04-10 09:32:26 utils:532] 	Extract the sequence lengths
[NeMo I 2026-04-10 09:32:26 utils:532] 	Extract the sequence pointers
[NeMo I 2026-04-10 09:32:26 utils:532] 	Extract the document indices
[NeMo I 2026-04-10 09:32:26 utils:532] > total number of sequences: 993
[NeMo I 2026-04-10 09:32:26 utils:532] > total number of documents: 993
[NeMo I 2026-04-10 09:32:26 utils:532] Load the GPTDataset train indices
[NeMo I 2026-04-10 09:32:26 utils:532] 	Load the document index from c7cff01d47fc66334f11460c7418dd9f-GPTDataset-train-document_index.npy
[NeMo I 2026-04-10 09:32:26 utils:532] 	Load the sample index from c7cff01d47fc66334f11460c7418dd9f-GPTDataset-train-sample_index.npy
[NeMo I 2026-04-10 09:32:26 utils:532] 	Load the shuffle index from c7cff01d47fc66334f11460c7418dd9f-GPTDataset-train-shuffle_index.npy
[NeMo I 2026-04-10 09:32:26 utils:532] > total number of samples: 48860
[NeMo I 2026-04-10 09:32:26 utils:532] Load the _IndexReader from /work/datasets/AI/tokens_luciole_phase1/gutenberg_pt_text_document.idx
[NeMo I 2026-04-10 09:32:26 utils:532] 	Extract the sequence lengths
[NeMo I 2026-04-10 09:32:26 utils:532] 	Extract the sequence pointers
[NeMo I 2026-04-10 09:32:26 utils:532] 	Extract the document indices
[NeMo I 2026-04-10 09:32:26 utils:532] > total number of sequences: 623
[NeMo I 2026-04-10 09:32:26 utils:532] > total number of documents: 623
[NeMo I 2026-04-10 09:32:26 utils:532] Load the GPTDataset train indices
[NeMo I 2026-04-10 09:32:26 utils:532] 	Load the document index from 97bc5bf2b57b346c513c9b31618363eb-GPTDataset-train-document_index.npy
[NeMo I 2026-04-10 09:32:26 utils:532] 	Load the sample index from 97bc5bf2b57b346c513c9b31618363eb-GPTDataset-train-sample_index.npy
[NeMo I 2026-04-10 09:32:26 utils:532] 	Load the shuffle index from 97bc5bf2b57b346c513c9b31618363eb-GPTDataset-train-shuffle_index.npy
[NeMo I 2026-04-10 09:32:26 utils:532] > total number of samples: 18482
[NeMo I 2026-04-10 09:32:26 utils:532] Load the _IndexReader from /work/datasets/AI/tokens_luciole_phase1/hal-cea_full-filtered_fr_text_document.idx
[NeMo I 2026-04-10 09:32:26 utils:532] 	Extract the sequence lengths
[NeMo I 2026-04-10 09:32:26 utils:532] 	Extract the sequence pointers
[NeMo I 2026-04-10 09:32:26 utils:532] 	Extract the document indices
[NeMo I 2026-04-10 09:32:26 utils:532] > total number of sequences: 188005
[NeMo I 2026-04-10 09:32:26 utils:532] > total number of documents: 188005
[NeMo I 2026-04-10 09:32:26 utils:532] Load the GPTDataset train indices
[NeMo I 2026-04-10 09:32:26 utils:532] 	Load the document index from d660dbb8f6bdebdee35f5dcdf0d9881c-GPTDataset-train-document_index.npy
[NeMo I 2026-04-10 09:32:26 utils:532] 	Load the sample index from d660dbb8f6bdebdee35f5dcdf0d9881c-GPTDataset-train-sample_index.npy
[NeMo I 2026-04-10 09:32:26 utils:532] 	Load the shuffle index from d660dbb8f6bdebdee35f5dcdf0d9881c-GPTDataset-train-shuffle_index.npy
[NeMo I 2026-04-10 09:32:26 utils:532] > total number of samples: 11742047
[NeMo I 2026-04-10 09:32:26 utils:532] Load the _IndexReader from /work/datasets/AI/tokens_luciole_phase1/hplt2_fr_text_document_ratio1.30_phase0.idx
[NeMo I 2026-04-10 09:32:26 utils:532] 	Extract the sequence lengths
[NeMo I 2026-04-10 09:32:26 utils:532] 	Extract the sequence pointers
[NeMo I 2026-04-10 09:32:26 utils:532] 	Extract the document indices
[NeMo I 2026-04-10 09:32:26 utils:532] > total number of sequences: 335406888
[NeMo I 2026-04-10 09:32:26 utils:532] > total number of documents: 335406888
[NeMo I 2026-04-10 09:32:26 utils:532] Load the GPTDataset train indices
[NeMo I 2026-04-10 09:32:26 utils:532] 	Load the document index from fdf97e44201b6b78a63579accd0b8d0b-GPTDataset-train-document_index.npy
[NeMo I 2026-04-10 09:32:26 utils:532] 	Load the sample index from fdf97e44201b6b78a63579accd0b8d0b-GPTDataset-train-sample_index.npy
[NeMo I 2026-04-10 09:32:26 utils:532] 	Load the shuffle index from fdf97e44201b6b78a63579accd0b8d0b-GPTDataset-train-shuffle_index.npy
[NeMo I 2026-04-10 09:32:26 utils:532] > total number of samples: 140805832
[NeMo I 2026-04-10 09:32:26 utils:532] Load the _IndexReader from /work/datasets/AI/tokens_luciole_phase1/insee_fr_text_document.idx
[NeMo I 2026-04-10 09:32:26 utils:532] 	Extract the sequence lengths
[NeMo I 2026-04-10 09:32:26 utils:532] 	Extract the sequence pointers
[NeMo I 2026-04-10 09:32:26 utils:532] 	Extract the document indices
[NeMo I 2026-04-10 09:32:26 utils:532] > total number of sequences: 17175
[NeMo I 2026-04-10 09:32:26 utils:532] > total number of documents: 17175
[NeMo I 2026-04-10 09:32:26 utils:532] Load the GPTDataset train indices
[NeMo I 2026-04-10 09:32:26 utils:532] 	Load the document index from b7dff2ee9230adf44602c82bd0061f9e-GPTDataset-train-document_index.npy
[NeMo I 2026-04-10 09:32:26 utils:532] 	Load the sample index from b7dff2ee9230adf44602c82bd0061f9e-GPTDataset-train-sample_index.npy
[NeMo I 2026-04-10 09:32:26 utils:532] 	Load the shuffle index from b7dff2ee9230adf44602c82bd0061f9e-GPTDataset-train-shuffle_index.npy
[NeMo I 2026-04-10 09:32:26 utils:532] > total number of samples: 83065
[NeMo I 2026-04-10 09:32:26 utils:532] Load the _IndexReader from /work/datasets/AI/tokens_luciole_phase1/math-pile_math_text_document.idx
[NeMo I 2026-04-10 09:32:26 utils:532] 	Extract the sequence lengths
[NeMo I 2026-04-10 09:32:26 utils:532] 	Extract the sequence pointers
[NeMo I 2026-04-10 09:32:26 utils:532] 	Extract the document indices
[NeMo I 2026-04-10 09:32:26 utils:532] > total number of sequences: 729213
[NeMo I 2026-04-10 09:32:26 utils:532] > total number of documents: 729213
[NeMo I 2026-04-10 09:32:26 utils:532] Load the GPTDataset train indices
[NeMo I 2026-04-10 09:32:26 utils:532] 	Load the document index from 9d3a654a4c9bf7dec48adb15d8801fd9-GPTDataset-train-document_index.npy
[NeMo I 2026-04-10 09:32:26 utils:532] 	Load the sample index from 9d3a654a4c9bf7dec48adb15d8801fd9-GPTDataset-train-sample_index.npy
[NeMo I 2026-04-10 09:32:26 utils:532] 	Load the shuffle index from 9d3a654a4c9bf7dec48adb15d8801fd9-GPTDataset-train-shuffle_index.npy
[NeMo I 2026-04-10 09:32:26 utils:532] > total number of samples: 4690394
[NeMo I 2026-04-10 09:32:26 utils:532] Load the _IndexReader from /work/datasets/AI/tokens_luciole_phase1/opendata_fr_text_document.idx
[NeMo I 2026-04-10 09:32:26 utils:532] 	Extract the sequence lengths
[NeMo I 2026-04-10 09:32:26 utils:532] 	Extract the sequence pointers
[NeMo I 2026-04-10 09:32:26 utils:532] 	Extract the document indices
[NeMo I 2026-04-10 09:32:26 utils:532] > total number of sequences: 8078669
[NeMo I 2026-04-10 09:32:26 utils:532] > total number of documents: 8078669
[NeMo I 2026-04-10 09:32:26 utils:532] Load the GPTDataset train indices
[NeMo I 2026-04-10 09:32:26 utils:532] 	Load the document index from 26da5cfece05203abfa6930f3ee9940c-GPTDataset-train-document_index.npy
[NeMo I 2026-04-10 09:32:26 utils:532] 	Load the sample index from 26da5cfece05203abfa6930f3ee9940c-GPTDataset-train-sample_index.npy
[NeMo I 2026-04-10 09:32:26 utils:532] 	Load the shuffle index from 26da5cfece05203abfa6930f3ee9940c-GPTDataset-train-shuffle_index.npy
[NeMo I 2026-04-10 09:32:26 utils:532] > total number of samples: 4124114
[NeMo I 2026-04-10 09:32:26 utils:532] Load the _IndexReader from /work/datasets/AI/tokens_luciole_phase1/parlement_fr_text_document.idx
[NeMo I 2026-04-10 09:32:27 utils:532] 	Extract the sequence lengths
[NeMo I 2026-04-10 09:32:27 utils:532] 	Extract the sequence pointers
[NeMo I 2026-04-10 09:32:27 utils:532] 	Extract the document indices
[NeMo I 2026-04-10 09:32:27 utils:532] > total number of sequences: 2803517
[NeMo I 2026-04-10 09:32:27 utils:532] > total number of documents: 2803517
[NeMo I 2026-04-10 09:32:27 utils:532] Load the GPTDataset train indices
[NeMo I 2026-04-10 09:32:27 utils:532] 	Load the document index from 64dc7635ea30d2b0adf3425e2ea422b3-GPTDataset-train-document_index.npy
[NeMo I 2026-04-10 09:32:27 utils:532] 	Load the sample index from 64dc7635ea30d2b0adf3425e2ea422b3-GPTDataset-train-sample_index.npy
[NeMo I 2026-04-10 09:32:27 utils:532] 	Load the shuffle index from 64dc7635ea30d2b0adf3425e2ea422b3-GPTDataset-train-shuffle_index.npy
[NeMo I 2026-04-10 09:32:27 utils:532] > total number of samples: 424239
[NeMo I 2026-04-10 09:32:27 utils:532] Load the _IndexReader from /work/datasets/AI/tokens_luciole_phase1/starcoder-data_code_text_document.idx
[NeMo I 2026-04-10 09:32:27 utils:532] 	Extract the sequence lengths
[NeMo I 2026-04-10 09:32:27 utils:532] 	Extract the sequence pointers
[NeMo I 2026-04-10 09:32:27 utils:532] 	Extract the document indices
[NeMo I 2026-04-10 09:32:27 utils:532] > total number of sequences: 206642239
[NeMo I 2026-04-10 09:32:27 utils:532] > total number of documents: 206642239
[NeMo I 2026-04-10 09:32:27 utils:532] Load the GPTDataset train indices
[NeMo I 2026-04-10 09:32:27 utils:532] 	Load the document index from 2bedaa46fc6a4b7781a8040e0e8d8a23-GPTDataset-train-document_index.npy
[NeMo I 2026-04-10 09:32:27 utils:532] 	Load the sample index from 2bedaa46fc6a4b7781a8040e0e8d8a23-GPTDataset-train-sample_index.npy
[NeMo I 2026-04-10 09:32:27 utils:532] 	Load the shuffle index from 2bedaa46fc6a4b7781a8040e0e8d8a23-GPTDataset-train-shuffle_index.npy
[NeMo I 2026-04-10 09:32:27 utils:532] > total number of samples: 125845590
[NeMo I 2026-04-10 09:32:27 utils:532] Load the _IndexReader from /work/datasets/AI/tokens_luciole_phase1/theses_fr_text_document.idx
[NeMo I 2026-04-10 09:32:27 utils:532] 	Extract the sequence lengths
[NeMo I 2026-04-10 09:32:27 utils:532] 	Extract the sequence pointers
[NeMo I 2026-04-10 09:32:27 utils:532] 	Extract the document indices
[NeMo I 2026-04-10 09:32:27 utils:532] > total number of sequences: 102412
[NeMo I 2026-04-10 09:32:27 utils:532] > total number of documents: 102412
[NeMo I 2026-04-10 09:32:27 utils:532] Load the GPTDataset train indices
[NeMo I 2026-04-10 09:32:27 utils:532] 	Load the document index from e8746ea90c182b676fe66e3700a095c4-GPTDataset-train-document_index.npy
[NeMo I 2026-04-10 09:32:27 utils:532] 	Load the sample index from e8746ea90c182b676fe66e3700a095c4-GPTDataset-train-sample_index.npy
[NeMo I 2026-04-10 09:32:27 utils:532] 	Load the shuffle index from e8746ea90c182b676fe66e3700a095c4-GPTDataset-train-shuffle_index.npy
[NeMo I 2026-04-10 09:32:27 utils:532] > total number of samples: 6479437
[NeMo I 2026-04-10 09:32:27 utils:532] Load the _IndexReader from /work/datasets/AI/tokens_luciole_phase1/wikimedia-vikidia_ar_text_document.idx
[NeMo I 2026-04-10 09:32:27 utils:532] 	Extract the sequence lengths
[NeMo I 2026-04-10 09:32:27 utils:532] 	Extract the sequence pointers
[NeMo I 2026-04-10 09:32:27 utils:532] 	Extract the document indices
[NeMo I 2026-04-10 09:32:27 utils:532] > total number of sequences: 1460875
[NeMo I 2026-04-10 09:32:27 utils:532] > total number of documents: 1460875
[NeMo I 2026-04-10 09:32:27 utils:532] Load the GPTDataset train indices
[NeMo I 2026-04-10 09:32:27 utils:532] 	Load the document index from 8d608de9923f465727a0ae2e8b8d3531-GPTDataset-train-document_index.npy
[NeMo I 2026-04-10 09:32:27 utils:532] 	Load the sample index from 8d608de9923f465727a0ae2e8b8d3531-GPTDataset-train-sample_index.npy
[NeMo I 2026-04-10 09:32:27 utils:532] 	Load the shuffle index from 8d608de9923f465727a0ae2e8b8d3531-GPTDataset-train-shuffle_index.npy
[NeMo I 2026-04-10 09:32:27 utils:532] > total number of samples: 530903
[NeMo I 2026-04-10 09:32:27 utils:532] Load the _IndexReader from /work/datasets/AI/tokens_luciole_phase1/wikimedia-vikidia_ca_text_document_ratio0.20_phase0.idx
[NeMo I 2026-04-10 09:32:27 utils:532] 	Extract the sequence lengths
[NeMo I 2026-04-10 09:32:27 utils:532] 	Extract the sequence pointers
[NeMo I 2026-04-10 09:32:27 utils:532] 	Extract the document indices
[NeMo I 2026-04-10 09:32:27 utils:532] > total number of sequences: 289424
[NeMo I 2026-04-10 09:32:27 utils:532] > total number of documents: 289424
[NeMo I 2026-04-10 09:32:27 utils:532] Load the GPTDataset train indices
[NeMo I 2026-04-10 09:32:27 utils:532] 	Load the document index from 0f739d7ca0e67150f8d91704a9b19035-GPTDataset-train-document_index.npy
[NeMo I 2026-04-10 09:32:27 utils:532] 	Load the sample index from 0f739d7ca0e67150f8d91704a9b19035-GPTDataset-train-sample_index.npy
[NeMo I 2026-04-10 09:32:27 utils:532] 	Load the shuffle index from 0f739d7ca0e67150f8d91704a9b19035-GPTDataset-train-shuffle_index.npy
[NeMo I 2026-04-10 09:32:27 utils:532] > total number of samples: 117447
[NeMo I 2026-04-10 09:32:27 utils:532] Load the _IndexReader from /work/datasets/AI/tokens_luciole_phase1/wikimedia-vikidia_de_text_document.idx
[NeMo I 2026-04-10 09:32:27 utils:532] 	Extract the sequence lengths
[NeMo I 2026-04-10 09:32:27 utils:532] 	Extract the sequence pointers
[NeMo I 2026-04-10 09:32:27 utils:532] 	Extract the document indices
[NeMo I 2026-04-10 09:32:27 utils:532] > total number of sequences: 4561076
[NeMo I 2026-04-10 09:32:27 utils:532] > total number of documents: 4561076
[NeMo I 2026-04-10 09:32:27 utils:532] Load the GPTDataset train indices
[NeMo I 2026-04-10 09:32:27 utils:532] 	Load the document index from 5fa1fd0912647dd6cf40b209c842aaf5-GPTDataset-train-document_index.npy
[NeMo I 2026-04-10 09:32:27 utils:532] 	Load the sample index from 5fa1fd0912647dd6cf40b209c842aaf5-GPTDataset-train-sample_index.npy
[NeMo I 2026-04-10 09:32:27 utils:532] 	Load the shuffle index from 5fa1fd0912647dd6cf40b209c842aaf5-GPTDataset-train-shuffle_index.npy
[NeMo I 2026-04-10 09:32:27 utils:532] > total number of samples: 2197190
[NeMo I 2026-04-10 09:32:27 utils:532] Load the _IndexReader from /work/datasets/AI/tokens_luciole_phase1/wikimedia-vikidia_en_text_document.idx
[NeMo I 2026-04-10 09:32:27 utils:532] 	Extract the sequence lengths
[NeMo I 2026-04-10 09:32:27 utils:532] 	Extract the sequence pointers
[NeMo I 2026-04-10 09:32:27 utils:532] 	Extract the document indices
[NeMo I 2026-04-10 09:32:27 utils:532] > total number of sequences: 16464277
[NeMo I 2026-04-10 09:32:27 utils:532] > total number of documents: 16464277
[NeMo I 2026-04-10 09:32:27 utils:532] Load the GPTDataset train indices
[NeMo I 2026-04-10 09:32:27 utils:532] 	Load the document index from 348b14392c9b7aff9f77ce4754d54d96-GPTDataset-train-document_index.npy
[NeMo I 2026-04-10 09:32:27 utils:532] 	Load the sample index from 348b14392c9b7aff9f77ce4754d54d96-GPTDataset-train-sample_index.npy
[NeMo I 2026-04-10 09:32:27 utils:532] 	Load the shuffle index from 348b14392c9b7aff9f77ce4754d54d96-GPTDataset-train-shuffle_index.npy
[NeMo I 2026-04-10 09:32:27 utils:532] > total number of samples: 5765650
[NeMo I 2026-04-10 09:32:27 utils:532] Load the _IndexReader from /work/datasets/AI/tokens_luciole_phase1/wikimedia-vikidia_es_text_document.idx
[NeMo I 2026-04-10 09:32:27 utils:532] 	Extract the sequence lengths
[NeMo I 2026-04-10 09:32:27 utils:532] 	Extract the sequence pointers
[NeMo I 2026-04-10 09:32:27 utils:532] 	Extract the document indices
[NeMo I 2026-04-10 09:32:27 utils:532] > total number of sequences: 3065035
[NeMo I 2026-04-10 09:32:27 utils:532] > total number of documents: 3065035
[NeMo I 2026-04-10 09:32:27 utils:532] Load the GPTDataset train indices
[NeMo I 2026-04-10 09:32:27 utils:532] 	Load the document index from 49f0250198102d2eb71fda2f0bf5efaa-GPTDataset-train-document_index.npy
[NeMo I 2026-04-10 09:32:27 utils:532] 	Load the sample index from 49f0250198102d2eb71fda2f0bf5efaa-GPTDataset-train-sample_index.npy
[NeMo I 2026-04-10 09:32:27 utils:532] 	Load the shuffle index from 49f0250198102d2eb71fda2f0bf5efaa-GPTDataset-train-shuffle_index.npy
[NeMo I 2026-04-10 09:32:27 utils:532] > total number of samples: 1263687
[NeMo I 2026-04-10 09:32:27 utils:532] Load the _IndexReader from /work/datasets/AI/tokens_luciole_phase1/wikimedia-vikidia_fr_text_document.idx
[NeMo I 2026-04-10 09:32:27 utils:532] 	Extract the sequence lengths
[NeMo I 2026-04-10 09:32:27 utils:532] 	Extract the sequence pointers
[NeMo I 2026-04-10 09:32:27 utils:532] 	Extract the document indices
[NeMo I 2026-04-10 09:32:27 utils:532] > total number of sequences: 9702359
[NeMo I 2026-04-10 09:32:27 utils:532] > total number of documents: 9702359
[NeMo I 2026-04-10 09:32:27 utils:532] Load the GPTDataset train indices
[NeMo I 2026-04-10 09:32:27 utils:532] 	Load the document index from 9fc0098ebf656c628f150b58ffc1ada9-GPTDataset-train-document_index.npy
[NeMo I 2026-04-10 09:32:27 utils:532] 	Load the sample index from 9fc0098ebf656c628f150b58ffc1ada9-GPTDataset-train-sample_index.npy
[NeMo I 2026-04-10 09:32:27 utils:532] 	Load the shuffle index from 9fc0098ebf656c628f150b58ffc1ada9-GPTDataset-train-shuffle_index.npy
[NeMo I 2026-04-10 09:32:27 utils:532] > total number of samples: 2552104
[NeMo I 2026-04-10 09:32:27 utils:532] Load the _IndexReader from /work/datasets/AI/tokens_luciole_phase1/wikimedia-vikidia_it_text_document.idx
[NeMo I 2026-04-10 09:32:27 utils:532] 	Extract the sequence lengths
[NeMo I 2026-04-10 09:32:27 utils:532] 	Extract the sequence pointers
[NeMo I 2026-04-10 09:32:27 utils:532] 	Extract the document indices
[NeMo I 2026-04-10 09:32:27 utils:532] > total number of sequences: 2760467
[NeMo I 2026-04-10 09:32:27 utils:532] > total number of documents: 2760467
[NeMo I 2026-04-10 09:32:27 utils:532] Load the GPTDataset train indices
[NeMo I 2026-04-10 09:32:27 utils:532] 	Load the document index from b00b237c80ff7ed8eb4fca634961f002-GPTDataset-train-document_index.npy
[NeMo I 2026-04-10 09:32:27 utils:532] 	Load the sample index from b00b237c80ff7ed8eb4fca634961f002-GPTDataset-train-sample_index.npy
[NeMo I 2026-04-10 09:32:27 utils:532] 	Load the shuffle index from b00b237c80ff7ed8eb4fca634961f002-GPTDataset-train-shuffle_index.npy
[NeMo I 2026-04-10 09:32:27 utils:532] > total number of samples: 1308154
[NeMo I 2026-04-10 09:32:27 utils:532] Load the _IndexReader from /work/datasets/AI/tokens_luciole_phase1/wikimedia-vikidia_pt_text_document.idx
[NeMo I 2026-04-10 09:32:27 utils:532] 	Extract the sequence lengths
[NeMo I 2026-04-10 09:32:27 utils:532] 	Extract the sequence pointers
[NeMo I 2026-04-10 09:32:27 utils:532] 	Extract the document indices
[NeMo I 2026-04-10 09:32:27 utils:532] > total number of sequences: 1764890
[NeMo I 2026-04-10 09:32:27 utils:532] > total number of documents: 1764890
[NeMo I 2026-04-10 09:32:27 utils:532] Load the GPTDataset train indices
[NeMo I 2026-04-10 09:32:27 utils:532] 	Load the document index from 5308977226513f4c6a329ae7a6e70133-GPTDataset-train-document_index.npy
[NeMo I 2026-04-10 09:32:27 utils:532] 	Load the sample index from 5308977226513f4c6a329ae7a6e70133-GPTDataset-train-sample_index.npy
[NeMo I 2026-04-10 09:32:27 utils:532] 	Load the shuffle index from 5308977226513f4c6a329ae7a6e70133-GPTDataset-train-shuffle_index.npy
[NeMo I 2026-04-10 09:32:27 utils:532] > total number of samples: 608784
[NeMo I 2026-04-10 09:32:27 utils:532] Load the _IndexReader from /work/datasets/AI/tokens_luciole_phase1/wikimedia-vikidia_regional_text_document.idx
[NeMo I 2026-04-10 09:32:28 utils:532] 	Extract the sequence lengths
[NeMo I 2026-04-10 09:32:28 utils:532] 	Extract the sequence pointers
[NeMo I 2026-04-10 09:32:28 utils:532] 	Extract the document indices
[NeMo I 2026-04-10 09:32:28 utils:532] > total number of sequences: 851598
[NeMo I 2026-04-10 09:32:28 utils:532] > total number of documents: 851598
[NeMo I 2026-04-10 09:32:28 utils:532] Load the GPTDataset train indices
[NeMo I 2026-04-10 09:32:28 utils:532] 	Load the document index from 648ab9e1e4f8fc2a5fe5e2a0e2a79fe1-GPTDataset-train-document_index.npy
[NeMo I 2026-04-10 09:32:28 utils:532] 	Load the sample index from 648ab9e1e4f8fc2a5fe5e2a0e2a79fe1-GPTDataset-train-sample_index.npy
[NeMo I 2026-04-10 09:32:28 utils:532] 	Load the shuffle index from 648ab9e1e4f8fc2a5fe5e2a0e2a79fe1-GPTDataset-train-shuffle_index.npy
[NeMo I 2026-04-10 09:32:28 utils:532] > total number of samples: 238469
[NeMo I 2026-04-10 09:32:28 utils:532] Load the _IndexReader from /work/datasets/AI/tokens_luciole_phase1/wikimedia_nl_text_document.idx
[NeMo I 2026-04-10 09:32:28 utils:532] 	Extract the sequence lengths
[NeMo I 2026-04-10 09:32:28 utils:532] 	Extract the sequence pointers
[NeMo I 2026-04-10 09:32:28 utils:532] 	Extract the document indices
[NeMo I 2026-04-10 09:32:28 utils:532] > total number of sequences: 3157316
[NeMo I 2026-04-10 09:32:28 utils:532] > total number of documents: 3157316
[NeMo I 2026-04-10 09:32:28 utils:532] Load the GPTDataset train indices
[NeMo I 2026-04-10 09:32:28 utils:532] 	Load the document index from 9a8b923b7ff32c1ceec3037281de022d-GPTDataset-train-document_index.npy
[NeMo I 2026-04-10 09:32:28 utils:532] 	Load the sample index from 9a8b923b7ff32c1ceec3037281de022d-GPTDataset-train-sample_index.npy
[NeMo I 2026-04-10 09:32:28 utils:532] 	Load the shuffle index from 9a8b923b7ff32c1ceec3037281de022d-GPTDataset-train-shuffle_index.npy
[NeMo I 2026-04-10 09:32:28 utils:532] > total number of samples: 690639
[NeMo I 2026-04-10 09:32:28 utils:532] Load the _IndexReader from /work/datasets/AI/tokens_luciole_phase1/youtube_fr_text_document.idx
[NeMo I 2026-04-10 09:32:28 utils:532] 	Extract the sequence lengths
[NeMo I 2026-04-10 09:32:28 utils:532] 	Extract the sequence pointers
[NeMo I 2026-04-10 09:32:28 utils:532] 	Extract the document indices
[NeMo I 2026-04-10 09:32:28 utils:532] > total number of sequences: 37513
[NeMo I 2026-04-10 09:32:28 utils:532] > total number of documents: 37513
[NeMo I 2026-04-10 09:32:28 utils:532] Load the GPTDataset train indices
[NeMo I 2026-04-10 09:32:28 utils:532] 	Load the document index from a7d283fc0986056668fddb88a92c3aab-GPTDataset-train-document_index.npy
[NeMo I 2026-04-10 09:32:28 utils:532] 	Load the sample index from a7d283fc0986056668fddb88a92c3aab-GPTDataset-train-sample_index.npy
[NeMo I 2026-04-10 09:32:28 utils:532] 	Load the shuffle index from a7d283fc0986056668fddb88a92c3aab-GPTDataset-train-shuffle_index.npy
[NeMo I 2026-04-10 09:32:28 utils:532] > total number of samples: 152389
[NeMo I 2026-04-10 09:32:28 utils:532] Load the BlendedDataset indices
[NeMo I 2026-04-10 09:32:28 utils:532] 	Load the dataset index from /tmpdir/barman/bs1024_fullrun/outputs/index_mapping/04baff2d980ba06f7f964660fdde7898-BlendedDataset-train-dataset_index.npy
[NeMo I 2026-04-10 09:32:28 utils:532] 	Load the dataset sample index from /tmpdir/barman/bs1024_fullrun/outputs/index_mapping/04baff2d980ba06f7f964660fdde7898-BlendedDataset-train-dataset_sample_index.npy
[NeMo I 2026-04-10 09:32:31 utils:532] NumPy indices for BlendedDataset train split are fully cached, skipping verification
[NeMo I 2026-04-10 09:32:31 nemo_logging:393] Use preset vocab_size: 128000, original vocab_size: 128000, dummy tokens: 0.
INFO: LOCAL_RANK: 0 - CUDA_VISIBLE_DEVICES: [0,1,2,3]
INFO:lightning.pytorch.accelerators.cuda:LOCAL_RANK: 0 - CUDA_VISIBLE_DEVICES: [0,1,2,3]
INFO: LOCAL_RANK: 3 - CUDA_VISIBLE_DEVICES: [0,1,2,3]
INFO:lightning.pytorch.accelerators.cuda:LOCAL_RANK: 3 - CUDA_VISIBLE_DEVICES: [0,1,2,3]
INFO: LOCAL_RANK: 1 - CUDA_VISIBLE_DEVICES: [0,1,2,3]
INFO:lightning.pytorch.accelerators.cuda:LOCAL_RANK: 1 - CUDA_VISIBLE_DEVICES: [0,1,2,3]
INFO: LOCAL_RANK: 2 - CUDA_VISIBLE_DEVICES: [0,1,2,3]
INFO:lightning.pytorch.accelerators.cuda:LOCAL_RANK: 2 - CUDA_VISIBLE_DEVICES: [0,1,2,3]
INFO: LOCAL_RANK: 2 - CUDA_VISIBLE_DEVICES: [0,1,2,3]
INFO:lightning.pytorch.accelerators.cuda:LOCAL_RANK: 2 - CUDA_VISIBLE_DEVICES: [0,1,2,3]
INFO: LOCAL_RANK: 1 - CUDA_VISIBLE_DEVICES: [0,1,2,3]
INFO:lightning.pytorch.accelerators.cuda:LOCAL_RANK: 1 - CUDA_VISIBLE_DEVICES: [0,1,2,3]
INFO: LOCAL_RANK: 2 - CUDA_VISIBLE_DEVICES: [0,1,2,3]
INFO:lightning.pytorch.accelerators.cuda:LOCAL_RANK: 2 - CUDA_VISIBLE_DEVICES: [0,1,2,3]
INFO: LOCAL_RANK: 3 - CUDA_VISIBLE_DEVICES: [0,1,2,3]
INFO:lightning.pytorch.accelerators.cuda:LOCAL_RANK: 3 - CUDA_VISIBLE_DEVICES: [0,1,2,3]
INFO: LOCAL_RANK: 3 - CUDA_VISIBLE_DEVICES: [0,1,2,3]
INFO:lightning.pytorch.accelerators.cuda:LOCAL_RANK: 3 - CUDA_VISIBLE_DEVICES: [0,1,2,3]
INFO: LOCAL_RANK: 0 - CUDA_VISIBLE_DEVICES: [0,1,2,3]
INFO:lightning.pytorch.accelerators.cuda:LOCAL_RANK: 0 - CUDA_VISIBLE_DEVICES: [0,1,2,3]
INFO: LOCAL_RANK: 1 - CUDA_VISIBLE_DEVICES: [0,1,2,3]
INFO:lightning.pytorch.accelerators.cuda:LOCAL_RANK: 1 - CUDA_VISIBLE_DEVICES: [0,1,2,3]
INFO: LOCAL_RANK: 1 - CUDA_VISIBLE_DEVICES: [0,1,2,3]
INFO:lightning.pytorch.accelerators.cuda:LOCAL_RANK: 1 - CUDA_VISIBLE_DEVICES: [0,1,2,3]
INFO: LOCAL_RANK: 0 - CUDA_VISIBLE_DEVICES: [0,1,2,3]
INFO:lightning.pytorch.accelerators.cuda:LOCAL_RANK: 0 - CUDA_VISIBLE_DEVICES: [0,1,2,3]
INFO: LOCAL_RANK: 0 - CUDA_VISIBLE_DEVICES: [0,1,2,3]
INFO:lightning.pytorch.accelerators.cuda:LOCAL_RANK: 0 - CUDA_VISIBLE_DEVICES: [0,1,2,3]
[NeMo I 2026-04-10 09:32:31 nemo_logging:393] Copying Trainer's 'max_steps' (715788) to LR scheduler's 'max_steps'.
[NeMo I 2026-04-10 09:32:31 num_microbatches_calculator:228] setting number of microbatches to constant 16
INFO: LOCAL_RANK: 3 - CUDA_VISIBLE_DEVICES: [0,1,2,3]
INFO:lightning.pytorch.accelerators.cuda:LOCAL_RANK: 3 - CUDA_VISIBLE_DEVICES: [0,1,2,3]
INFO: LOCAL_RANK: 2 - CUDA_VISIBLE_DEVICES: [0,1,2,3]
INFO:lightning.pytorch.accelerators.cuda:LOCAL_RANK: 2 - CUDA_VISIBLE_DEVICES: [0,1,2,3]
[NeMo I 2026-04-10 09:32:31 nemo_logging:393]  > number of parameters on (tensor, pipeline) model parallel rank (0 ,0): 1319309336
[NeMo I 2026-04-10 09:32:31 utils:532] Setting up DistributedDataParallel with config DistributedDataParallelConfig(grad_reduce_in_fp32=True, overlap_grad_reduce=True, overlap_param_gather=True, align_param_gather=False, use_distributed_optimizer=True, num_distributed_optimizer_instances=1, check_for_nan_in_grad=True, check_for_large_grads=False, bucket_size=40000000, pad_buckets_for_high_nccl_busbw=False, average_in_collective=True, fp8_param_gather=False, use_custom_fsdp=False, data_parallel_sharding_strategy='no_shard', gradient_reduce_div_fusion=True, suggested_communication_unit_size=None, preserve_fp32_weights=True, keep_fp8_transpose_cache_when_using_custom_fsdp=False)
[NeMo I 2026-04-10 09:32:32 utils:553] Number of buckets for gradient all-reduce / reduce-scatter: 25
    Params for bucket 1 (44048384 elements, 44048384 padded size):
    	module.decoder.layers.23.mlp.linear_fc2.weight
    	module.decoder.layers.23.self_attention.linear_proj.weight
    	module.decoder.final_layernorm.bias
    	module.decoder.layers.23.pre_mlp_layernorm.bias
    	module.decoder.layers.23.mlp.linear_fc1.weight
    	module.decoder.final_layernorm.weight
    	module.decoder.layers.23.pre_mlp_layernorm.weight
    	module.decoder.layers.23.self_attention.linear_qkv.weight
    Params for bucket 2 (44048385 elements, 44048512 padded size):
    	module.decoder.layers.23.self_attention.core_attention.ssa_n_raw
    	module.decoder.layers.22.mlp.linear_fc2.weight
    	module.decoder.layers.23.input_layernorm.weight
    	module.decoder.layers.22.self_attention.linear_proj.weight
    	module.decoder.layers.22.mlp.linear_fc1.weight
    	module.decoder.layers.23.input_layernorm.bias
    	module.decoder.layers.22.pre_mlp_layernorm.bias
    	module.decoder.layers.22.pre_mlp_layernorm.weight
    	module.decoder.layers.22.self_attention.linear_qkv.weight
    Params for bucket 3 (44048385 elements, 44048512 padded size):
    	module.decoder.layers.22.self_attention.core_attention.ssa_n_raw
    	module.decoder.layers.21.mlp.linear_fc1.weight
    	module.decoder.layers.22.input_layernorm.weight
    	module.decoder.layers.21.pre_mlp_layernorm.weight
    	module.decoder.layers.21.self_attention.linear_qkv.weight
    	module.decoder.layers.22.input_layernorm.bias
    	module.decoder.layers.21.mlp.linear_fc2.weight
    	module.decoder.layers.21.pre_mlp_layernorm.bias
    	module.decoder.layers.21.self_attention.linear_proj.weight
    Params for bucket 4 (44048385 elements, 44048512 padded size):
    	module.decoder.layers.21.input_layernorm.weight
    	module.decoder.layers.20.mlp.linear_fc2.weight
    	module.decoder.layers.20.pre_mlp_layernorm.bias
    	module.decoder.layers.20.self_attention.linear_qkv.weight
    	module.decoder.layers.21.self_attention.core_attention.ssa_n_raw
    	module.decoder.layers.20.mlp.linear_fc1.weight
    	module.decoder.layers.21.input_layernorm.bias
    	module.decoder.layers.20.pre_mlp_layernorm.weight
    	module.decoder.layers.20.self_attention.linear_proj.weight
    Params for bucket 5 (44048385 elements, 44048512 padded size):
    	module.decoder.layers.19.mlp.linear_fc1.weight
    	module.decoder.layers.19.pre_mlp_layernorm.weight
    	module.decoder.layers.19.self_attention.linear_proj.weight
    	module.decoder.layers.20.self_attention.core_attention.ssa_n_raw
    	module.decoder.layers.20.input_layernorm.weight
    	module.decoder.layers.20.input_layernorm.bias
    	module.decoder.layers.19.mlp.linear_fc2.weight
    	module.decoder.layers.19.pre_mlp_layernorm.bias
    	module.decoder.layers.19.self_attention.linear_qkv.weight
    Params for bucket 6 (44048385 elements, 44048512 padded size):
    	module.decoder.layers.19.input_layernorm.weight
    	module.decoder.layers.18.mlp.linear_fc2.weight
    	module.decoder.layers.18.self_attention.linear_qkv.weight
    	module.decoder.layers.19.self_attention.core_attention.ssa_n_raw
    	module.decoder.layers.19.input_layernorm.bias
    	module.decoder.layers.18.mlp.linear_fc1.weight
    	module.decoder.layers.18.pre_mlp_layernorm.bias
    	module.decoder.layers.18.pre_mlp_layernorm.weight
    	module.decoder.layers.18.self_attention.linear_proj.weight
    Params for bucket 7 (44048385 elements, 44048512 padded size):
    	module.decoder.layers.18.self_attention.core_attention.ssa_n_raw
    	module.decoder.layers.18.input_layernorm.bias
    	module.decoder.layers.17.mlp.linear_fc2.weight
    	module.decoder.layers.17.pre_mlp_layernorm.bias
    	module.decoder.layers.17.self_attention.linear_proj.weight
    	module.decoder.layers.17.mlp.linear_fc1.weight
    	module.decoder.layers.18.input_layernorm.weight
    	module.decoder.layers.17.pre_mlp_layernorm.weight
    	module.decoder.layers.17.self_attention.linear_qkv.weight
    Params for bucket 8 (44048385 elements, 44048512 padded size):
    	module.decoder.layers.17.self_attention.core_attention.ssa_n_raw
    	module.decoder.layers.16.mlp.linear_fc1.weight
    	module.decoder.layers.16.pre_mlp_layernorm.bias
    	module.decoder.layers.16.pre_mlp_layernorm.weight
    	module.decoder.layers.16.self_attention.linear_qkv.weight
    	module.decoder.layers.16.mlp.linear_fc2.weight
    	module.decoder.layers.17.input_layernorm.bias
    	module.decoder.layers.17.input_layernorm.weight
    	module.decoder.layers.16.self_attention.linear_proj.weight
    Params for bucket 9 (44048385 elements, 44048512 padded size):
    	module.decoder.layers.15.mlp.linear_fc1.weight
    	module.decoder.layers.16.input_layernorm.bias
    	module.decoder.layers.15.self_attention.linear_proj.weight
    	module.decoder.layers.16.self_attention.core_attention.ssa_n_raw
    	module.decoder.layers.15.mlp.linear_fc2.weight
    	module.decoder.layers.16.input_layernorm.weight
    	module.decoder.layers.15.pre_mlp_layernorm.bias
    	module.decoder.layers.15.pre_mlp_layernorm.weight
    	module.decoder.layers.15.self_attention.linear_qkv.weight
    Params for bucket 10 (44048385 elements, 44048512 padded size):
    	module.decoder.layers.15.input_layernorm.bias
    	module.decoder.layers.15.input_layernorm.weight
    	module.decoder.layers.14.pre_mlp_layernorm.bias
    	module.decoder.layers.14.self_attention.linear_proj.weight
    	module.decoder.layers.15.self_attention.core_attention.ssa_n_raw
    	module.decoder.layers.14.mlp.linear_fc1.weight
    	module.decoder.layers.14.mlp.linear_fc2.weight
    	module.decoder.layers.14.pre_mlp_layernorm.weight
    	module.decoder.layers.14.self_attention.linear_qkv.weight
    Params for bucket 11 (44048385 elements, 44048512 padded size):
    	module.decoder.layers.14.input_layernorm.bias
    	module.decoder.layers.13.pre_mlp_layernorm.bias
    	module.decoder.layers.13.self_attention.linear_qkv.weight
    	module.decoder.layers.13.self_attention.linear_proj.weight
    	module.decoder.layers.14.self_attention.core_attention.ssa_n_raw
    	module.decoder.layers.14.input_layernorm.weight
    	module.decoder.layers.13.mlp.linear_fc2.weight
    	module.decoder.layers.13.mlp.linear_fc1.weight
    	module.decoder.layers.13.pre_mlp_layernorm.weight
    Params for bucket 12 (44048385 elements, 44048512 padded size):
    	module.decoder.layers.13.input_layernorm.bias
    	module.decoder.layers.12.pre_mlp_layernorm.weight
    	module.decoder.layers.12.self_attention.linear_qkv.weight
    	module.decoder.layers.13.self_attention.core_attention.ssa_n_raw
    	module.decoder.layers.13.input_layernorm.weight
    	module.decoder.layers.12.mlp.linear_fc1.weight
    	module.decoder.layers.12.mlp.linear_fc2.weight
    	module.decoder.layers.12.pre_mlp_layernorm.bias
    	module.decoder.layers.12.self_attention.linear_proj.weight
    Params for bucket 13 (44048385 elements, 44048512 padded size):
    	module.decoder.layers.12.self_attention.core_attention.ssa_n_raw
    	module.decoder.layers.11.mlp.linear_fc2.weight
    	module.decoder.layers.12.input_layernorm.bias
    	module.decoder.layers.11.self_attention.linear_qkv.weight
    	module.decoder.layers.11.mlp.linear_fc1.weight
    	module.decoder.layers.12.input_layernorm.weight
    	module.decoder.layers.11.pre_mlp_layernorm.bias
    	module.decoder.layers.11.pre_mlp_layernorm.weight
    	module.decoder.layers.11.self_attention.linear_proj.weight
    Params for bucket 14 (44048385 elements, 44048512 padded size):
    	module.decoder.layers.11.input_layernorm.weight
    	module.decoder.layers.10.mlp.linear_fc2.weight
    	module.decoder.layers.10.self_attention.linear_proj.weight
    	module.decoder.layers.11.self_attention.core_attention.ssa_n_raw
    	module.decoder.layers.10.mlp.linear_fc1.weight
    	module.decoder.layers.11.input_layernorm.bias
    	module.decoder.layers.10.pre_mlp_layernorm.bias
    	module.decoder.layers.10.pre_mlp_layernorm.weight
    	module.decoder.layers.10.self_attention.linear_qkv.weight
    Params for bucket 15 (44048385 elements, 44048512 padded size):
    	module.decoder.layers.9.mlp.linear_fc1.weight
    	module.decoder.layers.10.input_layernorm.weight
    	module.decoder.layers.9.pre_mlp_layernorm.bias
    	module.decoder.layers.9.self_attention.linear_proj.weight
    	module.decoder.layers.10.self_attention.core_attention.ssa_n_raw
    	module.decoder.layers.10.input_layernorm.bias
    	module.decoder.layers.9.mlp.linear_fc2.weight
    	module.decoder.layers.9.pre_mlp_layernorm.weight
    	module.decoder.layers.9.self_attention.linear_qkv.weight
    Params for bucket 16 (44048385 elements, 44048512 padded size):
    	module.decoder.layers.8.mlp.linear_fc1.weight
    	module.decoder.layers.9.input_layernorm.weight
    	module.decoder.layers.8.pre_mlp_layernorm.bias
    	module.decoder.layers.8.pre_mlp_layernorm.weight
    	module.decoder.layers.8.self_attention.linear_qkv.weight
    	module.decoder.layers.9.self_attention.core_attention.ssa_n_raw
    	module.decoder.layers.9.input_layernorm.bias
    	module.decoder.layers.8.mlp.linear_fc2.weight
    	module.decoder.layers.8.self_attention.linear_proj.weight
    Params for bucket 17 (44048385 elements, 44048512 padded size):
    	module.decoder.layers.8.input_layernorm.weight
    	module.decoder.layers.7.pre_mlp_layernorm.weight
    	module.decoder.layers.7.self_attention.linear_qkv.weight
    	module.decoder.layers.8.self_attention.core_attention.ssa_n_raw
    	module.decoder.layers.8.input_layernorm.bias
    	module.decoder.layers.7.mlp.linear_fc2.weight
    	module.decoder.layers.7.mlp.linear_fc1.weight
    	module.decoder.layers.7.pre_mlp_layernorm.bias
    	module.decoder.layers.7.self_attention.linear_proj.weight
    Params for bucket 18 (44048385 elements, 44048512 padded size):
    	module.decoder.layers.7.self_attention.core_attention.ssa_n_raw
    	module.decoder.layers.6.mlp.linear_fc1.weight
    	module.decoder.layers.7.input_layernorm.weight
    	module.decoder.layers.6.pre_mlp_layernorm.bias
    	module.decoder.layers.6.mlp.linear_fc2.weight
    	module.decoder.layers.7.input_layernorm.bias
    	module.decoder.layers.6.pre_mlp_layernorm.weight
    	module.decoder.layers.6.self_attention.linear_qkv.weight
    	module.decoder.layers.6.self_attention.linear_proj.weight
    Params for bucket 19 (44048385 elements, 44048512 padded size):
    	module.decoder.layers.5.mlp.linear_fc2.weight
    	module.decoder.layers.5.mlp.linear_fc1.weight
    	module.decoder.layers.5.self_attention.linear_proj.weight
    	module.decoder.layers.6.self_attention.core_attention.ssa_n_raw
    	module.decoder.layers.6.input_layernorm.weight
    	module.decoder.layers.6.input_layernorm.bias
    	module.decoder.layers.5.pre_mlp_layernorm.bias
    	module.decoder.layers.5.pre_mlp_layernorm.weight
    	module.decoder.layers.5.self_attention.linear_qkv.weight
    Params for bucket 20 (44048385 elements, 44048512 padded size):
    	module.decoder.layers.4.mlp.linear_fc2.weight
    	module.decoder.layers.5.input_layernorm.weight
    	module.decoder.layers.4.self_attention.linear_qkv.weight
    	module.decoder.layers.5.self_attention.core_attention.ssa_n_raw
    	module.decoder.layers.5.input_layernorm.bias
    	module.decoder.layers.4.mlp.linear_fc1.weight
    	module.decoder.layers.4.pre_mlp_layernorm.bias
    	module.decoder.layers.4.pre_mlp_layernorm.weight
    	module.decoder.layers.4.self_attention.linear_proj.weight
    Params for bucket 21 (44048385 elements, 44048512 padded size):
    	module.decoder.layers.4.self_attention.core_attention.ssa_n_raw
    	module.decoder.layers.3.mlp.linear_fc2.weight
    	module.decoder.layers.4.input_layernorm.bias
    	module.decoder.layers.3.self_attention.linear_proj.weight
    	module.decoder.layers.3.mlp.linear_fc1.weight
    	module.decoder.layers.4.input_layernorm.weight
    	module.decoder.layers.3.pre_mlp_layernorm.bias
    	module.decoder.layers.3.pre_mlp_layernorm.weight
    	module.decoder.layers.3.self_attention.linear_qkv.weight
    Params for bucket 22 (44048385 elements, 44048512 padded size):
    	module.decoder.layers.3.self_attention.core_attention.ssa_n_raw
    	module.decoder.layers.3.input_layernorm.weight
    	module.decoder.layers.2.mlp.linear_fc2.weight
    	module.decoder.layers.2.self_attention.linear_proj.weight
    	module.decoder.layers.3.input_layernorm.bias
    	module.decoder.layers.2.mlp.linear_fc1.weight
    	module.decoder.layers.2.pre_mlp_layernorm.bias
    	module.decoder.layers.2.pre_mlp_layernorm.weight
    	module.decoder.layers.2.self_attention.linear_qkv.weight
    Params for bucket 23 (44048385 elements, 44048512 padded size):
    	module.decoder.layers.2.input_layernorm.weight
    	module.decoder.layers.1.mlp.linear_fc1.weight
    	module.decoder.layers.1.pre_mlp_layernorm.bias
    	module.decoder.layers.1.self_attention.linear_proj.weight
    	module.decoder.layers.2.self_attention.core_attention.ssa_n_raw
    	module.decoder.layers.2.input_layernorm.bias
    	module.decoder.layers.1.mlp.linear_fc2.weight
    	module.decoder.layers.1.pre_mlp_layernorm.weight
    	module.decoder.layers.1.self_attention.linear_qkv.weight
    Params for bucket 24 (44048385 elements, 44048512 padded size):
    	module.decoder.layers.1.input_layernorm.weight
    	module.decoder.layers.0.mlp.linear_fc1.weight
    	module.decoder.layers.0.pre_mlp_layernorm.bias
    	module.decoder.layers.0.pre_mlp_layernorm.weight
    	module.decoder.layers.0.self_attention.linear_proj.weight
    	module.decoder.layers.1.self_attention.core_attention.ssa_n_raw
    	module.decoder.layers.0.mlp.linear_fc2.weight
    	module.decoder.layers.1.input_layernorm.bias
    	module.decoder.layers.0.self_attention.linear_qkv.weight
    Params for bucket 25 (262148097 elements, 262148224 padded size):
    	module.decoder.layers.0.self_attention.core_attention.ssa_n_raw
    	module.decoder.layers.0.input_layernorm.weight
    	module.decoder.layers.0.input_layernorm.bias
    	module.embedding.word_embeddings.weight
[NeMo I 2026-04-10 09:32:32 utils:532] Setting up optimizer with config OptimizerConfig(optimizer='adam', lr=0.0003, min_lr=None, decoupled_lr=None, decoupled_min_lr=None, weight_decay=0.1, fp16=False, bf16=True, params_dtype=torch.bfloat16, use_precision_aware_optimizer=False, main_grads_dtype=torch.float32, main_params_dtype=torch.float32, exp_avg_dtype=torch.float32, exp_avg_sq_dtype=torch.float32, loss_scale=None, initial_loss_scale=4294967296, min_loss_scale=1.0, loss_scale_window=1000, hysteresis=2, adam_beta1=0.9, adam_beta2=0.95, adam_eps=1e-05, sgd_momentum=0.9, use_distributed_optimizer=True, overlap_param_gather_with_optimizer_step=False, optimizer_cpu_offload=False, optimizer_offload_fraction=0.0, use_torch_optimizer_for_cpu_offload=False, overlap_cpu_optimizer_d2h_h2d=False, pin_cpu_grads=True, pin_cpu_params=True, clip_grad=1.0, log_num_zeros_in_grad=False, barrier_with_L1_time=False, timers=None, config_logger_dir='')
INFO: 
  | Name   | Type | Params | Mode 
----------------------------------------
0 | module | DDP  | 1.3 B  | train
----------------------------------------
1.3 B     Trainable params
0         Non-trainable params
1.3 B     Total params
5,277.237 Total estimated model params size (MB)
395       Modules in train mode
0         Modules in eval mode
INFO:lightning.pytorch.callbacks.model_summary:
  | Name   | Type | Params | Mode 
----------------------------------------
0 | module | DDP  | 1.3 B  | train
----------------------------------------
1.3 B     Trainable params
0         Non-trainable params
1.3 B     Total params
5,277.237 Total estimated model params size (MB)
395       Modules in train mode
0         Modules in eval mode
INFO: Restoring states from the checkpoint path at /tmpdir/barman/bs1024_fullrun/outputs/nemotron-1B-SSA-Triton-bs1024/checkpoints/nemotron-1B-SSA-Triton-bs1024-step=0155999-last/weights
INFO:lightning.pytorch.utilities.rank_zero:Restoring states from the checkpoint path at /tmpdir/barman/bs1024_fullrun/outputs/nemotron-1B-SSA-Triton-bs1024/checkpoints/nemotron-1B-SSA-Triton-bs1024-step=0155999-last/weights
[NeMo I 2026-04-10 09:32:32 nemo_logging:393] Using <megatron.core.dist_checkpointing.strategies.fully_parallel.FullyParallelLoadStrategyWrapper object at 0x4b0f33c71700> dist-ckpt load strategy.
[NeMo I 2026-04-10 09:32:34 nemo_logging:393] Global Checkpoint Load : Rank : 0 : Start time : 1775806352.329s : Time spent in load_checkpoint: 2.001s
INFO: *** Loaded DataModule state dict successfully. IGNORE PTL's warning below about the dataloader not being resumable. This is warning is expected because we are handling dataloader resumption manually in NeMo. ***
INFO:lightning.pytorch.utilities.rank_zero:*** Loaded DataModule state dict successfully. IGNORE PTL's warning below about the dataloader not being resumable. This is warning is expected because we are handling dataloader resumption manually in NeMo. ***
[NeMo I 2026-04-10 09:32:34 distrib_optimizer:784] Loading distributed optimizer sharded state of type fully_sharded_model_space
INFO: Restored all states from the checkpoint at /tmpdir/barman/bs1024_fullrun/outputs/nemotron-1B-SSA-Triton-bs1024/checkpoints/nemotron-1B-SSA-Triton-bs1024-step=0155999-last/weights
INFO:lightning.pytorch.utilities.rank_zero:Restored all states from the checkpoint at /tmpdir/barman/bs1024_fullrun/outputs/nemotron-1B-SSA-Triton-bs1024/checkpoints/nemotron-1B-SSA-Triton-bs1024-step=0155999-last/weights
INFO:root:Instantiating MegatronPretrainingSampler with total_samples: 732966961 and consumed_samples: 159744000
INFO:root:Instantiating MegatronPretrainingSampler with total_samples: 732966961 and consumed_samples: 159744000
INFO:root:Instantiating MegatronPretrainingSampler with total_samples: 732966961 and consumed_samples: 159744000
INFO:root:Instantiating MegatronPretrainingSampler with total_samples: 732966961 and consumed_samples: 159744000
INFO:root:Instantiating MegatronPretrainingSampler with total_samples: 732966961 and consumed_samples: 159744000
INFO:root:Instantiating MegatronPretrainingSampler with total_samples: 732966961 and consumed_samples: 159744000
INFO:root:Instantiating MegatronPretrainingSampler with total_samples: 732966961 and consumed_samples: 159744000
INFO:root:Instantiating MegatronPretrainingSampler with total_samples: 732966961 and consumed_samples: 159744000
INFO:root:Instantiating MegatronPretrainingSampler with total_samples: 732966961 and consumed_samples: 159744000
INFO:root:Instantiating MegatronPretrainingSampler with total_samples: 732966961 and consumed_samples: 159744000
INFO:root:Instantiating MegatronPretrainingSampler with total_samples: 732966961 and consumed_samples: 159744000
INFO:root:Instantiating MegatronPretrainingSampler with total_samples: 732966961 and consumed_samples: 159744000
INFO:root:Instantiating MegatronPretrainingSampler with total_samples: 732966961 and consumed_samples: 159744000
INFO:root:Instantiating MegatronPretrainingSampler with total_samples: 732966961 and consumed_samples: 159744000
INFO:root:Instantiating MegatronPretrainingSampler with total_samples: 732966961 and consumed_samples: 159744000
INFO:root:Instantiating MegatronPretrainingSampler with total_samples: 732966961 and consumed_samples: 159744000
[NeMo W 2026-04-10 09:32:44 nemo_logging:405] /usr/local/lib/python3.12/dist-packages/lightning/pytorch/loops/training_epoch_loop.py:161: You're resuming from a checkpoint that ended before the epoch ended and your dataloader is not resumable. This can cause unreliable results if further training is done. Consider using an end-of-epoch checkpoint or make your dataloader resumable by implementing the `state_dict` / `load_state_dict` interface.
    
[NeMo W 2026-04-10 09:33:55 rerun_state_machine:1264] Implicit initialization of Rerun State Machine!
[NeMo W 2026-04-10 09:33:55 rerun_state_machine:239] RerunStateMachine initialized in mode RerunMode.DISABLED
Training epoch 1, iteration 156000/715787 | lr: 0.0002697 | consumed_samples: 159745024 | global_batch_size: 1024 | global_step: 156000 | reduced_train_loss: 2.239
Training epoch 1, iteration 156001/715787 | lr: 0.0002697 | consumed_samples: 159746048 | global_batch_size: 1024 | global_step: 156001 | reduced_train_loss: 2.245
Training epoch 1, iteration 156002/715787 | lr: 0.0002697 | consumed_samples: 159747072 | global_batch_size: 1024 | global_step: 156002 | reduced_train_loss: 2.273
Training epoch 1, iteration 156003/715787 | lr: 0.0002697 | consumed_samples: 159748096 | global_batch_size: 1024 | global_step: 156003 | reduced_train_loss: 2.263
Training epoch 1, iteration 156004/715787 | lr: 0.0002697 | consumed_samples: 159749120 | global_batch_size: 1024 | global_step: 156004 | reduced_train_loss: 2.259
Training epoch 1, iteration 156005/715787 | lr: 0.0002697 | consumed_samples: 159750144 | global_batch_size: 1024 | global_step: 156005 | reduced_train_loss: 2.241
Training epoch 1, iteration 156006/715787 | lr: 0.0002697 | consumed_samples: 159751168 | global_batch_size: 1024 | global_step: 156006 | reduced_train_loss: 2.245
Training epoch 1, iteration 156007/715787 | lr: 0.0002697 | consumed_samples: 159752192 | global_batch_size: 1024 | global_step: 156007 | reduced_train_loss: 2.245
Training epoch 1, iteration 156008/715787 | lr: 0.0002697 | consumed_samples: 159753216 | global_batch_size: 1024 | global_step: 156008 | reduced_train_loss: 2.235
Training epoch 1, iteration 156009/715787 | lr: 0.0002697 | consumed_samples: 159754240 | global_batch_size: 1024 | global_step: 156009 | reduced_train_loss: 2.248
Training epoch 1, iteration 156010/715787 | lr: 0.0002697 | consumed_samples: 159755264 | global_batch_size: 1024 | global_step: 156010 | reduced_train_loss: 2.254
Training epoch 1, iteration 156011/715787 | lr: 0.0002697 | consumed_samples: 159756288 | global_batch_size: 1024 | global_step: 156011 | reduced_train_loss: 2.229
Training epoch 1, iteration 156012/715787 | lr: 0.0002697 | consumed_samples: 159757312 | global_batch_size: 1024 | global_step: 156012 | reduced_train_loss: 2.252
Training epoch 1, iteration 156013/715787 | lr: 0.0002697 | consumed_samples: 159758336 | global_batch_size: 1024 | global_step: 156013 | reduced_train_loss: 2.244
Training epoch 1, iteration 156014/715787 | lr: 0.0002697 | consumed_samples: 159759360 | global_batch_size: 1024 | global_step: 156014 | reduced_train_loss: 2.238
Training epoch 1, iteration 156015/715787 | lr: 0.0002697 | consumed_samples: 159760384 | global_batch_size: 1024 | global_step: 156015 | reduced_train_loss: 2.272
Training epoch 1, iteration 156016/715787 | lr: 0.0002697 | consumed_samples: 159761408 | global_batch_size: 1024 | global_step: 156016 | reduced_train_loss: 2.244
Training epoch 1, iteration 156017/715787 | lr: 0.0002697 | consumed_samples: 159762432 | global_batch_size: 1024 | global_step: 156017 | reduced_train_loss: 2.226
Training epoch 1, iteration 156018/715787 | lr: 0.0002697 | consumed_samples: 159763456 | global_batch_size: 1024 | global_step: 156018 | reduced_train_loss: 2.221
Training epoch 1, iteration 156019/715787 | lr: 0.0002697 | consumed_samples: 159764480 | global_batch_size: 1024 | global_step: 156019 | reduced_train_loss: 2.215
Training epoch 1, iteration 156020/715787 | lr: 0.0002697 | consumed_samples: 159765504 | global_batch_size: 1024 | global_step: 156020 | reduced_train_loss: 2.211
Training epoch 1, iteration 156021/715787 | lr: 0.0002697 | consumed_samples: 159766528 | global_batch_size: 1024 | global_step: 156021 | reduced_train_loss: 2.221
Training epoch 1, iteration 156022/715787 | lr: 0.0002697 | consumed_samples: 159767552 | global_batch_size: 1024 | global_step: 156022 | reduced_train_loss: 2.241
Training epoch 1, iteration 156023/715787 | lr: 0.0002697 | consumed_samples: 159768576 | global_batch_size: 1024 | global_step: 156023 | reduced_train_loss: 2.246
Training epoch 1, iteration 156024/715787 | lr: 0.0002697 | consumed_samples: 159769600 | global_batch_size: 1024 | global_step: 156024 | reduced_train_loss: 2.259
Training epoch 1, iteration 156025/715787 | lr: 0.0002697 | consumed_samples: 159770624 | global_batch_size: 1024 | global_step: 156025 | reduced_train_loss: 2.226
Training epoch 1, iteration 156026/715787 | lr: 0.0002697 | consumed_samples: 159771648 | global_batch_size: 1024 | global_step: 156026 | reduced_train_loss: 2.26
Training epoch 1, iteration 156027/715787 | lr: 0.0002697 | consumed_samples: 159772672 | global_batch_size: 1024 | global_step: 156027 | reduced_train_loss: 2.239
Training epoch 1, iteration 156028/715787 | lr: 0.0002697 | consumed_samples: 159773696 | global_batch_size: 1024 | global_step: 156028 | reduced_train_loss: 2.246
Training epoch 1, iteration 156029/715787 | lr: 0.0002697 | consumed_samples: 159774720 | global_batch_size: 1024 | global_step: 156029 | reduced_train_loss: 2.237
Training epoch 1, iteration 156030/715787 | lr: 0.0002697 | consumed_samples: 159775744 | global_batch_size: 1024 | global_step: 156030 | reduced_train_loss: 2.232
Training epoch 1, iteration 156031/715787 | lr: 0.0002697 | consumed_samples: 159776768 | global_batch_size: 1024 | global_step: 156031 | reduced_train_loss: 2.238
Training epoch 1, iteration 156032/715787 | lr: 0.0002697 | consumed_samples: 159777792 | global_batch_size: 1024 | global_step: 156032 | reduced_train_loss: 2.259
Training epoch 1, iteration 156033/715787 | lr: 0.0002697 | consumed_samples: 159778816 | global_batch_size: 1024 | global_step: 156033 | reduced_train_loss: 2.236
Training epoch 1, iteration 156034/715787 | lr: 0.0002697 | consumed_samples: 159779840 | global_batch_size: 1024 | global_step: 156034 | reduced_train_loss: 2.246
Training epoch 1, iteration 156035/715787 | lr: 0.0002697 | consumed_samples: 159780864 | global_batch_size: 1024 | global_step: 156035 | reduced_train_loss: 2.228
Training epoch 1, iteration 156036/715787 | lr: 0.0002697 | consumed_samples: 159781888 | global_batch_size: 1024 | global_step: 156036 | reduced_train_loss: 2.241
Training epoch 1, iteration 156037/715787 | lr: 0.0002697 | consumed_samples: 159782912 | global_batch_size: 1024 | global_step: 156037 | reduced_train_loss: 2.243
Training epoch 1, iteration 156038/715787 | lr: 0.0002697 | consumed_samples: 159783936 | global_batch_size: 1024 | global_step: 156038 | reduced_train_loss: 2.243
Training epoch 1, iteration 156039/715787 | lr: 0.0002697 | consumed_samples: 159784960 | global_batch_size: 1024 | global_step: 156039 | reduced_train_loss: 2.243
Training epoch 1, iteration 156040/715787 | lr: 0.0002697 | consumed_samples: 159785984 | global_batch_size: 1024 | global_step: 156040 | reduced_train_loss: 2.251
Training epoch 1, iteration 156041/715787 | lr: 0.0002697 | consumed_samples: 159787008 | global_batch_size: 1024 | global_step: 156041 | reduced_train_loss: 2.231
Training epoch 1, iteration 156042/715787 | lr: 0.0002697 | consumed_samples: 159788032 | global_batch_size: 1024 | global_step: 156042 | reduced_train_loss: 2.244
Training epoch 1, iteration 156043/715787 | lr: 0.0002697 | consumed_samples: 159789056 | global_batch_size: 1024 | global_step: 156043 | reduced_train_loss: 2.218
Training epoch 1, iteration 156044/715787 | lr: 0.0002697 | consumed_samples: 159790080 | global_batch_size: 1024 | global_step: 156044 | reduced_train_loss: 2.249
Training epoch 1, iteration 156045/715787 | lr: 0.0002697 | consumed_samples: 159791104 | global_batch_size: 1024 | global_step: 156045 | reduced_train_loss: 2.247
Training epoch 1, iteration 156046/715787 | lr: 0.0002697 | consumed_samples: 159792128 | global_batch_size: 1024 | global_step: 156046 | reduced_train_loss: 2.231
Training epoch 1, iteration 156047/715787 | lr: 0.0002697 | consumed_samples: 159793152 | global_batch_size: 1024 | global_step: 156047 | reduced_train_loss: 2.225
Training epoch 1, iteration 156048/715787 | lr: 0.0002697 | consumed_samples: 159794176 | global_batch_size: 1024 | global_step: 156048 | reduced_train_loss: 2.238
Training epoch 1, iteration 156049/715787 | lr: 0.0002697 | consumed_samples: 159795200 | global_batch_size: 1024 | global_step: 156049 | reduced_train_loss: 2.248
Training epoch 1, iteration 156050/715787 | lr: 0.0002697 | consumed_samples: 159796224 | global_batch_size: 1024 | global_step: 156050 | reduced_train_loss: 2.233
Training epoch 1, iteration 156051/715787 | lr: 0.0002697 | consumed_samples: 159797248 | global_batch_size: 1024 | global_step: 156051 | reduced_train_loss: 2.212
Training epoch 1, iteration 156052/715787 | lr: 0.0002697 | consumed_samples: 159798272 | global_batch_size: 1024 | global_step: 156052 | reduced_train_loss: 2.244
Training epoch 1, iteration 156053/715787 | lr: 0.0002697 | consumed_samples: 159799296 | global_batch_size: 1024 | global_step: 156053 | reduced_train_loss: 2.24
Training epoch 1, iteration 156054/715787 | lr: 0.0002697 | consumed_samples: 159800320 | global_batch_size: 1024 | global_step: 156054 | reduced_train_loss: 2.233
Training epoch 1, iteration 156055/715787 | lr: 0.0002697 | consumed_samples: 159801344 | global_batch_size: 1024 | global_step: 156055 | reduced_train_loss: 2.261
Training epoch 1, iteration 156056/715787 | lr: 0.0002697 | consumed_samples: 159802368 | global_batch_size: 1024 | global_step: 156056 | reduced_train_loss: 2.235
Training epoch 1, iteration 156057/715787 | lr: 0.0002697 | consumed_samples: 159803392 | global_batch_size: 1024 | global_step: 156057 | reduced_train_loss: 2.255
Training epoch 1, iteration 156058/715787 | lr: 0.0002697 | consumed_samples: 159804416 | global_batch_size: 1024 | global_step: 156058 | reduced_train_loss: 2.244
Training epoch 1, iteration 156059/715787 | lr: 0.0002697 | consumed_samples: 159805440 | global_batch_size: 1024 | global_step: 156059 | reduced_train_loss: 2.246
Training epoch 1, iteration 156060/715787 | lr: 0.0002697 | consumed_samples: 159806464 | global_batch_size: 1024 | global_step: 156060 | reduced_train_loss: 2.236
Training epoch 1, iteration 156061/715787 | lr: 0.0002697 | consumed_samples: 159807488 | global_batch_size: 1024 | global_step: 156061 | reduced_train_loss: 2.235
Training epoch 1, iteration 156062/715787 | lr: 0.0002697 | consumed_samples: 159808512 | global_batch_size: 1024 | global_step: 156062 | reduced_train_loss: 2.239
Training epoch 1, iteration 156063/715787 | lr: 0.0002697 | consumed_samples: 159809536 | global_batch_size: 1024 | global_step: 156063 | reduced_train_loss: 2.242
Training epoch 1, iteration 156064/715787 | lr: 0.0002697 | consumed_samples: 159810560 | global_batch_size: 1024 | global_step: 156064 | reduced_train_loss: 2.24
Training epoch 1, iteration 156065/715787 | lr: 0.0002697 | consumed_samples: 159811584 | global_batch_size: 1024 | global_step: 156065 | reduced_train_loss: 2.219
Training epoch 1, iteration 156066/715787 | lr: 0.0002697 | consumed_samples: 159812608 | global_batch_size: 1024 | global_step: 156066 | reduced_train_loss: 2.237
Training epoch 1, iteration 156067/715787 | lr: 0.0002697 | consumed_samples: 159813632 | global_batch_size: 1024 | global_step: 156067 | reduced_train_loss: 2.247
Training epoch 1, iteration 156068/715787 | lr: 0.0002697 | consumed_samples: 159814656 | global_batch_size: 1024 | global_step: 156068 | reduced_train_loss: 2.247
Training epoch 1, iteration 156069/715787 | lr: 0.0002697 | consumed_samples: 159815680 | global_batch_size: 1024 | global_step: 156069 | reduced_train_loss: 2.24
Training epoch 1, iteration 156070/715787 | lr: 0.0002697 | consumed_samples: 159816704 | global_batch_size: 1024 | global_step: 156070 | reduced_train_loss: 2.218
Training epoch 1, iteration 156071/715787 | lr: 0.0002697 | consumed_samples: 159817728 | global_batch_size: 1024 | global_step: 156071 | reduced_train_loss: 2.221
Training epoch 1, iteration 156072/715787 | lr: 0.0002697 | consumed_samples: 159818752 | global_batch_size: 1024 | global_step: 156072 | reduced_train_loss: 2.236
Training epoch 1, iteration 156073/715787 | lr: 0.0002697 | consumed_samples: 159819776 | global_batch_size: 1024 | global_step: 156073 | reduced_train_loss: 2.242
Training epoch 1, iteration 156074/715787 | lr: 0.0002697 | consumed_samples: 159820800 | global_batch_size: 1024 | global_step: 156074 | reduced_train_loss: 2.227
Training epoch 1, iteration 156075/715787 | lr: 0.0002697 | consumed_samples: 159821824 | global_batch_size: 1024 | global_step: 156075 | reduced_train_loss: 2.244
Training epoch 1, iteration 156076/715787 | lr: 0.0002697 | consumed_samples: 159822848 | global_batch_size: 1024 | global_step: 156076 | reduced_train_loss: 2.234
Training epoch 1, iteration 156077/715787 | lr: 0.0002697 | consumed_samples: 159823872 | global_batch_size: 1024 | global_step: 156077 | reduced_train_loss: 2.255
Training epoch 1, iteration 156078/715787 | lr: 0.0002697 | consumed_samples: 159824896 | global_batch_size: 1024 | global_step: 156078 | reduced_train_loss: 2.237
Training epoch 1, iteration 156079/715787 | lr: 0.0002697 | consumed_samples: 159825920 | global_batch_size: 1024 | global_step: 156079 | reduced_train_loss: 2.243
Training epoch 1, iteration 156080/715787 | lr: 0.0002697 | consumed_samples: 159826944 | global_batch_size: 1024 | global_step: 156080 | reduced_train_loss: 2.228
Training epoch 1, iteration 156081/715787 | lr: 0.0002697 | consumed_samples: 159827968 | global_batch_size: 1024 | global_step: 156081 | reduced_train_loss: 2.24
Training epoch 1, iteration 156082/715787 | lr: 0.0002697 | consumed_samples: 159828992 | global_batch_size: 1024 | global_step: 156082 | reduced_train_loss: 2.241
Training epoch 1, iteration 156083/715787 | lr: 0.0002697 | consumed_samples: 159830016 | global_batch_size: 1024 | global_step: 156083 | reduced_train_loss: 2.239
Training epoch 1, iteration 156084/715787 | lr: 0.0002697 | consumed_samples: 159831040 | global_batch_size: 1024 | global_step: 156084 | reduced_train_loss: 2.242
Training epoch 1, iteration 156085/715787 | lr: 0.0002697 | consumed_samples: 159832064 | global_batch_size: 1024 | global_step: 156085 | reduced_train_loss: 2.246
Training epoch 1, iteration 156086/715787 | lr: 0.0002697 | consumed_samples: 159833088 | global_batch_size: 1024 | global_step: 156086 | reduced_train_loss: 2.241
Training epoch 1, iteration 156087/715787 | lr: 0.0002697 | consumed_samples: 159834112 | global_batch_size: 1024 | global_step: 156087 | reduced_train_loss: 2.257
Training epoch 1, iteration 156088/715787 | lr: 0.0002697 | consumed_samples: 159835136 | global_batch_size: 1024 | global_step: 156088 | reduced_train_loss: 2.234
Training epoch 1, iteration 156089/715787 | lr: 0.0002697 | consumed_samples: 159836160 | global_batch_size: 1024 | global_step: 156089 | reduced_train_loss: 2.252
Training epoch 1, iteration 156090/715787 | lr: 0.0002697 | consumed_samples: 159837184 | global_batch_size: 1024 | global_step: 156090 | reduced_train_loss: 2.266
Training epoch 1, iteration 156091/715787 | lr: 0.0002697 | consumed_samples: 159838208 | global_batch_size: 1024 | global_step: 156091 | reduced_train_loss: 2.23
Training epoch 1, iteration 156092/715787 | lr: 0.0002697 | consumed_samples: 159839232 | global_batch_size: 1024 | global_step: 156092 | reduced_train_loss: 2.264
Training epoch 1, iteration 156093/715787 | lr: 0.0002697 | consumed_samples: 159840256 | global_batch_size: 1024 | global_step: 156093 | reduced_train_loss: 2.224
Training epoch 1, iteration 156094/715787 | lr: 0.0002697 | consumed_samples: 159841280 | global_batch_size: 1024 | global_step: 156094 | reduced_train_loss: 2.235
Training epoch 1, iteration 156095/715787 | lr: 0.0002697 | consumed_samples: 159842304 | global_batch_size: 1024 | global_step: 156095 | reduced_train_loss: 2.256
Training epoch 1, iteration 156096/715787 | lr: 0.0002697 | consumed_samples: 159843328 | global_batch_size: 1024 | global_step: 156096 | reduced_train_loss: 2.234
Training epoch 1, iteration 156097/715787 | lr: 0.0002697 | consumed_samples: 159844352 | global_batch_size: 1024 | global_step: 156097 | reduced_train_loss: 2.251
Training epoch 1, iteration 156098/715787 | lr: 0.0002697 | consumed_samples: 159845376 | global_batch_size: 1024 | global_step: 156098 | reduced_train_loss: 2.226
[NeMo I 2026-04-10 10:00:55 nemo_logging:393] Running garbage collection at train global_step: 156100
Training epoch 1, iteration 156099/715787 | lr: 0.0002697 | consumed_samples: 159846400 | global_batch_size: 1024 | global_step: 156099 | reduced_train_loss: 2.238
Training epoch 1, iteration 156100/715787 | lr: 0.0002697 | consumed_samples: 159847424 | global_batch_size: 1024 | global_step: 156100 | reduced_train_loss: 2.258
Training epoch 1, iteration 156101/715787 | lr: 0.0002697 | consumed_samples: 159848448 | global_batch_size: 1024 | global_step: 156101 | reduced_train_loss: 2.232
Training epoch 1, iteration 156102/715787 | lr: 0.0002697 | consumed_samples: 159849472 | global_batch_size: 1024 | global_step: 156102 | reduced_train_loss: 2.231
Training epoch 1, iteration 156103/715787 | lr: 0.0002697 | consumed_samples: 159850496 | global_batch_size: 1024 | global_step: 156103 | reduced_train_loss: 2.219
Training epoch 1, iteration 156104/715787 | lr: 0.0002697 | consumed_samples: 159851520 | global_batch_size: 1024 | global_step: 156104 | reduced_train_loss: 2.238
Training epoch 1, iteration 156105/715787 | lr: 0.0002697 | consumed_samples: 159852544 | global_batch_size: 1024 | global_step: 156105 | reduced_train_loss: 2.217
Training epoch 1, iteration 156106/715787 | lr: 0.0002697 | consumed_samples: 159853568 | global_batch_size: 1024 | global_step: 156106 | reduced_train_loss: 2.242
Training epoch 1, iteration 156107/715787 | lr: 0.0002697 | consumed_samples: 159854592 | global_batch_size: 1024 | global_step: 156107 | reduced_train_loss: 2.225
Training epoch 1, iteration 156108/715787 | lr: 0.0002697 | consumed_samples: 159855616 | global_batch_size: 1024 | global_step: 156108 | reduced_train_loss: 2.23
Training epoch 1, iteration 156109/715787 | lr: 0.0002697 | consumed_samples: 159856640 | global_batch_size: 1024 | global_step: 156109 | reduced_train_loss: 2.223
Training epoch 1, iteration 156110/715787 | lr: 0.0002697 | consumed_samples: 159857664 | global_batch_size: 1024 | global_step: 156110 | reduced_train_loss: 2.23
Training epoch 1, iteration 156111/715787 | lr: 0.0002697 | consumed_samples: 159858688 | global_batch_size: 1024 | global_step: 156111 | reduced_train_loss: 2.24
Training epoch 1, iteration 156112/715787 | lr: 0.0002697 | consumed_samples: 159859712 | global_batch_size: 1024 | global_step: 156112 | reduced_train_loss: 2.238
Training epoch 1, iteration 156113/715787 | lr: 0.0002697 | consumed_samples: 159860736 | global_batch_size: 1024 | global_step: 156113 | reduced_train_loss: 2.25
Training epoch 1, iteration 156114/715787 | lr: 0.0002697 | consumed_samples: 159861760 | global_batch_size: 1024 | global_step: 156114 | reduced_train_loss: 2.252
Training epoch 1, iteration 156115/715787 | lr: 0.0002697 | consumed_samples: 159862784 | global_batch_size: 1024 | global_step: 156115 | reduced_train_loss: 2.253
Training epoch 1, iteration 156116/715787 | lr: 0.0002697 | consumed_samples: 159863808 | global_batch_size: 1024 | global_step: 156116 | reduced_train_loss: 2.225
Training epoch 1, iteration 156117/715787 | lr: 0.0002697 | consumed_samples: 159864832 | global_batch_size: 1024 | global_step: 156117 | reduced_train_loss: 2.251
Training epoch 1, iteration 156118/715787 | lr: 0.0002697 | consumed_samples: 159865856 | global_batch_size: 1024 | global_step: 156118 | reduced_train_loss: 2.242
Training epoch 1, iteration 156119/715787 | lr: 0.0002697 | consumed_samples: 159866880 | global_batch_size: 1024 | global_step: 156119 | reduced_train_loss: 2.252
Training epoch 1, iteration 156120/715787 | lr: 0.0002697 | consumed_samples: 159867904 | global_batch_size: 1024 | global_step: 156120 | reduced_train_loss: 2.24
Training epoch 1, iteration 156121/715787 | lr: 0.0002697 | consumed_samples: 159868928 | global_batch_size: 1024 | global_step: 156121 | reduced_train_loss: 2.237
Training epoch 1, iteration 156122/715787 | lr: 0.0002697 | consumed_samples: 159869952 | global_batch_size: 1024 | global_step: 156122 | reduced_train_loss: 2.228
Training epoch 1, iteration 156123/715787 | lr: 0.0002697 | consumed_samples: 159870976 | global_batch_size: 1024 | global_step: 156123 | reduced_train_loss: 2.241
Training epoch 1, iteration 156124/715787 | lr: 0.0002697 | consumed_samples: 159872000 | global_batch_size: 1024 | global_step: 156124 | reduced_train_loss: 2.242
Training epoch 1, iteration 156125/715787 | lr: 0.0002697 | consumed_samples: 159873024 | global_batch_size: 1024 | global_step: 156125 | reduced_train_loss: 2.265
Training epoch 1, iteration 156126/715787 | lr: 0.0002697 | consumed_samples: 159874048 | global_batch_size: 1024 | global_step: 156126 | reduced_train_loss: 2.223
Training epoch 1, iteration 156127/715787 | lr: 0.0002697 | consumed_samples: 159875072 | global_batch_size: 1024 | global_step: 156127 | reduced_train_loss: 2.241
Training epoch 1, iteration 156128/715787 | lr: 0.0002697 | consumed_samples: 159876096 | global_batch_size: 1024 | global_step: 156128 | reduced_train_loss: 2.225
Training epoch 1, iteration 156129/715787 | lr: 0.0002697 | consumed_samples: 159877120 | global_batch_size: 1024 | global_step: 156129 | reduced_train_loss: 2.249
Training epoch 1, iteration 156130/715787 | lr: 0.0002697 | consumed_samples: 159878144 | global_batch_size: 1024 | global_step: 156130 | reduced_train_loss: 2.25
Training epoch 1, iteration 156131/715787 | lr: 0.0002697 | consumed_samples: 159879168 | global_batch_size: 1024 | global_step: 156131 | reduced_train_loss: 2.218
Training epoch 1, iteration 156132/715787 | lr: 0.0002697 | consumed_samples: 159880192 | global_batch_size: 1024 | global_step: 156132 | reduced_train_loss: 2.251
Training epoch 1, iteration 156133/715787 | lr: 0.0002697 | consumed_samples: 159881216 | global_batch_size: 1024 | global_step: 156133 | reduced_train_loss: 2.234
Training epoch 1, iteration 156134/715787 | lr: 0.0002697 | consumed_samples: 159882240 | global_batch_size: 1024 | global_step: 156134 | reduced_train_loss: 2.247
Training epoch 1, iteration 156135/715787 | lr: 0.0002697 | consumed_samples: 159883264 | global_batch_size: 1024 | global_step: 156135 | reduced_train_loss: 2.241
Training epoch 1, iteration 156136/715787 | lr: 0.0002697 | consumed_samples: 159884288 | global_batch_size: 1024 | global_step: 156136 | reduced_train_loss: 2.242
Training epoch 1, iteration 156137/715787 | lr: 0.0002697 | consumed_samples: 159885312 | global_batch_size: 1024 | global_step: 156137 | reduced_train_loss: 2.23
Training epoch 1, iteration 156138/715787 | lr: 0.0002697 | consumed_samples: 159886336 | global_batch_size: 1024 | global_step: 156138 | reduced_train_loss: 2.241
Training epoch 1, iteration 156139/715787 | lr: 0.0002697 | consumed_samples: 159887360 | global_batch_size: 1024 | global_step: 156139 | reduced_train_loss: 2.236
Training epoch 1, iteration 156140/715787 | lr: 0.0002697 | consumed_samples: 159888384 | global_batch_size: 1024 | global_step: 156140 | reduced_train_loss: 2.229
Training epoch 1, iteration 156141/715787 | lr: 0.0002697 | consumed_samples: 159889408 | global_batch_size: 1024 | global_step: 156141 | reduced_train_loss: 2.216
Training epoch 1, iteration 156142/715787 | lr: 0.0002697 | consumed_samples: 159890432 | global_batch_size: 1024 | global_step: 156142 | reduced_train_loss: 2.257
Training epoch 1, iteration 156143/715787 | lr: 0.0002697 | consumed_samples: 159891456 | global_batch_size: 1024 | global_step: 156143 | reduced_train_loss: 2.223
Training epoch 1, iteration 156144/715787 | lr: 0.0002697 | consumed_samples: 159892480 | global_batch_size: 1024 | global_step: 156144 | reduced_train_loss: 2.213
Training epoch 1, iteration 156145/715787 | lr: 0.0002697 | consumed_samples: 159893504 | global_batch_size: 1024 | global_step: 156145 | reduced_train_loss: 2.246
Training epoch 1, iteration 156146/715787 | lr: 0.0002697 | consumed_samples: 159894528 | global_batch_size: 1024 | global_step: 156146 | reduced_train_loss: 2.256
Training epoch 1, iteration 156147/715787 | lr: 0.0002697 | consumed_samples: 159895552 | global_batch_size: 1024 | global_step: 156147 | reduced_train_loss: 2.241
Training epoch 1, iteration 156148/715787 | lr: 0.0002697 | consumed_samples: 159896576 | global_batch_size: 1024 | global_step: 156148 | reduced_train_loss: 2.245
Training epoch 1, iteration 156149/715787 | lr: 0.0002697 | consumed_samples: 159897600 | global_batch_size: 1024 | global_step: 156149 | reduced_train_loss: 2.258
Training epoch 1, iteration 156150/715787 | lr: 0.0002697 | consumed_samples: 159898624 | global_batch_size: 1024 | global_step: 156150 | reduced_train_loss: 2.245
Training epoch 1, iteration 156151/715787 | lr: 0.0002697 | consumed_samples: 159899648 | global_batch_size: 1024 | global_step: 156151 | reduced_train_loss: 2.228
Training epoch 1, iteration 156152/715787 | lr: 0.0002697 | consumed_samples: 159900672 | global_batch_size: 1024 | global_step: 156152 | reduced_train_loss: 2.253
Training epoch 1, iteration 156153/715787 | lr: 0.0002697 | consumed_samples: 159901696 | global_batch_size: 1024 | global_step: 156153 | reduced_train_loss: 2.224
Training epoch 1, iteration 156154/715787 | lr: 0.0002697 | consumed_samples: 159902720 | global_batch_size: 1024 | global_step: 156154 | reduced_train_loss: 2.217
Training epoch 1, iteration 156155/715787 | lr: 0.0002697 | consumed_samples: 159903744 | global_batch_size: 1024 | global_step: 156155 | reduced_train_loss: 2.242
Training epoch 1, iteration 156156/715787 | lr: 0.0002697 | consumed_samples: 159904768 | global_batch_size: 1024 | global_step: 156156 | reduced_train_loss: 2.248
Training epoch 1, iteration 156157/715787 | lr: 0.0002697 | consumed_samples: 159905792 | global_batch_size: 1024 | global_step: 156157 | reduced_train_loss: 2.258
Training epoch 1, iteration 156158/715787 | lr: 0.0002697 | consumed_samples: 159906816 | global_batch_size: 1024 | global_step: 156158 | reduced_train_loss: 2.225
Training epoch 1, iteration 156159/715787 | lr: 0.0002697 | consumed_samples: 159907840 | global_batch_size: 1024 | global_step: 156159 | reduced_train_loss: 2.23
Training epoch 1, iteration 156160/715787 | lr: 0.0002697 | consumed_samples: 159908864 | global_batch_size: 1024 | global_step: 156160 | reduced_train_loss: 2.233
Training epoch 1, iteration 156161/715787 | lr: 0.0002697 | consumed_samples: 159909888 | global_batch_size: 1024 | global_step: 156161 | reduced_train_loss: 2.238
Training epoch 1, iteration 156162/715787 | lr: 0.0002697 | consumed_samples: 159910912 | global_batch_size: 1024 | global_step: 156162 | reduced_train_loss: 2.23
Training epoch 1, iteration 156163/715787 | lr: 0.0002697 | consumed_samples: 159911936 | global_batch_size: 1024 | global_step: 156163 | reduced_train_loss: 2.243
Training epoch 1, iteration 156164/715787 | lr: 0.0002697 | consumed_samples: 159912960 | global_batch_size: 1024 | global_step: 156164 | reduced_train_loss: 2.237
Training epoch 1, iteration 156165/715787 | lr: 0.0002697 | consumed_samples: 159913984 | global_batch_size: 1024 | global_step: 156165 | reduced_train_loss: 2.24
Training epoch 1, iteration 156166/715787 | lr: 0.0002697 | consumed_samples: 159915008 | global_batch_size: 1024 | global_step: 156166 | reduced_train_loss: 2.231
Training epoch 1, iteration 156167/715787 | lr: 0.0002697 | consumed_samples: 159916032 | global_batch_size: 1024 | global_step: 156167 | reduced_train_loss: 2.236
Training epoch 1, iteration 156168/715787 | lr: 0.0002697 | consumed_samples: 159917056 | global_batch_size: 1024 | global_step: 156168 | reduced_train_loss: 2.24
Training epoch 1, iteration 156169/715787 | lr: 0.0002697 | consumed_samples: 159918080 | global_batch_size: 1024 | global_step: 156169 | reduced_train_loss: 2.256
Training epoch 1, iteration 156170/715787 | lr: 0.0002697 | consumed_samples: 159919104 | global_batch_size: 1024 | global_step: 156170 | reduced_train_loss: 2.24
Training epoch 1, iteration 156171/715787 | lr: 0.0002697 | consumed_samples: 159920128 | global_batch_size: 1024 | global_step: 156171 | reduced_train_loss: 2.256
Training epoch 1, iteration 156172/715787 | lr: 0.0002697 | consumed_samples: 159921152 | global_batch_size: 1024 | global_step: 156172 | reduced_train_loss: 2.217
Training epoch 1, iteration 156173/715787 | lr: 0.0002697 | consumed_samples: 159922176 | global_batch_size: 1024 | global_step: 156173 | reduced_train_loss: 2.252
Training epoch 1, iteration 156174/715787 | lr: 0.0002697 | consumed_samples: 159923200 | global_batch_size: 1024 | global_step: 156174 | reduced_train_loss: 2.238
Training epoch 1, iteration 156175/715787 | lr: 0.0002697 | consumed_samples: 159924224 | global_batch_size: 1024 | global_step: 156175 | reduced_train_loss: 2.23
Training epoch 1, iteration 156176/715787 | lr: 0.0002697 | consumed_samples: 159925248 | global_batch_size: 1024 | global_step: 156176 | reduced_train_loss: 2.24
Training epoch 1, iteration 156177/715787 | lr: 0.0002697 | consumed_samples: 159926272 | global_batch_size: 1024 | global_step: 156177 | reduced_train_loss: 2.254
Training epoch 1, iteration 156178/715787 | lr: 0.0002697 | consumed_samples: 159927296 | global_batch_size: 1024 | global_step: 156178 | reduced_train_loss: 2.209
Training epoch 1, iteration 156179/715787 | lr: 0.0002697 | consumed_samples: 159928320 | global_batch_size: 1024 | global_step: 156179 | reduced_train_loss: 2.217
Training epoch 1, iteration 156180/715787 | lr: 0.0002697 | consumed_samples: 159929344 | global_batch_size: 1024 | global_step: 156180 | reduced_train_loss: 2.239
Training epoch 1, iteration 156181/715787 | lr: 0.0002697 | consumed_samples: 159930368 | global_batch_size: 1024 | global_step: 156181 | reduced_train_loss: 2.231
Training epoch 1, iteration 156182/715787 | lr: 0.0002697 | consumed_samples: 159931392 | global_batch_size: 1024 | global_step: 156182 | reduced_train_loss: 2.237
Training epoch 1, iteration 156183/715787 | lr: 0.0002697 | consumed_samples: 159932416 | global_batch_size: 1024 | global_step: 156183 | reduced_train_loss: 2.247
Training epoch 1, iteration 156184/715787 | lr: 0.0002697 | consumed_samples: 159933440 | global_batch_size: 1024 | global_step: 156184 | reduced_train_loss: 2.25
Training epoch 1, iteration 156185/715787 | lr: 0.0002697 | consumed_samples: 159934464 | global_batch_size: 1024 | global_step: 156185 | reduced_train_loss: 2.227
Training epoch 1, iteration 156186/715787 | lr: 0.0002697 | consumed_samples: 159935488 | global_batch_size: 1024 | global_step: 156186 | reduced_train_loss: 2.239
Training epoch 1, iteration 156187/715787 | lr: 0.0002697 | consumed_samples: 159936512 | global_batch_size: 1024 | global_step: 156187 | reduced_train_loss: 2.243
Training epoch 1, iteration 156188/715787 | lr: 0.0002696 | consumed_samples: 159937536 | global_batch_size: 1024 | global_step: 156188 | reduced_train_loss: 2.224
Training epoch 1, iteration 156189/715787 | lr: 0.0002696 | consumed_samples: 159938560 | global_batch_size: 1024 | global_step: 156189 | reduced_train_loss: 2.248
Training epoch 1, iteration 156190/715787 | lr: 0.0002696 | consumed_samples: 159939584 | global_batch_size: 1024 | global_step: 156190 | reduced_train_loss: 2.252
Training epoch 1, iteration 156191/715787 | lr: 0.0002696 | consumed_samples: 159940608 | global_batch_size: 1024 | global_step: 156191 | reduced_train_loss: 2.235
Training epoch 1, iteration 156192/715787 | lr: 0.0002696 | consumed_samples: 159941632 | global_batch_size: 1024 | global_step: 156192 | reduced_train_loss: 2.226
Training epoch 1, iteration 156193/715787 | lr: 0.0002696 | consumed_samples: 159942656 | global_batch_size: 1024 | global_step: 156193 | reduced_train_loss: 2.227
Training epoch 1, iteration 156194/715787 | lr: 0.0002696 | consumed_samples: 159943680 | global_batch_size: 1024 | global_step: 156194 | reduced_train_loss: 2.224
Training epoch 1, iteration 156195/715787 | lr: 0.0002696 | consumed_samples: 159944704 | global_batch_size: 1024 | global_step: 156195 | reduced_train_loss: 2.244
Training epoch 1, iteration 156196/715787 | lr: 0.0002696 | consumed_samples: 159945728 | global_batch_size: 1024 | global_step: 156196 | reduced_train_loss: 2.227
Training epoch 1, iteration 156197/715787 | lr: 0.0002696 | consumed_samples: 159946752 | global_batch_size: 1024 | global_step: 156197 | reduced_train_loss: 2.256
Training epoch 1, iteration 156198/715787 | lr: 0.0002696 | consumed_samples: 159947776 | global_batch_size: 1024 | global_step: 156198 | reduced_train_loss: 2.236
[NeMo I 2026-04-10 10:27:08 nemo_logging:393] Running garbage collection at train global_step: 156200
Training epoch 1, iteration 156199/715787 | lr: 0.0002696 | consumed_samples: 159948800 | global_batch_size: 1024 | global_step: 156199 | reduced_train_loss: 2.241
Training epoch 1, iteration 156200/715787 | lr: 0.0002696 | consumed_samples: 159949824 | global_batch_size: 1024 | global_step: 156200 | reduced_train_loss: 2.217
Training epoch 1, iteration 156201/715787 | lr: 0.0002696 | consumed_samples: 159950848 | global_batch_size: 1024 | global_step: 156201 | reduced_train_loss: 2.235
Training epoch 1, iteration 156202/715787 | lr: 0.0002696 | consumed_samples: 159951872 | global_batch_size: 1024 | global_step: 156202 | reduced_train_loss: 2.232
Training epoch 1, iteration 156203/715787 | lr: 0.0002696 | consumed_samples: 159952896 | global_batch_size: 1024 | global_step: 156203 | reduced_train_loss: 2.236
Training epoch 1, iteration 156204/715787 | lr: 0.0002696 | consumed_samples: 159953920 | global_batch_size: 1024 | global_step: 156204 | reduced_train_loss: 2.252
Training epoch 1, iteration 156205/715787 | lr: 0.0002696 | consumed_samples: 159954944 | global_batch_size: 1024 | global_step: 156205 | reduced_train_loss: 2.245
Training epoch 1, iteration 156206/715787 | lr: 0.0002696 | consumed_samples: 159955968 | global_batch_size: 1024 | global_step: 156206 | reduced_train_loss: 2.239
Training epoch 1, iteration 156207/715787 | lr: 0.0002696 | consumed_samples: 159956992 | global_batch_size: 1024 | global_step: 156207 | reduced_train_loss: 2.234
Training epoch 1, iteration 156208/715787 | lr: 0.0002696 | consumed_samples: 159958016 | global_batch_size: 1024 | global_step: 156208 | reduced_train_loss: 2.245
Training epoch 1, iteration 156209/715787 | lr: 0.0002696 | consumed_samples: 159959040 | global_batch_size: 1024 | global_step: 156209 | reduced_train_loss: 2.227
Training epoch 1, iteration 156210/715787 | lr: 0.0002696 | consumed_samples: 159960064 | global_batch_size: 1024 | global_step: 156210 | reduced_train_loss: 2.227
Training epoch 1, iteration 156211/715787 | lr: 0.0002696 | consumed_samples: 159961088 | global_batch_size: 1024 | global_step: 156211 | reduced_train_loss: 2.229
Training epoch 1, iteration 156212/715787 | lr: 0.0002696 | consumed_samples: 159962112 | global_batch_size: 1024 | global_step: 156212 | reduced_train_loss: 2.249
Training epoch 1, iteration 156213/715787 | lr: 0.0002696 | consumed_samples: 159963136 | global_batch_size: 1024 | global_step: 156213 | reduced_train_loss: 2.236
Training epoch 1, iteration 156214/715787 | lr: 0.0002696 | consumed_samples: 159964160 | global_batch_size: 1024 | global_step: 156214 | reduced_train_loss: 2.24
Training epoch 1, iteration 156215/715787 | lr: 0.0002696 | consumed_samples: 159965184 | global_batch_size: 1024 | global_step: 156215 | reduced_train_loss: 2.245
Training epoch 1, iteration 156216/715787 | lr: 0.0002696 | consumed_samples: 159966208 | global_batch_size: 1024 | global_step: 156216 | reduced_train_loss: 2.231
Training epoch 1, iteration 156217/715787 | lr: 0.0002696 | consumed_samples: 159967232 | global_batch_size: 1024 | global_step: 156217 | reduced_train_loss: 2.221
Training epoch 1, iteration 156218/715787 | lr: 0.0002696 | consumed_samples: 159968256 | global_batch_size: 1024 | global_step: 156218 | reduced_train_loss: 2.236
Training epoch 1, iteration 156219/715787 | lr: 0.0002696 | consumed_samples: 159969280 | global_batch_size: 1024 | global_step: 156219 | reduced_train_loss: 2.251
Training epoch 1, iteration 156220/715787 | lr: 0.0002696 | consumed_samples: 159970304 | global_batch_size: 1024 | global_step: 156220 | reduced_train_loss: 2.222
Training epoch 1, iteration 156221/715787 | lr: 0.0002696 | consumed_samples: 159971328 | global_batch_size: 1024 | global_step: 156221 | reduced_train_loss: 2.245
Training epoch 1, iteration 156222/715787 | lr: 0.0002696 | consumed_samples: 159972352 | global_batch_size: 1024 | global_step: 156222 | reduced_train_loss: 2.256
Training epoch 1, iteration 156223/715787 | lr: 0.0002696 | consumed_samples: 159973376 | global_batch_size: 1024 | global_step: 156223 | reduced_train_loss: 2.25
Training epoch 1, iteration 156224/715787 | lr: 0.0002696 | consumed_samples: 159974400 | global_batch_size: 1024 | global_step: 156224 | reduced_train_loss: 2.24
Training epoch 1, iteration 156225/715787 | lr: 0.0002696 | consumed_samples: 159975424 | global_batch_size: 1024 | global_step: 156225 | reduced_train_loss: 2.23
Training epoch 1, iteration 156226/715787 | lr: 0.0002696 | consumed_samples: 159976448 | global_batch_size: 1024 | global_step: 156226 | reduced_train_loss: 2.249
Training epoch 1, iteration 156227/715787 | lr: 0.0002696 | consumed_samples: 159977472 | global_batch_size: 1024 | global_step: 156227 | reduced_train_loss: 2.248
Training epoch 1, iteration 156228/715787 | lr: 0.0002696 | consumed_samples: 159978496 | global_batch_size: 1024 | global_step: 156228 | reduced_train_loss: 2.243
Training epoch 1, iteration 156229/715787 | lr: 0.0002696 | consumed_samples: 159979520 | global_batch_size: 1024 | global_step: 156229 | reduced_train_loss: 2.247
Training epoch 1, iteration 156230/715787 | lr: 0.0002696 | consumed_samples: 159980544 | global_batch_size: 1024 | global_step: 156230 | reduced_train_loss: 2.25
Training epoch 1, iteration 156231/715787 | lr: 0.0002696 | consumed_samples: 159981568 | global_batch_size: 1024 | global_step: 156231 | reduced_train_loss: 2.233
Training epoch 1, iteration 156232/715787 | lr: 0.0002696 | consumed_samples: 159982592 | global_batch_size: 1024 | global_step: 156232 | reduced_train_loss: 2.234
Training epoch 1, iteration 156233/715787 | lr: 0.0002696 | consumed_samples: 159983616 | global_batch_size: 1024 | global_step: 156233 | reduced_train_loss: 2.221
Training epoch 1, iteration 156234/715787 | lr: 0.0002696 | consumed_samples: 159984640 | global_batch_size: 1024 | global_step: 156234 | reduced_train_loss: 2.26
Training epoch 1, iteration 156235/715787 | lr: 0.0002696 | consumed_samples: 159985664 | global_batch_size: 1024 | global_step: 156235 | reduced_train_loss: 2.239
Training epoch 1, iteration 156236/715787 | lr: 0.0002696 | consumed_samples: 159986688 | global_batch_size: 1024 | global_step: 156236 | reduced_train_loss: 2.247
Training epoch 1, iteration 156237/715787 | lr: 0.0002696 | consumed_samples: 159987712 | global_batch_size: 1024 | global_step: 156237 | reduced_train_loss: 2.241
Training epoch 1, iteration 156238/715787 | lr: 0.0002696 | consumed_samples: 159988736 | global_batch_size: 1024 | global_step: 156238 | reduced_train_loss: 2.222
Training epoch 1, iteration 156239/715787 | lr: 0.0002696 | consumed_samples: 159989760 | global_batch_size: 1024 | global_step: 156239 | reduced_train_loss: 2.219
Training epoch 1, iteration 156240/715787 | lr: 0.0002696 | consumed_samples: 159990784 | global_batch_size: 1024 | global_step: 156240 | reduced_train_loss: 2.245
Training epoch 1, iteration 156241/715787 | lr: 0.0002696 | consumed_samples: 159991808 | global_batch_size: 1024 | global_step: 156241 | reduced_train_loss: 2.236
Training epoch 1, iteration 156242/715787 | lr: 0.0002696 | consumed_samples: 159992832 | global_batch_size: 1024 | global_step: 156242 | reduced_train_loss: 2.249
Training epoch 1, iteration 156243/715787 | lr: 0.0002696 | consumed_samples: 159993856 | global_batch_size: 1024 | global_step: 156243 | reduced_train_loss: 2.237
Training epoch 1, iteration 156244/715787 | lr: 0.0002696 | consumed_samples: 159994880 | global_batch_size: 1024 | global_step: 156244 | reduced_train_loss: 2.23
Training epoch 1, iteration 156245/715787 | lr: 0.0002696 | consumed_samples: 159995904 | global_batch_size: 1024 | global_step: 156245 | reduced_train_loss: 2.234
Training epoch 1, iteration 156246/715787 | lr: 0.0002696 | consumed_samples: 159996928 | global_batch_size: 1024 | global_step: 156246 | reduced_train_loss: 2.235
Training epoch 1, iteration 156247/715787 | lr: 0.0002696 | consumed_samples: 159997952 | global_batch_size: 1024 | global_step: 156247 | reduced_train_loss: 2.236
Training epoch 1, iteration 156248/715787 | lr: 0.0002696 | consumed_samples: 159998976 | global_batch_size: 1024 | global_step: 156248 | reduced_train_loss: 2.229
Training epoch 1, iteration 156249/715787 | lr: 0.0002696 | consumed_samples: 160000000 | global_batch_size: 1024 | global_step: 156249 | reduced_train_loss: 2.236
Training epoch 1, iteration 156250/715787 | lr: 0.0002696 | consumed_samples: 160001024 | global_batch_size: 1024 | global_step: 156250 | reduced_train_loss: 2.249
Training epoch 1, iteration 156251/715787 | lr: 0.0002696 | consumed_samples: 160002048 | global_batch_size: 1024 | global_step: 156251 | reduced_train_loss: 2.241
Training epoch 1, iteration 156252/715787 | lr: 0.0002696 | consumed_samples: 160003072 | global_batch_size: 1024 | global_step: 156252 | reduced_train_loss: 2.228
Training epoch 1, iteration 156253/715787 | lr: 0.0002696 | consumed_samples: 160004096 | global_batch_size: 1024 | global_step: 156253 | reduced_train_loss: 2.232
Training epoch 1, iteration 156254/715787 | lr: 0.0002696 | consumed_samples: 160005120 | global_batch_size: 1024 | global_step: 156254 | reduced_train_loss: 2.223
Training epoch 1, iteration 156255/715787 | lr: 0.0002696 | consumed_samples: 160006144 | global_batch_size: 1024 | global_step: 156255 | reduced_train_loss: 2.225
Training epoch 1, iteration 156256/715787 | lr: 0.0002696 | consumed_samples: 160007168 | global_batch_size: 1024 | global_step: 156256 | reduced_train_loss: 2.231
Training epoch 1, iteration 156257/715787 | lr: 0.0002696 | consumed_samples: 160008192 | global_batch_size: 1024 | global_step: 156257 | reduced_train_loss: 2.246
Training epoch 1, iteration 156258/715787 | lr: 0.0002696 | consumed_samples: 160009216 | global_batch_size: 1024 | global_step: 156258 | reduced_train_loss: 2.248
Training epoch 1, iteration 156259/715787 | lr: 0.0002696 | consumed_samples: 160010240 | global_batch_size: 1024 | global_step: 156259 | reduced_train_loss: 2.208
Training epoch 1, iteration 156260/715787 | lr: 0.0002696 | consumed_samples: 160011264 | global_batch_size: 1024 | global_step: 156260 | reduced_train_loss: 2.271
Training epoch 1, iteration 156261/715787 | lr: 0.0002696 | consumed_samples: 160012288 | global_batch_size: 1024 | global_step: 156261 | reduced_train_loss: 2.215
Training epoch 1, iteration 156262/715787 | lr: 0.0002696 | consumed_samples: 160013312 | global_batch_size: 1024 | global_step: 156262 | reduced_train_loss: 2.245
Training epoch 1, iteration 156263/715787 | lr: 0.0002696 | consumed_samples: 160014336 | global_batch_size: 1024 | global_step: 156263 | reduced_train_loss: 2.247
Training epoch 1, iteration 156264/715787 | lr: 0.0002696 | consumed_samples: 160015360 | global_batch_size: 1024 | global_step: 156264 | reduced_train_loss: 2.236
Training epoch 1, iteration 156265/715787 | lr: 0.0002696 | consumed_samples: 160016384 | global_batch_size: 1024 | global_step: 156265 | reduced_train_loss: 2.231
Training epoch 1, iteration 156266/715787 | lr: 0.0002696 | consumed_samples: 160017408 | global_batch_size: 1024 | global_step: 156266 | reduced_train_loss: 2.223
Training epoch 1, iteration 156267/715787 | lr: 0.0002696 | consumed_samples: 160018432 | global_batch_size: 1024 | global_step: 156267 | reduced_train_loss: 2.221
Training epoch 1, iteration 156268/715787 | lr: 0.0002696 | consumed_samples: 160019456 | global_batch_size: 1024 | global_step: 156268 | reduced_train_loss: 2.235
Training epoch 1, iteration 156269/715787 | lr: 0.0002696 | consumed_samples: 160020480 | global_batch_size: 1024 | global_step: 156269 | reduced_train_loss: 2.231
Training epoch 1, iteration 156270/715787 | lr: 0.0002696 | consumed_samples: 160021504 | global_batch_size: 1024 | global_step: 156270 | reduced_train_loss: 2.233
Training epoch 1, iteration 156271/715787 | lr: 0.0002696 | consumed_samples: 160022528 | global_batch_size: 1024 | global_step: 156271 | reduced_train_loss: 2.236
Training epoch 1, iteration 156272/715787 | lr: 0.0002696 | consumed_samples: 160023552 | global_batch_size: 1024 | global_step: 156272 | reduced_train_loss: 2.239
Training epoch 1, iteration 156273/715787 | lr: 0.0002696 | consumed_samples: 160024576 | global_batch_size: 1024 | global_step: 156273 | reduced_train_loss: 2.231
Training epoch 1, iteration 156274/715787 | lr: 0.0002696 | consumed_samples: 160025600 | global_batch_size: 1024 | global_step: 156274 | reduced_train_loss: 2.25
Training epoch 1, iteration 156275/715787 | lr: 0.0002696 | consumed_samples: 160026624 | global_batch_size: 1024 | global_step: 156275 | reduced_train_loss: 2.227
Training epoch 1, iteration 156276/715787 | lr: 0.0002696 | consumed_samples: 160027648 | global_batch_size: 1024 | global_step: 156276 | reduced_train_loss: 2.232
Training epoch 1, iteration 156277/715787 | lr: 0.0002696 | consumed_samples: 160028672 | global_batch_size: 1024 | global_step: 156277 | reduced_train_loss: 2.223
Training epoch 1, iteration 156278/715787 | lr: 0.0002696 | consumed_samples: 160029696 | global_batch_size: 1024 | global_step: 156278 | reduced_train_loss: 2.233
Training epoch 1, iteration 156279/715787 | lr: 0.0002696 | consumed_samples: 160030720 | global_batch_size: 1024 | global_step: 156279 | reduced_train_loss: 2.227
Training epoch 1, iteration 156280/715787 | lr: 0.0002696 | consumed_samples: 160031744 | global_batch_size: 1024 | global_step: 156280 | reduced_train_loss: 2.223
Training epoch 1, iteration 156281/715787 | lr: 0.0002696 | consumed_samples: 160032768 | global_batch_size: 1024 | global_step: 156281 | reduced_train_loss: 2.231
Training epoch 1, iteration 156282/715787 | lr: 0.0002696 | consumed_samples: 160033792 | global_batch_size: 1024 | global_step: 156282 | reduced_train_loss: 2.255
Training epoch 1, iteration 156283/715787 | lr: 0.0002696 | consumed_samples: 160034816 | global_batch_size: 1024 | global_step: 156283 | reduced_train_loss: 2.249
Training epoch 1, iteration 156284/715787 | lr: 0.0002696 | consumed_samples: 160035840 | global_batch_size: 1024 | global_step: 156284 | reduced_train_loss: 2.234
Training epoch 1, iteration 156285/715787 | lr: 0.0002696 | consumed_samples: 160036864 | global_batch_size: 1024 | global_step: 156285 | reduced_train_loss: 2.244
Training epoch 1, iteration 156286/715787 | lr: 0.0002696 | consumed_samples: 160037888 | global_batch_size: 1024 | global_step: 156286 | reduced_train_loss: 2.235
Training epoch 1, iteration 156287/715787 | lr: 0.0002696 | consumed_samples: 160038912 | global_batch_size: 1024 | global_step: 156287 | reduced_train_loss: 2.259
Training epoch 1, iteration 156288/715787 | lr: 0.0002696 | consumed_samples: 160039936 | global_batch_size: 1024 | global_step: 156288 | reduced_train_loss: 2.242
Training epoch 1, iteration 156289/715787 | lr: 0.0002696 | consumed_samples: 160040960 | global_batch_size: 1024 | global_step: 156289 | reduced_train_loss: 2.27
Training epoch 1, iteration 156290/715787 | lr: 0.0002696 | consumed_samples: 160041984 | global_batch_size: 1024 | global_step: 156290 | reduced_train_loss: 2.249
Training epoch 1, iteration 156291/715787 | lr: 0.0002696 | consumed_samples: 160043008 | global_batch_size: 1024 | global_step: 156291 | reduced_train_loss: 2.252
Training epoch 1, iteration 156292/715787 | lr: 0.0002696 | consumed_samples: 160044032 | global_batch_size: 1024 | global_step: 156292 | reduced_train_loss: 2.253
Training epoch 1, iteration 156293/715787 | lr: 0.0002696 | consumed_samples: 160045056 | global_batch_size: 1024 | global_step: 156293 | reduced_train_loss: 2.247
Training epoch 1, iteration 156294/715787 | lr: 0.0002696 | consumed_samples: 160046080 | global_batch_size: 1024 | global_step: 156294 | reduced_train_loss: 2.255
Training epoch 1, iteration 156295/715787 | lr: 0.0002696 | consumed_samples: 160047104 | global_batch_size: 1024 | global_step: 156295 | reduced_train_loss: 2.231
Training epoch 1, iteration 156296/715787 | lr: 0.0002696 | consumed_samples: 160048128 | global_batch_size: 1024 | global_step: 156296 | reduced_train_loss: 2.22
Training epoch 1, iteration 156297/715787 | lr: 0.0002696 | consumed_samples: 160049152 | global_batch_size: 1024 | global_step: 156297 | reduced_train_loss: 2.249
Training epoch 1, iteration 156298/715787 | lr: 0.0002696 | consumed_samples: 160050176 | global_batch_size: 1024 | global_step: 156298 | reduced_train_loss: 2.251
[NeMo I 2026-04-10 10:54:13 nemo_logging:393] Running garbage collection at train global_step: 156300
Training epoch 1, iteration 156299/715787 | lr: 0.0002696 | consumed_samples: 160051200 | global_batch_size: 1024 | global_step: 156299 | reduced_train_loss: 2.235
Training epoch 1, iteration 156300/715787 | lr: 0.0002696 | consumed_samples: 160052224 | global_batch_size: 1024 | global_step: 156300 | reduced_train_loss: 2.22
Training epoch 1, iteration 156301/715787 | lr: 0.0002696 | consumed_samples: 160053248 | global_batch_size: 1024 | global_step: 156301 | reduced_train_loss: 2.248
Training epoch 1, iteration 156302/715787 | lr: 0.0002696 | consumed_samples: 160054272 | global_batch_size: 1024 | global_step: 156302 | reduced_train_loss: 2.236
Training epoch 1, iteration 156303/715787 | lr: 0.0002696 | consumed_samples: 160055296 | global_batch_size: 1024 | global_step: 156303 | reduced_train_loss: 2.234
Training epoch 1, iteration 156304/715787 | lr: 0.0002696 | consumed_samples: 160056320 | global_batch_size: 1024 | global_step: 156304 | reduced_train_loss: 2.226
Training epoch 1, iteration 156305/715787 | lr: 0.0002696 | consumed_samples: 160057344 | global_batch_size: 1024 | global_step: 156305 | reduced_train_loss: 2.246
Training epoch 1, iteration 156306/715787 | lr: 0.0002696 | consumed_samples: 160058368 | global_batch_size: 1024 | global_step: 156306 | reduced_train_loss: 2.241
Training epoch 1, iteration 156307/715787 | lr: 0.0002696 | consumed_samples: 160059392 | global_batch_size: 1024 | global_step: 156307 | reduced_train_loss: 2.236
Training epoch 1, iteration 156308/715787 | lr: 0.0002696 | consumed_samples: 160060416 | global_batch_size: 1024 | global_step: 156308 | reduced_train_loss: 2.242
Training epoch 1, iteration 156309/715787 | lr: 0.0002696 | consumed_samples: 160061440 | global_batch_size: 1024 | global_step: 156309 | reduced_train_loss: 2.253
Training epoch 1, iteration 156310/715787 | lr: 0.0002696 | consumed_samples: 160062464 | global_batch_size: 1024 | global_step: 156310 | reduced_train_loss: 2.231
Training epoch 1, iteration 156311/715787 | lr: 0.0002696 | consumed_samples: 160063488 | global_batch_size: 1024 | global_step: 156311 | reduced_train_loss: 2.251
Training epoch 1, iteration 156312/715787 | lr: 0.0002696 | consumed_samples: 160064512 | global_batch_size: 1024 | global_step: 156312 | reduced_train_loss: 2.24
Training epoch 1, iteration 156313/715787 | lr: 0.0002696 | consumed_samples: 160065536 | global_batch_size: 1024 | global_step: 156313 | reduced_train_loss: 2.262
Training epoch 1, iteration 156314/715787 | lr: 0.0002696 | consumed_samples: 160066560 | global_batch_size: 1024 | global_step: 156314 | reduced_train_loss: 2.268
Training epoch 1, iteration 156315/715787 | lr: 0.0002696 | consumed_samples: 160067584 | global_batch_size: 1024 | global_step: 156315 | reduced_train_loss: 2.234
Training epoch 1, iteration 156316/715787 | lr: 0.0002696 | consumed_samples: 160068608 | global_batch_size: 1024 | global_step: 156316 | reduced_train_loss: 2.24
Training epoch 1, iteration 156317/715787 | lr: 0.0002696 | consumed_samples: 160069632 | global_batch_size: 1024 | global_step: 156317 | reduced_train_loss: 2.228
Training epoch 1, iteration 156318/715787 | lr: 0.0002696 | consumed_samples: 160070656 | global_batch_size: 1024 | global_step: 156318 | reduced_train_loss: 2.245
Training epoch 1, iteration 156319/715787 | lr: 0.0002696 | consumed_samples: 160071680 | global_batch_size: 1024 | global_step: 156319 | reduced_train_loss: 2.256
Training epoch 1, iteration 156320/715787 | lr: 0.0002696 | consumed_samples: 160072704 | global_batch_size: 1024 | global_step: 156320 | reduced_train_loss: 2.236
Training epoch 1, iteration 156321/715787 | lr: 0.0002696 | consumed_samples: 160073728 | global_batch_size: 1024 | global_step: 156321 | reduced_train_loss: 2.235
Training epoch 1, iteration 156322/715787 | lr: 0.0002696 | consumed_samples: 160074752 | global_batch_size: 1024 | global_step: 156322 | reduced_train_loss: 2.233
Training epoch 1, iteration 156323/715787 | lr: 0.0002696 | consumed_samples: 160075776 | global_batch_size: 1024 | global_step: 156323 | reduced_train_loss: 2.245
Training epoch 1, iteration 156324/715787 | lr: 0.0002696 | consumed_samples: 160076800 | global_batch_size: 1024 | global_step: 156324 | reduced_train_loss: 2.249
Training epoch 1, iteration 156325/715787 | lr: 0.0002696 | consumed_samples: 160077824 | global_batch_size: 1024 | global_step: 156325 | reduced_train_loss: 2.236
Training epoch 1, iteration 156326/715787 | lr: 0.0002696 | consumed_samples: 160078848 | global_batch_size: 1024 | global_step: 156326 | reduced_train_loss: 2.242
Training epoch 1, iteration 156327/715787 | lr: 0.0002696 | consumed_samples: 160079872 | global_batch_size: 1024 | global_step: 156327 | reduced_train_loss: 2.226
Training epoch 1, iteration 156328/715787 | lr: 0.0002696 | consumed_samples: 160080896 | global_batch_size: 1024 | global_step: 156328 | reduced_train_loss: 2.248
Training epoch 1, iteration 156329/715787 | lr: 0.0002696 | consumed_samples: 160081920 | global_batch_size: 1024 | global_step: 156329 | reduced_train_loss: 2.24
Training epoch 1, iteration 156330/715787 | lr: 0.0002696 | consumed_samples: 160082944 | global_batch_size: 1024 | global_step: 156330 | reduced_train_loss: 2.244
Training epoch 1, iteration 156331/715787 | lr: 0.0002696 | consumed_samples: 160083968 | global_batch_size: 1024 | global_step: 156331 | reduced_train_loss: 2.228
Training epoch 1, iteration 156332/715787 | lr: 0.0002696 | consumed_samples: 160084992 | global_batch_size: 1024 | global_step: 156332 | reduced_train_loss: 2.236
Training epoch 1, iteration 156333/715787 | lr: 0.0002696 | consumed_samples: 160086016 | global_batch_size: 1024 | global_step: 156333 | reduced_train_loss: 2.256
Training epoch 1, iteration 156334/715787 | lr: 0.0002696 | consumed_samples: 160087040 | global_batch_size: 1024 | global_step: 156334 | reduced_train_loss: 2.242
Training epoch 1, iteration 156335/715787 | lr: 0.0002696 | consumed_samples: 160088064 | global_batch_size: 1024 | global_step: 156335 | reduced_train_loss: 2.231
Training epoch 1, iteration 156336/715787 | lr: 0.0002696 | consumed_samples: 160089088 | global_batch_size: 1024 | global_step: 156336 | reduced_train_loss: 2.229
Training epoch 1, iteration 156337/715787 | lr: 0.0002696 | consumed_samples: 160090112 | global_batch_size: 1024 | global_step: 156337 | reduced_train_loss: 2.243
Training epoch 1, iteration 156338/715787 | lr: 0.0002696 | consumed_samples: 160091136 | global_batch_size: 1024 | global_step: 156338 | reduced_train_loss: 2.224
Training epoch 1, iteration 156339/715787 | lr: 0.0002696 | consumed_samples: 160092160 | global_batch_size: 1024 | global_step: 156339 | reduced_train_loss: 2.212
Training epoch 1, iteration 156340/715787 | lr: 0.0002696 | consumed_samples: 160093184 | global_batch_size: 1024 | global_step: 156340 | reduced_train_loss: 2.213
Training epoch 1, iteration 156341/715787 | lr: 0.0002696 | consumed_samples: 160094208 | global_batch_size: 1024 | global_step: 156341 | reduced_train_loss: 2.237
Training epoch 1, iteration 156342/715787 | lr: 0.0002696 | consumed_samples: 160095232 | global_batch_size: 1024 | global_step: 156342 | reduced_train_loss: 2.238
Training epoch 1, iteration 156343/715787 | lr: 0.0002696 | consumed_samples: 160096256 | global_batch_size: 1024 | global_step: 156343 | reduced_train_loss: 2.231
Training epoch 1, iteration 156344/715787 | lr: 0.0002696 | consumed_samples: 160097280 | global_batch_size: 1024 | global_step: 156344 | reduced_train_loss: 2.263
Training epoch 1, iteration 156345/715787 | lr: 0.0002696 | consumed_samples: 160098304 | global_batch_size: 1024 | global_step: 156345 | reduced_train_loss: 2.256
Training epoch 1, iteration 156346/715787 | lr: 0.0002696 | consumed_samples: 160099328 | global_batch_size: 1024 | global_step: 156346 | reduced_train_loss: 2.242
Training epoch 1, iteration 156347/715787 | lr: 0.0002696 | consumed_samples: 160100352 | global_batch_size: 1024 | global_step: 156347 | reduced_train_loss: 2.233
Training epoch 1, iteration 156348/715787 | lr: 0.0002696 | consumed_samples: 160101376 | global_batch_size: 1024 | global_step: 156348 | reduced_train_loss: 2.226
Training epoch 1, iteration 156349/715787 | lr: 0.0002696 | consumed_samples: 160102400 | global_batch_size: 1024 | global_step: 156349 | reduced_train_loss: 2.22
Training epoch 1, iteration 156350/715787 | lr: 0.0002696 | consumed_samples: 160103424 | global_batch_size: 1024 | global_step: 156350 | reduced_train_loss: 2.234
Training epoch 1, iteration 156351/715787 | lr: 0.0002696 | consumed_samples: 160104448 | global_batch_size: 1024 | global_step: 156351 | reduced_train_loss: 2.239
Training epoch 1, iteration 156352/715787 | lr: 0.0002696 | consumed_samples: 160105472 | global_batch_size: 1024 | global_step: 156352 | reduced_train_loss: 2.232
Training epoch 1, iteration 156353/715787 | lr: 0.0002696 | consumed_samples: 160106496 | global_batch_size: 1024 | global_step: 156353 | reduced_train_loss: 2.247
Training epoch 1, iteration 156354/715787 | lr: 0.0002696 | consumed_samples: 160107520 | global_batch_size: 1024 | global_step: 156354 | reduced_train_loss: 2.237
Training epoch 1, iteration 156355/715787 | lr: 0.0002696 | consumed_samples: 160108544 | global_batch_size: 1024 | global_step: 156355 | reduced_train_loss: 2.239
Training epoch 1, iteration 156356/715787 | lr: 0.0002696 | consumed_samples: 160109568 | global_batch_size: 1024 | global_step: 156356 | reduced_train_loss: 2.238
Training epoch 1, iteration 156357/715787 | lr: 0.0002696 | consumed_samples: 160110592 | global_batch_size: 1024 | global_step: 156357 | reduced_train_loss: 2.233
Training epoch 1, iteration 156358/715787 | lr: 0.0002696 | consumed_samples: 160111616 | global_batch_size: 1024 | global_step: 156358 | reduced_train_loss: 2.228
Training epoch 1, iteration 156359/715787 | lr: 0.0002696 | consumed_samples: 160112640 | global_batch_size: 1024 | global_step: 156359 | reduced_train_loss: 2.217
Training epoch 1, iteration 156360/715787 | lr: 0.0002696 | consumed_samples: 160113664 | global_batch_size: 1024 | global_step: 156360 | reduced_train_loss: 2.23
Training epoch 1, iteration 156361/715787 | lr: 0.0002696 | consumed_samples: 160114688 | global_batch_size: 1024 | global_step: 156361 | reduced_train_loss: 2.232
Training epoch 1, iteration 156362/715787 | lr: 0.0002696 | consumed_samples: 160115712 | global_batch_size: 1024 | global_step: 156362 | reduced_train_loss: 2.236
Training epoch 1, iteration 156363/715787 | lr: 0.0002696 | consumed_samples: 160116736 | global_batch_size: 1024 | global_step: 156363 | reduced_train_loss: 2.248
Training epoch 1, iteration 156364/715787 | lr: 0.0002696 | consumed_samples: 160117760 | global_batch_size: 1024 | global_step: 156364 | reduced_train_loss: 2.246
Training epoch 1, iteration 156365/715787 | lr: 0.0002696 | consumed_samples: 160118784 | global_batch_size: 1024 | global_step: 156365 | reduced_train_loss: 2.253
Training epoch 1, iteration 156366/715787 | lr: 0.0002696 | consumed_samples: 160119808 | global_batch_size: 1024 | global_step: 156366 | reduced_train_loss: 2.247
Training epoch 1, iteration 156367/715787 | lr: 0.0002696 | consumed_samples: 160120832 | global_batch_size: 1024 | global_step: 156367 | reduced_train_loss: 2.224
Training epoch 1, iteration 156368/715787 | lr: 0.0002696 | consumed_samples: 160121856 | global_batch_size: 1024 | global_step: 156368 | reduced_train_loss: 2.222
Training epoch 1, iteration 156369/715787 | lr: 0.0002696 | consumed_samples: 160122880 | global_batch_size: 1024 | global_step: 156369 | reduced_train_loss: 2.249
Training epoch 1, iteration 156370/715787 | lr: 0.0002696 | consumed_samples: 160123904 | global_batch_size: 1024 | global_step: 156370 | reduced_train_loss: 2.242
Training epoch 1, iteration 156371/715787 | lr: 0.0002696 | consumed_samples: 160124928 | global_batch_size: 1024 | global_step: 156371 | reduced_train_loss: 2.216
Training epoch 1, iteration 156372/715787 | lr: 0.0002696 | consumed_samples: 160125952 | global_batch_size: 1024 | global_step: 156372 | reduced_train_loss: 2.226
Training epoch 1, iteration 156373/715787 | lr: 0.0002696 | consumed_samples: 160126976 | global_batch_size: 1024 | global_step: 156373 | reduced_train_loss: 2.228
Training epoch 1, iteration 156374/715787 | lr: 0.0002696 | consumed_samples: 160128000 | global_batch_size: 1024 | global_step: 156374 | reduced_train_loss: 2.241
Training epoch 1, iteration 156375/715787 | lr: 0.0002696 | consumed_samples: 160129024 | global_batch_size: 1024 | global_step: 156375 | reduced_train_loss: 2.26
Training epoch 1, iteration 156376/715787 | lr: 0.0002696 | consumed_samples: 160130048 | global_batch_size: 1024 | global_step: 156376 | reduced_train_loss: 2.228
Training epoch 1, iteration 156377/715787 | lr: 0.0002696 | consumed_samples: 160131072 | global_batch_size: 1024 | global_step: 156377 | reduced_train_loss: 2.25
Training epoch 1, iteration 156378/715787 | lr: 0.0002696 | consumed_samples: 160132096 | global_batch_size: 1024 | global_step: 156378 | reduced_train_loss: 2.234
Training epoch 1, iteration 156379/715787 | lr: 0.0002696 | consumed_samples: 160133120 | global_batch_size: 1024 | global_step: 156379 | reduced_train_loss: 2.232
Training epoch 1, iteration 156380/715787 | lr: 0.0002696 | consumed_samples: 160134144 | global_batch_size: 1024 | global_step: 156380 | reduced_train_loss: 2.216
Training epoch 1, iteration 156381/715787 | lr: 0.0002696 | consumed_samples: 160135168 | global_batch_size: 1024 | global_step: 156381 | reduced_train_loss: 2.244
Training epoch 1, iteration 156382/715787 | lr: 0.0002696 | consumed_samples: 160136192 | global_batch_size: 1024 | global_step: 156382 | reduced_train_loss: 2.24
Training epoch 1, iteration 156383/715787 | lr: 0.0002696 | consumed_samples: 160137216 | global_batch_size: 1024 | global_step: 156383 | reduced_train_loss: 2.221
Training epoch 1, iteration 156384/715787 | lr: 0.0002696 | consumed_samples: 160138240 | global_batch_size: 1024 | global_step: 156384 | reduced_train_loss: 2.226
Training epoch 1, iteration 156385/715787 | lr: 0.0002696 | consumed_samples: 160139264 | global_batch_size: 1024 | global_step: 156385 | reduced_train_loss: 2.231
Training epoch 1, iteration 156386/715787 | lr: 0.0002696 | consumed_samples: 160140288 | global_batch_size: 1024 | global_step: 156386 | reduced_train_loss: 2.249
Training epoch 1, iteration 156387/715787 | lr: 0.0002696 | consumed_samples: 160141312 | global_batch_size: 1024 | global_step: 156387 | reduced_train_loss: 2.243
Training epoch 1, iteration 156388/715787 | lr: 0.0002696 | consumed_samples: 160142336 | global_batch_size: 1024 | global_step: 156388 | reduced_train_loss: 2.235
Training epoch 1, iteration 156389/715787 | lr: 0.0002696 | consumed_samples: 160143360 | global_batch_size: 1024 | global_step: 156389 | reduced_train_loss: 2.235
Training epoch 1, iteration 156390/715787 | lr: 0.0002696 | consumed_samples: 160144384 | global_batch_size: 1024 | global_step: 156390 | reduced_train_loss: 2.241
Training epoch 1, iteration 156391/715787 | lr: 0.0002696 | consumed_samples: 160145408 | global_batch_size: 1024 | global_step: 156391 | reduced_train_loss: 2.227
Training epoch 1, iteration 156392/715787 | lr: 0.0002696 | consumed_samples: 160146432 | global_batch_size: 1024 | global_step: 156392 | reduced_train_loss: 2.251
Training epoch 1, iteration 156393/715787 | lr: 0.0002696 | consumed_samples: 160147456 | global_batch_size: 1024 | global_step: 156393 | reduced_train_loss: 2.24
Training epoch 1, iteration 156394/715787 | lr: 0.0002696 | consumed_samples: 160148480 | global_batch_size: 1024 | global_step: 156394 | reduced_train_loss: 2.241
Training epoch 1, iteration 156395/715787 | lr: 0.0002696 | consumed_samples: 160149504 | global_batch_size: 1024 | global_step: 156395 | reduced_train_loss: 2.243
Training epoch 1, iteration 156396/715787 | lr: 0.0002696 | consumed_samples: 160150528 | global_batch_size: 1024 | global_step: 156396 | reduced_train_loss: 2.246
Training epoch 1, iteration 156397/715787 | lr: 0.0002696 | consumed_samples: 160151552 | global_batch_size: 1024 | global_step: 156397 | reduced_train_loss: 2.247
Training epoch 1, iteration 156398/715787 | lr: 0.0002696 | consumed_samples: 160152576 | global_batch_size: 1024 | global_step: 156398 | reduced_train_loss: 2.237
[NeMo I 2026-04-10 11:22:14 nemo_logging:393] Running garbage collection at train global_step: 156400
Training epoch 1, iteration 156399/715787 | lr: 0.0002696 | consumed_samples: 160153600 | global_batch_size: 1024 | global_step: 156399 | reduced_train_loss: 2.225
Training epoch 1, iteration 156400/715787 | lr: 0.0002696 | consumed_samples: 160154624 | global_batch_size: 1024 | global_step: 156400 | reduced_train_loss: 2.214
Training epoch 1, iteration 156401/715787 | lr: 0.0002696 | consumed_samples: 160155648 | global_batch_size: 1024 | global_step: 156401 | reduced_train_loss: 2.243
Training epoch 1, iteration 156402/715787 | lr: 0.0002696 | consumed_samples: 160156672 | global_batch_size: 1024 | global_step: 156402 | reduced_train_loss: 2.245
Training epoch 1, iteration 156403/715787 | lr: 0.0002696 | consumed_samples: 160157696 | global_batch_size: 1024 | global_step: 156403 | reduced_train_loss: 2.234
Training epoch 1, iteration 156404/715787 | lr: 0.0002696 | consumed_samples: 160158720 | global_batch_size: 1024 | global_step: 156404 | reduced_train_loss: 2.232
Training epoch 1, iteration 156405/715787 | lr: 0.0002696 | consumed_samples: 160159744 | global_batch_size: 1024 | global_step: 156405 | reduced_train_loss: 2.251
Training epoch 1, iteration 156406/715787 | lr: 0.0002696 | consumed_samples: 160160768 | global_batch_size: 1024 | global_step: 156406 | reduced_train_loss: 2.26
Training epoch 1, iteration 156407/715787 | lr: 0.0002696 | consumed_samples: 160161792 | global_batch_size: 1024 | global_step: 156407 | reduced_train_loss: 2.232
Training epoch 1, iteration 156408/715787 | lr: 0.0002696 | consumed_samples: 160162816 | global_batch_size: 1024 | global_step: 156408 | reduced_train_loss: 2.237
Training epoch 1, iteration 156409/715787 | lr: 0.0002696 | consumed_samples: 160163840 | global_batch_size: 1024 | global_step: 156409 | reduced_train_loss: 2.23
Training epoch 1, iteration 156410/715787 | lr: 0.0002696 | consumed_samples: 160164864 | global_batch_size: 1024 | global_step: 156410 | reduced_train_loss: 2.239
Training epoch 1, iteration 156411/715787 | lr: 0.0002696 | consumed_samples: 160165888 | global_batch_size: 1024 | global_step: 156411 | reduced_train_loss: 2.258
Training epoch 1, iteration 156412/715787 | lr: 0.0002696 | consumed_samples: 160166912 | global_batch_size: 1024 | global_step: 156412 | reduced_train_loss: 2.223
Training epoch 1, iteration 156413/715787 | lr: 0.0002696 | consumed_samples: 160167936 | global_batch_size: 1024 | global_step: 156413 | reduced_train_loss: 2.228
Training epoch 1, iteration 156414/715787 | lr: 0.0002696 | consumed_samples: 160168960 | global_batch_size: 1024 | global_step: 156414 | reduced_train_loss: 2.232
Training epoch 1, iteration 156415/715787 | lr: 0.0002696 | consumed_samples: 160169984 | global_batch_size: 1024 | global_step: 156415 | reduced_train_loss: 2.245
Training epoch 1, iteration 156416/715787 | lr: 0.0002696 | consumed_samples: 160171008 | global_batch_size: 1024 | global_step: 156416 | reduced_train_loss: 2.247
Training epoch 1, iteration 156417/715787 | lr: 0.0002696 | consumed_samples: 160172032 | global_batch_size: 1024 | global_step: 156417 | reduced_train_loss: 2.226
Training epoch 1, iteration 156418/715787 | lr: 0.0002696 | consumed_samples: 160173056 | global_batch_size: 1024 | global_step: 156418 | reduced_train_loss: 2.243
Training epoch 1, iteration 156419/715787 | lr: 0.0002696 | consumed_samples: 160174080 | global_batch_size: 1024 | global_step: 156419 | reduced_train_loss: 2.231
Training epoch 1, iteration 156420/715787 | lr: 0.0002696 | consumed_samples: 160175104 | global_batch_size: 1024 | global_step: 156420 | reduced_train_loss: 2.229
Training epoch 1, iteration 156421/715787 | lr: 0.0002696 | consumed_samples: 160176128 | global_batch_size: 1024 | global_step: 156421 | reduced_train_loss: 2.23
Training epoch 1, iteration 156422/715787 | lr: 0.0002696 | consumed_samples: 160177152 | global_batch_size: 1024 | global_step: 156422 | reduced_train_loss: 2.233
Training epoch 1, iteration 156423/715787 | lr: 0.0002696 | consumed_samples: 160178176 | global_batch_size: 1024 | global_step: 156423 | reduced_train_loss: 2.234
Training epoch 1, iteration 156424/715787 | lr: 0.0002696 | consumed_samples: 160179200 | global_batch_size: 1024 | global_step: 156424 | reduced_train_loss: 2.247
Training epoch 1, iteration 156425/715787 | lr: 0.0002696 | consumed_samples: 160180224 | global_batch_size: 1024 | global_step: 156425 | reduced_train_loss: 2.236
Training epoch 1, iteration 156426/715787 | lr: 0.0002696 | consumed_samples: 160181248 | global_batch_size: 1024 | global_step: 156426 | reduced_train_loss: 2.227
Training epoch 1, iteration 156427/715787 | lr: 0.0002696 | consumed_samples: 160182272 | global_batch_size: 1024 | global_step: 156427 | reduced_train_loss: 2.251
Training epoch 1, iteration 156428/715787 | lr: 0.0002696 | consumed_samples: 160183296 | global_batch_size: 1024 | global_step: 156428 | reduced_train_loss: 2.248
Training epoch 1, iteration 156429/715787 | lr: 0.0002696 | consumed_samples: 160184320 | global_batch_size: 1024 | global_step: 156429 | reduced_train_loss: 2.235
Training epoch 1, iteration 156430/715787 | lr: 0.0002696 | consumed_samples: 160185344 | global_batch_size: 1024 | global_step: 156430 | reduced_train_loss: 2.22
Training epoch 1, iteration 156431/715787 | lr: 0.0002696 | consumed_samples: 160186368 | global_batch_size: 1024 | global_step: 156431 | reduced_train_loss: 2.23
Training epoch 1, iteration 156432/715787 | lr: 0.0002696 | consumed_samples: 160187392 | global_batch_size: 1024 | global_step: 156432 | reduced_train_loss: 2.228
Training epoch 1, iteration 156433/715787 | lr: 0.0002696 | consumed_samples: 160188416 | global_batch_size: 1024 | global_step: 156433 | reduced_train_loss: 2.262
Training epoch 1, iteration 156434/715787 | lr: 0.0002696 | consumed_samples: 160189440 | global_batch_size: 1024 | global_step: 156434 | reduced_train_loss: 2.236
Training epoch 1, iteration 156435/715787 | lr: 0.0002696 | consumed_samples: 160190464 | global_batch_size: 1024 | global_step: 156435 | reduced_train_loss: 2.217
Training epoch 1, iteration 156436/715787 | lr: 0.0002696 | consumed_samples: 160191488 | global_batch_size: 1024 | global_step: 156436 | reduced_train_loss: 2.242
Training epoch 1, iteration 156437/715787 | lr: 0.0002696 | consumed_samples: 160192512 | global_batch_size: 1024 | global_step: 156437 | reduced_train_loss: 2.257
Training epoch 1, iteration 156438/715787 | lr: 0.0002696 | consumed_samples: 160193536 | global_batch_size: 1024 | global_step: 156438 | reduced_train_loss: 2.209
Training epoch 1, iteration 156439/715787 | lr: 0.0002696 | consumed_samples: 160194560 | global_batch_size: 1024 | global_step: 156439 | reduced_train_loss: 2.238
Training epoch 1, iteration 156440/715787 | lr: 0.0002696 | consumed_samples: 160195584 | global_batch_size: 1024 | global_step: 156440 | reduced_train_loss: 2.227
Training epoch 1, iteration 156441/715787 | lr: 0.0002696 | consumed_samples: 160196608 | global_batch_size: 1024 | global_step: 156441 | reduced_train_loss: 2.238
Training epoch 1, iteration 156442/715787 | lr: 0.0002696 | consumed_samples: 160197632 | global_batch_size: 1024 | global_step: 156442 | reduced_train_loss: 2.238
Training epoch 1, iteration 156443/715787 | lr: 0.0002696 | consumed_samples: 160198656 | global_batch_size: 1024 | global_step: 156443 | reduced_train_loss: 2.248
Training epoch 1, iteration 156444/715787 | lr: 0.0002696 | consumed_samples: 160199680 | global_batch_size: 1024 | global_step: 156444 | reduced_train_loss: 2.231
Training epoch 1, iteration 156445/715787 | lr: 0.0002696 | consumed_samples: 160200704 | global_batch_size: 1024 | global_step: 156445 | reduced_train_loss: 2.227
Training epoch 1, iteration 156446/715787 | lr: 0.0002696 | consumed_samples: 160201728 | global_batch_size: 1024 | global_step: 156446 | reduced_train_loss: 2.229
Training epoch 1, iteration 156447/715787 | lr: 0.0002696 | consumed_samples: 160202752 | global_batch_size: 1024 | global_step: 156447 | reduced_train_loss: 2.248
Training epoch 1, iteration 156448/715787 | lr: 0.0002696 | consumed_samples: 160203776 | global_batch_size: 1024 | global_step: 156448 | reduced_train_loss: 2.235
Training epoch 1, iteration 156449/715787 | lr: 0.0002696 | consumed_samples: 160204800 | global_batch_size: 1024 | global_step: 156449 | reduced_train_loss: 2.241
Training epoch 1, iteration 156450/715787 | lr: 0.0002696 | consumed_samples: 160205824 | global_batch_size: 1024 | global_step: 156450 | reduced_train_loss: 2.245
Training epoch 1, iteration 156451/715787 | lr: 0.0002696 | consumed_samples: 160206848 | global_batch_size: 1024 | global_step: 156451 | reduced_train_loss: 2.229
Training epoch 1, iteration 156452/715787 | lr: 0.0002696 | consumed_samples: 160207872 | global_batch_size: 1024 | global_step: 156452 | reduced_train_loss: 2.233
Training epoch 1, iteration 156453/715787 | lr: 0.0002696 | consumed_samples: 160208896 | global_batch_size: 1024 | global_step: 156453 | reduced_train_loss: 2.229
Training epoch 1, iteration 156454/715787 | lr: 0.0002695 | consumed_samples: 160209920 | global_batch_size: 1024 | global_step: 156454 | reduced_train_loss: 2.239
Training epoch 1, iteration 156455/715787 | lr: 0.0002695 | consumed_samples: 160210944 | global_batch_size: 1024 | global_step: 156455 | reduced_train_loss: 2.231
Training epoch 1, iteration 156456/715787 | lr: 0.0002695 | consumed_samples: 160211968 | global_batch_size: 1024 | global_step: 156456 | reduced_train_loss: 2.249
Training epoch 1, iteration 156457/715787 | lr: 0.0002695 | consumed_samples: 160212992 | global_batch_size: 1024 | global_step: 156457 | reduced_train_loss: 2.253
Training epoch 1, iteration 156458/715787 | lr: 0.0002695 | consumed_samples: 160214016 | global_batch_size: 1024 | global_step: 156458 | reduced_train_loss: 2.224
Training epoch 1, iteration 156459/715787 | lr: 0.0002695 | consumed_samples: 160215040 | global_batch_size: 1024 | global_step: 156459 | reduced_train_loss: 2.224
Training epoch 1, iteration 156460/715787 | lr: 0.0002695 | consumed_samples: 160216064 | global_batch_size: 1024 | global_step: 156460 | reduced_train_loss: 2.223
Training epoch 1, iteration 156461/715787 | lr: 0.0002695 | consumed_samples: 160217088 | global_batch_size: 1024 | global_step: 156461 | reduced_train_loss: 2.219
Training epoch 1, iteration 156462/715787 | lr: 0.0002695 | consumed_samples: 160218112 | global_batch_size: 1024 | global_step: 156462 | reduced_train_loss: 2.235
Training epoch 1, iteration 156463/715787 | lr: 0.0002695 | consumed_samples: 160219136 | global_batch_size: 1024 | global_step: 156463 | reduced_train_loss: 2.236
Training epoch 1, iteration 156464/715787 | lr: 0.0002695 | consumed_samples: 160220160 | global_batch_size: 1024 | global_step: 156464 | reduced_train_loss: 2.223
Training epoch 1, iteration 156465/715787 | lr: 0.0002695 | consumed_samples: 160221184 | global_batch_size: 1024 | global_step: 156465 | reduced_train_loss: 2.257
Training epoch 1, iteration 156466/715787 | lr: 0.0002695 | consumed_samples: 160222208 | global_batch_size: 1024 | global_step: 156466 | reduced_train_loss: 2.235
Training epoch 1, iteration 156467/715787 | lr: 0.0002695 | consumed_samples: 160223232 | global_batch_size: 1024 | global_step: 156467 | reduced_train_loss: 2.233
Training epoch 1, iteration 156468/715787 | lr: 0.0002695 | consumed_samples: 160224256 | global_batch_size: 1024 | global_step: 156468 | reduced_train_loss: 2.239
Training epoch 1, iteration 156469/715787 | lr: 0.0002695 | consumed_samples: 160225280 | global_batch_size: 1024 | global_step: 156469 | reduced_train_loss: 2.249
Training epoch 1, iteration 156470/715787 | lr: 0.0002695 | consumed_samples: 160226304 | global_batch_size: 1024 | global_step: 156470 | reduced_train_loss: 2.256
Training epoch 1, iteration 156471/715787 | lr: 0.0002695 | consumed_samples: 160227328 | global_batch_size: 1024 | global_step: 156471 | reduced_train_loss: 2.225
Training epoch 1, iteration 156472/715787 | lr: 0.0002695 | consumed_samples: 160228352 | global_batch_size: 1024 | global_step: 156472 | reduced_train_loss: 2.23
Training epoch 1, iteration 156473/715787 | lr: 0.0002695 | consumed_samples: 160229376 | global_batch_size: 1024 | global_step: 156473 | reduced_train_loss: 2.235
Training epoch 1, iteration 156474/715787 | lr: 0.0002695 | consumed_samples: 160230400 | global_batch_size: 1024 | global_step: 156474 | reduced_train_loss: 2.243
Training epoch 1, iteration 156475/715787 | lr: 0.0002695 | consumed_samples: 160231424 | global_batch_size: 1024 | global_step: 156475 | reduced_train_loss: 2.255
Training epoch 1, iteration 156476/715787 | lr: 0.0002695 | consumed_samples: 160232448 | global_batch_size: 1024 | global_step: 156476 | reduced_train_loss: 2.259
Training epoch 1, iteration 156477/715787 | lr: 0.0002695 | consumed_samples: 160233472 | global_batch_size: 1024 | global_step: 156477 | reduced_train_loss: 2.221
Training epoch 1, iteration 156478/715787 | lr: 0.0002695 | consumed_samples: 160234496 | global_batch_size: 1024 | global_step: 156478 | reduced_train_loss: 2.244
Training epoch 1, iteration 156479/715787 | lr: 0.0002695 | consumed_samples: 160235520 | global_batch_size: 1024 | global_step: 156479 | reduced_train_loss: 2.25
Training epoch 1, iteration 156480/715787 | lr: 0.0002695 | consumed_samples: 160236544 | global_batch_size: 1024 | global_step: 156480 | reduced_train_loss: 2.251
Training epoch 1, iteration 156481/715787 | lr: 0.0002695 | consumed_samples: 160237568 | global_batch_size: 1024 | global_step: 156481 | reduced_train_loss: 2.232
Training epoch 1, iteration 156482/715787 | lr: 0.0002695 | consumed_samples: 160238592 | global_batch_size: 1024 | global_step: 156482 | reduced_train_loss: 2.231
Training epoch 1, iteration 156483/715787 | lr: 0.0002695 | consumed_samples: 160239616 | global_batch_size: 1024 | global_step: 156483 | reduced_train_loss: 2.257
Training epoch 1, iteration 156484/715787 | lr: 0.0002695 | consumed_samples: 160240640 | global_batch_size: 1024 | global_step: 156484 | reduced_train_loss: 2.247
Training epoch 1, iteration 156485/715787 | lr: 0.0002695 | consumed_samples: 160241664 | global_batch_size: 1024 | global_step: 156485 | reduced_train_loss: 2.257
Training epoch 1, iteration 156486/715787 | lr: 0.0002695 | consumed_samples: 160242688 | global_batch_size: 1024 | global_step: 156486 | reduced_train_loss: 2.245
Training epoch 1, iteration 156487/715787 | lr: 0.0002695 | consumed_samples: 160243712 | global_batch_size: 1024 | global_step: 156487 | reduced_train_loss: 2.258
Training epoch 1, iteration 156488/715787 | lr: 0.0002695 | consumed_samples: 160244736 | global_batch_size: 1024 | global_step: 156488 | reduced_train_loss: 2.244
Training epoch 1, iteration 156489/715787 | lr: 0.0002695 | consumed_samples: 160245760 | global_batch_size: 1024 | global_step: 156489 | reduced_train_loss: 2.23
Training epoch 1, iteration 156490/715787 | lr: 0.0002695 | consumed_samples: 160246784 | global_batch_size: 1024 | global_step: 156490 | reduced_train_loss: 2.249
Training epoch 1, iteration 156491/715787 | lr: 0.0002695 | consumed_samples: 160247808 | global_batch_size: 1024 | global_step: 156491 | reduced_train_loss: 2.234
Training epoch 1, iteration 156492/715787 | lr: 0.0002695 | consumed_samples: 160248832 | global_batch_size: 1024 | global_step: 156492 | reduced_train_loss: 2.244
Training epoch 1, iteration 156493/715787 | lr: 0.0002695 | consumed_samples: 160249856 | global_batch_size: 1024 | global_step: 156493 | reduced_train_loss: 2.236
Training epoch 1, iteration 156494/715787 | lr: 0.0002695 | consumed_samples: 160250880 | global_batch_size: 1024 | global_step: 156494 | reduced_train_loss: 2.219
Training epoch 1, iteration 156495/715787 | lr: 0.0002695 | consumed_samples: 160251904 | global_batch_size: 1024 | global_step: 156495 | reduced_train_loss: 2.238
Training epoch 1, iteration 156496/715787 | lr: 0.0002695 | consumed_samples: 160252928 | global_batch_size: 1024 | global_step: 156496 | reduced_train_loss: 2.241
Training epoch 1, iteration 156497/715787 | lr: 0.0002695 | consumed_samples: 160253952 | global_batch_size: 1024 | global_step: 156497 | reduced_train_loss: 2.236
Training epoch 1, iteration 156498/715787 | lr: 0.0002695 | consumed_samples: 160254976 | global_batch_size: 1024 | global_step: 156498 | reduced_train_loss: 2.244
[NeMo I 2026-04-10 11:48:05 nemo_logging:393] Running garbage collection at train global_step: 156500
[NeMo I 2026-04-10 11:48:06 nemo_logging:393] Step 156500 - SSA n values:
[NeMo I 2026-04-10 11:48:06 nemo_logging:393]   Layer 0: n = 3.531250
[NeMo I 2026-04-10 11:48:06 nemo_logging:393]   Layer 1: n = 0.980469
[NeMo I 2026-04-10 11:48:06 nemo_logging:393]   Layer 2: n = 2.468750
[NeMo I 2026-04-10 11:48:06 nemo_logging:393]   Layer 3: n = 2.750000
[NeMo I 2026-04-10 11:48:06 nemo_logging:393]   Layer 4: n = 3.156250
[NeMo I 2026-04-10 11:48:06 nemo_logging:393]   Layer 5: n = 3.109375
[NeMo I 2026-04-10 11:48:06 nemo_logging:393]   Layer 6: n = 3.687500
[NeMo I 2026-04-10 11:48:06 nemo_logging:393]   Layer 7: n = 3.921875
[NeMo I 2026-04-10 11:48:06 nemo_logging:393]   Layer 8: n = 3.843750
[NeMo I 2026-04-10 11:48:06 nemo_logging:393]   Layer 9: n = 3.437500
[NeMo I 2026-04-10 11:48:06 nemo_logging:393]   Layer 10: n = 3.671875
[NeMo I 2026-04-10 11:48:06 nemo_logging:393]   Layer 11: n = 3.812500
[NeMo I 2026-04-10 11:48:06 nemo_logging:393]   Layer 12: n = 3.312500
[NeMo I 2026-04-10 11:48:06 nemo_logging:393]   Layer 13: n = 3.531250
[NeMo I 2026-04-10 11:48:06 nemo_logging:393]   Layer 14: n = 3.562500
[NeMo I 2026-04-10 11:48:06 nemo_logging:393]   Layer 15: n = 3.734375
[NeMo I 2026-04-10 11:48:06 nemo_logging:393]   Layer 16: n = 2.796875
[NeMo I 2026-04-10 11:48:06 nemo_logging:393]   Layer 17: n = 4.062500
[NeMo I 2026-04-10 11:48:06 nemo_logging:393]   Layer 18: n = 3.406250
[NeMo I 2026-04-10 11:48:06 nemo_logging:393]   Layer 19: n = 3.359375
[NeMo I 2026-04-10 11:48:06 nemo_logging:393]   Layer 20: n = 2.484375
[NeMo I 2026-04-10 11:48:06 nemo_logging:393]   Layer 21: n = 3.171875
[NeMo I 2026-04-10 11:48:06 nemo_logging:393]   Layer 22: n = 3.250000
[NeMo I 2026-04-10 11:48:06 nemo_logging:393]   Layer 23: n = -1176.000000
INFO: Epoch 1, global step 156499: 'step' reached 156499.00000 (best 156499.00000), saving model to '/tmpdir/barman/bs1024_fullrun/outputs/nemotron-1B-SSA-Triton-bs1024/checkpoints/nemotron-1B-SSA-Triton-bs1024-step=0156499.ckpt' as top 313
INFO:lightning.pytorch.utilities.rank_zero:Epoch 1, global step 156499: 'step' reached 156499.00000 (best 156499.00000), saving model to '/tmpdir/barman/bs1024_fullrun/outputs/nemotron-1B-SSA-Triton-bs1024/checkpoints/nemotron-1B-SSA-Triton-bs1024-step=0156499.ckpt' as top 313
Training epoch 1, iteration 156499/715787 | lr: 0.0002695 | consumed_samples: 160256000 | global_batch_size: 1024 | global_step: 156499 | reduced_train_loss: 2.238
[NeMo I 2026-04-10 11:48:06 nemo_logging:393] Using FullyParallelSaveStrategyWrapper(torch_dist, 1) dist-ckpt save strategy.
[NeMo W 2026-04-10 11:48:07 validation:389] There is difference in the common state dict in different ranks. The differences are {1: ([], [], [(('optimizer', 0, 'optimizer', 'param_groups', 1, 'step'), <class 'int'>, <class 'int'>)]), 2: ([], [], [(('optimizer', 0, 'optimizer', 'param_groups', 1, 'step'), <class 'int'>, <class 'int'>)]), 3: ([], [], [(('optimizer', 0, 'optimizer', 'param_groups', 1, 'step'), <class 'int'>, <class 'int'>)]), 4: ([], [], [(('optimizer', 0, 'optimizer', 'param_groups', 1, 'step'), <class 'int'>, <class 'int'>)]), 5: ([], [], [(('optimizer', 0, 'optimizer', 'param_groups', 1, 'step'), <class 'int'>, <class 'int'>)]), 6: ([], [], [(('optimizer', 0, 'optimizer', 'param_groups', 1, 'step'), <class 'int'>, <class 'int'>)]), 7: ([], [], [(('optimizer', 0, 'optimizer', 'param_groups', 1, 'step'), <class 'int'>, <class 'int'>)]), 8: ([], [], [(('optimizer', 0, 'optimizer', 'param_groups', 1, 'step'), <class 'int'>, <class 'int'>)]), 9: ([], [], [(('optimizer', 0, 'optimizer', 'param_groups', 1, 'step'), <class 'int'>, <class 'int'>)]), 10: ([], [], [(('optimizer', 0, 'optimizer', 'param_groups', 1, 'step'), <class 'int'>, <class 'int'>)]), 11: ([], [], [(('optimizer', 0, 'optimizer', 'param_groups', 1, 'step'), <class 'int'>, <class 'int'>)]), 13: ([], [], [(('optimizer', 0, 'optimizer', 'param_groups', 1, 'step'), <class 'int'>, <class 'int'>)]), 14: ([], [], [(('optimizer', 0, 'optimizer', 'param_groups', 1, 'step'), <class 'int'>, <class 'int'>)]), 15: ([], [], [(('optimizer', 0, 'optimizer', 'param_groups', 1, 'step'), <class 'int'>, <class 'int'>)])}
[NeMo I 2026-04-10 11:48:18 nemo_logging:393] Global Checkpoint Save : Rank: 0 : Iteration: 156454 : Start time: 1775814486.828s : Save duration: 11.411s
[NeMo I 2026-04-10 11:48:21 nemo_logging:393] Scheduled async checkpoint save for /tmpdir/barman/bs1024_fullrun/outputs/nemotron-1B-SSA-Triton-bs1024/checkpoints/nemotron-1B-SSA-Triton-bs1024-step=0156499.ckpt
Error.  nthreads cannot be larger than environment variable "NUMEXPR_MAX_THREADS" (64)Error.  nthreads cannot be larger than environment variable "NUMEXPR_MAX_THREADS" (64)Error.  nthreads cannot be larger than environment variable "NUMEXPR_MAX_THREADS" (64)Error.  nthreads cannot be larger than environment variable "NUMEXPR_MAX_THREADS" (64)[NeMo W 2026-04-10 11:48:21 validation:389] There is difference in the common state dict in different ranks. The differences are {1: ([], [], [(('optimizer', 0, 'optimizer', 'param_groups', 1, 'step'), <class 'int'>, <class 'int'>)]), 2: ([], [], [(('optimizer', 0, 'optimizer', 'param_groups', 1, 'step'), <class 'int'>, <class 'int'>)]), 3: ([], [], [(('optimizer', 0, 'optimizer', 'param_groups', 1, 'step'), <class 'int'>, <class 'int'>)]), 4: ([], [], [(('optimizer', 0, 'optimizer', 'param_groups', 1, 'step'), <class 'int'>, <class 'int'>)]), 5: ([], [], [(('optimizer', 0, 'optimizer', 'param_groups', 1, 'step'), <class 'int'>, <class 'int'>)]), 6: ([], [], [(('optimizer', 0, 'optimizer', 'param_groups', 1, 'step'), <class 'int'>, <class 'int'>)]), 7: ([], [], [(('optimizer', 0, 'optimizer', 'param_groups', 1, 'step'), <class 'int'>, <class 'int'>)]), 8: ([], [], [(('optimizer', 0, 'optimizer', 'param_groups', 1, 'step'), <class 'int'>, <class 'int'>)]), 9: ([], [], [(('optimizer', 0, 'optimizer', 'param_groups', 1, 'step'), <class 'int'>, <class 'int'>)]), 10: ([], [], [(('optimizer', 0, 'optimizer', 'param_groups', 1, 'step'), <class 'int'>, <class 'int'>)]), 11: ([], [], [(('optimizer', 0, 'optimizer', 'param_groups', 1, 'step'), <class 'int'>, <class 'int'>)]), 13: ([], [], [(('optimizer', 0, 'optimizer', 'param_groups', 1, 'step'), <class 'int'>, <class 'int'>)]), 14: ([], [], [(('optimizer', 0, 'optimizer', 'param_groups', 1, 'step'), <class 'int'>, <class 'int'>)]), 15: ([], [], [(('optimizer', 0, 'optimizer', 'param_groups', 1, 'step'), <class 'int'>, <class 'int'>)])}
[NeMo I 2026-04-10 11:48:21 nemo_logging:393] Global Checkpoint Save : Rank: 0 : Iteration: 156454 : Start time: 1775814501.328s : Save duration: 0.497s
[NeMo I 2026-04-10 11:48:21 nemo_logging:393] Scheduled async checkpoint save for /tmpdir/barman/bs1024_fullrun/outputs/nemotron-1B-SSA-Triton-bs1024/checkpoints/nemotron-1B-SSA-Triton-bs1024-step=0156499-last.ckpt
[NeMo I 2026-04-10 11:48:22 nemo_logging:393] Successfully saved checkpoint from iteration  156454 to /tmpdir/barman/bs1024_fullrun/outputs/nemotron-1B-SSA-Triton-bs1024/checkpoints/nemotron-1B-SSA-Triton-bs1024-step=0156499.ckpt
[NeMo I 2026-04-10 11:48:22 nemo_logging:393] Async checkpoint save for step 156500 (/tmpdir/barman/bs1024_fullrun/outputs/nemotron-1B-SSA-Triton-bs1024/checkpoints/nemotron-1B-SSA-Triton-bs1024-step=0156499.ckpt) finalized successfully.
[NeMo I 2026-04-10 11:48:22 nemo_logging:393] Async finalization time took 0.062 s
Training epoch 1, iteration 156500/715787 | lr: 0.0002695 | consumed_samples: 160257024 | global_batch_size: 1024 | global_step: 156500 | reduced_train_loss: 2.23
[NeMo I 2026-04-10 11:48:37 nemo_logging:393] Successfully saved checkpoint from iteration  156454 to /tmpdir/barman/bs1024_fullrun/outputs/nemotron-1B-SSA-Triton-bs1024/checkpoints/nemotron-1B-SSA-Triton-bs1024-step=0156499-last.ckpt
[NeMo I 2026-04-10 11:48:37 nemo_logging:393] Async checkpoint save for step 156500 (/tmpdir/barman/bs1024_fullrun/outputs/nemotron-1B-SSA-Triton-bs1024/checkpoints/nemotron-1B-SSA-Triton-bs1024-step=0156499-last.ckpt) finalized successfully.
[NeMo I 2026-04-10 11:48:37 nemo_logging:393] Async finalization time took 0.253 s
Training epoch 1, iteration 156501/715787 | lr: 0.0002695 | consumed_samples: 160258048 | global_batch_size: 1024 | global_step: 156501 | reduced_train_loss: 2.243
Training epoch 1, iteration 156502/715787 | lr: 0.0002695 | consumed_samples: 160259072 | global_batch_size: 1024 | global_step: 156502 | reduced_train_loss: 2.249
Training epoch 1, iteration 156503/715787 | lr: 0.0002695 | consumed_samples: 160260096 | global_batch_size: 1024 | global_step: 156503 | reduced_train_loss: 2.228
Training epoch 1, iteration 156504/715787 | lr: 0.0002695 | consumed_samples: 160261120 | global_batch_size: 1024 | global_step: 156504 | reduced_train_loss: 2.237
Training epoch 1, iteration 156505/715787 | lr: 0.0002695 | consumed_samples: 160262144 | global_batch_size: 1024 | global_step: 156505 | reduced_train_loss: 2.218
Training epoch 1, iteration 156506/715787 | lr: 0.0002695 | consumed_samples: 160263168 | global_batch_size: 1024 | global_step: 156506 | reduced_train_loss: 2.213
Training epoch 1, iteration 156507/715787 | lr: 0.0002695 | consumed_samples: 160264192 | global_batch_size: 1024 | global_step: 156507 | reduced_train_loss: 2.223
Training epoch 1, iteration 156508/715787 | lr: 0.0002695 | consumed_samples: 160265216 | global_batch_size: 1024 | global_step: 156508 | reduced_train_loss: 2.235
Training epoch 1, iteration 156509/715787 | lr: 0.0002695 | consumed_samples: 160266240 | global_batch_size: 1024 | global_step: 156509 | reduced_train_loss: 2.248
Training epoch 1, iteration 156510/715787 | lr: 0.0002695 | consumed_samples: 160267264 | global_batch_size: 1024 | global_step: 156510 | reduced_train_loss: 2.218
Training epoch 1, iteration 156511/715787 | lr: 0.0002695 | consumed_samples: 160268288 | global_batch_size: 1024 | global_step: 156511 | reduced_train_loss: 2.243
Training epoch 1, iteration 156512/715787 | lr: 0.0002695 | consumed_samples: 160269312 | global_batch_size: 1024 | global_step: 156512 | reduced_train_loss: 2.245
Training epoch 1, iteration 156513/715787 | lr: 0.0002695 | consumed_samples: 160270336 | global_batch_size: 1024 | global_step: 156513 | reduced_train_loss: 2.224
Training epoch 1, iteration 156514/715787 | lr: 0.0002695 | consumed_samples: 160271360 | global_batch_size: 1024 | global_step: 156514 | reduced_train_loss: 2.238
Training epoch 1, iteration 156515/715787 | lr: 0.0002695 | consumed_samples: 160272384 | global_batch_size: 1024 | global_step: 156515 | reduced_train_loss: 2.246
Training epoch 1, iteration 156516/715787 | lr: 0.0002695 | consumed_samples: 160273408 | global_batch_size: 1024 | global_step: 156516 | reduced_train_loss: 2.23
Training epoch 1, iteration 156517/715787 | lr: 0.0002695 | consumed_samples: 160274432 | global_batch_size: 1024 | global_step: 156517 | reduced_train_loss: 2.219
Training epoch 1, iteration 156518/715787 | lr: 0.0002695 | consumed_samples: 160275456 | global_batch_size: 1024 | global_step: 156518 | reduced_train_loss: 2.23
Training epoch 1, iteration 156519/715787 | lr: 0.0002695 | consumed_samples: 160276480 | global_batch_size: 1024 | global_step: 156519 | reduced_train_loss: 2.238
Training epoch 1, iteration 156520/715787 | lr: 0.0002695 | consumed_samples: 160277504 | global_batch_size: 1024 | global_step: 156520 | reduced_train_loss: 2.24
Training epoch 1, iteration 156521/715787 | lr: 0.0002695 | consumed_samples: 160278528 | global_batch_size: 1024 | global_step: 156521 | reduced_train_loss: 2.23
Training epoch 1, iteration 156522/715787 | lr: 0.0002695 | consumed_samples: 160279552 | global_batch_size: 1024 | global_step: 156522 | reduced_train_loss: 2.243
Training epoch 1, iteration 156523/715787 | lr: 0.0002695 | consumed_samples: 160280576 | global_batch_size: 1024 | global_step: 156523 | reduced_train_loss: 2.245
Training epoch 1, iteration 156524/715787 | lr: 0.0002695 | consumed_samples: 160281600 | global_batch_size: 1024 | global_step: 156524 | reduced_train_loss: 2.248
Training epoch 1, iteration 156525/715787 | lr: 0.0002695 | consumed_samples: 160282624 | global_batch_size: 1024 | global_step: 156525 | reduced_train_loss: 2.236
Training epoch 1, iteration 156526/715787 | lr: 0.0002695 | consumed_samples: 160283648 | global_batch_size: 1024 | global_step: 156526 | reduced_train_loss: 2.246
Training epoch 1, iteration 156527/715787 | lr: 0.0002695 | consumed_samples: 160284672 | global_batch_size: 1024 | global_step: 156527 | reduced_train_loss: 2.251
Training epoch 1, iteration 156528/715787 | lr: 0.0002695 | consumed_samples: 160285696 | global_batch_size: 1024 | global_step: 156528 | reduced_train_loss: 2.246
Training epoch 1, iteration 156529/715787 | lr: 0.0002695 | consumed_samples: 160286720 | global_batch_size: 1024 | global_step: 156529 | reduced_train_loss: 2.231
Training epoch 1, iteration 156530/715787 | lr: 0.0002695 | consumed_samples: 160287744 | global_batch_size: 1024 | global_step: 156530 | reduced_train_loss: 2.237
Training epoch 1, iteration 156531/715787 | lr: 0.0002695 | consumed_samples: 160288768 | global_batch_size: 1024 | global_step: 156531 | reduced_train_loss: 2.24
Training epoch 1, iteration 156532/715787 | lr: 0.0002695 | consumed_samples: 160289792 | global_batch_size: 1024 | global_step: 156532 | reduced_train_loss: 2.232
Training epoch 1, iteration 156533/715787 | lr: 0.0002695 | consumed_samples: 160290816 | global_batch_size: 1024 | global_step: 156533 | reduced_train_loss: 2.239
Training epoch 1, iteration 156534/715787 | lr: 0.0002695 | consumed_samples: 160291840 | global_batch_size: 1024 | global_step: 156534 | reduced_train_loss: 2.23
Training epoch 1, iteration 156535/715787 | lr: 0.0002695 | consumed_samples: 160292864 | global_batch_size: 1024 | global_step: 156535 | reduced_train_loss: 2.235
Training epoch 1, iteration 156536/715787 | lr: 0.0002695 | consumed_samples: 160293888 | global_batch_size: 1024 | global_step: 156536 | reduced_train_loss: 2.238
Training epoch 1, iteration 156537/715787 | lr: 0.0002695 | consumed_samples: 160294912 | global_batch_size: 1024 | global_step: 156537 | reduced_train_loss: 2.215
Training epoch 1, iteration 156538/715787 | lr: 0.0002695 | consumed_samples: 160295936 | global_batch_size: 1024 | global_step: 156538 | reduced_train_loss: 2.243
Training epoch 1, iteration 156539/715787 | lr: 0.0002695 | consumed_samples: 160296960 | global_batch_size: 1024 | global_step: 156539 | reduced_train_loss: 2.233
Training epoch 1, iteration 156540/715787 | lr: 0.0002695 | consumed_samples: 160297984 | global_batch_size: 1024 | global_step: 156540 | reduced_train_loss: 2.227
Training epoch 1, iteration 156541/715787 | lr: 0.0002695 | consumed_samples: 160299008 | global_batch_size: 1024 | global_step: 156541 | reduced_train_loss: 2.231
Training epoch 1, iteration 156542/715787 | lr: 0.0002695 | consumed_samples: 160300032 | global_batch_size: 1024 | global_step: 156542 | reduced_train_loss: 2.256
Training epoch 1, iteration 156543/715787 | lr: 0.0002695 | consumed_samples: 160301056 | global_batch_size: 1024 | global_step: 156543 | reduced_train_loss: 2.228
Training epoch 1, iteration 156544/715787 | lr: 0.0002695 | consumed_samples: 160302080 | global_batch_size: 1024 | global_step: 156544 | reduced_train_loss: 2.224
Training epoch 1, iteration 156545/715787 | lr: 0.0002695 | consumed_samples: 160303104 | global_batch_size: 1024 | global_step: 156545 | reduced_train_loss: 2.236
Training epoch 1, iteration 156546/715787 | lr: 0.0002695 | consumed_samples: 160304128 | global_batch_size: 1024 | global_step: 156546 | reduced_train_loss: 2.244
Training epoch 1, iteration 156547/715787 | lr: 0.0002695 | consumed_samples: 160305152 | global_batch_size: 1024 | global_step: 156547 | reduced_train_loss: 2.239
Training epoch 1, iteration 156548/715787 | lr: 0.0002695 | consumed_samples: 160306176 | global_batch_size: 1024 | global_step: 156548 | reduced_train_loss: 2.238
Training epoch 1, iteration 156549/715787 | lr: 0.0002695 | consumed_samples: 160307200 | global_batch_size: 1024 | global_step: 156549 | reduced_train_loss: 2.231
Training epoch 1, iteration 156550/715787 | lr: 0.0002695 | consumed_samples: 160308224 | global_batch_size: 1024 | global_step: 156550 | reduced_train_loss: 2.244
Training epoch 1, iteration 156551/715787 | lr: 0.0002695 | consumed_samples: 160309248 | global_batch_size: 1024 | global_step: 156551 | reduced_train_loss: 2.238
Training epoch 1, iteration 156552/715787 | lr: 0.0002695 | consumed_samples: 160310272 | global_batch_size: 1024 | global_step: 156552 | reduced_train_loss: 2.215
Training epoch 1, iteration 156553/715787 | lr: 0.0002695 | consumed_samples: 160311296 | global_batch_size: 1024 | global_step: 156553 | reduced_train_loss: 2.218
Training epoch 1, iteration 156554/715787 | lr: 0.0002695 | consumed_samples: 160312320 | global_batch_size: 1024 | global_step: 156554 | reduced_train_loss: 2.233
Training epoch 1, iteration 156555/715787 | lr: 0.0002695 | consumed_samples: 160313344 | global_batch_size: 1024 | global_step: 156555 | reduced_train_loss: 2.242
Training epoch 1, iteration 156556/715787 | lr: 0.0002695 | consumed_samples: 160314368 | global_batch_size: 1024 | global_step: 156556 | reduced_train_loss: 2.236
Training epoch 1, iteration 156557/715787 | lr: 0.0002695 | consumed_samples: 160315392 | global_batch_size: 1024 | global_step: 156557 | reduced_train_loss: 2.239
Training epoch 1, iteration 156558/715787 | lr: 0.0002695 | consumed_samples: 160316416 | global_batch_size: 1024 | global_step: 156558 | reduced_train_loss: 2.241
Training epoch 1, iteration 156559/715787 | lr: 0.0002695 | consumed_samples: 160317440 | global_batch_size: 1024 | global_step: 156559 | reduced_train_loss: 2.228
Training epoch 1, iteration 156560/715787 | lr: 0.0002695 | consumed_samples: 160318464 | global_batch_size: 1024 | global_step: 156560 | reduced_train_loss: 2.237
Training epoch 1, iteration 156561/715787 | lr: 0.0002695 | consumed_samples: 160319488 | global_batch_size: 1024 | global_step: 156561 | reduced_train_loss: 2.23
Training epoch 1, iteration 156562/715787 | lr: 0.0002695 | consumed_samples: 160320512 | global_batch_size: 1024 | global_step: 156562 | reduced_train_loss: 2.251
Training epoch 1, iteration 156563/715787 | lr: 0.0002695 | consumed_samples: 160321536 | global_batch_size: 1024 | global_step: 156563 | reduced_train_loss: 2.236
Training epoch 1, iteration 156564/715787 | lr: 0.0002695 | consumed_samples: 160322560 | global_batch_size: 1024 | global_step: 156564 | reduced_train_loss: 2.243
Training epoch 1, iteration 156565/715787 | lr: 0.0002695 | consumed_samples: 160323584 | global_batch_size: 1024 | global_step: 156565 | reduced_train_loss: 2.215
Training epoch 1, iteration 156566/715787 | lr: 0.0002695 | consumed_samples: 160324608 | global_batch_size: 1024 | global_step: 156566 | reduced_train_loss: 2.234
Training epoch 1, iteration 156567/715787 | lr: 0.0002695 | consumed_samples: 160325632 | global_batch_size: 1024 | global_step: 156567 | reduced_train_loss: 2.222
Training epoch 1, iteration 156568/715787 | lr: 0.0002695 | consumed_samples: 160326656 | global_batch_size: 1024 | global_step: 156568 | reduced_train_loss: 2.239
Training epoch 1, iteration 156569/715787 | lr: 0.0002695 | consumed_samples: 160327680 | global_batch_size: 1024 | global_step: 156569 | reduced_train_loss: 2.24
Training epoch 1, iteration 156570/715787 | lr: 0.0002695 | consumed_samples: 160328704 | global_batch_size: 1024 | global_step: 156570 | reduced_train_loss: 2.244
Training epoch 1, iteration 156571/715787 | lr: 0.0002695 | consumed_samples: 160329728 | global_batch_size: 1024 | global_step: 156571 | reduced_train_loss: 2.242
Training epoch 1, iteration 156572/715787 | lr: 0.0002695 | consumed_samples: 160330752 | global_batch_size: 1024 | global_step: 156572 | reduced_train_loss: 2.22
Training epoch 1, iteration 156573/715787 | lr: 0.0002695 | consumed_samples: 160331776 | global_batch_size: 1024 | global_step: 156573 | reduced_train_loss: 2.243
Training epoch 1, iteration 156574/715787 | lr: 0.0002695 | consumed_samples: 160332800 | global_batch_size: 1024 | global_step: 156574 | reduced_train_loss: 2.246
Training epoch 1, iteration 156575/715787 | lr: 0.0002695 | consumed_samples: 160333824 | global_batch_size: 1024 | global_step: 156575 | reduced_train_loss: 2.24
Training epoch 1, iteration 156576/715787 | lr: 0.0002695 | consumed_samples: 160334848 | global_batch_size: 1024 | global_step: 156576 | reduced_train_loss: 2.222
Training epoch 1, iteration 156577/715787 | lr: 0.0002695 | consumed_samples: 160335872 | global_batch_size: 1024 | global_step: 156577 | reduced_train_loss: 2.206
Training epoch 1, iteration 156578/715787 | lr: 0.0002695 | consumed_samples: 160336896 | global_batch_size: 1024 | global_step: 156578 | reduced_train_loss: 2.254
Training epoch 1, iteration 156579/715787 | lr: 0.0002695 | consumed_samples: 160337920 | global_batch_size: 1024 | global_step: 156579 | reduced_train_loss: 2.232
Training epoch 1, iteration 156580/715787 | lr: 0.0002695 | consumed_samples: 160338944 | global_batch_size: 1024 | global_step: 156580 | reduced_train_loss: 2.25
Training epoch 1, iteration 156581/715787 | lr: 0.0002695 | consumed_samples: 160339968 | global_batch_size: 1024 | global_step: 156581 | reduced_train_loss: 2.236
Training epoch 1, iteration 156582/715787 | lr: 0.0002695 | consumed_samples: 160340992 | global_batch_size: 1024 | global_step: 156582 | reduced_train_loss: 2.255
Training epoch 1, iteration 156583/715787 | lr: 0.0002695 | consumed_samples: 160342016 | global_batch_size: 1024 | global_step: 156583 | reduced_train_loss: 2.253
Training epoch 1, iteration 156584/715787 | lr: 0.0002695 | consumed_samples: 160343040 | global_batch_size: 1024 | global_step: 156584 | reduced_train_loss: 2.221
Training epoch 1, iteration 156585/715787 | lr: 0.0002695 | consumed_samples: 160344064 | global_batch_size: 1024 | global_step: 156585 | reduced_train_loss: 2.237
Training epoch 1, iteration 156586/715787 | lr: 0.0002695 | consumed_samples: 160345088 | global_batch_size: 1024 | global_step: 156586 | reduced_train_loss: 2.246
Training epoch 1, iteration 156587/715787 | lr: 0.0002695 | consumed_samples: 160346112 | global_batch_size: 1024 | global_step: 156587 | reduced_train_loss: 2.244
Training epoch 1, iteration 156588/715787 | lr: 0.0002695 | consumed_samples: 160347136 | global_batch_size: 1024 | global_step: 156588 | reduced_train_loss: 2.256
Training epoch 1, iteration 156589/715787 | lr: 0.0002695 | consumed_samples: 160348160 | global_batch_size: 1024 | global_step: 156589 | reduced_train_loss: 2.253
Training epoch 1, iteration 156590/715787 | lr: 0.0002695 | consumed_samples: 160349184 | global_batch_size: 1024 | global_step: 156590 | reduced_train_loss: 2.251
Training epoch 1, iteration 156591/715787 | lr: 0.0002695 | consumed_samples: 160350208 | global_batch_size: 1024 | global_step: 156591 | reduced_train_loss: 2.219
Training epoch 1, iteration 156592/715787 | lr: 0.0002695 | consumed_samples: 160351232 | global_batch_size: 1024 | global_step: 156592 | reduced_train_loss: 2.256
Training epoch 1, iteration 156593/715787 | lr: 0.0002695 | consumed_samples: 160352256 | global_batch_size: 1024 | global_step: 156593 | reduced_train_loss: 2.227
Training epoch 1, iteration 156594/715787 | lr: 0.0002695 | consumed_samples: 160353280 | global_batch_size: 1024 | global_step: 156594 | reduced_train_loss: 2.244
Training epoch 1, iteration 156595/715787 | lr: 0.0002695 | consumed_samples: 160354304 | global_batch_size: 1024 | global_step: 156595 | reduced_train_loss: 2.231
Training epoch 1, iteration 156596/715787 | lr: 0.0002695 | consumed_samples: 160355328 | global_batch_size: 1024 | global_step: 156596 | reduced_train_loss: 2.245
Training epoch 1, iteration 156597/715787 | lr: 0.0002695 | consumed_samples: 160356352 | global_batch_size: 1024 | global_step: 156597 | reduced_train_loss: 2.241
Training epoch 1, iteration 156598/715787 | lr: 0.0002695 | consumed_samples: 160357376 | global_batch_size: 1024 | global_step: 156598 | reduced_train_loss: 2.241
[NeMo I 2026-04-10 12:15:15 nemo_logging:393] Running garbage collection at train global_step: 156600
Training epoch 1, iteration 156599/715787 | lr: 0.0002695 | consumed_samples: 160358400 | global_batch_size: 1024 | global_step: 156599 | reduced_train_loss: 2.24
Training epoch 1, iteration 156600/715787 | lr: 0.0002695 | consumed_samples: 160359424 | global_batch_size: 1024 | global_step: 156600 | reduced_train_loss: 2.241
Training epoch 1, iteration 156601/715787 | lr: 0.0002695 | consumed_samples: 160360448 | global_batch_size: 1024 | global_step: 156601 | reduced_train_loss: 2.23
Training epoch 1, iteration 156602/715787 | lr: 0.0002695 | consumed_samples: 160361472 | global_batch_size: 1024 | global_step: 156602 | reduced_train_loss: 2.238
Training epoch 1, iteration 156603/715787 | lr: 0.0002695 | consumed_samples: 160362496 | global_batch_size: 1024 | global_step: 156603 | reduced_train_loss: 2.22
Training epoch 1, iteration 156604/715787 | lr: 0.0002695 | consumed_samples: 160363520 | global_batch_size: 1024 | global_step: 156604 | reduced_train_loss: 2.241
Training epoch 1, iteration 156605/715787 | lr: 0.0002695 | consumed_samples: 160364544 | global_batch_size: 1024 | global_step: 156605 | reduced_train_loss: 2.266
Training epoch 1, iteration 156606/715787 | lr: 0.0002695 | consumed_samples: 160365568 | global_batch_size: 1024 | global_step: 156606 | reduced_train_loss: 2.236
Training epoch 1, iteration 156607/715787 | lr: 0.0002695 | consumed_samples: 160366592 | global_batch_size: 1024 | global_step: 156607 | reduced_train_loss: 2.244
Training epoch 1, iteration 156608/715787 | lr: 0.0002695 | consumed_samples: 160367616 | global_batch_size: 1024 | global_step: 156608 | reduced_train_loss: 2.251
Training epoch 1, iteration 156609/715787 | lr: 0.0002695 | consumed_samples: 160368640 | global_batch_size: 1024 | global_step: 156609 | reduced_train_loss: 2.216
Training epoch 1, iteration 156610/715787 | lr: 0.0002695 | consumed_samples: 160369664 | global_batch_size: 1024 | global_step: 156610 | reduced_train_loss: 2.251
Training epoch 1, iteration 156611/715787 | lr: 0.0002695 | consumed_samples: 160370688 | global_batch_size: 1024 | global_step: 156611 | reduced_train_loss: 2.233
Training epoch 1, iteration 156612/715787 | lr: 0.0002695 | consumed_samples: 160371712 | global_batch_size: 1024 | global_step: 156612 | reduced_train_loss: 2.246
Training epoch 1, iteration 156613/715787 | lr: 0.0002695 | consumed_samples: 160372736 | global_batch_size: 1024 | global_step: 156613 | reduced_train_loss: 2.223
Training epoch 1, iteration 156614/715787 | lr: 0.0002695 | consumed_samples: 160373760 | global_batch_size: 1024 | global_step: 156614 | reduced_train_loss: 2.22
Training epoch 1, iteration 156615/715787 | lr: 0.0002695 | consumed_samples: 160374784 | global_batch_size: 1024 | global_step: 156615 | reduced_train_loss: 2.238
Training epoch 1, iteration 156616/715787 | lr: 0.0002695 | consumed_samples: 160375808 | global_batch_size: 1024 | global_step: 156616 | reduced_train_loss: 2.251
Training epoch 1, iteration 156617/715787 | lr: 0.0002695 | consumed_samples: 160376832 | global_batch_size: 1024 | global_step: 156617 | reduced_train_loss: 2.24
Training epoch 1, iteration 156618/715787 | lr: 0.0002695 | consumed_samples: 160377856 | global_batch_size: 1024 | global_step: 156618 | reduced_train_loss: 2.223
Training epoch 1, iteration 156619/715787 | lr: 0.0002695 | consumed_samples: 160378880 | global_batch_size: 1024 | global_step: 156619 | reduced_train_loss: 2.226
Training epoch 1, iteration 156620/715787 | lr: 0.0002695 | consumed_samples: 160379904 | global_batch_size: 1024 | global_step: 156620 | reduced_train_loss: 2.213
Training epoch 1, iteration 156621/715787 | lr: 0.0002695 | consumed_samples: 160380928 | global_batch_size: 1024 | global_step: 156621 | reduced_train_loss: 2.228
Training epoch 1, iteration 156622/715787 | lr: 0.0002695 | consumed_samples: 160381952 | global_batch_size: 1024 | global_step: 156622 | reduced_train_loss: 2.229
Training epoch 1, iteration 156623/715787 | lr: 0.0002695 | consumed_samples: 160382976 | global_batch_size: 1024 | global_step: 156623 | reduced_train_loss: 2.232
Training epoch 1, iteration 156624/715787 | lr: 0.0002695 | consumed_samples: 160384000 | global_batch_size: 1024 | global_step: 156624 | reduced_train_loss: 2.26
Training epoch 1, iteration 156625/715787 | lr: 0.0002695 | consumed_samples: 160385024 | global_batch_size: 1024 | global_step: 156625 | reduced_train_loss: 2.242
Training epoch 1, iteration 156626/715787 | lr: 0.0002695 | consumed_samples: 160386048 | global_batch_size: 1024 | global_step: 156626 | reduced_train_loss: 2.227
Training epoch 1, iteration 156627/715787 | lr: 0.0002695 | consumed_samples: 160387072 | global_batch_size: 1024 | global_step: 156627 | reduced_train_loss: 2.239
Training epoch 1, iteration 156628/715787 | lr: 0.0002695 | consumed_samples: 160388096 | global_batch_size: 1024 | global_step: 156628 | reduced_train_loss: 2.249
Training epoch 1, iteration 156629/715787 | lr: 0.0002695 | consumed_samples: 160389120 | global_batch_size: 1024 | global_step: 156629 | reduced_train_loss: 2.224
Training epoch 1, iteration 156630/715787 | lr: 0.0002695 | consumed_samples: 160390144 | global_batch_size: 1024 | global_step: 156630 | reduced_train_loss: 2.237
Training epoch 1, iteration 156631/715787 | lr: 0.0002695 | consumed_samples: 160391168 | global_batch_size: 1024 | global_step: 156631 | reduced_train_loss: 2.239
Training epoch 1, iteration 156632/715787 | lr: 0.0002695 | consumed_samples: 160392192 | global_batch_size: 1024 | global_step: 156632 | reduced_train_loss: 2.246
Training epoch 1, iteration 156633/715787 | lr: 0.0002695 | consumed_samples: 160393216 | global_batch_size: 1024 | global_step: 156633 | reduced_train_loss: 2.236
Training epoch 1, iteration 156634/715787 | lr: 0.0002695 | consumed_samples: 160394240 | global_batch_size: 1024 | global_step: 156634 | reduced_train_loss: 2.229
Training epoch 1, iteration 156635/715787 | lr: 0.0002695 | consumed_samples: 160395264 | global_batch_size: 1024 | global_step: 156635 | reduced_train_loss: 2.261
Training epoch 1, iteration 156636/715787 | lr: 0.0002695 | consumed_samples: 160396288 | global_batch_size: 1024 | global_step: 156636 | reduced_train_loss: 2.238
Training epoch 1, iteration 156637/715787 | lr: 0.0002695 | consumed_samples: 160397312 | global_batch_size: 1024 | global_step: 156637 | reduced_train_loss: 2.216
Training epoch 1, iteration 156638/715787 | lr: 0.0002695 | consumed_samples: 160398336 | global_batch_size: 1024 | global_step: 156638 | reduced_train_loss: 2.231
Training epoch 1, iteration 156639/715787 | lr: 0.0002695 | consumed_samples: 160399360 | global_batch_size: 1024 | global_step: 156639 | reduced_train_loss: 2.23
Training epoch 1, iteration 156640/715787 | lr: 0.0002695 | consumed_samples: 160400384 | global_batch_size: 1024 | global_step: 156640 | reduced_train_loss: 2.24
Training epoch 1, iteration 156641/715787 | lr: 0.0002695 | consumed_samples: 160401408 | global_batch_size: 1024 | global_step: 156641 | reduced_train_loss: 2.228
Training epoch 1, iteration 156642/715787 | lr: 0.0002695 | consumed_samples: 160402432 | global_batch_size: 1024 | global_step: 156642 | reduced_train_loss: 2.23
Training epoch 1, iteration 156643/715787 | lr: 0.0002695 | consumed_samples: 160403456 | global_batch_size: 1024 | global_step: 156643 | reduced_train_loss: 2.222
Training epoch 1, iteration 156644/715787 | lr: 0.0002695 | consumed_samples: 160404480 | global_batch_size: 1024 | global_step: 156644 | reduced_train_loss: 2.243
Training epoch 1, iteration 156645/715787 | lr: 0.0002695 | consumed_samples: 160405504 | global_batch_size: 1024 | global_step: 156645 | reduced_train_loss: 2.233
Training epoch 1, iteration 156646/715787 | lr: 0.0002695 | consumed_samples: 160406528 | global_batch_size: 1024 | global_step: 156646 | reduced_train_loss: 2.249
Training epoch 1, iteration 156647/715787 | lr: 0.0002695 | consumed_samples: 160407552 | global_batch_size: 1024 | global_step: 156647 | reduced_train_loss: 2.268
Training epoch 1, iteration 156648/715787 | lr: 0.0002695 | consumed_samples: 160408576 | global_batch_size: 1024 | global_step: 156648 | reduced_train_loss: 2.245
Training epoch 1, iteration 156649/715787 | lr: 0.0002695 | consumed_samples: 160409600 | global_batch_size: 1024 | global_step: 156649 | reduced_train_loss: 2.221
Training epoch 1, iteration 156650/715787 | lr: 0.0002695 | consumed_samples: 160410624 | global_batch_size: 1024 | global_step: 156650 | reduced_train_loss: 2.237
Training epoch 1, iteration 156651/715787 | lr: 0.0002695 | consumed_samples: 160411648 | global_batch_size: 1024 | global_step: 156651 | reduced_train_loss: 2.232
Training epoch 1, iteration 156652/715787 | lr: 0.0002695 | consumed_samples: 160412672 | global_batch_size: 1024 | global_step: 156652 | reduced_train_loss: 2.251
Training epoch 1, iteration 156653/715787 | lr: 0.0002695 | consumed_samples: 160413696 | global_batch_size: 1024 | global_step: 156653 | reduced_train_loss: 2.241
Training epoch 1, iteration 156654/715787 | lr: 0.0002695 | consumed_samples: 160414720 | global_batch_size: 1024 | global_step: 156654 | reduced_train_loss: 2.242
Training epoch 1, iteration 156655/715787 | lr: 0.0002695 | consumed_samples: 160415744 | global_batch_size: 1024 | global_step: 156655 | reduced_train_loss: 2.243
Training epoch 1, iteration 156656/715787 | lr: 0.0002695 | consumed_samples: 160416768 | global_batch_size: 1024 | global_step: 156656 | reduced_train_loss: 2.254
Training epoch 1, iteration 156657/715787 | lr: 0.0002695 | consumed_samples: 160417792 | global_batch_size: 1024 | global_step: 156657 | reduced_train_loss: 2.248
Training epoch 1, iteration 156658/715787 | lr: 0.0002695 | consumed_samples: 160418816 | global_batch_size: 1024 | global_step: 156658 | reduced_train_loss: 2.235
Training epoch 1, iteration 156659/715787 | lr: 0.0002695 | consumed_samples: 160419840 | global_batch_size: 1024 | global_step: 156659 | reduced_train_loss: 2.233
Training epoch 1, iteration 156660/715787 | lr: 0.0002695 | consumed_samples: 160420864 | global_batch_size: 1024 | global_step: 156660 | reduced_train_loss: 2.237
Training epoch 1, iteration 156661/715787 | lr: 0.0002695 | consumed_samples: 160421888 | global_batch_size: 1024 | global_step: 156661 | reduced_train_loss: 2.227
Training epoch 1, iteration 156662/715787 | lr: 0.0002695 | consumed_samples: 160422912 | global_batch_size: 1024 | global_step: 156662 | reduced_train_loss: 2.243
Training epoch 1, iteration 156663/715787 | lr: 0.0002695 | consumed_samples: 160423936 | global_batch_size: 1024 | global_step: 156663 | reduced_train_loss: 2.223
Training epoch 1, iteration 156664/715787 | lr: 0.0002695 | consumed_samples: 160424960 | global_batch_size: 1024 | global_step: 156664 | reduced_train_loss: 2.234
Training epoch 1, iteration 156665/715787 | lr: 0.0002695 | consumed_samples: 160425984 | global_batch_size: 1024 | global_step: 156665 | reduced_train_loss: 2.241
Training epoch 1, iteration 156666/715787 | lr: 0.0002695 | consumed_samples: 160427008 | global_batch_size: 1024 | global_step: 156666 | reduced_train_loss: 2.22
Training epoch 1, iteration 156667/715787 | lr: 0.0002695 | consumed_samples: 160428032 | global_batch_size: 1024 | global_step: 156667 | reduced_train_loss: 2.245
Training epoch 1, iteration 156668/715787 | lr: 0.0002695 | consumed_samples: 160429056 | global_batch_size: 1024 | global_step: 156668 | reduced_train_loss: 2.236
Training epoch 1, iteration 156669/715787 | lr: 0.0002695 | consumed_samples: 160430080 | global_batch_size: 1024 | global_step: 156669 | reduced_train_loss: 2.223
Training epoch 1, iteration 156670/715787 | lr: 0.0002695 | consumed_samples: 160431104 | global_batch_size: 1024 | global_step: 156670 | reduced_train_loss: 2.22
Training epoch 1, iteration 156671/715787 | lr: 0.0002695 | consumed_samples: 160432128 | global_batch_size: 1024 | global_step: 156671 | reduced_train_loss: 2.254
Training epoch 1, iteration 156672/715787 | lr: 0.0002695 | consumed_samples: 160433152 | global_batch_size: 1024 | global_step: 156672 | reduced_train_loss: 2.231
Training epoch 1, iteration 156673/715787 | lr: 0.0002695 | consumed_samples: 160434176 | global_batch_size: 1024 | global_step: 156673 | reduced_train_loss: 2.242
Training epoch 1, iteration 156674/715787 | lr: 0.0002695 | consumed_samples: 160435200 | global_batch_size: 1024 | global_step: 156674 | reduced_train_loss: 2.263
Training epoch 1, iteration 156675/715787 | lr: 0.0002695 | consumed_samples: 160436224 | global_batch_size: 1024 | global_step: 156675 | reduced_train_loss: 2.222
Training epoch 1, iteration 156676/715787 | lr: 0.0002695 | consumed_samples: 160437248 | global_batch_size: 1024 | global_step: 156676 | reduced_train_loss: 2.238
Training epoch 1, iteration 156677/715787 | lr: 0.0002695 | consumed_samples: 160438272 | global_batch_size: 1024 | global_step: 156677 | reduced_train_loss: 2.235
Training epoch 1, iteration 156678/715787 | lr: 0.0002695 | consumed_samples: 160439296 | global_batch_size: 1024 | global_step: 156678 | reduced_train_loss: 2.222
Training epoch 1, iteration 156679/715787 | lr: 0.0002695 | consumed_samples: 160440320 | global_batch_size: 1024 | global_step: 156679 | reduced_train_loss: 2.242
Training epoch 1, iteration 156680/715787 | lr: 0.0002695 | consumed_samples: 160441344 | global_batch_size: 1024 | global_step: 156680 | reduced_train_loss: 2.245
Training epoch 1, iteration 156681/715787 | lr: 0.0002695 | consumed_samples: 160442368 | global_batch_size: 1024 | global_step: 156681 | reduced_train_loss: 2.225
Training epoch 1, iteration 156682/715787 | lr: 0.0002695 | consumed_samples: 160443392 | global_batch_size: 1024 | global_step: 156682 | reduced_train_loss: 2.264
Training epoch 1, iteration 156683/715787 | lr: 0.0002695 | consumed_samples: 160444416 | global_batch_size: 1024 | global_step: 156683 | reduced_train_loss: 2.245
Training epoch 1, iteration 156684/715787 | lr: 0.0002695 | consumed_samples: 160445440 | global_batch_size: 1024 | global_step: 156684 | reduced_train_loss: 2.253
Training epoch 1, iteration 156685/715787 | lr: 0.0002695 | consumed_samples: 160446464 | global_batch_size: 1024 | global_step: 156685 | reduced_train_loss: 2.24
Training epoch 1, iteration 156686/715787 | lr: 0.0002695 | consumed_samples: 160447488 | global_batch_size: 1024 | global_step: 156686 | reduced_train_loss: 2.231
Training epoch 1, iteration 156687/715787 | lr: 0.0002695 | consumed_samples: 160448512 | global_batch_size: 1024 | global_step: 156687 | reduced_train_loss: 2.224
Training epoch 1, iteration 156688/715787 | lr: 0.0002695 | consumed_samples: 160449536 | global_batch_size: 1024 | global_step: 156688 | reduced_train_loss: 2.249
Training epoch 1, iteration 156689/715787 | lr: 0.0002695 | consumed_samples: 160450560 | global_batch_size: 1024 | global_step: 156689 | reduced_train_loss: 2.24
Training epoch 1, iteration 156690/715787 | lr: 0.0002695 | consumed_samples: 160451584 | global_batch_size: 1024 | global_step: 156690 | reduced_train_loss: 2.263
Training epoch 1, iteration 156691/715787 | lr: 0.0002695 | consumed_samples: 160452608 | global_batch_size: 1024 | global_step: 156691 | reduced_train_loss: 2.214
Training epoch 1, iteration 156692/715787 | lr: 0.0002695 | consumed_samples: 160453632 | global_batch_size: 1024 | global_step: 156692 | reduced_train_loss: 2.239
Training epoch 1, iteration 156693/715787 | lr: 0.0002695 | consumed_samples: 160454656 | global_batch_size: 1024 | global_step: 156693 | reduced_train_loss: 2.223
Training epoch 1, iteration 156694/715787 | lr: 0.0002695 | consumed_samples: 160455680 | global_batch_size: 1024 | global_step: 156694 | reduced_train_loss: 2.233
Training epoch 1, iteration 156695/715787 | lr: 0.0002695 | consumed_samples: 160456704 | global_batch_size: 1024 | global_step: 156695 | reduced_train_loss: 2.247
Training epoch 1, iteration 156696/715787 | lr: 0.0002695 | consumed_samples: 160457728 | global_batch_size: 1024 | global_step: 156696 | reduced_train_loss: 2.235
Training epoch 1, iteration 156697/715787 | lr: 0.0002695 | consumed_samples: 160458752 | global_batch_size: 1024 | global_step: 156697 | reduced_train_loss: 2.235
Training epoch 1, iteration 156698/715787 | lr: 0.0002695 | consumed_samples: 160459776 | global_batch_size: 1024 | global_step: 156698 | reduced_train_loss: 2.258
[NeMo I 2026-04-10 12:42:26 nemo_logging:393] Running garbage collection at train global_step: 156700
Training epoch 1, iteration 156699/715787 | lr: 0.0002695 | consumed_samples: 160460800 | global_batch_size: 1024 | global_step: 156699 | reduced_train_loss: 2.232
Training epoch 1, iteration 156700/715787 | lr: 0.0002695 | consumed_samples: 160461824 | global_batch_size: 1024 | global_step: 156700 | reduced_train_loss: 2.231
Training epoch 1, iteration 156701/715787 | lr: 0.0002695 | consumed_samples: 160462848 | global_batch_size: 1024 | global_step: 156701 | reduced_train_loss: 2.248
Training epoch 1, iteration 156702/715787 | lr: 0.0002695 | consumed_samples: 160463872 | global_batch_size: 1024 | global_step: 156702 | reduced_train_loss: 2.243
Training epoch 1, iteration 156703/715787 | lr: 0.0002695 | consumed_samples: 160464896 | global_batch_size: 1024 | global_step: 156703 | reduced_train_loss: 2.25
Training epoch 1, iteration 156704/715787 | lr: 0.0002695 | consumed_samples: 160465920 | global_batch_size: 1024 | global_step: 156704 | reduced_train_loss: 2.247
Training epoch 1, iteration 156705/715787 | lr: 0.0002695 | consumed_samples: 160466944 | global_batch_size: 1024 | global_step: 156705 | reduced_train_loss: 2.262
Training epoch 1, iteration 156706/715787 | lr: 0.0002695 | consumed_samples: 160467968 | global_batch_size: 1024 | global_step: 156706 | reduced_train_loss: 2.248
Training epoch 1, iteration 156707/715787 | lr: 0.0002695 | consumed_samples: 160468992 | global_batch_size: 1024 | global_step: 156707 | reduced_train_loss: 2.249
Training epoch 1, iteration 156708/715787 | lr: 0.0002695 | consumed_samples: 160470016 | global_batch_size: 1024 | global_step: 156708 | reduced_train_loss: 2.245
Training epoch 1, iteration 156709/715787 | lr: 0.0002695 | consumed_samples: 160471040 | global_batch_size: 1024 | global_step: 156709 | reduced_train_loss: 2.239
Training epoch 1, iteration 156710/715787 | lr: 0.0002695 | consumed_samples: 160472064 | global_batch_size: 1024 | global_step: 156710 | reduced_train_loss: 2.251
Training epoch 1, iteration 156711/715787 | lr: 0.0002695 | consumed_samples: 160473088 | global_batch_size: 1024 | global_step: 156711 | reduced_train_loss: 2.254
Training epoch 1, iteration 156712/715787 | lr: 0.0002695 | consumed_samples: 160474112 | global_batch_size: 1024 | global_step: 156712 | reduced_train_loss: 2.232
Training epoch 1, iteration 156713/715787 | lr: 0.0002695 | consumed_samples: 160475136 | global_batch_size: 1024 | global_step: 156713 | reduced_train_loss: 2.232
Training epoch 1, iteration 156714/715787 | lr: 0.0002695 | consumed_samples: 160476160 | global_batch_size: 1024 | global_step: 156714 | reduced_train_loss: 2.257
Training epoch 1, iteration 156715/715787 | lr: 0.0002695 | consumed_samples: 160477184 | global_batch_size: 1024 | global_step: 156715 | reduced_train_loss: 2.253
Training epoch 1, iteration 156716/715787 | lr: 0.0002695 | consumed_samples: 160478208 | global_batch_size: 1024 | global_step: 156716 | reduced_train_loss: 2.238
Training epoch 1, iteration 156717/715787 | lr: 0.0002695 | consumed_samples: 160479232 | global_batch_size: 1024 | global_step: 156717 | reduced_train_loss: 2.253
Training epoch 1, iteration 156718/715787 | lr: 0.0002695 | consumed_samples: 160480256 | global_batch_size: 1024 | global_step: 156718 | reduced_train_loss: 2.244
Training epoch 1, iteration 156719/715787 | lr: 0.0002695 | consumed_samples: 160481280 | global_batch_size: 1024 | global_step: 156719 | reduced_train_loss: 2.223
Training epoch 1, iteration 156720/715787 | lr: 0.0002695 | consumed_samples: 160482304 | global_batch_size: 1024 | global_step: 156720 | reduced_train_loss: 2.235
Training epoch 1, iteration 156721/715787 | lr: 0.0002694 | consumed_samples: 160483328 | global_batch_size: 1024 | global_step: 156721 | reduced_train_loss: 2.235
Training epoch 1, iteration 156722/715787 | lr: 0.0002694 | consumed_samples: 160484352 | global_batch_size: 1024 | global_step: 156722 | reduced_train_loss: 2.236
Training epoch 1, iteration 156723/715787 | lr: 0.0002694 | consumed_samples: 160485376 | global_batch_size: 1024 | global_step: 156723 | reduced_train_loss: 2.243
Training epoch 1, iteration 156724/715787 | lr: 0.0002694 | consumed_samples: 160486400 | global_batch_size: 1024 | global_step: 156724 | reduced_train_loss: 2.254
Training epoch 1, iteration 156725/715787 | lr: 0.0002694 | consumed_samples: 160487424 | global_batch_size: 1024 | global_step: 156725 | reduced_train_loss: 2.23
Training epoch 1, iteration 156726/715787 | lr: 0.0002694 | consumed_samples: 160488448 | global_batch_size: 1024 | global_step: 156726 | reduced_train_loss: 2.233
Training epoch 1, iteration 156727/715787 | lr: 0.0002694 | consumed_samples: 160489472 | global_batch_size: 1024 | global_step: 156727 | reduced_train_loss: 2.222
Training epoch 1, iteration 156728/715787 | lr: 0.0002694 | consumed_samples: 160490496 | global_batch_size: 1024 | global_step: 156728 | reduced_train_loss: 2.23
Training epoch 1, iteration 156729/715787 | lr: 0.0002694 | consumed_samples: 160491520 | global_batch_size: 1024 | global_step: 156729 | reduced_train_loss: 2.246
Training epoch 1, iteration 156730/715787 | lr: 0.0002694 | consumed_samples: 160492544 | global_batch_size: 1024 | global_step: 156730 | reduced_train_loss: 2.221
Training epoch 1, iteration 156731/715787 | lr: 0.0002694 | consumed_samples: 160493568 | global_batch_size: 1024 | global_step: 156731 | reduced_train_loss: 2.262
Training epoch 1, iteration 156732/715787 | lr: 0.0002694 | consumed_samples: 160494592 | global_batch_size: 1024 | global_step: 156732 | reduced_train_loss: 2.229
Training epoch 1, iteration 156733/715787 | lr: 0.0002694 | consumed_samples: 160495616 | global_batch_size: 1024 | global_step: 156733 | reduced_train_loss: 2.233
Training epoch 1, iteration 156734/715787 | lr: 0.0002694 | consumed_samples: 160496640 | global_batch_size: 1024 | global_step: 156734 | reduced_train_loss: 2.253
Training epoch 1, iteration 156735/715787 | lr: 0.0002694 | consumed_samples: 160497664 | global_batch_size: 1024 | global_step: 156735 | reduced_train_loss: 2.258
Training epoch 1, iteration 156736/715787 | lr: 0.0002694 | consumed_samples: 160498688 | global_batch_size: 1024 | global_step: 156736 | reduced_train_loss: 2.236
Training epoch 1, iteration 156737/715787 | lr: 0.0002694 | consumed_samples: 160499712 | global_batch_size: 1024 | global_step: 156737 | reduced_train_loss: 2.241
Training epoch 1, iteration 156738/715787 | lr: 0.0002694 | consumed_samples: 160500736 | global_batch_size: 1024 | global_step: 156738 | reduced_train_loss: 2.207
Training epoch 1, iteration 156739/715787 | lr: 0.0002694 | consumed_samples: 160501760 | global_batch_size: 1024 | global_step: 156739 | reduced_train_loss: 2.25
Training epoch 1, iteration 156740/715787 | lr: 0.0002694 | consumed_samples: 160502784 | global_batch_size: 1024 | global_step: 156740 | reduced_train_loss: 2.247
Training epoch 1, iteration 156741/715787 | lr: 0.0002694 | consumed_samples: 160503808 | global_batch_size: 1024 | global_step: 156741 | reduced_train_loss: 2.23
Training epoch 1, iteration 156742/715787 | lr: 0.0002694 | consumed_samples: 160504832 | global_batch_size: 1024 | global_step: 156742 | reduced_train_loss: 2.256
Training epoch 1, iteration 156743/715787 | lr: 0.0002694 | consumed_samples: 160505856 | global_batch_size: 1024 | global_step: 156743 | reduced_train_loss: 2.218
Training epoch 1, iteration 156744/715787 | lr: 0.0002694 | consumed_samples: 160506880 | global_batch_size: 1024 | global_step: 156744 | reduced_train_loss: 2.228
Training epoch 1, iteration 156745/715787 | lr: 0.0002694 | consumed_samples: 160507904 | global_batch_size: 1024 | global_step: 156745 | reduced_train_loss: 2.223
Training epoch 1, iteration 156746/715787 | lr: 0.0002694 | consumed_samples: 160508928 | global_batch_size: 1024 | global_step: 156746 | reduced_train_loss: 2.241
Training epoch 1, iteration 156747/715787 | lr: 0.0002694 | consumed_samples: 160509952 | global_batch_size: 1024 | global_step: 156747 | reduced_train_loss: 2.237
Training epoch 1, iteration 156748/715787 | lr: 0.0002694 | consumed_samples: 160510976 | global_batch_size: 1024 | global_step: 156748 | reduced_train_loss: 2.246
Training epoch 1, iteration 156749/715787 | lr: 0.0002694 | consumed_samples: 160512000 | global_batch_size: 1024 | global_step: 156749 | reduced_train_loss: 2.235
Training epoch 1, iteration 156750/715787 | lr: 0.0002694 | consumed_samples: 160513024 | global_batch_size: 1024 | global_step: 156750 | reduced_train_loss: 2.23
Training epoch 1, iteration 156751/715787 | lr: 0.0002694 | consumed_samples: 160514048 | global_batch_size: 1024 | global_step: 156751 | reduced_train_loss: 2.235
Training epoch 1, iteration 156752/715787 | lr: 0.0002694 | consumed_samples: 160515072 | global_batch_size: 1024 | global_step: 156752 | reduced_train_loss: 2.239
Training epoch 1, iteration 156753/715787 | lr: 0.0002694 | consumed_samples: 160516096 | global_batch_size: 1024 | global_step: 156753 | reduced_train_loss: 2.253
Training epoch 1, iteration 156754/715787 | lr: 0.0002694 | consumed_samples: 160517120 | global_batch_size: 1024 | global_step: 156754 | reduced_train_loss: 2.236
Training epoch 1, iteration 156755/715787 | lr: 0.0002694 | consumed_samples: 160518144 | global_batch_size: 1024 | global_step: 156755 | reduced_train_loss: 2.239
Training epoch 1, iteration 156756/715787 | lr: 0.0002694 | consumed_samples: 160519168 | global_batch_size: 1024 | global_step: 156756 | reduced_train_loss: 2.231
Training epoch 1, iteration 156757/715787 | lr: 0.0002694 | consumed_samples: 160520192 | global_batch_size: 1024 | global_step: 156757 | reduced_train_loss: 2.225
Training epoch 1, iteration 156758/715787 | lr: 0.0002694 | consumed_samples: 160521216 | global_batch_size: 1024 | global_step: 156758 | reduced_train_loss: 2.245
Training epoch 1, iteration 156759/715787 | lr: 0.0002694 | consumed_samples: 160522240 | global_batch_size: 1024 | global_step: 156759 | reduced_train_loss: 2.232
Training epoch 1, iteration 156760/715787 | lr: 0.0002694 | consumed_samples: 160523264 | global_batch_size: 1024 | global_step: 156760 | reduced_train_loss: 2.243
Training epoch 1, iteration 156761/715787 | lr: 0.0002694 | consumed_samples: 160524288 | global_batch_size: 1024 | global_step: 156761 | reduced_train_loss: 2.239
Training epoch 1, iteration 156762/715787 | lr: 0.0002694 | consumed_samples: 160525312 | global_batch_size: 1024 | global_step: 156762 | reduced_train_loss: 2.226
Training epoch 1, iteration 156763/715787 | lr: 0.0002694 | consumed_samples: 160526336 | global_batch_size: 1024 | global_step: 156763 | reduced_train_loss: 2.239
Training epoch 1, iteration 156764/715787 | lr: 0.0002694 | consumed_samples: 160527360 | global_batch_size: 1024 | global_step: 156764 | reduced_train_loss: 2.228
Training epoch 1, iteration 156765/715787 | lr: 0.0002694 | consumed_samples: 160528384 | global_batch_size: 1024 | global_step: 156765 | reduced_train_loss: 2.228
Training epoch 1, iteration 156766/715787 | lr: 0.0002694 | consumed_samples: 160529408 | global_batch_size: 1024 | global_step: 156766 | reduced_train_loss: 2.235
Training epoch 1, iteration 156767/715787 | lr: 0.0002694 | consumed_samples: 160530432 | global_batch_size: 1024 | global_step: 156767 | reduced_train_loss: 2.241
Training epoch 1, iteration 156768/715787 | lr: 0.0002694 | consumed_samples: 160531456 | global_batch_size: 1024 | global_step: 156768 | reduced_train_loss: 2.225
Training epoch 1, iteration 156769/715787 | lr: 0.0002694 | consumed_samples: 160532480 | global_batch_size: 1024 | global_step: 156769 | reduced_train_loss: 2.246
Training epoch 1, iteration 156770/715787 | lr: 0.0002694 | consumed_samples: 160533504 | global_batch_size: 1024 | global_step: 156770 | reduced_train_loss: 2.228
Training epoch 1, iteration 156771/715787 | lr: 0.0002694 | consumed_samples: 160534528 | global_batch_size: 1024 | global_step: 156771 | reduced_train_loss: 2.227
Training epoch 1, iteration 156772/715787 | lr: 0.0002694 | consumed_samples: 160535552 | global_batch_size: 1024 | global_step: 156772 | reduced_train_loss: 2.227
Training epoch 1, iteration 156773/715787 | lr: 0.0002694 | consumed_samples: 160536576 | global_batch_size: 1024 | global_step: 156773 | reduced_train_loss: 2.234
Training epoch 1, iteration 156774/715787 | lr: 0.0002694 | consumed_samples: 160537600 | global_batch_size: 1024 | global_step: 156774 | reduced_train_loss: 2.238
Training epoch 1, iteration 156775/715787 | lr: 0.0002694 | consumed_samples: 160538624 | global_batch_size: 1024 | global_step: 156775 | reduced_train_loss: 2.236
Training epoch 1, iteration 156776/715787 | lr: 0.0002694 | consumed_samples: 160539648 | global_batch_size: 1024 | global_step: 156776 | reduced_train_loss: 2.239
Training epoch 1, iteration 156777/715787 | lr: 0.0002694 | consumed_samples: 160540672 | global_batch_size: 1024 | global_step: 156777 | reduced_train_loss: 2.249
Training epoch 1, iteration 156778/715787 | lr: 0.0002694 | consumed_samples: 160541696 | global_batch_size: 1024 | global_step: 156778 | reduced_train_loss: 2.225
Training epoch 1, iteration 156779/715787 | lr: 0.0002694 | consumed_samples: 160542720 | global_batch_size: 1024 | global_step: 156779 | reduced_train_loss: 2.23
Training epoch 1, iteration 156780/715787 | lr: 0.0002694 | consumed_samples: 160543744 | global_batch_size: 1024 | global_step: 156780 | reduced_train_loss: 2.215
Training epoch 1, iteration 156781/715787 | lr: 0.0002694 | consumed_samples: 160544768 | global_batch_size: 1024 | global_step: 156781 | reduced_train_loss: 2.243
Training epoch 1, iteration 156782/715787 | lr: 0.0002694 | consumed_samples: 160545792 | global_batch_size: 1024 | global_step: 156782 | reduced_train_loss: 2.257
Training epoch 1, iteration 156783/715787 | lr: 0.0002694 | consumed_samples: 160546816 | global_batch_size: 1024 | global_step: 156783 | reduced_train_loss: 2.227
Training epoch 1, iteration 156784/715787 | lr: 0.0002694 | consumed_samples: 160547840 | global_batch_size: 1024 | global_step: 156784 | reduced_train_loss: 2.234
Training epoch 1, iteration 156785/715787 | lr: 0.0002694 | consumed_samples: 160548864 | global_batch_size: 1024 | global_step: 156785 | reduced_train_loss: 2.235
Training epoch 1, iteration 156786/715787 | lr: 0.0002694 | consumed_samples: 160549888 | global_batch_size: 1024 | global_step: 156786 | reduced_train_loss: 2.25
Training epoch 1, iteration 156787/715787 | lr: 0.0002694 | consumed_samples: 160550912 | global_batch_size: 1024 | global_step: 156787 | reduced_train_loss: 2.257
Training epoch 1, iteration 156788/715787 | lr: 0.0002694 | consumed_samples: 160551936 | global_batch_size: 1024 | global_step: 156788 | reduced_train_loss: 2.234
Training epoch 1, iteration 156789/715787 | lr: 0.0002694 | consumed_samples: 160552960 | global_batch_size: 1024 | global_step: 156789 | reduced_train_loss: 2.23
Training epoch 1, iteration 156790/715787 | lr: 0.0002694 | consumed_samples: 160553984 | global_batch_size: 1024 | global_step: 156790 | reduced_train_loss: 2.247
Training epoch 1, iteration 156791/715787 | lr: 0.0002694 | consumed_samples: 160555008 | global_batch_size: 1024 | global_step: 156791 | reduced_train_loss: 2.242
Training epoch 1, iteration 156792/715787 | lr: 0.0002694 | consumed_samples: 160556032 | global_batch_size: 1024 | global_step: 156792 | reduced_train_loss: 2.237
Training epoch 1, iteration 156793/715787 | lr: 0.0002694 | consumed_samples: 160557056 | global_batch_size: 1024 | global_step: 156793 | reduced_train_loss: 2.234
Training epoch 1, iteration 156794/715787 | lr: 0.0002694 | consumed_samples: 160558080 | global_batch_size: 1024 | global_step: 156794 | reduced_train_loss: 2.226
Training epoch 1, iteration 156795/715787 | lr: 0.0002694 | consumed_samples: 160559104 | global_batch_size: 1024 | global_step: 156795 | reduced_train_loss: 2.236
Training epoch 1, iteration 156796/715787 | lr: 0.0002694 | consumed_samples: 160560128 | global_batch_size: 1024 | global_step: 156796 | reduced_train_loss: 2.237
Training epoch 1, iteration 156797/715787 | lr: 0.0002694 | consumed_samples: 160561152 | global_batch_size: 1024 | global_step: 156797 | reduced_train_loss: 2.222
Training epoch 1, iteration 156798/715787 | lr: 0.0002694 | consumed_samples: 160562176 | global_batch_size: 1024 | global_step: 156798 | reduced_train_loss: 2.23
[NeMo I 2026-04-10 13:09:42 nemo_logging:393] Running garbage collection at train global_step: 156800
Training epoch 1, iteration 156799/715787 | lr: 0.0002694 | consumed_samples: 160563200 | global_batch_size: 1024 | global_step: 156799 | reduced_train_loss: 2.252
Training epoch 1, iteration 156800/715787 | lr: 0.0002694 | consumed_samples: 160564224 | global_batch_size: 1024 | global_step: 156800 | reduced_train_loss: 2.229
Training epoch 1, iteration 156801/715787 | lr: 0.0002694 | consumed_samples: 160565248 | global_batch_size: 1024 | global_step: 156801 | reduced_train_loss: 2.253
Training epoch 1, iteration 156802/715787 | lr: 0.0002694 | consumed_samples: 160566272 | global_batch_size: 1024 | global_step: 156802 | reduced_train_loss: 2.239
Training epoch 1, iteration 156803/715787 | lr: 0.0002694 | consumed_samples: 160567296 | global_batch_size: 1024 | global_step: 156803 | reduced_train_loss: 2.238
Training epoch 1, iteration 156804/715787 | lr: 0.0002694 | consumed_samples: 160568320 | global_batch_size: 1024 | global_step: 156804 | reduced_train_loss: 2.238
Training epoch 1, iteration 156805/715787 | lr: 0.0002694 | consumed_samples: 160569344 | global_batch_size: 1024 | global_step: 156805 | reduced_train_loss: 2.216
Training epoch 1, iteration 156806/715787 | lr: 0.0002694 | consumed_samples: 160570368 | global_batch_size: 1024 | global_step: 156806 | reduced_train_loss: 2.234
Training epoch 1, iteration 156807/715787 | lr: 0.0002694 | consumed_samples: 160571392 | global_batch_size: 1024 | global_step: 156807 | reduced_train_loss: 2.234
Training epoch 1, iteration 156808/715787 | lr: 0.0002694 | consumed_samples: 160572416 | global_batch_size: 1024 | global_step: 156808 | reduced_train_loss: 2.215
Training epoch 1, iteration 156809/715787 | lr: 0.0002694 | consumed_samples: 160573440 | global_batch_size: 1024 | global_step: 156809 | reduced_train_loss: 2.235
Training epoch 1, iteration 156810/715787 | lr: 0.0002694 | consumed_samples: 160574464 | global_batch_size: 1024 | global_step: 156810 | reduced_train_loss: 2.222
Training epoch 1, iteration 156811/715787 | lr: 0.0002694 | consumed_samples: 160575488 | global_batch_size: 1024 | global_step: 156811 | reduced_train_loss: 2.238
Training epoch 1, iteration 156812/715787 | lr: 0.0002694 | consumed_samples: 160576512 | global_batch_size: 1024 | global_step: 156812 | reduced_train_loss: 2.237
Training epoch 1, iteration 156813/715787 | lr: 0.0002694 | consumed_samples: 160577536 | global_batch_size: 1024 | global_step: 156813 | reduced_train_loss: 2.226
Training epoch 1, iteration 156814/715787 | lr: 0.0002694 | consumed_samples: 160578560 | global_batch_size: 1024 | global_step: 156814 | reduced_train_loss: 2.205
Training epoch 1, iteration 156815/715787 | lr: 0.0002694 | consumed_samples: 160579584 | global_batch_size: 1024 | global_step: 156815 | reduced_train_loss: 2.243
Training epoch 1, iteration 156816/715787 | lr: 0.0002694 | consumed_samples: 160580608 | global_batch_size: 1024 | global_step: 156816 | reduced_train_loss: 2.238
Training epoch 1, iteration 156817/715787 | lr: 0.0002694 | consumed_samples: 160581632 | global_batch_size: 1024 | global_step: 156817 | reduced_train_loss: 2.246
Training epoch 1, iteration 156818/715787 | lr: 0.0002694 | consumed_samples: 160582656 | global_batch_size: 1024 | global_step: 156818 | reduced_train_loss: 2.22
Training epoch 1, iteration 156819/715787 | lr: 0.0002694 | consumed_samples: 160583680 | global_batch_size: 1024 | global_step: 156819 | reduced_train_loss: 2.225
Training epoch 1, iteration 156820/715787 | lr: 0.0002694 | consumed_samples: 160584704 | global_batch_size: 1024 | global_step: 156820 | reduced_train_loss: 2.244
Training epoch 1, iteration 156821/715787 | lr: 0.0002694 | consumed_samples: 160585728 | global_batch_size: 1024 | global_step: 156821 | reduced_train_loss: 2.265
Training epoch 1, iteration 156822/715787 | lr: 0.0002694 | consumed_samples: 160586752 | global_batch_size: 1024 | global_step: 156822 | reduced_train_loss: 2.231
Training epoch 1, iteration 156823/715787 | lr: 0.0002694 | consumed_samples: 160587776 | global_batch_size: 1024 | global_step: 156823 | reduced_train_loss: 2.238
Training epoch 1, iteration 156824/715787 | lr: 0.0002694 | consumed_samples: 160588800 | global_batch_size: 1024 | global_step: 156824 | reduced_train_loss: 2.238
Training epoch 1, iteration 156825/715787 | lr: 0.0002694 | consumed_samples: 160589824 | global_batch_size: 1024 | global_step: 156825 | reduced_train_loss: 2.217
Training epoch 1, iteration 156826/715787 | lr: 0.0002694 | consumed_samples: 160590848 | global_batch_size: 1024 | global_step: 156826 | reduced_train_loss: 2.221
Training epoch 1, iteration 156827/715787 | lr: 0.0002694 | consumed_samples: 160591872 | global_batch_size: 1024 | global_step: 156827 | reduced_train_loss: 2.234
Training epoch 1, iteration 156828/715787 | lr: 0.0002694 | consumed_samples: 160592896 | global_batch_size: 1024 | global_step: 156828 | reduced_train_loss: 2.216
Training epoch 1, iteration 156829/715787 | lr: 0.0002694 | consumed_samples: 160593920 | global_batch_size: 1024 | global_step: 156829 | reduced_train_loss: 2.223
Training epoch 1, iteration 156830/715787 | lr: 0.0002694 | consumed_samples: 160594944 | global_batch_size: 1024 | global_step: 156830 | reduced_train_loss: 2.257
Training epoch 1, iteration 156831/715787 | lr: 0.0002694 | consumed_samples: 160595968 | global_batch_size: 1024 | global_step: 156831 | reduced_train_loss: 2.237
Training epoch 1, iteration 156832/715787 | lr: 0.0002694 | consumed_samples: 160596992 | global_batch_size: 1024 | global_step: 156832 | reduced_train_loss: 2.24
Training epoch 1, iteration 156833/715787 | lr: 0.0002694 | consumed_samples: 160598016 | global_batch_size: 1024 | global_step: 156833 | reduced_train_loss: 2.238
Training epoch 1, iteration 156834/715787 | lr: 0.0002694 | consumed_samples: 160599040 | global_batch_size: 1024 | global_step: 156834 | reduced_train_loss: 2.245
Training epoch 1, iteration 156835/715787 | lr: 0.0002694 | consumed_samples: 160600064 | global_batch_size: 1024 | global_step: 156835 | reduced_train_loss: 2.236
Training epoch 1, iteration 156836/715787 | lr: 0.0002694 | consumed_samples: 160601088 | global_batch_size: 1024 | global_step: 156836 | reduced_train_loss: 2.263
Training epoch 1, iteration 156837/715787 | lr: 0.0002694 | consumed_samples: 160602112 | global_batch_size: 1024 | global_step: 156837 | reduced_train_loss: 2.24
Training epoch 1, iteration 156838/715787 | lr: 0.0002694 | consumed_samples: 160603136 | global_batch_size: 1024 | global_step: 156838 | reduced_train_loss: 2.246
Training epoch 1, iteration 156839/715787 | lr: 0.0002694 | consumed_samples: 160604160 | global_batch_size: 1024 | global_step: 156839 | reduced_train_loss: 2.234
Training epoch 1, iteration 156840/715787 | lr: 0.0002694 | consumed_samples: 160605184 | global_batch_size: 1024 | global_step: 156840 | reduced_train_loss: 2.248
Training epoch 1, iteration 156841/715787 | lr: 0.0002694 | consumed_samples: 160606208 | global_batch_size: 1024 | global_step: 156841 | reduced_train_loss: 2.245
Training epoch 1, iteration 156842/715787 | lr: 0.0002694 | consumed_samples: 160607232 | global_batch_size: 1024 | global_step: 156842 | reduced_train_loss: 2.234
Training epoch 1, iteration 156843/715787 | lr: 0.0002694 | consumed_samples: 160608256 | global_batch_size: 1024 | global_step: 156843 | reduced_train_loss: 2.238
Training epoch 1, iteration 156844/715787 | lr: 0.0002694 | consumed_samples: 160609280 | global_batch_size: 1024 | global_step: 156844 | reduced_train_loss: 2.246
Training epoch 1, iteration 156845/715787 | lr: 0.0002694 | consumed_samples: 160610304 | global_batch_size: 1024 | global_step: 156845 | reduced_train_loss: 2.248
Training epoch 1, iteration 156846/715787 | lr: 0.0002694 | consumed_samples: 160611328 | global_batch_size: 1024 | global_step: 156846 | reduced_train_loss: 2.235
Training epoch 1, iteration 156847/715787 | lr: 0.0002694 | consumed_samples: 160612352 | global_batch_size: 1024 | global_step: 156847 | reduced_train_loss: 2.236
Training epoch 1, iteration 156848/715787 | lr: 0.0002694 | consumed_samples: 160613376 | global_batch_size: 1024 | global_step: 156848 | reduced_train_loss: 2.216
Training epoch 1, iteration 156849/715787 | lr: 0.0002694 | consumed_samples: 160614400 | global_batch_size: 1024 | global_step: 156849 | reduced_train_loss: 2.236
Training epoch 1, iteration 156850/715787 | lr: 0.0002694 | consumed_samples: 160615424 | global_batch_size: 1024 | global_step: 156850 | reduced_train_loss: 2.238
Training epoch 1, iteration 156851/715787 | lr: 0.0002694 | consumed_samples: 160616448 | global_batch_size: 1024 | global_step: 156851 | reduced_train_loss: 2.239
Training epoch 1, iteration 156852/715787 | lr: 0.0002694 | consumed_samples: 160617472 | global_batch_size: 1024 | global_step: 156852 | reduced_train_loss: 2.239
Training epoch 1, iteration 156853/715787 | lr: 0.0002694 | consumed_samples: 160618496 | global_batch_size: 1024 | global_step: 156853 | reduced_train_loss: 2.255
Training epoch 1, iteration 156854/715787 | lr: 0.0002694 | consumed_samples: 160619520 | global_batch_size: 1024 | global_step: 156854 | reduced_train_loss: 2.233
Training epoch 1, iteration 156855/715787 | lr: 0.0002694 | consumed_samples: 160620544 | global_batch_size: 1024 | global_step: 156855 | reduced_train_loss: 2.243
Training epoch 1, iteration 156856/715787 | lr: 0.0002694 | consumed_samples: 160621568 | global_batch_size: 1024 | global_step: 156856 | reduced_train_loss: 2.254
Training epoch 1, iteration 156857/715787 | lr: 0.0002694 | consumed_samples: 160622592 | global_batch_size: 1024 | global_step: 156857 | reduced_train_loss: 2.241
Training epoch 1, iteration 156858/715787 | lr: 0.0002694 | consumed_samples: 160623616 | global_batch_size: 1024 | global_step: 156858 | reduced_train_loss: 2.233
Training epoch 1, iteration 156859/715787 | lr: 0.0002694 | consumed_samples: 160624640 | global_batch_size: 1024 | global_step: 156859 | reduced_train_loss: 2.242
Training epoch 1, iteration 156860/715787 | lr: 0.0002694 | consumed_samples: 160625664 | global_batch_size: 1024 | global_step: 156860 | reduced_train_loss: 2.242
Training epoch 1, iteration 156861/715787 | lr: 0.0002694 | consumed_samples: 160626688 | global_batch_size: 1024 | global_step: 156861 | reduced_train_loss: 2.227
Training epoch 1, iteration 156862/715787 | lr: 0.0002694 | consumed_samples: 160627712 | global_batch_size: 1024 | global_step: 156862 | reduced_train_loss: 2.261
Training epoch 1, iteration 156863/715787 | lr: 0.0002694 | consumed_samples: 160628736 | global_batch_size: 1024 | global_step: 156863 | reduced_train_loss: 2.25
Training epoch 1, iteration 156864/715787 | lr: 0.0002694 | consumed_samples: 160629760 | global_batch_size: 1024 | global_step: 156864 | reduced_train_loss: 2.212
Training epoch 1, iteration 156865/715787 | lr: 0.0002694 | consumed_samples: 160630784 | global_batch_size: 1024 | global_step: 156865 | reduced_train_loss: 2.246
Training epoch 1, iteration 156866/715787 | lr: 0.0002694 | consumed_samples: 160631808 | global_batch_size: 1024 | global_step: 156866 | reduced_train_loss: 2.228
Training epoch 1, iteration 156867/715787 | lr: 0.0002694 | consumed_samples: 160632832 | global_batch_size: 1024 | global_step: 156867 | reduced_train_loss: 2.255
Training epoch 1, iteration 156868/715787 | lr: 0.0002694 | consumed_samples: 160633856 | global_batch_size: 1024 | global_step: 156868 | reduced_train_loss: 2.239
Training epoch 1, iteration 156869/715787 | lr: 0.0002694 | consumed_samples: 160634880 | global_batch_size: 1024 | global_step: 156869 | reduced_train_loss: 2.264
Training epoch 1, iteration 156870/715787 | lr: 0.0002694 | consumed_samples: 160635904 | global_batch_size: 1024 | global_step: 156870 | reduced_train_loss: 2.228
Training epoch 1, iteration 156871/715787 | lr: 0.0002694 | consumed_samples: 160636928 | global_batch_size: 1024 | global_step: 156871 | reduced_train_loss: 2.246
Training epoch 1, iteration 156872/715787 | lr: 0.0002694 | consumed_samples: 160637952 | global_batch_size: 1024 | global_step: 156872 | reduced_train_loss: 2.239
Training epoch 1, iteration 156873/715787 | lr: 0.0002694 | consumed_samples: 160638976 | global_batch_size: 1024 | global_step: 156873 | reduced_train_loss: 2.237
Training epoch 1, iteration 156874/715787 | lr: 0.0002694 | consumed_samples: 160640000 | global_batch_size: 1024 | global_step: 156874 | reduced_train_loss: 2.221
Training epoch 1, iteration 156875/715787 | lr: 0.0002694 | consumed_samples: 160641024 | global_batch_size: 1024 | global_step: 156875 | reduced_train_loss: 2.248
Training epoch 1, iteration 156876/715787 | lr: 0.0002694 | consumed_samples: 160642048 | global_batch_size: 1024 | global_step: 156876 | reduced_train_loss: 2.242
Training epoch 1, iteration 156877/715787 | lr: 0.0002694 | consumed_samples: 160643072 | global_batch_size: 1024 | global_step: 156877 | reduced_train_loss: 2.246
Training epoch 1, iteration 156878/715787 | lr: 0.0002694 | consumed_samples: 160644096 | global_batch_size: 1024 | global_step: 156878 | reduced_train_loss: 2.245
Training epoch 1, iteration 156879/715787 | lr: 0.0002694 | consumed_samples: 160645120 | global_batch_size: 1024 | global_step: 156879 | reduced_train_loss: 2.237
Training epoch 1, iteration 156880/715787 | lr: 0.0002694 | consumed_samples: 160646144 | global_batch_size: 1024 | global_step: 156880 | reduced_train_loss: 2.235
Training epoch 1, iteration 156881/715787 | lr: 0.0002694 | consumed_samples: 160647168 | global_batch_size: 1024 | global_step: 156881 | reduced_train_loss: 2.247
Training epoch 1, iteration 156882/715787 | lr: 0.0002694 | consumed_samples: 160648192 | global_batch_size: 1024 | global_step: 156882 | reduced_train_loss: 2.246
Training epoch 1, iteration 156883/715787 | lr: 0.0002694 | consumed_samples: 160649216 | global_batch_size: 1024 | global_step: 156883 | reduced_train_loss: 2.216
Training epoch 1, iteration 156884/715787 | lr: 0.0002694 | consumed_samples: 160650240 | global_batch_size: 1024 | global_step: 156884 | reduced_train_loss: 2.244
Training epoch 1, iteration 156885/715787 | lr: 0.0002694 | consumed_samples: 160651264 | global_batch_size: 1024 | global_step: 156885 | reduced_train_loss: 2.235
Training epoch 1, iteration 156886/715787 | lr: 0.0002694 | consumed_samples: 160652288 | global_batch_size: 1024 | global_step: 156886 | reduced_train_loss: 2.248
Training epoch 1, iteration 156887/715787 | lr: 0.0002694 | consumed_samples: 160653312 | global_batch_size: 1024 | global_step: 156887 | reduced_train_loss: 2.251
Training epoch 1, iteration 156888/715787 | lr: 0.0002694 | consumed_samples: 160654336 | global_batch_size: 1024 | global_step: 156888 | reduced_train_loss: 2.242
Training epoch 1, iteration 156889/715787 | lr: 0.0002694 | consumed_samples: 160655360 | global_batch_size: 1024 | global_step: 156889 | reduced_train_loss: 2.242
Training epoch 1, iteration 156890/715787 | lr: 0.0002694 | consumed_samples: 160656384 | global_batch_size: 1024 | global_step: 156890 | reduced_train_loss: 2.239
Training epoch 1, iteration 156891/715787 | lr: 0.0002694 | consumed_samples: 160657408 | global_batch_size: 1024 | global_step: 156891 | reduced_train_loss: 2.231
Training epoch 1, iteration 156892/715787 | lr: 0.0002694 | consumed_samples: 160658432 | global_batch_size: 1024 | global_step: 156892 | reduced_train_loss: 2.228
Training epoch 1, iteration 156893/715787 | lr: 0.0002694 | consumed_samples: 160659456 | global_batch_size: 1024 | global_step: 156893 | reduced_train_loss: 2.245
Training epoch 1, iteration 156894/715787 | lr: 0.0002694 | consumed_samples: 160660480 | global_batch_size: 1024 | global_step: 156894 | reduced_train_loss: 2.252
Training epoch 1, iteration 156895/715787 | lr: 0.0002694 | consumed_samples: 160661504 | global_batch_size: 1024 | global_step: 156895 | reduced_train_loss: 2.216
Training epoch 1, iteration 156896/715787 | lr: 0.0002694 | consumed_samples: 160662528 | global_batch_size: 1024 | global_step: 156896 | reduced_train_loss: 2.232
Training epoch 1, iteration 156897/715787 | lr: 0.0002694 | consumed_samples: 160663552 | global_batch_size: 1024 | global_step: 156897 | reduced_train_loss: 2.24
Training epoch 1, iteration 156898/715787 | lr: 0.0002694 | consumed_samples: 160664576 | global_batch_size: 1024 | global_step: 156898 | reduced_train_loss: 2.223
[NeMo I 2026-04-10 13:36:29 nemo_logging:393] Running garbage collection at train global_step: 156900
Training epoch 1, iteration 156899/715787 | lr: 0.0002694 | consumed_samples: 160665600 | global_batch_size: 1024 | global_step: 156899 | reduced_train_loss: 2.243
Training epoch 1, iteration 156900/715787 | lr: 0.0002694 | consumed_samples: 160666624 | global_batch_size: 1024 | global_step: 156900 | reduced_train_loss: 2.226
Training epoch 1, iteration 156901/715787 | lr: 0.0002694 | consumed_samples: 160667648 | global_batch_size: 1024 | global_step: 156901 | reduced_train_loss: 2.232
Training epoch 1, iteration 156902/715787 | lr: 0.0002694 | consumed_samples: 160668672 | global_batch_size: 1024 | global_step: 156902 | reduced_train_loss: 2.234
Training epoch 1, iteration 156903/715787 | lr: 0.0002694 | consumed_samples: 160669696 | global_batch_size: 1024 | global_step: 156903 | reduced_train_loss: 2.243
Training epoch 1, iteration 156904/715787 | lr: 0.0002694 | consumed_samples: 160670720 | global_batch_size: 1024 | global_step: 156904 | reduced_train_loss: 2.256
Training epoch 1, iteration 156905/715787 | lr: 0.0002694 | consumed_samples: 160671744 | global_batch_size: 1024 | global_step: 156905 | reduced_train_loss: 2.231
Training epoch 1, iteration 156906/715787 | lr: 0.0002694 | consumed_samples: 160672768 | global_batch_size: 1024 | global_step: 156906 | reduced_train_loss: 2.233
Training epoch 1, iteration 156907/715787 | lr: 0.0002694 | consumed_samples: 160673792 | global_batch_size: 1024 | global_step: 156907 | reduced_train_loss: 2.226
Training epoch 1, iteration 156908/715787 | lr: 0.0002694 | consumed_samples: 160674816 | global_batch_size: 1024 | global_step: 156908 | reduced_train_loss: 2.234
Training epoch 1, iteration 156909/715787 | lr: 0.0002694 | consumed_samples: 160675840 | global_batch_size: 1024 | global_step: 156909 | reduced_train_loss: 2.25
Training epoch 1, iteration 156910/715787 | lr: 0.0002694 | consumed_samples: 160676864 | global_batch_size: 1024 | global_step: 156910 | reduced_train_loss: 2.24
Training epoch 1, iteration 156911/715787 | lr: 0.0002694 | consumed_samples: 160677888 | global_batch_size: 1024 | global_step: 156911 | reduced_train_loss: 2.25
Training epoch 1, iteration 156912/715787 | lr: 0.0002694 | consumed_samples: 160678912 | global_batch_size: 1024 | global_step: 156912 | reduced_train_loss: 2.239
Training epoch 1, iteration 156913/715787 | lr: 0.0002694 | consumed_samples: 160679936 | global_batch_size: 1024 | global_step: 156913 | reduced_train_loss: 2.247
Training epoch 1, iteration 156914/715787 | lr: 0.0002694 | consumed_samples: 160680960 | global_batch_size: 1024 | global_step: 156914 | reduced_train_loss: 2.25
Training epoch 1, iteration 156915/715787 | lr: 0.0002694 | consumed_samples: 160681984 | global_batch_size: 1024 | global_step: 156915 | reduced_train_loss: 2.217
Training epoch 1, iteration 156916/715787 | lr: 0.0002694 | consumed_samples: 160683008 | global_batch_size: 1024 | global_step: 156916 | reduced_train_loss: 2.233
Training epoch 1, iteration 156917/715787 | lr: 0.0002694 | consumed_samples: 160684032 | global_batch_size: 1024 | global_step: 156917 | reduced_train_loss: 2.24
Training epoch 1, iteration 156918/715787 | lr: 0.0002694 | consumed_samples: 160685056 | global_batch_size: 1024 | global_step: 156918 | reduced_train_loss: 2.218
Training epoch 1, iteration 156919/715787 | lr: 0.0002694 | consumed_samples: 160686080 | global_batch_size: 1024 | global_step: 156919 | reduced_train_loss: 2.243
Training epoch 1, iteration 156920/715787 | lr: 0.0002694 | consumed_samples: 160687104 | global_batch_size: 1024 | global_step: 156920 | reduced_train_loss: 2.227
Training epoch 1, iteration 156921/715787 | lr: 0.0002694 | consumed_samples: 160688128 | global_batch_size: 1024 | global_step: 156921 | reduced_train_loss: 2.238
Training epoch 1, iteration 156922/715787 | lr: 0.0002694 | consumed_samples: 160689152 | global_batch_size: 1024 | global_step: 156922 | reduced_train_loss: 2.241
Training epoch 1, iteration 156923/715787 | lr: 0.0002694 | consumed_samples: 160690176 | global_batch_size: 1024 | global_step: 156923 | reduced_train_loss: 2.237
Training epoch 1, iteration 156924/715787 | lr: 0.0002694 | consumed_samples: 160691200 | global_batch_size: 1024 | global_step: 156924 | reduced_train_loss: 2.239
Training epoch 1, iteration 156925/715787 | lr: 0.0002694 | consumed_samples: 160692224 | global_batch_size: 1024 | global_step: 156925 | reduced_train_loss: 2.245
Training epoch 1, iteration 156926/715787 | lr: 0.0002694 | consumed_samples: 160693248 | global_batch_size: 1024 | global_step: 156926 | reduced_train_loss: 2.244
Training epoch 1, iteration 156927/715787 | lr: 0.0002694 | consumed_samples: 160694272 | global_batch_size: 1024 | global_step: 156927 | reduced_train_loss: 2.241
Training epoch 1, iteration 156928/715787 | lr: 0.0002694 | consumed_samples: 160695296 | global_batch_size: 1024 | global_step: 156928 | reduced_train_loss: 2.241
Training epoch 1, iteration 156929/715787 | lr: 0.0002694 | consumed_samples: 160696320 | global_batch_size: 1024 | global_step: 156929 | reduced_train_loss: 2.246
Training epoch 1, iteration 156930/715787 | lr: 0.0002694 | consumed_samples: 160697344 | global_batch_size: 1024 | global_step: 156930 | reduced_train_loss: 2.232
Training epoch 1, iteration 156931/715787 | lr: 0.0002694 | consumed_samples: 160698368 | global_batch_size: 1024 | global_step: 156931 | reduced_train_loss: 2.229
Training epoch 1, iteration 156932/715787 | lr: 0.0002694 | consumed_samples: 160699392 | global_batch_size: 1024 | global_step: 156932 | reduced_train_loss: 2.223
Training epoch 1, iteration 156933/715787 | lr: 0.0002694 | consumed_samples: 160700416 | global_batch_size: 1024 | global_step: 156933 | reduced_train_loss: 2.218
Training epoch 1, iteration 156934/715787 | lr: 0.0002694 | consumed_samples: 160701440 | global_batch_size: 1024 | global_step: 156934 | reduced_train_loss: 2.257
Training epoch 1, iteration 156935/715787 | lr: 0.0002694 | consumed_samples: 160702464 | global_batch_size: 1024 | global_step: 156935 | reduced_train_loss: 2.232
Training epoch 1, iteration 156936/715787 | lr: 0.0002694 | consumed_samples: 160703488 | global_batch_size: 1024 | global_step: 156936 | reduced_train_loss: 2.245
Training epoch 1, iteration 156937/715787 | lr: 0.0002694 | consumed_samples: 160704512 | global_batch_size: 1024 | global_step: 156937 | reduced_train_loss: 2.243
Training epoch 1, iteration 156938/715787 | lr: 0.0002694 | consumed_samples: 160705536 | global_batch_size: 1024 | global_step: 156938 | reduced_train_loss: 2.23
Training epoch 1, iteration 156939/715787 | lr: 0.0002694 | consumed_samples: 160706560 | global_batch_size: 1024 | global_step: 156939 | reduced_train_loss: 2.236
Training epoch 1, iteration 156940/715787 | lr: 0.0002694 | consumed_samples: 160707584 | global_batch_size: 1024 | global_step: 156940 | reduced_train_loss: 2.243
Training epoch 1, iteration 156941/715787 | lr: 0.0002694 | consumed_samples: 160708608 | global_batch_size: 1024 | global_step: 156941 | reduced_train_loss: 2.225
Training epoch 1, iteration 156942/715787 | lr: 0.0002694 | consumed_samples: 160709632 | global_batch_size: 1024 | global_step: 156942 | reduced_train_loss: 2.26
Training epoch 1, iteration 156943/715787 | lr: 0.0002694 | consumed_samples: 160710656 | global_batch_size: 1024 | global_step: 156943 | reduced_train_loss: 2.237
Training epoch 1, iteration 156944/715787 | lr: 0.0002694 | consumed_samples: 160711680 | global_batch_size: 1024 | global_step: 156944 | reduced_train_loss: 2.244
Training epoch 1, iteration 156945/715787 | lr: 0.0002694 | consumed_samples: 160712704 | global_batch_size: 1024 | global_step: 156945 | reduced_train_loss: 2.231
Training epoch 1, iteration 156946/715787 | lr: 0.0002694 | consumed_samples: 160713728 | global_batch_size: 1024 | global_step: 156946 | reduced_train_loss: 2.236
Training epoch 1, iteration 156947/715787 | lr: 0.0002694 | consumed_samples: 160714752 | global_batch_size: 1024 | global_step: 156947 | reduced_train_loss: 2.247
Training epoch 1, iteration 156948/715787 | lr: 0.0002694 | consumed_samples: 160715776 | global_batch_size: 1024 | global_step: 156948 | reduced_train_loss: 2.229
Training epoch 1, iteration 156949/715787 | lr: 0.0002694 | consumed_samples: 160716800 | global_batch_size: 1024 | global_step: 156949 | reduced_train_loss: 2.247
Training epoch 1, iteration 156950/715787 | lr: 0.0002694 | consumed_samples: 160717824 | global_batch_size: 1024 | global_step: 156950 | reduced_train_loss: 2.237
Training epoch 1, iteration 156951/715787 | lr: 0.0002694 | consumed_samples: 160718848 | global_batch_size: 1024 | global_step: 156951 | reduced_train_loss: 2.231
Training epoch 1, iteration 156952/715787 | lr: 0.0002694 | consumed_samples: 160719872 | global_batch_size: 1024 | global_step: 156952 | reduced_train_loss: 2.241
Training epoch 1, iteration 156953/715787 | lr: 0.0002694 | consumed_samples: 160720896 | global_batch_size: 1024 | global_step: 156953 | reduced_train_loss: 2.216
Training epoch 1, iteration 156954/715787 | lr: 0.0002694 | consumed_samples: 160721920 | global_batch_size: 1024 | global_step: 156954 | reduced_train_loss: 2.226
Training epoch 1, iteration 156955/715787 | lr: 0.0002694 | consumed_samples: 160722944 | global_batch_size: 1024 | global_step: 156955 | reduced_train_loss: 2.245
Training epoch 1, iteration 156956/715787 | lr: 0.0002694 | consumed_samples: 160723968 | global_batch_size: 1024 | global_step: 156956 | reduced_train_loss: 2.243
Training epoch 1, iteration 156957/715787 | lr: 0.0002694 | consumed_samples: 160724992 | global_batch_size: 1024 | global_step: 156957 | reduced_train_loss: 2.225
Training epoch 1, iteration 156958/715787 | lr: 0.0002694 | consumed_samples: 160726016 | global_batch_size: 1024 | global_step: 156958 | reduced_train_loss: 2.223
Training epoch 1, iteration 156959/715787 | lr: 0.0002694 | consumed_samples: 160727040 | global_batch_size: 1024 | global_step: 156959 | reduced_train_loss: 2.274
Training epoch 1, iteration 156960/715787 | lr: 0.0002694 | consumed_samples: 160728064 | global_batch_size: 1024 | global_step: 156960 | reduced_train_loss: 2.235
Training epoch 1, iteration 156961/715787 | lr: 0.0002694 | consumed_samples: 160729088 | global_batch_size: 1024 | global_step: 156961 | reduced_train_loss: 2.236
Training epoch 1, iteration 156962/715787 | lr: 0.0002694 | consumed_samples: 160730112 | global_batch_size: 1024 | global_step: 156962 | reduced_train_loss: 2.261
Training epoch 1, iteration 156963/715787 | lr: 0.0002694 | consumed_samples: 160731136 | global_batch_size: 1024 | global_step: 156963 | reduced_train_loss: 2.241
Training epoch 1, iteration 156964/715787 | lr: 0.0002694 | consumed_samples: 160732160 | global_batch_size: 1024 | global_step: 156964 | reduced_train_loss: 2.236
Training epoch 1, iteration 156965/715787 | lr: 0.0002694 | consumed_samples: 160733184 | global_batch_size: 1024 | global_step: 156965 | reduced_train_loss: 2.235
Training epoch 1, iteration 156966/715787 | lr: 0.0002694 | consumed_samples: 160734208 | global_batch_size: 1024 | global_step: 156966 | reduced_train_loss: 2.239
Training epoch 1, iteration 156967/715787 | lr: 0.0002694 | consumed_samples: 160735232 | global_batch_size: 1024 | global_step: 156967 | reduced_train_loss: 2.241
Training epoch 1, iteration 156968/715787 | lr: 0.0002694 | consumed_samples: 160736256 | global_batch_size: 1024 | global_step: 156968 | reduced_train_loss: 2.235
Training epoch 1, iteration 156969/715787 | lr: 0.0002694 | consumed_samples: 160737280 | global_batch_size: 1024 | global_step: 156969 | reduced_train_loss: 2.253
Training epoch 1, iteration 156970/715787 | lr: 0.0002694 | consumed_samples: 160738304 | global_batch_size: 1024 | global_step: 156970 | reduced_train_loss: 2.237
Training epoch 1, iteration 156971/715787 | lr: 0.0002694 | consumed_samples: 160739328 | global_batch_size: 1024 | global_step: 156971 | reduced_train_loss: 2.238
Training epoch 1, iteration 156972/715787 | lr: 0.0002694 | consumed_samples: 160740352 | global_batch_size: 1024 | global_step: 156972 | reduced_train_loss: 2.253
Training epoch 1, iteration 156973/715787 | lr: 0.0002694 | consumed_samples: 160741376 | global_batch_size: 1024 | global_step: 156973 | reduced_train_loss: 2.234
Training epoch 1, iteration 156974/715787 | lr: 0.0002694 | consumed_samples: 160742400 | global_batch_size: 1024 | global_step: 156974 | reduced_train_loss: 2.235
Training epoch 1, iteration 156975/715787 | lr: 0.0002694 | consumed_samples: 160743424 | global_batch_size: 1024 | global_step: 156975 | reduced_train_loss: 2.243
Training epoch 1, iteration 156976/715787 | lr: 0.0002694 | consumed_samples: 160744448 | global_batch_size: 1024 | global_step: 156976 | reduced_train_loss: 2.246
Training epoch 1, iteration 156977/715787 | lr: 0.0002694 | consumed_samples: 160745472 | global_batch_size: 1024 | global_step: 156977 | reduced_train_loss: 2.249
Training epoch 1, iteration 156978/715787 | lr: 0.0002694 | consumed_samples: 160746496 | global_batch_size: 1024 | global_step: 156978 | reduced_train_loss: 2.228
Training epoch 1, iteration 156979/715787 | lr: 0.0002694 | consumed_samples: 160747520 | global_batch_size: 1024 | global_step: 156979 | reduced_train_loss: 2.23
Training epoch 1, iteration 156980/715787 | lr: 0.0002694 | consumed_samples: 160748544 | global_batch_size: 1024 | global_step: 156980 | reduced_train_loss: 2.239
Training epoch 1, iteration 156981/715787 | lr: 0.0002694 | consumed_samples: 160749568 | global_batch_size: 1024 | global_step: 156981 | reduced_train_loss: 2.256
Training epoch 1, iteration 156982/715787 | lr: 0.0002694 | consumed_samples: 160750592 | global_batch_size: 1024 | global_step: 156982 | reduced_train_loss: 2.241
Training epoch 1, iteration 156983/715787 | lr: 0.0002694 | consumed_samples: 160751616 | global_batch_size: 1024 | global_step: 156983 | reduced_train_loss: 2.235
Training epoch 1, iteration 156984/715787 | lr: 0.0002694 | consumed_samples: 160752640 | global_batch_size: 1024 | global_step: 156984 | reduced_train_loss: 2.243
Training epoch 1, iteration 156985/715787 | lr: 0.0002694 | consumed_samples: 160753664 | global_batch_size: 1024 | global_step: 156985 | reduced_train_loss: 2.218
Training epoch 1, iteration 156986/715787 | lr: 0.0002694 | consumed_samples: 160754688 | global_batch_size: 1024 | global_step: 156986 | reduced_train_loss: 2.225
Training epoch 1, iteration 156987/715787 | lr: 0.0002693 | consumed_samples: 160755712 | global_batch_size: 1024 | global_step: 156987 | reduced_train_loss: 2.219
Training epoch 1, iteration 156988/715787 | lr: 0.0002693 | consumed_samples: 160756736 | global_batch_size: 1024 | global_step: 156988 | reduced_train_loss: 2.263
Training epoch 1, iteration 156989/715787 | lr: 0.0002693 | consumed_samples: 160757760 | global_batch_size: 1024 | global_step: 156989 | reduced_train_loss: 2.219
Training epoch 1, iteration 156990/715787 | lr: 0.0002693 | consumed_samples: 160758784 | global_batch_size: 1024 | global_step: 156990 | reduced_train_loss: 2.264
Training epoch 1, iteration 156991/715787 | lr: 0.0002693 | consumed_samples: 160759808 | global_batch_size: 1024 | global_step: 156991 | reduced_train_loss: 2.228
Training epoch 1, iteration 156992/715787 | lr: 0.0002693 | consumed_samples: 160760832 | global_batch_size: 1024 | global_step: 156992 | reduced_train_loss: 2.238
Training epoch 1, iteration 156993/715787 | lr: 0.0002693 | consumed_samples: 160761856 | global_batch_size: 1024 | global_step: 156993 | reduced_train_loss: 2.234
Training epoch 1, iteration 156994/715787 | lr: 0.0002693 | consumed_samples: 160762880 | global_batch_size: 1024 | global_step: 156994 | reduced_train_loss: 2.231
Training epoch 1, iteration 156995/715787 | lr: 0.0002693 | consumed_samples: 160763904 | global_batch_size: 1024 | global_step: 156995 | reduced_train_loss: 2.243
Training epoch 1, iteration 156996/715787 | lr: 0.0002693 | consumed_samples: 160764928 | global_batch_size: 1024 | global_step: 156996 | reduced_train_loss: 2.235
Training epoch 1, iteration 156997/715787 | lr: 0.0002693 | consumed_samples: 160765952 | global_batch_size: 1024 | global_step: 156997 | reduced_train_loss: 2.253
Training epoch 1, iteration 156998/715787 | lr: 0.0002693 | consumed_samples: 160766976 | global_batch_size: 1024 | global_step: 156998 | reduced_train_loss: 2.25
[NeMo I 2026-04-10 14:02:54 nemo_logging:393] Running garbage collection at train global_step: 157000
[NeMo I 2026-04-10 14:02:55 nemo_logging:393] Step 157000 - SSA n values:
[NeMo I 2026-04-10 14:02:55 nemo_logging:393]   Layer 0: n = 3.531250
[NeMo I 2026-04-10 14:02:55 nemo_logging:393]   Layer 1: n = 1.054688
[NeMo I 2026-04-10 14:02:55 nemo_logging:393]   Layer 2: n = 2.468750
[NeMo I 2026-04-10 14:02:55 nemo_logging:393]   Layer 3: n = 2.750000
[NeMo I 2026-04-10 14:02:55 nemo_logging:393]   Layer 4: n = 3.156250
[NeMo I 2026-04-10 14:02:55 nemo_logging:393]   Layer 5: n = 3.125000
[NeMo I 2026-04-10 14:02:55 nemo_logging:393]   Layer 6: n = 3.687500
[NeMo I 2026-04-10 14:02:55 nemo_logging:393]   Layer 7: n = 3.906250
[NeMo I 2026-04-10 14:02:55 nemo_logging:393]   Layer 8: n = 3.843750
[NeMo I 2026-04-10 14:02:55 nemo_logging:393]   Layer 9: n = 3.437500
[NeMo I 2026-04-10 14:02:55 nemo_logging:393]   Layer 10: n = 3.671875
[NeMo I 2026-04-10 14:02:55 nemo_logging:393]   Layer 11: n = 3.812500
[NeMo I 2026-04-10 14:02:55 nemo_logging:393]   Layer 12: n = 3.312500
[NeMo I 2026-04-10 14:02:55 nemo_logging:393]   Layer 13: n = 3.531250
[NeMo I 2026-04-10 14:02:55 nemo_logging:393]   Layer 14: n = 3.562500
[NeMo I 2026-04-10 14:02:55 nemo_logging:393]   Layer 15: n = 3.734375
[NeMo I 2026-04-10 14:02:55 nemo_logging:393]   Layer 16: n = 2.796875
[NeMo I 2026-04-10 14:02:55 nemo_logging:393]   Layer 17: n = 4.062500
[NeMo I 2026-04-10 14:02:55 nemo_logging:393]   Layer 18: n = 3.406250
[NeMo I 2026-04-10 14:02:55 nemo_logging:393]   Layer 19: n = 3.359375
[NeMo I 2026-04-10 14:02:55 nemo_logging:393]   Layer 20: n = 2.484375
[NeMo I 2026-04-10 14:02:55 nemo_logging:393]   Layer 21: n = 3.171875
[NeMo I 2026-04-10 14:02:55 nemo_logging:393]   Layer 22: n = 3.250000
[NeMo I 2026-04-10 14:02:55 nemo_logging:393]   Layer 23: n = -1160.000000
INFO: Epoch 1, global step 156999: 'step' reached 156999.00000 (best 156999.00000), saving model to '/tmpdir/barman/bs1024_fullrun/outputs/nemotron-1B-SSA-Triton-bs1024/checkpoints/nemotron-1B-SSA-Triton-bs1024-step=0156999.ckpt' as top 314
INFO:lightning.pytorch.utilities.rank_zero:Epoch 1, global step 156999: 'step' reached 156999.00000 (best 156999.00000), saving model to '/tmpdir/barman/bs1024_fullrun/outputs/nemotron-1B-SSA-Triton-bs1024/checkpoints/nemotron-1B-SSA-Triton-bs1024-step=0156999.ckpt' as top 314
[NeMo W 2026-04-10 14:02:55 validation:389] There is difference in the common state dict in different ranks. The differences are {1: ([], [], [(('optimizer', 0, 'optimizer', 'param_groups', 1, 'step'), <class 'int'>, <class 'int'>)]), 2: ([], [], [(('optimizer', 0, 'optimizer', 'param_groups', 1, 'step'), <class 'int'>, <class 'int'>)]), 3: ([], [], [(('optimizer', 0, 'optimizer', 'param_groups', 1, 'step'), <class 'int'>, <class 'int'>)]), 4: ([], [], [(('optimizer', 0, 'optimizer', 'param_groups', 1, 'step'), <class 'int'>, <class 'int'>)]), 5: ([], [], [(('optimizer', 0, 'optimizer', 'param_groups', 1, 'step'), <class 'int'>, <class 'int'>)]), 6: ([], [], [(('optimizer', 0, 'optimizer', 'param_groups', 1, 'step'), <class 'int'>, <class 'int'>)]), 7: ([], [], [(('optimizer', 0, 'optimizer', 'param_groups', 1, 'step'), <class 'int'>, <class 'int'>)]), 8: ([], [], [(('optimizer', 0, 'optimizer', 'param_groups', 1, 'step'), <class 'int'>, <class 'int'>)]), 9: ([], [], [(('optimizer', 0, 'optimizer', 'param_groups', 1, 'step'), <class 'int'>, <class 'int'>)]), 10: ([], [], [(('optimizer', 0, 'optimizer', 'param_groups', 1, 'step'), <class 'int'>, <class 'int'>)]), 11: ([], [], [(('optimizer', 0, 'optimizer', 'param_groups', 1, 'step'), <class 'int'>, <class 'int'>)]), 13: ([], [], [(('optimizer', 0, 'optimizer', 'param_groups', 1, 'step'), <class 'int'>, <class 'int'>)]), 14: ([], [], [(('optimizer', 0, 'optimizer', 'param_groups', 1, 'step'), <class 'int'>, <class 'int'>)]), 15: ([], [], [(('optimizer', 0, 'optimizer', 'param_groups', 1, 'step'), <class 'int'>, <class 'int'>)])}
Training epoch 1, iteration 156999/715787 | lr: 0.0002693 | consumed_samples: 160768000 | global_batch_size: 1024 | global_step: 156999 | reduced_train_loss: 2.207
[NeMo I 2026-04-10 14:02:56 nemo_logging:393] Global Checkpoint Save : Rank: 0 : Iteration: 156954 : Start time: 1775822575.550s : Save duration: 0.568s
[NeMo I 2026-04-10 14:03:03 nemo_logging:393] Scheduled async checkpoint save for /tmpdir/barman/bs1024_fullrun/outputs/nemotron-1B-SSA-Triton-bs1024/checkpoints/nemotron-1B-SSA-Triton-bs1024-step=0156999.ckpt
[NeMo W 2026-04-10 14:03:04 validation:389] There is difference in the common state dict in different ranks. The differences are {1: ([], [], [(('optimizer', 0, 'optimizer', 'param_groups', 1, 'step'), <class 'int'>, <class 'int'>)]), 2: ([], [], [(('optimizer', 0, 'optimizer', 'param_groups', 1, 'step'), <class 'int'>, <class 'int'>)]), 3: ([], [], [(('optimizer', 0, 'optimizer', 'param_groups', 1, 'step'), <class 'int'>, <class 'int'>)]), 4: ([], [], [(('optimizer', 0, 'optimizer', 'param_groups', 1, 'step'), <class 'int'>, <class 'int'>)]), 5: ([], [], [(('optimizer', 0, 'optimizer', 'param_groups', 1, 'step'), <class 'int'>, <class 'int'>)]), 6: ([], [], [(('optimizer', 0, 'optimizer', 'param_groups', 1, 'step'), <class 'int'>, <class 'int'>)]), 7: ([], [], [(('optimizer', 0, 'optimizer', 'param_groups', 1, 'step'), <class 'int'>, <class 'int'>)]), 8: ([], [], [(('optimizer', 0, 'optimizer', 'param_groups', 1, 'step'), <class 'int'>, <class 'int'>)]), 9: ([], [], [(('optimizer', 0, 'optimizer', 'param_groups', 1, 'step'), <class 'int'>, <class 'int'>)]), 10: ([], [], [(('optimizer', 0, 'optimizer', 'param_groups', 1, 'step'), <class 'int'>, <class 'int'>)]), 11: ([], [], [(('optimizer', 0, 'optimizer', 'param_groups', 1, 'step'), <class 'int'>, <class 'int'>)]), 13: ([], [], [(('optimizer', 0, 'optimizer', 'param_groups', 1, 'step'), <class 'int'>, <class 'int'>)]), 14: ([], [], [(('optimizer', 0, 'optimizer', 'param_groups', 1, 'step'), <class 'int'>, <class 'int'>)]), 15: ([], [], [(('optimizer', 0, 'optimizer', 'param_groups', 1, 'step'), <class 'int'>, <class 'int'>)])}
[NeMo I 2026-04-10 14:03:04 nemo_logging:393] Global Checkpoint Save : Rank: 0 : Iteration: 156954 : Start time: 1775822584.066s : Save duration: 0.570s
[NeMo I 2026-04-10 14:03:04 nemo_logging:393] Scheduled async checkpoint save for /tmpdir/barman/bs1024_fullrun/outputs/nemotron-1B-SSA-Triton-bs1024/checkpoints/nemotron-1B-SSA-Triton-bs1024-step=0156999-last.ckpt
[NeMo I 2026-04-10 14:03:04 nemo_logging:393] Successfully saved checkpoint from iteration  156954 to /tmpdir/barman/bs1024_fullrun/outputs/nemotron-1B-SSA-Triton-bs1024/checkpoints/nemotron-1B-SSA-Triton-bs1024-step=0156999.ckpt
[NeMo I 2026-04-10 14:03:04 nemo_logging:393] Async checkpoint save for step 157000 (/tmpdir/barman/bs1024_fullrun/outputs/nemotron-1B-SSA-Triton-bs1024/checkpoints/nemotron-1B-SSA-Triton-bs1024-step=0156999.ckpt) finalized successfully.
[NeMo I 2026-04-10 14:03:04 nemo_logging:393] Async finalization time took 0.061 s
Training epoch 1, iteration 157000/715787 | lr: 0.0002693 | consumed_samples: 160769024 | global_batch_size: 1024 | global_step: 157000 | reduced_train_loss: 2.228
[NeMo I 2026-04-10 14:03:20 nemo_logging:393] Successfully saved checkpoint from iteration  156954 to /tmpdir/barman/bs1024_fullrun/outputs/nemotron-1B-SSA-Triton-bs1024/checkpoints/nemotron-1B-SSA-Triton-bs1024-step=0156999-last.ckpt
[NeMo I 2026-04-10 14:03:20 nemo_logging:393] Async checkpoint save for step 157000 (/tmpdir/barman/bs1024_fullrun/outputs/nemotron-1B-SSA-Triton-bs1024/checkpoints/nemotron-1B-SSA-Triton-bs1024-step=0156999-last.ckpt) finalized successfully.
[NeMo I 2026-04-10 14:03:20 nemo_logging:393] Async finalization time took 0.087 s
Training epoch 1, iteration 157001/715787 | lr: 0.0002693 | consumed_samples: 160770048 | global_batch_size: 1024 | global_step: 157001 | reduced_train_loss: 2.249
Training epoch 1, iteration 157002/715787 | lr: 0.0002693 | consumed_samples: 160771072 | global_batch_size: 1024 | global_step: 157002 | reduced_train_loss: 2.237
Training epoch 1, iteration 157003/715787 | lr: 0.0002693 | consumed_samples: 160772096 | global_batch_size: 1024 | global_step: 157003 | reduced_train_loss: 2.238
Training epoch 1, iteration 157004/715787 | lr: 0.0002693 | consumed_samples: 160773120 | global_batch_size: 1024 | global_step: 157004 | reduced_train_loss: 2.237
Training epoch 1, iteration 157005/715787 | lr: 0.0002693 | consumed_samples: 160774144 | global_batch_size: 1024 | global_step: 157005 | reduced_train_loss: 2.25
Training epoch 1, iteration 157006/715787 | lr: 0.0002693 | consumed_samples: 160775168 | global_batch_size: 1024 | global_step: 157006 | reduced_train_loss: 2.249
Training epoch 1, iteration 157007/715787 | lr: 0.0002693 | consumed_samples: 160776192 | global_batch_size: 1024 | global_step: 157007 | reduced_train_loss: 2.226
Training epoch 1, iteration 157008/715787 | lr: 0.0002693 | consumed_samples: 160777216 | global_batch_size: 1024 | global_step: 157008 | reduced_train_loss: 2.232
Training epoch 1, iteration 157009/715787 | lr: 0.0002693 | consumed_samples: 160778240 | global_batch_size: 1024 | global_step: 157009 | reduced_train_loss: 2.211
Training epoch 1, iteration 157010/715787 | lr: 0.0002693 | consumed_samples: 160779264 | global_batch_size: 1024 | global_step: 157010 | reduced_train_loss: 2.223
Training epoch 1, iteration 157011/715787 | lr: 0.0002693 | consumed_samples: 160780288 | global_batch_size: 1024 | global_step: 157011 | reduced_train_loss: 2.221
Training epoch 1, iteration 157012/715787 | lr: 0.0002693 | consumed_samples: 160781312 | global_batch_size: 1024 | global_step: 157012 | reduced_train_loss: 2.233
Training epoch 1, iteration 157013/715787 | lr: 0.0002693 | consumed_samples: 160782336 | global_batch_size: 1024 | global_step: 157013 | reduced_train_loss: 2.238
Training epoch 1, iteration 157014/715787 | lr: 0.0002693 | consumed_samples: 160783360 | global_batch_size: 1024 | global_step: 157014 | reduced_train_loss: 2.242
Training epoch 1, iteration 157015/715787 | lr: 0.0002693 | consumed_samples: 160784384 | global_batch_size: 1024 | global_step: 157015 | reduced_train_loss: 2.24
Training epoch 1, iteration 157016/715787 | lr: 0.0002693 | consumed_samples: 160785408 | global_batch_size: 1024 | global_step: 157016 | reduced_train_loss: 2.243
Training epoch 1, iteration 157017/715787 | lr: 0.0002693 | consumed_samples: 160786432 | global_batch_size: 1024 | global_step: 157017 | reduced_train_loss: 2.24
Training epoch 1, iteration 157018/715787 | lr: 0.0002693 | consumed_samples: 160787456 | global_batch_size: 1024 | global_step: 157018 | reduced_train_loss: 2.21
Training epoch 1, iteration 157019/715787 | lr: 0.0002693 | consumed_samples: 160788480 | global_batch_size: 1024 | global_step: 157019 | reduced_train_loss: 2.248
Training epoch 1, iteration 157020/715787 | lr: 0.0002693 | consumed_samples: 160789504 | global_batch_size: 1024 | global_step: 157020 | reduced_train_loss: 2.227
Training epoch 1, iteration 157021/715787 | lr: 0.0002693 | consumed_samples: 160790528 | global_batch_size: 1024 | global_step: 157021 | reduced_train_loss: 2.237
Training epoch 1, iteration 157022/715787 | lr: 0.0002693 | consumed_samples: 160791552 | global_batch_size: 1024 | global_step: 157022 | reduced_train_loss: 2.232
Training epoch 1, iteration 157023/715787 | lr: 0.0002693 | consumed_samples: 160792576 | global_batch_size: 1024 | global_step: 157023 | reduced_train_loss: 2.24
Training epoch 1, iteration 157024/715787 | lr: 0.0002693 | consumed_samples: 160793600 | global_batch_size: 1024 | global_step: 157024 | reduced_train_loss: 2.232
Training epoch 1, iteration 157025/715787 | lr: 0.0002693 | consumed_samples: 160794624 | global_batch_size: 1024 | global_step: 157025 | reduced_train_loss: 2.236
Training epoch 1, iteration 157026/715787 | lr: 0.0002693 | consumed_samples: 160795648 | global_batch_size: 1024 | global_step: 157026 | reduced_train_loss: 2.258
Training epoch 1, iteration 157027/715787 | lr: 0.0002693 | consumed_samples: 160796672 | global_batch_size: 1024 | global_step: 157027 | reduced_train_loss: 2.241
Training epoch 1, iteration 157028/715787 | lr: 0.0002693 | consumed_samples: 160797696 | global_batch_size: 1024 | global_step: 157028 | reduced_train_loss: 2.227
Training epoch 1, iteration 157029/715787 | lr: 0.0002693 | consumed_samples: 160798720 | global_batch_size: 1024 | global_step: 157029 | reduced_train_loss: 2.269
Training epoch 1, iteration 157030/715787 | lr: 0.0002693 | consumed_samples: 160799744 | global_batch_size: 1024 | global_step: 157030 | reduced_train_loss: 2.227
Training epoch 1, iteration 157031/715787 | lr: 0.0002693 | consumed_samples: 160800768 | global_batch_size: 1024 | global_step: 157031 | reduced_train_loss: 2.242
Training epoch 1, iteration 157032/715787 | lr: 0.0002693 | consumed_samples: 160801792 | global_batch_size: 1024 | global_step: 157032 | reduced_train_loss: 2.248
Training epoch 1, iteration 157033/715787 | lr: 0.0002693 | consumed_samples: 160802816 | global_batch_size: 1024 | global_step: 157033 | reduced_train_loss: 2.236
Training epoch 1, iteration 157034/715787 | lr: 0.0002693 | consumed_samples: 160803840 | global_batch_size: 1024 | global_step: 157034 | reduced_train_loss: 2.238
Training epoch 1, iteration 157035/715787 | lr: 0.0002693 | consumed_samples: 160804864 | global_batch_size: 1024 | global_step: 157035 | reduced_train_loss: 2.25
Training epoch 1, iteration 157036/715787 | lr: 0.0002693 | consumed_samples: 160805888 | global_batch_size: 1024 | global_step: 157036 | reduced_train_loss: 2.264
Training epoch 1, iteration 157037/715787 | lr: 0.0002693 | consumed_samples: 160806912 | global_batch_size: 1024 | global_step: 157037 | reduced_train_loss: 2.241
Training epoch 1, iteration 157038/715787 | lr: 0.0002693 | consumed_samples: 160807936 | global_batch_size: 1024 | global_step: 157038 | reduced_train_loss: 2.253
Training epoch 1, iteration 157039/715787 | lr: 0.0002693 | consumed_samples: 160808960 | global_batch_size: 1024 | global_step: 157039 | reduced_train_loss: 2.207
Training epoch 1, iteration 157040/715787 | lr: 0.0002693 | consumed_samples: 160809984 | global_batch_size: 1024 | global_step: 157040 | reduced_train_loss: 2.24
Training epoch 1, iteration 157041/715787 | lr: 0.0002693 | consumed_samples: 160811008 | global_batch_size: 1024 | global_step: 157041 | reduced_train_loss: 2.258
Training epoch 1, iteration 157042/715787 | lr: 0.0002693 | consumed_samples: 160812032 | global_batch_size: 1024 | global_step: 157042 | reduced_train_loss: 2.223
Training epoch 1, iteration 157043/715787 | lr: 0.0002693 | consumed_samples: 160813056 | global_batch_size: 1024 | global_step: 157043 | reduced_train_loss: 2.245
Training epoch 1, iteration 157044/715787 | lr: 0.0002693 | consumed_samples: 160814080 | global_batch_size: 1024 | global_step: 157044 | reduced_train_loss: 2.222
Training epoch 1, iteration 157045/715787 | lr: 0.0002693 | consumed_samples: 160815104 | global_batch_size: 1024 | global_step: 157045 | reduced_train_loss: 2.23
Training epoch 1, iteration 157046/715787 | lr: 0.0002693 | consumed_samples: 160816128 | global_batch_size: 1024 | global_step: 157046 | reduced_train_loss: 2.237
Training epoch 1, iteration 157047/715787 | lr: 0.0002693 | consumed_samples: 160817152 | global_batch_size: 1024 | global_step: 157047 | reduced_train_loss: 2.243
Training epoch 1, iteration 157048/715787 | lr: 0.0002693 | consumed_samples: 160818176 | global_batch_size: 1024 | global_step: 157048 | reduced_train_loss: 2.225
Training epoch 1, iteration 157049/715787 | lr: 0.0002693 | consumed_samples: 160819200 | global_batch_size: 1024 | global_step: 157049 | reduced_train_loss: 2.248
Training epoch 1, iteration 157050/715787 | lr: 0.0002693 | consumed_samples: 160820224 | global_batch_size: 1024 | global_step: 157050 | reduced_train_loss: 2.239
Training epoch 1, iteration 157051/715787 | lr: 0.0002693 | consumed_samples: 160821248 | global_batch_size: 1024 | global_step: 157051 | reduced_train_loss: 2.238
Training epoch 1, iteration 157052/715787 | lr: 0.0002693 | consumed_samples: 160822272 | global_batch_size: 1024 | global_step: 157052 | reduced_train_loss: 2.232
Training epoch 1, iteration 157053/715787 | lr: 0.0002693 | consumed_samples: 160823296 | global_batch_size: 1024 | global_step: 157053 | reduced_train_loss: 2.245
Training epoch 1, iteration 157054/715787 | lr: 0.0002693 | consumed_samples: 160824320 | global_batch_size: 1024 | global_step: 157054 | reduced_train_loss: 2.252
Training epoch 1, iteration 157055/715787 | lr: 0.0002693 | consumed_samples: 160825344 | global_batch_size: 1024 | global_step: 157055 | reduced_train_loss: 2.232
Training epoch 1, iteration 157056/715787 | lr: 0.0002693 | consumed_samples: 160826368 | global_batch_size: 1024 | global_step: 157056 | reduced_train_loss: 2.244
Training epoch 1, iteration 157057/715787 | lr: 0.0002693 | consumed_samples: 160827392 | global_batch_size: 1024 | global_step: 157057 | reduced_train_loss: 2.244
Training epoch 1, iteration 157058/715787 | lr: 0.0002693 | consumed_samples: 160828416 | global_batch_size: 1024 | global_step: 157058 | reduced_train_loss: 2.238
Training epoch 1, iteration 157059/715787 | lr: 0.0002693 | consumed_samples: 160829440 | global_batch_size: 1024 | global_step: 157059 | reduced_train_loss: 2.227
Training epoch 1, iteration 157060/715787 | lr: 0.0002693 | consumed_samples: 160830464 | global_batch_size: 1024 | global_step: 157060 | reduced_train_loss: 2.228
Training epoch 1, iteration 157061/715787 | lr: 0.0002693 | consumed_samples: 160831488 | global_batch_size: 1024 | global_step: 157061 | reduced_train_loss: 2.244
Training epoch 1, iteration 157062/715787 | lr: 0.0002693 | consumed_samples: 160832512 | global_batch_size: 1024 | global_step: 157062 | reduced_train_loss: 2.24
Training epoch 1, iteration 157063/715787 | lr: 0.0002693 | consumed_samples: 160833536 | global_batch_size: 1024 | global_step: 157063 | reduced_train_loss: 2.225
Training epoch 1, iteration 157064/715787 | lr: 0.0002693 | consumed_samples: 160834560 | global_batch_size: 1024 | global_step: 157064 | reduced_train_loss: 2.238
Training epoch 1, iteration 157065/715787 | lr: 0.0002693 | consumed_samples: 160835584 | global_batch_size: 1024 | global_step: 157065 | reduced_train_loss: 2.237
Training epoch 1, iteration 157066/715787 | lr: 0.0002693 | consumed_samples: 160836608 | global_batch_size: 1024 | global_step: 157066 | reduced_train_loss: 2.26
Training epoch 1, iteration 157067/715787 | lr: 0.0002693 | consumed_samples: 160837632 | global_batch_size: 1024 | global_step: 157067 | reduced_train_loss: 2.231
Training epoch 1, iteration 157068/715787 | lr: 0.0002693 | consumed_samples: 160838656 | global_batch_size: 1024 | global_step: 157068 | reduced_train_loss: 2.238
Training epoch 1, iteration 157069/715787 | lr: 0.0002693 | consumed_samples: 160839680 | global_batch_size: 1024 | global_step: 157069 | reduced_train_loss: 2.222
Training epoch 1, iteration 157070/715787 | lr: 0.0002693 | consumed_samples: 160840704 | global_batch_size: 1024 | global_step: 157070 | reduced_train_loss: 2.228
Training epoch 1, iteration 157071/715787 | lr: 0.0002693 | consumed_samples: 160841728 | global_batch_size: 1024 | global_step: 157071 | reduced_train_loss: 2.237
Training epoch 1, iteration 157072/715787 | lr: 0.0002693 | consumed_samples: 160842752 | global_batch_size: 1024 | global_step: 157072 | reduced_train_loss: 2.235
Training epoch 1, iteration 157073/715787 | lr: 0.0002693 | consumed_samples: 160843776 | global_batch_size: 1024 | global_step: 157073 | reduced_train_loss: 2.246
Training epoch 1, iteration 157074/715787 | lr: 0.0002693 | consumed_samples: 160844800 | global_batch_size: 1024 | global_step: 157074 | reduced_train_loss: 2.223
Training epoch 1, iteration 157075/715787 | lr: 0.0002693 | consumed_samples: 160845824 | global_batch_size: 1024 | global_step: 157075 | reduced_train_loss: 2.234
Training epoch 1, iteration 157076/715787 | lr: 0.0002693 | consumed_samples: 160846848 | global_batch_size: 1024 | global_step: 157076 | reduced_train_loss: 2.241
Training epoch 1, iteration 157077/715787 | lr: 0.0002693 | consumed_samples: 160847872 | global_batch_size: 1024 | global_step: 157077 | reduced_train_loss: 2.24
Training epoch 1, iteration 157078/715787 | lr: 0.0002693 | consumed_samples: 160848896 | global_batch_size: 1024 | global_step: 157078 | reduced_train_loss: 2.218
Training epoch 1, iteration 157079/715787 | lr: 0.0002693 | consumed_samples: 160849920 | global_batch_size: 1024 | global_step: 157079 | reduced_train_loss: 2.243
Training epoch 1, iteration 157080/715787 | lr: 0.0002693 | consumed_samples: 160850944 | global_batch_size: 1024 | global_step: 157080 | reduced_train_loss: 2.234
Training epoch 1, iteration 157081/715787 | lr: 0.0002693 | consumed_samples: 160851968 | global_batch_size: 1024 | global_step: 157081 | reduced_train_loss: 2.238
Training epoch 1, iteration 157082/715787 | lr: 0.0002693 | consumed_samples: 160852992 | global_batch_size: 1024 | global_step: 157082 | reduced_train_loss: 2.245
Training epoch 1, iteration 157083/715787 | lr: 0.0002693 | consumed_samples: 160854016 | global_batch_size: 1024 | global_step: 157083 | reduced_train_loss: 2.23
Training epoch 1, iteration 157084/715787 | lr: 0.0002693 | consumed_samples: 160855040 | global_batch_size: 1024 | global_step: 157084 | reduced_train_loss: 2.251
Training epoch 1, iteration 157085/715787 | lr: 0.0002693 | consumed_samples: 160856064 | global_batch_size: 1024 | global_step: 157085 | reduced_train_loss: 2.247
Training epoch 1, iteration 157086/715787 | lr: 0.0002693 | consumed_samples: 160857088 | global_batch_size: 1024 | global_step: 157086 | reduced_train_loss: 2.245
Training epoch 1, iteration 157087/715787 | lr: 0.0002693 | consumed_samples: 160858112 | global_batch_size: 1024 | global_step: 157087 | reduced_train_loss: 2.26
Training epoch 1, iteration 157088/715787 | lr: 0.0002693 | consumed_samples: 160859136 | global_batch_size: 1024 | global_step: 157088 | reduced_train_loss: 2.262
Training epoch 1, iteration 157089/715787 | lr: 0.0002693 | consumed_samples: 160860160 | global_batch_size: 1024 | global_step: 157089 | reduced_train_loss: 2.244
Training epoch 1, iteration 157090/715787 | lr: 0.0002693 | consumed_samples: 160861184 | global_batch_size: 1024 | global_step: 157090 | reduced_train_loss: 2.239
Training epoch 1, iteration 157091/715787 | lr: 0.0002693 | consumed_samples: 160862208 | global_batch_size: 1024 | global_step: 157091 | reduced_train_loss: 2.24
Training epoch 1, iteration 157092/715787 | lr: 0.0002693 | consumed_samples: 160863232 | global_batch_size: 1024 | global_step: 157092 | reduced_train_loss: 2.234
Training epoch 1, iteration 157093/715787 | lr: 0.0002693 | consumed_samples: 160864256 | global_batch_size: 1024 | global_step: 157093 | reduced_train_loss: 2.233
Training epoch 1, iteration 157094/715787 | lr: 0.0002693 | consumed_samples: 160865280 | global_batch_size: 1024 | global_step: 157094 | reduced_train_loss: 2.231
Training epoch 1, iteration 157095/715787 | lr: 0.0002693 | consumed_samples: 160866304 | global_batch_size: 1024 | global_step: 157095 | reduced_train_loss: 2.25
Training epoch 1, iteration 157096/715787 | lr: 0.0002693 | consumed_samples: 160867328 | global_batch_size: 1024 | global_step: 157096 | reduced_train_loss: 2.229
Training epoch 1, iteration 157097/715787 | lr: 0.0002693 | consumed_samples: 160868352 | global_batch_size: 1024 | global_step: 157097 | reduced_train_loss: 2.233
Training epoch 1, iteration 157098/715787 | lr: 0.0002693 | consumed_samples: 160869376 | global_batch_size: 1024 | global_step: 157098 | reduced_train_loss: 2.243
[NeMo I 2026-04-10 14:30:18 nemo_logging:393] Running garbage collection at train global_step: 157100
Training epoch 1, iteration 157099/715787 | lr: 0.0002693 | consumed_samples: 160870400 | global_batch_size: 1024 | global_step: 157099 | reduced_train_loss: 2.227
Training epoch 1, iteration 157100/715787 | lr: 0.0002693 | consumed_samples: 160871424 | global_batch_size: 1024 | global_step: 157100 | reduced_train_loss: 2.246
Training epoch 1, iteration 157101/715787 | lr: 0.0002693 | consumed_samples: 160872448 | global_batch_size: 1024 | global_step: 157101 | reduced_train_loss: 2.234
Training epoch 1, iteration 157102/715787 | lr: 0.0002693 | consumed_samples: 160873472 | global_batch_size: 1024 | global_step: 157102 | reduced_train_loss: 2.234
Training epoch 1, iteration 157103/715787 | lr: 0.0002693 | consumed_samples: 160874496 | global_batch_size: 1024 | global_step: 157103 | reduced_train_loss: 2.239
Training epoch 1, iteration 157104/715787 | lr: 0.0002693 | consumed_samples: 160875520 | global_batch_size: 1024 | global_step: 157104 | reduced_train_loss: 2.22
Training epoch 1, iteration 157105/715787 | lr: 0.0002693 | consumed_samples: 160876544 | global_batch_size: 1024 | global_step: 157105 | reduced_train_loss: 2.23
Training epoch 1, iteration 157106/715787 | lr: 0.0002693 | consumed_samples: 160877568 | global_batch_size: 1024 | global_step: 157106 | reduced_train_loss: 2.242
Training epoch 1, iteration 157107/715787 | lr: 0.0002693 | consumed_samples: 160878592 | global_batch_size: 1024 | global_step: 157107 | reduced_train_loss: 2.232
Training epoch 1, iteration 157108/715787 | lr: 0.0002693 | consumed_samples: 160879616 | global_batch_size: 1024 | global_step: 157108 | reduced_train_loss: 2.236
Training epoch 1, iteration 157109/715787 | lr: 0.0002693 | consumed_samples: 160880640 | global_batch_size: 1024 | global_step: 157109 | reduced_train_loss: 2.233
Training epoch 1, iteration 157110/715787 | lr: 0.0002693 | consumed_samples: 160881664 | global_batch_size: 1024 | global_step: 157110 | reduced_train_loss: 2.226
Training epoch 1, iteration 157111/715787 | lr: 0.0002693 | consumed_samples: 160882688 | global_batch_size: 1024 | global_step: 157111 | reduced_train_loss: 2.228
Training epoch 1, iteration 157112/715787 | lr: 0.0002693 | consumed_samples: 160883712 | global_batch_size: 1024 | global_step: 157112 | reduced_train_loss: 2.235
Training epoch 1, iteration 157113/715787 | lr: 0.0002693 | consumed_samples: 160884736 | global_batch_size: 1024 | global_step: 157113 | reduced_train_loss: 2.234
Training epoch 1, iteration 157114/715787 | lr: 0.0002693 | consumed_samples: 160885760 | global_batch_size: 1024 | global_step: 157114 | reduced_train_loss: 2.235
Training epoch 1, iteration 157115/715787 | lr: 0.0002693 | consumed_samples: 160886784 | global_batch_size: 1024 | global_step: 157115 | reduced_train_loss: 2.228
Training epoch 1, iteration 157116/715787 | lr: 0.0002693 | consumed_samples: 160887808 | global_batch_size: 1024 | global_step: 157116 | reduced_train_loss: 2.23
Training epoch 1, iteration 157117/715787 | lr: 0.0002693 | consumed_samples: 160888832 | global_batch_size: 1024 | global_step: 157117 | reduced_train_loss: 2.229
Training epoch 1, iteration 157118/715787 | lr: 0.0002693 | consumed_samples: 160889856 | global_batch_size: 1024 | global_step: 157118 | reduced_train_loss: 2.243
Training epoch 1, iteration 157119/715787 | lr: 0.0002693 | consumed_samples: 160890880 | global_batch_size: 1024 | global_step: 157119 | reduced_train_loss: 2.237
Training epoch 1, iteration 157120/715787 | lr: 0.0002693 | consumed_samples: 160891904 | global_batch_size: 1024 | global_step: 157120 | reduced_train_loss: 2.243
Training epoch 1, iteration 157121/715787 | lr: 0.0002693 | consumed_samples: 160892928 | global_batch_size: 1024 | global_step: 157121 | reduced_train_loss: 2.237
Training epoch 1, iteration 157122/715787 | lr: 0.0002693 | consumed_samples: 160893952 | global_batch_size: 1024 | global_step: 157122 | reduced_train_loss: 2.242
Training epoch 1, iteration 157123/715787 | lr: 0.0002693 | consumed_samples: 160894976 | global_batch_size: 1024 | global_step: 157123 | reduced_train_loss: 2.238
Training epoch 1, iteration 157124/715787 | lr: 0.0002693 | consumed_samples: 160896000 | global_batch_size: 1024 | global_step: 157124 | reduced_train_loss: 2.24
Training epoch 1, iteration 157125/715787 | lr: 0.0002693 | consumed_samples: 160897024 | global_batch_size: 1024 | global_step: 157125 | reduced_train_loss: 2.241
Training epoch 1, iteration 157126/715787 | lr: 0.0002693 | consumed_samples: 160898048 | global_batch_size: 1024 | global_step: 157126 | reduced_train_loss: 2.25
Training epoch 1, iteration 157127/715787 | lr: 0.0002693 | consumed_samples: 160899072 | global_batch_size: 1024 | global_step: 157127 | reduced_train_loss: 2.234
Training epoch 1, iteration 157128/715787 | lr: 0.0002693 | consumed_samples: 160900096 | global_batch_size: 1024 | global_step: 157128 | reduced_train_loss: 2.235
Training epoch 1, iteration 157129/715787 | lr: 0.0002693 | consumed_samples: 160901120 | global_batch_size: 1024 | global_step: 157129 | reduced_train_loss: 2.242
Training epoch 1, iteration 157130/715787 | lr: 0.0002693 | consumed_samples: 160902144 | global_batch_size: 1024 | global_step: 157130 | reduced_train_loss: 2.246
Training epoch 1, iteration 157131/715787 | lr: 0.0002693 | consumed_samples: 160903168 | global_batch_size: 1024 | global_step: 157131 | reduced_train_loss: 2.252
Training epoch 1, iteration 157132/715787 | lr: 0.0002693 | consumed_samples: 160904192 | global_batch_size: 1024 | global_step: 157132 | reduced_train_loss: 2.225
Training epoch 1, iteration 157133/715787 | lr: 0.0002693 | consumed_samples: 160905216 | global_batch_size: 1024 | global_step: 157133 | reduced_train_loss: 2.231
Training epoch 1, iteration 157134/715787 | lr: 0.0002693 | consumed_samples: 160906240 | global_batch_size: 1024 | global_step: 157134 | reduced_train_loss: 2.239
Training epoch 1, iteration 157135/715787 | lr: 0.0002693 | consumed_samples: 160907264 | global_batch_size: 1024 | global_step: 157135 | reduced_train_loss: 2.244
Training epoch 1, iteration 157136/715787 | lr: 0.0002693 | consumed_samples: 160908288 | global_batch_size: 1024 | global_step: 157136 | reduced_train_loss: 2.231
Training epoch 1, iteration 157137/715787 | lr: 0.0002693 | consumed_samples: 160909312 | global_batch_size: 1024 | global_step: 157137 | reduced_train_loss: 2.236
Training epoch 1, iteration 157138/715787 | lr: 0.0002693 | consumed_samples: 160910336 | global_batch_size: 1024 | global_step: 157138 | reduced_train_loss: 2.223
Training epoch 1, iteration 157139/715787 | lr: 0.0002693 | consumed_samples: 160911360 | global_batch_size: 1024 | global_step: 157139 | reduced_train_loss: 2.222
Training epoch 1, iteration 157140/715787 | lr: 0.0002693 | consumed_samples: 160912384 | global_batch_size: 1024 | global_step: 157140 | reduced_train_loss: 2.227
Training epoch 1, iteration 157141/715787 | lr: 0.0002693 | consumed_samples: 160913408 | global_batch_size: 1024 | global_step: 157141 | reduced_train_loss: 2.226
Training epoch 1, iteration 157142/715787 | lr: 0.0002693 | consumed_samples: 160914432 | global_batch_size: 1024 | global_step: 157142 | reduced_train_loss: 2.239
Training epoch 1, iteration 157143/715787 | lr: 0.0002693 | consumed_samples: 160915456 | global_batch_size: 1024 | global_step: 157143 | reduced_train_loss: 2.244
Training epoch 1, iteration 157144/715787 | lr: 0.0002693 | consumed_samples: 160916480 | global_batch_size: 1024 | global_step: 157144 | reduced_train_loss: 2.232
Training epoch 1, iteration 157145/715787 | lr: 0.0002693 | consumed_samples: 160917504 | global_batch_size: 1024 | global_step: 157145 | reduced_train_loss: 2.229
Training epoch 1, iteration 157146/715787 | lr: 0.0002693 | consumed_samples: 160918528 | global_batch_size: 1024 | global_step: 157146 | reduced_train_loss: 2.229
Training epoch 1, iteration 157147/715787 | lr: 0.0002693 | consumed_samples: 160919552 | global_batch_size: 1024 | global_step: 157147 | reduced_train_loss: 2.228
Training epoch 1, iteration 157148/715787 | lr: 0.0002693 | consumed_samples: 160920576 | global_batch_size: 1024 | global_step: 157148 | reduced_train_loss: 2.226
Training epoch 1, iteration 157149/715787 | lr: 0.0002693 | consumed_samples: 160921600 | global_batch_size: 1024 | global_step: 157149 | reduced_train_loss: 2.226
Training epoch 1, iteration 157150/715787 | lr: 0.0002693 | consumed_samples: 160922624 | global_batch_size: 1024 | global_step: 157150 | reduced_train_loss: 2.253
Training epoch 1, iteration 157151/715787 | lr: 0.0002693 | consumed_samples: 160923648 | global_batch_size: 1024 | global_step: 157151 | reduced_train_loss: 2.252
Training epoch 1, iteration 157152/715787 | lr: 0.0002693 | consumed_samples: 160924672 | global_batch_size: 1024 | global_step: 157152 | reduced_train_loss: 2.211
Training epoch 1, iteration 157153/715787 | lr: 0.0002693 | consumed_samples: 160925696 | global_batch_size: 1024 | global_step: 157153 | reduced_train_loss: 2.24
Training epoch 1, iteration 157154/715787 | lr: 0.0002693 | consumed_samples: 160926720 | global_batch_size: 1024 | global_step: 157154 | reduced_train_loss: 2.24
Training epoch 1, iteration 157155/715787 | lr: 0.0002693 | consumed_samples: 160927744 | global_batch_size: 1024 | global_step: 157155 | reduced_train_loss: 2.227
Training epoch 1, iteration 157156/715787 | lr: 0.0002693 | consumed_samples: 160928768 | global_batch_size: 1024 | global_step: 157156 | reduced_train_loss: 2.228
Training epoch 1, iteration 157157/715787 | lr: 0.0002693 | consumed_samples: 160929792 | global_batch_size: 1024 | global_step: 157157 | reduced_train_loss: 2.238
Training epoch 1, iteration 157158/715787 | lr: 0.0002693 | consumed_samples: 160930816 | global_batch_size: 1024 | global_step: 157158 | reduced_train_loss: 2.229
Training epoch 1, iteration 157159/715787 | lr: 0.0002693 | consumed_samples: 160931840 | global_batch_size: 1024 | global_step: 157159 | reduced_train_loss: 2.251
Training epoch 1, iteration 157160/715787 | lr: 0.0002693 | consumed_samples: 160932864 | global_batch_size: 1024 | global_step: 157160 | reduced_train_loss: 2.253
Training epoch 1, iteration 157161/715787 | lr: 0.0002693 | consumed_samples: 160933888 | global_batch_size: 1024 | global_step: 157161 | reduced_train_loss: 2.244
Training epoch 1, iteration 157162/715787 | lr: 0.0002693 | consumed_samples: 160934912 | global_batch_size: 1024 | global_step: 157162 | reduced_train_loss: 2.253
Training epoch 1, iteration 157163/715787 | lr: 0.0002693 | consumed_samples: 160935936 | global_batch_size: 1024 | global_step: 157163 | reduced_train_loss: 2.237
Training epoch 1, iteration 157164/715787 | lr: 0.0002693 | consumed_samples: 160936960 | global_batch_size: 1024 | global_step: 157164 | reduced_train_loss: 2.236
Training epoch 1, iteration 157165/715787 | lr: 0.0002693 | consumed_samples: 160937984 | global_batch_size: 1024 | global_step: 157165 | reduced_train_loss: 2.238
Training epoch 1, iteration 157166/715787 | lr: 0.0002693 | consumed_samples: 160939008 | global_batch_size: 1024 | global_step: 157166 | reduced_train_loss: 2.256
Training epoch 1, iteration 157167/715787 | lr: 0.0002693 | consumed_samples: 160940032 | global_batch_size: 1024 | global_step: 157167 | reduced_train_loss: 2.261
Training epoch 1, iteration 157168/715787 | lr: 0.0002693 | consumed_samples: 160941056 | global_batch_size: 1024 | global_step: 157168 | reduced_train_loss: 2.242
Training epoch 1, iteration 157169/715787 | lr: 0.0002693 | consumed_samples: 160942080 | global_batch_size: 1024 | global_step: 157169 | reduced_train_loss: 2.244
Training epoch 1, iteration 157170/715787 | lr: 0.0002693 | consumed_samples: 160943104 | global_batch_size: 1024 | global_step: 157170 | reduced_train_loss: 2.241
Training epoch 1, iteration 157171/715787 | lr: 0.0002693 | consumed_samples: 160944128 | global_batch_size: 1024 | global_step: 157171 | reduced_train_loss: 2.254
Training epoch 1, iteration 157172/715787 | lr: 0.0002693 | consumed_samples: 160945152 | global_batch_size: 1024 | global_step: 157172 | reduced_train_loss: 2.255
Training epoch 1, iteration 157173/715787 | lr: 0.0002693 | consumed_samples: 160946176 | global_batch_size: 1024 | global_step: 157173 | reduced_train_loss: 2.257
Training epoch 1, iteration 157174/715787 | lr: 0.0002693 | consumed_samples: 160947200 | global_batch_size: 1024 | global_step: 157174 | reduced_train_loss: 2.251
Training epoch 1, iteration 157175/715787 | lr: 0.0002693 | consumed_samples: 160948224 | global_batch_size: 1024 | global_step: 157175 | reduced_train_loss: 2.242
Training epoch 1, iteration 157176/715787 | lr: 0.0002693 | consumed_samples: 160949248 | global_batch_size: 1024 | global_step: 157176 | reduced_train_loss: 2.237
Training epoch 1, iteration 157177/715787 | lr: 0.0002693 | consumed_samples: 160950272 | global_batch_size: 1024 | global_step: 157177 | reduced_train_loss: 2.25
Training epoch 1, iteration 157178/715787 | lr: 0.0002693 | consumed_samples: 160951296 | global_batch_size: 1024 | global_step: 157178 | reduced_train_loss: 2.232
Training epoch 1, iteration 157179/715787 | lr: 0.0002693 | consumed_samples: 160952320 | global_batch_size: 1024 | global_step: 157179 | reduced_train_loss: 2.214
Training epoch 1, iteration 157180/715787 | lr: 0.0002693 | consumed_samples: 160953344 | global_batch_size: 1024 | global_step: 157180 | reduced_train_loss: 2.224
Training epoch 1, iteration 157181/715787 | lr: 0.0002693 | consumed_samples: 160954368 | global_batch_size: 1024 | global_step: 157181 | reduced_train_loss: 2.232
Training epoch 1, iteration 157182/715787 | lr: 0.0002693 | consumed_samples: 160955392 | global_batch_size: 1024 | global_step: 157182 | reduced_train_loss: 2.249
Training epoch 1, iteration 157183/715787 | lr: 0.0002693 | consumed_samples: 160956416 | global_batch_size: 1024 | global_step: 157183 | reduced_train_loss: 2.24
Training epoch 1, iteration 157184/715787 | lr: 0.0002693 | consumed_samples: 160957440 | global_batch_size: 1024 | global_step: 157184 | reduced_train_loss: 2.251
Training epoch 1, iteration 157185/715787 | lr: 0.0002693 | consumed_samples: 160958464 | global_batch_size: 1024 | global_step: 157185 | reduced_train_loss: 2.261
Training epoch 1, iteration 157186/715787 | lr: 0.0002693 | consumed_samples: 160959488 | global_batch_size: 1024 | global_step: 157186 | reduced_train_loss: 2.245
Training epoch 1, iteration 157187/715787 | lr: 0.0002693 | consumed_samples: 160960512 | global_batch_size: 1024 | global_step: 157187 | reduced_train_loss: 2.239
Training epoch 1, iteration 157188/715787 | lr: 0.0002693 | consumed_samples: 160961536 | global_batch_size: 1024 | global_step: 157188 | reduced_train_loss: 2.239
Training epoch 1, iteration 157189/715787 | lr: 0.0002693 | consumed_samples: 160962560 | global_batch_size: 1024 | global_step: 157189 | reduced_train_loss: 2.217
Training epoch 1, iteration 157190/715787 | lr: 0.0002693 | consumed_samples: 160963584 | global_batch_size: 1024 | global_step: 157190 | reduced_train_loss: 2.25
Training epoch 1, iteration 157191/715787 | lr: 0.0002693 | consumed_samples: 160964608 | global_batch_size: 1024 | global_step: 157191 | reduced_train_loss: 2.242
Training epoch 1, iteration 157192/715787 | lr: 0.0002693 | consumed_samples: 160965632 | global_batch_size: 1024 | global_step: 157192 | reduced_train_loss: 2.227
Training epoch 1, iteration 157193/715787 | lr: 0.0002693 | consumed_samples: 160966656 | global_batch_size: 1024 | global_step: 157193 | reduced_train_loss: 2.234
Training epoch 1, iteration 157194/715787 | lr: 0.0002693 | consumed_samples: 160967680 | global_batch_size: 1024 | global_step: 157194 | reduced_train_loss: 2.247
Training epoch 1, iteration 157195/715787 | lr: 0.0002693 | consumed_samples: 160968704 | global_batch_size: 1024 | global_step: 157195 | reduced_train_loss: 2.251
Training epoch 1, iteration 157196/715787 | lr: 0.0002693 | consumed_samples: 160969728 | global_batch_size: 1024 | global_step: 157196 | reduced_train_loss: 2.251
Training epoch 1, iteration 157197/715787 | lr: 0.0002693 | consumed_samples: 160970752 | global_batch_size: 1024 | global_step: 157197 | reduced_train_loss: 2.239
Training epoch 1, iteration 157198/715787 | lr: 0.0002693 | consumed_samples: 160971776 | global_batch_size: 1024 | global_step: 157198 | reduced_train_loss: 2.234
[NeMo I 2026-04-10 14:56:19 nemo_logging:393] Running garbage collection at train global_step: 157200
Training epoch 1, iteration 157199/715787 | lr: 0.0002693 | consumed_samples: 160972800 | global_batch_size: 1024 | global_step: 157199 | reduced_train_loss: 2.235
Training epoch 1, iteration 157200/715787 | lr: 0.0002693 | consumed_samples: 160973824 | global_batch_size: 1024 | global_step: 157200 | reduced_train_loss: 2.23
Training epoch 1, iteration 157201/715787 | lr: 0.0002693 | consumed_samples: 160974848 | global_batch_size: 1024 | global_step: 157201 | reduced_train_loss: 2.239
Training epoch 1, iteration 157202/715787 | lr: 0.0002693 | consumed_samples: 160975872 | global_batch_size: 1024 | global_step: 157202 | reduced_train_loss: 2.223
Training epoch 1, iteration 157203/715787 | lr: 0.0002693 | consumed_samples: 160976896 | global_batch_size: 1024 | global_step: 157203 | reduced_train_loss: 2.232
Training epoch 1, iteration 157204/715787 | lr: 0.0002693 | consumed_samples: 160977920 | global_batch_size: 1024 | global_step: 157204 | reduced_train_loss: 2.237
Training epoch 1, iteration 157205/715787 | lr: 0.0002693 | consumed_samples: 160978944 | global_batch_size: 1024 | global_step: 157205 | reduced_train_loss: 2.235
Training epoch 1, iteration 157206/715787 | lr: 0.0002693 | consumed_samples: 160979968 | global_batch_size: 1024 | global_step: 157206 | reduced_train_loss: 2.22
Training epoch 1, iteration 157207/715787 | lr: 0.0002693 | consumed_samples: 160980992 | global_batch_size: 1024 | global_step: 157207 | reduced_train_loss: 2.247
Training epoch 1, iteration 157208/715787 | lr: 0.0002693 | consumed_samples: 160982016 | global_batch_size: 1024 | global_step: 157208 | reduced_train_loss: 2.243
Training epoch 1, iteration 157209/715787 | lr: 0.0002693 | consumed_samples: 160983040 | global_batch_size: 1024 | global_step: 157209 | reduced_train_loss: 2.251
Training epoch 1, iteration 157210/715787 | lr: 0.0002693 | consumed_samples: 160984064 | global_batch_size: 1024 | global_step: 157210 | reduced_train_loss: 2.224
Training epoch 1, iteration 157211/715787 | lr: 0.0002693 | consumed_samples: 160985088 | global_batch_size: 1024 | global_step: 157211 | reduced_train_loss: 2.241
Training epoch 1, iteration 157212/715787 | lr: 0.0002693 | consumed_samples: 160986112 | global_batch_size: 1024 | global_step: 157212 | reduced_train_loss: 2.231
Training epoch 1, iteration 157213/715787 | lr: 0.0002693 | consumed_samples: 160987136 | global_batch_size: 1024 | global_step: 157213 | reduced_train_loss: 2.238
Training epoch 1, iteration 157214/715787 | lr: 0.0002693 | consumed_samples: 160988160 | global_batch_size: 1024 | global_step: 157214 | reduced_train_loss: 2.243
Training epoch 1, iteration 157215/715787 | lr: 0.0002693 | consumed_samples: 160989184 | global_batch_size: 1024 | global_step: 157215 | reduced_train_loss: 2.221
Training epoch 1, iteration 157216/715787 | lr: 0.0002693 | consumed_samples: 160990208 | global_batch_size: 1024 | global_step: 157216 | reduced_train_loss: 2.228
Training epoch 1, iteration 157217/715787 | lr: 0.0002693 | consumed_samples: 160991232 | global_batch_size: 1024 | global_step: 157217 | reduced_train_loss: 2.26
Training epoch 1, iteration 157218/715787 | lr: 0.0002693 | consumed_samples: 160992256 | global_batch_size: 1024 | global_step: 157218 | reduced_train_loss: 2.251
Training epoch 1, iteration 157219/715787 | lr: 0.0002693 | consumed_samples: 160993280 | global_batch_size: 1024 | global_step: 157219 | reduced_train_loss: 2.233
Training epoch 1, iteration 157220/715787 | lr: 0.0002693 | consumed_samples: 160994304 | global_batch_size: 1024 | global_step: 157220 | reduced_train_loss: 2.222
Training epoch 1, iteration 157221/715787 | lr: 0.0002693 | consumed_samples: 160995328 | global_batch_size: 1024 | global_step: 157221 | reduced_train_loss: 2.248
Training epoch 1, iteration 157222/715787 | lr: 0.0002693 | consumed_samples: 160996352 | global_batch_size: 1024 | global_step: 157222 | reduced_train_loss: 2.257
Training epoch 1, iteration 157223/715787 | lr: 0.0002693 | consumed_samples: 160997376 | global_batch_size: 1024 | global_step: 157223 | reduced_train_loss: 2.234
Training epoch 1, iteration 157224/715787 | lr: 0.0002693 | consumed_samples: 160998400 | global_batch_size: 1024 | global_step: 157224 | reduced_train_loss: 2.261
Training epoch 1, iteration 157225/715787 | lr: 0.0002693 | consumed_samples: 160999424 | global_batch_size: 1024 | global_step: 157225 | reduced_train_loss: 2.221
Training epoch 1, iteration 157226/715787 | lr: 0.0002693 | consumed_samples: 161000448 | global_batch_size: 1024 | global_step: 157226 | reduced_train_loss: 2.236
Training epoch 1, iteration 157227/715787 | lr: 0.0002693 | consumed_samples: 161001472 | global_batch_size: 1024 | global_step: 157227 | reduced_train_loss: 2.224
Training epoch 1, iteration 157228/715787 | lr: 0.0002693 | consumed_samples: 161002496 | global_batch_size: 1024 | global_step: 157228 | reduced_train_loss: 2.218
Training epoch 1, iteration 157229/715787 | lr: 0.0002693 | consumed_samples: 161003520 | global_batch_size: 1024 | global_step: 157229 | reduced_train_loss: 2.239
Training epoch 1, iteration 157230/715787 | lr: 0.0002693 | consumed_samples: 161004544 | global_batch_size: 1024 | global_step: 157230 | reduced_train_loss: 2.247
Training epoch 1, iteration 157231/715787 | lr: 0.0002693 | consumed_samples: 161005568 | global_batch_size: 1024 | global_step: 157231 | reduced_train_loss: 2.248
Training epoch 1, iteration 157232/715787 | lr: 0.0002693 | consumed_samples: 161006592 | global_batch_size: 1024 | global_step: 157232 | reduced_train_loss: 2.247
Training epoch 1, iteration 157233/715787 | lr: 0.0002693 | consumed_samples: 161007616 | global_batch_size: 1024 | global_step: 157233 | reduced_train_loss: 2.232
Training epoch 1, iteration 157234/715787 | lr: 0.0002693 | consumed_samples: 161008640 | global_batch_size: 1024 | global_step: 157234 | reduced_train_loss: 2.228
Training epoch 1, iteration 157235/715787 | lr: 0.0002693 | consumed_samples: 161009664 | global_batch_size: 1024 | global_step: 157235 | reduced_train_loss: 2.226
Training epoch 1, iteration 157236/715787 | lr: 0.0002693 | consumed_samples: 161010688 | global_batch_size: 1024 | global_step: 157236 | reduced_train_loss: 2.249
Training epoch 1, iteration 157237/715787 | lr: 0.0002693 | consumed_samples: 161011712 | global_batch_size: 1024 | global_step: 157237 | reduced_train_loss: 2.241
Training epoch 1, iteration 157238/715787 | lr: 0.0002693 | consumed_samples: 161012736 | global_batch_size: 1024 | global_step: 157238 | reduced_train_loss: 2.228
Training epoch 1, iteration 157239/715787 | lr: 0.0002693 | consumed_samples: 161013760 | global_batch_size: 1024 | global_step: 157239 | reduced_train_loss: 2.237
Training epoch 1, iteration 157240/715787 | lr: 0.0002693 | consumed_samples: 161014784 | global_batch_size: 1024 | global_step: 157240 | reduced_train_loss: 2.241
Training epoch 1, iteration 157241/715787 | lr: 0.0002693 | consumed_samples: 161015808 | global_batch_size: 1024 | global_step: 157241 | reduced_train_loss: 2.222
Training epoch 1, iteration 157242/715787 | lr: 0.0002693 | consumed_samples: 161016832 | global_batch_size: 1024 | global_step: 157242 | reduced_train_loss: 2.24
Training epoch 1, iteration 157243/715787 | lr: 0.0002693 | consumed_samples: 161017856 | global_batch_size: 1024 | global_step: 157243 | reduced_train_loss: 2.235
Training epoch 1, iteration 157244/715787 | lr: 0.0002693 | consumed_samples: 161018880 | global_batch_size: 1024 | global_step: 157244 | reduced_train_loss: 2.212
Training epoch 1, iteration 157245/715787 | lr: 0.0002693 | consumed_samples: 161019904 | global_batch_size: 1024 | global_step: 157245 | reduced_train_loss: 2.252
Training epoch 1, iteration 157246/715787 | lr: 0.0002693 | consumed_samples: 161020928 | global_batch_size: 1024 | global_step: 157246 | reduced_train_loss: 2.228
Training epoch 1, iteration 157247/715787 | lr: 0.0002693 | consumed_samples: 161021952 | global_batch_size: 1024 | global_step: 157247 | reduced_train_loss: 2.23
Training epoch 1, iteration 157248/715787 | lr: 0.0002693 | consumed_samples: 161022976 | global_batch_size: 1024 | global_step: 157248 | reduced_train_loss: 2.244
Training epoch 1, iteration 157249/715787 | lr: 0.0002693 | consumed_samples: 161024000 | global_batch_size: 1024 | global_step: 157249 | reduced_train_loss: 2.245
Training epoch 1, iteration 157250/715787 | lr: 0.0002693 | consumed_samples: 161025024 | global_batch_size: 1024 | global_step: 157250 | reduced_train_loss: 2.241
Training epoch 1, iteration 157251/715787 | lr: 0.0002693 | consumed_samples: 161026048 | global_batch_size: 1024 | global_step: 157251 | reduced_train_loss: 2.226
Training epoch 1, iteration 157252/715787 | lr: 0.0002692 | consumed_samples: 161027072 | global_batch_size: 1024 | global_step: 157252 | reduced_train_loss: 2.242
Training epoch 1, iteration 157253/715787 | lr: 0.0002692 | consumed_samples: 161028096 | global_batch_size: 1024 | global_step: 157253 | reduced_train_loss: 2.235
Training epoch 1, iteration 157254/715787 | lr: 0.0002692 | consumed_samples: 161029120 | global_batch_size: 1024 | global_step: 157254 | reduced_train_loss: 2.257
Training epoch 1, iteration 157255/715787 | lr: 0.0002692 | consumed_samples: 161030144 | global_batch_size: 1024 | global_step: 157255 | reduced_train_loss: 2.242
Training epoch 1, iteration 157256/715787 | lr: 0.0002692 | consumed_samples: 161031168 | global_batch_size: 1024 | global_step: 157256 | reduced_train_loss: 2.227
Training epoch 1, iteration 157257/715787 | lr: 0.0002692 | consumed_samples: 161032192 | global_batch_size: 1024 | global_step: 157257 | reduced_train_loss: 2.233
Training epoch 1, iteration 157258/715787 | lr: 0.0002692 | consumed_samples: 161033216 | global_batch_size: 1024 | global_step: 157258 | reduced_train_loss: 2.235
Training epoch 1, iteration 157259/715787 | lr: 0.0002692 | consumed_samples: 161034240 | global_batch_size: 1024 | global_step: 157259 | reduced_train_loss: 2.248
Training epoch 1, iteration 157260/715787 | lr: 0.0002692 | consumed_samples: 161035264 | global_batch_size: 1024 | global_step: 157260 | reduced_train_loss: 2.218
Training epoch 1, iteration 157261/715787 | lr: 0.0002692 | consumed_samples: 161036288 | global_batch_size: 1024 | global_step: 157261 | reduced_train_loss: 2.262
Training epoch 1, iteration 157262/715787 | lr: 0.0002692 | consumed_samples: 161037312 | global_batch_size: 1024 | global_step: 157262 | reduced_train_loss: 2.243
Training epoch 1, iteration 157263/715787 | lr: 0.0002692 | consumed_samples: 161038336 | global_batch_size: 1024 | global_step: 157263 | reduced_train_loss: 2.24
Training epoch 1, iteration 157264/715787 | lr: 0.0002692 | consumed_samples: 161039360 | global_batch_size: 1024 | global_step: 157264 | reduced_train_loss: 2.23
Training epoch 1, iteration 157265/715787 | lr: 0.0002692 | consumed_samples: 161040384 | global_batch_size: 1024 | global_step: 157265 | reduced_train_loss: 2.247
Training epoch 1, iteration 157266/715787 | lr: 0.0002692 | consumed_samples: 161041408 | global_batch_size: 1024 | global_step: 157266 | reduced_train_loss: 2.235
Training epoch 1, iteration 157267/715787 | lr: 0.0002692 | consumed_samples: 161042432 | global_batch_size: 1024 | global_step: 157267 | reduced_train_loss: 2.241
Training epoch 1, iteration 157268/715787 | lr: 0.0002692 | consumed_samples: 161043456 | global_batch_size: 1024 | global_step: 157268 | reduced_train_loss: 2.241
Training epoch 1, iteration 157269/715787 | lr: 0.0002692 | consumed_samples: 161044480 | global_batch_size: 1024 | global_step: 157269 | reduced_train_loss: 2.235
Training epoch 1, iteration 157270/715787 | lr: 0.0002692 | consumed_samples: 161045504 | global_batch_size: 1024 | global_step: 157270 | reduced_train_loss: 2.224
Training epoch 1, iteration 157271/715787 | lr: 0.0002692 | consumed_samples: 161046528 | global_batch_size: 1024 | global_step: 157271 | reduced_train_loss: 2.246
Training epoch 1, iteration 157272/715787 | lr: 0.0002692 | consumed_samples: 161047552 | global_batch_size: 1024 | global_step: 157272 | reduced_train_loss: 2.249
Training epoch 1, iteration 157273/715787 | lr: 0.0002692 | consumed_samples: 161048576 | global_batch_size: 1024 | global_step: 157273 | reduced_train_loss: 2.226
Training epoch 1, iteration 157274/715787 | lr: 0.0002692 | consumed_samples: 161049600 | global_batch_size: 1024 | global_step: 157274 | reduced_train_loss: 2.243
Training epoch 1, iteration 157275/715787 | lr: 0.0002692 | consumed_samples: 161050624 | global_batch_size: 1024 | global_step: 157275 | reduced_train_loss: 2.243
Training epoch 1, iteration 157276/715787 | lr: 0.0002692 | consumed_samples: 161051648 | global_batch_size: 1024 | global_step: 157276 | reduced_train_loss: 2.229
Training epoch 1, iteration 157277/715787 | lr: 0.0002692 | consumed_samples: 161052672 | global_batch_size: 1024 | global_step: 157277 | reduced_train_loss: 2.227
Training epoch 1, iteration 157278/715787 | lr: 0.0002692 | consumed_samples: 161053696 | global_batch_size: 1024 | global_step: 157278 | reduced_train_loss: 2.231
Training epoch 1, iteration 157279/715787 | lr: 0.0002692 | consumed_samples: 161054720 | global_batch_size: 1024 | global_step: 157279 | reduced_train_loss: 2.224
Training epoch 1, iteration 157280/715787 | lr: 0.0002692 | consumed_samples: 161055744 | global_batch_size: 1024 | global_step: 157280 | reduced_train_loss: 2.24
Training epoch 1, iteration 157281/715787 | lr: 0.0002692 | consumed_samples: 161056768 | global_batch_size: 1024 | global_step: 157281 | reduced_train_loss: 2.228
Training epoch 1, iteration 157282/715787 | lr: 0.0002692 | consumed_samples: 161057792 | global_batch_size: 1024 | global_step: 157282 | reduced_train_loss: 2.238
Training epoch 1, iteration 157283/715787 | lr: 0.0002692 | consumed_samples: 161058816 | global_batch_size: 1024 | global_step: 157283 | reduced_train_loss: 2.233
Training epoch 1, iteration 157284/715787 | lr: 0.0002692 | consumed_samples: 161059840 | global_batch_size: 1024 | global_step: 157284 | reduced_train_loss: 2.24
Training epoch 1, iteration 157285/715787 | lr: 0.0002692 | consumed_samples: 161060864 | global_batch_size: 1024 | global_step: 157285 | reduced_train_loss: 2.24
Training epoch 1, iteration 157286/715787 | lr: 0.0002692 | consumed_samples: 161061888 | global_batch_size: 1024 | global_step: 157286 | reduced_train_loss: 2.209
Training epoch 1, iteration 157287/715787 | lr: 0.0002692 | consumed_samples: 161062912 | global_batch_size: 1024 | global_step: 157287 | reduced_train_loss: 2.213
Training epoch 1, iteration 157288/715787 | lr: 0.0002692 | consumed_samples: 161063936 | global_batch_size: 1024 | global_step: 157288 | reduced_train_loss: 2.225
Training epoch 1, iteration 157289/715787 | lr: 0.0002692 | consumed_samples: 161064960 | global_batch_size: 1024 | global_step: 157289 | reduced_train_loss: 2.241
Training epoch 1, iteration 157290/715787 | lr: 0.0002692 | consumed_samples: 161065984 | global_batch_size: 1024 | global_step: 157290 | reduced_train_loss: 2.231
Training epoch 1, iteration 157291/715787 | lr: 0.0002692 | consumed_samples: 161067008 | global_batch_size: 1024 | global_step: 157291 | reduced_train_loss: 2.244
Training epoch 1, iteration 157292/715787 | lr: 0.0002692 | consumed_samples: 161068032 | global_batch_size: 1024 | global_step: 157292 | reduced_train_loss: 2.253
Training epoch 1, iteration 157293/715787 | lr: 0.0002692 | consumed_samples: 161069056 | global_batch_size: 1024 | global_step: 157293 | reduced_train_loss: 2.242
Training epoch 1, iteration 157294/715787 | lr: 0.0002692 | consumed_samples: 161070080 | global_batch_size: 1024 | global_step: 157294 | reduced_train_loss: 2.245
Training epoch 1, iteration 157295/715787 | lr: 0.0002692 | consumed_samples: 161071104 | global_batch_size: 1024 | global_step: 157295 | reduced_train_loss: 2.221
Training epoch 1, iteration 157296/715787 | lr: 0.0002692 | consumed_samples: 161072128 | global_batch_size: 1024 | global_step: 157296 | reduced_train_loss: 2.243
Training epoch 1, iteration 157297/715787 | lr: 0.0002692 | consumed_samples: 161073152 | global_batch_size: 1024 | global_step: 157297 | reduced_train_loss: 2.244
Training epoch 1, iteration 157298/715787 | lr: 0.0002692 | consumed_samples: 161074176 | global_batch_size: 1024 | global_step: 157298 | reduced_train_loss: 2.212
[NeMo I 2026-04-10 15:21:58 nemo_logging:393] Running garbage collection at train global_step: 157300
Training epoch 1, iteration 157299/715787 | lr: 0.0002692 | consumed_samples: 161075200 | global_batch_size: 1024 | global_step: 157299 | reduced_train_loss: 2.221
Training epoch 1, iteration 157300/715787 | lr: 0.0002692 | consumed_samples: 161076224 | global_batch_size: 1024 | global_step: 157300 | reduced_train_loss: 2.234
Training epoch 1, iteration 157301/715787 | lr: 0.0002692 | consumed_samples: 161077248 | global_batch_size: 1024 | global_step: 157301 | reduced_train_loss: 2.226
Training epoch 1, iteration 157302/715787 | lr: 0.0002692 | consumed_samples: 161078272 | global_batch_size: 1024 | global_step: 157302 | reduced_train_loss: 2.243
Training epoch 1, iteration 157303/715787 | lr: 0.0002692 | consumed_samples: 161079296 | global_batch_size: 1024 | global_step: 157303 | reduced_train_loss: 2.217
Training epoch 1, iteration 157304/715787 | lr: 0.0002692 | consumed_samples: 161080320 | global_batch_size: 1024 | global_step: 157304 | reduced_train_loss: 2.242
Training epoch 1, iteration 157305/715787 | lr: 0.0002692 | consumed_samples: 161081344 | global_batch_size: 1024 | global_step: 157305 | reduced_train_loss: 2.23
Training epoch 1, iteration 157306/715787 | lr: 0.0002692 | consumed_samples: 161082368 | global_batch_size: 1024 | global_step: 157306 | reduced_train_loss: 2.235
Training epoch 1, iteration 157307/715787 | lr: 0.0002692 | consumed_samples: 161083392 | global_batch_size: 1024 | global_step: 157307 | reduced_train_loss: 2.23
Training epoch 1, iteration 157308/715787 | lr: 0.0002692 | consumed_samples: 161084416 | global_batch_size: 1024 | global_step: 157308 | reduced_train_loss: 2.238
Training epoch 1, iteration 157309/715787 | lr: 0.0002692 | consumed_samples: 161085440 | global_batch_size: 1024 | global_step: 157309 | reduced_train_loss: 2.229
Training epoch 1, iteration 157310/715787 | lr: 0.0002692 | consumed_samples: 161086464 | global_batch_size: 1024 | global_step: 157310 | reduced_train_loss: 2.227
Training epoch 1, iteration 157311/715787 | lr: 0.0002692 | consumed_samples: 161087488 | global_batch_size: 1024 | global_step: 157311 | reduced_train_loss: 2.26
Training epoch 1, iteration 157312/715787 | lr: 0.0002692 | consumed_samples: 161088512 | global_batch_size: 1024 | global_step: 157312 | reduced_train_loss: 2.248
Training epoch 1, iteration 157313/715787 | lr: 0.0002692 | consumed_samples: 161089536 | global_batch_size: 1024 | global_step: 157313 | reduced_train_loss: 2.237
Training epoch 1, iteration 157314/715787 | lr: 0.0002692 | consumed_samples: 161090560 | global_batch_size: 1024 | global_step: 157314 | reduced_train_loss: 2.24
Training epoch 1, iteration 157315/715787 | lr: 0.0002692 | consumed_samples: 161091584 | global_batch_size: 1024 | global_step: 157315 | reduced_train_loss: 2.219
Training epoch 1, iteration 157316/715787 | lr: 0.0002692 | consumed_samples: 161092608 | global_batch_size: 1024 | global_step: 157316 | reduced_train_loss: 2.246
Training epoch 1, iteration 157317/715787 | lr: 0.0002692 | consumed_samples: 161093632 | global_batch_size: 1024 | global_step: 157317 | reduced_train_loss: 2.222
Training epoch 1, iteration 157318/715787 | lr: 0.0002692 | consumed_samples: 161094656 | global_batch_size: 1024 | global_step: 157318 | reduced_train_loss: 2.226
Training epoch 1, iteration 157319/715787 | lr: 0.0002692 | consumed_samples: 161095680 | global_batch_size: 1024 | global_step: 157319 | reduced_train_loss: 2.228
Training epoch 1, iteration 157320/715787 | lr: 0.0002692 | consumed_samples: 161096704 | global_batch_size: 1024 | global_step: 157320 | reduced_train_loss: 2.225
Training epoch 1, iteration 157321/715787 | lr: 0.0002692 | consumed_samples: 161097728 | global_batch_size: 1024 | global_step: 157321 | reduced_train_loss: 2.249
Training epoch 1, iteration 157322/715787 | lr: 0.0002692 | consumed_samples: 161098752 | global_batch_size: 1024 | global_step: 157322 | reduced_train_loss: 2.24
Training epoch 1, iteration 157323/715787 | lr: 0.0002692 | consumed_samples: 161099776 | global_batch_size: 1024 | global_step: 157323 | reduced_train_loss: 2.222
Training epoch 1, iteration 157324/715787 | lr: 0.0002692 | consumed_samples: 161100800 | global_batch_size: 1024 | global_step: 157324 | reduced_train_loss: 2.229
Training epoch 1, iteration 157325/715787 | lr: 0.0002692 | consumed_samples: 161101824 | global_batch_size: 1024 | global_step: 157325 | reduced_train_loss: 2.244
Training epoch 1, iteration 157326/715787 | lr: 0.0002692 | consumed_samples: 161102848 | global_batch_size: 1024 | global_step: 157326 | reduced_train_loss: 2.24
Training epoch 1, iteration 157327/715787 | lr: 0.0002692 | consumed_samples: 161103872 | global_batch_size: 1024 | global_step: 157327 | reduced_train_loss: 2.229
Training epoch 1, iteration 157328/715787 | lr: 0.0002692 | consumed_samples: 161104896 | global_batch_size: 1024 | global_step: 157328 | reduced_train_loss: 2.256
Training epoch 1, iteration 157329/715787 | lr: 0.0002692 | consumed_samples: 161105920 | global_batch_size: 1024 | global_step: 157329 | reduced_train_loss: 2.23
Training epoch 1, iteration 157330/715787 | lr: 0.0002692 | consumed_samples: 161106944 | global_batch_size: 1024 | global_step: 157330 | reduced_train_loss: 2.229
Training epoch 1, iteration 157331/715787 | lr: 0.0002692 | consumed_samples: 161107968 | global_batch_size: 1024 | global_step: 157331 | reduced_train_loss: 2.246
Training epoch 1, iteration 157332/715787 | lr: 0.0002692 | consumed_samples: 161108992 | global_batch_size: 1024 | global_step: 157332 | reduced_train_loss: 2.232
Training epoch 1, iteration 157333/715787 | lr: 0.0002692 | consumed_samples: 161110016 | global_batch_size: 1024 | global_step: 157333 | reduced_train_loss: 2.242
Training epoch 1, iteration 157334/715787 | lr: 0.0002692 | consumed_samples: 161111040 | global_batch_size: 1024 | global_step: 157334 | reduced_train_loss: 2.234
Training epoch 1, iteration 157335/715787 | lr: 0.0002692 | consumed_samples: 161112064 | global_batch_size: 1024 | global_step: 157335 | reduced_train_loss: 2.229
Training epoch 1, iteration 157336/715787 | lr: 0.0002692 | consumed_samples: 161113088 | global_batch_size: 1024 | global_step: 157336 | reduced_train_loss: 2.238
Training epoch 1, iteration 157337/715787 | lr: 0.0002692 | consumed_samples: 161114112 | global_batch_size: 1024 | global_step: 157337 | reduced_train_loss: 2.246
Training epoch 1, iteration 157338/715787 | lr: 0.0002692 | consumed_samples: 161115136 | global_batch_size: 1024 | global_step: 157338 | reduced_train_loss: 2.214
Training epoch 1, iteration 157339/715787 | lr: 0.0002692 | consumed_samples: 161116160 | global_batch_size: 1024 | global_step: 157339 | reduced_train_loss: 2.242
Training epoch 1, iteration 157340/715787 | lr: 0.0002692 | consumed_samples: 161117184 | global_batch_size: 1024 | global_step: 157340 | reduced_train_loss: 2.228
Training epoch 1, iteration 157341/715787 | lr: 0.0002692 | consumed_samples: 161118208 | global_batch_size: 1024 | global_step: 157341 | reduced_train_loss: 2.243
Training epoch 1, iteration 157342/715787 | lr: 0.0002692 | consumed_samples: 161119232 | global_batch_size: 1024 | global_step: 157342 | reduced_train_loss: 2.236
Training epoch 1, iteration 157343/715787 | lr: 0.0002692 | consumed_samples: 161120256 | global_batch_size: 1024 | global_step: 157343 | reduced_train_loss: 2.247
Training epoch 1, iteration 157344/715787 | lr: 0.0002692 | consumed_samples: 161121280 | global_batch_size: 1024 | global_step: 157344 | reduced_train_loss: 2.247
Training epoch 1, iteration 157345/715787 | lr: 0.0002692 | consumed_samples: 161122304 | global_batch_size: 1024 | global_step: 157345 | reduced_train_loss: 2.227
Training epoch 1, iteration 157346/715787 | lr: 0.0002692 | consumed_samples: 161123328 | global_batch_size: 1024 | global_step: 157346 | reduced_train_loss: 2.237
Training epoch 1, iteration 157347/715787 | lr: 0.0002692 | consumed_samples: 161124352 | global_batch_size: 1024 | global_step: 157347 | reduced_train_loss: 2.231
Training epoch 1, iteration 157348/715787 | lr: 0.0002692 | consumed_samples: 161125376 | global_batch_size: 1024 | global_step: 157348 | reduced_train_loss: 2.238
Training epoch 1, iteration 157349/715787 | lr: 0.0002692 | consumed_samples: 161126400 | global_batch_size: 1024 | global_step: 157349 | reduced_train_loss: 2.243
Training epoch 1, iteration 157350/715787 | lr: 0.0002692 | consumed_samples: 161127424 | global_batch_size: 1024 | global_step: 157350 | reduced_train_loss: 2.233
Training epoch 1, iteration 157351/715787 | lr: 0.0002692 | consumed_samples: 161128448 | global_batch_size: 1024 | global_step: 157351 | reduced_train_loss: 2.214
Training epoch 1, iteration 157352/715787 | lr: 0.0002692 | consumed_samples: 161129472 | global_batch_size: 1024 | global_step: 157352 | reduced_train_loss: 2.24
Training epoch 1, iteration 157353/715787 | lr: 0.0002692 | consumed_samples: 161130496 | global_batch_size: 1024 | global_step: 157353 | reduced_train_loss: 2.234
Training epoch 1, iteration 157354/715787 | lr: 0.0002692 | consumed_samples: 161131520 | global_batch_size: 1024 | global_step: 157354 | reduced_train_loss: 2.232
Training epoch 1, iteration 157355/715787 | lr: 0.0002692 | consumed_samples: 161132544 | global_batch_size: 1024 | global_step: 157355 | reduced_train_loss: 2.226
Training epoch 1, iteration 157356/715787 | lr: 0.0002692 | consumed_samples: 161133568 | global_batch_size: 1024 | global_step: 157356 | reduced_train_loss: 2.231
Training epoch 1, iteration 157357/715787 | lr: 0.0002692 | consumed_samples: 161134592 | global_batch_size: 1024 | global_step: 157357 | reduced_train_loss: 2.232
Training epoch 1, iteration 157358/715787 | lr: 0.0002692 | consumed_samples: 161135616 | global_batch_size: 1024 | global_step: 157358 | reduced_train_loss: 2.238
Training epoch 1, iteration 157359/715787 | lr: 0.0002692 | consumed_samples: 161136640 | global_batch_size: 1024 | global_step: 157359 | reduced_train_loss: 2.278
Training epoch 1, iteration 157360/715787 | lr: 0.0002692 | consumed_samples: 161137664 | global_batch_size: 1024 | global_step: 157360 | reduced_train_loss: 2.249
Training epoch 1, iteration 157361/715787 | lr: 0.0002692 | consumed_samples: 161138688 | global_batch_size: 1024 | global_step: 157361 | reduced_train_loss: 2.253
Training epoch 1, iteration 157362/715787 | lr: 0.0002692 | consumed_samples: 161139712 | global_batch_size: 1024 | global_step: 157362 | reduced_train_loss: 2.244
Training epoch 1, iteration 157363/715787 | lr: 0.0002692 | consumed_samples: 161140736 | global_batch_size: 1024 | global_step: 157363 | reduced_train_loss: 2.242
Training epoch 1, iteration 157364/715787 | lr: 0.0002692 | consumed_samples: 161141760 | global_batch_size: 1024 | global_step: 157364 | reduced_train_loss: 2.238
Training epoch 1, iteration 157365/715787 | lr: 0.0002692 | consumed_samples: 161142784 | global_batch_size: 1024 | global_step: 157365 | reduced_train_loss: 2.25
Training epoch 1, iteration 157366/715787 | lr: 0.0002692 | consumed_samples: 161143808 | global_batch_size: 1024 | global_step: 157366 | reduced_train_loss: 2.23
Training epoch 1, iteration 157367/715787 | lr: 0.0002692 | consumed_samples: 161144832 | global_batch_size: 1024 | global_step: 157367 | reduced_train_loss: 2.246
Training epoch 1, iteration 157368/715787 | lr: 0.0002692 | consumed_samples: 161145856 | global_batch_size: 1024 | global_step: 157368 | reduced_train_loss: 2.224
Training epoch 1, iteration 157369/715787 | lr: 0.0002692 | consumed_samples: 161146880 | global_batch_size: 1024 | global_step: 157369 | reduced_train_loss: 2.233
Training epoch 1, iteration 157370/715787 | lr: 0.0002692 | consumed_samples: 161147904 | global_batch_size: 1024 | global_step: 157370 | reduced_train_loss: 2.255
Training epoch 1, iteration 157371/715787 | lr: 0.0002692 | consumed_samples: 161148928 | global_batch_size: 1024 | global_step: 157371 | reduced_train_loss: 2.236
Training epoch 1, iteration 157372/715787 | lr: 0.0002692 | consumed_samples: 161149952 | global_batch_size: 1024 | global_step: 157372 | reduced_train_loss: 2.226
Training epoch 1, iteration 157373/715787 | lr: 0.0002692 | consumed_samples: 161150976 | global_batch_size: 1024 | global_step: 157373 | reduced_train_loss: 2.249
Training epoch 1, iteration 157374/715787 | lr: 0.0002692 | consumed_samples: 161152000 | global_batch_size: 1024 | global_step: 157374 | reduced_train_loss: 2.24
Training epoch 1, iteration 157375/715787 | lr: 0.0002692 | consumed_samples: 161153024 | global_batch_size: 1024 | global_step: 157375 | reduced_train_loss: 2.243
Training epoch 1, iteration 157376/715787 | lr: 0.0002692 | consumed_samples: 161154048 | global_batch_size: 1024 | global_step: 157376 | reduced_train_loss: 2.232
Training epoch 1, iteration 157377/715787 | lr: 0.0002692 | consumed_samples: 161155072 | global_batch_size: 1024 | global_step: 157377 | reduced_train_loss: 2.238
Training epoch 1, iteration 157378/715787 | lr: 0.0002692 | consumed_samples: 161156096 | global_batch_size: 1024 | global_step: 157378 | reduced_train_loss: 2.247
Training epoch 1, iteration 157379/715787 | lr: 0.0002692 | consumed_samples: 161157120 | global_batch_size: 1024 | global_step: 157379 | reduced_train_loss: 2.25
Training epoch 1, iteration 157380/715787 | lr: 0.0002692 | consumed_samples: 161158144 | global_batch_size: 1024 | global_step: 157380 | reduced_train_loss: 2.245
Training epoch 1, iteration 157381/715787 | lr: 0.0002692 | consumed_samples: 161159168 | global_batch_size: 1024 | global_step: 157381 | reduced_train_loss: 2.237
Training epoch 1, iteration 157382/715787 | lr: 0.0002692 | consumed_samples: 161160192 | global_batch_size: 1024 | global_step: 157382 | reduced_train_loss: 2.25
Training epoch 1, iteration 157383/715787 | lr: 0.0002692 | consumed_samples: 161161216 | global_batch_size: 1024 | global_step: 157383 | reduced_train_loss: 2.241
Training epoch 1, iteration 157384/715787 | lr: 0.0002692 | consumed_samples: 161162240 | global_batch_size: 1024 | global_step: 157384 | reduced_train_loss: 2.232
Training epoch 1, iteration 157385/715787 | lr: 0.0002692 | consumed_samples: 161163264 | global_batch_size: 1024 | global_step: 157385 | reduced_train_loss: 2.223
Training epoch 1, iteration 157386/715787 | lr: 0.0002692 | consumed_samples: 161164288 | global_batch_size: 1024 | global_step: 157386 | reduced_train_loss: 2.197
Training epoch 1, iteration 157387/715787 | lr: 0.0002692 | consumed_samples: 161165312 | global_batch_size: 1024 | global_step: 157387 | reduced_train_loss: 2.249
Training epoch 1, iteration 157388/715787 | lr: 0.0002692 | consumed_samples: 161166336 | global_batch_size: 1024 | global_step: 157388 | reduced_train_loss: 2.25
Training epoch 1, iteration 157389/715787 | lr: 0.0002692 | consumed_samples: 161167360 | global_batch_size: 1024 | global_step: 157389 | reduced_train_loss: 2.223
Training epoch 1, iteration 157390/715787 | lr: 0.0002692 | consumed_samples: 161168384 | global_batch_size: 1024 | global_step: 157390 | reduced_train_loss: 2.236
Training epoch 1, iteration 157391/715787 | lr: 0.0002692 | consumed_samples: 161169408 | global_batch_size: 1024 | global_step: 157391 | reduced_train_loss: 2.254
Training epoch 1, iteration 157392/715787 | lr: 0.0002692 | consumed_samples: 161170432 | global_batch_size: 1024 | global_step: 157392 | reduced_train_loss: 2.224
Training epoch 1, iteration 157393/715787 | lr: 0.0002692 | consumed_samples: 161171456 | global_batch_size: 1024 | global_step: 157393 | reduced_train_loss: 2.255
Training epoch 1, iteration 157394/715787 | lr: 0.0002692 | consumed_samples: 161172480 | global_batch_size: 1024 | global_step: 157394 | reduced_train_loss: 2.243
Training epoch 1, iteration 157395/715787 | lr: 0.0002692 | consumed_samples: 161173504 | global_batch_size: 1024 | global_step: 157395 | reduced_train_loss: 2.232
Training epoch 1, iteration 157396/715787 | lr: 0.0002692 | consumed_samples: 161174528 | global_batch_size: 1024 | global_step: 157396 | reduced_train_loss: 2.245
Training epoch 1, iteration 157397/715787 | lr: 0.0002692 | consumed_samples: 161175552 | global_batch_size: 1024 | global_step: 157397 | reduced_train_loss: 2.226
Training epoch 1, iteration 157398/715787 | lr: 0.0002692 | consumed_samples: 161176576 | global_batch_size: 1024 | global_step: 157398 | reduced_train_loss: 2.228
[NeMo I 2026-04-10 15:48:38 nemo_logging:393] Running garbage collection at train global_step: 157400
Training epoch 1, iteration 157399/715787 | lr: 0.0002692 | consumed_samples: 161177600 | global_batch_size: 1024 | global_step: 157399 | reduced_train_loss: 2.227
Training epoch 1, iteration 157400/715787 | lr: 0.0002692 | consumed_samples: 161178624 | global_batch_size: 1024 | global_step: 157400 | reduced_train_loss: 2.246
Training epoch 1, iteration 157401/715787 | lr: 0.0002692 | consumed_samples: 161179648 | global_batch_size: 1024 | global_step: 157401 | reduced_train_loss: 2.246
Training epoch 1, iteration 157402/715787 | lr: 0.0002692 | consumed_samples: 161180672 | global_batch_size: 1024 | global_step: 157402 | reduced_train_loss: 2.234
Training epoch 1, iteration 157403/715787 | lr: 0.0002692 | consumed_samples: 161181696 | global_batch_size: 1024 | global_step: 157403 | reduced_train_loss: 2.213
Training epoch 1, iteration 157404/715787 | lr: 0.0002692 | consumed_samples: 161182720 | global_batch_size: 1024 | global_step: 157404 | reduced_train_loss: 2.253
Training epoch 1, iteration 157405/715787 | lr: 0.0002692 | consumed_samples: 161183744 | global_batch_size: 1024 | global_step: 157405 | reduced_train_loss: 2.234
Training epoch 1, iteration 157406/715787 | lr: 0.0002692 | consumed_samples: 161184768 | global_batch_size: 1024 | global_step: 157406 | reduced_train_loss: 2.223
Training epoch 1, iteration 157407/715787 | lr: 0.0002692 | consumed_samples: 161185792 | global_batch_size: 1024 | global_step: 157407 | reduced_train_loss: 2.229
Training epoch 1, iteration 157408/715787 | lr: 0.0002692 | consumed_samples: 161186816 | global_batch_size: 1024 | global_step: 157408 | reduced_train_loss: 2.228
Training epoch 1, iteration 157409/715787 | lr: 0.0002692 | consumed_samples: 161187840 | global_batch_size: 1024 | global_step: 157409 | reduced_train_loss: 2.24
Training epoch 1, iteration 157410/715787 | lr: 0.0002692 | consumed_samples: 161188864 | global_batch_size: 1024 | global_step: 157410 | reduced_train_loss: 2.222
Training epoch 1, iteration 157411/715787 | lr: 0.0002692 | consumed_samples: 161189888 | global_batch_size: 1024 | global_step: 157411 | reduced_train_loss: 2.227
Training epoch 1, iteration 157412/715787 | lr: 0.0002692 | consumed_samples: 161190912 | global_batch_size: 1024 | global_step: 157412 | reduced_train_loss: 2.24
Training epoch 1, iteration 157413/715787 | lr: 0.0002692 | consumed_samples: 161191936 | global_batch_size: 1024 | global_step: 157413 | reduced_train_loss: 2.23
Training epoch 1, iteration 157414/715787 | lr: 0.0002692 | consumed_samples: 161192960 | global_batch_size: 1024 | global_step: 157414 | reduced_train_loss: 2.232
Training epoch 1, iteration 157415/715787 | lr: 0.0002692 | consumed_samples: 161193984 | global_batch_size: 1024 | global_step: 157415 | reduced_train_loss: 2.243
Training epoch 1, iteration 157416/715787 | lr: 0.0002692 | consumed_samples: 161195008 | global_batch_size: 1024 | global_step: 157416 | reduced_train_loss: 2.217
Training epoch 1, iteration 157417/715787 | lr: 0.0002692 | consumed_samples: 161196032 | global_batch_size: 1024 | global_step: 157417 | reduced_train_loss: 2.217
Training epoch 1, iteration 157418/715787 | lr: 0.0002692 | consumed_samples: 161197056 | global_batch_size: 1024 | global_step: 157418 | reduced_train_loss: 2.251
Training epoch 1, iteration 157419/715787 | lr: 0.0002692 | consumed_samples: 161198080 | global_batch_size: 1024 | global_step: 157419 | reduced_train_loss: 2.228
Training epoch 1, iteration 157420/715787 | lr: 0.0002692 | consumed_samples: 161199104 | global_batch_size: 1024 | global_step: 157420 | reduced_train_loss: 2.228
Training epoch 1, iteration 157421/715787 | lr: 0.0002692 | consumed_samples: 161200128 | global_batch_size: 1024 | global_step: 157421 | reduced_train_loss: 2.238
Training epoch 1, iteration 157422/715787 | lr: 0.0002692 | consumed_samples: 161201152 | global_batch_size: 1024 | global_step: 157422 | reduced_train_loss: 2.23
Training epoch 1, iteration 157423/715787 | lr: 0.0002692 | consumed_samples: 161202176 | global_batch_size: 1024 | global_step: 157423 | reduced_train_loss: 2.227
Training epoch 1, iteration 157424/715787 | lr: 0.0002692 | consumed_samples: 161203200 | global_batch_size: 1024 | global_step: 157424 | reduced_train_loss: 2.25
Training epoch 1, iteration 157425/715787 | lr: 0.0002692 | consumed_samples: 161204224 | global_batch_size: 1024 | global_step: 157425 | reduced_train_loss: 2.23
Training epoch 1, iteration 157426/715787 | lr: 0.0002692 | consumed_samples: 161205248 | global_batch_size: 1024 | global_step: 157426 | reduced_train_loss: 2.249
Training epoch 1, iteration 157427/715787 | lr: 0.0002692 | consumed_samples: 161206272 | global_batch_size: 1024 | global_step: 157427 | reduced_train_loss: 2.248
Training epoch 1, iteration 157428/715787 | lr: 0.0002692 | consumed_samples: 161207296 | global_batch_size: 1024 | global_step: 157428 | reduced_train_loss: 2.232
Training epoch 1, iteration 157429/715787 | lr: 0.0002692 | consumed_samples: 161208320 | global_batch_size: 1024 | global_step: 157429 | reduced_train_loss: 2.228
Training epoch 1, iteration 157430/715787 | lr: 0.0002692 | consumed_samples: 161209344 | global_batch_size: 1024 | global_step: 157430 | reduced_train_loss: 2.248
Training epoch 1, iteration 157431/715787 | lr: 0.0002692 | consumed_samples: 161210368 | global_batch_size: 1024 | global_step: 157431 | reduced_train_loss: 2.238
Training epoch 1, iteration 157432/715787 | lr: 0.0002692 | consumed_samples: 161211392 | global_batch_size: 1024 | global_step: 157432 | reduced_train_loss: 2.22
Training epoch 1, iteration 157433/715787 | lr: 0.0002692 | consumed_samples: 161212416 | global_batch_size: 1024 | global_step: 157433 | reduced_train_loss: 2.264
Training epoch 1, iteration 157434/715787 | lr: 0.0002692 | consumed_samples: 161213440 | global_batch_size: 1024 | global_step: 157434 | reduced_train_loss: 2.24
Training epoch 1, iteration 157435/715787 | lr: 0.0002692 | consumed_samples: 161214464 | global_batch_size: 1024 | global_step: 157435 | reduced_train_loss: 2.236
Training epoch 1, iteration 157436/715787 | lr: 0.0002692 | consumed_samples: 161215488 | global_batch_size: 1024 | global_step: 157436 | reduced_train_loss: 2.249
Training epoch 1, iteration 157437/715787 | lr: 0.0002692 | consumed_samples: 161216512 | global_batch_size: 1024 | global_step: 157437 | reduced_train_loss: 2.243
Training epoch 1, iteration 157438/715787 | lr: 0.0002692 | consumed_samples: 161217536 | global_batch_size: 1024 | global_step: 157438 | reduced_train_loss: 2.245
Training epoch 1, iteration 157439/715787 | lr: 0.0002692 | consumed_samples: 161218560 | global_batch_size: 1024 | global_step: 157439 | reduced_train_loss: 2.263
Training epoch 1, iteration 157440/715787 | lr: 0.0002692 | consumed_samples: 161219584 | global_batch_size: 1024 | global_step: 157440 | reduced_train_loss: 2.24
Training epoch 1, iteration 157441/715787 | lr: 0.0002692 | consumed_samples: 161220608 | global_batch_size: 1024 | global_step: 157441 | reduced_train_loss: 2.236
Training epoch 1, iteration 157442/715787 | lr: 0.0002692 | consumed_samples: 161221632 | global_batch_size: 1024 | global_step: 157442 | reduced_train_loss: 2.224
Training epoch 1, iteration 157443/715787 | lr: 0.0002692 | consumed_samples: 161222656 | global_batch_size: 1024 | global_step: 157443 | reduced_train_loss: 2.232
Training epoch 1, iteration 157444/715787 | lr: 0.0002692 | consumed_samples: 161223680 | global_batch_size: 1024 | global_step: 157444 | reduced_train_loss: 2.237
Training epoch 1, iteration 157445/715787 | lr: 0.0002692 | consumed_samples: 161224704 | global_batch_size: 1024 | global_step: 157445 | reduced_train_loss: 2.233
Training epoch 1, iteration 157446/715787 | lr: 0.0002692 | consumed_samples: 161225728 | global_batch_size: 1024 | global_step: 157446 | reduced_train_loss: 2.236
Training epoch 1, iteration 157447/715787 | lr: 0.0002692 | consumed_samples: 161226752 | global_batch_size: 1024 | global_step: 157447 | reduced_train_loss: 2.239
Training epoch 1, iteration 157448/715787 | lr: 0.0002692 | consumed_samples: 161227776 | global_batch_size: 1024 | global_step: 157448 | reduced_train_loss: 2.22
Training epoch 1, iteration 157449/715787 | lr: 0.0002692 | consumed_samples: 161228800 | global_batch_size: 1024 | global_step: 157449 | reduced_train_loss: 2.227
Training epoch 1, iteration 157450/715787 | lr: 0.0002692 | consumed_samples: 161229824 | global_batch_size: 1024 | global_step: 157450 | reduced_train_loss: 2.237
Training epoch 1, iteration 157451/715787 | lr: 0.0002692 | consumed_samples: 161230848 | global_batch_size: 1024 | global_step: 157451 | reduced_train_loss: 2.213
Training epoch 1, iteration 157452/715787 | lr: 0.0002692 | consumed_samples: 161231872 | global_batch_size: 1024 | global_step: 157452 | reduced_train_loss: 2.25
Training epoch 1, iteration 157453/715787 | lr: 0.0002692 | consumed_samples: 161232896 | global_batch_size: 1024 | global_step: 157453 | reduced_train_loss: 2.247
Training epoch 1, iteration 157454/715787 | lr: 0.0002692 | consumed_samples: 161233920 | global_batch_size: 1024 | global_step: 157454 | reduced_train_loss: 2.226
Training epoch 1, iteration 157455/715787 | lr: 0.0002692 | consumed_samples: 161234944 | global_batch_size: 1024 | global_step: 157455 | reduced_train_loss: 2.241
Training epoch 1, iteration 157456/715787 | lr: 0.0002692 | consumed_samples: 161235968 | global_batch_size: 1024 | global_step: 157456 | reduced_train_loss: 2.238
Training epoch 1, iteration 157457/715787 | lr: 0.0002692 | consumed_samples: 161236992 | global_batch_size: 1024 | global_step: 157457 | reduced_train_loss: 2.24
Training epoch 1, iteration 157458/715787 | lr: 0.0002692 | consumed_samples: 161238016 | global_batch_size: 1024 | global_step: 157458 | reduced_train_loss: 2.228
Training epoch 1, iteration 157459/715787 | lr: 0.0002692 | consumed_samples: 161239040 | global_batch_size: 1024 | global_step: 157459 | reduced_train_loss: 2.255
Training epoch 1, iteration 157460/715787 | lr: 0.0002692 | consumed_samples: 161240064 | global_batch_size: 1024 | global_step: 157460 | reduced_train_loss: 2.233
Training epoch 1, iteration 157461/715787 | lr: 0.0002692 | consumed_samples: 161241088 | global_batch_size: 1024 | global_step: 157461 | reduced_train_loss: 2.216
Training epoch 1, iteration 157462/715787 | lr: 0.0002692 | consumed_samples: 161242112 | global_batch_size: 1024 | global_step: 157462 | reduced_train_loss: 2.22
Training epoch 1, iteration 157463/715787 | lr: 0.0002692 | consumed_samples: 161243136 | global_batch_size: 1024 | global_step: 157463 | reduced_train_loss: 2.232
Training epoch 1, iteration 157464/715787 | lr: 0.0002692 | consumed_samples: 161244160 | global_batch_size: 1024 | global_step: 157464 | reduced_train_loss: 2.267
Training epoch 1, iteration 157465/715787 | lr: 0.0002692 | consumed_samples: 161245184 | global_batch_size: 1024 | global_step: 157465 | reduced_train_loss: 2.222
Training epoch 1, iteration 157466/715787 | lr: 0.0002692 | consumed_samples: 161246208 | global_batch_size: 1024 | global_step: 157466 | reduced_train_loss: 2.232
Training epoch 1, iteration 157467/715787 | lr: 0.0002692 | consumed_samples: 161247232 | global_batch_size: 1024 | global_step: 157467 | reduced_train_loss: 2.249
Training epoch 1, iteration 157468/715787 | lr: 0.0002692 | consumed_samples: 161248256 | global_batch_size: 1024 | global_step: 157468 | reduced_train_loss: 2.23
Training epoch 1, iteration 157469/715787 | lr: 0.0002692 | consumed_samples: 161249280 | global_batch_size: 1024 | global_step: 157469 | reduced_train_loss: 2.217
Training epoch 1, iteration 157470/715787 | lr: 0.0002692 | consumed_samples: 161250304 | global_batch_size: 1024 | global_step: 157470 | reduced_train_loss: 2.247
Training epoch 1, iteration 157471/715787 | lr: 0.0002692 | consumed_samples: 161251328 | global_batch_size: 1024 | global_step: 157471 | reduced_train_loss: 2.245
Training epoch 1, iteration 157472/715787 | lr: 0.0002692 | consumed_samples: 161252352 | global_batch_size: 1024 | global_step: 157472 | reduced_train_loss: 2.209
Training epoch 1, iteration 157473/715787 | lr: 0.0002692 | consumed_samples: 161253376 | global_batch_size: 1024 | global_step: 157473 | reduced_train_loss: 2.236
Training epoch 1, iteration 157474/715787 | lr: 0.0002692 | consumed_samples: 161254400 | global_batch_size: 1024 | global_step: 157474 | reduced_train_loss: 2.221
Training epoch 1, iteration 157475/715787 | lr: 0.0002692 | consumed_samples: 161255424 | global_batch_size: 1024 | global_step: 157475 | reduced_train_loss: 2.244
Training epoch 1, iteration 157476/715787 | lr: 0.0002692 | consumed_samples: 161256448 | global_batch_size: 1024 | global_step: 157476 | reduced_train_loss: 2.235
Training epoch 1, iteration 157477/715787 | lr: 0.0002692 | consumed_samples: 161257472 | global_batch_size: 1024 | global_step: 157477 | reduced_train_loss: 2.223
Training epoch 1, iteration 157478/715787 | lr: 0.0002692 | consumed_samples: 161258496 | global_batch_size: 1024 | global_step: 157478 | reduced_train_loss: 2.249
Training epoch 1, iteration 157479/715787 | lr: 0.0002692 | consumed_samples: 161259520 | global_batch_size: 1024 | global_step: 157479 | reduced_train_loss: 2.253
Training epoch 1, iteration 157480/715787 | lr: 0.0002692 | consumed_samples: 161260544 | global_batch_size: 1024 | global_step: 157480 | reduced_train_loss: 2.25
Training epoch 1, iteration 157481/715787 | lr: 0.0002692 | consumed_samples: 161261568 | global_batch_size: 1024 | global_step: 157481 | reduced_train_loss: 2.238
Training epoch 1, iteration 157482/715787 | lr: 0.0002692 | consumed_samples: 161262592 | global_batch_size: 1024 | global_step: 157482 | reduced_train_loss: 2.244
Training epoch 1, iteration 157483/715787 | lr: 0.0002692 | consumed_samples: 161263616 | global_batch_size: 1024 | global_step: 157483 | reduced_train_loss: 2.226
Training epoch 1, iteration 157484/715787 | lr: 0.0002692 | consumed_samples: 161264640 | global_batch_size: 1024 | global_step: 157484 | reduced_train_loss: 2.252
Training epoch 1, iteration 157485/715787 | lr: 0.0002692 | consumed_samples: 161265664 | global_batch_size: 1024 | global_step: 157485 | reduced_train_loss: 2.235
Training epoch 1, iteration 157486/715787 | lr: 0.0002692 | consumed_samples: 161266688 | global_batch_size: 1024 | global_step: 157486 | reduced_train_loss: 2.236
Training epoch 1, iteration 157487/715787 | lr: 0.0002692 | consumed_samples: 161267712 | global_batch_size: 1024 | global_step: 157487 | reduced_train_loss: 2.233
Training epoch 1, iteration 157488/715787 | lr: 0.0002692 | consumed_samples: 161268736 | global_batch_size: 1024 | global_step: 157488 | reduced_train_loss: 2.223
Training epoch 1, iteration 157489/715787 | lr: 0.0002692 | consumed_samples: 161269760 | global_batch_size: 1024 | global_step: 157489 | reduced_train_loss: 2.227
Training epoch 1, iteration 157490/715787 | lr: 0.0002692 | consumed_samples: 161270784 | global_batch_size: 1024 | global_step: 157490 | reduced_train_loss: 2.228
Training epoch 1, iteration 157491/715787 | lr: 0.0002692 | consumed_samples: 161271808 | global_batch_size: 1024 | global_step: 157491 | reduced_train_loss: 2.212
Training epoch 1, iteration 157492/715787 | lr: 0.0002692 | consumed_samples: 161272832 | global_batch_size: 1024 | global_step: 157492 | reduced_train_loss: 2.228
Training epoch 1, iteration 157493/715787 | lr: 0.0002692 | consumed_samples: 161273856 | global_batch_size: 1024 | global_step: 157493 | reduced_train_loss: 2.228
Training epoch 1, iteration 157494/715787 | lr: 0.0002692 | consumed_samples: 161274880 | global_batch_size: 1024 | global_step: 157494 | reduced_train_loss: 2.23
Training epoch 1, iteration 157495/715787 | lr: 0.0002692 | consumed_samples: 161275904 | global_batch_size: 1024 | global_step: 157495 | reduced_train_loss: 2.24
Training epoch 1, iteration 157496/715787 | lr: 0.0002692 | consumed_samples: 161276928 | global_batch_size: 1024 | global_step: 157496 | reduced_train_loss: 2.227
Training epoch 1, iteration 157497/715787 | lr: 0.0002692 | consumed_samples: 161277952 | global_batch_size: 1024 | global_step: 157497 | reduced_train_loss: 2.244
Training epoch 1, iteration 157498/715787 | lr: 0.0002692 | consumed_samples: 161278976 | global_batch_size: 1024 | global_step: 157498 | reduced_train_loss: 2.257
[NeMo I 2026-04-10 16:15:28 nemo_logging:393] Running garbage collection at train global_step: 157500
[NeMo I 2026-04-10 16:15:28 nemo_logging:393] Step 157500 - SSA n values:
[NeMo I 2026-04-10 16:15:28 nemo_logging:393]   Layer 0: n = 3.531250
[NeMo I 2026-04-10 16:15:28 nemo_logging:393]   Layer 1: n = 1.117188
[NeMo I 2026-04-10 16:15:28 nemo_logging:393]   Layer 2: n = 2.468750
[NeMo I 2026-04-10 16:15:28 nemo_logging:393]   Layer 3: n = 2.750000
[NeMo I 2026-04-10 16:15:28 nemo_logging:393]   Layer 4: n = 3.156250
[NeMo I 2026-04-10 16:15:28 nemo_logging:393]   Layer 5: n = 3.125000
[NeMo I 2026-04-10 16:15:28 nemo_logging:393]   Layer 6: n = 3.687500
[NeMo I 2026-04-10 16:15:28 nemo_logging:393]   Layer 7: n = 3.906250
[NeMo I 2026-04-10 16:15:28 nemo_logging:393]   Layer 8: n = 3.843750
[NeMo I 2026-04-10 16:15:28 nemo_logging:393]   Layer 9: n = 3.437500
[NeMo I 2026-04-10 16:15:28 nemo_logging:393]   Layer 10: n = 3.671875
[NeMo I 2026-04-10 16:15:28 nemo_logging:393]   Layer 11: n = 3.812500
[NeMo I 2026-04-10 16:15:28 nemo_logging:393]   Layer 12: n = 3.328125
[NeMo I 2026-04-10 16:15:28 nemo_logging:393]   Layer 13: n = 3.531250
[NeMo I 2026-04-10 16:15:28 nemo_logging:393]   Layer 14: n = 3.562500
[NeMo I 2026-04-10 16:15:28 nemo_logging:393]   Layer 15: n = 3.734375
[NeMo I 2026-04-10 16:15:28 nemo_logging:393]   Layer 16: n = 2.812500
[NeMo I 2026-04-10 16:15:28 nemo_logging:393]   Layer 17: n = 4.062500
[NeMo I 2026-04-10 16:15:28 nemo_logging:393]   Layer 18: n = 3.406250
[NeMo I 2026-04-10 16:15:28 nemo_logging:393]   Layer 19: n = 3.375000
[NeMo I 2026-04-10 16:15:28 nemo_logging:393]   Layer 20: n = 2.500000
[NeMo I 2026-04-10 16:15:28 nemo_logging:393]   Layer 21: n = 3.187500
[NeMo I 2026-04-10 16:15:28 nemo_logging:393]   Layer 22: n = 3.250000
[NeMo I 2026-04-10 16:15:28 nemo_logging:393]   Layer 23: n = -1144.000000
INFO: Epoch 1, global step 157499: 'step' reached 157499.00000 (best 157499.00000), saving model to '/tmpdir/barman/bs1024_fullrun/outputs/nemotron-1B-SSA-Triton-bs1024/checkpoints/nemotron-1B-SSA-Triton-bs1024-step=0157499.ckpt' as top 315
INFO:lightning.pytorch.utilities.rank_zero:Epoch 1, global step 157499: 'step' reached 157499.00000 (best 157499.00000), saving model to '/tmpdir/barman/bs1024_fullrun/outputs/nemotron-1B-SSA-Triton-bs1024/checkpoints/nemotron-1B-SSA-Triton-bs1024-step=0157499.ckpt' as top 315
[NeMo W 2026-04-10 16:15:29 validation:389] There is difference in the common state dict in different ranks. The differences are {1: ([], [], [(('optimizer', 0, 'optimizer', 'param_groups', 1, 'step'), <class 'int'>, <class 'int'>)]), 2: ([], [], [(('optimizer', 0, 'optimizer', 'param_groups', 1, 'step'), <class 'int'>, <class 'int'>)]), 3: ([], [], [(('optimizer', 0, 'optimizer', 'param_groups', 1, 'step'), <class 'int'>, <class 'int'>)]), 4: ([], [], [(('optimizer', 0, 'optimizer', 'param_groups', 1, 'step'), <class 'int'>, <class 'int'>)]), 5: ([], [], [(('optimizer', 0, 'optimizer', 'param_groups', 1, 'step'), <class 'int'>, <class 'int'>)]), 6: ([], [], [(('optimizer', 0, 'optimizer', 'param_groups', 1, 'step'), <class 'int'>, <class 'int'>)]), 7: ([], [], [(('optimizer', 0, 'optimizer', 'param_groups', 1, 'step'), <class 'int'>, <class 'int'>)]), 8: ([], [], [(('optimizer', 0, 'optimizer', 'param_groups', 1, 'step'), <class 'int'>, <class 'int'>)]), 9: ([], [], [(('optimizer', 0, 'optimizer', 'param_groups', 1, 'step'), <class 'int'>, <class 'int'>)]), 10: ([], [], [(('optimizer', 0, 'optimizer', 'param_groups', 1, 'step'), <class 'int'>, <class 'int'>)]), 11: ([], [], [(('optimizer', 0, 'optimizer', 'param_groups', 1, 'step'), <class 'int'>, <class 'int'>)]), 13: ([], [], [(('optimizer', 0, 'optimizer', 'param_groups', 1, 'step'), <class 'int'>, <class 'int'>)]), 14: ([], [], [(('optimizer', 0, 'optimizer', 'param_groups', 1, 'step'), <class 'int'>, <class 'int'>)]), 15: ([], [], [(('optimizer', 0, 'optimizer', 'param_groups', 1, 'step'), <class 'int'>, <class 'int'>)])}
Training epoch 1, iteration 157499/715787 | lr: 0.0002692 | consumed_samples: 161280000 | global_batch_size: 1024 | global_step: 157499 | reduced_train_loss: 2.259
[NeMo I 2026-04-10 16:15:29 nemo_logging:393] Global Checkpoint Save : Rank: 0 : Iteration: 157454 : Start time: 1775830529.168s : Save duration: 0.624s
[NeMo I 2026-04-10 16:15:29 nemo_logging:393] Scheduled async checkpoint save for /tmpdir/barman/bs1024_fullrun/outputs/nemotron-1B-SSA-Triton-bs1024/checkpoints/nemotron-1B-SSA-Triton-bs1024-step=0157499.ckpt
[NeMo W 2026-04-10 16:15:31 validation:389] There is difference in the common state dict in different ranks. The differences are {1: ([], [], [(('optimizer', 0, 'optimizer', 'param_groups', 1, 'step'), <class 'int'>, <class 'int'>)]), 2: ([], [], [(('optimizer', 0, 'optimizer', 'param_groups', 1, 'step'), <class 'int'>, <class 'int'>)]), 3: ([], [], [(('optimizer', 0, 'optimizer', 'param_groups', 1, 'step'), <class 'int'>, <class 'int'>)]), 4: ([], [], [(('optimizer', 0, 'optimizer', 'param_groups', 1, 'step'), <class 'int'>, <class 'int'>)]), 5: ([], [], [(('optimizer', 0, 'optimizer', 'param_groups', 1, 'step'), <class 'int'>, <class 'int'>)]), 6: ([], [], [(('optimizer', 0, 'optimizer', 'param_groups', 1, 'step'), <class 'int'>, <class 'int'>)]), 7: ([], [], [(('optimizer', 0, 'optimizer', 'param_groups', 1, 'step'), <class 'int'>, <class 'int'>)]), 8: ([], [], [(('optimizer', 0, 'optimizer', 'param_groups', 1, 'step'), <class 'int'>, <class 'int'>)]), 9: ([], [], [(('optimizer', 0, 'optimizer', 'param_groups', 1, 'step'), <class 'int'>, <class 'int'>)]), 10: ([], [], [(('optimizer', 0, 'optimizer', 'param_groups', 1, 'step'), <class 'int'>, <class 'int'>)]), 11: ([], [], [(('optimizer', 0, 'optimizer', 'param_groups', 1, 'step'), <class 'int'>, <class 'int'>)]), 13: ([], [], [(('optimizer', 0, 'optimizer', 'param_groups', 1, 'step'), <class 'int'>, <class 'int'>)]), 14: ([], [], [(('optimizer', 0, 'optimizer', 'param_groups', 1, 'step'), <class 'int'>, <class 'int'>)]), 15: ([], [], [(('optimizer', 0, 'optimizer', 'param_groups', 1, 'step'), <class 'int'>, <class 'int'>)])}
[NeMo I 2026-04-10 16:15:31 nemo_logging:393] Global Checkpoint Save : Rank: 0 : Iteration: 157454 : Start time: 1775830531.101s : Save duration: 0.692s
[NeMo I 2026-04-10 16:15:31 nemo_logging:393] Scheduled async checkpoint save for /tmpdir/barman/bs1024_fullrun/outputs/nemotron-1B-SSA-Triton-bs1024/checkpoints/nemotron-1B-SSA-Triton-bs1024-step=0157499-last.ckpt
[NeMo I 2026-04-10 16:15:31 nemo_logging:393] Successfully saved checkpoint from iteration  157454 to /tmpdir/barman/bs1024_fullrun/outputs/nemotron-1B-SSA-Triton-bs1024/checkpoints/nemotron-1B-SSA-Triton-bs1024-step=0157499.ckpt
[NeMo I 2026-04-10 16:15:31 nemo_logging:393] Async checkpoint save for step 157500 (/tmpdir/barman/bs1024_fullrun/outputs/nemotron-1B-SSA-Triton-bs1024/checkpoints/nemotron-1B-SSA-Triton-bs1024-step=0157499.ckpt) finalized successfully.
[NeMo I 2026-04-10 16:15:31 nemo_logging:393] Async finalization time took 0.062 s
Training epoch 1, iteration 157500/715787 | lr: 0.0002692 | consumed_samples: 161281024 | global_batch_size: 1024 | global_step: 157500 | reduced_train_loss: 2.259
[NeMo I 2026-04-10 16:15:47 nemo_logging:393] Successfully saved checkpoint from iteration  157454 to /tmpdir/barman/bs1024_fullrun/outputs/nemotron-1B-SSA-Triton-bs1024/checkpoints/nemotron-1B-SSA-Triton-bs1024-step=0157499-last.ckpt
[NeMo I 2026-04-10 16:15:47 nemo_logging:393] Async checkpoint save for step 157500 (/tmpdir/barman/bs1024_fullrun/outputs/nemotron-1B-SSA-Triton-bs1024/checkpoints/nemotron-1B-SSA-Triton-bs1024-step=0157499-last.ckpt) finalized successfully.
[NeMo I 2026-04-10 16:15:47 nemo_logging:393] Async finalization time took 0.088 s
Training epoch 1, iteration 157501/715787 | lr: 0.0002692 | consumed_samples: 161282048 | global_batch_size: 1024 | global_step: 157501 | reduced_train_loss: 2.247
Training epoch 1, iteration 157502/715787 | lr: 0.0002692 | consumed_samples: 161283072 | global_batch_size: 1024 | global_step: 157502 | reduced_train_loss: 2.257
Training epoch 1, iteration 157503/715787 | lr: 0.0002692 | consumed_samples: 161284096 | global_batch_size: 1024 | global_step: 157503 | reduced_train_loss: 2.245
Training epoch 1, iteration 157504/715787 | lr: 0.0002692 | consumed_samples: 161285120 | global_batch_size: 1024 | global_step: 157504 | reduced_train_loss: 2.229
Training epoch 1, iteration 157505/715787 | lr: 0.0002692 | consumed_samples: 161286144 | global_batch_size: 1024 | global_step: 157505 | reduced_train_loss: 2.241
Training epoch 1, iteration 157506/715787 | lr: 0.0002692 | consumed_samples: 161287168 | global_batch_size: 1024 | global_step: 157506 | reduced_train_loss: 2.253
Training epoch 1, iteration 157507/715787 | lr: 0.0002692 | consumed_samples: 161288192 | global_batch_size: 1024 | global_step: 157507 | reduced_train_loss: 2.214
Training epoch 1, iteration 157508/715787 | lr: 0.0002692 | consumed_samples: 161289216 | global_batch_size: 1024 | global_step: 157508 | reduced_train_loss: 2.24
Training epoch 1, iteration 157509/715787 | lr: 0.0002692 | consumed_samples: 161290240 | global_batch_size: 1024 | global_step: 157509 | reduced_train_loss: 2.252
Training epoch 1, iteration 157510/715787 | lr: 0.0002692 | consumed_samples: 161291264 | global_batch_size: 1024 | global_step: 157510 | reduced_train_loss: 2.237
Training epoch 1, iteration 157511/715787 | lr: 0.0002692 | consumed_samples: 161292288 | global_batch_size: 1024 | global_step: 157511 | reduced_train_loss: 2.215
Training epoch 1, iteration 157512/715787 | lr: 0.0002692 | consumed_samples: 161293312 | global_batch_size: 1024 | global_step: 157512 | reduced_train_loss: 2.239
Training epoch 1, iteration 157513/715787 | lr: 0.0002692 | consumed_samples: 161294336 | global_batch_size: 1024 | global_step: 157513 | reduced_train_loss: 2.24
Training epoch 1, iteration 157514/715787 | lr: 0.0002692 | consumed_samples: 161295360 | global_batch_size: 1024 | global_step: 157514 | reduced_train_loss: 2.242
Training epoch 1, iteration 157515/715787 | lr: 0.0002692 | consumed_samples: 161296384 | global_batch_size: 1024 | global_step: 157515 | reduced_train_loss: 2.236
Training epoch 1, iteration 157516/715787 | lr: 0.0002692 | consumed_samples: 161297408 | global_batch_size: 1024 | global_step: 157516 | reduced_train_loss: 2.232
Training epoch 1, iteration 157517/715787 | lr: 0.0002692 | consumed_samples: 161298432 | global_batch_size: 1024 | global_step: 157517 | reduced_train_loss: 2.246
Training epoch 1, iteration 157518/715787 | lr: 0.0002691 | consumed_samples: 161299456 | global_batch_size: 1024 | global_step: 157518 | reduced_train_loss: 2.229
Training epoch 1, iteration 157519/715787 | lr: 0.0002691 | consumed_samples: 161300480 | global_batch_size: 1024 | global_step: 157519 | reduced_train_loss: 2.245
Training epoch 1, iteration 157520/715787 | lr: 0.0002691 | consumed_samples: 161301504 | global_batch_size: 1024 | global_step: 157520 | reduced_train_loss: 2.224
Training epoch 1, iteration 157521/715787 | lr: 0.0002691 | consumed_samples: 161302528 | global_batch_size: 1024 | global_step: 157521 | reduced_train_loss: 2.254
Training epoch 1, iteration 157522/715787 | lr: 0.0002691 | consumed_samples: 161303552 | global_batch_size: 1024 | global_step: 157522 | reduced_train_loss: 2.244
Training epoch 1, iteration 157523/715787 | lr: 0.0002691 | consumed_samples: 161304576 | global_batch_size: 1024 | global_step: 157523 | reduced_train_loss: 2.235
Training epoch 1, iteration 157524/715787 | lr: 0.0002691 | consumed_samples: 161305600 | global_batch_size: 1024 | global_step: 157524 | reduced_train_loss: 2.241
Training epoch 1, iteration 157525/715787 | lr: 0.0002691 | consumed_samples: 161306624 | global_batch_size: 1024 | global_step: 157525 | reduced_train_loss: 2.239
Training epoch 1, iteration 157526/715787 | lr: 0.0002691 | consumed_samples: 161307648 | global_batch_size: 1024 | global_step: 157526 | reduced_train_loss: 2.245
Training epoch 1, iteration 157527/715787 | lr: 0.0002691 | consumed_samples: 161308672 | global_batch_size: 1024 | global_step: 157527 | reduced_train_loss: 2.226
Training epoch 1, iteration 157528/715787 | lr: 0.0002691 | consumed_samples: 161309696 | global_batch_size: 1024 | global_step: 157528 | reduced_train_loss: 2.254
Training epoch 1, iteration 157529/715787 | lr: 0.0002691 | consumed_samples: 161310720 | global_batch_size: 1024 | global_step: 157529 | reduced_train_loss: 2.246
Training epoch 1, iteration 157530/715787 | lr: 0.0002691 | consumed_samples: 161311744 | global_batch_size: 1024 | global_step: 157530 | reduced_train_loss: 2.237
Training epoch 1, iteration 157531/715787 | lr: 0.0002691 | consumed_samples: 161312768 | global_batch_size: 1024 | global_step: 157531 | reduced_train_loss: 2.232
Training epoch 1, iteration 157532/715787 | lr: 0.0002691 | consumed_samples: 161313792 | global_batch_size: 1024 | global_step: 157532 | reduced_train_loss: 2.239
Training epoch 1, iteration 157533/715787 | lr: 0.0002691 | consumed_samples: 161314816 | global_batch_size: 1024 | global_step: 157533 | reduced_train_loss: 2.243
Training epoch 1, iteration 157534/715787 | lr: 0.0002691 | consumed_samples: 161315840 | global_batch_size: 1024 | global_step: 157534 | reduced_train_loss: 2.245
Training epoch 1, iteration 157535/715787 | lr: 0.0002691 | consumed_samples: 161316864 | global_batch_size: 1024 | global_step: 157535 | reduced_train_loss: 2.225
Training epoch 1, iteration 157536/715787 | lr: 0.0002691 | consumed_samples: 161317888 | global_batch_size: 1024 | global_step: 157536 | reduced_train_loss: 2.255
Training epoch 1, iteration 157537/715787 | lr: 0.0002691 | consumed_samples: 161318912 | global_batch_size: 1024 | global_step: 157537 | reduced_train_loss: 2.221
Training epoch 1, iteration 157538/715787 | lr: 0.0002691 | consumed_samples: 161319936 | global_batch_size: 1024 | global_step: 157538 | reduced_train_loss: 2.239
Training epoch 1, iteration 157539/715787 | lr: 0.0002691 | consumed_samples: 161320960 | global_batch_size: 1024 | global_step: 157539 | reduced_train_loss: 2.212
Training epoch 1, iteration 157540/715787 | lr: 0.0002691 | consumed_samples: 161321984 | global_batch_size: 1024 | global_step: 157540 | reduced_train_loss: 2.251
Training epoch 1, iteration 157541/715787 | lr: 0.0002691 | consumed_samples: 161323008 | global_batch_size: 1024 | global_step: 157541 | reduced_train_loss: 2.223
Training epoch 1, iteration 157542/715787 | lr: 0.0002691 | consumed_samples: 161324032 | global_batch_size: 1024 | global_step: 157542 | reduced_train_loss: 2.241
Training epoch 1, iteration 157543/715787 | lr: 0.0002691 | consumed_samples: 161325056 | global_batch_size: 1024 | global_step: 157543 | reduced_train_loss: 2.249
Training epoch 1, iteration 157544/715787 | lr: 0.0002691 | consumed_samples: 161326080 | global_batch_size: 1024 | global_step: 157544 | reduced_train_loss: 2.261
Training epoch 1, iteration 157545/715787 | lr: 0.0002691 | consumed_samples: 161327104 | global_batch_size: 1024 | global_step: 157545 | reduced_train_loss: 2.254
Training epoch 1, iteration 157546/715787 | lr: 0.0002691 | consumed_samples: 161328128 | global_batch_size: 1024 | global_step: 157546 | reduced_train_loss: 2.245
Training epoch 1, iteration 157547/715787 | lr: 0.0002691 | consumed_samples: 161329152 | global_batch_size: 1024 | global_step: 157547 | reduced_train_loss: 2.234
Training epoch 1, iteration 157548/715787 | lr: 0.0002691 | consumed_samples: 161330176 | global_batch_size: 1024 | global_step: 157548 | reduced_train_loss: 2.231
Training epoch 1, iteration 157549/715787 | lr: 0.0002691 | consumed_samples: 161331200 | global_batch_size: 1024 | global_step: 157549 | reduced_train_loss: 2.233
Training epoch 1, iteration 157550/715787 | lr: 0.0002691 | consumed_samples: 161332224 | global_batch_size: 1024 | global_step: 157550 | reduced_train_loss: 2.236
Training epoch 1, iteration 157551/715787 | lr: 0.0002691 | consumed_samples: 161333248 | global_batch_size: 1024 | global_step: 157551 | reduced_train_loss: 2.251
Training epoch 1, iteration 157552/715787 | lr: 0.0002691 | consumed_samples: 161334272 | global_batch_size: 1024 | global_step: 157552 | reduced_train_loss: 2.237
Training epoch 1, iteration 157553/715787 | lr: 0.0002691 | consumed_samples: 161335296 | global_batch_size: 1024 | global_step: 157553 | reduced_train_loss: 2.239
Training epoch 1, iteration 157554/715787 | lr: 0.0002691 | consumed_samples: 161336320 | global_batch_size: 1024 | global_step: 157554 | reduced_train_loss: 2.236
Training epoch 1, iteration 157555/715787 | lr: 0.0002691 | consumed_samples: 161337344 | global_batch_size: 1024 | global_step: 157555 | reduced_train_loss: 2.23
Training epoch 1, iteration 157556/715787 | lr: 0.0002691 | consumed_samples: 161338368 | global_batch_size: 1024 | global_step: 157556 | reduced_train_loss: 2.235
Training epoch 1, iteration 157557/715787 | lr: 0.0002691 | consumed_samples: 161339392 | global_batch_size: 1024 | global_step: 157557 | reduced_train_loss: 2.232
Training epoch 1, iteration 157558/715787 | lr: 0.0002691 | consumed_samples: 161340416 | global_batch_size: 1024 | global_step: 157558 | reduced_train_loss: 2.229
Training epoch 1, iteration 157559/715787 | lr: 0.0002691 | consumed_samples: 161341440 | global_batch_size: 1024 | global_step: 157559 | reduced_train_loss: 2.251
Training epoch 1, iteration 157560/715787 | lr: 0.0002691 | consumed_samples: 161342464 | global_batch_size: 1024 | global_step: 157560 | reduced_train_loss: 2.233
Training epoch 1, iteration 157561/715787 | lr: 0.0002691 | consumed_samples: 161343488 | global_batch_size: 1024 | global_step: 157561 | reduced_train_loss: 2.247
Training epoch 1, iteration 157562/715787 | lr: 0.0002691 | consumed_samples: 161344512 | global_batch_size: 1024 | global_step: 157562 | reduced_train_loss: 2.242
Training epoch 1, iteration 157563/715787 | lr: 0.0002691 | consumed_samples: 161345536 | global_batch_size: 1024 | global_step: 157563 | reduced_train_loss: 2.215
Training epoch 1, iteration 157564/715787 | lr: 0.0002691 | consumed_samples: 161346560 | global_batch_size: 1024 | global_step: 157564 | reduced_train_loss: 2.232
Training epoch 1, iteration 157565/715787 | lr: 0.0002691 | consumed_samples: 161347584 | global_batch_size: 1024 | global_step: 157565 | reduced_train_loss: 2.23
Training epoch 1, iteration 157566/715787 | lr: 0.0002691 | consumed_samples: 161348608 | global_batch_size: 1024 | global_step: 157566 | reduced_train_loss: 2.227
Training epoch 1, iteration 157567/715787 | lr: 0.0002691 | consumed_samples: 161349632 | global_batch_size: 1024 | global_step: 157567 | reduced_train_loss: 2.219
Training epoch 1, iteration 157568/715787 | lr: 0.0002691 | consumed_samples: 161350656 | global_batch_size: 1024 | global_step: 157568 | reduced_train_loss: 2.241
Training epoch 1, iteration 157569/715787 | lr: 0.0002691 | consumed_samples: 161351680 | global_batch_size: 1024 | global_step: 157569 | reduced_train_loss: 2.213
Training epoch 1, iteration 157570/715787 | lr: 0.0002691 | consumed_samples: 161352704 | global_batch_size: 1024 | global_step: 157570 | reduced_train_loss: 2.222
Training epoch 1, iteration 157571/715787 | lr: 0.0002691 | consumed_samples: 161353728 | global_batch_size: 1024 | global_step: 157571 | reduced_train_loss: 2.23
Training epoch 1, iteration 157572/715787 | lr: 0.0002691 | consumed_samples: 161354752 | global_batch_size: 1024 | global_step: 157572 | reduced_train_loss: 2.229
Training epoch 1, iteration 157573/715787 | lr: 0.0002691 | consumed_samples: 161355776 | global_batch_size: 1024 | global_step: 157573 | reduced_train_loss: 2.226
Training epoch 1, iteration 157574/715787 | lr: 0.0002691 | consumed_samples: 161356800 | global_batch_size: 1024 | global_step: 157574 | reduced_train_loss: 2.22
Training epoch 1, iteration 157575/715787 | lr: 0.0002691 | consumed_samples: 161357824 | global_batch_size: 1024 | global_step: 157575 | reduced_train_loss: 2.237
Training epoch 1, iteration 157576/715787 | lr: 0.0002691 | consumed_samples: 161358848 | global_batch_size: 1024 | global_step: 157576 | reduced_train_loss: 2.237
Training epoch 1, iteration 157577/715787 | lr: 0.0002691 | consumed_samples: 161359872 | global_batch_size: 1024 | global_step: 157577 | reduced_train_loss: 2.231
Training epoch 1, iteration 157578/715787 | lr: 0.0002691 | consumed_samples: 161360896 | global_batch_size: 1024 | global_step: 157578 | reduced_train_loss: 2.239
Training epoch 1, iteration 157579/715787 | lr: 0.0002691 | consumed_samples: 161361920 | global_batch_size: 1024 | global_step: 157579 | reduced_train_loss: 2.217
Training epoch 1, iteration 157580/715787 | lr: 0.0002691 | consumed_samples: 161362944 | global_batch_size: 1024 | global_step: 157580 | reduced_train_loss: 2.231
Training epoch 1, iteration 157581/715787 | lr: 0.0002691 | consumed_samples: 161363968 | global_batch_size: 1024 | global_step: 157581 | reduced_train_loss: 2.226
Training epoch 1, iteration 157582/715787 | lr: 0.0002691 | consumed_samples: 161364992 | global_batch_size: 1024 | global_step: 157582 | reduced_train_loss: 2.237
Training epoch 1, iteration 157583/715787 | lr: 0.0002691 | consumed_samples: 161366016 | global_batch_size: 1024 | global_step: 157583 | reduced_train_loss: 2.217
Training epoch 1, iteration 157584/715787 | lr: 0.0002691 | consumed_samples: 161367040 | global_batch_size: 1024 | global_step: 157584 | reduced_train_loss: 2.231
Training epoch 1, iteration 157585/715787 | lr: 0.0002691 | consumed_samples: 161368064 | global_batch_size: 1024 | global_step: 157585 | reduced_train_loss: 2.244
Training epoch 1, iteration 157586/715787 | lr: 0.0002691 | consumed_samples: 161369088 | global_batch_size: 1024 | global_step: 157586 | reduced_train_loss: 2.228
Training epoch 1, iteration 157587/715787 | lr: 0.0002691 | consumed_samples: 161370112 | global_batch_size: 1024 | global_step: 157587 | reduced_train_loss: 2.236
Training epoch 1, iteration 157588/715787 | lr: 0.0002691 | consumed_samples: 161371136 | global_batch_size: 1024 | global_step: 157588 | reduced_train_loss: 2.223
Training epoch 1, iteration 157589/715787 | lr: 0.0002691 | consumed_samples: 161372160 | global_batch_size: 1024 | global_step: 157589 | reduced_train_loss: 2.234
Training epoch 1, iteration 157590/715787 | lr: 0.0002691 | consumed_samples: 161373184 | global_batch_size: 1024 | global_step: 157590 | reduced_train_loss: 2.238
Training epoch 1, iteration 157591/715787 | lr: 0.0002691 | consumed_samples: 161374208 | global_batch_size: 1024 | global_step: 157591 | reduced_train_loss: 2.252
Training epoch 1, iteration 157592/715787 | lr: 0.0002691 | consumed_samples: 161375232 | global_batch_size: 1024 | global_step: 157592 | reduced_train_loss: 2.221
Training epoch 1, iteration 157593/715787 | lr: 0.0002691 | consumed_samples: 161376256 | global_batch_size: 1024 | global_step: 157593 | reduced_train_loss: 2.231
Training epoch 1, iteration 157594/715787 | lr: 0.0002691 | consumed_samples: 161377280 | global_batch_size: 1024 | global_step: 157594 | reduced_train_loss: 2.224
Training epoch 1, iteration 157595/715787 | lr: 0.0002691 | consumed_samples: 161378304 | global_batch_size: 1024 | global_step: 157595 | reduced_train_loss: 2.213
Training epoch 1, iteration 157596/715787 | lr: 0.0002691 | consumed_samples: 161379328 | global_batch_size: 1024 | global_step: 157596 | reduced_train_loss: 2.241
Training epoch 1, iteration 157597/715787 | lr: 0.0002691 | consumed_samples: 161380352 | global_batch_size: 1024 | global_step: 157597 | reduced_train_loss: 2.241
Training epoch 1, iteration 157598/715787 | lr: 0.0002691 | consumed_samples: 161381376 | global_batch_size: 1024 | global_step: 157598 | reduced_train_loss: 2.245
[NeMo I 2026-04-10 16:42:10 nemo_logging:393] Running garbage collection at train global_step: 157600
Training epoch 1, iteration 157599/715787 | lr: 0.0002691 | consumed_samples: 161382400 | global_batch_size: 1024 | global_step: 157599 | reduced_train_loss: 2.241
Training epoch 1, iteration 157600/715787 | lr: 0.0002691 | consumed_samples: 161383424 | global_batch_size: 1024 | global_step: 157600 | reduced_train_loss: 2.236
Training epoch 1, iteration 157601/715787 | lr: 0.0002691 | consumed_samples: 161384448 | global_batch_size: 1024 | global_step: 157601 | reduced_train_loss: 2.239
Training epoch 1, iteration 157602/715787 | lr: 0.0002691 | consumed_samples: 161385472 | global_batch_size: 1024 | global_step: 157602 | reduced_train_loss: 2.253
Training epoch 1, iteration 157603/715787 | lr: 0.0002691 | consumed_samples: 161386496 | global_batch_size: 1024 | global_step: 157603 | reduced_train_loss: 2.236
Training epoch 1, iteration 157604/715787 | lr: 0.0002691 | consumed_samples: 161387520 | global_batch_size: 1024 | global_step: 157604 | reduced_train_loss: 2.239
Training epoch 1, iteration 157605/715787 | lr: 0.0002691 | consumed_samples: 161388544 | global_batch_size: 1024 | global_step: 157605 | reduced_train_loss: 2.241
Training epoch 1, iteration 157606/715787 | lr: 0.0002691 | consumed_samples: 161389568 | global_batch_size: 1024 | global_step: 157606 | reduced_train_loss: 2.267
Training epoch 1, iteration 157607/715787 | lr: 0.0002691 | consumed_samples: 161390592 | global_batch_size: 1024 | global_step: 157607 | reduced_train_loss: 2.254
Training epoch 1, iteration 157608/715787 | lr: 0.0002691 | consumed_samples: 161391616 | global_batch_size: 1024 | global_step: 157608 | reduced_train_loss: 2.214
Training epoch 1, iteration 157609/715787 | lr: 0.0002691 | consumed_samples: 161392640 | global_batch_size: 1024 | global_step: 157609 | reduced_train_loss: 2.233
Training epoch 1, iteration 157610/715787 | lr: 0.0002691 | consumed_samples: 161393664 | global_batch_size: 1024 | global_step: 157610 | reduced_train_loss: 2.239
Training epoch 1, iteration 157611/715787 | lr: 0.0002691 | consumed_samples: 161394688 | global_batch_size: 1024 | global_step: 157611 | reduced_train_loss: 2.247
Training epoch 1, iteration 157612/715787 | lr: 0.0002691 | consumed_samples: 161395712 | global_batch_size: 1024 | global_step: 157612 | reduced_train_loss: 2.247
Training epoch 1, iteration 157613/715787 | lr: 0.0002691 | consumed_samples: 161396736 | global_batch_size: 1024 | global_step: 157613 | reduced_train_loss: 2.228
Training epoch 1, iteration 157614/715787 | lr: 0.0002691 | consumed_samples: 161397760 | global_batch_size: 1024 | global_step: 157614 | reduced_train_loss: 2.236
Training epoch 1, iteration 157615/715787 | lr: 0.0002691 | consumed_samples: 161398784 | global_batch_size: 1024 | global_step: 157615 | reduced_train_loss: 2.238
Training epoch 1, iteration 157616/715787 | lr: 0.0002691 | consumed_samples: 161399808 | global_batch_size: 1024 | global_step: 157616 | reduced_train_loss: 2.243
Training epoch 1, iteration 157617/715787 | lr: 0.0002691 | consumed_samples: 161400832 | global_batch_size: 1024 | global_step: 157617 | reduced_train_loss: 2.235
Training epoch 1, iteration 157618/715787 | lr: 0.0002691 | consumed_samples: 161401856 | global_batch_size: 1024 | global_step: 157618 | reduced_train_loss: 2.236
Training epoch 1, iteration 157619/715787 | lr: 0.0002691 | consumed_samples: 161402880 | global_batch_size: 1024 | global_step: 157619 | reduced_train_loss: 2.228
Training epoch 1, iteration 157620/715787 | lr: 0.0002691 | consumed_samples: 161403904 | global_batch_size: 1024 | global_step: 157620 | reduced_train_loss: 2.242
Training epoch 1, iteration 157621/715787 | lr: 0.0002691 | consumed_samples: 161404928 | global_batch_size: 1024 | global_step: 157621 | reduced_train_loss: 2.234
Training epoch 1, iteration 157622/715787 | lr: 0.0002691 | consumed_samples: 161405952 | global_batch_size: 1024 | global_step: 157622 | reduced_train_loss: 2.245
Training epoch 1, iteration 157623/715787 | lr: 0.0002691 | consumed_samples: 161406976 | global_batch_size: 1024 | global_step: 157623 | reduced_train_loss: 2.254
Training epoch 1, iteration 157624/715787 | lr: 0.0002691 | consumed_samples: 161408000 | global_batch_size: 1024 | global_step: 157624 | reduced_train_loss: 2.245
Training epoch 1, iteration 157625/715787 | lr: 0.0002691 | consumed_samples: 161409024 | global_batch_size: 1024 | global_step: 157625 | reduced_train_loss: 2.24
Training epoch 1, iteration 157626/715787 | lr: 0.0002691 | consumed_samples: 161410048 | global_batch_size: 1024 | global_step: 157626 | reduced_train_loss: 2.246
Training epoch 1, iteration 157627/715787 | lr: 0.0002691 | consumed_samples: 161411072 | global_batch_size: 1024 | global_step: 157627 | reduced_train_loss: 2.252
Training epoch 1, iteration 157628/715787 | lr: 0.0002691 | consumed_samples: 161412096 | global_batch_size: 1024 | global_step: 157628 | reduced_train_loss: 2.229
Training epoch 1, iteration 157629/715787 | lr: 0.0002691 | consumed_samples: 161413120 | global_batch_size: 1024 | global_step: 157629 | reduced_train_loss: 2.25
Training epoch 1, iteration 157630/715787 | lr: 0.0002691 | consumed_samples: 161414144 | global_batch_size: 1024 | global_step: 157630 | reduced_train_loss: 2.225
Training epoch 1, iteration 157631/715787 | lr: 0.0002691 | consumed_samples: 161415168 | global_batch_size: 1024 | global_step: 157631 | reduced_train_loss: 2.232
Training epoch 1, iteration 157632/715787 | lr: 0.0002691 | consumed_samples: 161416192 | global_batch_size: 1024 | global_step: 157632 | reduced_train_loss: 2.241
Training epoch 1, iteration 157633/715787 | lr: 0.0002691 | consumed_samples: 161417216 | global_batch_size: 1024 | global_step: 157633 | reduced_train_loss: 2.219
Training epoch 1, iteration 157634/715787 | lr: 0.0002691 | consumed_samples: 161418240 | global_batch_size: 1024 | global_step: 157634 | reduced_train_loss: 2.239
Training epoch 1, iteration 157635/715787 | lr: 0.0002691 | consumed_samples: 161419264 | global_batch_size: 1024 | global_step: 157635 | reduced_train_loss: 2.226
Training epoch 1, iteration 157636/715787 | lr: 0.0002691 | consumed_samples: 161420288 | global_batch_size: 1024 | global_step: 157636 | reduced_train_loss: 2.229
Training epoch 1, iteration 157637/715787 | lr: 0.0002691 | consumed_samples: 161421312 | global_batch_size: 1024 | global_step: 157637 | reduced_train_loss: 2.232
Training epoch 1, iteration 157638/715787 | lr: 0.0002691 | consumed_samples: 161422336 | global_batch_size: 1024 | global_step: 157638 | reduced_train_loss: 2.26
Training epoch 1, iteration 157639/715787 | lr: 0.0002691 | consumed_samples: 161423360 | global_batch_size: 1024 | global_step: 157639 | reduced_train_loss: 2.226
Training epoch 1, iteration 157640/715787 | lr: 0.0002691 | consumed_samples: 161424384 | global_batch_size: 1024 | global_step: 157640 | reduced_train_loss: 2.234
Training epoch 1, iteration 157641/715787 | lr: 0.0002691 | consumed_samples: 161425408 | global_batch_size: 1024 | global_step: 157641 | reduced_train_loss: 2.233
Training epoch 1, iteration 157642/715787 | lr: 0.0002691 | consumed_samples: 161426432 | global_batch_size: 1024 | global_step: 157642 | reduced_train_loss: 2.233
Training epoch 1, iteration 157643/715787 | lr: 0.0002691 | consumed_samples: 161427456 | global_batch_size: 1024 | global_step: 157643 | reduced_train_loss: 2.25
Training epoch 1, iteration 157644/715787 | lr: 0.0002691 | consumed_samples: 161428480 | global_batch_size: 1024 | global_step: 157644 | reduced_train_loss: 2.225
Training epoch 1, iteration 157645/715787 | lr: 0.0002691 | consumed_samples: 161429504 | global_batch_size: 1024 | global_step: 157645 | reduced_train_loss: 2.232
Training epoch 1, iteration 157646/715787 | lr: 0.0002691 | consumed_samples: 161430528 | global_batch_size: 1024 | global_step: 157646 | reduced_train_loss: 2.237
Training epoch 1, iteration 157647/715787 | lr: 0.0002691 | consumed_samples: 161431552 | global_batch_size: 1024 | global_step: 157647 | reduced_train_loss: 2.248
Training epoch 1, iteration 157648/715787 | lr: 0.0002691 | consumed_samples: 161432576 | global_batch_size: 1024 | global_step: 157648 | reduced_train_loss: 2.25
Training epoch 1, iteration 157649/715787 | lr: 0.0002691 | consumed_samples: 161433600 | global_batch_size: 1024 | global_step: 157649 | reduced_train_loss: 2.253
Training epoch 1, iteration 157650/715787 | lr: 0.0002691 | consumed_samples: 161434624 | global_batch_size: 1024 | global_step: 157650 | reduced_train_loss: 2.241
Training epoch 1, iteration 157651/715787 | lr: 0.0002691 | consumed_samples: 161435648 | global_batch_size: 1024 | global_step: 157651 | reduced_train_loss: 2.228
Training epoch 1, iteration 157652/715787 | lr: 0.0002691 | consumed_samples: 161436672 | global_batch_size: 1024 | global_step: 157652 | reduced_train_loss: 2.242
Training epoch 1, iteration 157653/715787 | lr: 0.0002691 | consumed_samples: 161437696 | global_batch_size: 1024 | global_step: 157653 | reduced_train_loss: 2.24
Training epoch 1, iteration 157654/715787 | lr: 0.0002691 | consumed_samples: 161438720 | global_batch_size: 1024 | global_step: 157654 | reduced_train_loss: 2.22
Training epoch 1, iteration 157655/715787 | lr: 0.0002691 | consumed_samples: 161439744 | global_batch_size: 1024 | global_step: 157655 | reduced_train_loss: 2.222
Training epoch 1, iteration 157656/715787 | lr: 0.0002691 | consumed_samples: 161440768 | global_batch_size: 1024 | global_step: 157656 | reduced_train_loss: 2.237
Training epoch 1, iteration 157657/715787 | lr: 0.0002691 | consumed_samples: 161441792 | global_batch_size: 1024 | global_step: 157657 | reduced_train_loss: 2.248
Training epoch 1, iteration 157658/715787 | lr: 0.0002691 | consumed_samples: 161442816 | global_batch_size: 1024 | global_step: 157658 | reduced_train_loss: 2.23
Training epoch 1, iteration 157659/715787 | lr: 0.0002691 | consumed_samples: 161443840 | global_batch_size: 1024 | global_step: 157659 | reduced_train_loss: 2.233
Training epoch 1, iteration 157660/715787 | lr: 0.0002691 | consumed_samples: 161444864 | global_batch_size: 1024 | global_step: 157660 | reduced_train_loss: 2.242
Training epoch 1, iteration 157661/715787 | lr: 0.0002691 | consumed_samples: 161445888 | global_batch_size: 1024 | global_step: 157661 | reduced_train_loss: 2.239
Training epoch 1, iteration 157662/715787 | lr: 0.0002691 | consumed_samples: 161446912 | global_batch_size: 1024 | global_step: 157662 | reduced_train_loss: 2.248
Training epoch 1, iteration 157663/715787 | lr: 0.0002691 | consumed_samples: 161447936 | global_batch_size: 1024 | global_step: 157663 | reduced_train_loss: 2.22
Training epoch 1, iteration 157664/715787 | lr: 0.0002691 | consumed_samples: 161448960 | global_batch_size: 1024 | global_step: 157664 | reduced_train_loss: 2.253
Training epoch 1, iteration 157665/715787 | lr: 0.0002691 | consumed_samples: 161449984 | global_batch_size: 1024 | global_step: 157665 | reduced_train_loss: 2.221
Training epoch 1, iteration 157666/715787 | lr: 0.0002691 | consumed_samples: 161451008 | global_batch_size: 1024 | global_step: 157666 | reduced_train_loss: 2.245
Training epoch 1, iteration 157667/715787 | lr: 0.0002691 | consumed_samples: 161452032 | global_batch_size: 1024 | global_step: 157667 | reduced_train_loss: 2.227
Training epoch 1, iteration 157668/715787 | lr: 0.0002691 | consumed_samples: 161453056 | global_batch_size: 1024 | global_step: 157668 | reduced_train_loss: 2.249
Training epoch 1, iteration 157669/715787 | lr: 0.0002691 | consumed_samples: 161454080 | global_batch_size: 1024 | global_step: 157669 | reduced_train_loss: 2.246
Training epoch 1, iteration 157670/715787 | lr: 0.0002691 | consumed_samples: 161455104 | global_batch_size: 1024 | global_step: 157670 | reduced_train_loss: 2.234
Training epoch 1, iteration 157671/715787 | lr: 0.0002691 | consumed_samples: 161456128 | global_batch_size: 1024 | global_step: 157671 | reduced_train_loss: 2.236
Training epoch 1, iteration 157672/715787 | lr: 0.0002691 | consumed_samples: 161457152 | global_batch_size: 1024 | global_step: 157672 | reduced_train_loss: 2.248
Training epoch 1, iteration 157673/715787 | lr: 0.0002691 | consumed_samples: 161458176 | global_batch_size: 1024 | global_step: 157673 | reduced_train_loss: 2.254
Training epoch 1, iteration 157674/715787 | lr: 0.0002691 | consumed_samples: 161459200 | global_batch_size: 1024 | global_step: 157674 | reduced_train_loss: 2.235
Training epoch 1, iteration 157675/715787 | lr: 0.0002691 | consumed_samples: 161460224 | global_batch_size: 1024 | global_step: 157675 | reduced_train_loss: 2.248
Training epoch 1, iteration 157676/715787 | lr: 0.0002691 | consumed_samples: 161461248 | global_batch_size: 1024 | global_step: 157676 | reduced_train_loss: 2.223
Training epoch 1, iteration 157677/715787 | lr: 0.0002691 | consumed_samples: 161462272 | global_batch_size: 1024 | global_step: 157677 | reduced_train_loss: 2.235
Training epoch 1, iteration 157678/715787 | lr: 0.0002691 | consumed_samples: 161463296 | global_batch_size: 1024 | global_step: 157678 | reduced_train_loss: 2.231
Training epoch 1, iteration 157679/715787 | lr: 0.0002691 | consumed_samples: 161464320 | global_batch_size: 1024 | global_step: 157679 | reduced_train_loss: 2.233
Training epoch 1, iteration 157680/715787 | lr: 0.0002691 | consumed_samples: 161465344 | global_batch_size: 1024 | global_step: 157680 | reduced_train_loss: 2.259
Training epoch 1, iteration 157681/715787 | lr: 0.0002691 | consumed_samples: 161466368 | global_batch_size: 1024 | global_step: 157681 | reduced_train_loss: 2.226
Training epoch 1, iteration 157682/715787 | lr: 0.0002691 | consumed_samples: 161467392 | global_batch_size: 1024 | global_step: 157682 | reduced_train_loss: 2.24
Training epoch 1, iteration 157683/715787 | lr: 0.0002691 | consumed_samples: 161468416 | global_batch_size: 1024 | global_step: 157683 | reduced_train_loss: 2.247
Training epoch 1, iteration 157684/715787 | lr: 0.0002691 | consumed_samples: 161469440 | global_batch_size: 1024 | global_step: 157684 | reduced_train_loss: 2.245
Training epoch 1, iteration 157685/715787 | lr: 0.0002691 | consumed_samples: 161470464 | global_batch_size: 1024 | global_step: 157685 | reduced_train_loss: 2.255
Training epoch 1, iteration 157686/715787 | lr: 0.0002691 | consumed_samples: 161471488 | global_batch_size: 1024 | global_step: 157686 | reduced_train_loss: 2.234
Training epoch 1, iteration 157687/715787 | lr: 0.0002691 | consumed_samples: 161472512 | global_batch_size: 1024 | global_step: 157687 | reduced_train_loss: 2.237
Training epoch 1, iteration 157688/715787 | lr: 0.0002691 | consumed_samples: 161473536 | global_batch_size: 1024 | global_step: 157688 | reduced_train_loss: 2.237
Training epoch 1, iteration 157689/715787 | lr: 0.0002691 | consumed_samples: 161474560 | global_batch_size: 1024 | global_step: 157689 | reduced_train_loss: 2.229
Training epoch 1, iteration 157690/715787 | lr: 0.0002691 | consumed_samples: 161475584 | global_batch_size: 1024 | global_step: 157690 | reduced_train_loss: 2.253
Training epoch 1, iteration 157691/715787 | lr: 0.0002691 | consumed_samples: 161476608 | global_batch_size: 1024 | global_step: 157691 | reduced_train_loss: 2.248
Training epoch 1, iteration 157692/715787 | lr: 0.0002691 | consumed_samples: 161477632 | global_batch_size: 1024 | global_step: 157692 | reduced_train_loss: 2.235
Training epoch 1, iteration 157693/715787 | lr: 0.0002691 | consumed_samples: 161478656 | global_batch_size: 1024 | global_step: 157693 | reduced_train_loss: 2.25
Training epoch 1, iteration 157694/715787 | lr: 0.0002691 | consumed_samples: 161479680 | global_batch_size: 1024 | global_step: 157694 | reduced_train_loss: 2.231
Training epoch 1, iteration 157695/715787 | lr: 0.0002691 | consumed_samples: 161480704 | global_batch_size: 1024 | global_step: 157695 | reduced_train_loss: 2.232
Training epoch 1, iteration 157696/715787 | lr: 0.0002691 | consumed_samples: 161481728 | global_batch_size: 1024 | global_step: 157696 | reduced_train_loss: 2.263
Training epoch 1, iteration 157697/715787 | lr: 0.0002691 | consumed_samples: 161482752 | global_batch_size: 1024 | global_step: 157697 | reduced_train_loss: 2.237
Training epoch 1, iteration 157698/715787 | lr: 0.0002691 | consumed_samples: 161483776 | global_batch_size: 1024 | global_step: 157698 | reduced_train_loss: 2.222
[NeMo I 2026-04-10 17:09:36 nemo_logging:393] Running garbage collection at train global_step: 157700
srun: Job step aborted: Waiting up to 32 seconds for job step to finish.
[2026-04-10T17:31:54.021] error: *** STEP 14768.0 ON kairosgh1 CANCELLED AT 2026-04-10T17:31:54 DUE TO TIME LIMIT ***
[2026-04-10T17:31:54.021] error: *** JOB 14768 ON kairosgh1 CANCELLED AT 2026-04-10T17:31:54 DUE TO TIME LIMIT ***
--- Logging error ---
Error.  nthreads cannot be larger than environment variable "NUMEXPR_MAX_THREADS" (64)Error.  nthreads cannot be larger than environment variable "NUMEXPR_MAX_THREADS" (64)Error.  nthreads cannot be larger than environment variable "NUMEXPR_MAX_THREADS" (64)Error.  nthreads cannot be larger than environment variable "NUMEXPR_MAX_THREADS" (64)--- Logging error ---
Error.  nthreads cannot be larger than environment variable "NUMEXPR_MAX_THREADS" (64)Error.  nthreads cannot be larger than environment variable "NUMEXPR_MAX_THREADS" (64)Error.  nthreads cannot be larger than environment variable "NUMEXPR_MAX_THREADS" (64)Error.  nthreads cannot be larger than environment variable "NUMEXPR_MAX_THREADS" (64)W0410 17:31:54.024000 2345206 torch/distributed/elastic/agent/server/api.py:719] Received 15 death signal, shutting down workers
Error.  nthreads cannot be larger than environment variable "NUMEXPR_MAX_THREADS" (64)Error.  nthreads cannot be larger than environment variable "NUMEXPR_MAX_THREADS" (64)Error.  nthreads cannot be larger than environment variable "NUMEXPR_MAX_THREADS" (64)Error.  nthreads cannot be larger than environment variable "NUMEXPR_MAX_THREADS" (64)W0410 17:31:54.024000 2158580 torch/distributed/elastic/agent/server/api.py:719] Received 15 death signal, shutting down workers
W0410 17:31:54.029000 2345206 torch/distributed/elastic/multiprocessing/api.py:898] Sending process 2345353 closing signal SIGTERM
W0410 17:31:54.029000 2158580 torch/distributed/elastic/multiprocessing/api.py:898] Sending process 2158734 closing signal SIGTERM
W0410 17:31:54.032000 2158580 torch/distributed/elastic/multiprocessing/api.py:898] Sending process 2158735 closing signal SIGTERM
W0410 17:31:54.032000 2345206 torch/distributed/elastic/multiprocessing/api.py:898] Sending process 2345354 closing signal SIGTERM
W0410 17:31:54.036000 2345206 torch/distributed/elastic/multiprocessing/api.py:898] Sending process 2345353 closing signal SIGTERM
W0410 17:31:54.037000 2345206 torch/distributed/elastic/multiprocessing/api.py:898] Sending process 2345354 closing signal SIGTERM
W0410 17:31:54.037000 2158580 torch/distributed/elastic/multiprocessing/api.py:898] Sending process 2158734 closing signal SIGTERM
W0410 17:31:54.039000 2345206 torch/distributed/elastic/multiprocessing/api.py:898] Sending process 2345355 closing signal SIGTERM
W0410 17:31:54.039000 2158580 torch/distributed/elastic/multiprocessing/api.py:898] Sending process 2158735 closing signal SIGTERM
Traceback (most recent call last):
  File "/usr/local/lib/python3.12/dist-packages/torch/distributed/elastic/agent/server/api.py", line 711, in run
    result = self._invoke_run(role)
             ^^^^^^^^^^^^^^^^^^^^^^
  File "/usr/local/lib/python3.12/dist-packages/torch/distributed/elastic/agent/server/api.py", line 870, in _invoke_run
    time.sleep(monitor_interval)
  File "/usr/local/lib/python3.12/dist-packages/torch/distributed/elastic/multiprocessing/api.py", line 84, in _terminate_process_handler
    raise SignalException(f"Process {os.getpid()} got signal: {sigval}", sigval=sigval)
torch.distributed.elastic.multiprocessing.api.SignalException: Process 2820441 got signal: 15

During handling of the above exception, another exception occurred:

Traceback (most recent call last):
W0410 17:31:54.041000 2158580 torch/distributed/elastic/multiprocessing/api.py:898] Sending process 2158736 closing signal SIGTERM
  File "/usr/lib/python3.12/logging/__init__.py", line 1160, in emit
    msg = self.format(record)
          ^^^^^^^^^^^^^^^^^^^
  File "/usr/lib/python3.12/logging/__init__.py", line 999, in format
    return fmt.format(record)
           ^^^^^^^^^^^^^^^^^^
  File "/usr/local/lib/python3.12/dist-packages/torch/_logging/_internal.py", line 851, in format
    filepath = make_module_path_relative(record.pathname)
               ^^^^^^^^^^^^^^^^^^^^^^^^^^^^^^^^^^^^^^^^^^
  File "/usr/local/lib/python3.12/dist-packages/torch/_logging/_internal.py", line 775, in make_module_path_relative
    abs_path = pathlib.Path(abs_path).resolve()
               ^^^^^^^^^^^^^^^^^^^^^^^^^^^^^^^^
  File "/usr/lib/python3.12/pathlib.py", line 1242, in resolve
    s = self._flavour.realpath(self, strict=strict)
        ^^^^^^^^^^^^^^^^^^^^^^^^^^^^^^^^^^^^^^^^^^^
  File "<frozen posixpath>", line 435, in realpath
  File "<frozen posixpath>", line 470, in _joinrealpath
  File "/usr/local/lib/python3.12/dist-packages/torch/distributed/elastic/multiprocessing/api.py", line 84, in _terminate_process_handler
    raise SignalException(f"Process {os.getpid()} got signal: {sigval}", sigval=sigval)
torch.distributed.elastic.multiprocessing.api.SignalException: Process 2820441 got signal: 15
Call stack:
INFO: [rank: 0] Received SIGTERM: 15
INFO:lightning.pytorch.trainer.connectors.signal_connector:[rank: 0] Received SIGTERM: 15
Traceback (most recent call last):
  File "/usr/local/lib/python3.12/dist-packages/torch/distributed/elastic/agent/server/api.py", line 711, in run
    result = self._invoke_run(role)
             ^^^^^^^^^^^^^^^^^^^^^^
INFO: [rank: 1] Received SIGTERM: 15
  File "/usr/local/lib/python3.12/dist-packages/torch/distributed/elastic/agent/server/api.py", line 870, in _invoke_run
    time.sleep(monitor_interval)
  File "/usr/local/lib/python3.12/dist-packages/torch/distributed/elastic/multiprocessing/api.py", line 84, in _terminate_process_handler
    raise SignalException(f"Process {os.getpid()} got signal: {sigval}", sigval=sigval)
INFO:lightning.pytorch.trainer.connectors.signal_connector:[rank: 1] Received SIGTERM: 15
torch.distributed.elastic.multiprocessing.api.SignalException: Process 2814272 got signal: 15

During handling of the above exception, another exception occurred:

Traceback (most recent call last):
  File "/usr/lib/python3.12/logging/__init__.py", line 1160, in emit
    msg = self.format(record)
          ^^^^^^^^^^^^^^^^^^^
  File "/usr/lib/python3.12/logging/__init__.py", line 999, in format
    return fmt.format(record)
           ^^^^^^^^^^^^^^^^^^
  File "/usr/local/lib/python3.12/dist-packages/torch/_logging/_internal.py", line 851, in format
    filepath = make_module_path_relative(record.pathname)
               ^^^^^^^^^^^^^^^^^^^^^^^^^^^^^^^^^^^^^^^^^^
  File "/usr/local/lib/python3.12/dist-packages/torch/_logging/_internal.py", line 779, in make_module_path_relative
    rel_path = abs_path.relative_to(path)
               ^^^^^^^^^^^^^^^^^^^^^^^^^^
  File "/usr/lib/python3.12/pathlib.py", line 678, in relative_to
    for step, path in enumerate([other] + list(other.parents)):
                                          ^^^^^^^^^^^^^^^^^^^
  File "<frozen _collections_abc>", line 1026, in __iter__
  File "/usr/lib/python3.12/pathlib.py", line 276, in __getitem__
    def __getitem__(self, idx):
    
  File "/usr/local/lib/python3.12/dist-packages/torch/distributed/elastic/multiprocessing/api.py", line 84, in _terminate_process_handler
    raise SignalException(f"Process {os.getpid()} got signal: {sigval}", sigval=sigval)
torch.distributed.elastic.multiprocessing.api.SignalException: Process 2814272 got signal: 15
Call stack:
  File "/usr/local/bin/torchrun", line 33, in <module>
    sys.exit(load_entry_point('torch==2.7.0a0+7c8ec84dab.nv25.3', 'console_scripts', 'torchrun')())
  File "/usr/local/lib/python3.12/dist-packages/torch/distributed/elastic/multiprocessing/errors/__init__.py", line 355, in wrapper
    return f(*args, **kwargs)
  File "/usr/local/lib/python3.12/dist-packages/torch/distributed/run.py", line 889, in main
    run(args)
  File "/usr/local/lib/python3.12/dist-packages/torch/distributed/run.py", line 880, in run
    elastic_launch(
  File "/usr/local/lib/python3.12/dist-packages/torch/distributed/launcher/api.py", line 139, in __call__
    return launch_agent(self._config, self._entrypoint, list(args))
  File "/usr/local/lib/python3.12/dist-packages/torch/distributed/launcher/api.py", line 261, in launch_agent
    result = agent.run()
  File "/usr/local/lib/python3.12/dist-packages/torch/distributed/elastic/metrics/api.py", line 137, in wrapper
    result = f(*args, **kwargs)
  File "/usr/local/lib/python3.12/dist-packages/torch/distributed/elastic/agent/server/api.py", line 719, in run
    logger.warning("Received %s death signal, shutting down workers", e.sigval)
Message: 'Received %s death signal, shutting down workers'
Arguments: (<Signals.SIGTERM: 15>,)
W0410 17:31:54.044000 2814272 torch/distributed/elastic/multiprocessing/api.py:898] Sending process 2814457 closing signal SIGTERM
INFO: [rank: 0] Received SIGTERM: 15
INFO:lightning.pytorch.trainer.connectors.signal_connector:[rank: 0] Received SIGTERM: 15
W0410 17:31:54.044000 2158580 torch/distributed/elastic/multiprocessing/api.py:898] Sending process 2158737 closing signal SIGTERM
W0410 17:31:54.045000 2345206 torch/distributed/elastic/multiprocessing/api.py:898] Sending process 2345356 closing signal SIGTERM
INFO: [rank: 1] Received SIGTERM: 15
INFO:lightning.pytorch.trainer.connectors.signal_connector:[rank: 1] Received SIGTERM: 15
  File "/usr/local/bin/torchrun", line 33, in <module>
    sys.exit(load_entry_point('torch==2.7.0a0+7c8ec84dab.nv25.3', 'console_scripts', 'torchrun')())
  File "/usr/local/lib/python3.12/dist-packages/torch/distributed/elastic/multiprocessing/errors/__init__.py", line 355, in wrapper
    return f(*args, **kwargs)
  File "/usr/local/lib/python3.12/dist-packages/torch/distributed/run.py", line 889, in main
    run(args)
  File "/usr/local/lib/python3.12/dist-packages/torch/distributed/run.py", line 880, in run
    elastic_launch(
  File "/usr/local/lib/python3.12/dist-packages/torch/distributed/launcher/api.py", line 139, in __call__
    return launch_agent(self._config, self._entrypoint, list(args))
  File "/usr/local/lib/python3.12/dist-packages/torch/distributed/launcher/api.py", line 261, in launch_agent
    result = agent.run()
  File "/usr/local/lib/python3.12/dist-packages/torch/distributed/elastic/metrics/api.py", line 137, in wrapper
    result = f(*args, **kwargs)
  File "/usr/local/lib/python3.12/dist-packages/torch/distributed/elastic/agent/server/api.py", line 719, in run
    logger.warning("Received %s death signal, shutting down workers", e.sigval)
Message: 'Received %s death signal, shutting down workers'
Arguments: (<Signals.SIGTERM: 15>,)
W0410 17:31:54.045000 2820441 torch/distributed/elastic/multiprocessing/api.py:898] Sending process 2820595 closing signal SIGTERM
W0410 17:31:54.047000 2814272 torch/distributed/elastic/multiprocessing/api.py:898] Sending process 2814458 closing signal SIGTERM
INFO: [rank: 0] Received SIGTERM: 15
INFO:lightning.pytorch.trainer.connectors.signal_connector:[rank: 0] Received SIGTERM: 15
INFO: [rank: 0] Received SIGTERM: 15
INFO:lightning.pytorch.trainer.connectors.signal_connector:[rank: 0] Received SIGTERM: 15
W0410 17:31:54.048000 2820441 torch/distributed/elastic/multiprocessing/api.py:898] Sending process 2820596 closing signal SIGTERM
INFO: [rank: 1] Received SIGTERM: 15
INFO:lightning.pytorch.trainer.connectors.signal_connector:[rank: 1] Received SIGTERM: 15
INFO: [rank: 3] Received SIGTERM: 15
INFO:lightning.pytorch.trainer.connectors.signal_connector:[rank: 3] Received SIGTERM: 15
INFO: [rank: 2] Received SIGTERM: 15
INFO:lightning.pytorch.trainer.connectors.signal_connector:[rank: 2] Received SIGTERM: 15
INFO: [rank: 3] Received SIGTERM: 15
INFO:lightning.pytorch.trainer.connectors.signal_connector:[rank: 3] Received SIGTERM: 15
INFO: [rank: 1] Received SIGTERM: 15
INFO:lightning.pytorch.trainer.connectors.signal_connector:[rank: 1] Received SIGTERM: 15
W0410 17:31:54.053000 2820441 torch/distributed/elastic/multiprocessing/api.py:898] Sending process 2820597 closing signal SIGTERM
W0410 17:31:54.054000 2814272 torch/distributed/elastic/multiprocessing/api.py:898] Sending process 2814459 closing signal SIGTERM
W0410 17:31:54.056000 2814272 torch/distributed/elastic/multiprocessing/api.py:898] Sending process 2814460 closing signal SIGTERM
INFO: [rank: 2] Received SIGTERM: 15
INFO:lightning.pytorch.trainer.connectors.signal_connector:[rank: 2] Received SIGTERM: 15
W0410 17:31:54.058000 2820441 torch/distributed/elastic/multiprocessing/api.py:898] Sending process 2820598 closing signal SIGTERM
INFO: [rank: 3] Received SIGTERM: 15
INFO:lightning.pytorch.trainer.connectors.signal_connector:[rank: 3] Received SIGTERM: 15
INFO: [rank: 3] Received SIGTERM: 15
INFO:lightning.pytorch.trainer.connectors.signal_connector:[rank: 3] Received SIGTERM: 15
INFO: [rank: 2] Received SIGTERM: 15
INFO:lightning.pytorch.trainer.connectors.signal_connector:[rank: 2] Received SIGTERM: 15
INFO: [rank: 2] Received SIGTERM: 15
INFO:lightning.pytorch.trainer.connectors.signal_connector:[rank: 2] Received SIGTERM: 15
