Loading gcc/14.2.0
  Loading requirement: gmp/6.3.0 mpfr/4.2.1 mpc/1.3.1
==========================================
Starting SSA Triton Training
Datamix:     /lustre/work/pdl17996/udl62d273/luciole-1B/training/train/train_ssa_triton_blackwell/luciole_phase2.json
Output:      /lustre/work/pdl17996/udl62d273/phase2_output_blackwell/outputs
Name:        nemotron-1B-SSA-Triton-phase2-blackwell-bs1024-mbs8-w4s3
Batch size:  1024
Micro batch: 8
Nodes:       4
Duration:    02:00:00:00
SSA n:       1.5
SSA b:       0.8
Kernel ver:  triton
Compile BDA: 1
BWD warps:   4
BWD stages:  3
Warmup step: 40
Skip warmup: 1
Contig QKV:  1
Global max:  40
This-run max:0
W&B:         0 (mode=offline)
==========================================
W0724 10:30:09.674000 2488157 torch/distributed/run.py:763] 
W0724 10:30:09.674000 2488157 torch/distributed/run.py:763] *****************************************
W0724 10:30:09.674000 2488157 torch/distributed/run.py:763] Setting OMP_NUM_THREADS environment variable for each process to be 1 in default, to avoid your system being overloaded, please further tune the variable for optimal performance in your application as needed. 
W0724 10:30:09.674000 2488157 torch/distributed/run.py:763] *****************************************
W0724 10:30:09.793000 365002 torch/distributed/run.py:763] 
W0724 10:30:09.793000 365002 torch/distributed/run.py:763] *****************************************
W0724 10:30:09.793000 365002 torch/distributed/run.py:763] Setting OMP_NUM_THREADS environment variable for each process to be 1 in default, to avoid your system being overloaded, please further tune the variable for optimal performance in your application as needed. 
W0724 10:30:09.793000 365002 torch/distributed/run.py:763] *****************************************
W0724 10:30:10.014000 1918918 torch/distributed/run.py:763] 
W0724 10:30:10.014000 1918918 torch/distributed/run.py:763] *****************************************
W0724 10:30:10.014000 1918918 torch/distributed/run.py:763] Setting OMP_NUM_THREADS environment variable for each process to be 1 in default, to avoid your system being overloaded, please further tune the variable for optimal performance in your application as needed. 
W0724 10:30:10.014000 1918918 torch/distributed/run.py:763] *****************************************
W0724 10:30:10.374000 1364491 torch/distributed/run.py:763] 
W0724 10:30:10.374000 1364491 torch/distributed/run.py:763] *****************************************
W0724 10:30:10.374000 1364491 torch/distributed/run.py:763] Setting OMP_NUM_THREADS environment variable for each process to be 1 in default, to avoid your system being overloaded, please further tune the variable for optimal performance in your application as needed. 
W0724 10:30:10.374000 1364491 torch/distributed/run.py:763] *****************************************
[launcher] rank=3/3 | cores=108-143 | OMP_NUM_THREADS=36 | script=train_ssa_triton.py
[launcher] rank=2/3 | cores=72-107 | OMP_NUM_THREADS=36 | script=train_ssa_triton.py
[launcher] rank=0/3 | cores=0-35 | OMP_NUM_THREADS=36 | script=train_ssa_triton.py
[launcher] rank=2/3 | cores=72-107 | OMP_NUM_THREADS=36 | script=train_ssa_triton.py
[launcher] rank=1/3 | cores=36-71 | OMP_NUM_THREADS=36 | script=train_ssa_triton.py
[launcher] rank=1/3 | cores=36-71 | OMP_NUM_THREADS=36 | script=train_ssa_triton.py
[launcher] rank=0/3 | cores=0-35 | OMP_NUM_THREADS=36 | script=train_ssa_triton.py
[launcher] rank=3/3 | cores=108-143 | OMP_NUM_THREADS=36 | script=train_ssa_triton.py
[launcher] rank=1/3 | cores=36-71 | OMP_NUM_THREADS=36 | script=train_ssa_triton.py
[launcher] rank=2/3 | cores=72-107 | OMP_NUM_THREADS=36 | script=train_ssa_triton.py
[launcher] rank=0/3 | cores=0-35 | OMP_NUM_THREADS=36 | script=train_ssa_triton.py
[launcher] rank=3/3 | cores=108-143 | OMP_NUM_THREADS=36 | script=train_ssa_triton.py
[launcher] rank=3/3 | cores=108-143 | OMP_NUM_THREADS=36 | script=train_ssa_triton.py
[launcher] rank=0/3 | cores=0-35 | OMP_NUM_THREADS=36 | script=train_ssa_triton.py
[launcher] rank=1/3 | cores=36-71 | OMP_NUM_THREADS=36 | script=train_ssa_triton.py
[launcher] rank=2/3 | cores=72-107 | OMP_NUM_THREADS=36 | script=train_ssa_triton.py
[rank: 6] Seed set to 1234
[rank: 7] Seed set to 1234
[rank: 3] Seed set to 1234
[rank: 10] Seed set to 1234
[rank: 11] Seed set to 1234
[rank: 2] Seed set to 1234
[rank: 4] Seed set to 1234
[rank: 5] Seed set to 1234
[rank: 1] Seed set to 1234
[rank: 0] Seed set to 1234
[rank: 8] Seed set to 1234
[rank: 9] Seed set to 1234
[rank: 12] Seed set to 1234
[rank: 13] Seed set to 1234
[rank: 15] Seed set to 1234
[rank: 14] Seed set to 1234
INFO:faiss.loader:Loading faiss with SVE support.
INFO:faiss.loader:Loading faiss with SVE support.
INFO:faiss.loader:Could not load library with SVE support due to:
ModuleNotFoundError("No module named 'faiss.swigfaiss_sve'")
INFO:faiss.loader:Loading faiss.
INFO:faiss.loader:Could not load library with SVE support due to:
ModuleNotFoundError("No module named 'faiss.swigfaiss_sve'")
INFO:faiss.loader:Loading faiss.
INFO:faiss.loader:Loading faiss with SVE support.
INFO:faiss.loader:Could not load library with SVE support due to:
ModuleNotFoundError("No module named 'faiss.swigfaiss_sve'")
INFO:faiss.loader:Loading faiss.
INFO:faiss.loader:Loading faiss with SVE support.
INFO:faiss.loader:Could not load library with SVE support due to:
ModuleNotFoundError("No module named 'faiss.swigfaiss_sve'")
INFO:faiss.loader:Loading faiss.
INFO:faiss.loader:Successfully loaded faiss.
INFO:faiss.loader:Successfully loaded faiss.
INFO:faiss.loader:Successfully loaded faiss.
INFO:faiss.loader:Successfully loaded faiss.
INFO:faiss.loader:Loading faiss with SVE support.
INFO:faiss.loader:Could not load library with SVE support due to:
ModuleNotFoundError("No module named 'faiss.swigfaiss_sve'")
INFO:faiss.loader:Loading faiss.
INFO:faiss.loader:Loading faiss with SVE support.
INFO:faiss.loader:Could not load library with SVE support due to:
ModuleNotFoundError("No module named 'faiss.swigfaiss_sve'")
INFO:faiss.loader:Loading faiss.
INFO:faiss.loader:Loading faiss with SVE support.
INFO:faiss.loader:Loading faiss with SVE support.
INFO:faiss.loader:Could not load library with SVE support due to:
ModuleNotFoundError("No module named 'faiss.swigfaiss_sve'")
INFO:faiss.loader:Loading faiss.
INFO:faiss.loader:Could not load library with SVE support due to:
ModuleNotFoundError("No module named 'faiss.swigfaiss_sve'")
INFO:faiss.loader:Loading faiss.
INFO:faiss.loader:Successfully loaded faiss.
INFO:faiss.loader:Successfully loaded faiss.
INFO:faiss.loader:Successfully loaded faiss.
INFO:faiss.loader:Successfully loaded faiss.
INFO:faiss.loader:Loading faiss with SVE support.
INFO:faiss.loader:Could not load library with SVE support due to:
ModuleNotFoundError("No module named 'faiss.swigfaiss_sve'")
INFO:faiss.loader:Loading faiss.
INFO:faiss.loader:Loading faiss with SVE support.
INFO:faiss.loader:Could not load library with SVE support due to:
ModuleNotFoundError("No module named 'faiss.swigfaiss_sve'")
INFO:faiss.loader:Loading faiss.
INFO:faiss.loader:Loading faiss with SVE support.
INFO:faiss.loader:Could not load library with SVE support due to:
ModuleNotFoundError("No module named 'faiss.swigfaiss_sve'")
INFO:faiss.loader:Loading faiss.
INFO:faiss.loader:Loading faiss with SVE support.
INFO:faiss.loader:Could not load library with SVE support due to:
ModuleNotFoundError("No module named 'faiss.swigfaiss_sve'")
INFO:faiss.loader:Loading faiss.
INFO:faiss.loader:Successfully loaded faiss.
INFO:faiss.loader:Successfully loaded faiss.
INFO:faiss.loader:Successfully loaded faiss.
INFO:faiss.loader:Successfully loaded faiss.
INFO:faiss.loader:Loading faiss with SVE support.
INFO:faiss.loader:Loading faiss with SVE support.
INFO:faiss.loader:Could not load library with SVE support due to:
ModuleNotFoundError("No module named 'faiss.swigfaiss_sve'")
INFO:faiss.loader:Could not load library with SVE support due to:
ModuleNotFoundError("No module named 'faiss.swigfaiss_sve'")
INFO:faiss.loader:Loading faiss.
INFO:faiss.loader:Loading faiss.
INFO:faiss.loader:Loading faiss with SVE support.
INFO:faiss.loader:Loading faiss with SVE support.
INFO:faiss.loader:Could not load library with SVE support due to:
ModuleNotFoundError("No module named 'faiss.swigfaiss_sve'")
INFO:faiss.loader:Could not load library with SVE support due to:
ModuleNotFoundError("No module named 'faiss.swigfaiss_sve'")
INFO:faiss.loader:Loading faiss.
INFO:faiss.loader:Loading faiss.
INFO:faiss.loader:Successfully loaded faiss.
INFO:faiss.loader:Successfully loaded faiss.
INFO:faiss.loader:Successfully loaded faiss.
INFO:faiss.loader:Successfully loaded faiss.
[NeMo W 2026-07-24 10:30:30 nemo_logging:405] /usr/local/lib/python3.12/dist-packages/pydub/utils.py:170: RuntimeWarning: Couldn't find ffmpeg or avconv - defaulting to ffmpeg, but may not work
      warn("Couldn't find ffmpeg or avconv - defaulting to ffmpeg, but may not work", RuntimeWarning)
    
INFO:datasets:PyTorch version 2.7.0a0+7c8ec84dab.nv25.3 available.
INFO:datasets:PyTorch version 2.7.0a0+7c8ec84dab.nv25.3 available.
INFO:datasets:PyTorch version 2.7.0a0+7c8ec84dab.nv25.3 available.
INFO:datasets:Polars version 1.21.0 available.
INFO:datasets:Polars version 1.21.0 available.
INFO:datasets:Polars version 1.21.0 available.
INFO:datasets:PyTorch version 2.7.0a0+7c8ec84dab.nv25.3 available.
INFO:datasets:Polars version 1.21.0 available.
INFO:datasets:PyTorch version 2.7.0a0+7c8ec84dab.nv25.3 available.
INFO:datasets:Polars version 1.21.0 available.
INFO:datasets:PyTorch version 2.7.0a0+7c8ec84dab.nv25.3 available.
INFO:datasets:Polars version 1.21.0 available.
INFO:datasets:PyTorch version 2.7.0a0+7c8ec84dab.nv25.3 available.
INFO:datasets:Polars version 1.21.0 available.
INFO:datasets:PyTorch version 2.7.0a0+7c8ec84dab.nv25.3 available.
INFO:datasets:Polars version 1.21.0 available.
INFO:datasets:PyTorch version 2.7.0a0+7c8ec84dab.nv25.3 available.
INFO:datasets:PyTorch version 2.7.0a0+7c8ec84dab.nv25.3 available.
INFO:datasets:PyTorch version 2.7.0a0+7c8ec84dab.nv25.3 available.
INFO:datasets:PyTorch version 2.7.0a0+7c8ec84dab.nv25.3 available.
INFO:datasets:Polars version 1.21.0 available.
INFO:datasets:Polars version 1.21.0 available.
INFO:datasets:Polars version 1.21.0 available.
INFO:datasets:Polars version 1.21.0 available.
INFO:datasets:PyTorch version 2.7.0a0+7c8ec84dab.nv25.3 available.
INFO:datasets:PyTorch version 2.7.0a0+7c8ec84dab.nv25.3 available.
INFO:datasets:PyTorch version 2.7.0a0+7c8ec84dab.nv25.3 available.
INFO:datasets:PyTorch version 2.7.0a0+7c8ec84dab.nv25.3 available.
INFO:datasets:Polars version 1.21.0 available.
INFO:datasets:Polars version 1.21.0 available.
INFO:datasets:Polars version 1.21.0 available.
INFO:datasets:Polars version 1.21.0 available.
INFO:utils:{'data_path': '/lustre/work/pdl17996/udl62d273/tokens_phase2', 'total_tokens': 1604136730624, 'train': [{'name': 'claire_open_en_text_document_ratio0.50_phase1', 'weight': 14501.0}, {'name': 'claire_open_fr_text_document', 'weight': 46064.0}, {'name': 'common-corpus_eurlex_multi_text_document_ratio0.50_phase1', 'weight': 1800832.0}, {'name': 'common-corpus_gatt-library_multi_text_document_ratio0.50_phase1', 'weight': 20661.0}, {'name': 'common-corpus_oecd_multi_text_document_ratio0.50_phase1', 'weight': 60984.0}, {'name': 'common-corpus_tedeutenders_multi_text_document_ratio0.50_phase1', 'weight': 15638.0}, {'name': 'common-corpus_wto_multi_text_document_ratio0.50_phase1', 'weight': 288639.0}, {'name': 'common-pile_arxiv-papers_en_text_document_ratio0.25_phase1', 'weight': 324758.0}, {'name': 'common-pile_data-provenance-initiative_en_text_document', 'weight': 189948.0}, {'name': 'common-pile_doab_en_text_document', 'weight': 712786.0}, {'name': 'common-pile_foodista_en_text_document', 'weight': 5603.0}, {'name': 'common-pile_github-archive_en_text_document', 'weight': 2244221.0}, {'name': 'common-pile_libretexts_en_text_document', 'weight': 21049.0}, {'name': 'common-pile_oercommons_en_text_document', 'weight': 2748.0}, {'name': 'common-pile_peS2o_en_text_document_ratio0.05_phase1', 'weight': 508326.0}, {'name': 'common-pile_pressbooks_en_text_document', 'weight': 31891.0}, {'name': 'common-pile_stackexchange_en_text_document_ratio0.12_phase1', 'weight': 623169.0}, {'name': 'common-pile_news_en_text_document', 'weight': 14354.0}, {'name': 'common-pile_public-domain-review_en_text_document', 'weight': 382.0}, {'name': 'common-pile_python-enhancement-proposals_en_text_document', 'weight': 652.0}, {'name': 'croissant-aligned_aligned_text_document', 'weight': 5809232.0}, {'name': 'culturax_fr_text_document_ratio0.70_phase1', 'weight': 30698840.0}, {'name': 'dclm-dolmino_en_text_document_ratio0.25_phase1', 'weight': 31001087.0}, {'name': 'europarl_aligned_text_document_ratio0.50_phase1', 'weight': 107803.0}, {'name': 'europarl_multi_text_document_ratio0.50_phase1', 'weight': 49876.0}, {'name': 'eurovoc_filtered_multi_text_document_ratio0.50_phase1', 'weight': 1075045.0}, {'name': 'finemath-filtered_3plus_math_text_document', 'weight': 6889796.0}, {'name': 'fineweb-edu_en_text_document_ratio0.25_phase1', 'weight': 71584760.0}, {'name': 'fineweb2_ca_text_document_ratio0.02_phase1', 'weight': 37011.0}, {'name': 'fineweb2_fr_text_document', 'weight': 26943981.0}, {'name': 'fineweb2_edu3+_fr_text_document', 'weight': 17356742.0}, {'name': 'fineweb2_edu3+_ar_text_document_ratio0.50_phase1', 'weight': 2121809.0}, {'name': 'fineweb2_edu3+_de_text_document_ratio0.50_phase1', 'weight': 10018429.0}, {'name': 'fineweb2_edu3+_it_text_document_ratio0.50_phase1', 'weight': 5934366.0}, {'name': 'fineweb2_edu3+_nl_text_document_ratio0.50_phase1', 'weight': 2940744.0}, {'name': 'fineweb2_edu3+_pt_text_document_ratio0.50_phase1', 'weight': 5135083.0}, {'name': 'fineweb2_edu3+_es_text_document_ratio0.50_phase1', 'weight': 13192444.0}, {'name': 'fineweb2_regional_text_document', 'weight': 2132152.0}, {'name': 'gutenberg_de_text_document_ratio0.50_phase1', 'weight': 21165.0}, {'name': 'gutenberg_en_text_document_ratio0.50_phase1', 'weight': 593827.0}, {'name': 'gutenberg_es_text_document_ratio0.50_phase1', 'weight': 10889.0}, {'name': 'gutenberg_fr_text_document', 'weight': 91991.0}, {'name': 'gutenberg_it_text_document_ratio0.50_phase1', 'weight': 14954.0}, {'name': 'gutenberg_nl_text_document_ratio0.50_phase1', 'weight': 12215.0}, {'name': 'gutenberg_pt_text_document_ratio0.50_phase1', 'weight': 4620.0}, {'name': 'hal-cea_full-filtered_fr_text_document', 'weight': 3914015.0}, {'name': 'hplt2_fr_text_document_ratio0.70_phase1', 'weight': 37908732.0}, {'name': 'infiwebmath-filtered_3plus_math_text_document', 'weight': 3958073.0}, {'name': 'insee_fr_text_document', 'weight': 27688.0}, {'name': 'megamath-web-filtered_math_text_document', 'weight': 40187078.0}, {'name': 'nemotron-posttraining-de_de_text_document', 'weight': 157390.0}, {'name': 'nemotron-posttraining-es_es_text_document', 'weight': 140067.0}, {'name': 'nemotron-posttraining-fr_fr_text_document', 'weight': 151385.0}, {'name': 'nemotron-posttraining-it_it_text_document', 'weight': 153829.0}, {'name': 'opendata_fr_text_document', 'weight': 1374704.0}, {'name': 'parlement_fr_text_document', 'weight': 141413.0}, {'name': 'stack-edu_code_text_document_ratio0.70_phase1', 'weight': 29261117.0}, {'name': 'starcoder_olmomix_code_text_document', 'weight': 23663711.0}, {'name': 'synthetic-fineweb_extract-knowledge-hard_fr_text_document', 'weight': 689017.0}, {'name': 'synthetic-fineweb_extract-knowledge-medium_fr_text_document', 'weight': 1565311.0}, {'name': 'wikimedia-vikidia_ar_text_document', 'weight': 265451.0}, {'name': 'wikimedia-vikidia_ca_text_document_ratio0.20_phase1', 'weight': 58530.0}, {'name': 'wikimedia-vikidia_de_text_document', 'weight': 1098595.0}, {'name': 'wikimedia-vikidia_en_text_document', 'weight': 2882825.0}, {'name': 'wikimedia-vikidia_es_text_document', 'weight': 631843.0}, {'name': 'wikimedia-vikidia_fr_text_document', 'weight': 1276052.0}, {'name': 'wikimedia-vikidia_it_text_document', 'weight': 654077.0}, {'name': 'wikimedia-vikidia_pt_text_document', 'weight': 304392.0}, {'name': 'wikimedia-vikidia_regional_text_document', 'weight': 119234.0}, {'name': 'wikimedia_nl_text_document', 'weight': 345319.0}]}
INFO:utils:{'data_path': '/lustre/work/pdl17996/udl62d273/tokens_phase2', 'total_tokens': 1604136730624, 'train': [{'name': 'claire_open_en_text_document_ratio0.50_phase1', 'weight': 14501.0}, {'name': 'claire_open_fr_text_document', 'weight': 46064.0}, {'name': 'common-corpus_eurlex_multi_text_document_ratio0.50_phase1', 'weight': 1800832.0}, {'name': 'common-corpus_gatt-library_multi_text_document_ratio0.50_phase1', 'weight': 20661.0}, {'name': 'common-corpus_oecd_multi_text_document_ratio0.50_phase1', 'weight': 60984.0}, {'name': 'common-corpus_tedeutenders_multi_text_document_ratio0.50_phase1', 'weight': 15638.0}, {'name': 'common-corpus_wto_multi_text_document_ratio0.50_phase1', 'weight': 288639.0}, {'name': 'common-pile_arxiv-papers_en_text_document_ratio0.25_phase1', 'weight': 324758.0}, {'name': 'common-pile_data-provenance-initiative_en_text_document', 'weight': 189948.0}, {'name': 'common-pile_doab_en_text_document', 'weight': 712786.0}, {'name': 'common-pile_foodista_en_text_document', 'weight': 5603.0}, {'name': 'common-pile_github-archive_en_text_document', 'weight': 2244221.0}, {'name': 'common-pile_libretexts_en_text_document', 'weight': 21049.0}, {'name': 'common-pile_oercommons_en_text_document', 'weight': 2748.0}, {'name': 'common-pile_peS2o_en_text_document_ratio0.05_phase1', 'weight': 508326.0}, {'name': 'common-pile_pressbooks_en_text_document', 'weight': 31891.0}, {'name': 'common-pile_stackexchange_en_text_document_ratio0.12_phase1', 'weight': 623169.0}, {'name': 'common-pile_news_en_text_document', 'weight': 14354.0}, {'name': 'common-pile_public-domain-review_en_text_document', 'weight': 382.0}, {'name': 'common-pile_python-enhancement-proposals_en_text_document', 'weight': 652.0}, {'name': 'croissant-aligned_aligned_text_document', 'weight': 5809232.0}, {'name': 'culturax_fr_text_document_ratio0.70_phase1', 'weight': 30698840.0}, {'name': 'dclm-dolmino_en_text_document_ratio0.25_phase1', 'weight': 31001087.0}, {'name': 'europarl_aligned_text_document_ratio0.50_phase1', 'weight': 107803.0}, {'name': 'europarl_multi_text_document_ratio0.50_phase1', 'weight': 49876.0}, {'name': 'eurovoc_filtered_multi_text_document_ratio0.50_phase1', 'weight': 1075045.0}, {'name': 'finemath-filtered_3plus_math_text_document', 'weight': 6889796.0}, {'name': 'fineweb-edu_en_text_document_ratio0.25_phase1', 'weight': 71584760.0}, {'name': 'fineweb2_ca_text_document_ratio0.02_phase1', 'weight': 37011.0}, {'name': 'fineweb2_fr_text_document', 'weight': 26943981.0}, {'name': 'fineweb2_edu3+_fr_text_document', 'weight': 17356742.0}, {'name': 'fineweb2_edu3+_ar_text_document_ratio0.50_phase1', 'weight': 2121809.0}, {'name': 'fineweb2_edu3+_de_text_document_ratio0.50_phase1', 'weight': 10018429.0}, {'name': 'fineweb2_edu3+_it_text_document_ratio0.50_phase1', 'weight': 5934366.0}, {'name': 'fineweb2_edu3+_nl_text_document_ratio0.50_phase1', 'weight': 2940744.0}, {'name': 'fineweb2_edu3+_pt_text_document_ratio0.50_phase1', 'weight': 5135083.0}, {'name': 'fineweb2_edu3+_es_text_document_ratio0.50_phase1', 'weight': 13192444.0}, {'name': 'fineweb2_regional_text_document', 'weight': 2132152.0}, {'name': 'gutenberg_de_text_document_ratio0.50_phase1', 'weight': 21165.0}, {'name': 'gutenberg_en_text_document_ratio0.50_phase1', 'weight': 593827.0}, {'name': 'gutenberg_es_text_document_ratio0.50_phase1', 'weight': 10889.0}, {'name': 'gutenberg_fr_text_document', 'weight': 91991.0}, {'name': 'gutenberg_it_text_document_ratio0.50_phase1', 'weight': 14954.0}, {'name': 'gutenberg_nl_text_document_ratio0.50_phase1', 'weight': 12215.0}, {'name': 'gutenberg_pt_text_document_ratio0.50_phase1', 'weight': 4620.0}, {'name': 'hal-cea_full-filtered_fr_text_document', 'weight': 3914015.0}, {'name': 'hplt2_fr_text_document_ratio0.70_phase1', 'weight': 37908732.0}, {'name': 'infiwebmath-filtered_3plus_math_text_document', 'weight': 3958073.0}, {'name': 'insee_fr_text_document', 'weight': 27688.0}, {'name': 'megamath-web-filtered_math_text_document', 'weight': 40187078.0}, {'name': 'nemotron-posttraining-de_de_text_document', 'weight': 157390.0}, {'name': 'nemotron-posttraining-es_es_text_document', 'weight': 140067.0}, {'name': 'nemotron-posttraining-fr_fr_text_document', 'weight': 151385.0}, {'name': 'nemotron-posttraining-it_it_text_document', 'weight': 153829.0}, {'name': 'opendata_fr_text_document', 'weight': 1374704.0}, {'name': 'parlement_fr_text_document', 'weight': 141413.0}, {'name': 'stack-edu_code_text_document_ratio0.70_phase1', 'weight': 29261117.0}, {'name': 'starcoder_olmomix_code_text_document', 'weight': 23663711.0}, {'name': 'synthetic-fineweb_extract-knowledge-hard_fr_text_document', 'weight': 689017.0}, {'name': 'synthetic-fineweb_extract-knowledge-medium_fr_text_document', 'weight': 1565311.0}, {'name': 'wikimedia-vikidia_ar_text_document', 'weight': 265451.0}, {'name': 'wikimedia-vikidia_ca_text_document_ratio0.20_phase1', 'weight': 58530.0}, {'name': 'wikimedia-vikidia_de_text_document', 'weight': 1098595.0}, {'name': 'wikimedia-vikidia_en_text_document', 'weight': 2882825.0}, {'name': 'wikimedia-vikidia_es_text_document', 'weight': 631843.0}, {'name': 'wikimedia-vikidia_fr_text_document', 'weight': 1276052.0}, {'name': 'wikimedia-vikidia_it_text_document', 'weight': 654077.0}, {'name': 'wikimedia-vikidia_pt_text_document', 'weight': 304392.0}, {'name': 'wikimedia-vikidia_regional_text_document', 'weight': 119234.0}, {'name': 'wikimedia_nl_text_document', 'weight': 345319.0}]}
INFO:utils:{'data_path': '/lustre/work/pdl17996/udl62d273/tokens_phase2', 'total_tokens': 1604136730624, 'train': [{'name': 'claire_open_en_text_document_ratio0.50_phase1', 'weight': 14501.0}, {'name': 'claire_open_fr_text_document', 'weight': 46064.0}, {'name': 'common-corpus_eurlex_multi_text_document_ratio0.50_phase1', 'weight': 1800832.0}, {'name': 'common-corpus_gatt-library_multi_text_document_ratio0.50_phase1', 'weight': 20661.0}, {'name': 'common-corpus_oecd_multi_text_document_ratio0.50_phase1', 'weight': 60984.0}, {'name': 'common-corpus_tedeutenders_multi_text_document_ratio0.50_phase1', 'weight': 15638.0}, {'name': 'common-corpus_wto_multi_text_document_ratio0.50_phase1', 'weight': 288639.0}, {'name': 'common-pile_arxiv-papers_en_text_document_ratio0.25_phase1', 'weight': 324758.0}, {'name': 'common-pile_data-provenance-initiative_en_text_document', 'weight': 189948.0}, {'name': 'common-pile_doab_en_text_document', 'weight': 712786.0}, {'name': 'common-pile_foodista_en_text_document', 'weight': 5603.0}, {'name': 'common-pile_github-archive_en_text_document', 'weight': 2244221.0}, {'name': 'common-pile_libretexts_en_text_document', 'weight': 21049.0}, {'name': 'common-pile_oercommons_en_text_document', 'weight': 2748.0}, {'name': 'common-pile_peS2o_en_text_document_ratio0.05_phase1', 'weight': 508326.0}, {'name': 'common-pile_pressbooks_en_text_document', 'weight': 31891.0}, {'name': 'common-pile_stackexchange_en_text_document_ratio0.12_phase1', 'weight': 623169.0}, {'name': 'common-pile_news_en_text_document', 'weight': 14354.0}, {'name': 'common-pile_public-domain-review_en_text_document', 'weight': 382.0}, {'name': 'common-pile_python-enhancement-proposals_en_text_document', 'weight': 652.0}, {'name': 'croissant-aligned_aligned_text_document', 'weight': 5809232.0}, {'name': 'culturax_fr_text_document_ratio0.70_phase1', 'weight': 30698840.0}, {'name': 'dclm-dolmino_en_text_document_ratio0.25_phase1', 'weight': 31001087.0}, {'name': 'europarl_aligned_text_document_ratio0.50_phase1', 'weight': 107803.0}, {'name': 'europarl_multi_text_document_ratio0.50_phase1', 'weight': 49876.0}, {'name': 'eurovoc_filtered_multi_text_document_ratio0.50_phase1', 'weight': 1075045.0}, {'name': 'finemath-filtered_3plus_math_text_document', 'weight': 6889796.0}, {'name': 'fineweb-edu_en_text_document_ratio0.25_phase1', 'weight': 71584760.0}, {'name': 'fineweb2_ca_text_document_ratio0.02_phase1', 'weight': 37011.0}, {'name': 'fineweb2_fr_text_document', 'weight': 26943981.0}, {'name': 'fineweb2_edu3+_fr_text_document', 'weight': 17356742.0}, {'name': 'fineweb2_edu3+_ar_text_document_ratio0.50_phase1', 'weight': 2121809.0}, {'name': 'fineweb2_edu3+_de_text_document_ratio0.50_phase1', 'weight': 10018429.0}, {'name': 'fineweb2_edu3+_it_text_document_ratio0.50_phase1', 'weight': 5934366.0}, {'name': 'fineweb2_edu3+_nl_text_document_ratio0.50_phase1', 'weight': 2940744.0}, {'name': 'fineweb2_edu3+_pt_text_document_ratio0.50_phase1', 'weight': 5135083.0}, {'name': 'fineweb2_edu3+_es_text_document_ratio0.50_phase1', 'weight': 13192444.0}, {'name': 'fineweb2_regional_text_document', 'weight': 2132152.0}, {'name': 'gutenberg_de_text_document_ratio0.50_phase1', 'weight': 21165.0}, {'name': 'gutenberg_en_text_document_ratio0.50_phase1', 'weight': 593827.0}, {'name': 'gutenberg_es_text_document_ratio0.50_phase1', 'weight': 10889.0}, {'name': 'gutenberg_fr_text_document', 'weight': 91991.0}, {'name': 'gutenberg_it_text_document_ratio0.50_phase1', 'weight': 14954.0}, {'name': 'gutenberg_nl_text_document_ratio0.50_phase1', 'weight': 12215.0}, {'name': 'gutenberg_pt_text_document_ratio0.50_phase1', 'weight': 4620.0}, {'name': 'hal-cea_full-filtered_fr_text_document', 'weight': 3914015.0}, {'name': 'hplt2_fr_text_document_ratio0.70_phase1', 'weight': 37908732.0}, {'name': 'infiwebmath-filtered_3plus_math_text_document', 'weight': 3958073.0}, {'name': 'insee_fr_text_document', 'weight': 27688.0}, {'name': 'megamath-web-filtered_math_text_document', 'weight': 40187078.0}, {'name': 'nemotron-posttraining-de_de_text_document', 'weight': 157390.0}, {'name': 'nemotron-posttraining-es_es_text_document', 'weight': 140067.0}, {'name': 'nemotron-posttraining-fr_fr_text_document', 'weight': 151385.0}, {'name': 'nemotron-posttraining-it_it_text_document', 'weight': 153829.0}, {'name': 'opendata_fr_text_document', 'weight': 1374704.0}, {'name': 'parlement_fr_text_document', 'weight': 141413.0}, {'name': 'stack-edu_code_text_document_ratio0.70_phase1', 'weight': 29261117.0}, {'name': 'starcoder_olmomix_code_text_document', 'weight': 23663711.0}, {'name': 'synthetic-fineweb_extract-knowledge-hard_fr_text_document', 'weight': 689017.0}, {'name': 'synthetic-fineweb_extract-knowledge-medium_fr_text_document', 'weight': 1565311.0}, {'name': 'wikimedia-vikidia_ar_text_document', 'weight': 265451.0}, {'name': 'wikimedia-vikidia_ca_text_document_ratio0.20_phase1', 'weight': 58530.0}, {'name': 'wikimedia-vikidia_de_text_document', 'weight': 1098595.0}, {'name': 'wikimedia-vikidia_en_text_document', 'weight': 2882825.0}, {'name': 'wikimedia-vikidia_es_text_document', 'weight': 631843.0}, {'name': 'wikimedia-vikidia_fr_text_document', 'weight': 1276052.0}, {'name': 'wikimedia-vikidia_it_text_document', 'weight': 654077.0}, {'name': 'wikimedia-vikidia_pt_text_document', 'weight': 304392.0}, {'name': 'wikimedia-vikidia_regional_text_document', 'weight': 119234.0}, {'name': 'wikimedia_nl_text_document', 'weight': 345319.0}]}
INFO:utils:{'data_path': '/lustre/work/pdl17996/udl62d273/tokens_phase2', 'total_tokens': 1604136730624, 'train': [{'name': 'claire_open_en_text_document_ratio0.50_phase1', 'weight': 14501.0}, {'name': 'claire_open_fr_text_document', 'weight': 46064.0}, {'name': 'common-corpus_eurlex_multi_text_document_ratio0.50_phase1', 'weight': 1800832.0}, {'name': 'common-corpus_gatt-library_multi_text_document_ratio0.50_phase1', 'weight': 20661.0}, {'name': 'common-corpus_oecd_multi_text_document_ratio0.50_phase1', 'weight': 60984.0}, {'name': 'common-corpus_tedeutenders_multi_text_document_ratio0.50_phase1', 'weight': 15638.0}, {'name': 'common-corpus_wto_multi_text_document_ratio0.50_phase1', 'weight': 288639.0}, {'name': 'common-pile_arxiv-papers_en_text_document_ratio0.25_phase1', 'weight': 324758.0}, {'name': 'common-pile_data-provenance-initiative_en_text_document', 'weight': 189948.0}, {'name': 'common-pile_doab_en_text_document', 'weight': 712786.0}, {'name': 'common-pile_foodista_en_text_document', 'weight': 5603.0}, {'name': 'common-pile_github-archive_en_text_document', 'weight': 2244221.0}, {'name': 'common-pile_libretexts_en_text_document', 'weight': 21049.0}, {'name': 'common-pile_oercommons_en_text_document', 'weight': 2748.0}, {'name': 'common-pile_peS2o_en_text_document_ratio0.05_phase1', 'weight': 508326.0}, {'name': 'common-pile_pressbooks_en_text_document', 'weight': 31891.0}, {'name': 'common-pile_stackexchange_en_text_document_ratio0.12_phase1', 'weight': 623169.0}, {'name': 'common-pile_news_en_text_document', 'weight': 14354.0}, {'name': 'common-pile_public-domain-review_en_text_document', 'weight': 382.0}, {'name': 'common-pile_python-enhancement-proposals_en_text_document', 'weight': 652.0}, {'name': 'croissant-aligned_aligned_text_document', 'weight': 5809232.0}, {'name': 'culturax_fr_text_document_ratio0.70_phase1', 'weight': 30698840.0}, {'name': 'dclm-dolmino_en_text_document_ratio0.25_phase1', 'weight': 31001087.0}, {'name': 'europarl_aligned_text_document_ratio0.50_phase1', 'weight': 107803.0}, {'name': 'europarl_multi_text_document_ratio0.50_phase1', 'weight': 49876.0}, {'name': 'eurovoc_filtered_multi_text_document_ratio0.50_phase1', 'weight': 1075045.0}, {'name': 'finemath-filtered_3plus_math_text_document', 'weight': 6889796.0}, {'name': 'fineweb-edu_en_text_document_ratio0.25_phase1', 'weight': 71584760.0}, {'name': 'fineweb2_ca_text_document_ratio0.02_phase1', 'weight': 37011.0}, {'name': 'fineweb2_fr_text_document', 'weight': 26943981.0}, {'name': 'fineweb2_edu3+_fr_text_document', 'weight': 17356742.0}, {'name': 'fineweb2_edu3+_ar_text_document_ratio0.50_phase1', 'weight': 2121809.0}, {'name': 'fineweb2_edu3+_de_text_document_ratio0.50_phase1', 'weight': 10018429.0}, {'name': 'fineweb2_edu3+_it_text_document_ratio0.50_phase1', 'weight': 5934366.0}, {'name': 'fineweb2_edu3+_nl_text_document_ratio0.50_phase1', 'weight': 2940744.0}, {'name': 'fineweb2_edu3+_pt_text_document_ratio0.50_phase1', 'weight': 5135083.0}, {'name': 'fineweb2_edu3+_es_text_document_ratio0.50_phase1', 'weight': 13192444.0}, {'name': 'fineweb2_regional_text_document', 'weight': 2132152.0}, {'name': 'gutenberg_de_text_document_ratio0.50_phase1', 'weight': 21165.0}, {'name': 'gutenberg_en_text_document_ratio0.50_phase1', 'weight': 593827.0}, {'name': 'gutenberg_es_text_document_ratio0.50_phase1', 'weight': 10889.0}, {'name': 'gutenberg_fr_text_document', 'weight': 91991.0}, {'name': 'gutenberg_it_text_document_ratio0.50_phase1', 'weight': 14954.0}, {'name': 'gutenberg_nl_text_document_ratio0.50_phase1', 'weight': 12215.0}, {'name': 'gutenberg_pt_text_document_ratio0.50_phase1', 'weight': 4620.0}, {'name': 'hal-cea_full-filtered_fr_text_document', 'weight': 3914015.0}, {'name': 'hplt2_fr_text_document_ratio0.70_phase1', 'weight': 37908732.0}, {'name': 'infiwebmath-filtered_3plus_math_text_document', 'weight': 3958073.0}, {'name': 'insee_fr_text_document', 'weight': 27688.0}, {'name': 'megamath-web-filtered_math_text_document', 'weight': 40187078.0}, {'name': 'nemotron-posttraining-de_de_text_document', 'weight': 157390.0}, {'name': 'nemotron-posttraining-es_es_text_document', 'weight': 140067.0}, {'name': 'nemotron-posttraining-fr_fr_text_document', 'weight': 151385.0}, {'name': 'nemotron-posttraining-it_it_text_document', 'weight': 153829.0}, {'name': 'opendata_fr_text_document', 'weight': 1374704.0}, {'name': 'parlement_fr_text_document', 'weight': 141413.0}, {'name': 'stack-edu_code_text_document_ratio0.70_phase1', 'weight': 29261117.0}, {'name': 'starcoder_olmomix_code_text_document', 'weight': 23663711.0}, {'name': 'synthetic-fineweb_extract-knowledge-hard_fr_text_document', 'weight': 689017.0}, {'name': 'synthetic-fineweb_extract-knowledge-medium_fr_text_document', 'weight': 1565311.0}, {'name': 'wikimedia-vikidia_ar_text_document', 'weight': 265451.0}, {'name': 'wikimedia-vikidia_ca_text_document_ratio0.20_phase1', 'weight': 58530.0}, {'name': 'wikimedia-vikidia_de_text_document', 'weight': 1098595.0}, {'name': 'wikimedia-vikidia_en_text_document', 'weight': 2882825.0}, {'name': 'wikimedia-vikidia_es_text_document', 'weight': 631843.0}, {'name': 'wikimedia-vikidia_fr_text_document', 'weight': 1276052.0}, {'name': 'wikimedia-vikidia_it_text_document', 'weight': 654077.0}, {'name': 'wikimedia-vikidia_pt_text_document', 'weight': 304392.0}, {'name': 'wikimedia-vikidia_regional_text_document', 'weight': 119234.0}, {'name': 'wikimedia_nl_text_document', 'weight': 345319.0}]}
INFO:__main__:Using CLI tokenizer override: OpenLLM-BPI/tokenizer_128k-arab-regional_v2
INFO:__main__:Using CLI tokenizer override: OpenLLM-BPI/tokenizer_128k-arab-regional_v2
INFO:__main__:Using CLI tokenizer override: OpenLLM-BPI/tokenizer_128k-arab-regional_v2
INFO:__main__:Using CLI tokenizer override: OpenLLM-BPI/tokenizer_128k-arab-regional_v2
INFO:__main__:Global batch size: 1024
INFO:__main__:Sequence length: 4096
INFO:__main__:Tokens per batch: 4194304
INFO:__main__:Total tokens in datamix: 1604136730624
INFO:__main__:Global batch size: 1024
INFO:__main__:Global training/LR horizon (from --max_steps): 40
INFO:__main__:Sequence length: 4096
INFO:__main__:Global batch size: 1024
INFO:__main__:Tokens per batch: 4194304
INFO:__main__:Total tokens in datamix: 1604136730624
INFO:__main__:Sequence length: 4096
INFO:__main__:Global training/LR horizon (from --max_steps): 40
INFO:__main__:Tokens per batch: 4194304
INFO:__main__:Total tokens in datamix: 1604136730624
INFO:__main__:Global training/LR horizon (from --max_steps): 40
INFO:__main__:Patched megatron.core.optimizer (accepted params: {'use_gloo_process_groups', 'no_weight_decay_cond', 'lr_mult', 'config', 'scale_lr_cond', 'model_chunks'})
INFO:__main__:Global batch size: 1024
INFO:__main__:Sequence length: 4096
INFO:__main__:Patched megatron.core.optimizer (accepted params: {'lr_mult', 'model_chunks', 'config', 'scale_lr_cond', 'no_weight_decay_cond', 'use_gloo_process_groups'})
INFO:__main__:Tokens per batch: 4194304
INFO:__main__:Total tokens in datamix: 1604136730624
INFO:__main__:Global training/LR horizon (from --max_steps): 40
INFO:__main__:Patched megatron.core.optimizer (accepted params: {'scale_lr_cond', 'model_chunks', 'lr_mult', 'use_gloo_process_groups', 'config', 'no_weight_decay_cond'})
INFO:__main__:Patched megatron.core.optimizer (accepted params: {'model_chunks', 'config', 'no_weight_decay_cond', 'use_gloo_process_groups', 'scale_lr_cond', 'lr_mult'})
INFO:utils:{'data_path': '/lustre/work/pdl17996/udl62d273/tokens_phase2', 'total_tokens': 1604136730624, 'train': [{'name': 'claire_open_en_text_document_ratio0.50_phase1', 'weight': 14501.0}, {'name': 'claire_open_fr_text_document', 'weight': 46064.0}, {'name': 'common-corpus_eurlex_multi_text_document_ratio0.50_phase1', 'weight': 1800832.0}, {'name': 'common-corpus_gatt-library_multi_text_document_ratio0.50_phase1', 'weight': 20661.0}, {'name': 'common-corpus_oecd_multi_text_document_ratio0.50_phase1', 'weight': 60984.0}, {'name': 'common-corpus_tedeutenders_multi_text_document_ratio0.50_phase1', 'weight': 15638.0}, {'name': 'common-corpus_wto_multi_text_document_ratio0.50_phase1', 'weight': 288639.0}, {'name': 'common-pile_arxiv-papers_en_text_document_ratio0.25_phase1', 'weight': 324758.0}, {'name': 'common-pile_data-provenance-initiative_en_text_document', 'weight': 189948.0}, {'name': 'common-pile_doab_en_text_document', 'weight': 712786.0}, {'name': 'common-pile_foodista_en_text_document', 'weight': 5603.0}, {'name': 'common-pile_github-archive_en_text_document', 'weight': 2244221.0}, {'name': 'common-pile_libretexts_en_text_document', 'weight': 21049.0}, {'name': 'common-pile_oercommons_en_text_document', 'weight': 2748.0}, {'name': 'common-pile_peS2o_en_text_document_ratio0.05_phase1', 'weight': 508326.0}, {'name': 'common-pile_pressbooks_en_text_document', 'weight': 31891.0}, {'name': 'common-pile_stackexchange_en_text_document_ratio0.12_phase1', 'weight': 623169.0}, {'name': 'common-pile_news_en_text_document', 'weight': 14354.0}, {'name': 'common-pile_public-domain-review_en_text_document', 'weight': 382.0}, {'name': 'common-pile_python-enhancement-proposals_en_text_document', 'weight': 652.0}, {'name': 'croissant-aligned_aligned_text_document', 'weight': 5809232.0}, {'name': 'culturax_fr_text_document_ratio0.70_phase1', 'weight': 30698840.0}, {'name': 'dclm-dolmino_en_text_document_ratio0.25_phase1', 'weight': 31001087.0}, {'name': 'europarl_aligned_text_document_ratio0.50_phase1', 'weight': 107803.0}, {'name': 'europarl_multi_text_document_ratio0.50_phase1', 'weight': 49876.0}, {'name': 'eurovoc_filtered_multi_text_document_ratio0.50_phase1', 'weight': 1075045.0}, {'name': 'finemath-filtered_3plus_math_text_document', 'weight': 6889796.0}, {'name': 'fineweb-edu_en_text_document_ratio0.25_phase1', 'weight': 71584760.0}, {'name': 'fineweb2_ca_text_document_ratio0.02_phase1', 'weight': 37011.0}, {'name': 'fineweb2_fr_text_document', 'weight': 26943981.0}, {'name': 'fineweb2_edu3+_fr_text_document', 'weight': 17356742.0}, {'name': 'fineweb2_edu3+_ar_text_document_ratio0.50_phase1', 'weight': 2121809.0}, {'name': 'fineweb2_edu3+_de_text_document_ratio0.50_phase1', 'weight': 10018429.0}, {'name': 'fineweb2_edu3+_it_text_document_ratio0.50_phase1', 'weight': 5934366.0}, {'name': 'fineweb2_edu3+_nl_text_document_ratio0.50_phase1', 'weight': 2940744.0}, {'name': 'fineweb2_edu3+_pt_text_document_ratio0.50_phase1', 'weight': 5135083.0}, {'name': 'fineweb2_edu3+_es_text_document_ratio0.50_phase1', 'weight': 13192444.0}, {'name': 'fineweb2_regional_text_document', 'weight': 2132152.0}, {'name': 'gutenberg_de_text_document_ratio0.50_phase1', 'weight': 21165.0}, {'name': 'gutenberg_en_text_document_ratio0.50_phase1', 'weight': 593827.0}, {'name': 'gutenberg_es_text_document_ratio0.50_phase1', 'weight': 10889.0}, {'name': 'gutenberg_fr_text_document', 'weight': 91991.0}, {'name': 'gutenberg_it_text_document_ratio0.50_phase1', 'weight': 14954.0}, {'name': 'gutenberg_nl_text_document_ratio0.50_phase1', 'weight': 12215.0}, {'name': 'gutenberg_pt_text_document_ratio0.50_phase1', 'weight': 4620.0}, {'name': 'hal-cea_full-filtered_fr_text_document', 'weight': 3914015.0}, {'name': 'hplt2_fr_text_document_ratio0.70_phase1', 'weight': 37908732.0}, {'name': 'infiwebmath-filtered_3plus_math_text_document', 'weight': 3958073.0}, {'name': 'insee_fr_text_document', 'weight': 27688.0}, {'name': 'megamath-web-filtered_math_text_document', 'weight': 40187078.0}, {'name': 'nemotron-posttraining-de_de_text_document', 'weight': 157390.0}, {'name': 'nemotron-posttraining-es_es_text_document', 'weight': 140067.0}, {'name': 'nemotron-posttraining-fr_fr_text_document', 'weight': 151385.0}, {'name': 'nemotron-posttraining-it_it_text_document', 'weight': 153829.0}, {'name': 'opendata_fr_text_document', 'weight': 1374704.0}, {'name': 'parlement_fr_text_document', 'weight': 141413.0}, {'name': 'stack-edu_code_text_document_ratio0.70_phase1', 'weight': 29261117.0}, {'name': 'starcoder_olmomix_code_text_document', 'weight': 23663711.0}, {'name': 'synthetic-fineweb_extract-knowledge-hard_fr_text_document', 'weight': 689017.0}, {'name': 'synthetic-fineweb_extract-knowledge-medium_fr_text_document', 'weight': 1565311.0}, {'name': 'wikimedia-vikidia_ar_text_document', 'weight': 265451.0}, {'name': 'wikimedia-vikidia_ca_text_document_ratio0.20_phase1', 'weight': 58530.0}, {'name': 'wikimedia-vikidia_de_text_document', 'weight': 1098595.0}, {'name': 'wikimedia-vikidia_en_text_document', 'weight': 2882825.0}, {'name': 'wikimedia-vikidia_es_text_document', 'weight': 631843.0}, {'name': 'wikimedia-vikidia_fr_text_document', 'weight': 1276052.0}, {'name': 'wikimedia-vikidia_it_text_document', 'weight': 654077.0}, {'name': 'wikimedia-vikidia_pt_text_document', 'weight': 304392.0}, {'name': 'wikimedia-vikidia_regional_text_document', 'weight': 119234.0}, {'name': 'wikimedia_nl_text_document', 'weight': 345319.0}]}
INFO:utils:{'data_path': '/lustre/work/pdl17996/udl62d273/tokens_phase2', 'total_tokens': 1604136730624, 'train': [{'name': 'claire_open_en_text_document_ratio0.50_phase1', 'weight': 14501.0}, {'name': 'claire_open_fr_text_document', 'weight': 46064.0}, {'name': 'common-corpus_eurlex_multi_text_document_ratio0.50_phase1', 'weight': 1800832.0}, {'name': 'common-corpus_gatt-library_multi_text_document_ratio0.50_phase1', 'weight': 20661.0}, {'name': 'common-corpus_oecd_multi_text_document_ratio0.50_phase1', 'weight': 60984.0}, {'name': 'common-corpus_tedeutenders_multi_text_document_ratio0.50_phase1', 'weight': 15638.0}, {'name': 'common-corpus_wto_multi_text_document_ratio0.50_phase1', 'weight': 288639.0}, {'name': 'common-pile_arxiv-papers_en_text_document_ratio0.25_phase1', 'weight': 324758.0}, {'name': 'common-pile_data-provenance-initiative_en_text_document', 'weight': 189948.0}, {'name': 'common-pile_doab_en_text_document', 'weight': 712786.0}, {'name': 'common-pile_foodista_en_text_document', 'weight': 5603.0}, {'name': 'common-pile_github-archive_en_text_document', 'weight': 2244221.0}, {'name': 'common-pile_libretexts_en_text_document', 'weight': 21049.0}, {'name': 'common-pile_oercommons_en_text_document', 'weight': 2748.0}, {'name': 'common-pile_peS2o_en_text_document_ratio0.05_phase1', 'weight': 508326.0}, {'name': 'common-pile_pressbooks_en_text_document', 'weight': 31891.0}, {'name': 'common-pile_stackexchange_en_text_document_ratio0.12_phase1', 'weight': 623169.0}, {'name': 'common-pile_news_en_text_document', 'weight': 14354.0}, {'name': 'common-pile_public-domain-review_en_text_document', 'weight': 382.0}, {'name': 'common-pile_python-enhancement-proposals_en_text_document', 'weight': 652.0}, {'name': 'croissant-aligned_aligned_text_document', 'weight': 5809232.0}, {'name': 'culturax_fr_text_document_ratio0.70_phase1', 'weight': 30698840.0}, {'name': 'dclm-dolmino_en_text_document_ratio0.25_phase1', 'weight': 31001087.0}, {'name': 'europarl_aligned_text_document_ratio0.50_phase1', 'weight': 107803.0}, {'name': 'europarl_multi_text_document_ratio0.50_phase1', 'weight': 49876.0}, {'name': 'eurovoc_filtered_multi_text_document_ratio0.50_phase1', 'weight': 1075045.0}, {'name': 'finemath-filtered_3plus_math_text_document', 'weight': 6889796.0}, {'name': 'fineweb-edu_en_text_document_ratio0.25_phase1', 'weight': 71584760.0}, {'name': 'fineweb2_ca_text_document_ratio0.02_phase1', 'weight': 37011.0}, {'name': 'fineweb2_fr_text_document', 'weight': 26943981.0}, {'name': 'fineweb2_edu3+_fr_text_document', 'weight': 17356742.0}, {'name': 'fineweb2_edu3+_ar_text_document_ratio0.50_phase1', 'weight': 2121809.0}, {'name': 'fineweb2_edu3+_de_text_document_ratio0.50_phase1', 'weight': 10018429.0}, {'name': 'fineweb2_edu3+_it_text_document_ratio0.50_phase1', 'weight': 5934366.0}, {'name': 'fineweb2_edu3+_nl_text_document_ratio0.50_phase1', 'weight': 2940744.0}, {'name': 'fineweb2_edu3+_pt_text_document_ratio0.50_phase1', 'weight': 5135083.0}, {'name': 'fineweb2_edu3+_es_text_document_ratio0.50_phase1', 'weight': 13192444.0}, {'name': 'fineweb2_regional_text_document', 'weight': 2132152.0}, {'name': 'gutenberg_de_text_document_ratio0.50_phase1', 'weight': 21165.0}, {'name': 'gutenberg_en_text_document_ratio0.50_phase1', 'weight': 593827.0}, {'name': 'gutenberg_es_text_document_ratio0.50_phase1', 'weight': 10889.0}, {'name': 'gutenberg_fr_text_document', 'weight': 91991.0}, {'name': 'gutenberg_it_text_document_ratio0.50_phase1', 'weight': 14954.0}, {'name': 'gutenberg_nl_text_document_ratio0.50_phase1', 'weight': 12215.0}, {'name': 'gutenberg_pt_text_document_ratio0.50_phase1', 'weight': 4620.0}, {'name': 'hal-cea_full-filtered_fr_text_document', 'weight': 3914015.0}, {'name': 'hplt2_fr_text_document_ratio0.70_phase1', 'weight': 37908732.0}, {'name': 'infiwebmath-filtered_3plus_math_text_document', 'weight': 3958073.0}, {'name': 'insee_fr_text_document', 'weight': 27688.0}, {'name': 'megamath-web-filtered_math_text_document', 'weight': 40187078.0}, {'name': 'nemotron-posttraining-de_de_text_document', 'weight': 157390.0}, {'name': 'nemotron-posttraining-es_es_text_document', 'weight': 140067.0}, {'name': 'nemotron-posttraining-fr_fr_text_document', 'weight': 151385.0}, {'name': 'nemotron-posttraining-it_it_text_document', 'weight': 153829.0}, {'name': 'opendata_fr_text_document', 'weight': 1374704.0}, {'name': 'parlement_fr_text_document', 'weight': 141413.0}, {'name': 'stack-edu_code_text_document_ratio0.70_phase1', 'weight': 29261117.0}, {'name': 'starcoder_olmomix_code_text_document', 'weight': 23663711.0}, {'name': 'synthetic-fineweb_extract-knowledge-hard_fr_text_document', 'weight': 689017.0}, {'name': 'synthetic-fineweb_extract-knowledge-medium_fr_text_document', 'weight': 1565311.0}, {'name': 'wikimedia-vikidia_ar_text_document', 'weight': 265451.0}, {'name': 'wikimedia-vikidia_ca_text_document_ratio0.20_phase1', 'weight': 58530.0}, {'name': 'wikimedia-vikidia_de_text_document', 'weight': 1098595.0}, {'name': 'wikimedia-vikidia_en_text_document', 'weight': 2882825.0}, {'name': 'wikimedia-vikidia_es_text_document', 'weight': 631843.0}, {'name': 'wikimedia-vikidia_fr_text_document', 'weight': 1276052.0}, {'name': 'wikimedia-vikidia_it_text_document', 'weight': 654077.0}, {'name': 'wikimedia-vikidia_pt_text_document', 'weight': 304392.0}, {'name': 'wikimedia-vikidia_regional_text_document', 'weight': 119234.0}, {'name': 'wikimedia_nl_text_document', 'weight': 345319.0}]}
INFO:utils:{'data_path': '/lustre/work/pdl17996/udl62d273/tokens_phase2', 'total_tokens': 1604136730624, 'train': [{'name': 'claire_open_en_text_document_ratio0.50_phase1', 'weight': 14501.0}, {'name': 'claire_open_fr_text_document', 'weight': 46064.0}, {'name': 'common-corpus_eurlex_multi_text_document_ratio0.50_phase1', 'weight': 1800832.0}, {'name': 'common-corpus_gatt-library_multi_text_document_ratio0.50_phase1', 'weight': 20661.0}, {'name': 'common-corpus_oecd_multi_text_document_ratio0.50_phase1', 'weight': 60984.0}, {'name': 'common-corpus_tedeutenders_multi_text_document_ratio0.50_phase1', 'weight': 15638.0}, {'name': 'common-corpus_wto_multi_text_document_ratio0.50_phase1', 'weight': 288639.0}, {'name': 'common-pile_arxiv-papers_en_text_document_ratio0.25_phase1', 'weight': 324758.0}, {'name': 'common-pile_data-provenance-initiative_en_text_document', 'weight': 189948.0}, {'name': 'common-pile_doab_en_text_document', 'weight': 712786.0}, {'name': 'common-pile_foodista_en_text_document', 'weight': 5603.0}, {'name': 'common-pile_github-archive_en_text_document', 'weight': 2244221.0}, {'name': 'common-pile_libretexts_en_text_document', 'weight': 21049.0}, {'name': 'common-pile_oercommons_en_text_document', 'weight': 2748.0}, {'name': 'common-pile_peS2o_en_text_document_ratio0.05_phase1', 'weight': 508326.0}, {'name': 'common-pile_pressbooks_en_text_document', 'weight': 31891.0}, {'name': 'common-pile_stackexchange_en_text_document_ratio0.12_phase1', 'weight': 623169.0}, {'name': 'common-pile_news_en_text_document', 'weight': 14354.0}, {'name': 'common-pile_public-domain-review_en_text_document', 'weight': 382.0}, {'name': 'common-pile_python-enhancement-proposals_en_text_document', 'weight': 652.0}, {'name': 'croissant-aligned_aligned_text_document', 'weight': 5809232.0}, {'name': 'culturax_fr_text_document_ratio0.70_phase1', 'weight': 30698840.0}, {'name': 'dclm-dolmino_en_text_document_ratio0.25_phase1', 'weight': 31001087.0}, {'name': 'europarl_aligned_text_document_ratio0.50_phase1', 'weight': 107803.0}, {'name': 'europarl_multi_text_document_ratio0.50_phase1', 'weight': 49876.0}, {'name': 'eurovoc_filtered_multi_text_document_ratio0.50_phase1', 'weight': 1075045.0}, {'name': 'finemath-filtered_3plus_math_text_document', 'weight': 6889796.0}, {'name': 'fineweb-edu_en_text_document_ratio0.25_phase1', 'weight': 71584760.0}, {'name': 'fineweb2_ca_text_document_ratio0.02_phase1', 'weight': 37011.0}, {'name': 'fineweb2_fr_text_document', 'weight': 26943981.0}, {'name': 'fineweb2_edu3+_fr_text_document', 'weight': 17356742.0}, {'name': 'fineweb2_edu3+_ar_text_document_ratio0.50_phase1', 'weight': 2121809.0}, {'name': 'fineweb2_edu3+_de_text_document_ratio0.50_phase1', 'weight': 10018429.0}, {'name': 'fineweb2_edu3+_it_text_document_ratio0.50_phase1', 'weight': 5934366.0}, {'name': 'fineweb2_edu3+_nl_text_document_ratio0.50_phase1', 'weight': 2940744.0}, {'name': 'fineweb2_edu3+_pt_text_document_ratio0.50_phase1', 'weight': 5135083.0}, {'name': 'fineweb2_edu3+_es_text_document_ratio0.50_phase1', 'weight': 13192444.0}, {'name': 'fineweb2_regional_text_document', 'weight': 2132152.0}, {'name': 'gutenberg_de_text_document_ratio0.50_phase1', 'weight': 21165.0}, {'name': 'gutenberg_en_text_document_ratio0.50_phase1', 'weight': 593827.0}, {'name': 'gutenberg_es_text_document_ratio0.50_phase1', 'weight': 10889.0}, {'name': 'gutenberg_fr_text_document', 'weight': 91991.0}, {'name': 'gutenberg_it_text_document_ratio0.50_phase1', 'weight': 14954.0}, {'name': 'gutenberg_nl_text_document_ratio0.50_phase1', 'weight': 12215.0}, {'name': 'gutenberg_pt_text_document_ratio0.50_phase1', 'weight': 4620.0}, {'name': 'hal-cea_full-filtered_fr_text_document', 'weight': 3914015.0}, {'name': 'hplt2_fr_text_document_ratio0.70_phase1', 'weight': 37908732.0}, {'name': 'infiwebmath-filtered_3plus_math_text_document', 'weight': 3958073.0}, {'name': 'insee_fr_text_document', 'weight': 27688.0}, {'name': 'megamath-web-filtered_math_text_document', 'weight': 40187078.0}, {'name': 'nemotron-posttraining-de_de_text_document', 'weight': 157390.0}, {'name': 'nemotron-posttraining-es_es_text_document', 'weight': 140067.0}, {'name': 'nemotron-posttraining-fr_fr_text_document', 'weight': 151385.0}, {'name': 'nemotron-posttraining-it_it_text_document', 'weight': 153829.0}, {'name': 'opendata_fr_text_document', 'weight': 1374704.0}, {'name': 'parlement_fr_text_document', 'weight': 141413.0}, {'name': 'stack-edu_code_text_document_ratio0.70_phase1', 'weight': 29261117.0}, {'name': 'starcoder_olmomix_code_text_document', 'weight': 23663711.0}, {'name': 'synthetic-fineweb_extract-knowledge-hard_fr_text_document', 'weight': 689017.0}, {'name': 'synthetic-fineweb_extract-knowledge-medium_fr_text_document', 'weight': 1565311.0}, {'name': 'wikimedia-vikidia_ar_text_document', 'weight': 265451.0}, {'name': 'wikimedia-vikidia_ca_text_document_ratio0.20_phase1', 'weight': 58530.0}, {'name': 'wikimedia-vikidia_de_text_document', 'weight': 1098595.0}, {'name': 'wikimedia-vikidia_en_text_document', 'weight': 2882825.0}, {'name': 'wikimedia-vikidia_es_text_document', 'weight': 631843.0}, {'name': 'wikimedia-vikidia_fr_text_document', 'weight': 1276052.0}, {'name': 'wikimedia-vikidia_it_text_document', 'weight': 654077.0}, {'name': 'wikimedia-vikidia_pt_text_document', 'weight': 304392.0}, {'name': 'wikimedia-vikidia_regional_text_document', 'weight': 119234.0}, {'name': 'wikimedia_nl_text_document', 'weight': 345319.0}]}
INFO:utils:{'data_path': '/lustre/work/pdl17996/udl62d273/tokens_phase2', 'total_tokens': 1604136730624, 'train': [{'name': 'claire_open_en_text_document_ratio0.50_phase1', 'weight': 14501.0}, {'name': 'claire_open_fr_text_document', 'weight': 46064.0}, {'name': 'common-corpus_eurlex_multi_text_document_ratio0.50_phase1', 'weight': 1800832.0}, {'name': 'common-corpus_gatt-library_multi_text_document_ratio0.50_phase1', 'weight': 20661.0}, {'name': 'common-corpus_oecd_multi_text_document_ratio0.50_phase1', 'weight': 60984.0}, {'name': 'common-corpus_tedeutenders_multi_text_document_ratio0.50_phase1', 'weight': 15638.0}, {'name': 'common-corpus_wto_multi_text_document_ratio0.50_phase1', 'weight': 288639.0}, {'name': 'common-pile_arxiv-papers_en_text_document_ratio0.25_phase1', 'weight': 324758.0}, {'name': 'common-pile_data-provenance-initiative_en_text_document', 'weight': 189948.0}, {'name': 'common-pile_doab_en_text_document', 'weight': 712786.0}, {'name': 'common-pile_foodista_en_text_document', 'weight': 5603.0}, {'name': 'common-pile_github-archive_en_text_document', 'weight': 2244221.0}, {'name': 'common-pile_libretexts_en_text_document', 'weight': 21049.0}, {'name': 'common-pile_oercommons_en_text_document', 'weight': 2748.0}, {'name': 'common-pile_peS2o_en_text_document_ratio0.05_phase1', 'weight': 508326.0}, {'name': 'common-pile_pressbooks_en_text_document', 'weight': 31891.0}, {'name': 'common-pile_stackexchange_en_text_document_ratio0.12_phase1', 'weight': 623169.0}, {'name': 'common-pile_news_en_text_document', 'weight': 14354.0}, {'name': 'common-pile_public-domain-review_en_text_document', 'weight': 382.0}, {'name': 'common-pile_python-enhancement-proposals_en_text_document', 'weight': 652.0}, {'name': 'croissant-aligned_aligned_text_document', 'weight': 5809232.0}, {'name': 'culturax_fr_text_document_ratio0.70_phase1', 'weight': 30698840.0}, {'name': 'dclm-dolmino_en_text_document_ratio0.25_phase1', 'weight': 31001087.0}, {'name': 'europarl_aligned_text_document_ratio0.50_phase1', 'weight': 107803.0}, {'name': 'europarl_multi_text_document_ratio0.50_phase1', 'weight': 49876.0}, {'name': 'eurovoc_filtered_multi_text_document_ratio0.50_phase1', 'weight': 1075045.0}, {'name': 'finemath-filtered_3plus_math_text_document', 'weight': 6889796.0}, {'name': 'fineweb-edu_en_text_document_ratio0.25_phase1', 'weight': 71584760.0}, {'name': 'fineweb2_ca_text_document_ratio0.02_phase1', 'weight': 37011.0}, {'name': 'fineweb2_fr_text_document', 'weight': 26943981.0}, {'name': 'fineweb2_edu3+_fr_text_document', 'weight': 17356742.0}, {'name': 'fineweb2_edu3+_ar_text_document_ratio0.50_phase1', 'weight': 2121809.0}, {'name': 'fineweb2_edu3+_de_text_document_ratio0.50_phase1', 'weight': 10018429.0}, {'name': 'fineweb2_edu3+_it_text_document_ratio0.50_phase1', 'weight': 5934366.0}, {'name': 'fineweb2_edu3+_nl_text_document_ratio0.50_phase1', 'weight': 2940744.0}, {'name': 'fineweb2_edu3+_pt_text_document_ratio0.50_phase1', 'weight': 5135083.0}, {'name': 'fineweb2_edu3+_es_text_document_ratio0.50_phase1', 'weight': 13192444.0}, {'name': 'fineweb2_regional_text_document', 'weight': 2132152.0}, {'name': 'gutenberg_de_text_document_ratio0.50_phase1', 'weight': 21165.0}, {'name': 'gutenberg_en_text_document_ratio0.50_phase1', 'weight': 593827.0}, {'name': 'gutenberg_es_text_document_ratio0.50_phase1', 'weight': 10889.0}, {'name': 'gutenberg_fr_text_document', 'weight': 91991.0}, {'name': 'gutenberg_it_text_document_ratio0.50_phase1', 'weight': 14954.0}, {'name': 'gutenberg_nl_text_document_ratio0.50_phase1', 'weight': 12215.0}, {'name': 'gutenberg_pt_text_document_ratio0.50_phase1', 'weight': 4620.0}, {'name': 'hal-cea_full-filtered_fr_text_document', 'weight': 3914015.0}, {'name': 'hplt2_fr_text_document_ratio0.70_phase1', 'weight': 37908732.0}, {'name': 'infiwebmath-filtered_3plus_math_text_document', 'weight': 3958073.0}, {'name': 'insee_fr_text_document', 'weight': 27688.0}, {'name': 'megamath-web-filtered_math_text_document', 'weight': 40187078.0}, {'name': 'nemotron-posttraining-de_de_text_document', 'weight': 157390.0}, {'name': 'nemotron-posttraining-es_es_text_document', 'weight': 140067.0}, {'name': 'nemotron-posttraining-fr_fr_text_document', 'weight': 151385.0}, {'name': 'nemotron-posttraining-it_it_text_document', 'weight': 153829.0}, {'name': 'opendata_fr_text_document', 'weight': 1374704.0}, {'name': 'parlement_fr_text_document', 'weight': 141413.0}, {'name': 'stack-edu_code_text_document_ratio0.70_phase1', 'weight': 29261117.0}, {'name': 'starcoder_olmomix_code_text_document', 'weight': 23663711.0}, {'name': 'synthetic-fineweb_extract-knowledge-hard_fr_text_document', 'weight': 689017.0}, {'name': 'synthetic-fineweb_extract-knowledge-medium_fr_text_document', 'weight': 1565311.0}, {'name': 'wikimedia-vikidia_ar_text_document', 'weight': 265451.0}, {'name': 'wikimedia-vikidia_ca_text_document_ratio0.20_phase1', 'weight': 58530.0}, {'name': 'wikimedia-vikidia_de_text_document', 'weight': 1098595.0}, {'name': 'wikimedia-vikidia_en_text_document', 'weight': 2882825.0}, {'name': 'wikimedia-vikidia_es_text_document', 'weight': 631843.0}, {'name': 'wikimedia-vikidia_fr_text_document', 'weight': 1276052.0}, {'name': 'wikimedia-vikidia_it_text_document', 'weight': 654077.0}, {'name': 'wikimedia-vikidia_pt_text_document', 'weight': 304392.0}, {'name': 'wikimedia-vikidia_regional_text_document', 'weight': 119234.0}, {'name': 'wikimedia_nl_text_document', 'weight': 345319.0}]}
INFO:__main__:Using CLI tokenizer override: OpenLLM-BPI/tokenizer_128k-arab-regional_v2
INFO:__main__:Using CLI tokenizer override: OpenLLM-BPI/tokenizer_128k-arab-regional_v2
INFO:__main__:Using CLI tokenizer override: OpenLLM-BPI/tokenizer_128k-arab-regional_v2
INFO:__main__:Using CLI tokenizer override: OpenLLM-BPI/tokenizer_128k-arab-regional_v2
INFO:__main__:Global batch size: 1024
INFO:__main__:Global batch size: 1024
INFO:__main__:Sequence length: 4096
INFO:__main__:Sequence length: 4096
INFO:__main__:Tokens per batch: 4194304
INFO:__main__:Tokens per batch: 4194304
INFO:__main__:Total tokens in datamix: 1604136730624
INFO:__main__:Total tokens in datamix: 1604136730624
INFO:__main__:Global training/LR horizon (from --max_steps): 40
INFO:__main__:Global batch size: 1024
INFO:__main__:Global training/LR horizon (from --max_steps): 40
INFO:__main__:Sequence length: 4096
INFO:__main__:Tokens per batch: 4194304
INFO:__main__:Total tokens in datamix: 1604136730624
INFO:__main__:Global training/LR horizon (from --max_steps): 40
INFO:__main__:Global batch size: 1024
INFO:__main__:Sequence length: 4096
INFO:__main__:Tokens per batch: 4194304
INFO:__main__:Patched megatron.core.optimizer (accepted params: {'lr_mult', 'use_gloo_process_groups', 'config', 'no_weight_decay_cond', 'scale_lr_cond', 'model_chunks'})
INFO:__main__:Patched megatron.core.optimizer (accepted params: {'scale_lr_cond', 'no_weight_decay_cond', 'config', 'model_chunks', 'use_gloo_process_groups', 'lr_mult'})
INFO:__main__:Total tokens in datamix: 1604136730624
INFO:__main__:Global training/LR horizon (from --max_steps): 40
INFO:__main__:Patched megatron.core.optimizer (accepted params: {'model_chunks', 'scale_lr_cond', 'use_gloo_process_groups', 'no_weight_decay_cond', 'lr_mult', 'config'})
INFO:__main__:Patched megatron.core.optimizer (accepted params: {'scale_lr_cond', 'config', 'model_chunks', 'no_weight_decay_cond', 'use_gloo_process_groups', 'lr_mult'})
INFO:__main__:SSA Triton: Using fused Triton SSA FlashAttention triton (n=1.50, b=0.80, compiled_bda=True)
INFO:__main__:SSA Triton: force_contiguous_qkv=True
INFO:__main__:Training from scratch, trainer.max_steps = 40
INFO:__main__:SSA Triton: Using fused Triton SSA FlashAttention triton (n=1.50, b=0.80, compiled_bda=True)
INFO:__main__:SSA Triton: force_contiguous_qkv=True
INFO:__main__:Training from scratch, trainer.max_steps = 40
INFO:__main__:SSA Triton: Using fused Triton SSA FlashAttention triton (n=1.50, b=0.80, compiled_bda=True)
INFO:__main__:SSA Triton: force_contiguous_qkv=True
INFO:__main__:Training from scratch, trainer.max_steps = 40
INFO:__main__:SSA Triton: Using fused Triton SSA FlashAttention triton (n=1.50, b=0.80, compiled_bda=True)
INFO:__main__:SSA Triton: force_contiguous_qkv=True
INFO:__main__:Training from scratch, trainer.max_steps = 40
INFO:__main__:Detected vocab_size from tokenizer: 128000
INFO:__main__:Base checkpoint: /lustre/work/pdl17996/udl62d273/checkpoint_phase1/nemotron-1B-SSA-Triton-bs1024-step=0715787-last
INFO:__main__:LR scheduler max_steps = 40, warmup_steps = 40, min_lr = 6.87e-05
INFO:__main__:Skipping Triton warmup (--skip_triton_warmup).
INFO:__main__:Detected vocab_size from tokenizer: 128000
INFO:__main__:Base checkpoint: /lustre/work/pdl17996/udl62d273/checkpoint_phase1/nemotron-1B-SSA-Triton-bs1024-step=0715787-last
INFO:__main__:LR scheduler max_steps = 40, warmup_steps = 40, min_lr = 6.87e-05
INFO:__main__:Skipping Triton warmup (--skip_triton_warmup).
INFO:__main__:Detected vocab_size from tokenizer: 128000
INFO:__main__:Base checkpoint: /lustre/work/pdl17996/udl62d273/checkpoint_phase1/nemotron-1B-SSA-Triton-bs1024-step=0715787-last
INFO:__main__:LR scheduler max_steps = 40, warmup_steps = 40, min_lr = 6.87e-05
INFO:__main__:Skipping Triton warmup (--skip_triton_warmup).
INFO:__main__:Detected vocab_size from tokenizer: 128000
INFO:__main__:Base checkpoint: /lustre/work/pdl17996/udl62d273/checkpoint_phase1/nemotron-1B-SSA-Triton-bs1024-step=0715787-last
INFO:__main__:LR scheduler max_steps = 40, warmup_steps = 40, min_lr = 6.87e-05
INFO:__main__:Skipping Triton warmup (--skip_triton_warmup).
INFO:utils:{'data_path': '/lustre/work/pdl17996/udl62d273/tokens_phase2', 'total_tokens': 1604136730624, 'train': [{'name': 'claire_open_en_text_document_ratio0.50_phase1', 'weight': 14501.0}, {'name': 'claire_open_fr_text_document', 'weight': 46064.0}, {'name': 'common-corpus_eurlex_multi_text_document_ratio0.50_phase1', 'weight': 1800832.0}, {'name': 'common-corpus_gatt-library_multi_text_document_ratio0.50_phase1', 'weight': 20661.0}, {'name': 'common-corpus_oecd_multi_text_document_ratio0.50_phase1', 'weight': 60984.0}, {'name': 'common-corpus_tedeutenders_multi_text_document_ratio0.50_phase1', 'weight': 15638.0}, {'name': 'common-corpus_wto_multi_text_document_ratio0.50_phase1', 'weight': 288639.0}, {'name': 'common-pile_arxiv-papers_en_text_document_ratio0.25_phase1', 'weight': 324758.0}, {'name': 'common-pile_data-provenance-initiative_en_text_document', 'weight': 189948.0}, {'name': 'common-pile_doab_en_text_document', 'weight': 712786.0}, {'name': 'common-pile_foodista_en_text_document', 'weight': 5603.0}, {'name': 'common-pile_github-archive_en_text_document', 'weight': 2244221.0}, {'name': 'common-pile_libretexts_en_text_document', 'weight': 21049.0}, {'name': 'common-pile_oercommons_en_text_document', 'weight': 2748.0}, {'name': 'common-pile_peS2o_en_text_document_ratio0.05_phase1', 'weight': 508326.0}, {'name': 'common-pile_pressbooks_en_text_document', 'weight': 31891.0}, {'name': 'common-pile_stackexchange_en_text_document_ratio0.12_phase1', 'weight': 623169.0}, {'name': 'common-pile_news_en_text_document', 'weight': 14354.0}, {'name': 'common-pile_public-domain-review_en_text_document', 'weight': 382.0}, {'name': 'common-pile_python-enhancement-proposals_en_text_document', 'weight': 652.0}, {'name': 'croissant-aligned_aligned_text_document', 'weight': 5809232.0}, {'name': 'culturax_fr_text_document_ratio0.70_phase1', 'weight': 30698840.0}, {'name': 'dclm-dolmino_en_text_document_ratio0.25_phase1', 'weight': 31001087.0}, {'name': 'europarl_aligned_text_document_ratio0.50_phase1', 'weight': 107803.0}, {'name': 'europarl_multi_text_document_ratio0.50_phase1', 'weight': 49876.0}, {'name': 'eurovoc_filtered_multi_text_document_ratio0.50_phase1', 'weight': 1075045.0}, {'name': 'finemath-filtered_3plus_math_text_document', 'weight': 6889796.0}, {'name': 'fineweb-edu_en_text_document_ratio0.25_phase1', 'weight': 71584760.0}, {'name': 'fineweb2_ca_text_document_ratio0.02_phase1', 'weight': 37011.0}, {'name': 'fineweb2_fr_text_document', 'weight': 26943981.0}, {'name': 'fineweb2_edu3+_fr_text_document', 'weight': 17356742.0}, {'name': 'fineweb2_edu3+_ar_text_document_ratio0.50_phase1', 'weight': 2121809.0}, {'name': 'fineweb2_edu3+_de_text_document_ratio0.50_phase1', 'weight': 10018429.0}, {'name': 'fineweb2_edu3+_it_text_document_ratio0.50_phase1', 'weight': 5934366.0}, {'name': 'fineweb2_edu3+_nl_text_document_ratio0.50_phase1', 'weight': 2940744.0}, {'name': 'fineweb2_edu3+_pt_text_document_ratio0.50_phase1', 'weight': 5135083.0}, {'name': 'fineweb2_edu3+_es_text_document_ratio0.50_phase1', 'weight': 13192444.0}, {'name': 'fineweb2_regional_text_document', 'weight': 2132152.0}, {'name': 'gutenberg_de_text_document_ratio0.50_phase1', 'weight': 21165.0}, {'name': 'gutenberg_en_text_document_ratio0.50_phase1', 'weight': 593827.0}, {'name': 'gutenberg_es_text_document_ratio0.50_phase1', 'weight': 10889.0}, {'name': 'gutenberg_fr_text_document', 'weight': 91991.0}, {'name': 'gutenberg_it_text_document_ratio0.50_phase1', 'weight': 14954.0}, {'name': 'gutenberg_nl_text_document_ratio0.50_phase1', 'weight': 12215.0}, {'name': 'gutenberg_pt_text_document_ratio0.50_phase1', 'weight': 4620.0}, {'name': 'hal-cea_full-filtered_fr_text_document', 'weight': 3914015.0}, {'name': 'hplt2_fr_text_document_ratio0.70_phase1', 'weight': 37908732.0}, {'name': 'infiwebmath-filtered_3plus_math_text_document', 'weight': 3958073.0}, {'name': 'insee_fr_text_document', 'weight': 27688.0}, {'name': 'megamath-web-filtered_math_text_document', 'weight': 40187078.0}, {'name': 'nemotron-posttraining-de_de_text_document', 'weight': 157390.0}, {'name': 'nemotron-posttraining-es_es_text_document', 'weight': 140067.0}, {'name': 'nemotron-posttraining-fr_fr_text_document', 'weight': 151385.0}, {'name': 'nemotron-posttraining-it_it_text_document', 'weight': 153829.0}, {'name': 'opendata_fr_text_document', 'weight': 1374704.0}, {'name': 'parlement_fr_text_document', 'weight': 141413.0}, {'name': 'stack-edu_code_text_document_ratio0.70_phase1', 'weight': 29261117.0}, {'name': 'starcoder_olmomix_code_text_document', 'weight': 23663711.0}, {'name': 'synthetic-fineweb_extract-knowledge-hard_fr_text_document', 'weight': 689017.0}, {'name': 'synthetic-fineweb_extract-knowledge-medium_fr_text_document', 'weight': 1565311.0}, {'name': 'wikimedia-vikidia_ar_text_document', 'weight': 265451.0}, {'name': 'wikimedia-vikidia_ca_text_document_ratio0.20_phase1', 'weight': 58530.0}, {'name': 'wikimedia-vikidia_de_text_document', 'weight': 1098595.0}, {'name': 'wikimedia-vikidia_en_text_document', 'weight': 2882825.0}, {'name': 'wikimedia-vikidia_es_text_document', 'weight': 631843.0}, {'name': 'wikimedia-vikidia_fr_text_document', 'weight': 1276052.0}, {'name': 'wikimedia-vikidia_it_text_document', 'weight': 654077.0}, {'name': 'wikimedia-vikidia_pt_text_document', 'weight': 304392.0}, {'name': 'wikimedia-vikidia_regional_text_document', 'weight': 119234.0}, {'name': 'wikimedia_nl_text_document', 'weight': 345319.0}]}
INFO:utils:{'data_path': '/lustre/work/pdl17996/udl62d273/tokens_phase2', 'total_tokens': 1604136730624, 'train': [{'name': 'claire_open_en_text_document_ratio0.50_phase1', 'weight': 14501.0}, {'name': 'claire_open_fr_text_document', 'weight': 46064.0}, {'name': 'common-corpus_eurlex_multi_text_document_ratio0.50_phase1', 'weight': 1800832.0}, {'name': 'common-corpus_gatt-library_multi_text_document_ratio0.50_phase1', 'weight': 20661.0}, {'name': 'common-corpus_oecd_multi_text_document_ratio0.50_phase1', 'weight': 60984.0}, {'name': 'common-corpus_tedeutenders_multi_text_document_ratio0.50_phase1', 'weight': 15638.0}, {'name': 'common-corpus_wto_multi_text_document_ratio0.50_phase1', 'weight': 288639.0}, {'name': 'common-pile_arxiv-papers_en_text_document_ratio0.25_phase1', 'weight': 324758.0}, {'name': 'common-pile_data-provenance-initiative_en_text_document', 'weight': 189948.0}, {'name': 'common-pile_doab_en_text_document', 'weight': 712786.0}, {'name': 'common-pile_foodista_en_text_document', 'weight': 5603.0}, {'name': 'common-pile_github-archive_en_text_document', 'weight': 2244221.0}, {'name': 'common-pile_libretexts_en_text_document', 'weight': 21049.0}, {'name': 'common-pile_oercommons_en_text_document', 'weight': 2748.0}, {'name': 'common-pile_peS2o_en_text_document_ratio0.05_phase1', 'weight': 508326.0}, {'name': 'common-pile_pressbooks_en_text_document', 'weight': 31891.0}, {'name': 'common-pile_stackexchange_en_text_document_ratio0.12_phase1', 'weight': 623169.0}, {'name': 'common-pile_news_en_text_document', 'weight': 14354.0}, {'name': 'common-pile_public-domain-review_en_text_document', 'weight': 382.0}, {'name': 'common-pile_python-enhancement-proposals_en_text_document', 'weight': 652.0}, {'name': 'croissant-aligned_aligned_text_document', 'weight': 5809232.0}, {'name': 'culturax_fr_text_document_ratio0.70_phase1', 'weight': 30698840.0}, {'name': 'dclm-dolmino_en_text_document_ratio0.25_phase1', 'weight': 31001087.0}, {'name': 'europarl_aligned_text_document_ratio0.50_phase1', 'weight': 107803.0}, {'name': 'europarl_multi_text_document_ratio0.50_phase1', 'weight': 49876.0}, {'name': 'eurovoc_filtered_multi_text_document_ratio0.50_phase1', 'weight': 1075045.0}, {'name': 'finemath-filtered_3plus_math_text_document', 'weight': 6889796.0}, {'name': 'fineweb-edu_en_text_document_ratio0.25_phase1', 'weight': 71584760.0}, {'name': 'fineweb2_ca_text_document_ratio0.02_phase1', 'weight': 37011.0}, {'name': 'fineweb2_fr_text_document', 'weight': 26943981.0}, {'name': 'fineweb2_edu3+_fr_text_document', 'weight': 17356742.0}, {'name': 'fineweb2_edu3+_ar_text_document_ratio0.50_phase1', 'weight': 2121809.0}, {'name': 'fineweb2_edu3+_de_text_document_ratio0.50_phase1', 'weight': 10018429.0}, {'name': 'fineweb2_edu3+_it_text_document_ratio0.50_phase1', 'weight': 5934366.0}, {'name': 'fineweb2_edu3+_nl_text_document_ratio0.50_phase1', 'weight': 2940744.0}, {'name': 'fineweb2_edu3+_pt_text_document_ratio0.50_phase1', 'weight': 5135083.0}, {'name': 'fineweb2_edu3+_es_text_document_ratio0.50_phase1', 'weight': 13192444.0}, {'name': 'fineweb2_regional_text_document', 'weight': 2132152.0}, {'name': 'gutenberg_de_text_document_ratio0.50_phase1', 'weight': 21165.0}, {'name': 'gutenberg_en_text_document_ratio0.50_phase1', 'weight': 593827.0}, {'name': 'gutenberg_es_text_document_ratio0.50_phase1', 'weight': 10889.0}, {'name': 'gutenberg_fr_text_document', 'weight': 91991.0}, {'name': 'gutenberg_it_text_document_ratio0.50_phase1', 'weight': 14954.0}, {'name': 'gutenberg_nl_text_document_ratio0.50_phase1', 'weight': 12215.0}, {'name': 'gutenberg_pt_text_document_ratio0.50_phase1', 'weight': 4620.0}, {'name': 'hal-cea_full-filtered_fr_text_document', 'weight': 3914015.0}, {'name': 'hplt2_fr_text_document_ratio0.70_phase1', 'weight': 37908732.0}, {'name': 'infiwebmath-filtered_3plus_math_text_document', 'weight': 3958073.0}, {'name': 'insee_fr_text_document', 'weight': 27688.0}, {'name': 'megamath-web-filtered_math_text_document', 'weight': 40187078.0}, {'name': 'nemotron-posttraining-de_de_text_document', 'weight': 157390.0}, {'name': 'nemotron-posttraining-es_es_text_document', 'weight': 140067.0}, {'name': 'nemotron-posttraining-fr_fr_text_document', 'weight': 151385.0}, {'name': 'nemotron-posttraining-it_it_text_document', 'weight': 153829.0}, {'name': 'opendata_fr_text_document', 'weight': 1374704.0}, {'name': 'parlement_fr_text_document', 'weight': 141413.0}, {'name': 'stack-edu_code_text_document_ratio0.70_phase1', 'weight': 29261117.0}, {'name': 'starcoder_olmomix_code_text_document', 'weight': 23663711.0}, {'name': 'synthetic-fineweb_extract-knowledge-hard_fr_text_document', 'weight': 689017.0}, {'name': 'synthetic-fineweb_extract-knowledge-medium_fr_text_document', 'weight': 1565311.0}, {'name': 'wikimedia-vikidia_ar_text_document', 'weight': 265451.0}, {'name': 'wikimedia-vikidia_ca_text_document_ratio0.20_phase1', 'weight': 58530.0}, {'name': 'wikimedia-vikidia_de_text_document', 'weight': 1098595.0}, {'name': 'wikimedia-vikidia_en_text_document', 'weight': 2882825.0}, {'name': 'wikimedia-vikidia_es_text_document', 'weight': 631843.0}, {'name': 'wikimedia-vikidia_fr_text_document', 'weight': 1276052.0}, {'name': 'wikimedia-vikidia_it_text_document', 'weight': 654077.0}, {'name': 'wikimedia-vikidia_pt_text_document', 'weight': 304392.0}, {'name': 'wikimedia-vikidia_regional_text_document', 'weight': 119234.0}, {'name': 'wikimedia_nl_text_document', 'weight': 345319.0}]}
INFO:utils:{'data_path': '/lustre/work/pdl17996/udl62d273/tokens_phase2', 'total_tokens': 1604136730624, 'train': [{'name': 'claire_open_en_text_document_ratio0.50_phase1', 'weight': 14501.0}, {'name': 'claire_open_fr_text_document', 'weight': 46064.0}, {'name': 'common-corpus_eurlex_multi_text_document_ratio0.50_phase1', 'weight': 1800832.0}, {'name': 'common-corpus_gatt-library_multi_text_document_ratio0.50_phase1', 'weight': 20661.0}, {'name': 'common-corpus_oecd_multi_text_document_ratio0.50_phase1', 'weight': 60984.0}, {'name': 'common-corpus_tedeutenders_multi_text_document_ratio0.50_phase1', 'weight': 15638.0}, {'name': 'common-corpus_wto_multi_text_document_ratio0.50_phase1', 'weight': 288639.0}, {'name': 'common-pile_arxiv-papers_en_text_document_ratio0.25_phase1', 'weight': 324758.0}, {'name': 'common-pile_data-provenance-initiative_en_text_document', 'weight': 189948.0}, {'name': 'common-pile_doab_en_text_document', 'weight': 712786.0}, {'name': 'common-pile_foodista_en_text_document', 'weight': 5603.0}, {'name': 'common-pile_github-archive_en_text_document', 'weight': 2244221.0}, {'name': 'common-pile_libretexts_en_text_document', 'weight': 21049.0}, {'name': 'common-pile_oercommons_en_text_document', 'weight': 2748.0}, {'name': 'common-pile_peS2o_en_text_document_ratio0.05_phase1', 'weight': 508326.0}, {'name': 'common-pile_pressbooks_en_text_document', 'weight': 31891.0}, {'name': 'common-pile_stackexchange_en_text_document_ratio0.12_phase1', 'weight': 623169.0}, {'name': 'common-pile_news_en_text_document', 'weight': 14354.0}, {'name': 'common-pile_public-domain-review_en_text_document', 'weight': 382.0}, {'name': 'common-pile_python-enhancement-proposals_en_text_document', 'weight': 652.0}, {'name': 'croissant-aligned_aligned_text_document', 'weight': 5809232.0}, {'name': 'culturax_fr_text_document_ratio0.70_phase1', 'weight': 30698840.0}, {'name': 'dclm-dolmino_en_text_document_ratio0.25_phase1', 'weight': 31001087.0}, {'name': 'europarl_aligned_text_document_ratio0.50_phase1', 'weight': 107803.0}, {'name': 'europarl_multi_text_document_ratio0.50_phase1', 'weight': 49876.0}, {'name': 'eurovoc_filtered_multi_text_document_ratio0.50_phase1', 'weight': 1075045.0}, {'name': 'finemath-filtered_3plus_math_text_document', 'weight': 6889796.0}, {'name': 'fineweb-edu_en_text_document_ratio0.25_phase1', 'weight': 71584760.0}, {'name': 'fineweb2_ca_text_document_ratio0.02_phase1', 'weight': 37011.0}, {'name': 'fineweb2_fr_text_document', 'weight': 26943981.0}, {'name': 'fineweb2_edu3+_fr_text_document', 'weight': 17356742.0}, {'name': 'fineweb2_edu3+_ar_text_document_ratio0.50_phase1', 'weight': 2121809.0}, {'name': 'fineweb2_edu3+_de_text_document_ratio0.50_phase1', 'weight': 10018429.0}, {'name': 'fineweb2_edu3+_it_text_document_ratio0.50_phase1', 'weight': 5934366.0}, {'name': 'fineweb2_edu3+_nl_text_document_ratio0.50_phase1', 'weight': 2940744.0}, {'name': 'fineweb2_edu3+_pt_text_document_ratio0.50_phase1', 'weight': 5135083.0}, {'name': 'fineweb2_edu3+_es_text_document_ratio0.50_phase1', 'weight': 13192444.0}, {'name': 'fineweb2_regional_text_document', 'weight': 2132152.0}, {'name': 'gutenberg_de_text_document_ratio0.50_phase1', 'weight': 21165.0}, {'name': 'gutenberg_en_text_document_ratio0.50_phase1', 'weight': 593827.0}, {'name': 'gutenberg_es_text_document_ratio0.50_phase1', 'weight': 10889.0}, {'name': 'gutenberg_fr_text_document', 'weight': 91991.0}, {'name': 'gutenberg_it_text_document_ratio0.50_phase1', 'weight': 14954.0}, {'name': 'gutenberg_nl_text_document_ratio0.50_phase1', 'weight': 12215.0}, {'name': 'gutenberg_pt_text_document_ratio0.50_phase1', 'weight': 4620.0}, {'name': 'hal-cea_full-filtered_fr_text_document', 'weight': 3914015.0}, {'name': 'hplt2_fr_text_document_ratio0.70_phase1', 'weight': 37908732.0}, {'name': 'infiwebmath-filtered_3plus_math_text_document', 'weight': 3958073.0}, {'name': 'insee_fr_text_document', 'weight': 27688.0}, {'name': 'megamath-web-filtered_math_text_document', 'weight': 40187078.0}, {'name': 'nemotron-posttraining-de_de_text_document', 'weight': 157390.0}, {'name': 'nemotron-posttraining-es_es_text_document', 'weight': 140067.0}, {'name': 'nemotron-posttraining-fr_fr_text_document', 'weight': 151385.0}, {'name': 'nemotron-posttraining-it_it_text_document', 'weight': 153829.0}, {'name': 'opendata_fr_text_document', 'weight': 1374704.0}, {'name': 'parlement_fr_text_document', 'weight': 141413.0}, {'name': 'stack-edu_code_text_document_ratio0.70_phase1', 'weight': 29261117.0}, {'name': 'starcoder_olmomix_code_text_document', 'weight': 23663711.0}, {'name': 'synthetic-fineweb_extract-knowledge-hard_fr_text_document', 'weight': 689017.0}, {'name': 'synthetic-fineweb_extract-knowledge-medium_fr_text_document', 'weight': 1565311.0}, {'name': 'wikimedia-vikidia_ar_text_document', 'weight': 265451.0}, {'name': 'wikimedia-vikidia_ca_text_document_ratio0.20_phase1', 'weight': 58530.0}, {'name': 'wikimedia-vikidia_de_text_document', 'weight': 1098595.0}, {'name': 'wikimedia-vikidia_en_text_document', 'weight': 2882825.0}, {'name': 'wikimedia-vikidia_es_text_document', 'weight': 631843.0}, {'name': 'wikimedia-vikidia_fr_text_document', 'weight': 1276052.0}, {'name': 'wikimedia-vikidia_it_text_document', 'weight': 654077.0}, {'name': 'wikimedia-vikidia_pt_text_document', 'weight': 304392.0}, {'name': 'wikimedia-vikidia_regional_text_document', 'weight': 119234.0}, {'name': 'wikimedia_nl_text_document', 'weight': 345319.0}]}
INFO:__main__:Using CLI tokenizer override: OpenLLM-BPI/tokenizer_128k-arab-regional_v2
INFO:__main__:Using CLI tokenizer override: OpenLLM-BPI/tokenizer_128k-arab-regional_v2
INFO:__main__:Using CLI tokenizer override: OpenLLM-BPI/tokenizer_128k-arab-regional_v2
INFO:__main__:Global batch size: 1024
INFO:__main__:Sequence length: 4096
INFO:__main__:Tokens per batch: 4194304
INFO:__main__:Total tokens in datamix: 1604136730624
INFO:__main__:Global training/LR horizon (from --max_steps): 40
INFO:__main__:Global batch size: 1024
INFO:__main__:Sequence length: 4096
INFO:__main__:Tokens per batch: 4194304
INFO:__main__:Total tokens in datamix: 1604136730624
INFO:__main__:Global training/LR horizon (from --max_steps): 40
INFO:__main__:Patched megatron.core.optimizer (accepted params: {'use_gloo_process_groups', 'config', 'model_chunks', 'lr_mult', 'no_weight_decay_cond', 'scale_lr_cond'})
INFO:__main__:Global batch size: 1024
INFO:__main__:Sequence length: 4096
INFO:__main__:Tokens per batch: 4194304
INFO:__main__:Total tokens in datamix: 1604136730624
INFO:__main__:Patched megatron.core.optimizer (accepted params: {'use_gloo_process_groups', 'model_chunks', 'config', 'no_weight_decay_cond', 'scale_lr_cond', 'lr_mult'})
INFO:__main__:Global training/LR horizon (from --max_steps): 40
INFO:__main__:Patched megatron.core.optimizer (accepted params: {'lr_mult', 'no_weight_decay_cond', 'use_gloo_process_groups', 'config', 'model_chunks', 'scale_lr_cond'})
INFO:utils:{'data_path': '/lustre/work/pdl17996/udl62d273/tokens_phase2', 'total_tokens': 1604136730624, 'train': [{'name': 'claire_open_en_text_document_ratio0.50_phase1', 'weight': 14501.0}, {'name': 'claire_open_fr_text_document', 'weight': 46064.0}, {'name': 'common-corpus_eurlex_multi_text_document_ratio0.50_phase1', 'weight': 1800832.0}, {'name': 'common-corpus_gatt-library_multi_text_document_ratio0.50_phase1', 'weight': 20661.0}, {'name': 'common-corpus_oecd_multi_text_document_ratio0.50_phase1', 'weight': 60984.0}, {'name': 'common-corpus_tedeutenders_multi_text_document_ratio0.50_phase1', 'weight': 15638.0}, {'name': 'common-corpus_wto_multi_text_document_ratio0.50_phase1', 'weight': 288639.0}, {'name': 'common-pile_arxiv-papers_en_text_document_ratio0.25_phase1', 'weight': 324758.0}, {'name': 'common-pile_data-provenance-initiative_en_text_document', 'weight': 189948.0}, {'name': 'common-pile_doab_en_text_document', 'weight': 712786.0}, {'name': 'common-pile_foodista_en_text_document', 'weight': 5603.0}, {'name': 'common-pile_github-archive_en_text_document', 'weight': 2244221.0}, {'name': 'common-pile_libretexts_en_text_document', 'weight': 21049.0}, {'name': 'common-pile_oercommons_en_text_document', 'weight': 2748.0}, {'name': 'common-pile_peS2o_en_text_document_ratio0.05_phase1', 'weight': 508326.0}, {'name': 'common-pile_pressbooks_en_text_document', 'weight': 31891.0}, {'name': 'common-pile_stackexchange_en_text_document_ratio0.12_phase1', 'weight': 623169.0}, {'name': 'common-pile_news_en_text_document', 'weight': 14354.0}, {'name': 'common-pile_public-domain-review_en_text_document', 'weight': 382.0}, {'name': 'common-pile_python-enhancement-proposals_en_text_document', 'weight': 652.0}, {'name': 'croissant-aligned_aligned_text_document', 'weight': 5809232.0}, {'name': 'culturax_fr_text_document_ratio0.70_phase1', 'weight': 30698840.0}, {'name': 'dclm-dolmino_en_text_document_ratio0.25_phase1', 'weight': 31001087.0}, {'name': 'europarl_aligned_text_document_ratio0.50_phase1', 'weight': 107803.0}, {'name': 'europarl_multi_text_document_ratio0.50_phase1', 'weight': 49876.0}, {'name': 'eurovoc_filtered_multi_text_document_ratio0.50_phase1', 'weight': 1075045.0}, {'name': 'finemath-filtered_3plus_math_text_document', 'weight': 6889796.0}, {'name': 'fineweb-edu_en_text_document_ratio0.25_phase1', 'weight': 71584760.0}, {'name': 'fineweb2_ca_text_document_ratio0.02_phase1', 'weight': 37011.0}, {'name': 'fineweb2_fr_text_document', 'weight': 26943981.0}, {'name': 'fineweb2_edu3+_fr_text_document', 'weight': 17356742.0}, {'name': 'fineweb2_edu3+_ar_text_document_ratio0.50_phase1', 'weight': 2121809.0}, {'name': 'fineweb2_edu3+_de_text_document_ratio0.50_phase1', 'weight': 10018429.0}, {'name': 'fineweb2_edu3+_it_text_document_ratio0.50_phase1', 'weight': 5934366.0}, {'name': 'fineweb2_edu3+_nl_text_document_ratio0.50_phase1', 'weight': 2940744.0}, {'name': 'fineweb2_edu3+_pt_text_document_ratio0.50_phase1', 'weight': 5135083.0}, {'name': 'fineweb2_edu3+_es_text_document_ratio0.50_phase1', 'weight': 13192444.0}, {'name': 'fineweb2_regional_text_document', 'weight': 2132152.0}, {'name': 'gutenberg_de_text_document_ratio0.50_phase1', 'weight': 21165.0}, {'name': 'gutenberg_en_text_document_ratio0.50_phase1', 'weight': 593827.0}, {'name': 'gutenberg_es_text_document_ratio0.50_phase1', 'weight': 10889.0}, {'name': 'gutenberg_fr_text_document', 'weight': 91991.0}, {'name': 'gutenberg_it_text_document_ratio0.50_phase1', 'weight': 14954.0}, {'name': 'gutenberg_nl_text_document_ratio0.50_phase1', 'weight': 12215.0}, {'name': 'gutenberg_pt_text_document_ratio0.50_phase1', 'weight': 4620.0}, {'name': 'hal-cea_full-filtered_fr_text_document', 'weight': 3914015.0}, {'name': 'hplt2_fr_text_document_ratio0.70_phase1', 'weight': 37908732.0}, {'name': 'infiwebmath-filtered_3plus_math_text_document', 'weight': 3958073.0}, {'name': 'insee_fr_text_document', 'weight': 27688.0}, {'name': 'megamath-web-filtered_math_text_document', 'weight': 40187078.0}, {'name': 'nemotron-posttraining-de_de_text_document', 'weight': 157390.0}, {'name': 'nemotron-posttraining-es_es_text_document', 'weight': 140067.0}, {'name': 'nemotron-posttraining-fr_fr_text_document', 'weight': 151385.0}, {'name': 'nemotron-posttraining-it_it_text_document', 'weight': 153829.0}, {'name': 'opendata_fr_text_document', 'weight': 1374704.0}, {'name': 'parlement_fr_text_document', 'weight': 141413.0}, {'name': 'stack-edu_code_text_document_ratio0.70_phase1', 'weight': 29261117.0}, {'name': 'starcoder_olmomix_code_text_document', 'weight': 23663711.0}, {'name': 'synthetic-fineweb_extract-knowledge-hard_fr_text_document', 'weight': 689017.0}, {'name': 'synthetic-fineweb_extract-knowledge-medium_fr_text_document', 'weight': 1565311.0}, {'name': 'wikimedia-vikidia_ar_text_document', 'weight': 265451.0}, {'name': 'wikimedia-vikidia_ca_text_document_ratio0.20_phase1', 'weight': 58530.0}, {'name': 'wikimedia-vikidia_de_text_document', 'weight': 1098595.0}, {'name': 'wikimedia-vikidia_en_text_document', 'weight': 2882825.0}, {'name': 'wikimedia-vikidia_es_text_document', 'weight': 631843.0}, {'name': 'wikimedia-vikidia_fr_text_document', 'weight': 1276052.0}, {'name': 'wikimedia-vikidia_it_text_document', 'weight': 654077.0}, {'name': 'wikimedia-vikidia_pt_text_document', 'weight': 304392.0}, {'name': 'wikimedia-vikidia_regional_text_document', 'weight': 119234.0}, {'name': 'wikimedia_nl_text_document', 'weight': 345319.0}]}
INFO:__main__:Using CLI tokenizer override: OpenLLM-BPI/tokenizer_128k-arab-regional_v2
INFO:__main__:Global batch size: 1024
INFO:__main__:Sequence length: 4096
INFO:__main__:Tokens per batch: 4194304
INFO:__main__:Total tokens in datamix: 1604136730624
INFO:__main__:Global training/LR horizon (from --max_steps): 40
INFO:__main__:Patched megatron.core.optimizer (accepted params: {'model_chunks', 'lr_mult', 'use_gloo_process_groups', 'no_weight_decay_cond', 'config', 'scale_lr_cond'})
[NeMo I 2026-07-24 10:30:33 nemo_logging:393] Getting HuggingFace AutoTokenizer with pretrained_model_name: OpenLLM-BPI/tokenizer_128k-arab-regional_v2, vocab_file: None, merges_files: None, special_tokens_dict: {}, and use_fast: True
INFO:__main__:SSA Triton: Using fused Triton SSA FlashAttention triton (n=1.50, b=0.80, compiled_bda=True)
INFO:__main__:SSA Triton: force_contiguous_qkv=True
INFO:__main__:SSA Triton: Using fused Triton SSA FlashAttention triton (n=1.50, b=0.80, compiled_bda=True)
INFO:__main__:Training from scratch, trainer.max_steps = 40
INFO:__main__:SSA Triton: force_contiguous_qkv=True
INFO:__main__:Training from scratch, trainer.max_steps = 40
INFO:__main__:SSA Triton: Using fused Triton SSA FlashAttention triton (n=1.50, b=0.80, compiled_bda=True)
INFO:__main__:SSA Triton: Using fused Triton SSA FlashAttention triton (n=1.50, b=0.80, compiled_bda=True)
INFO:__main__:SSA Triton: force_contiguous_qkv=True
INFO:__main__:SSA Triton: force_contiguous_qkv=True
INFO:__main__:Training from scratch, trainer.max_steps = 40
INFO:__main__:Training from scratch, trainer.max_steps = 40
INFO:__main__:Detected vocab_size from tokenizer: 128000
INFO:__main__:Detected vocab_size from tokenizer: 128000
INFO:__main__:Base checkpoint: /lustre/work/pdl17996/udl62d273/checkpoint_phase1/nemotron-1B-SSA-Triton-bs1024-step=0715787-last
INFO:__main__:LR scheduler max_steps = 40, warmup_steps = 40, min_lr = 6.87e-05
INFO:__main__:Skipping Triton warmup (--skip_triton_warmup).
INFO:__main__:Base checkpoint: /lustre/work/pdl17996/udl62d273/checkpoint_phase1/nemotron-1B-SSA-Triton-bs1024-step=0715787-last
INFO:__main__:LR scheduler max_steps = 40, warmup_steps = 40, min_lr = 6.87e-05
INFO:__main__:Skipping Triton warmup (--skip_triton_warmup).
INFO:__main__:Detected vocab_size from tokenizer: 128000
INFO:__main__:Detected vocab_size from tokenizer: 128000
INFO:__main__:Base checkpoint: /lustre/work/pdl17996/udl62d273/checkpoint_phase1/nemotron-1B-SSA-Triton-bs1024-step=0715787-last
INFO:__main__:LR scheduler max_steps = 40, warmup_steps = 40, min_lr = 6.87e-05
INFO:__main__:Base checkpoint: /lustre/work/pdl17996/udl62d273/checkpoint_phase1/nemotron-1B-SSA-Triton-bs1024-step=0715787-last
INFO:__main__:LR scheduler max_steps = 40, warmup_steps = 40, min_lr = 6.87e-05
INFO:__main__:Skipping Triton warmup (--skip_triton_warmup).
INFO:__main__:Skipping Triton warmup (--skip_triton_warmup).
INFO:__main__:SSA Triton: Using fused Triton SSA FlashAttention triton (n=1.50, b=0.80, compiled_bda=True)
INFO:__main__:SSA Triton: Using fused Triton SSA FlashAttention triton (n=1.50, b=0.80, compiled_bda=True)
INFO:__main__:SSA Triton: force_contiguous_qkv=True
INFO:__main__:SSA Triton: force_contiguous_qkv=True
INFO:__main__:Training from scratch, trainer.max_steps = 40
INFO:__main__:Training from scratch, trainer.max_steps = 40
INFO:__main__:SSA Triton: Using fused Triton SSA FlashAttention triton (n=1.50, b=0.80, compiled_bda=True)
INFO:__main__:SSA Triton: Using fused Triton SSA FlashAttention triton (n=1.50, b=0.80, compiled_bda=True)
INFO:__main__:SSA Triton: force_contiguous_qkv=True
INFO:__main__:Training from scratch, trainer.max_steps = 40
INFO:__main__:SSA Triton: force_contiguous_qkv=True
INFO:__main__:Training from scratch, trainer.max_steps = 40
INFO:__main__:Detected vocab_size from tokenizer: 128000
INFO:__main__:Detected vocab_size from tokenizer: 128000
INFO:__main__:Base checkpoint: /lustre/work/pdl17996/udl62d273/checkpoint_phase1/nemotron-1B-SSA-Triton-bs1024-step=0715787-last
INFO:__main__:LR scheduler max_steps = 40, warmup_steps = 40, min_lr = 6.87e-05
INFO:__main__:Base checkpoint: /lustre/work/pdl17996/udl62d273/checkpoint_phase1/nemotron-1B-SSA-Triton-bs1024-step=0715787-last
INFO:__main__:LR scheduler max_steps = 40, warmup_steps = 40, min_lr = 6.87e-05
INFO:__main__:Skipping Triton warmup (--skip_triton_warmup).
INFO:__main__:Skipping Triton warmup (--skip_triton_warmup).
INFO:__main__:Detected vocab_size from tokenizer: 128000
INFO:__main__:Detected vocab_size from tokenizer: 128000
INFO:__main__:Base checkpoint: /lustre/work/pdl17996/udl62d273/checkpoint_phase1/nemotron-1B-SSA-Triton-bs1024-step=0715787-last
INFO:__main__:LR scheduler max_steps = 40, warmup_steps = 40, min_lr = 6.87e-05
INFO:__main__:Base checkpoint: /lustre/work/pdl17996/udl62d273/checkpoint_phase1/nemotron-1B-SSA-Triton-bs1024-step=0715787-last
INFO:__main__:LR scheduler max_steps = 40, warmup_steps = 40, min_lr = 6.87e-05
INFO:__main__:Skipping Triton warmup (--skip_triton_warmup).
INFO:utils:Config saved to /lustre/work/pdl17996/udl62d273/phase2_output_blackwell/outputs/job_100992/config_nemotron-1B-SSA-Triton-phase2-blackwell-bs1024-mbs8-w4s3.json
INFO:__main__:Skipping Triton warmup (--skip_triton_warmup).
INFO:utils:{'data_path': '/lustre/work/pdl17996/udl62d273/tokens_phase2', 'total_tokens': 1604136730624, 'train': [{'name': 'claire_open_en_text_document_ratio0.50_phase1', 'weight': 14501.0}, {'name': 'claire_open_fr_text_document', 'weight': 46064.0}, {'name': 'common-corpus_eurlex_multi_text_document_ratio0.50_phase1', 'weight': 1800832.0}, {'name': 'common-corpus_gatt-library_multi_text_document_ratio0.50_phase1', 'weight': 20661.0}, {'name': 'common-corpus_oecd_multi_text_document_ratio0.50_phase1', 'weight': 60984.0}, {'name': 'common-corpus_tedeutenders_multi_text_document_ratio0.50_phase1', 'weight': 15638.0}, {'name': 'common-corpus_wto_multi_text_document_ratio0.50_phase1', 'weight': 288639.0}, {'name': 'common-pile_arxiv-papers_en_text_document_ratio0.25_phase1', 'weight': 324758.0}, {'name': 'common-pile_data-provenance-initiative_en_text_document', 'weight': 189948.0}, {'name': 'common-pile_doab_en_text_document', 'weight': 712786.0}, {'name': 'common-pile_foodista_en_text_document', 'weight': 5603.0}, {'name': 'common-pile_github-archive_en_text_document', 'weight': 2244221.0}, {'name': 'common-pile_libretexts_en_text_document', 'weight': 21049.0}, {'name': 'common-pile_oercommons_en_text_document', 'weight': 2748.0}, {'name': 'common-pile_peS2o_en_text_document_ratio0.05_phase1', 'weight': 508326.0}, {'name': 'common-pile_pressbooks_en_text_document', 'weight': 31891.0}, {'name': 'common-pile_stackexchange_en_text_document_ratio0.12_phase1', 'weight': 623169.0}, {'name': 'common-pile_news_en_text_document', 'weight': 14354.0}, {'name': 'common-pile_public-domain-review_en_text_document', 'weight': 382.0}, {'name': 'common-pile_python-enhancement-proposals_en_text_document', 'weight': 652.0}, {'name': 'croissant-aligned_aligned_text_document', 'weight': 5809232.0}, {'name': 'culturax_fr_text_document_ratio0.70_phase1', 'weight': 30698840.0}, {'name': 'dclm-dolmino_en_text_document_ratio0.25_phase1', 'weight': 31001087.0}, {'name': 'europarl_aligned_text_document_ratio0.50_phase1', 'weight': 107803.0}, {'name': 'europarl_multi_text_document_ratio0.50_phase1', 'weight': 49876.0}, {'name': 'eurovoc_filtered_multi_text_document_ratio0.50_phase1', 'weight': 1075045.0}, {'name': 'finemath-filtered_3plus_math_text_document', 'weight': 6889796.0}, {'name': 'fineweb-edu_en_text_document_ratio0.25_phase1', 'weight': 71584760.0}, {'name': 'fineweb2_ca_text_document_ratio0.02_phase1', 'weight': 37011.0}, {'name': 'fineweb2_fr_text_document', 'weight': 26943981.0}, {'name': 'fineweb2_edu3+_fr_text_document', 'weight': 17356742.0}, {'name': 'fineweb2_edu3+_ar_text_document_ratio0.50_phase1', 'weight': 2121809.0}, {'name': 'fineweb2_edu3+_de_text_document_ratio0.50_phase1', 'weight': 10018429.0}, {'name': 'fineweb2_edu3+_it_text_document_ratio0.50_phase1', 'weight': 5934366.0}, {'name': 'fineweb2_edu3+_nl_text_document_ratio0.50_phase1', 'weight': 2940744.0}, {'name': 'fineweb2_edu3+_pt_text_document_ratio0.50_phase1', 'weight': 5135083.0}, {'name': 'fineweb2_edu3+_es_text_document_ratio0.50_phase1', 'weight': 13192444.0}, {'name': 'fineweb2_regional_text_document', 'weight': 2132152.0}, {'name': 'gutenberg_de_text_document_ratio0.50_phase1', 'weight': 21165.0}, {'name': 'gutenberg_en_text_document_ratio0.50_phase1', 'weight': 593827.0}, {'name': 'gutenberg_es_text_document_ratio0.50_phase1', 'weight': 10889.0}, {'name': 'gutenberg_fr_text_document', 'weight': 91991.0}, {'name': 'gutenberg_it_text_document_ratio0.50_phase1', 'weight': 14954.0}, {'name': 'gutenberg_nl_text_document_ratio0.50_phase1', 'weight': 12215.0}, {'name': 'gutenberg_pt_text_document_ratio0.50_phase1', 'weight': 4620.0}, {'name': 'hal-cea_full-filtered_fr_text_document', 'weight': 3914015.0}, {'name': 'hplt2_fr_text_document_ratio0.70_phase1', 'weight': 37908732.0}, {'name': 'infiwebmath-filtered_3plus_math_text_document', 'weight': 3958073.0}, {'name': 'insee_fr_text_document', 'weight': 27688.0}, {'name': 'megamath-web-filtered_math_text_document', 'weight': 40187078.0}, {'name': 'nemotron-posttraining-de_de_text_document', 'weight': 157390.0}, {'name': 'nemotron-posttraining-es_es_text_document', 'weight': 140067.0}, {'name': 'nemotron-posttraining-fr_fr_text_document', 'weight': 151385.0}, {'name': 'nemotron-posttraining-it_it_text_document', 'weight': 153829.0}, {'name': 'opendata_fr_text_document', 'weight': 1374704.0}, {'name': 'parlement_fr_text_document', 'weight': 141413.0}, {'name': 'stack-edu_code_text_document_ratio0.70_phase1', 'weight': 29261117.0}, {'name': 'starcoder_olmomix_code_text_document', 'weight': 23663711.0}, {'name': 'synthetic-fineweb_extract-knowledge-hard_fr_text_document', 'weight': 689017.0}, {'name': 'synthetic-fineweb_extract-knowledge-medium_fr_text_document', 'weight': 1565311.0}, {'name': 'wikimedia-vikidia_ar_text_document', 'weight': 265451.0}, {'name': 'wikimedia-vikidia_ca_text_document_ratio0.20_phase1', 'weight': 58530.0}, {'name': 'wikimedia-vikidia_de_text_document', 'weight': 1098595.0}, {'name': 'wikimedia-vikidia_en_text_document', 'weight': 2882825.0}, {'name': 'wikimedia-vikidia_es_text_document', 'weight': 631843.0}, {'name': 'wikimedia-vikidia_fr_text_document', 'weight': 1276052.0}, {'name': 'wikimedia-vikidia_it_text_document', 'weight': 654077.0}, {'name': 'wikimedia-vikidia_pt_text_document', 'weight': 304392.0}, {'name': 'wikimedia-vikidia_regional_text_document', 'weight': 119234.0}, {'name': 'wikimedia_nl_text_document', 'weight': 345319.0}]}
INFO:utils:{'data_path': '/lustre/work/pdl17996/udl62d273/tokens_phase2', 'total_tokens': 1604136730624, 'train': [{'name': 'claire_open_en_text_document_ratio0.50_phase1', 'weight': 14501.0}, {'name': 'claire_open_fr_text_document', 'weight': 46064.0}, {'name': 'common-corpus_eurlex_multi_text_document_ratio0.50_phase1', 'weight': 1800832.0}, {'name': 'common-corpus_gatt-library_multi_text_document_ratio0.50_phase1', 'weight': 20661.0}, {'name': 'common-corpus_oecd_multi_text_document_ratio0.50_phase1', 'weight': 60984.0}, {'name': 'common-corpus_tedeutenders_multi_text_document_ratio0.50_phase1', 'weight': 15638.0}, {'name': 'common-corpus_wto_multi_text_document_ratio0.50_phase1', 'weight': 288639.0}, {'name': 'common-pile_arxiv-papers_en_text_document_ratio0.25_phase1', 'weight': 324758.0}, {'name': 'common-pile_data-provenance-initiative_en_text_document', 'weight': 189948.0}, {'name': 'common-pile_doab_en_text_document', 'weight': 712786.0}, {'name': 'common-pile_foodista_en_text_document', 'weight': 5603.0}, {'name': 'common-pile_github-archive_en_text_document', 'weight': 2244221.0}, {'name': 'common-pile_libretexts_en_text_document', 'weight': 21049.0}, {'name': 'common-pile_oercommons_en_text_document', 'weight': 2748.0}, {'name': 'common-pile_peS2o_en_text_document_ratio0.05_phase1', 'weight': 508326.0}, {'name': 'common-pile_pressbooks_en_text_document', 'weight': 31891.0}, {'name': 'common-pile_stackexchange_en_text_document_ratio0.12_phase1', 'weight': 623169.0}, {'name': 'common-pile_news_en_text_document', 'weight': 14354.0}, {'name': 'common-pile_public-domain-review_en_text_document', 'weight': 382.0}, {'name': 'common-pile_python-enhancement-proposals_en_text_document', 'weight': 652.0}, {'name': 'croissant-aligned_aligned_text_document', 'weight': 5809232.0}, {'name': 'culturax_fr_text_document_ratio0.70_phase1', 'weight': 30698840.0}, {'name': 'dclm-dolmino_en_text_document_ratio0.25_phase1', 'weight': 31001087.0}, {'name': 'europarl_aligned_text_document_ratio0.50_phase1', 'weight': 107803.0}, {'name': 'europarl_multi_text_document_ratio0.50_phase1', 'weight': 49876.0}, {'name': 'eurovoc_filtered_multi_text_document_ratio0.50_phase1', 'weight': 1075045.0}, {'name': 'finemath-filtered_3plus_math_text_document', 'weight': 6889796.0}, {'name': 'fineweb-edu_en_text_document_ratio0.25_phase1', 'weight': 71584760.0}, {'name': 'fineweb2_ca_text_document_ratio0.02_phase1', 'weight': 37011.0}, {'name': 'fineweb2_fr_text_document', 'weight': 26943981.0}, {'name': 'fineweb2_edu3+_fr_text_document', 'weight': 17356742.0}, {'name': 'fineweb2_edu3+_ar_text_document_ratio0.50_phase1', 'weight': 2121809.0}, {'name': 'fineweb2_edu3+_de_text_document_ratio0.50_phase1', 'weight': 10018429.0}, {'name': 'fineweb2_edu3+_it_text_document_ratio0.50_phase1', 'weight': 5934366.0}, {'name': 'fineweb2_edu3+_nl_text_document_ratio0.50_phase1', 'weight': 2940744.0}, {'name': 'fineweb2_edu3+_pt_text_document_ratio0.50_phase1', 'weight': 5135083.0}, {'name': 'fineweb2_edu3+_es_text_document_ratio0.50_phase1', 'weight': 13192444.0}, {'name': 'fineweb2_regional_text_document', 'weight': 2132152.0}, {'name': 'gutenberg_de_text_document_ratio0.50_phase1', 'weight': 21165.0}, {'name': 'gutenberg_en_text_document_ratio0.50_phase1', 'weight': 593827.0}, {'name': 'gutenberg_es_text_document_ratio0.50_phase1', 'weight': 10889.0}, {'name': 'gutenberg_fr_text_document', 'weight': 91991.0}, {'name': 'gutenberg_it_text_document_ratio0.50_phase1', 'weight': 14954.0}, {'name': 'gutenberg_nl_text_document_ratio0.50_phase1', 'weight': 12215.0}, {'name': 'gutenberg_pt_text_document_ratio0.50_phase1', 'weight': 4620.0}, {'name': 'hal-cea_full-filtered_fr_text_document', 'weight': 3914015.0}, {'name': 'hplt2_fr_text_document_ratio0.70_phase1', 'weight': 37908732.0}, {'name': 'infiwebmath-filtered_3plus_math_text_document', 'weight': 3958073.0}, {'name': 'insee_fr_text_document', 'weight': 27688.0}, {'name': 'megamath-web-filtered_math_text_document', 'weight': 40187078.0}, {'name': 'nemotron-posttraining-de_de_text_document', 'weight': 157390.0}, {'name': 'nemotron-posttraining-es_es_text_document', 'weight': 140067.0}, {'name': 'nemotron-posttraining-fr_fr_text_document', 'weight': 151385.0}, {'name': 'nemotron-posttraining-it_it_text_document', 'weight': 153829.0}, {'name': 'opendata_fr_text_document', 'weight': 1374704.0}, {'name': 'parlement_fr_text_document', 'weight': 141413.0}, {'name': 'stack-edu_code_text_document_ratio0.70_phase1', 'weight': 29261117.0}, {'name': 'starcoder_olmomix_code_text_document', 'weight': 23663711.0}, {'name': 'synthetic-fineweb_extract-knowledge-hard_fr_text_document', 'weight': 689017.0}, {'name': 'synthetic-fineweb_extract-knowledge-medium_fr_text_document', 'weight': 1565311.0}, {'name': 'wikimedia-vikidia_ar_text_document', 'weight': 265451.0}, {'name': 'wikimedia-vikidia_ca_text_document_ratio0.20_phase1', 'weight': 58530.0}, {'name': 'wikimedia-vikidia_de_text_document', 'weight': 1098595.0}, {'name': 'wikimedia-vikidia_en_text_document', 'weight': 2882825.0}, {'name': 'wikimedia-vikidia_es_text_document', 'weight': 631843.0}, {'name': 'wikimedia-vikidia_fr_text_document', 'weight': 1276052.0}, {'name': 'wikimedia-vikidia_it_text_document', 'weight': 654077.0}, {'name': 'wikimedia-vikidia_pt_text_document', 'weight': 304392.0}, {'name': 'wikimedia-vikidia_regional_text_document', 'weight': 119234.0}, {'name': 'wikimedia_nl_text_document', 'weight': 345319.0}]}
INFO:utils:{'data_path': '/lustre/work/pdl17996/udl62d273/tokens_phase2', 'total_tokens': 1604136730624, 'train': [{'name': 'claire_open_en_text_document_ratio0.50_phase1', 'weight': 14501.0}, {'name': 'claire_open_fr_text_document', 'weight': 46064.0}, {'name': 'common-corpus_eurlex_multi_text_document_ratio0.50_phase1', 'weight': 1800832.0}, {'name': 'common-corpus_gatt-library_multi_text_document_ratio0.50_phase1', 'weight': 20661.0}, {'name': 'common-corpus_oecd_multi_text_document_ratio0.50_phase1', 'weight': 60984.0}, {'name': 'common-corpus_tedeutenders_multi_text_document_ratio0.50_phase1', 'weight': 15638.0}, {'name': 'common-corpus_wto_multi_text_document_ratio0.50_phase1', 'weight': 288639.0}, {'name': 'common-pile_arxiv-papers_en_text_document_ratio0.25_phase1', 'weight': 324758.0}, {'name': 'common-pile_data-provenance-initiative_en_text_document', 'weight': 189948.0}, {'name': 'common-pile_doab_en_text_document', 'weight': 712786.0}, {'name': 'common-pile_foodista_en_text_document', 'weight': 5603.0}, {'name': 'common-pile_github-archive_en_text_document', 'weight': 2244221.0}, {'name': 'common-pile_libretexts_en_text_document', 'weight': 21049.0}, {'name': 'common-pile_oercommons_en_text_document', 'weight': 2748.0}, {'name': 'common-pile_peS2o_en_text_document_ratio0.05_phase1', 'weight': 508326.0}, {'name': 'common-pile_pressbooks_en_text_document', 'weight': 31891.0}, {'name': 'common-pile_stackexchange_en_text_document_ratio0.12_phase1', 'weight': 623169.0}, {'name': 'common-pile_news_en_text_document', 'weight': 14354.0}, {'name': 'common-pile_public-domain-review_en_text_document', 'weight': 382.0}, {'name': 'common-pile_python-enhancement-proposals_en_text_document', 'weight': 652.0}, {'name': 'croissant-aligned_aligned_text_document', 'weight': 5809232.0}, {'name': 'culturax_fr_text_document_ratio0.70_phase1', 'weight': 30698840.0}, {'name': 'dclm-dolmino_en_text_document_ratio0.25_phase1', 'weight': 31001087.0}, {'name': 'europarl_aligned_text_document_ratio0.50_phase1', 'weight': 107803.0}, {'name': 'europarl_multi_text_document_ratio0.50_phase1', 'weight': 49876.0}, {'name': 'eurovoc_filtered_multi_text_document_ratio0.50_phase1', 'weight': 1075045.0}, {'name': 'finemath-filtered_3plus_math_text_document', 'weight': 6889796.0}, {'name': 'fineweb-edu_en_text_document_ratio0.25_phase1', 'weight': 71584760.0}, {'name': 'fineweb2_ca_text_document_ratio0.02_phase1', 'weight': 37011.0}, {'name': 'fineweb2_fr_text_document', 'weight': 26943981.0}, {'name': 'fineweb2_edu3+_fr_text_document', 'weight': 17356742.0}, {'name': 'fineweb2_edu3+_ar_text_document_ratio0.50_phase1', 'weight': 2121809.0}, {'name': 'fineweb2_edu3+_de_text_document_ratio0.50_phase1', 'weight': 10018429.0}, {'name': 'fineweb2_edu3+_it_text_document_ratio0.50_phase1', 'weight': 5934366.0}, {'name': 'fineweb2_edu3+_nl_text_document_ratio0.50_phase1', 'weight': 2940744.0}, {'name': 'fineweb2_edu3+_pt_text_document_ratio0.50_phase1', 'weight': 5135083.0}, {'name': 'fineweb2_edu3+_es_text_document_ratio0.50_phase1', 'weight': 13192444.0}, {'name': 'fineweb2_regional_text_document', 'weight': 2132152.0}, {'name': 'gutenberg_de_text_document_ratio0.50_phase1', 'weight': 21165.0}, {'name': 'gutenberg_en_text_document_ratio0.50_phase1', 'weight': 593827.0}, {'name': 'gutenberg_es_text_document_ratio0.50_phase1', 'weight': 10889.0}, {'name': 'gutenberg_fr_text_document', 'weight': 91991.0}, {'name': 'gutenberg_it_text_document_ratio0.50_phase1', 'weight': 14954.0}, {'name': 'gutenberg_nl_text_document_ratio0.50_phase1', 'weight': 12215.0}, {'name': 'gutenberg_pt_text_document_ratio0.50_phase1', 'weight': 4620.0}, {'name': 'hal-cea_full-filtered_fr_text_document', 'weight': 3914015.0}, {'name': 'hplt2_fr_text_document_ratio0.70_phase1', 'weight': 37908732.0}, {'name': 'infiwebmath-filtered_3plus_math_text_document', 'weight': 3958073.0}, {'name': 'insee_fr_text_document', 'weight': 27688.0}, {'name': 'megamath-web-filtered_math_text_document', 'weight': 40187078.0}, {'name': 'nemotron-posttraining-de_de_text_document', 'weight': 157390.0}, {'name': 'nemotron-posttraining-es_es_text_document', 'weight': 140067.0}, {'name': 'nemotron-posttraining-fr_fr_text_document', 'weight': 151385.0}, {'name': 'nemotron-posttraining-it_it_text_document', 'weight': 153829.0}, {'name': 'opendata_fr_text_document', 'weight': 1374704.0}, {'name': 'parlement_fr_text_document', 'weight': 141413.0}, {'name': 'stack-edu_code_text_document_ratio0.70_phase1', 'weight': 29261117.0}, {'name': 'starcoder_olmomix_code_text_document', 'weight': 23663711.0}, {'name': 'synthetic-fineweb_extract-knowledge-hard_fr_text_document', 'weight': 689017.0}, {'name': 'synthetic-fineweb_extract-knowledge-medium_fr_text_document', 'weight': 1565311.0}, {'name': 'wikimedia-vikidia_ar_text_document', 'weight': 265451.0}, {'name': 'wikimedia-vikidia_ca_text_document_ratio0.20_phase1', 'weight': 58530.0}, {'name': 'wikimedia-vikidia_de_text_document', 'weight': 1098595.0}, {'name': 'wikimedia-vikidia_en_text_document', 'weight': 2882825.0}, {'name': 'wikimedia-vikidia_es_text_document', 'weight': 631843.0}, {'name': 'wikimedia-vikidia_fr_text_document', 'weight': 1276052.0}, {'name': 'wikimedia-vikidia_it_text_document', 'weight': 654077.0}, {'name': 'wikimedia-vikidia_pt_text_document', 'weight': 304392.0}, {'name': 'wikimedia-vikidia_regional_text_document', 'weight': 119234.0}, {'name': 'wikimedia_nl_text_document', 'weight': 345319.0}]}
INFO:utils:{'data_path': '/lustre/work/pdl17996/udl62d273/tokens_phase2', 'total_tokens': 1604136730624, 'train': [{'name': 'claire_open_en_text_document_ratio0.50_phase1', 'weight': 14501.0}, {'name': 'claire_open_fr_text_document', 'weight': 46064.0}, {'name': 'common-corpus_eurlex_multi_text_document_ratio0.50_phase1', 'weight': 1800832.0}, {'name': 'common-corpus_gatt-library_multi_text_document_ratio0.50_phase1', 'weight': 20661.0}, {'name': 'common-corpus_oecd_multi_text_document_ratio0.50_phase1', 'weight': 60984.0}, {'name': 'common-corpus_tedeutenders_multi_text_document_ratio0.50_phase1', 'weight': 15638.0}, {'name': 'common-corpus_wto_multi_text_document_ratio0.50_phase1', 'weight': 288639.0}, {'name': 'common-pile_arxiv-papers_en_text_document_ratio0.25_phase1', 'weight': 324758.0}, {'name': 'common-pile_data-provenance-initiative_en_text_document', 'weight': 189948.0}, {'name': 'common-pile_doab_en_text_document', 'weight': 712786.0}, {'name': 'common-pile_foodista_en_text_document', 'weight': 5603.0}, {'name': 'common-pile_github-archive_en_text_document', 'weight': 2244221.0}, {'name': 'common-pile_libretexts_en_text_document', 'weight': 21049.0}, {'name': 'common-pile_oercommons_en_text_document', 'weight': 2748.0}, {'name': 'common-pile_peS2o_en_text_document_ratio0.05_phase1', 'weight': 508326.0}, {'name': 'common-pile_pressbooks_en_text_document', 'weight': 31891.0}, {'name': 'common-pile_stackexchange_en_text_document_ratio0.12_phase1', 'weight': 623169.0}, {'name': 'common-pile_news_en_text_document', 'weight': 14354.0}, {'name': 'common-pile_public-domain-review_en_text_document', 'weight': 382.0}, {'name': 'common-pile_python-enhancement-proposals_en_text_document', 'weight': 652.0}, {'name': 'croissant-aligned_aligned_text_document', 'weight': 5809232.0}, {'name': 'culturax_fr_text_document_ratio0.70_phase1', 'weight': 30698840.0}, {'name': 'dclm-dolmino_en_text_document_ratio0.25_phase1', 'weight': 31001087.0}, {'name': 'europarl_aligned_text_document_ratio0.50_phase1', 'weight': 107803.0}, {'name': 'europarl_multi_text_document_ratio0.50_phase1', 'weight': 49876.0}, {'name': 'eurovoc_filtered_multi_text_document_ratio0.50_phase1', 'weight': 1075045.0}, {'name': 'finemath-filtered_3plus_math_text_document', 'weight': 6889796.0}, {'name': 'fineweb-edu_en_text_document_ratio0.25_phase1', 'weight': 71584760.0}, {'name': 'fineweb2_ca_text_document_ratio0.02_phase1', 'weight': 37011.0}, {'name': 'fineweb2_fr_text_document', 'weight': 26943981.0}, {'name': 'fineweb2_edu3+_fr_text_document', 'weight': 17356742.0}, {'name': 'fineweb2_edu3+_ar_text_document_ratio0.50_phase1', 'weight': 2121809.0}, {'name': 'fineweb2_edu3+_de_text_document_ratio0.50_phase1', 'weight': 10018429.0}, {'name': 'fineweb2_edu3+_it_text_document_ratio0.50_phase1', 'weight': 5934366.0}, {'name': 'fineweb2_edu3+_nl_text_document_ratio0.50_phase1', 'weight': 2940744.0}, {'name': 'fineweb2_edu3+_pt_text_document_ratio0.50_phase1', 'weight': 5135083.0}, {'name': 'fineweb2_edu3+_es_text_document_ratio0.50_phase1', 'weight': 13192444.0}, {'name': 'fineweb2_regional_text_document', 'weight': 2132152.0}, {'name': 'gutenberg_de_text_document_ratio0.50_phase1', 'weight': 21165.0}, {'name': 'gutenberg_en_text_document_ratio0.50_phase1', 'weight': 593827.0}, {'name': 'gutenberg_es_text_document_ratio0.50_phase1', 'weight': 10889.0}, {'name': 'gutenberg_fr_text_document', 'weight': 91991.0}, {'name': 'gutenberg_it_text_document_ratio0.50_phase1', 'weight': 14954.0}, {'name': 'gutenberg_nl_text_document_ratio0.50_phase1', 'weight': 12215.0}, {'name': 'gutenberg_pt_text_document_ratio0.50_phase1', 'weight': 4620.0}, {'name': 'hal-cea_full-filtered_fr_text_document', 'weight': 3914015.0}, {'name': 'hplt2_fr_text_document_ratio0.70_phase1', 'weight': 37908732.0}, {'name': 'infiwebmath-filtered_3plus_math_text_document', 'weight': 3958073.0}, {'name': 'insee_fr_text_document', 'weight': 27688.0}, {'name': 'megamath-web-filtered_math_text_document', 'weight': 40187078.0}, {'name': 'nemotron-posttraining-de_de_text_document', 'weight': 157390.0}, {'name': 'nemotron-posttraining-es_es_text_document', 'weight': 140067.0}, {'name': 'nemotron-posttraining-fr_fr_text_document', 'weight': 151385.0}, {'name': 'nemotron-posttraining-it_it_text_document', 'weight': 153829.0}, {'name': 'opendata_fr_text_document', 'weight': 1374704.0}, {'name': 'parlement_fr_text_document', 'weight': 141413.0}, {'name': 'stack-edu_code_text_document_ratio0.70_phase1', 'weight': 29261117.0}, {'name': 'starcoder_olmomix_code_text_document', 'weight': 23663711.0}, {'name': 'synthetic-fineweb_extract-knowledge-hard_fr_text_document', 'weight': 689017.0}, {'name': 'synthetic-fineweb_extract-knowledge-medium_fr_text_document', 'weight': 1565311.0}, {'name': 'wikimedia-vikidia_ar_text_document', 'weight': 265451.0}, {'name': 'wikimedia-vikidia_ca_text_document_ratio0.20_phase1', 'weight': 58530.0}, {'name': 'wikimedia-vikidia_de_text_document', 'weight': 1098595.0}, {'name': 'wikimedia-vikidia_en_text_document', 'weight': 2882825.0}, {'name': 'wikimedia-vikidia_es_text_document', 'weight': 631843.0}, {'name': 'wikimedia-vikidia_fr_text_document', 'weight': 1276052.0}, {'name': 'wikimedia-vikidia_it_text_document', 'weight': 654077.0}, {'name': 'wikimedia-vikidia_pt_text_document', 'weight': 304392.0}, {'name': 'wikimedia-vikidia_regional_text_document', 'weight': 119234.0}, {'name': 'wikimedia_nl_text_document', 'weight': 345319.0}]}
INFO:__main__:Using CLI tokenizer override: OpenLLM-BPI/tokenizer_128k-arab-regional_v2
INFO:__main__:Using CLI tokenizer override: OpenLLM-BPI/tokenizer_128k-arab-regional_v2
INFO:__main__:Using CLI tokenizer override: OpenLLM-BPI/tokenizer_128k-arab-regional_v2
INFO:__main__:Using CLI tokenizer override: OpenLLM-BPI/tokenizer_128k-arab-regional_v2
INFO:__main__:Global batch size: 1024
INFO:__main__:Sequence length: 4096
INFO:__main__:Tokens per batch: 4194304
INFO:__main__:Total tokens in datamix: 1604136730624
INFO:__main__:Global training/LR horizon (from --max_steps): 40
INFO:__main__:Global batch size: 1024
INFO:__main__:Sequence length: 4096
INFO:__main__:Global batch size: 1024
INFO:__main__:Tokens per batch: 4194304
INFO:__main__:Total tokens in datamix: 1604136730624
INFO:__main__:Sequence length: 4096
INFO:__main__:Global training/LR horizon (from --max_steps): 40
INFO:__main__:Tokens per batch: 4194304
INFO:__main__:Total tokens in datamix: 1604136730624
INFO:__main__:Global training/LR horizon (from --max_steps): 40
INFO:__main__:Patched megatron.core.optimizer (accepted params: {'config', 'model_chunks', 'no_weight_decay_cond', 'use_gloo_process_groups', 'lr_mult', 'scale_lr_cond'})
INFO:__main__:Global batch size: 1024
INFO:__main__:Sequence length: 4096
INFO:__main__:Patched megatron.core.optimizer (accepted params: {'lr_mult', 'model_chunks', 'scale_lr_cond', 'use_gloo_process_groups', 'config', 'no_weight_decay_cond'})
INFO:__main__:Tokens per batch: 4194304
INFO:__main__:Total tokens in datamix: 1604136730624
INFO:__main__:Global training/LR horizon (from --max_steps): 40
INFO:__main__:Patched megatron.core.optimizer (accepted params: {'lr_mult', 'no_weight_decay_cond', 'model_chunks', 'scale_lr_cond', 'use_gloo_process_groups', 'config'})
INFO:__main__:Patched megatron.core.optimizer (accepted params: {'no_weight_decay_cond', 'scale_lr_cond', 'model_chunks', 'config', 'use_gloo_process_groups', 'lr_mult'})
INFO:nemo.lightning.pytorch.strategies.megatron_strategy:Initializing distributed: GLOBAL_RANK: 4, MEMBER: 5/16
INFO: GPU available: True (cuda), used: True
INFO:lightning.pytorch.utilities.rank_zero:GPU available: True (cuda), used: True
INFO: TPU available: False, using: 0 TPU cores
INFO:lightning.pytorch.utilities.rank_zero:TPU available: False, using: 0 TPU cores
INFO: HPU available: False, using: 0 HPUs
INFO:lightning.pytorch.utilities.rank_zero:HPU available: False, using: 0 HPUs
[NeMo W 2026-07-24 10:30:34 nemo_logging:405] No version folders would be created under the log folder as 'resume_if_exists' is enabled.
[NeMo I 2026-07-24 10:30:34 nemo_logging:393] Experiments will be logged at /lustre/work/pdl17996/udl62d273/phase2_output_blackwell/outputs/nemotron-1B-SSA-Triton-phase2-blackwell-bs1024-mbs8-w4s3
[NeMo W 2026-07-24 10:30:34 nemo_logging:405] "update_logger_directory" is True. Overwriting tensorboard logger "save_dir" to /lustre/work/pdl17996/udl62d273/phase2_output_blackwell/outputs/tb_logs
[NeMo W 2026-07-24 10:30:34 nemo_logging:405] The Trainer already contains a ModelCheckpoint callback. This will be overwritten.
[NeMo W 2026-07-24 10:30:34 nemo_logging:405] There were no checkpoints found in checkpoint_dir or no checkpoint folder at checkpoint_dir :/lustre/work/pdl17996/udl62d273/phase2_output_blackwell/outputs/nemotron-1B-SSA-Triton-phase2-blackwell-bs1024-mbs8-w4s3/checkpoints. Training from scratch.
INFO:nemo.lightning.pytorch.strategies.megatron_strategy:Initializing distributed: GLOBAL_RANK: 8, MEMBER: 9/16
INFO:__main__:SSA Triton: Using fused Triton SSA FlashAttention triton (n=1.50, b=0.80, compiled_bda=True)
INFO:__main__:SSA Triton: Using fused Triton SSA FlashAttention triton (n=1.50, b=0.80, compiled_bda=True)
INFO:__main__:SSA Triton: force_contiguous_qkv=True
INFO:__main__:SSA Triton: force_contiguous_qkv=True
INFO:__main__:Training from scratch, trainer.max_steps = 40
INFO:__main__:Training from scratch, trainer.max_steps = 40
INFO:__main__:SSA Triton: Using fused Triton SSA FlashAttention triton (n=1.50, b=0.80, compiled_bda=True)
INFO:__main__:SSA Triton: force_contiguous_qkv=True
INFO:__main__:Training from scratch, trainer.max_steps = 40
INFO:__main__:SSA Triton: Using fused Triton SSA FlashAttention triton (n=1.50, b=0.80, compiled_bda=True)
INFO:__main__:SSA Triton: force_contiguous_qkv=True
INFO:__main__:Training from scratch, trainer.max_steps = 40
INFO:__main__:Detected vocab_size from tokenizer: 128000
INFO:__main__:Detected vocab_size from tokenizer: 128000
INFO:__main__:Base checkpoint: /lustre/work/pdl17996/udl62d273/checkpoint_phase1/nemotron-1B-SSA-Triton-bs1024-step=0715787-last
INFO:__main__:LR scheduler max_steps = 40, warmup_steps = 40, min_lr = 6.87e-05
INFO:__main__:Base checkpoint: /lustre/work/pdl17996/udl62d273/checkpoint_phase1/nemotron-1B-SSA-Triton-bs1024-step=0715787-last
INFO:__main__:LR scheduler max_steps = 40, warmup_steps = 40, min_lr = 6.87e-05
INFO:__main__:Skipping Triton warmup (--skip_triton_warmup).
INFO:__main__:Skipping Triton warmup (--skip_triton_warmup).
INFO:__main__:Detected vocab_size from tokenizer: 128000
INFO:__main__:Detected vocab_size from tokenizer: 128000
INFO:__main__:Base checkpoint: /lustre/work/pdl17996/udl62d273/checkpoint_phase1/nemotron-1B-SSA-Triton-bs1024-step=0715787-last
INFO:__main__:LR scheduler max_steps = 40, warmup_steps = 40, min_lr = 6.87e-05
INFO:__main__:Skipping Triton warmup (--skip_triton_warmup).
INFO:__main__:Base checkpoint: /lustre/work/pdl17996/udl62d273/checkpoint_phase1/nemotron-1B-SSA-Triton-bs1024-step=0715787-last
INFO:__main__:LR scheduler max_steps = 40, warmup_steps = 40, min_lr = 6.87e-05
INFO:__main__:Skipping Triton warmup (--skip_triton_warmup).
[NeMo I 2026-07-24 10:30:34 nemo_logging:393] Fixing mis-match between ddp-config & mcore-optimizer config
[NeMo I 2026-07-24 10:30:34 nemo_logging:393] Rank 0 has data parallel group : [0, 1, 2, 3, 4, 5, 6, 7, 8, 9, 10, 11, 12, 13, 14, 15]
[NeMo I 2026-07-24 10:30:34 nemo_logging:393] Rank 0 has combined group of data parallel and context parallel : [0, 1, 2, 3, 4, 5, 6, 7, 8, 9, 10, 11, 12, 13, 14, 15]
[NeMo I 2026-07-24 10:30:34 nemo_logging:393] All data parallel group ranks with context parallel combined: [[0, 1, 2, 3, 4, 5, 6, 7, 8, 9, 10, 11, 12, 13, 14, 15]]
[NeMo I 2026-07-24 10:30:34 nemo_logging:393] Ranks 0 has data parallel rank: 0
[NeMo I 2026-07-24 10:30:34 nemo_logging:393] Rank 0 has context parallel group: [0]
[NeMo I 2026-07-24 10:30:34 nemo_logging:393] All context parallel group ranks: [[0], [1], [2], [3], [4], [5], [6], [7], [8], [9], [10], [11], [12], [13], [14], [15]]
[NeMo I 2026-07-24 10:30:34 nemo_logging:393] Ranks 0 has context parallel rank: 0
[NeMo I 2026-07-24 10:30:34 nemo_logging:393] Rank 0 has model parallel group: [0]
[NeMo I 2026-07-24 10:30:34 nemo_logging:393] All model parallel group ranks: [[0], [1], [2], [3], [4], [5], [6], [7], [8], [9], [10], [11], [12], [13], [14], [15]]
[NeMo I 2026-07-24 10:30:34 nemo_logging:393] Rank 0 has tensor model parallel group: [0]
[NeMo I 2026-07-24 10:30:34 nemo_logging:393] All tensor model parallel group ranks: [[0], [1], [2], [3], [4], [5], [6], [7], [8], [9], [10], [11], [12], [13], [14], [15]]
[NeMo I 2026-07-24 10:30:34 nemo_logging:393] Rank 0 has tensor model parallel rank: 0
[NeMo I 2026-07-24 10:30:34 nemo_logging:393] Rank 0 has pipeline model parallel group: [0]
[NeMo I 2026-07-24 10:30:34 nemo_logging:393] Rank 0 has embedding group: [0]
[NeMo I 2026-07-24 10:30:34 nemo_logging:393] All pipeline model parallel group ranks: [[0], [1], [2], [3], [4], [5], [6], [7], [8], [9], [10], [11], [12], [13], [14], [15]]
[NeMo I 2026-07-24 10:30:34 nemo_logging:393] Rank 0 has pipeline model parallel rank 0
[NeMo I 2026-07-24 10:30:34 nemo_logging:393] All embedding group ranks: [[0], [1], [2], [3], [4], [5], [6], [7], [8], [9], [10], [11], [12], [13], [14], [15]]
[NeMo I 2026-07-24 10:30:34 nemo_logging:393] Rank 0 has embedding rank: 0
INFO:nemo.lightning.pytorch.strategies.megatron_strategy:Initializing distributed: GLOBAL_RANK: 0, MEMBER: 1/16
INFO: ----------------------------------------------------------------------------------------------------
distributed_backend=nccl
All distributed processes registered. Starting with 16 processes
----------------------------------------------------------------------------------------------------

INFO:lightning.pytorch.utilities.rank_zero:----------------------------------------------------------------------------------------------------
distributed_backend=nccl
All distributed processes registered. Starting with 16 processes
----------------------------------------------------------------------------------------------------

INFO:nemo.lightning.pytorch.strategies.megatron_strategy:Initializing distributed: GLOBAL_RANK: 7, MEMBER: 8/16
INFO:nemo.lightning.pytorch.strategies.megatron_strategy:Initializing distributed: GLOBAL_RANK: 6, MEMBER: 7/16
INFO:nemo.lightning.pytorch.strategies.megatron_strategy:Initializing distributed: GLOBAL_RANK: 5, MEMBER: 6/16
INFO:nemo.lightning.pytorch.strategies.megatron_strategy:Initializing distributed: GLOBAL_RANK: 10, MEMBER: 11/16
INFO:nemo.lightning.pytorch.strategies.megatron_strategy:Initializing distributed: GLOBAL_RANK: 11, MEMBER: 12/16
INFO:nemo.lightning.pytorch.strategies.megatron_strategy:Initializing distributed: GLOBAL_RANK: 9, MEMBER: 10/16
INFO:nemo.lightning.pytorch.strategies.megatron_strategy:Initializing distributed: GLOBAL_RANK: 3, MEMBER: 4/16
INFO:nemo.lightning.pytorch.strategies.megatron_strategy:Initializing distributed: GLOBAL_RANK: 2, MEMBER: 3/16
INFO:nemo.lightning.pytorch.strategies.megatron_strategy:Initializing distributed: GLOBAL_RANK: 1, MEMBER: 2/16
INFO:nemo.lightning.pytorch.strategies.megatron_strategy:Initializing distributed: GLOBAL_RANK: 12, MEMBER: 13/16
INFO:nemo.lightning.pytorch.strategies.megatron_strategy:Initializing distributed: GLOBAL_RANK: 13, MEMBER: 14/16
INFO:nemo.lightning.pytorch.strategies.megatron_strategy:Initializing distributed: GLOBAL_RANK: 14, MEMBER: 15/16
INFO:nemo.lightning.pytorch.strategies.megatron_strategy:Initializing distributed: GLOBAL_RANK: 15, MEMBER: 16/16
[NeMo I 2026-07-24 10:30:38 utils:532] Let split_matrix = [(0, 1.0), None, None]
[NeMo I 2026-07-24 10:30:38 utils:532] Building GPTDataset splits with sizes=[40960, 0, 32768] and config=GPTDatasetConfig(random_seed=1234, sequence_length=4096, blend=[['/lustre/work/pdl17996/udl62d273/tokens_phase2/claire_open_en_text_document_ratio0.50_phase1', '/lustre/work/pdl17996/udl62d273/tokens_phase2/claire_open_fr_text_document', '/lustre/work/pdl17996/udl62d273/tokens_phase2/common-corpus_eurlex_multi_text_document_ratio0.50_phase1', '/lustre/work/pdl17996/udl62d273/tokens_phase2/common-corpus_gatt-library_multi_text_document_ratio0.50_phase1', '/lustre/work/pdl17996/udl62d273/tokens_phase2/common-corpus_oecd_multi_text_document_ratio0.50_phase1', '/lustre/work/pdl17996/udl62d273/tokens_phase2/common-corpus_tedeutenders_multi_text_document_ratio0.50_phase1', '/lustre/work/pdl17996/udl62d273/tokens_phase2/common-corpus_wto_multi_text_document_ratio0.50_phase1', '/lustre/work/pdl17996/udl62d273/tokens_phase2/common-pile_arxiv-papers_en_text_document_ratio0.25_phase1', '/lustre/work/pdl17996/udl62d273/tokens_phase2/common-pile_data-provenance-initiative_en_text_document', '/lustre/work/pdl17996/udl62d273/tokens_phase2/common-pile_doab_en_text_document', '/lustre/work/pdl17996/udl62d273/tokens_phase2/common-pile_foodista_en_text_document', '/lustre/work/pdl17996/udl62d273/tokens_phase2/common-pile_github-archive_en_text_document', '/lustre/work/pdl17996/udl62d273/tokens_phase2/common-pile_libretexts_en_text_document', '/lustre/work/pdl17996/udl62d273/tokens_phase2/common-pile_oercommons_en_text_document', '/lustre/work/pdl17996/udl62d273/tokens_phase2/common-pile_peS2o_en_text_document_ratio0.05_phase1', '/lustre/work/pdl17996/udl62d273/tokens_phase2/common-pile_pressbooks_en_text_document', '/lustre/work/pdl17996/udl62d273/tokens_phase2/common-pile_stackexchange_en_text_document_ratio0.12_phase1', '/lustre/work/pdl17996/udl62d273/tokens_phase2/common-pile_news_en_text_document', '/lustre/work/pdl17996/udl62d273/tokens_phase2/common-pile_public-domain-review_en_text_document', '/lustre/work/pdl17996/udl62d273/tokens_phase2/common-pile_python-enhancement-proposals_en_text_document', '/lustre/work/pdl17996/udl62d273/tokens_phase2/croissant-aligned_aligned_text_document', '/lustre/work/pdl17996/udl62d273/tokens_phase2/culturax_fr_text_document_ratio0.70_phase1', '/lustre/work/pdl17996/udl62d273/tokens_phase2/dclm-dolmino_en_text_document_ratio0.25_phase1', '/lustre/work/pdl17996/udl62d273/tokens_phase2/europarl_aligned_text_document_ratio0.50_phase1', '/lustre/work/pdl17996/udl62d273/tokens_phase2/europarl_multi_text_document_ratio0.50_phase1', '/lustre/work/pdl17996/udl62d273/tokens_phase2/eurovoc_filtered_multi_text_document_ratio0.50_phase1', '/lustre/work/pdl17996/udl62d273/tokens_phase2/finemath-filtered_3plus_math_text_document', '/lustre/work/pdl17996/udl62d273/tokens_phase2/fineweb-edu_en_text_document_ratio0.25_phase1', '/lustre/work/pdl17996/udl62d273/tokens_phase2/fineweb2_ca_text_document_ratio0.02_phase1', '/lustre/work/pdl17996/udl62d273/tokens_phase2/fineweb2_fr_text_document', '/lustre/work/pdl17996/udl62d273/tokens_phase2/fineweb2_edu3+_fr_text_document', '/lustre/work/pdl17996/udl62d273/tokens_phase2/fineweb2_edu3+_ar_text_document_ratio0.50_phase1', '/lustre/work/pdl17996/udl62d273/tokens_phase2/fineweb2_edu3+_de_text_document_ratio0.50_phase1', '/lustre/work/pdl17996/udl62d273/tokens_phase2/fineweb2_edu3+_it_text_document_ratio0.50_phase1', '/lustre/work/pdl17996/udl62d273/tokens_phase2/fineweb2_edu3+_nl_text_document_ratio0.50_phase1', '/lustre/work/pdl17996/udl62d273/tokens_phase2/fineweb2_edu3+_pt_text_document_ratio0.50_phase1', '/lustre/work/pdl17996/udl62d273/tokens_phase2/fineweb2_edu3+_es_text_document_ratio0.50_phase1', '/lustre/work/pdl17996/udl62d273/tokens_phase2/fineweb2_regional_text_document', '/lustre/work/pdl17996/udl62d273/tokens_phase2/gutenberg_de_text_document_ratio0.50_phase1', '/lustre/work/pdl17996/udl62d273/tokens_phase2/gutenberg_en_text_document_ratio0.50_phase1', '/lustre/work/pdl17996/udl62d273/tokens_phase2/gutenberg_es_text_document_ratio0.50_phase1', '/lustre/work/pdl17996/udl62d273/tokens_phase2/gutenberg_fr_text_document', '/lustre/work/pdl17996/udl62d273/tokens_phase2/gutenberg_it_text_document_ratio0.50_phase1', '/lustre/work/pdl17996/udl62d273/tokens_phase2/gutenberg_nl_text_document_ratio0.50_phase1', '/lustre/work/pdl17996/udl62d273/tokens_phase2/gutenberg_pt_text_document_ratio0.50_phase1', '/lustre/work/pdl17996/udl62d273/tokens_phase2/hal-cea_full-filtered_fr_text_document', '/lustre/work/pdl17996/udl62d273/tokens_phase2/hplt2_fr_text_document_ratio0.70_phase1', '/lustre/work/pdl17996/udl62d273/tokens_phase2/infiwebmath-filtered_3plus_math_text_document', '/lustre/work/pdl17996/udl62d273/tokens_phase2/insee_fr_text_document', '/lustre/work/pdl17996/udl62d273/tokens_phase2/megamath-web-filtered_math_text_document', '/lustre/work/pdl17996/udl62d273/tokens_phase2/nemotron-posttraining-de_de_text_document', '/lustre/work/pdl17996/udl62d273/tokens_phase2/nemotron-posttraining-es_es_text_document', '/lustre/work/pdl17996/udl62d273/tokens_phase2/nemotron-posttraining-fr_fr_text_document', '/lustre/work/pdl17996/udl62d273/tokens_phase2/nemotron-posttraining-it_it_text_document', '/lustre/work/pdl17996/udl62d273/tokens_phase2/opendata_fr_text_document', '/lustre/work/pdl17996/udl62d273/tokens_phase2/parlement_fr_text_document', '/lustre/work/pdl17996/udl62d273/tokens_phase2/stack-edu_code_text_document_ratio0.70_phase1', '/lustre/work/pdl17996/udl62d273/tokens_phase2/starcoder_olmomix_code_text_document', '/lustre/work/pdl17996/udl62d273/tokens_phase2/synthetic-fineweb_extract-knowledge-hard_fr_text_document', '/lustre/work/pdl17996/udl62d273/tokens_phase2/synthetic-fineweb_extract-knowledge-medium_fr_text_document', '/lustre/work/pdl17996/udl62d273/tokens_phase2/wikimedia-vikidia_ar_text_document', '/lustre/work/pdl17996/udl62d273/tokens_phase2/wikimedia-vikidia_ca_text_document_ratio0.20_phase1', '/lustre/work/pdl17996/udl62d273/tokens_phase2/wikimedia-vikidia_de_text_document', '/lustre/work/pdl17996/udl62d273/tokens_phase2/wikimedia-vikidia_en_text_document', '/lustre/work/pdl17996/udl62d273/tokens_phase2/wikimedia-vikidia_es_text_document', '/lustre/work/pdl17996/udl62d273/tokens_phase2/wikimedia-vikidia_fr_text_document', '/lustre/work/pdl17996/udl62d273/tokens_phase2/wikimedia-vikidia_it_text_document', '/lustre/work/pdl17996/udl62d273/tokens_phase2/wikimedia-vikidia_pt_text_document', '/lustre/work/pdl17996/udl62d273/tokens_phase2/wikimedia-vikidia_regional_text_document', '/lustre/work/pdl17996/udl62d273/tokens_phase2/wikimedia_nl_text_document'], [14501.0, 46064.0, 1800832.0, 20661.0, 60984.0, 15638.0, 288639.0, 324758.0, 189948.0, 712786.0, 5603.0, 2244221.0, 21049.0, 2748.0, 508326.0, 31891.0, 623169.0, 14354.0, 382.0, 652.0, 5809232.0, 30698840.0, 31001087.0, 107803.0, 49876.0, 1075045.0, 6889796.0, 71584760.0, 37011.0, 26943981.0, 17356742.0, 2121809.0, 10018429.0, 5934366.0, 2940744.0, 5135083.0, 13192444.0, 2132152.0, 21165.0, 593827.0, 10889.0, 91991.0, 14954.0, 12215.0, 4620.0, 3914015.0, 37908732.0, 3958073.0, 27688.0, 40187078.0, 157390.0, 140067.0, 151385.0, 153829.0, 1374704.0, 141413.0, 29261117.0, 23663711.0, 689017.0, 1565311.0, 265451.0, 58530.0, 1098595.0, 2882825.0, 631843.0, 1276052.0, 654077.0, 304392.0, 119234.0, 345319.0]], blend_per_split=None, split='1,0,0', split_matrix=[(0, 1.0), None, None], num_dataset_builder_threads=1, path_to_cache='/lustre/work/pdl17996/udl62d273/phase2_output_blackwell/outputs/index_mapping', mmap_bin_files=True, mock=False, tokenizer=<nemo.collections.common.tokenizers.huggingface.auto_tokenizer.AutoTokenizer object at 0xfffb33187200>, reset_position_ids=False, reset_attention_mask=False, eod_mask_loss=False, create_attention_mask=False, drop_last_partial_validation_sequence=True, add_extra_token_to_sequence=True, s3_cache_path=None)
[NeMo I 2026-07-24 10:30:38 utils:532] Load the _IndexReader from /lustre/work/pdl17996/udl62d273/tokens_phase2/claire_open_en_text_document_ratio0.50_phase1.idx
[NeMo I 2026-07-24 10:30:38 utils:532] 	Extract the sequence lengths
[NeMo I 2026-07-24 10:30:38 utils:532] 	Extract the sequence pointers
[NeMo I 2026-07-24 10:30:38 utils:532] 	Extract the document indices
[NeMo I 2026-07-24 10:30:38 utils:532] > total number of sequences: 231377
[NeMo I 2026-07-24 10:30:38 utils:532] > total number of documents: 231377
[NeMo I 2026-07-24 10:30:38 utils:532] Load the GPTDataset train indices
[NeMo I 2026-07-24 10:30:38 utils:532] 	Load the document index from 1e77e83430cb8838095163a5b81aaeee-GPTDataset-train-document_index.npy
[NeMo I 2026-07-24 10:30:38 utils:532] 	Load the sample index from 1e77e83430cb8838095163a5b81aaeee-GPTDataset-train-sample_index.npy
[NeMo I 2026-07-24 10:30:38 utils:532] 	Load the shuffle index from 1e77e83430cb8838095163a5b81aaeee-GPTDataset-train-shuffle_index.npy
[NeMo I 2026-07-24 10:30:38 utils:532] > total number of samples: 14509
[NeMo I 2026-07-24 10:30:38 utils:532] Load the _IndexReader from /lustre/work/pdl17996/udl62d273/tokens_phase2/claire_open_fr_text_document.idx
[NeMo I 2026-07-24 10:30:38 utils:532] 	Extract the sequence lengths
[NeMo I 2026-07-24 10:30:38 utils:532] 	Extract the sequence pointers
[NeMo I 2026-07-24 10:30:38 utils:532] 	Extract the document indices
[NeMo I 2026-07-24 10:30:38 utils:532] > total number of sequences: 14526
[NeMo I 2026-07-24 10:30:38 utils:532] > total number of documents: 14526
[NeMo I 2026-07-24 10:30:38 utils:532] Load the GPTDataset train indices
[NeMo I 2026-07-24 10:30:38 utils:532] 	Load the document index from acb57d253bd0e8c9de13b2161718198f-GPTDataset-train-document_index.npy
[NeMo I 2026-07-24 10:30:38 utils:532] 	Load the sample index from acb57d253bd0e8c9de13b2161718198f-GPTDataset-train-sample_index.npy
[NeMo I 2026-07-24 10:30:38 utils:532] 	Load the shuffle index from acb57d253bd0e8c9de13b2161718198f-GPTDataset-train-shuffle_index.npy
[NeMo I 2026-07-24 10:30:38 utils:532] > total number of samples: 46064
[NeMo I 2026-07-24 10:30:38 utils:532] Load the _IndexReader from /lustre/work/pdl17996/udl62d273/tokens_phase2/common-corpus_eurlex_multi_text_document_ratio0.50_phase1.idx
[NeMo I 2026-07-24 10:30:38 utils:532] 	Extract the sequence lengths
[NeMo I 2026-07-24 10:30:38 utils:532] 	Extract the sequence pointers
[NeMo I 2026-07-24 10:30:38 utils:532] 	Extract the document indices
[NeMo I 2026-07-24 10:30:38 utils:532] > total number of sequences: 902344
[NeMo I 2026-07-24 10:30:38 utils:532] > total number of documents: 902344
[NeMo I 2026-07-24 10:30:38 utils:532] Load the GPTDataset train indices
[NeMo I 2026-07-24 10:30:38 utils:532] 	Load the document index from 5b4680b0824e089e344010ff564503f1-GPTDataset-train-document_index.npy
[NeMo I 2026-07-24 10:30:38 utils:532] 	Load the sample index from 5b4680b0824e089e344010ff564503f1-GPTDataset-train-sample_index.npy
[NeMo I 2026-07-24 10:30:38 utils:532] 	Load the shuffle index from 5b4680b0824e089e344010ff564503f1-GPTDataset-train-shuffle_index.npy
[NeMo I 2026-07-24 10:30:38 utils:532] > total number of samples: 1800511
[NeMo I 2026-07-24 10:30:38 utils:532] Load the _IndexReader from /lustre/work/pdl17996/udl62d273/tokens_phase2/common-corpus_gatt-library_multi_text_document_ratio0.50_phase1.idx
[NeMo I 2026-07-24 10:30:38 utils:532] 	Extract the sequence lengths
[NeMo I 2026-07-24 10:30:38 utils:532] 	Extract the sequence pointers
[NeMo I 2026-07-24 10:30:38 utils:532] 	Extract the document indices
[NeMo I 2026-07-24 10:30:38 utils:532] > total number of sequences: 27750
[NeMo I 2026-07-24 10:30:38 utils:532] > total number of documents: 27750
[NeMo I 2026-07-24 10:30:38 utils:532] Load the GPTDataset train indices
[NeMo I 2026-07-24 10:30:38 utils:532] 	Load the document index from f6fbb4b987854ac6f71c3704340efb1c-GPTDataset-train-document_index.npy
[NeMo I 2026-07-24 10:30:38 utils:532] 	Load the sample index from f6fbb4b987854ac6f71c3704340efb1c-GPTDataset-train-sample_index.npy
[NeMo I 2026-07-24 10:30:38 utils:532] 	Load the shuffle index from f6fbb4b987854ac6f71c3704340efb1c-GPTDataset-train-shuffle_index.npy
[NeMo I 2026-07-24 10:30:38 utils:532] > total number of samples: 20534
[NeMo I 2026-07-24 10:30:38 utils:532] Load the _IndexReader from /lustre/work/pdl17996/udl62d273/tokens_phase2/common-corpus_oecd_multi_text_document_ratio0.50_phase1.idx
[NeMo I 2026-07-24 10:30:38 utils:532] 	Extract the sequence lengths
[NeMo I 2026-07-24 10:30:38 utils:532] 	Extract the sequence pointers
[NeMo I 2026-07-24 10:30:38 utils:532] 	Extract the document indices
[NeMo I 2026-07-24 10:30:38 utils:532] > total number of sequences: 34228
[NeMo I 2026-07-24 10:30:38 utils:532] > total number of documents: 34228
[NeMo I 2026-07-24 10:30:38 utils:532] Load the GPTDataset train indices
[NeMo I 2026-07-24 10:30:38 utils:532] 	Load the document index from d7134d466a5c25cbcbf1abde08228572-GPTDataset-train-document_index.npy
[NeMo I 2026-07-24 10:30:38 utils:532] 	Load the sample index from d7134d466a5c25cbcbf1abde08228572-GPTDataset-train-sample_index.npy
[NeMo I 2026-07-24 10:30:38 utils:532] 	Load the shuffle index from d7134d466a5c25cbcbf1abde08228572-GPTDataset-train-shuffle_index.npy
[NeMo I 2026-07-24 10:30:38 utils:532] > total number of samples: 60738
[NeMo I 2026-07-24 10:30:38 utils:532] Load the _IndexReader from /lustre/work/pdl17996/udl62d273/tokens_phase2/common-corpus_tedeutenders_multi_text_document_ratio0.50_phase1.idx
[NeMo I 2026-07-24 10:30:38 utils:532] 	Extract the sequence lengths
[NeMo I 2026-07-24 10:30:38 utils:532] 	Extract the sequence pointers
[NeMo I 2026-07-24 10:30:38 utils:532] 	Extract the document indices
[NeMo I 2026-07-24 10:30:38 utils:532] > total number of sequences: 25791
[NeMo I 2026-07-24 10:30:38 utils:532] > total number of documents: 25791
[NeMo I 2026-07-24 10:30:38 utils:532] Load the GPTDataset train indices
[NeMo I 2026-07-24 10:30:38 utils:532] 	Load the document index from 6ad073539c10b7cb451332cd332aaf04-GPTDataset-train-document_index.npy
[NeMo I 2026-07-24 10:30:38 utils:532] 	Load the sample index from 6ad073539c10b7cb451332cd332aaf04-GPTDataset-train-sample_index.npy
[NeMo I 2026-07-24 10:30:38 utils:532] 	Load the shuffle index from 6ad073539c10b7cb451332cd332aaf04-GPTDataset-train-shuffle_index.npy
[NeMo I 2026-07-24 10:30:38 utils:532] > total number of samples: 15295
[NeMo I 2026-07-24 10:30:38 utils:532] Load the _IndexReader from /lustre/work/pdl17996/udl62d273/tokens_phase2/common-corpus_wto_multi_text_document_ratio0.50_phase1.idx
[NeMo I 2026-07-24 10:30:38 utils:532] 	Extract the sequence lengths
[NeMo I 2026-07-24 10:30:38 utils:532] 	Extract the sequence pointers
[NeMo I 2026-07-24 10:30:38 utils:532] 	Extract the document indices
[NeMo I 2026-07-24 10:30:38 utils:532] > total number of sequences: 322859
[NeMo I 2026-07-24 10:30:38 utils:532] > total number of documents: 322859
[NeMo I 2026-07-24 10:30:38 utils:532] Load the GPTDataset train indices
[NeMo I 2026-07-24 10:30:38 utils:532] 	Load the document index from d806e7da172db3d61c0f3f4f2942d29e-GPTDataset-train-document_index.npy
[NeMo I 2026-07-24 10:30:38 utils:532] 	Load the sample index from d806e7da172db3d61c0f3f4f2942d29e-GPTDataset-train-sample_index.npy
[NeMo I 2026-07-24 10:30:38 utils:532] 	Load the shuffle index from d806e7da172db3d61c0f3f4f2942d29e-GPTDataset-train-shuffle_index.npy
[NeMo I 2026-07-24 10:30:38 utils:532] > total number of samples: 288906
[NeMo I 2026-07-24 10:30:38 utils:532] Load the _IndexReader from /lustre/work/pdl17996/udl62d273/tokens_phase2/common-pile_arxiv-papers_en_text_document_ratio0.25_phase1.idx
[NeMo I 2026-07-24 10:30:38 utils:532] 	Extract the sequence lengths
[NeMo I 2026-07-24 10:30:38 utils:532] 	Extract the sequence pointers
[NeMo I 2026-07-24 10:30:38 utils:532] 	Extract the document indices
[NeMo I 2026-07-24 10:30:38 utils:532] > total number of sequences: 66457
[NeMo I 2026-07-24 10:30:38 utils:532] > total number of documents: 66457
[NeMo I 2026-07-24 10:30:38 utils:532] Load the GPTDataset train indices
[NeMo I 2026-07-24 10:30:38 utils:532] 	Load the document index from e5769b4f92444f010da3b8e0a03fe7d8-GPTDataset-train-document_index.npy
[NeMo I 2026-07-24 10:30:38 utils:532] 	Load the sample index from e5769b4f92444f010da3b8e0a03fe7d8-GPTDataset-train-sample_index.npy
[NeMo I 2026-07-24 10:30:38 utils:532] 	Load the shuffle index from e5769b4f92444f010da3b8e0a03fe7d8-GPTDataset-train-shuffle_index.npy
[NeMo I 2026-07-24 10:30:38 utils:532] > total number of samples: 323929
[NeMo I 2026-07-24 10:30:38 utils:532] Load the _IndexReader from /lustre/work/pdl17996/udl62d273/tokens_phase2/common-pile_data-provenance-initiative_en_text_document.idx
[NeMo I 2026-07-24 10:30:38 utils:532] 	Extract the sequence lengths
[NeMo I 2026-07-24 10:30:38 utils:532] 	Extract the sequence pointers
[NeMo I 2026-07-24 10:30:38 utils:532] 	Extract the document indices
[NeMo I 2026-07-24 10:30:38 utils:532] > total number of sequences: 3253228
[NeMo I 2026-07-24 10:30:38 utils:532] > total number of documents: 3253228
[NeMo I 2026-07-24 10:30:38 utils:532] Load the GPTDataset train indices
[NeMo I 2026-07-24 10:30:38 utils:532] 	Load the document index from 5c0af7c63447df5ccf6fe324b7349668-GPTDataset-train-document_index.npy
[NeMo I 2026-07-24 10:30:38 utils:532] 	Load the sample index from 5c0af7c63447df5ccf6fe324b7349668-GPTDataset-train-sample_index.npy
[NeMo I 2026-07-24 10:30:38 utils:532] 	Load the shuffle index from 5c0af7c63447df5ccf6fe324b7349668-GPTDataset-train-shuffle_index.npy
[NeMo I 2026-07-24 10:30:38 utils:532] > total number of samples: 189948
[NeMo I 2026-07-24 10:30:38 utils:532] Load the _IndexReader from /lustre/work/pdl17996/udl62d273/tokens_phase2/common-pile_doab_en_text_document.idx
[NeMo I 2026-07-24 10:30:38 utils:532] 	Extract the sequence lengths
[NeMo I 2026-07-24 10:30:38 utils:532] 	Extract the sequence pointers
[NeMo I 2026-07-24 10:30:38 utils:532] 	Extract the document indices
[NeMo I 2026-07-24 10:30:38 utils:532] > total number of sequences: 392508
[NeMo I 2026-07-24 10:30:38 utils:532] > total number of documents: 392508
[NeMo I 2026-07-24 10:30:38 utils:532] Load the GPTDataset train indices
[NeMo I 2026-07-24 10:30:38 utils:532] 	Load the document index from 2c60418654973a2dd01fba27c8c79096-GPTDataset-train-document_index.npy
[NeMo I 2026-07-24 10:30:38 utils:532] 	Load the sample index from 2c60418654973a2dd01fba27c8c79096-GPTDataset-train-sample_index.npy
[NeMo I 2026-07-24 10:30:38 utils:532] 	Load the shuffle index from 2c60418654973a2dd01fba27c8c79096-GPTDataset-train-shuffle_index.npy
[NeMo I 2026-07-24 10:30:38 utils:532] > total number of samples: 712786
[NeMo I 2026-07-24 10:30:38 utils:532] Load the _IndexReader from /lustre/work/pdl17996/udl62d273/tokens_phase2/common-pile_foodista_en_text_document.idx
[NeMo I 2026-07-24 10:30:38 utils:532] 	Extract the sequence lengths
[NeMo I 2026-07-24 10:30:38 utils:532] 	Extract the sequence pointers
[NeMo I 2026-07-24 10:30:38 utils:532] 	Extract the document indices
[NeMo I 2026-07-24 10:30:38 utils:532] > total number of sequences: 64362
[NeMo I 2026-07-24 10:30:38 utils:532] > total number of documents: 64362
[NeMo I 2026-07-24 10:30:38 utils:532] Load the GPTDataset train indices
[NeMo I 2026-07-24 10:30:38 utils:532] 	Load the document index from 8f1f71bb467ef2ac89bcf041812be6d0-GPTDataset-train-document_index.npy
[NeMo I 2026-07-24 10:30:38 utils:532] 	Load the sample index from 8f1f71bb467ef2ac89bcf041812be6d0-GPTDataset-train-sample_index.npy
[NeMo I 2026-07-24 10:30:38 utils:532] 	Load the shuffle index from 8f1f71bb467ef2ac89bcf041812be6d0-GPTDataset-train-shuffle_index.npy
[NeMo I 2026-07-24 10:30:38 utils:532] > total number of samples: 5603
[NeMo I 2026-07-24 10:30:38 utils:532] Load the _IndexReader from /lustre/work/pdl17996/udl62d273/tokens_phase2/common-pile_github-archive_en_text_document.idx
[NeMo I 2026-07-24 10:30:38 utils:532] 	Extract the sequence lengths
[NeMo I 2026-07-24 10:30:38 utils:532] 	Extract the sequence pointers
[NeMo I 2026-07-24 10:30:38 utils:532] 	Extract the document indices
[NeMo I 2026-07-24 10:30:38 utils:532] > total number of sequences: 21453611
[NeMo I 2026-07-24 10:30:38 utils:532] > total number of documents: 21453611
[NeMo I 2026-07-24 10:30:38 utils:532] Load the GPTDataset train indices
[NeMo I 2026-07-24 10:30:38 utils:532] 	Load the document index from b38a946a1a1991e488975cbcdc2aabe7-GPTDataset-train-document_index.npy
[NeMo I 2026-07-24 10:30:38 utils:532] 	Load the sample index from b38a946a1a1991e488975cbcdc2aabe7-GPTDataset-train-sample_index.npy
[NeMo I 2026-07-24 10:30:38 utils:532] 	Load the shuffle index from b38a946a1a1991e488975cbcdc2aabe7-GPTDataset-train-shuffle_index.npy
[NeMo I 2026-07-24 10:30:38 utils:532] > total number of samples: 2244221
[NeMo I 2026-07-24 10:30:38 utils:532] Load the _IndexReader from /lustre/work/pdl17996/udl62d273/tokens_phase2/common-pile_libretexts_en_text_document.idx
[NeMo I 2026-07-24 10:30:38 utils:532] 	Extract the sequence lengths
[NeMo I 2026-07-24 10:30:38 utils:532] 	Extract the sequence pointers
[NeMo I 2026-07-24 10:30:38 utils:532] 	Extract the document indices
[NeMo I 2026-07-24 10:30:38 utils:532] > total number of sequences: 39197
[NeMo I 2026-07-24 10:30:38 utils:532] > total number of documents: 39197
[NeMo I 2026-07-24 10:30:38 utils:532] Load the GPTDataset train indices
[NeMo I 2026-07-24 10:30:38 utils:532] 	Load the document index from 6127a9146bdf33bda4c5410674b76fb3-GPTDataset-train-document_index.npy
[NeMo I 2026-07-24 10:30:38 utils:532] 	Load the sample index from 6127a9146bdf33bda4c5410674b76fb3-GPTDataset-train-sample_index.npy
[NeMo I 2026-07-24 10:30:38 utils:532] 	Load the shuffle index from 6127a9146bdf33bda4c5410674b76fb3-GPTDataset-train-shuffle_index.npy
[NeMo I 2026-07-24 10:30:38 utils:532] > total number of samples: 21049
[NeMo I 2026-07-24 10:30:38 utils:532] Load the _IndexReader from /lustre/work/pdl17996/udl62d273/tokens_phase2/common-pile_oercommons_en_text_document.idx
[NeMo I 2026-07-24 10:30:38 utils:532] 	Extract the sequence lengths
[NeMo I 2026-07-24 10:30:38 utils:532] 	Extract the sequence pointers
[NeMo I 2026-07-24 10:30:38 utils:532] 	Extract the document indices
[NeMo I 2026-07-24 10:30:38 utils:532] > total number of sequences: 5209
[NeMo I 2026-07-24 10:30:38 utils:532] > total number of documents: 5209
[NeMo I 2026-07-24 10:30:38 utils:532] Load the GPTDataset train indices
[NeMo I 2026-07-24 10:30:38 utils:532] 	Load the document index from 01cdb24c9b989fb6464451686892318f-GPTDataset-train-document_index.npy
[NeMo I 2026-07-24 10:30:38 utils:532] 	Load the sample index from 01cdb24c9b989fb6464451686892318f-GPTDataset-train-sample_index.npy
[NeMo I 2026-07-24 10:30:38 utils:532] 	Load the shuffle index from 01cdb24c9b989fb6464451686892318f-GPTDataset-train-shuffle_index.npy
[NeMo I 2026-07-24 10:30:38 utils:532] > total number of samples: 2748
[NeMo I 2026-07-24 10:30:38 utils:532] Load the _IndexReader from /lustre/work/pdl17996/udl62d273/tokens_phase2/common-pile_peS2o_en_text_document_ratio0.05_phase1.idx
[NeMo I 2026-07-24 10:30:38 utils:532] 	Extract the sequence lengths
[NeMo I 2026-07-24 10:30:38 utils:532] 	Extract the sequence pointers
[NeMo I 2026-07-24 10:30:38 utils:532] 	Extract the document indices
[NeMo I 2026-07-24 10:30:38 utils:532] > total number of sequences: 305342
[NeMo I 2026-07-24 10:30:38 utils:532] > total number of documents: 305342
[NeMo I 2026-07-24 10:30:38 utils:532] Load the GPTDataset train indices
[NeMo I 2026-07-24 10:30:38 utils:532] 	Load the document index from 90c1150458104c0668a818ee2d4f0b47-GPTDataset-train-document_index.npy
[NeMo I 2026-07-24 10:30:38 utils:532] 	Load the sample index from 90c1150458104c0668a818ee2d4f0b47-GPTDataset-train-sample_index.npy
[NeMo I 2026-07-24 10:30:38 utils:532] 	Load the shuffle index from 90c1150458104c0668a818ee2d4f0b47-GPTDataset-train-shuffle_index.npy
[NeMo I 2026-07-24 10:30:38 utils:532] > total number of samples: 507093
[NeMo I 2026-07-24 10:30:38 utils:532] Load the _IndexReader from /lustre/work/pdl17996/udl62d273/tokens_phase2/common-pile_pressbooks_en_text_document.idx
[NeMo I 2026-07-24 10:30:38 utils:532] 	Extract the sequence lengths
[NeMo I 2026-07-24 10:30:38 utils:532] 	Extract the sequence pointers
[NeMo I 2026-07-24 10:30:38 utils:532] 	Extract the document indices
[NeMo I 2026-07-24 10:30:38 utils:532] > total number of sequences: 53819
[NeMo I 2026-07-24 10:30:38 utils:532] > total number of documents: 53819
[NeMo I 2026-07-24 10:30:38 utils:532] Load the GPTDataset train indices
[NeMo I 2026-07-24 10:30:38 utils:532] 	Load the document index from 6be9e60c5615686fca4b9e8bb5256ac6-GPTDataset-train-document_index.npy
[NeMo I 2026-07-24 10:30:38 utils:532] 	Load the sample index from 6be9e60c5615686fca4b9e8bb5256ac6-GPTDataset-train-sample_index.npy
[NeMo I 2026-07-24 10:30:38 utils:532] 	Load the shuffle index from 6be9e60c5615686fca4b9e8bb5256ac6-GPTDataset-train-shuffle_index.npy
[NeMo I 2026-07-24 10:30:38 utils:532] > total number of samples: 31891
[NeMo I 2026-07-24 10:30:38 utils:532] Load the _IndexReader from /lustre/work/pdl17996/udl62d273/tokens_phase2/common-pile_stackexchange_en_text_document_ratio0.12_phase1.idx
[NeMo I 2026-07-24 10:30:38 utils:532] 	Extract the sequence lengths
[NeMo I 2026-07-24 10:30:38 utils:532] 	Extract the sequence pointers
[NeMo I 2026-07-24 10:30:38 utils:532] 	Extract the document indices
[NeMo I 2026-07-24 10:30:38 utils:532] > total number of sequences: 3465696
[NeMo I 2026-07-24 10:30:38 utils:532] > total number of documents: 3465696
[NeMo I 2026-07-24 10:30:38 utils:532] Load the GPTDataset train indices
[NeMo I 2026-07-24 10:30:38 utils:532] 	Load the document index from e7d882cb4830c5e3ee5ab5a146842d8f-GPTDataset-train-document_index.npy
[NeMo I 2026-07-24 10:30:38 utils:532] 	Load the sample index from e7d882cb4830c5e3ee5ab5a146842d8f-GPTDataset-train-sample_index.npy
[NeMo I 2026-07-24 10:30:38 utils:532] 	Load the shuffle index from e7d882cb4830c5e3ee5ab5a146842d8f-GPTDataset-train-shuffle_index.npy
[NeMo I 2026-07-24 10:30:38 utils:532] > total number of samples: 623543
[NeMo I 2026-07-24 10:30:38 utils:532] Load the _IndexReader from /lustre/work/pdl17996/udl62d273/tokens_phase2/common-pile_news_en_text_document.idx
[NeMo I 2026-07-24 10:30:38 utils:532] 	Extract the sequence lengths
[NeMo I 2026-07-24 10:30:38 utils:532] 	Extract the sequence pointers
[NeMo I 2026-07-24 10:30:38 utils:532] 	Extract the document indices
[NeMo I 2026-07-24 10:30:38 utils:532] > total number of sequences: 124462
[NeMo I 2026-07-24 10:30:38 utils:532] > total number of documents: 124462
[NeMo I 2026-07-24 10:30:38 utils:532] Load the GPTDataset train indices
[NeMo I 2026-07-24 10:30:38 utils:532] 	Load the document index from 79fbfd2dcf4e0dbae2e7d30c5b369ce3-GPTDataset-train-document_index.npy
[NeMo I 2026-07-24 10:30:38 utils:532] 	Load the sample index from 79fbfd2dcf4e0dbae2e7d30c5b369ce3-GPTDataset-train-sample_index.npy
[NeMo I 2026-07-24 10:30:38 utils:532] 	Load the shuffle index from 79fbfd2dcf4e0dbae2e7d30c5b369ce3-GPTDataset-train-shuffle_index.npy
[NeMo I 2026-07-24 10:30:38 utils:532] > total number of samples: 14354
[NeMo I 2026-07-24 10:30:38 utils:532] Load the _IndexReader from /lustre/work/pdl17996/udl62d273/tokens_phase2/common-pile_public-domain-review_en_text_document.idx
[NeMo I 2026-07-24 10:30:38 utils:532] 	Extract the sequence lengths
[NeMo I 2026-07-24 10:30:38 utils:532] 	Extract the sequence pointers
[NeMo I 2026-07-24 10:30:38 utils:532] 	Extract the document indices
[NeMo I 2026-07-24 10:30:38 utils:532] > total number of sequences: 1406
[NeMo I 2026-07-24 10:30:38 utils:532] > total number of documents: 1406
[NeMo I 2026-07-24 10:30:38 utils:532] Load the GPTDataset train indices
[NeMo I 2026-07-24 10:30:38 utils:532] 	Load the document index from e85956c1af37a2e99bc71be251206c27-GPTDataset-train-document_index.npy
[NeMo I 2026-07-24 10:30:38 utils:532] 	Load the sample index from e85956c1af37a2e99bc71be251206c27-GPTDataset-train-sample_index.npy
[NeMo I 2026-07-24 10:30:38 utils:532] 	Load the shuffle index from e85956c1af37a2e99bc71be251206c27-GPTDataset-train-shuffle_index.npy
[NeMo I 2026-07-24 10:30:38 utils:532] > total number of samples: 382
[NeMo I 2026-07-24 10:30:38 utils:532] Load the _IndexReader from /lustre/work/pdl17996/udl62d273/tokens_phase2/common-pile_python-enhancement-proposals_en_text_document.idx
[NeMo I 2026-07-24 10:30:38 utils:532] 	Extract the sequence lengths
[NeMo I 2026-07-24 10:30:38 utils:532] 	Extract the sequence pointers
[NeMo I 2026-07-24 10:30:38 utils:532] 	Extract the document indices
[NeMo I 2026-07-24 10:30:38 utils:532] > total number of sequences: 646
[NeMo I 2026-07-24 10:30:38 utils:532] > total number of documents: 646
[NeMo I 2026-07-24 10:30:38 utils:532] Load the GPTDataset train indices
[NeMo I 2026-07-24 10:30:38 utils:532] 	Load the document index from 6f80a325f106fa8e3993d5f51c422ed4-GPTDataset-train-document_index.npy
[NeMo I 2026-07-24 10:30:38 utils:532] 	Load the sample index from 6f80a325f106fa8e3993d5f51c422ed4-GPTDataset-train-sample_index.npy
[NeMo I 2026-07-24 10:30:38 utils:532] 	Load the shuffle index from 6f80a325f106fa8e3993d5f51c422ed4-GPTDataset-train-shuffle_index.npy
[NeMo I 2026-07-24 10:30:38 utils:532] > total number of samples: 652
[NeMo I 2026-07-24 10:30:38 utils:532] Load the _IndexReader from /lustre/work/pdl17996/udl62d273/tokens_phase2/croissant-aligned_aligned_text_document.idx
[NeMo I 2026-07-24 10:30:38 utils:532] 	Extract the sequence lengths
[NeMo I 2026-07-24 10:30:38 utils:532] 	Extract the sequence pointers
[NeMo I 2026-07-24 10:30:38 utils:532] 	Extract the document indices
[NeMo I 2026-07-24 10:30:38 utils:532] > total number of sequences: 408028865
[NeMo I 2026-07-24 10:30:38 utils:532] > total number of documents: 408028865
[NeMo I 2026-07-24 10:30:38 utils:532] Load the GPTDataset train indices
[NeMo I 2026-07-24 10:30:38 utils:532] 	Load the document index from 45d3b10118dd728971b4c4138d89acd7-GPTDataset-train-document_index.npy
[NeMo I 2026-07-24 10:30:38 utils:532] 	Load the sample index from 45d3b10118dd728971b4c4138d89acd7-GPTDataset-train-sample_index.npy
[NeMo I 2026-07-24 10:30:38 utils:532] 	Load the shuffle index from 45d3b10118dd728971b4c4138d89acd7-GPTDataset-train-shuffle_index.npy
[NeMo I 2026-07-24 10:30:38 utils:532] > total number of samples: 5809232
[NeMo I 2026-07-24 10:30:38 utils:532] Load the _IndexReader from /lustre/work/pdl17996/udl62d273/tokens_phase2/culturax_fr_text_document_ratio0.70_phase1.idx
[NeMo I 2026-07-24 10:30:38 utils:532] 	Extract the sequence lengths
[NeMo I 2026-07-24 10:30:38 utils:532] 	Extract the sequence pointers
[NeMo I 2026-07-24 10:30:38 utils:532] 	Extract the document indices
[NeMo I 2026-07-24 10:30:38 utils:532] > total number of sequences: 169817708
[NeMo I 2026-07-24 10:30:38 utils:532] > total number of documents: 169817708
[NeMo I 2026-07-24 10:30:39 utils:532] Load the GPTDataset train indices
[NeMo I 2026-07-24 10:30:39 utils:532] 	Load the document index from 5e2518ccd4f12a5cd3c1ca8ecba2d412-GPTDataset-train-document_index.npy
[NeMo I 2026-07-24 10:30:39 utils:532] 	Load the sample index from 5e2518ccd4f12a5cd3c1ca8ecba2d412-GPTDataset-train-sample_index.npy
[NeMo I 2026-07-24 10:30:39 utils:532] 	Load the shuffle index from 5e2518ccd4f12a5cd3c1ca8ecba2d412-GPTDataset-train-shuffle_index.npy
[NeMo I 2026-07-24 10:30:39 utils:532] > total number of samples: 30693514
[NeMo I 2026-07-24 10:30:39 utils:532] Load the _IndexReader from /lustre/work/pdl17996/udl62d273/tokens_phase2/dclm-dolmino_en_text_document_ratio0.25_phase1.idx
[NeMo I 2026-07-24 10:30:39 utils:532] 	Extract the sequence lengths
[NeMo I 2026-07-24 10:30:39 utils:532] 	Extract the sequence pointers
[NeMo I 2026-07-24 10:30:39 utils:532] 	Extract the document indices
[NeMo I 2026-07-24 10:30:39 utils:532] > total number of sequences: 99513808
[NeMo I 2026-07-24 10:30:39 utils:532] > total number of documents: 99513808
[NeMo I 2026-07-24 10:30:39 utils:532] Load the GPTDataset train indices
[NeMo I 2026-07-24 10:30:39 utils:532] 	Load the document index from 97fa67479d729f82a6814c9d0aa7e4da-GPTDataset-train-document_index.npy
[NeMo I 2026-07-24 10:30:39 utils:532] 	Load the sample index from 97fa67479d729f82a6814c9d0aa7e4da-GPTDataset-train-sample_index.npy
[NeMo I 2026-07-24 10:30:39 utils:532] 	Load the shuffle index from 97fa67479d729f82a6814c9d0aa7e4da-GPTDataset-train-shuffle_index.npy
[NeMo I 2026-07-24 10:30:39 utils:532] > total number of samples: 31001130
[NeMo I 2026-07-24 10:30:39 utils:532] Load the _IndexReader from /lustre/work/pdl17996/udl62d273/tokens_phase2/europarl_aligned_text_document_ratio0.50_phase1.idx
[NeMo I 2026-07-24 10:30:39 utils:532] 	Extract the sequence lengths
[NeMo I 2026-07-24 10:30:39 utils:532] 	Extract the sequence pointers
[NeMo I 2026-07-24 10:30:39 utils:532] 	Extract the document indices
[NeMo I 2026-07-24 10:30:39 utils:532] > total number of sequences: 5799776
[NeMo I 2026-07-24 10:30:39 utils:532] > total number of documents: 5799776
[NeMo I 2026-07-24 10:30:39 utils:532] Load the GPTDataset train indices
[NeMo I 2026-07-24 10:30:39 utils:532] 	Load the document index from e9c9c57e90455b69246dac3276f16060-GPTDataset-train-document_index.npy
[NeMo I 2026-07-24 10:30:39 utils:532] 	Load the sample index from e9c9c57e90455b69246dac3276f16060-GPTDataset-train-sample_index.npy
[NeMo I 2026-07-24 10:30:39 utils:532] 	Load the shuffle index from e9c9c57e90455b69246dac3276f16060-GPTDataset-train-shuffle_index.npy
[NeMo I 2026-07-24 10:30:39 utils:532] > total number of samples: 107790
[NeMo I 2026-07-24 10:30:39 utils:532] Load the _IndexReader from /lustre/work/pdl17996/udl62d273/tokens_phase2/europarl_multi_text_document_ratio0.50_phase1.idx
[NeMo I 2026-07-24 10:30:39 utils:532] 	Extract the sequence lengths
[NeMo I 2026-07-24 10:30:39 utils:532] 	Extract the sequence pointers
[NeMo I 2026-07-24 10:30:39 utils:532] 	Extract the document indices
[NeMo I 2026-07-24 10:30:39 utils:532] > total number of sequences: 31168
[NeMo I 2026-07-24 10:30:39 utils:532] > total number of documents: 31168
[NeMo I 2026-07-24 10:30:39 utils:532] Load the GPTDataset train indices
[NeMo I 2026-07-24 10:30:39 utils:532] 	Load the document index from 27774e9f3aeb3ac31e526999047a9c54-GPTDataset-train-document_index.npy
[NeMo I 2026-07-24 10:30:39 utils:532] 	Load the sample index from 27774e9f3aeb3ac31e526999047a9c54-GPTDataset-train-sample_index.npy
[NeMo I 2026-07-24 10:30:39 utils:532] 	Load the shuffle index from 27774e9f3aeb3ac31e526999047a9c54-GPTDataset-train-shuffle_index.npy
[NeMo I 2026-07-24 10:30:39 utils:532] > total number of samples: 49952
[NeMo I 2026-07-24 10:30:39 utils:532] Load the _IndexReader from /lustre/work/pdl17996/udl62d273/tokens_phase2/eurovoc_filtered_multi_text_document_ratio0.50_phase1.idx
[NeMo I 2026-07-24 10:30:39 utils:532] 	Extract the sequence lengths
[NeMo I 2026-07-24 10:30:39 utils:532] 	Extract the sequence pointers
[NeMo I 2026-07-24 10:30:39 utils:532] 	Extract the document indices
[NeMo I 2026-07-24 10:30:39 utils:532] > total number of sequences: 874982
[NeMo I 2026-07-24 10:30:39 utils:532] > total number of documents: 874982
[NeMo I 2026-07-24 10:30:39 utils:532] Load the GPTDataset train indices
[NeMo I 2026-07-24 10:30:39 utils:532] 	Load the document index from 9720673abbe45027ddcda9b6072d05ab-GPTDataset-train-document_index.npy
[NeMo I 2026-07-24 10:30:39 utils:532] 	Load the sample index from 9720673abbe45027ddcda9b6072d05ab-GPTDataset-train-sample_index.npy
[NeMo I 2026-07-24 10:30:39 utils:532] 	Load the shuffle index from 9720673abbe45027ddcda9b6072d05ab-GPTDataset-train-shuffle_index.npy
[NeMo I 2026-07-24 10:30:39 utils:532] > total number of samples: 1074079
[NeMo I 2026-07-24 10:30:39 utils:532] Load the _IndexReader from /lustre/work/pdl17996/udl62d273/tokens_phase2/finemath-filtered_3plus_math_text_document.idx
[NeMo I 2026-07-24 10:30:39 utils:532] 	Extract the sequence lengths
[NeMo I 2026-07-24 10:30:39 utils:532] 	Extract the sequence pointers
[NeMo I 2026-07-24 10:30:39 utils:532] 	Extract the document indices
[NeMo I 2026-07-24 10:30:39 utils:532] > total number of sequences: 15185319
[NeMo I 2026-07-24 10:30:39 utils:532] > total number of documents: 15185319
[NeMo I 2026-07-24 10:30:39 utils:532] Load the GPTDataset train indices
[NeMo I 2026-07-24 10:30:39 utils:532] 	Load the document index from 567b314e1e90030a5cce05a6829cb5ca-GPTDataset-train-document_index.npy
[NeMo I 2026-07-24 10:30:39 utils:532] 	Load the sample index from 567b314e1e90030a5cce05a6829cb5ca-GPTDataset-train-sample_index.npy
[NeMo I 2026-07-24 10:30:39 utils:532] 	Load the shuffle index from 567b314e1e90030a5cce05a6829cb5ca-GPTDataset-train-shuffle_index.npy
[NeMo I 2026-07-24 10:30:39 utils:532] > total number of samples: 6889796
[NeMo I 2026-07-24 10:30:39 utils:532] Load the _IndexReader from /lustre/work/pdl17996/udl62d273/tokens_phase2/fineweb-edu_en_text_document_ratio0.25_phase1.idx
[NeMo I 2026-07-24 10:30:39 utils:532] 	Extract the sequence lengths
[NeMo I 2026-07-24 10:30:39 utils:532] 	Extract the sequence pointers
[NeMo I 2026-07-24 10:30:39 utils:532] 	Extract the document indices
[NeMo I 2026-07-24 10:30:39 utils:532] > total number of sequences: 278336082
[NeMo I 2026-07-24 10:30:39 utils:532] > total number of documents: 278336082
[NeMo I 2026-07-24 10:30:39 utils:532] Load the GPTDataset train indices
[NeMo I 2026-07-24 10:30:39 utils:532] 	Load the document index from a7ef3d975e2625e81c4f3d17ddf699e2-GPTDataset-train-document_index.npy
[NeMo I 2026-07-24 10:30:39 utils:532] 	Load the sample index from a7ef3d975e2625e81c4f3d17ddf699e2-GPTDataset-train-sample_index.npy
[NeMo I 2026-07-24 10:30:39 utils:532] 	Load the shuffle index from a7ef3d975e2625e81c4f3d17ddf699e2-GPTDataset-train-shuffle_index.npy
[NeMo I 2026-07-24 10:30:39 utils:532] > total number of samples: 71571049
[NeMo I 2026-07-24 10:30:39 utils:532] Load the _IndexReader from /lustre/work/pdl17996/udl62d273/tokens_phase2/fineweb2_ca_text_document_ratio0.02_phase1.idx
[NeMo I 2026-07-24 10:30:39 utils:532] 	Extract the sequence lengths
[NeMo I 2026-07-24 10:30:39 utils:532] 	Extract the sequence pointers
[NeMo I 2026-07-24 10:30:39 utils:532] 	Extract the document indices
[NeMo I 2026-07-24 10:30:39 utils:532] > total number of sequences: 214088
[NeMo I 2026-07-24 10:30:39 utils:532] > total number of documents: 214088
[NeMo I 2026-07-24 10:30:39 utils:532] Load the GPTDataset train indices
[NeMo I 2026-07-24 10:30:39 utils:532] 	Load the document index from d9c8ba8b312d78190a7e96c2ecff2f97-GPTDataset-train-document_index.npy
[NeMo I 2026-07-24 10:30:39 utils:532] 	Load the sample index from d9c8ba8b312d78190a7e96c2ecff2f97-GPTDataset-train-sample_index.npy
[NeMo I 2026-07-24 10:30:39 utils:532] 	Load the shuffle index from d9c8ba8b312d78190a7e96c2ecff2f97-GPTDataset-train-shuffle_index.npy
[NeMo I 2026-07-24 10:30:39 utils:532] > total number of samples: 36868
[NeMo I 2026-07-24 10:30:39 utils:532] Load the _IndexReader from /lustre/work/pdl17996/udl62d273/tokens_phase2/fineweb2_fr_text_document.idx
[NeMo I 2026-07-24 10:30:39 utils:532] 	Extract the sequence lengths
[NeMo I 2026-07-24 10:30:39 utils:532] 	Extract the sequence pointers
[NeMo I 2026-07-24 10:30:39 utils:532] 	Extract the document indices
[NeMo I 2026-07-24 10:30:39 utils:532] > total number of sequences: 232503945
[NeMo I 2026-07-24 10:30:39 utils:532] > total number of documents: 232503945
[NeMo I 2026-07-24 10:30:39 utils:532] Load the GPTDataset train indices
[NeMo I 2026-07-24 10:30:39 utils:532] 	Load the document index from 98d3bc84838851bad6846ad3747b1261-GPTDataset-train-document_index.npy
[NeMo I 2026-07-24 10:30:39 utils:532] 	Load the sample index from 98d3bc84838851bad6846ad3747b1261-GPTDataset-train-sample_index.npy
[NeMo I 2026-07-24 10:30:39 utils:532] 	Load the shuffle index from 98d3bc84838851bad6846ad3747b1261-GPTDataset-train-shuffle_index.npy
[NeMo I 2026-07-24 10:30:39 utils:532] > total number of samples: 38491401
[NeMo I 2026-07-24 10:30:39 utils:532] Load the _IndexReader from /lustre/work/pdl17996/udl62d273/tokens_phase2/fineweb2_edu3+_fr_text_document.idx
[NeMo I 2026-07-24 10:30:39 utils:532] 	Extract the sequence lengths
[NeMo I 2026-07-24 10:30:39 utils:532] 	Extract the sequence pointers
[NeMo I 2026-07-24 10:30:39 utils:532] 	Extract the document indices
[NeMo I 2026-07-24 10:30:39 utils:532] > total number of sequences: 80680802
[NeMo I 2026-07-24 10:30:39 utils:532] > total number of documents: 80680802
[NeMo I 2026-07-24 10:30:39 utils:532] Load the GPTDataset train indices
[NeMo I 2026-07-24 10:30:39 utils:532] 	Load the document index from a75104c73bad89109e3bb52c7474b8a4-GPTDataset-train-document_index.npy
[NeMo I 2026-07-24 10:30:39 utils:532] 	Load the sample index from a75104c73bad89109e3bb52c7474b8a4-GPTDataset-train-sample_index.npy
[NeMo I 2026-07-24 10:30:39 utils:532] 	Load the shuffle index from a75104c73bad89109e3bb52c7474b8a4-GPTDataset-train-shuffle_index.npy
[NeMo I 2026-07-24 10:30:39 utils:532] > total number of samples: 17356742
[NeMo I 2026-07-24 10:30:39 utils:532] Load the _IndexReader from /lustre/work/pdl17996/udl62d273/tokens_phase2/fineweb2_edu3+_ar_text_document_ratio0.50_phase1.idx
[NeMo I 2026-07-24 10:30:39 utils:532] 	Extract the sequence lengths
[NeMo I 2026-07-24 10:30:39 utils:532] 	Extract the sequence pointers
[NeMo I 2026-07-24 10:30:39 utils:532] 	Extract the document indices
[NeMo I 2026-07-24 10:30:39 utils:532] > total number of sequences: 11941411
[NeMo I 2026-07-24 10:30:39 utils:532] > total number of documents: 11941411
[NeMo I 2026-07-24 10:30:39 utils:532] Load the GPTDataset train indices
[NeMo I 2026-07-24 10:30:39 utils:532] 	Load the document index from 06ddbaef58a51ccb3977b519c0e8139a-GPTDataset-train-document_index.npy
[NeMo I 2026-07-24 10:30:39 utils:532] 	Load the sample index from 06ddbaef58a51ccb3977b519c0e8139a-GPTDataset-train-sample_index.npy
[NeMo I 2026-07-24 10:30:39 utils:532] 	Load the shuffle index from 06ddbaef58a51ccb3977b519c0e8139a-GPTDataset-train-shuffle_index.npy
[NeMo I 2026-07-24 10:30:39 utils:532] > total number of samples: 2124198
[NeMo I 2026-07-24 10:30:39 utils:532] Load the _IndexReader from /lustre/work/pdl17996/udl62d273/tokens_phase2/fineweb2_edu3+_de_text_document_ratio0.50_phase1.idx
[NeMo I 2026-07-24 10:30:39 utils:532] 	Extract the sequence lengths
[NeMo I 2026-07-24 10:30:39 utils:532] 	Extract the sequence pointers
[NeMo I 2026-07-24 10:30:39 utils:532] 	Extract the document indices
[NeMo I 2026-07-24 10:30:39 utils:532] > total number of sequences: 47338016
[NeMo I 2026-07-24 10:30:39 utils:532] > total number of documents: 47338016
[NeMo I 2026-07-24 10:30:39 utils:532] Load the GPTDataset train indices
[NeMo I 2026-07-24 10:30:39 utils:532] 	Load the document index from 93918a21a1ec9e475a547b89e760a05f-GPTDataset-train-document_index.npy
[NeMo I 2026-07-24 10:30:39 utils:532] 	Load the sample index from 93918a21a1ec9e475a547b89e760a05f-GPTDataset-train-sample_index.npy
[NeMo I 2026-07-24 10:30:39 utils:532] 	Load the shuffle index from 93918a21a1ec9e475a547b89e760a05f-GPTDataset-train-shuffle_index.npy
[NeMo I 2026-07-24 10:30:39 utils:532] > total number of samples: 10019040
[NeMo I 2026-07-24 10:30:39 utils:532] Load the _IndexReader from /lustre/work/pdl17996/udl62d273/tokens_phase2/fineweb2_edu3+_it_text_document_ratio0.50_phase1.idx
[NeMo I 2026-07-24 10:30:39 utils:532] 	Extract the sequence lengths
[NeMo I 2026-07-24 10:30:39 utils:532] 	Extract the sequence pointers
[NeMo I 2026-07-24 10:30:39 utils:532] 	Extract the document indices
[NeMo I 2026-07-24 10:30:39 utils:532] > total number of sequences: 27874585
[NeMo I 2026-07-24 10:30:39 utils:532] > total number of documents: 27874585
[NeMo I 2026-07-24 10:30:39 utils:532] Load the GPTDataset train indices
[NeMo I 2026-07-24 10:30:39 utils:532] 	Load the document index from a0b39ad30675b9a2fa9566aea622ff81-GPTDataset-train-document_index.npy
[NeMo I 2026-07-24 10:30:39 utils:532] 	Load the sample index from a0b39ad30675b9a2fa9566aea622ff81-GPTDataset-train-sample_index.npy
[NeMo I 2026-07-24 10:30:39 utils:532] 	Load the shuffle index from a0b39ad30675b9a2fa9566aea622ff81-GPTDataset-train-shuffle_index.npy
[NeMo I 2026-07-24 10:30:39 utils:532] > total number of samples: 5933491
[NeMo I 2026-07-24 10:30:39 utils:532] Load the _IndexReader from /lustre/work/pdl17996/udl62d273/tokens_phase2/fineweb2_edu3+_nl_text_document_ratio0.50_phase1.idx
[NeMo I 2026-07-24 10:30:39 utils:532] 	Extract the sequence lengths
[NeMo I 2026-07-24 10:30:39 utils:532] 	Extract the sequence pointers
[NeMo I 2026-07-24 10:30:39 utils:532] 	Extract the document indices
[NeMo I 2026-07-24 10:30:39 utils:532] > total number of sequences: 14701156
[NeMo I 2026-07-24 10:30:39 utils:532] > total number of documents: 14701156
[NeMo I 2026-07-24 10:30:39 utils:532] Load the GPTDataset train indices
[NeMo I 2026-07-24 10:30:39 utils:532] 	Load the document index from 00ed4c7fca8ca9004d4f73811d828e70-GPTDataset-train-document_index.npy
[NeMo I 2026-07-24 10:30:39 utils:532] 	Load the sample index from 00ed4c7fca8ca9004d4f73811d828e70-GPTDataset-train-sample_index.npy
[NeMo I 2026-07-24 10:30:39 utils:532] 	Load the shuffle index from 00ed4c7fca8ca9004d4f73811d828e70-GPTDataset-train-shuffle_index.npy
[NeMo I 2026-07-24 10:30:39 utils:532] > total number of samples: 2939634
[NeMo I 2026-07-24 10:30:39 utils:532] Load the _IndexReader from /lustre/work/pdl17996/udl62d273/tokens_phase2/fineweb2_edu3+_pt_text_document_ratio0.50_phase1.idx
[NeMo I 2026-07-24 10:30:39 utils:532] 	Extract the sequence lengths
[NeMo I 2026-07-24 10:30:39 utils:532] 	Extract the sequence pointers
[NeMo I 2026-07-24 10:30:39 utils:532] 	Extract the document indices
[NeMo I 2026-07-24 10:30:39 utils:532] > total number of sequences: 24865380
[NeMo I 2026-07-24 10:30:39 utils:532] > total number of documents: 24865380
[NeMo I 2026-07-24 10:30:39 utils:532] Load the GPTDataset train indices
[NeMo I 2026-07-24 10:30:39 utils:532] 	Load the document index from 995cb86325fa65c82171ef1a90c25ba1-GPTDataset-train-document_index.npy
[NeMo I 2026-07-24 10:30:39 utils:532] 	Load the sample index from 995cb86325fa65c82171ef1a90c25ba1-GPTDataset-train-sample_index.npy
[NeMo I 2026-07-24 10:30:39 utils:532] 	Load the shuffle index from 995cb86325fa65c82171ef1a90c25ba1-GPTDataset-train-shuffle_index.npy
[NeMo I 2026-07-24 10:30:39 utils:532] > total number of samples: 5133417
[NeMo I 2026-07-24 10:30:39 utils:532] Load the _IndexReader from /lustre/work/pdl17996/udl62d273/tokens_phase2/fineweb2_edu3+_es_text_document_ratio0.50_phase1.idx
[NeMo I 2026-07-24 10:30:39 utils:532] 	Extract the sequence lengths
[NeMo I 2026-07-24 10:30:39 utils:532] 	Extract the sequence pointers
[NeMo I 2026-07-24 10:30:39 utils:532] 	Extract the document indices
[NeMo I 2026-07-24 10:30:39 utils:532] > total number of sequences: 65733919
[NeMo I 2026-07-24 10:30:39 utils:532] > total number of documents: 65733919
[NeMo I 2026-07-24 10:30:39 utils:532] Load the GPTDataset train indices
[NeMo I 2026-07-24 10:30:39 utils:532] 	Load the document index from 69ac7dfee1ed8c786ca69a22e47f2e9e-GPTDataset-train-document_index.npy
[NeMo I 2026-07-24 10:30:39 utils:532] 	Load the sample index from 69ac7dfee1ed8c786ca69a22e47f2e9e-GPTDataset-train-sample_index.npy
[NeMo I 2026-07-24 10:30:39 utils:532] 	Load the shuffle index from 69ac7dfee1ed8c786ca69a22e47f2e9e-GPTDataset-train-shuffle_index.npy
[NeMo I 2026-07-24 10:30:39 utils:532] > total number of samples: 13194356
[NeMo I 2026-07-24 10:30:39 utils:532] Load the _IndexReader from /lustre/work/pdl17996/udl62d273/tokens_phase2/fineweb2_regional_text_document.idx
[NeMo I 2026-07-24 10:30:39 utils:532] 	Extract the sequence lengths
[NeMo I 2026-07-24 10:30:39 utils:532] 	Extract the sequence pointers
[NeMo I 2026-07-24 10:30:39 utils:532] 	Extract the document indices
[NeMo I 2026-07-24 10:30:39 utils:532] > total number of sequences: 12082034
[NeMo I 2026-07-24 10:30:39 utils:532] > total number of documents: 12082034
[NeMo I 2026-07-24 10:30:39 utils:532] Load the GPTDataset train indices
[NeMo I 2026-07-24 10:30:39 utils:532] 	Load the document index from 5e48978afec1280716ebce2d277f928c-GPTDataset-train-document_index.npy
[NeMo I 2026-07-24 10:30:39 utils:532] 	Load the sample index from 5e48978afec1280716ebce2d277f928c-GPTDataset-train-sample_index.npy
[NeMo I 2026-07-24 10:30:39 utils:532] 	Load the shuffle index from 5e48978afec1280716ebce2d277f928c-GPTDataset-train-shuffle_index.npy
[NeMo I 2026-07-24 10:30:39 utils:532] > total number of samples: 2132152
[NeMo I 2026-07-24 10:30:39 utils:532] Load the _IndexReader from /lustre/work/pdl17996/udl62d273/tokens_phase2/gutenberg_de_text_document_ratio0.50_phase1.idx
[NeMo I 2026-07-24 10:30:39 utils:532] 	Extract the sequence lengths
[NeMo I 2026-07-24 10:30:39 utils:532] 	Extract the sequence pointers
[NeMo I 2026-07-24 10:30:39 utils:532] 	Extract the document indices
[NeMo I 2026-07-24 10:30:39 utils:532] > total number of sequences: 860
[NeMo I 2026-07-24 10:30:39 utils:532] > total number of documents: 860
[NeMo I 2026-07-24 10:30:39 utils:532] Load the GPTDataset train indices
[NeMo I 2026-07-24 10:30:39 utils:532] 	Load the document index from 75f069ab526d33078013fa75663c9d19-GPTDataset-train-document_index.npy
[NeMo I 2026-07-24 10:30:39 utils:532] 	Load the sample index from 75f069ab526d33078013fa75663c9d19-GPTDataset-train-sample_index.npy
[NeMo I 2026-07-24 10:30:39 utils:532] 	Load the shuffle index from 75f069ab526d33078013fa75663c9d19-GPTDataset-train-shuffle_index.npy
[NeMo I 2026-07-24 10:30:39 utils:532] > total number of samples: 20660
[NeMo I 2026-07-24 10:30:39 utils:532] Load the _IndexReader from /lustre/work/pdl17996/udl62d273/tokens_phase2/gutenberg_en_text_document_ratio0.50_phase1.idx
[NeMo I 2026-07-24 10:30:39 utils:532] 	Extract the sequence lengths
[NeMo I 2026-07-24 10:30:39 utils:532] 	Extract the sequence pointers
[NeMo I 2026-07-24 10:30:39 utils:532] 	Extract the document indices
[NeMo I 2026-07-24 10:30:39 utils:532] > total number of sequences: 24795
[NeMo I 2026-07-24 10:30:39 utils:532] > total number of documents: 24795
[NeMo I 2026-07-24 10:30:39 utils:532] Load the GPTDataset train indices
[NeMo I 2026-07-24 10:30:39 utils:532] 	Load the document index from fb1139483637564814705d32035cd6fd-GPTDataset-train-document_index.npy
[NeMo I 2026-07-24 10:30:39 utils:532] 	Load the sample index from fb1139483637564814705d32035cd6fd-GPTDataset-train-sample_index.npy
[NeMo I 2026-07-24 10:30:39 utils:532] 	Load the shuffle index from fb1139483637564814705d32035cd6fd-GPTDataset-train-shuffle_index.npy
[NeMo I 2026-07-24 10:30:39 utils:532] > total number of samples: 597609
[NeMo I 2026-07-24 10:30:39 utils:532] Load the _IndexReader from /lustre/work/pdl17996/udl62d273/tokens_phase2/gutenberg_es_text_document_ratio0.50_phase1.idx
[NeMo I 2026-07-24 10:30:39 utils:532] 	Extract the sequence lengths
[NeMo I 2026-07-24 10:30:39 utils:532] 	Extract the sequence pointers
[NeMo I 2026-07-24 10:30:39 utils:532] 	Extract the document indices
[NeMo I 2026-07-24 10:30:39 utils:532] > total number of sequences: 366
[NeMo I 2026-07-24 10:30:39 utils:532] > total number of documents: 366
[NeMo I 2026-07-24 10:30:39 utils:532] Load the GPTDataset train indices
[NeMo I 2026-07-24 10:30:39 utils:532] 	Load the document index from 29ce35a240d7627ddb84d48499529a6c-GPTDataset-train-document_index.npy
[NeMo I 2026-07-24 10:30:39 utils:532] 	Load the sample index from 29ce35a240d7627ddb84d48499529a6c-GPTDataset-train-sample_index.npy
[NeMo I 2026-07-24 10:30:39 utils:532] 	Load the shuffle index from 29ce35a240d7627ddb84d48499529a6c-GPTDataset-train-shuffle_index.npy
[NeMo I 2026-07-24 10:30:39 utils:532] > total number of samples: 10253
[NeMo I 2026-07-24 10:30:39 utils:532] Load the _IndexReader from /lustre/work/pdl17996/udl62d273/tokens_phase2/gutenberg_fr_text_document.idx
[NeMo I 2026-07-24 10:30:39 utils:532] 	Extract the sequence lengths
[NeMo I 2026-07-24 10:30:39 utils:532] 	Extract the sequence pointers
[NeMo I 2026-07-24 10:30:39 utils:532] 	Extract the document indices
[NeMo I 2026-07-24 10:30:39 utils:532] > total number of sequences: 3544
[NeMo I 2026-07-24 10:30:39 utils:532] > total number of documents: 3544
[NeMo I 2026-07-24 10:30:39 utils:532] Load the GPTDataset train indices
[NeMo I 2026-07-24 10:30:39 utils:532] 	Load the document index from 30e92d6fb536400f6fb6509e13965d5d-GPTDataset-train-document_index.npy
[NeMo I 2026-07-24 10:30:39 utils:532] 	Load the sample index from 30e92d6fb536400f6fb6509e13965d5d-GPTDataset-train-sample_index.npy
[NeMo I 2026-07-24 10:30:39 utils:532] 	Load the shuffle index from 30e92d6fb536400f6fb6509e13965d5d-GPTDataset-train-shuffle_index.npy
[NeMo I 2026-07-24 10:30:39 utils:532] > total number of samples: 91991
[NeMo I 2026-07-24 10:30:39 utils:532] Load the _IndexReader from /lustre/work/pdl17996/udl62d273/tokens_phase2/gutenberg_it_text_document_ratio0.50_phase1.idx
[NeMo I 2026-07-24 10:30:39 utils:532] 	Extract the sequence lengths
[NeMo I 2026-07-24 10:30:39 utils:532] 	Extract the sequence pointers
[NeMo I 2026-07-24 10:30:39 utils:532] 	Extract the document indices
[NeMo I 2026-07-24 10:30:39 utils:532] > total number of sequences: 471
[NeMo I 2026-07-24 10:30:39 utils:532] > total number of documents: 471
[NeMo I 2026-07-24 10:30:39 utils:532] Load the GPTDataset train indices
[NeMo I 2026-07-24 10:30:39 utils:532] 	Load the document index from 2061c64f7f13dbd5dc4b490f898790f5-GPTDataset-train-document_index.npy
[NeMo I 2026-07-24 10:30:39 utils:532] 	Load the sample index from 2061c64f7f13dbd5dc4b490f898790f5-GPTDataset-train-sample_index.npy
[NeMo I 2026-07-24 10:30:39 utils:532] 	Load the shuffle index from 2061c64f7f13dbd5dc4b490f898790f5-GPTDataset-train-shuffle_index.npy
[NeMo I 2026-07-24 10:30:39 utils:532] > total number of samples: 14432
[NeMo I 2026-07-24 10:30:39 utils:532] Load the _IndexReader from /lustre/work/pdl17996/udl62d273/tokens_phase2/gutenberg_nl_text_document_ratio0.50_phase1.idx
[NeMo I 2026-07-24 10:30:39 utils:532] 	Extract the sequence lengths
[NeMo I 2026-07-24 10:30:39 utils:532] 	Extract the sequence pointers
[NeMo I 2026-07-24 10:30:39 utils:532] 	Extract the document indices
[NeMo I 2026-07-24 10:30:39 utils:532] > total number of sequences: 515
[NeMo I 2026-07-24 10:30:39 utils:532] > total number of documents: 515
[NeMo I 2026-07-24 10:30:39 utils:532] Load the GPTDataset train indices
[NeMo I 2026-07-24 10:30:39 utils:532] 	Load the document index from b40ae1ba1c490d029989a20a0af0f646-GPTDataset-train-document_index.npy
[NeMo I 2026-07-24 10:30:39 utils:532] 	Load the sample index from b40ae1ba1c490d029989a20a0af0f646-GPTDataset-train-sample_index.npy
[NeMo I 2026-07-24 10:30:39 utils:532] 	Load the shuffle index from b40ae1ba1c490d029989a20a0af0f646-GPTDataset-train-shuffle_index.npy
[NeMo I 2026-07-24 10:30:39 utils:532] > total number of samples: 12306
[NeMo I 2026-07-24 10:30:39 utils:532] Load the _IndexReader from /lustre/work/pdl17996/udl62d273/tokens_phase2/gutenberg_pt_text_document_ratio0.50_phase1.idx
[NeMo I 2026-07-24 10:30:39 utils:532] 	Extract the sequence lengths
[NeMo I 2026-07-24 10:30:39 utils:532] 	Extract the sequence pointers
[NeMo I 2026-07-24 10:30:39 utils:532] 	Extract the document indices
[NeMo I 2026-07-24 10:30:39 utils:532] > total number of sequences: 322
[NeMo I 2026-07-24 10:30:39 utils:532] > total number of documents: 322
[NeMo I 2026-07-24 10:30:39 utils:532] Load the GPTDataset train indices
[NeMo I 2026-07-24 10:30:39 utils:532] 	Load the document index from b2ee6d8a1e8621e4c6edf530174c5ac7-GPTDataset-train-document_index.npy
[NeMo I 2026-07-24 10:30:39 utils:532] 	Load the sample index from b2ee6d8a1e8621e4c6edf530174c5ac7-GPTDataset-train-sample_index.npy
[NeMo I 2026-07-24 10:30:39 utils:532] 	Load the shuffle index from b2ee6d8a1e8621e4c6edf530174c5ac7-GPTDataset-train-shuffle_index.npy
[NeMo I 2026-07-24 10:30:39 utils:532] > total number of samples: 3669
[NeMo I 2026-07-24 10:30:39 utils:532] Load the _IndexReader from /lustre/work/pdl17996/udl62d273/tokens_phase2/hal-cea_full-filtered_fr_text_document.idx
[NeMo I 2026-07-24 10:30:39 utils:532] 	Extract the sequence lengths
[NeMo I 2026-07-24 10:30:39 utils:532] 	Extract the sequence pointers
[NeMo I 2026-07-24 10:30:39 utils:532] 	Extract the document indices
[NeMo I 2026-07-24 10:30:39 utils:532] > total number of sequences: 188005
[NeMo I 2026-07-24 10:30:39 utils:532] > total number of documents: 188005
[NeMo I 2026-07-24 10:30:39 utils:532] Load the GPTDataset train indices
[NeMo I 2026-07-24 10:30:39 utils:532] 	Load the document index from 8b365f834bdaff881cd4f008af927ba5-GPTDataset-train-document_index.npy
[NeMo I 2026-07-24 10:30:39 utils:532] 	Load the sample index from 8b365f834bdaff881cd4f008af927ba5-GPTDataset-train-sample_index.npy
[NeMo I 2026-07-24 10:30:39 utils:532] 	Load the shuffle index from 8b365f834bdaff881cd4f008af927ba5-GPTDataset-train-shuffle_index.npy
[NeMo I 2026-07-24 10:30:39 utils:532] > total number of samples: 3914015
[NeMo I 2026-07-24 10:30:39 utils:532] Load the _IndexReader from /lustre/work/pdl17996/udl62d273/tokens_phase2/hplt2_fr_text_document_ratio0.70_phase1.idx
[NeMo I 2026-07-24 10:30:39 utils:532] 	Extract the sequence lengths
[NeMo I 2026-07-24 10:30:39 utils:532] 	Extract the sequence pointers
[NeMo I 2026-07-24 10:30:39 utils:532] 	Extract the document indices
[NeMo I 2026-07-24 10:30:39 utils:532] > total number of sequences: 180612376
[NeMo I 2026-07-24 10:30:39 utils:532] > total number of documents: 180612376
[NeMo I 2026-07-24 10:30:39 utils:532] Load the GPTDataset train indices
[NeMo I 2026-07-24 10:30:39 utils:532] 	Load the document index from d94093f55e341442e24596a234b86cc5-GPTDataset-train-document_index.npy
[NeMo I 2026-07-24 10:30:39 utils:532] 	Load the sample index from d94093f55e341442e24596a234b86cc5-GPTDataset-train-sample_index.npy
[NeMo I 2026-07-24 10:30:39 utils:532] 	Load the shuffle index from d94093f55e341442e24596a234b86cc5-GPTDataset-train-shuffle_index.npy
[NeMo I 2026-07-24 10:30:39 utils:532] > total number of samples: 37907747
[NeMo I 2026-07-24 10:30:39 utils:532] Load the _IndexReader from /lustre/work/pdl17996/udl62d273/tokens_phase2/infiwebmath-filtered_3plus_math_text_document.idx
[NeMo I 2026-07-24 10:30:39 utils:532] 	Extract the sequence lengths
[NeMo I 2026-07-24 10:30:39 utils:532] 	Extract the sequence pointers
[NeMo I 2026-07-24 10:30:39 utils:532] 	Extract the document indices
[NeMo I 2026-07-24 10:30:39 utils:532] > total number of sequences: 10466556
[NeMo I 2026-07-24 10:30:39 utils:532] > total number of documents: 10466556
[NeMo I 2026-07-24 10:30:39 utils:532] Load the GPTDataset train indices
[NeMo I 2026-07-24 10:30:39 utils:532] 	Load the document index from 01ffd0403bbb632ac4ff9575ab142ce4-GPTDataset-train-document_index.npy
[NeMo I 2026-07-24 10:30:39 utils:532] 	Load the sample index from 01ffd0403bbb632ac4ff9575ab142ce4-GPTDataset-train-sample_index.npy
[NeMo I 2026-07-24 10:30:39 utils:532] 	Load the shuffle index from 01ffd0403bbb632ac4ff9575ab142ce4-GPTDataset-train-shuffle_index.npy
[NeMo I 2026-07-24 10:30:39 utils:532] > total number of samples: 3958073
[NeMo I 2026-07-24 10:30:39 utils:532] Load the _IndexReader from /lustre/work/pdl17996/udl62d273/tokens_phase2/insee_fr_text_document.idx
[NeMo I 2026-07-24 10:30:39 utils:532] 	Extract the sequence lengths
[NeMo I 2026-07-24 10:30:39 utils:532] 	Extract the sequence pointers
[NeMo I 2026-07-24 10:30:39 utils:532] 	Extract the document indices
[NeMo I 2026-07-24 10:30:39 utils:532] > total number of sequences: 17175
[NeMo I 2026-07-24 10:30:39 utils:532] > total number of documents: 17175
[NeMo I 2026-07-24 10:30:39 utils:532] Load the GPTDataset train indices
[NeMo I 2026-07-24 10:30:39 utils:532] 	Load the document index from eecc22c363781592c71d1e2e9166262e-GPTDataset-train-document_index.npy
[NeMo I 2026-07-24 10:30:39 utils:532] 	Load the sample index from eecc22c363781592c71d1e2e9166262e-GPTDataset-train-sample_index.npy
[NeMo I 2026-07-24 10:30:39 utils:532] 	Load the shuffle index from eecc22c363781592c71d1e2e9166262e-GPTDataset-train-shuffle_index.npy
[NeMo I 2026-07-24 10:30:39 utils:532] > total number of samples: 27688
[NeMo I 2026-07-24 10:30:39 utils:532] Load the _IndexReader from /lustre/work/pdl17996/udl62d273/tokens_phase2/megamath-web-filtered_math_text_document.idx
[NeMo I 2026-07-24 10:30:39 utils:532] 	Extract the sequence lengths
[NeMo I 2026-07-24 10:30:39 utils:532] 	Extract the sequence pointers
[NeMo I 2026-07-24 10:30:39 utils:532] 	Extract the document indices
[NeMo I 2026-07-24 10:30:39 utils:532] > total number of sequences: 71568739
[NeMo I 2026-07-24 10:30:39 utils:532] > total number of documents: 71568739
[NeMo I 2026-07-24 10:30:39 utils:532] Load the GPTDataset train indices
[NeMo I 2026-07-24 10:30:39 utils:532] 	Load the document index from 68a3431892337bd068d1df42d65e9afa-GPTDataset-train-document_index.npy
[NeMo I 2026-07-24 10:30:39 utils:532] 	Load the sample index from 68a3431892337bd068d1df42d65e9afa-GPTDataset-train-sample_index.npy
[NeMo I 2026-07-24 10:30:39 utils:532] 	Load the shuffle index from 68a3431892337bd068d1df42d65e9afa-GPTDataset-train-shuffle_index.npy
[NeMo I 2026-07-24 10:30:39 utils:532] > total number of samples: 40187078
[NeMo I 2026-07-24 10:30:39 utils:532] Load the _IndexReader from /lustre/work/pdl17996/udl62d273/tokens_phase2/nemotron-posttraining-de_de_text_document.idx
[NeMo I 2026-07-24 10:30:39 utils:532] 	Extract the sequence lengths
[NeMo I 2026-07-24 10:30:39 utils:532] 	Extract the sequence pointers
[NeMo I 2026-07-24 10:30:39 utils:532] 	Extract the document indices
[NeMo I 2026-07-24 10:30:39 utils:532] > total number of sequences: 1015314
[NeMo I 2026-07-24 10:30:39 utils:532] > total number of documents: 1015314
[NeMo I 2026-07-24 10:30:39 utils:532] Load the GPTDataset train indices
[NeMo I 2026-07-24 10:30:39 utils:532] 	Load the document index from 5e14bec5c4463d445c5685879afe4056-GPTDataset-train-document_index.npy
[NeMo I 2026-07-24 10:30:39 utils:532] 	Load the sample index from 5e14bec5c4463d445c5685879afe4056-GPTDataset-train-sample_index.npy
[NeMo I 2026-07-24 10:30:39 utils:532] 	Load the shuffle index from 5e14bec5c4463d445c5685879afe4056-GPTDataset-train-shuffle_index.npy
[NeMo I 2026-07-24 10:30:39 utils:532] > total number of samples: 157390
[NeMo I 2026-07-24 10:30:39 utils:532] Load the _IndexReader from /lustre/work/pdl17996/udl62d273/tokens_phase2/nemotron-posttraining-es_es_text_document.idx
[NeMo I 2026-07-24 10:30:39 utils:532] 	Extract the sequence lengths
[NeMo I 2026-07-24 10:30:39 utils:532] 	Extract the sequence pointers
[NeMo I 2026-07-24 10:30:39 utils:532] 	Extract the document indices
[NeMo I 2026-07-24 10:30:39 utils:532] > total number of sequences: 935704
[NeMo I 2026-07-24 10:30:39 utils:532] > total number of documents: 935704
[NeMo I 2026-07-24 10:30:39 utils:532] Load the GPTDataset train indices
[NeMo I 2026-07-24 10:30:39 utils:532] 	Load the document index from 89e5ad67663e9f92a297dbd9382a588b-GPTDataset-train-document_index.npy
[NeMo I 2026-07-24 10:30:39 utils:532] 	Load the sample index from 89e5ad67663e9f92a297dbd9382a588b-GPTDataset-train-sample_index.npy
[NeMo I 2026-07-24 10:30:39 utils:532] 	Load the shuffle index from 89e5ad67663e9f92a297dbd9382a588b-GPTDataset-train-shuffle_index.npy
[NeMo I 2026-07-24 10:30:39 utils:532] > total number of samples: 140067
[NeMo I 2026-07-24 10:30:39 utils:532] Load the _IndexReader from /lustre/work/pdl17996/udl62d273/tokens_phase2/nemotron-posttraining-fr_fr_text_document.idx
[NeMo I 2026-07-24 10:30:39 utils:532] 	Extract the sequence lengths
[NeMo I 2026-07-24 10:30:39 utils:532] 	Extract the sequence pointers
[NeMo I 2026-07-24 10:30:39 utils:532] 	Extract the document indices
[NeMo I 2026-07-24 10:30:39 utils:532] > total number of sequences: 1001504
[NeMo I 2026-07-24 10:30:39 utils:532] > total number of documents: 1001504
[NeMo I 2026-07-24 10:30:39 utils:532] Load the GPTDataset train indices
[NeMo I 2026-07-24 10:30:39 utils:532] 	Load the document index from 48126aba6e25e2d5c459563e06496373-GPTDataset-train-document_index.npy
[NeMo I 2026-07-24 10:30:39 utils:532] 	Load the sample index from 48126aba6e25e2d5c459563e06496373-GPTDataset-train-sample_index.npy
[NeMo I 2026-07-24 10:30:39 utils:532] 	Load the shuffle index from 48126aba6e25e2d5c459563e06496373-GPTDataset-train-shuffle_index.npy
[NeMo I 2026-07-24 10:30:39 utils:532] > total number of samples: 151385
[NeMo I 2026-07-24 10:30:39 utils:532] Load the _IndexReader from /lustre/work/pdl17996/udl62d273/tokens_phase2/nemotron-posttraining-it_it_text_document.idx
[NeMo I 2026-07-24 10:30:39 utils:532] 	Extract the sequence lengths
[NeMo I 2026-07-24 10:30:39 utils:532] 	Extract the sequence pointers
[NeMo I 2026-07-24 10:30:39 utils:532] 	Extract the document indices
[NeMo I 2026-07-24 10:30:39 utils:532] > total number of sequences: 1016503
[NeMo I 2026-07-24 10:30:39 utils:532] > total number of documents: 1016503
[NeMo I 2026-07-24 10:30:39 utils:532] Load the GPTDataset train indices
[NeMo I 2026-07-24 10:30:39 utils:532] 	Load the document index from 58e2b65f06678f94f56ccbdf080aec0d-GPTDataset-train-document_index.npy
[NeMo I 2026-07-24 10:30:39 utils:532] 	Load the sample index from 58e2b65f06678f94f56ccbdf080aec0d-GPTDataset-train-sample_index.npy
[NeMo I 2026-07-24 10:30:39 utils:532] 	Load the shuffle index from 58e2b65f06678f94f56ccbdf080aec0d-GPTDataset-train-shuffle_index.npy
[NeMo I 2026-07-24 10:30:39 utils:532] > total number of samples: 153829
[NeMo I 2026-07-24 10:30:39 utils:532] Load the _IndexReader from /lustre/work/pdl17996/udl62d273/tokens_phase2/opendata_fr_text_document.idx
[NeMo I 2026-07-24 10:30:39 utils:532] 	Extract the sequence lengths
[NeMo I 2026-07-24 10:30:39 utils:532] 	Extract the sequence pointers
[NeMo I 2026-07-24 10:30:39 utils:532] 	Extract the document indices
[NeMo I 2026-07-24 10:30:39 utils:532] > total number of sequences: 8078669
[NeMo I 2026-07-24 10:30:39 utils:532] > total number of documents: 8078669
[NeMo I 2026-07-24 10:30:39 utils:532] Load the GPTDataset train indices
[NeMo I 2026-07-24 10:30:39 utils:532] 	Load the document index from e5f943df8540eee10e9dce8934b12baf-GPTDataset-train-document_index.npy
[NeMo I 2026-07-24 10:30:39 utils:532] 	Load the sample index from e5f943df8540eee10e9dce8934b12baf-GPTDataset-train-sample_index.npy
[NeMo I 2026-07-24 10:30:39 utils:532] 	Load the shuffle index from e5f943df8540eee10e9dce8934b12baf-GPTDataset-train-shuffle_index.npy
[NeMo I 2026-07-24 10:30:39 utils:532] > total number of samples: 1374704
[NeMo I 2026-07-24 10:30:39 utils:532] Load the _IndexReader from /lustre/work/pdl17996/udl62d273/tokens_phase2/parlement_fr_text_document.idx
[NeMo I 2026-07-24 10:30:39 utils:532] 	Extract the sequence lengths
[NeMo I 2026-07-24 10:30:39 utils:532] 	Extract the sequence pointers
[NeMo I 2026-07-24 10:30:39 utils:532] 	Extract the document indices
[NeMo I 2026-07-24 10:30:39 utils:532] > total number of sequences: 2803517
[NeMo I 2026-07-24 10:30:39 utils:532] > total number of documents: 2803517
[NeMo I 2026-07-24 10:30:39 utils:532] Load the GPTDataset train indices
[NeMo I 2026-07-24 10:30:39 utils:532] 	Load the document index from 7777abbb9d41d96014cdd2d09cd9859e-GPTDataset-train-document_index.npy
[NeMo I 2026-07-24 10:30:39 utils:532] 	Load the sample index from 7777abbb9d41d96014cdd2d09cd9859e-GPTDataset-train-sample_index.npy
[NeMo I 2026-07-24 10:30:39 utils:532] 	Load the shuffle index from 7777abbb9d41d96014cdd2d09cd9859e-GPTDataset-train-shuffle_index.npy
[NeMo I 2026-07-24 10:30:39 utils:532] > total number of samples: 141413
[NeMo I 2026-07-24 10:30:39 utils:532] Load the _IndexReader from /lustre/work/pdl17996/udl62d273/tokens_phase2/stack-edu_code_text_document_ratio0.70_phase1.idx
[NeMo I 2026-07-24 10:30:39 utils:532] 	Extract the sequence lengths
[NeMo I 2026-07-24 10:30:39 utils:532] 	Extract the sequence pointers
[NeMo I 2026-07-24 10:30:39 utils:532] 	Extract the document indices
[NeMo I 2026-07-24 10:30:39 utils:532] > total number of sequences: 116947453
[NeMo I 2026-07-24 10:30:39 utils:532] > total number of documents: 116947453
[NeMo I 2026-07-24 10:30:39 utils:532] Load the GPTDataset train indices
[NeMo I 2026-07-24 10:30:39 utils:532] 	Load the document index from f533e2aa1e6110756496fe2da8cb800a-GPTDataset-train-document_index.npy
[NeMo I 2026-07-24 10:30:40 utils:532] 	Load the sample index from f533e2aa1e6110756496fe2da8cb800a-GPTDataset-train-sample_index.npy
[NeMo I 2026-07-24 10:30:40 utils:532] 	Load the shuffle index from f533e2aa1e6110756496fe2da8cb800a-GPTDataset-train-shuffle_index.npy
[NeMo I 2026-07-24 10:30:40 utils:532] > total number of samples: 29265497
[NeMo I 2026-07-24 10:30:40 utils:532] Load the _IndexReader from /lustre/work/pdl17996/udl62d273/tokens_phase2/starcoder_olmomix_code_text_document.idx
[NeMo I 2026-07-24 10:30:40 utils:532] 	Extract the sequence lengths
[NeMo I 2026-07-24 10:30:40 utils:532] 	Extract the sequence pointers
[NeMo I 2026-07-24 10:30:40 utils:532] 	Extract the document indices
[NeMo I 2026-07-24 10:30:40 utils:532] > total number of sequences: 78686430
[NeMo I 2026-07-24 10:30:40 utils:532] > total number of documents: 78686430
[NeMo I 2026-07-24 10:30:40 utils:532] Load the GPTDataset train indices
[NeMo I 2026-07-24 10:30:40 utils:532] 	Load the document index from a9067d6a548f5af585e157c02574b95c-GPTDataset-train-document_index.npy
[NeMo I 2026-07-24 10:30:40 utils:532] 	Load the sample index from a9067d6a548f5af585e157c02574b95c-GPTDataset-train-sample_index.npy
[NeMo I 2026-07-24 10:30:40 utils:532] 	Load the shuffle index from a9067d6a548f5af585e157c02574b95c-GPTDataset-train-shuffle_index.npy
[NeMo I 2026-07-24 10:30:40 utils:532] > total number of samples: 23663711
[NeMo I 2026-07-24 10:30:40 utils:532] Load the _IndexReader from /lustre/work/pdl17996/udl62d273/tokens_phase2/synthetic-fineweb_extract-knowledge-hard_fr_text_document.idx
[NeMo I 2026-07-24 10:30:40 utils:532] 	Extract the sequence lengths
[NeMo I 2026-07-24 10:30:40 utils:532] 	Extract the sequence pointers
[NeMo I 2026-07-24 10:30:40 utils:532] 	Extract the document indices
[NeMo I 2026-07-24 10:30:40 utils:532] > total number of sequences: 6284089
[NeMo I 2026-07-24 10:30:40 utils:532] > total number of documents: 6284089
[NeMo I 2026-07-24 10:30:40 utils:532] Load the GPTDataset train indices
[NeMo I 2026-07-24 10:30:40 utils:532] 	Load the document index from 891bc7a2fc22facced3261a7b9e1556a-GPTDataset-train-document_index.npy
[NeMo I 2026-07-24 10:30:40 utils:532] 	Load the sample index from 891bc7a2fc22facced3261a7b9e1556a-GPTDataset-train-sample_index.npy
[NeMo I 2026-07-24 10:30:40 utils:532] 	Load the shuffle index from 891bc7a2fc22facced3261a7b9e1556a-GPTDataset-train-shuffle_index.npy
[NeMo I 2026-07-24 10:30:40 utils:532] > total number of samples: 689017
[NeMo I 2026-07-24 10:30:40 utils:532] Load the _IndexReader from /lustre/work/pdl17996/udl62d273/tokens_phase2/synthetic-fineweb_extract-knowledge-medium_fr_text_document.idx
[NeMo I 2026-07-24 10:30:40 utils:532] 	Extract the sequence lengths
[NeMo I 2026-07-24 10:30:40 utils:532] 	Extract the sequence pointers
[NeMo I 2026-07-24 10:30:40 utils:532] 	Extract the document indices
[NeMo I 2026-07-24 10:30:40 utils:532] > total number of sequences: 12557529
[NeMo I 2026-07-24 10:30:40 utils:532] > total number of documents: 12557529
[NeMo I 2026-07-24 10:30:40 utils:532] Load the GPTDataset train indices
[NeMo I 2026-07-24 10:30:40 utils:532] 	Load the document index from 3b8726e017d730de537b690aeefe13d3-GPTDataset-train-document_index.npy
[NeMo I 2026-07-24 10:30:40 utils:532] 	Load the sample index from 3b8726e017d730de537b690aeefe13d3-GPTDataset-train-sample_index.npy
[NeMo I 2026-07-24 10:30:40 utils:532] 	Load the shuffle index from 3b8726e017d730de537b690aeefe13d3-GPTDataset-train-shuffle_index.npy
[NeMo I 2026-07-24 10:30:40 utils:532] > total number of samples: 1565311
[NeMo I 2026-07-24 10:30:40 utils:532] Load the _IndexReader from /lustre/work/pdl17996/udl62d273/tokens_phase2/wikimedia-vikidia_ar_text_document.idx
[NeMo I 2026-07-24 10:30:40 utils:532] 	Extract the sequence lengths
[NeMo I 2026-07-24 10:30:40 utils:532] 	Extract the sequence pointers
[NeMo I 2026-07-24 10:30:40 utils:532] 	Extract the document indices
[NeMo I 2026-07-24 10:30:40 utils:532] > total number of sequences: 1460875
[NeMo I 2026-07-24 10:30:40 utils:532] > total number of documents: 1460875
[NeMo I 2026-07-24 10:30:40 utils:532] Load the GPTDataset train indices
[NeMo I 2026-07-24 10:30:40 utils:532] 	Load the document index from d35ee061d601fa1aaed43191c621e1b7-GPTDataset-train-document_index.npy
[NeMo I 2026-07-24 10:30:40 utils:532] 	Load the sample index from d35ee061d601fa1aaed43191c621e1b7-GPTDataset-train-sample_index.npy
[NeMo I 2026-07-24 10:30:40 utils:532] 	Load the shuffle index from d35ee061d601fa1aaed43191c621e1b7-GPTDataset-train-shuffle_index.npy
[NeMo I 2026-07-24 10:30:40 utils:532] > total number of samples: 265451
[NeMo I 2026-07-24 10:30:40 utils:532] Load the _IndexReader from /lustre/work/pdl17996/udl62d273/tokens_phase2/wikimedia-vikidia_ca_text_document_ratio0.20_phase1.idx
[NeMo I 2026-07-24 10:30:40 utils:532] 	Extract the sequence lengths
[NeMo I 2026-07-24 10:30:40 utils:532] 	Extract the sequence pointers
[NeMo I 2026-07-24 10:30:40 utils:532] 	Extract the document indices
[NeMo I 2026-07-24 10:30:40 utils:532] > total number of sequences: 288155
[NeMo I 2026-07-24 10:30:40 utils:532] > total number of documents: 288155
[NeMo I 2026-07-24 10:30:40 utils:532] Load the GPTDataset train indices
[NeMo I 2026-07-24 10:30:40 utils:532] 	Load the document index from 46de458c636531f1c5fbddeae33fe71a-GPTDataset-train-document_index.npy
[NeMo I 2026-07-24 10:30:40 utils:532] 	Load the sample index from 46de458c636531f1c5fbddeae33fe71a-GPTDataset-train-sample_index.npy
[NeMo I 2026-07-24 10:30:40 utils:532] 	Load the shuffle index from 46de458c636531f1c5fbddeae33fe71a-GPTDataset-train-shuffle_index.npy
[NeMo I 2026-07-24 10:30:40 utils:532] > total number of samples: 57985
[NeMo I 2026-07-24 10:30:40 utils:532] Load the _IndexReader from /lustre/work/pdl17996/udl62d273/tokens_phase2/wikimedia-vikidia_de_text_document.idx
[NeMo I 2026-07-24 10:30:40 utils:532] 	Extract the sequence lengths
[NeMo I 2026-07-24 10:30:40 utils:532] 	Extract the sequence pointers
[NeMo I 2026-07-24 10:30:40 utils:532] 	Extract the document indices
[NeMo I 2026-07-24 10:30:40 utils:532] > total number of sequences: 4561076
[NeMo I 2026-07-24 10:30:40 utils:532] > total number of documents: 4561076
[NeMo I 2026-07-24 10:30:40 utils:532] Load the GPTDataset train indices
[NeMo I 2026-07-24 10:30:40 utils:532] 	Load the document index from 684407aa28c513adb82757e8bb99c911-GPTDataset-train-document_index.npy
[NeMo I 2026-07-24 10:30:40 utils:532] 	Load the sample index from 684407aa28c513adb82757e8bb99c911-GPTDataset-train-sample_index.npy
[NeMo I 2026-07-24 10:30:40 utils:532] 	Load the shuffle index from 684407aa28c513adb82757e8bb99c911-GPTDataset-train-shuffle_index.npy
[NeMo I 2026-07-24 10:30:40 utils:532] > total number of samples: 1098595
[NeMo I 2026-07-24 10:30:40 utils:532] Load the _IndexReader from /lustre/work/pdl17996/udl62d273/tokens_phase2/wikimedia-vikidia_en_text_document.idx
[NeMo I 2026-07-24 10:30:40 utils:532] 	Extract the sequence lengths
[NeMo I 2026-07-24 10:30:40 utils:532] 	Extract the sequence pointers
[NeMo I 2026-07-24 10:30:40 utils:532] 	Extract the document indices
[NeMo I 2026-07-24 10:30:40 utils:532] > total number of sequences: 16464277
[NeMo I 2026-07-24 10:30:40 utils:532] > total number of documents: 16464277
[NeMo I 2026-07-24 10:30:40 utils:532] Load the GPTDataset train indices
[NeMo I 2026-07-24 10:30:40 utils:532] 	Load the document index from bc2a0c1627dc349265acfd8ecf50fbce-GPTDataset-train-document_index.npy
[NeMo I 2026-07-24 10:30:40 utils:532] 	Load the sample index from bc2a0c1627dc349265acfd8ecf50fbce-GPTDataset-train-sample_index.npy
[NeMo I 2026-07-24 10:30:40 utils:532] 	Load the shuffle index from bc2a0c1627dc349265acfd8ecf50fbce-GPTDataset-train-shuffle_index.npy
[NeMo I 2026-07-24 10:30:40 utils:532] > total number of samples: 2882825
[NeMo I 2026-07-24 10:30:40 utils:532] Load the _IndexReader from /lustre/work/pdl17996/udl62d273/tokens_phase2/wikimedia-vikidia_es_text_document.idx
[NeMo I 2026-07-24 10:30:40 utils:532] 	Extract the sequence lengths
[NeMo I 2026-07-24 10:30:40 utils:532] 	Extract the sequence pointers
[NeMo I 2026-07-24 10:30:40 utils:532] 	Extract the document indices
[NeMo I 2026-07-24 10:30:40 utils:532] > total number of sequences: 3065035
[NeMo I 2026-07-24 10:30:40 utils:532] > total number of documents: 3065035
[NeMo I 2026-07-24 10:30:40 utils:532] Load the GPTDataset train indices
[NeMo I 2026-07-24 10:30:40 utils:532] 	Load the document index from 7e9205e6d04fe2334d7bfc9a1fbe2603-GPTDataset-train-document_index.npy
[NeMo I 2026-07-24 10:30:40 utils:532] 	Load the sample index from 7e9205e6d04fe2334d7bfc9a1fbe2603-GPTDataset-train-sample_index.npy
[NeMo I 2026-07-24 10:30:40 utils:532] 	Load the shuffle index from 7e9205e6d04fe2334d7bfc9a1fbe2603-GPTDataset-train-shuffle_index.npy
[NeMo I 2026-07-24 10:30:40 utils:532] > total number of samples: 631843
[NeMo I 2026-07-24 10:30:40 utils:532] Load the _IndexReader from /lustre/work/pdl17996/udl62d273/tokens_phase2/wikimedia-vikidia_fr_text_document.idx
[NeMo I 2026-07-24 10:30:40 utils:532] 	Extract the sequence lengths
[NeMo I 2026-07-24 10:30:40 utils:532] 	Extract the sequence pointers
[NeMo I 2026-07-24 10:30:40 utils:532] 	Extract the document indices
[NeMo I 2026-07-24 10:30:40 utils:532] > total number of sequences: 9702359
[NeMo I 2026-07-24 10:30:40 utils:532] > total number of documents: 9702359
[NeMo I 2026-07-24 10:30:40 utils:532] Load the GPTDataset train indices
[NeMo I 2026-07-24 10:30:40 utils:532] 	Load the document index from 2bdc87876150171a9172ad26b194d07a-GPTDataset-train-document_index.npy
[NeMo I 2026-07-24 10:30:40 utils:532] 	Load the sample index from 2bdc87876150171a9172ad26b194d07a-GPTDataset-train-sample_index.npy
[NeMo I 2026-07-24 10:30:40 utils:532] 	Load the shuffle index from 2bdc87876150171a9172ad26b194d07a-GPTDataset-train-shuffle_index.npy
[NeMo I 2026-07-24 10:30:40 utils:532] > total number of samples: 1276052
[NeMo I 2026-07-24 10:30:40 utils:532] Load the _IndexReader from /lustre/work/pdl17996/udl62d273/tokens_phase2/wikimedia-vikidia_it_text_document.idx
[NeMo I 2026-07-24 10:30:40 utils:532] 	Extract the sequence lengths
[NeMo I 2026-07-24 10:30:40 utils:532] 	Extract the sequence pointers
[NeMo I 2026-07-24 10:30:40 utils:532] 	Extract the document indices
[NeMo I 2026-07-24 10:30:40 utils:532] > total number of sequences: 2760467
[NeMo I 2026-07-24 10:30:40 utils:532] > total number of documents: 2760467
[NeMo I 2026-07-24 10:30:40 utils:532] Load the GPTDataset train indices
[NeMo I 2026-07-24 10:30:40 utils:532] 	Load the document index from b44a3461e2dd5e835f95a25e01f01706-GPTDataset-train-document_index.npy
[NeMo I 2026-07-24 10:30:40 utils:532] 	Load the sample index from b44a3461e2dd5e835f95a25e01f01706-GPTDataset-train-sample_index.npy
[NeMo I 2026-07-24 10:30:40 utils:532] 	Load the shuffle index from b44a3461e2dd5e835f95a25e01f01706-GPTDataset-train-shuffle_index.npy
[NeMo I 2026-07-24 10:30:40 utils:532] > total number of samples: 654077
[NeMo I 2026-07-24 10:30:40 utils:532] Load the _IndexReader from /lustre/work/pdl17996/udl62d273/tokens_phase2/wikimedia-vikidia_pt_text_document.idx
[NeMo I 2026-07-24 10:30:40 utils:532] 	Extract the sequence lengths
[NeMo I 2026-07-24 10:30:40 utils:532] 	Extract the sequence pointers
[NeMo I 2026-07-24 10:30:40 utils:532] 	Extract the document indices
[NeMo I 2026-07-24 10:30:40 utils:532] > total number of sequences: 1764890
[NeMo I 2026-07-24 10:30:40 utils:532] > total number of documents: 1764890
[NeMo I 2026-07-24 10:30:40 utils:532] Load the GPTDataset train indices
[NeMo I 2026-07-24 10:30:40 utils:532] 	Load the document index from 5465770d7cd37ad5464d11a5683a76e4-GPTDataset-train-document_index.npy
[NeMo I 2026-07-24 10:30:40 utils:532] 	Load the sample index from 5465770d7cd37ad5464d11a5683a76e4-GPTDataset-train-sample_index.npy
[NeMo I 2026-07-24 10:30:40 utils:532] 	Load the shuffle index from 5465770d7cd37ad5464d11a5683a76e4-GPTDataset-train-shuffle_index.npy
[NeMo I 2026-07-24 10:30:40 utils:532] > total number of samples: 304392
[NeMo I 2026-07-24 10:30:40 utils:532] Load the _IndexReader from /lustre/work/pdl17996/udl62d273/tokens_phase2/wikimedia-vikidia_regional_text_document.idx
[NeMo I 2026-07-24 10:30:40 utils:532] 	Extract the sequence lengths
[NeMo I 2026-07-24 10:30:40 utils:532] 	Extract the sequence pointers
[NeMo I 2026-07-24 10:30:40 utils:532] 	Extract the document indices
[NeMo I 2026-07-24 10:30:40 utils:532] > total number of sequences: 851598
[NeMo I 2026-07-24 10:30:40 utils:532] > total number of documents: 851598
[NeMo I 2026-07-24 10:30:40 utils:532] Load the GPTDataset train indices
[NeMo I 2026-07-24 10:30:40 utils:532] 	Load the document index from 71c6a21fd31d6275223b41a6efbbe85b-GPTDataset-train-document_index.npy
[NeMo I 2026-07-24 10:30:40 utils:532] 	Load the sample index from 71c6a21fd31d6275223b41a6efbbe85b-GPTDataset-train-sample_index.npy
[NeMo I 2026-07-24 10:30:40 utils:532] 	Load the shuffle index from 71c6a21fd31d6275223b41a6efbbe85b-GPTDataset-train-shuffle_index.npy
[NeMo I 2026-07-24 10:30:40 utils:532] > total number of samples: 119234
[NeMo I 2026-07-24 10:30:40 utils:532] Load the _IndexReader from /lustre/work/pdl17996/udl62d273/tokens_phase2/wikimedia_nl_text_document.idx
[NeMo I 2026-07-24 10:30:40 utils:532] 	Extract the sequence lengths
[NeMo I 2026-07-24 10:30:40 utils:532] 	Extract the sequence pointers
[NeMo I 2026-07-24 10:30:40 utils:532] 	Extract the document indices
[NeMo I 2026-07-24 10:30:40 utils:532] > total number of sequences: 3157316
[NeMo I 2026-07-24 10:30:40 utils:532] > total number of documents: 3157316
[NeMo I 2026-07-24 10:30:40 utils:532] Load the GPTDataset train indices
[NeMo I 2026-07-24 10:30:40 utils:532] 	Load the document index from f2fb844e57ad27bf049ffe8f130fc421-GPTDataset-train-document_index.npy
[NeMo I 2026-07-24 10:30:40 utils:532] 	Load the sample index from f2fb844e57ad27bf049ffe8f130fc421-GPTDataset-train-sample_index.npy
[NeMo I 2026-07-24 10:30:40 utils:532] 	Load the shuffle index from f2fb844e57ad27bf049ffe8f130fc421-GPTDataset-train-shuffle_index.npy
[NeMo I 2026-07-24 10:30:40 utils:532] > total number of samples: 345319
[NeMo I 2026-07-24 10:30:40 utils:532] Load the BlendedDataset indices
[NeMo I 2026-07-24 10:30:40 utils:532] 	Load the dataset index from /lustre/work/pdl17996/udl62d273/phase2_output_blackwell/outputs/index_mapping/b595abd225db087723926e3d82ef5887-BlendedDataset-train-dataset_index.npy
[NeMo I 2026-07-24 10:30:40 utils:532] 	Load the dataset sample index from /lustre/work/pdl17996/udl62d273/phase2_output_blackwell/outputs/index_mapping/b595abd225db087723926e3d82ef5887-BlendedDataset-train-dataset_sample_index.npy
[NeMo I 2026-07-24 10:30:41 utils:532] NumPy indices for BlendedDataset train split are fully cached, skipping verification
[NeMo I 2026-07-24 10:30:41 nemo_logging:393] Use preset vocab_size: 128000, original vocab_size: 128000, dummy tokens: 0.
INFO: LOCAL_RANK: 3 - CUDA_VISIBLE_DEVICES: [0,1,2,3]
INFO:lightning.pytorch.accelerators.cuda:LOCAL_RANK: 3 - CUDA_VISIBLE_DEVICES: [0,1,2,3]
INFO: LOCAL_RANK: 2 - CUDA_VISIBLE_DEVICES: [0,1,2,3]
INFO: LOCAL_RANK: 0 - CUDA_VISIBLE_DEVICES: [0,1,2,3]
INFO: LOCAL_RANK: 1 - CUDA_VISIBLE_DEVICES: [0,1,2,3]
INFO:lightning.pytorch.accelerators.cuda:LOCAL_RANK: 2 - CUDA_VISIBLE_DEVICES: [0,1,2,3]
INFO:lightning.pytorch.accelerators.cuda:LOCAL_RANK: 1 - CUDA_VISIBLE_DEVICES: [0,1,2,3]
INFO:lightning.pytorch.accelerators.cuda:LOCAL_RANK: 0 - CUDA_VISIBLE_DEVICES: [0,1,2,3]
INFO: LOCAL_RANK: 2 - CUDA_VISIBLE_DEVICES: [0,1,2,3]
INFO:lightning.pytorch.accelerators.cuda:LOCAL_RANK: 2 - CUDA_VISIBLE_DEVICES: [0,1,2,3]
INFO: LOCAL_RANK: 3 - CUDA_VISIBLE_DEVICES: [0,1,2,3]
INFO:lightning.pytorch.accelerators.cuda:LOCAL_RANK: 3 - CUDA_VISIBLE_DEVICES: [0,1,2,3]
INFO: LOCAL_RANK: 0 - CUDA_VISIBLE_DEVICES: [0,1,2,3]
INFO: LOCAL_RANK: 1 - CUDA_VISIBLE_DEVICES: [0,1,2,3]
INFO:lightning.pytorch.accelerators.cuda:LOCAL_RANK: 1 - CUDA_VISIBLE_DEVICES: [0,1,2,3]
INFO:lightning.pytorch.accelerators.cuda:LOCAL_RANK: 0 - CUDA_VISIBLE_DEVICES: [0,1,2,3]
INFO: LOCAL_RANK: 3 - CUDA_VISIBLE_DEVICES: [0,1,2,3]
INFO:lightning.pytorch.accelerators.cuda:LOCAL_RANK: 3 - CUDA_VISIBLE_DEVICES: [0,1,2,3]
INFO: LOCAL_RANK: 0 - CUDA_VISIBLE_DEVICES: [0,1,2,3]
INFO: LOCAL_RANK: 1 - CUDA_VISIBLE_DEVICES: [0,1,2,3]
INFO:lightning.pytorch.accelerators.cuda:LOCAL_RANK: 0 - CUDA_VISIBLE_DEVICES: [0,1,2,3]
INFO:lightning.pytorch.accelerators.cuda:LOCAL_RANK: 1 - CUDA_VISIBLE_DEVICES: [0,1,2,3]
INFO: LOCAL_RANK: 2 - CUDA_VISIBLE_DEVICES: [0,1,2,3]
INFO:lightning.pytorch.accelerators.cuda:LOCAL_RANK: 2 - CUDA_VISIBLE_DEVICES: [0,1,2,3]
[NeMo I 2026-07-24 10:30:42 nemo_logging:393] Copying Trainer's 'max_steps' (40) to LR scheduler's 'max_steps'.
[NeMo I 2026-07-24 10:30:42 num_microbatches_calculator:228] setting number of microbatches to constant 8
[NeMo I 2026-07-24 10:30:42 nemo_logging:393]  > number of parameters on (tensor, pipeline) model parallel rank (0 ,0): 1319309336
INFO: LOCAL_RANK: 2 - CUDA_VISIBLE_DEVICES: [0,1,2,3]
INFO: LOCAL_RANK: 3 - CUDA_VISIBLE_DEVICES: [0,1,2,3]
INFO:lightning.pytorch.accelerators.cuda:LOCAL_RANK: 2 - CUDA_VISIBLE_DEVICES: [0,1,2,3]
INFO:lightning.pytorch.accelerators.cuda:LOCAL_RANK: 3 - CUDA_VISIBLE_DEVICES: [0,1,2,3]
INFO: LOCAL_RANK: 0 - CUDA_VISIBLE_DEVICES: [0,1,2,3]
INFO:lightning.pytorch.accelerators.cuda:LOCAL_RANK: 0 - CUDA_VISIBLE_DEVICES: [0,1,2,3]
INFO: LOCAL_RANK: 1 - CUDA_VISIBLE_DEVICES: [0,1,2,3]
INFO:lightning.pytorch.accelerators.cuda:LOCAL_RANK: 1 - CUDA_VISIBLE_DEVICES: [0,1,2,3]
[NeMo I 2026-07-24 10:30:42 utils:532] Setting up DistributedDataParallel with config DistributedDataParallelConfig(grad_reduce_in_fp32=True, overlap_grad_reduce=True, overlap_param_gather=True, align_param_gather=False, use_distributed_optimizer=True, num_distributed_optimizer_instances=1, check_for_nan_in_grad=True, check_for_large_grads=False, bucket_size=40000000, pad_buckets_for_high_nccl_busbw=False, average_in_collective=True, fp8_param_gather=False, use_custom_fsdp=False, data_parallel_sharding_strategy='no_shard', gradient_reduce_div_fusion=True, suggested_communication_unit_size=None, preserve_fp32_weights=True, keep_fp8_transpose_cache_when_using_custom_fsdp=False)
[NeMo I 2026-07-24 10:30:42 utils:553] Number of buckets for gradient all-reduce / reduce-scatter: 25
    Params for bucket 1 (44048384 elements, 44048384 padded size):
    	module.decoder.layers.23.mlp.linear_fc2.weight
    	module.decoder.final_layernorm.weight
    	module.decoder.layers.23.pre_mlp_layernorm.bias
    	module.decoder.layers.23.self_attention.linear_proj.weight
    	module.decoder.final_layernorm.bias
    	module.decoder.layers.23.mlp.linear_fc1.weight
    	module.decoder.layers.23.pre_mlp_layernorm.weight
    	module.decoder.layers.23.self_attention.linear_qkv.weight
    Params for bucket 2 (44048385 elements, 44048512 padded size):
    	module.decoder.layers.22.mlp.linear_fc2.weight
    	module.decoder.layers.23.input_layernorm.weight
    	module.decoder.layers.22.pre_mlp_layernorm.bias
    	module.decoder.layers.22.pre_mlp_layernorm.weight
    	module.decoder.layers.22.self_attention.linear_qkv.weight
    	module.decoder.layers.23.self_attention.core_attention.ssa_n_raw
    	module.decoder.layers.22.mlp.linear_fc1.weight
    	module.decoder.layers.23.input_layernorm.bias
    	module.decoder.layers.22.self_attention.linear_proj.weight
    Params for bucket 3 (44048385 elements, 44048512 padded size):
    	module.decoder.layers.21.mlp.linear_fc1.weight
    	module.decoder.layers.22.input_layernorm.weight
    	module.decoder.layers.22.input_layernorm.bias
    	module.decoder.layers.21.pre_mlp_layernorm.weight
    	module.decoder.layers.21.self_attention.linear_qkv.weight
    	module.decoder.layers.22.self_attention.core_attention.ssa_n_raw
    	module.decoder.layers.21.mlp.linear_fc2.weight
    	module.decoder.layers.21.pre_mlp_layernorm.bias
    	module.decoder.layers.21.self_attention.linear_proj.weight
    Params for bucket 4 (44048385 elements, 44048512 padded size):
    	module.decoder.layers.21.self_attention.core_attention.ssa_n_raw
    	module.decoder.layers.21.input_layernorm.bias
    	module.decoder.layers.20.mlp.linear_fc1.weight
    	module.decoder.layers.20.mlp.linear_fc2.weight
    	module.decoder.layers.20.self_attention.linear_proj.weight
    	module.decoder.layers.21.input_layernorm.weight
    	module.decoder.layers.20.pre_mlp_layernorm.bias
    	module.decoder.layers.20.pre_mlp_layernorm.weight
    	module.decoder.layers.20.self_attention.linear_qkv.weight
    Params for bucket 5 (44048385 elements, 44048512 padded size):
    	module.decoder.layers.20.self_attention.core_attention.ssa_n_raw
    	module.decoder.layers.20.input_layernorm.weight
    	module.decoder.layers.19.mlp.linear_fc2.weight
    	module.decoder.layers.19.self_attention.linear_qkv.weight
    	module.decoder.layers.19.self_attention.linear_proj.weight
    	module.decoder.layers.19.mlp.linear_fc1.weight
    	module.decoder.layers.20.input_layernorm.bias
    	module.decoder.layers.19.pre_mlp_layernorm.bias
    	module.decoder.layers.19.pre_mlp_layernorm.weight
    Params for bucket 6 (44048385 elements, 44048512 padded size):
    	module.decoder.layers.18.mlp.linear_fc1.weight
    	module.decoder.layers.18.mlp.linear_fc2.weight
    	module.decoder.layers.19.input_layernorm.weight
    	module.decoder.layers.18.pre_mlp_layernorm.bias
    	module.decoder.layers.18.self_attention.linear_proj.weight
    	module.decoder.layers.19.self_attention.core_attention.ssa_n_raw
    	module.decoder.layers.19.input_layernorm.bias
    	module.decoder.layers.18.pre_mlp_layernorm.weight
    	module.decoder.layers.18.self_attention.linear_qkv.weight
    Params for bucket 7 (44048385 elements, 44048512 padded size):
    	module.decoder.layers.17.mlp.linear_fc1.weight
    	module.decoder.layers.18.input_layernorm.weight
    	module.decoder.layers.18.input_layernorm.bias
    	module.decoder.layers.17.pre_mlp_layernorm.bias
    	module.decoder.layers.17.pre_mlp_layernorm.weight
    	module.decoder.layers.17.self_attention.linear_qkv.weight
    	module.decoder.layers.18.self_attention.core_attention.ssa_n_raw
    	module.decoder.layers.17.mlp.linear_fc2.weight
    	module.decoder.layers.17.self_attention.linear_proj.weight
    Params for bucket 8 (44048385 elements, 44048512 padded size):
    	module.decoder.layers.17.input_layernorm.bias
    	module.decoder.layers.16.mlp.linear_fc1.weight
    	module.decoder.layers.16.pre_mlp_layernorm.bias
    	module.decoder.layers.16.pre_mlp_layernorm.weight
    	module.decoder.layers.16.self_attention.linear_qkv.weight
    	module.decoder.layers.17.self_attention.core_attention.ssa_n_raw
    	module.decoder.layers.16.mlp.linear_fc2.weight
    	module.decoder.layers.17.input_layernorm.weight
    	module.decoder.layers.16.self_attention.linear_proj.weight
    Params for bucket 9 (44048385 elements, 44048512 padded size):
    	module.decoder.layers.16.self_attention.core_attention.ssa_n_raw
    	module.decoder.layers.16.input_layernorm.bias
    	module.decoder.layers.15.mlp.linear_fc1.weight
    	module.decoder.layers.15.pre_mlp_layernorm.weight
    	module.decoder.layers.15.self_attention.linear_proj.weight
    	module.decoder.layers.15.mlp.linear_fc2.weight
    	module.decoder.layers.16.input_layernorm.weight
    	module.decoder.layers.15.pre_mlp_layernorm.bias
    	module.decoder.layers.15.self_attention.linear_qkv.weight
    Params for bucket 10 (44048385 elements, 44048512 padded size):
    	module.decoder.layers.15.self_attention.core_attention.ssa_n_raw
    	module.decoder.layers.14.mlp.linear_fc1.weight
    	module.decoder.layers.15.input_layernorm.weight
    	module.decoder.layers.14.pre_mlp_layernorm.weight
    	module.decoder.layers.14.self_attention.linear_qkv.weight
    	module.decoder.layers.14.mlp.linear_fc2.weight
    	module.decoder.layers.15.input_layernorm.bias
    	module.decoder.layers.14.pre_mlp_layernorm.bias
    	module.decoder.layers.14.self_attention.linear_proj.weight
    Params for bucket 11 (44048385 elements, 44048512 padded size):
    	module.decoder.layers.14.self_attention.core_attention.ssa_n_raw
    	module.decoder.layers.13.mlp.linear_fc2.weight
    	module.decoder.layers.13.mlp.linear_fc1.weight
    	module.decoder.layers.14.input_layernorm.weight
    	module.decoder.layers.13.pre_mlp_layernorm.bias
    	module.decoder.layers.13.self_attention.linear_proj.weight
    	module.decoder.layers.14.input_layernorm.bias
    	module.decoder.layers.13.pre_mlp_layernorm.weight
    	module.decoder.layers.13.self_attention.linear_qkv.weight
    Params for bucket 12 (44048385 elements, 44048512 padded size):
    	module.decoder.layers.13.input_layernorm.weight
    	module.decoder.layers.12.mlp.linear_fc1.weight
    	module.decoder.layers.12.pre_mlp_layernorm.bias
    	module.decoder.layers.12.pre_mlp_layernorm.weight
    	module.decoder.layers.12.self_attention.linear_proj.weight
    	module.decoder.layers.13.self_attention.core_attention.ssa_n_raw
    	module.decoder.layers.13.input_layernorm.bias
    	module.decoder.layers.12.mlp.linear_fc2.weight
    	module.decoder.layers.12.self_attention.linear_qkv.weight
    Params for bucket 13 (44048385 elements, 44048512 padded size):
    	module.decoder.layers.12.input_layernorm.weight
    	module.decoder.layers.11.pre_mlp_layernorm.bias
    	module.decoder.layers.11.self_attention.linear_proj.weight
    	module.decoder.layers.12.self_attention.core_attention.ssa_n_raw
    	module.decoder.layers.11.mlp.linear_fc1.weight
    	module.decoder.layers.11.mlp.linear_fc2.weight
    	module.decoder.layers.12.input_layernorm.bias
    	module.decoder.layers.11.pre_mlp_layernorm.weight
    	module.decoder.layers.11.self_attention.linear_qkv.weight
    Params for bucket 14 (44048385 elements, 44048512 padded size):
    	module.decoder.layers.11.self_attention.core_attention.ssa_n_raw
    	module.decoder.layers.10.mlp.linear_fc1.weight
    	module.decoder.layers.11.input_layernorm.weight
    	module.decoder.layers.10.pre_mlp_layernorm.bias
    	module.decoder.layers.10.pre_mlp_layernorm.weight
    	module.decoder.layers.10.self_attention.linear_proj.weight
    	module.decoder.layers.10.mlp.linear_fc2.weight
    	module.decoder.layers.11.input_layernorm.bias
    	module.decoder.layers.10.self_attention.linear_qkv.weight
    Params for bucket 15 (44048385 elements, 44048512 padded size):
    	module.decoder.layers.9.mlp.linear_fc1.weight
    	module.decoder.layers.10.input_layernorm.weight
    	module.decoder.layers.9.pre_mlp_layernorm.bias
    	module.decoder.layers.9.pre_mlp_layernorm.weight
    	module.decoder.layers.9.self_attention.linear_qkv.weight
    	module.decoder.layers.10.self_attention.core_attention.ssa_n_raw
    	module.decoder.layers.9.mlp.linear_fc2.weight
    	module.decoder.layers.10.input_layernorm.bias
    	module.decoder.layers.9.self_attention.linear_proj.weight
    Params for bucket 16 (44048385 elements, 44048512 padded size):
    	module.decoder.layers.9.input_layernorm.bias
    	module.decoder.layers.8.mlp.linear_fc1.weight
    	module.decoder.layers.8.pre_mlp_layernorm.bias
    	module.decoder.layers.8.pre_mlp_layernorm.weight
    	module.decoder.layers.8.self_attention.linear_qkv.weight
    	module.decoder.layers.9.self_attention.core_attention.ssa_n_raw
    	module.decoder.layers.9.input_layernorm.weight
    	module.decoder.layers.8.mlp.linear_fc2.weight
    	module.decoder.layers.8.self_attention.linear_proj.weight
    Params for bucket 17 (44048385 elements, 44048512 padded size):
    	module.decoder.layers.8.self_attention.core_attention.ssa_n_raw
    	module.decoder.layers.8.input_layernorm.bias
    	module.decoder.layers.7.mlp.linear_fc2.weight
    	module.decoder.layers.7.pre_mlp_layernorm.weight
    	module.decoder.layers.7.self_attention.linear_qkv.weight
    	module.decoder.layers.8.input_layernorm.weight
    	module.decoder.layers.7.mlp.linear_fc1.weight
    	module.decoder.layers.7.pre_mlp_layernorm.bias
    	module.decoder.layers.7.self_attention.linear_proj.weight
    Params for bucket 18 (44048385 elements, 44048512 padded size):
    	module.decoder.layers.7.self_attention.core_attention.ssa_n_raw
    	module.decoder.layers.6.mlp.linear_fc2.weight
    	module.decoder.layers.7.input_layernorm.bias
    	module.decoder.layers.6.self_attention.linear_qkv.weight
    	module.decoder.layers.6.self_attention.linear_proj.weight
    	module.decoder.layers.6.mlp.linear_fc1.weight
    	module.decoder.layers.7.input_layernorm.weight
    	module.decoder.layers.6.pre_mlp_layernorm.bias
    	module.decoder.layers.6.pre_mlp_layernorm.weight
    Params for bucket 19 (44048385 elements, 44048512 padded size):
    	module.decoder.layers.6.self_attention.core_attention.ssa_n_raw
    	module.decoder.layers.6.input_layernorm.bias
    	module.decoder.layers.5.mlp.linear_fc2.weight
    	module.decoder.layers.6.input_layernorm.weight
    	module.decoder.layers.5.self_attention.linear_proj.weight
    	module.decoder.layers.5.mlp.linear_fc1.weight
    	module.decoder.layers.5.pre_mlp_layernorm.bias
    	module.decoder.layers.5.pre_mlp_layernorm.weight
    	module.decoder.layers.5.self_attention.linear_qkv.weight
    Params for bucket 20 (44048385 elements, 44048512 padded size):
    	module.decoder.layers.5.self_attention.core_attention.ssa_n_raw
    	module.decoder.layers.5.input_layernorm.bias
    	module.decoder.layers.5.input_layernorm.weight
    	module.decoder.layers.4.pre_mlp_layernorm.bias
    	module.decoder.layers.4.self_attention.linear_qkv.weight
    	module.decoder.layers.4.self_attention.linear_proj.weight
    	module.decoder.layers.4.mlp.linear_fc1.weight
    	module.decoder.layers.4.mlp.linear_fc2.weight
    	module.decoder.layers.4.pre_mlp_layernorm.weight
    Params for bucket 21 (44048385 elements, 44048512 padded size):
    	module.decoder.layers.3.mlp.linear_fc1.weight
    	module.decoder.layers.4.input_layernorm.weight
    	module.decoder.layers.3.pre_mlp_layernorm.bias
    	module.decoder.layers.3.pre_mlp_layernorm.weight
    	module.decoder.layers.3.self_attention.linear_qkv.weight
    	module.decoder.layers.4.self_attention.core_attention.ssa_n_raw
    	module.decoder.layers.3.mlp.linear_fc2.weight
    	module.decoder.layers.4.input_layernorm.bias
    	module.decoder.layers.3.self_attention.linear_proj.weight
    Params for bucket 22 (44048385 elements, 44048512 padded size):
    	module.decoder.layers.3.input_layernorm.bias
    	module.decoder.layers.2.mlp.linear_fc1.weight
    	module.decoder.layers.2.pre_mlp_layernorm.bias
    	module.decoder.layers.2.pre_mlp_layernorm.weight
    	module.decoder.layers.2.self_attention.linear_qkv.weight
    	module.decoder.layers.3.self_attention.core_attention.ssa_n_raw
    	module.decoder.layers.3.input_layernorm.weight
    	module.decoder.layers.2.mlp.linear_fc2.weight
    	module.decoder.layers.2.self_attention.linear_proj.weight
    Params for bucket 23 (44048385 elements, 44048512 padded size):
    	module.decoder.layers.2.self_attention.core_attention.ssa_n_raw
    	module.decoder.layers.2.input_layernorm.bias
    	module.decoder.layers.1.mlp.linear_fc2.weight
    	module.decoder.layers.1.pre_mlp_layernorm.weight
    	module.decoder.layers.1.self_attention.linear_qkv.weight
    	module.decoder.layers.2.input_layernorm.weight
    	module.decoder.layers.1.mlp.linear_fc1.weight
    	module.decoder.layers.1.pre_mlp_layernorm.bias
    	module.decoder.layers.1.self_attention.linear_proj.weight
    Params for bucket 24 (44048385 elements, 44048512 padded size):
    	module.decoder.layers.1.self_attention.core_attention.ssa_n_raw
    	module.decoder.layers.0.mlp.linear_fc2.weight
    	module.decoder.layers.1.input_layernorm.bias
    	module.decoder.layers.0.pre_mlp_layernorm.bias
    	module.decoder.layers.0.self_attention.linear_qkv.weight
    	module.decoder.layers.0.self_attention.linear_proj.weight
    	module.decoder.layers.1.input_layernorm.weight
    	module.decoder.layers.0.mlp.linear_fc1.weight
    	module.decoder.layers.0.pre_mlp_layernorm.weight
    Params for bucket 25 (262148097 elements, 262148224 padded size):
    	module.decoder.layers.0.self_attention.core_attention.ssa_n_raw
    	module.decoder.layers.0.input_layernorm.weight
    	module.embedding.word_embeddings.weight
    	module.decoder.layers.0.input_layernorm.bias
[NeMo I 2026-07-24 10:30:42 utils:532] Setting up optimizer with config OptimizerConfig(optimizer='adam', lr=0.0003, min_lr=None, decoupled_lr=None, decoupled_min_lr=None, weight_decay=0.1, fp16=False, bf16=True, params_dtype=torch.bfloat16, use_precision_aware_optimizer=False, main_grads_dtype=torch.float32, main_params_dtype=torch.float32, exp_avg_dtype=torch.float32, exp_avg_sq_dtype=torch.float32, loss_scale=None, initial_loss_scale=4294967296, min_loss_scale=1.0, loss_scale_window=1000, hysteresis=2, adam_beta1=0.9, adam_beta2=0.95, adam_eps=1e-05, sgd_momentum=0.9, use_distributed_optimizer=True, overlap_param_gather_with_optimizer_step=False, optimizer_cpu_offload=False, optimizer_offload_fraction=0.0, use_torch_optimizer_for_cpu_offload=False, overlap_cpu_optimizer_d2h_h2d=False, pin_cpu_grads=True, pin_cpu_params=True, clip_grad=1.0, log_num_zeros_in_grad=False, barrier_with_L1_time=False, timers=None, config_logger_dir='')
[NeMo I 2026-07-24 10:30:42 nemo_logging:393] Doing selective restore from RestoreConfig(path='/lustre/work/pdl17996/udl62d273/checkpoint_phase1/nemotron-1B-SSA-Triton-bs1024-step=0715787-last', adapter_path=None, load_model_state=True, load_optim_state=False, load_artifacts=True)
[NeMo I 2026-07-24 10:30:42 nemo_logging:393] Using <megatron.core.dist_checkpointing.strategies.fully_parallel.FullyParallelLoadStrategyWrapper object at 0xf9e8b87cda30> dist-ckpt load strategy.
[NeMo I 2026-07-24 10:30:44 nemo_logging:393] Global Checkpoint Load : Rank : 0 : Start time : 1784881842.554s : Time spent in load_checkpoint: 1.984s
[NeMo I 2026-07-24 10:30:44 nemo_logging:393] Restoring model weights from RestoreConfig(path='/lustre/work/pdl17996/udl62d273/checkpoint_phase1/nemotron-1B-SSA-Triton-bs1024-step=0715787-last', adapter_path=None, load_model_state=True, load_optim_state=False, load_artifacts=True)
[NeMo I 2026-07-24 10:30:44 nemo_logging:393] Finished restoring from RestoreConfig(path='/lustre/work/pdl17996/udl62d273/checkpoint_phase1/nemotron-1B-SSA-Triton-bs1024-step=0715787-last', adapter_path=None, load_model_state=True, load_optim_state=False, load_artifacts=True), cleaning up.
INFO: 
  | Name   | Type | Params | Mode 
----------------------------------------
0 | module | DDP  | 1.3 B  | train
----------------------------------------
1.3 B     Trainable params
0         Non-trainable params
1.3 B     Total params
5,277.237 Total estimated model params size (MB)
395       Modules in train mode
0         Modules in eval mode
INFO:lightning.pytorch.callbacks.model_summary:
  | Name   | Type | Params | Mode 
----------------------------------------
0 | module | DDP  | 1.3 B  | train
----------------------------------------
1.3 B     Trainable params
0         Non-trainable params
1.3 B     Total params
5,277.237 Total estimated model params size (MB)
395       Modules in train mode
0         Modules in eval mode
INFO:root:Instantiating MegatronPretrainingSampler with total_samples: 40995 and consumed_samples: 0
INFO:root:Instantiating MegatronPretrainingSampler with total_samples: 40995 and consumed_samples: 0
INFO:root:Instantiating MegatronPretrainingSampler with total_samples: 40995 and consumed_samples: 0
INFO:root:Instantiating MegatronPretrainingSampler with total_samples: 40995 and consumed_samples: 0
INFO:root:Instantiating MegatronPretrainingSampler with total_samples: 40995 and consumed_samples: 0
INFO:root:Instantiating MegatronPretrainingSampler with total_samples: 40995 and consumed_samples: 0
INFO:root:Instantiating MegatronPretrainingSampler with total_samples: 40995 and consumed_samples: 0
INFO:root:Instantiating MegatronPretrainingSampler with total_samples: 40995 and consumed_samples: 0
INFO:root:Instantiating MegatronPretrainingSampler with total_samples: 40995 and consumed_samples: 0
INFO:root:Instantiating MegatronPretrainingSampler with total_samples: 40995 and consumed_samples: 0
INFO:root:Instantiating MegatronPretrainingSampler with total_samples: 40995 and consumed_samples: 0
INFO:root:Instantiating MegatronPretrainingSampler with total_samples: 40995 and consumed_samples: 0
INFO:root:Instantiating MegatronPretrainingSampler with total_samples: 40995 and consumed_samples: 0
INFO:root:Instantiating MegatronPretrainingSampler with total_samples: 40995 and consumed_samples: 0
INFO:root:Instantiating MegatronPretrainingSampler with total_samples: 40995 and consumed_samples: 0
INFO:root:Instantiating MegatronPretrainingSampler with total_samples: 40995 and consumed_samples: 0
[NeMo W 2026-07-24 10:32:07 rerun_state_machine:1264] Implicit initialization of Rerun State Machine!
[NeMo W 2026-07-24 10:32:07 rerun_state_machine:239] RerunStateMachine initialized in mode RerunMode.DISABLED
Training epoch 0, iteration 0/39 | lr: 7.317e-06 | global_batch_size: 1024 | global_step: 0 | reduced_train_loss: 1.962
[NeMo I 2026-07-24 10:32:39 nemo_logging:393] Step 2 - SSA n values:
[NeMo I 2026-07-24 10:32:39 nemo_logging:393]   Layer 0: n = 3.671875
[NeMo I 2026-07-24 10:32:39 nemo_logging:393]   Layer 1: n = 1.695312
[NeMo I 2026-07-24 10:32:39 nemo_logging:393]   Layer 2: n = 2.671875
[NeMo I 2026-07-24 10:32:39 nemo_logging:393]   Layer 3: n = 3.187500
[NeMo I 2026-07-24 10:32:39 nemo_logging:393]   Layer 4: n = 3.343750
[NeMo I 2026-07-24 10:32:39 nemo_logging:393]   Layer 5: n = 3.453125
[NeMo I 2026-07-24 10:32:39 nemo_logging:393]   Layer 6: n = 4.031250
[NeMo I 2026-07-24 10:32:39 nemo_logging:393]   Layer 7: n = 4.156250
[NeMo I 2026-07-24 10:32:39 nemo_logging:393]   Layer 8: n = 4.031250
[NeMo I 2026-07-24 10:32:39 nemo_logging:393]   Layer 9: n = 3.593750
[NeMo I 2026-07-24 10:32:39 nemo_logging:393]   Layer 10: n = 4.000000
[NeMo I 2026-07-24 10:32:39 nemo_logging:393]   Layer 11: n = 4.218750
[NeMo I 2026-07-24 10:32:39 nemo_logging:393]   Layer 12: n = 4.031250
[NeMo I 2026-07-24 10:32:39 nemo_logging:393]   Layer 13: n = 4.093750
[NeMo I 2026-07-24 10:32:39 nemo_logging:393]   Layer 14: n = 3.953125
[NeMo I 2026-07-24 10:32:39 nemo_logging:393]   Layer 15: n = 4.125000
[NeMo I 2026-07-24 10:32:39 nemo_logging:393]   Layer 16: n = 4.187500
[NeMo I 2026-07-24 10:32:39 nemo_logging:393]   Layer 17: n = 4.500000
[NeMo I 2026-07-24 10:32:39 nemo_logging:393]   Layer 18: n = 3.781250
[NeMo I 2026-07-24 10:32:39 nemo_logging:393]   Layer 19: n = 5.000000
[NeMo I 2026-07-24 10:32:39 nemo_logging:393]   Layer 20: n = 3.343750
[NeMo I 2026-07-24 10:32:39 nemo_logging:393]   Layer 21: n = -3.484375
[NeMo I 2026-07-24 10:32:39 nemo_logging:393]   Layer 22: n = 3.859375
[NeMo I 2026-07-24 10:32:39 nemo_logging:393]   Layer 23: n = -302.000000
Training epoch 0, iteration 1/39 | lr: 1.463e-05 | global_batch_size: 1024 | global_step: 1 | reduced_train_loss: 1.983 | consumed_samples: 2048
Training epoch 0, iteration 2/39 | lr: 2.195e-05 | global_batch_size: 1024 | global_step: 2 | reduced_train_loss: 1.974 | consumed_samples: 3072
[NeMo I 2026-07-24 10:33:35 nemo_logging:393] Step 4 - SSA n values:
[NeMo I 2026-07-24 10:33:35 nemo_logging:393]   Layer 0: n = 3.671875
[NeMo I 2026-07-24 10:33:35 nemo_logging:393]   Layer 1: n = 1.695312
[NeMo I 2026-07-24 10:33:35 nemo_logging:393]   Layer 2: n = 2.671875
[NeMo I 2026-07-24 10:33:35 nemo_logging:393]   Layer 3: n = 3.187500
[NeMo I 2026-07-24 10:33:35 nemo_logging:393]   Layer 4: n = 3.343750
[NeMo I 2026-07-24 10:33:35 nemo_logging:393]   Layer 5: n = 3.453125
[NeMo I 2026-07-24 10:33:35 nemo_logging:393]   Layer 6: n = 4.031250
[NeMo I 2026-07-24 10:33:35 nemo_logging:393]   Layer 7: n = 4.156250
[NeMo I 2026-07-24 10:33:35 nemo_logging:393]   Layer 8: n = 4.031250
[NeMo I 2026-07-24 10:33:35 nemo_logging:393]   Layer 9: n = 3.593750
[NeMo I 2026-07-24 10:33:35 nemo_logging:393]   Layer 10: n = 4.000000
[NeMo I 2026-07-24 10:33:35 nemo_logging:393]   Layer 11: n = 4.218750
[NeMo I 2026-07-24 10:33:35 nemo_logging:393]   Layer 12: n = 4.031250
[NeMo I 2026-07-24 10:33:35 nemo_logging:393]   Layer 13: n = 4.093750
[NeMo I 2026-07-24 10:33:35 nemo_logging:393]   Layer 14: n = 3.953125
[NeMo I 2026-07-24 10:33:35 nemo_logging:393]   Layer 15: n = 4.125000
[NeMo I 2026-07-24 10:33:35 nemo_logging:393]   Layer 16: n = 4.187500
[NeMo I 2026-07-24 10:33:35 nemo_logging:393]   Layer 17: n = 4.500000
[NeMo I 2026-07-24 10:33:35 nemo_logging:393]   Layer 18: n = 3.781250
[NeMo I 2026-07-24 10:33:35 nemo_logging:393]   Layer 19: n = 5.000000
[NeMo I 2026-07-24 10:33:35 nemo_logging:393]   Layer 20: n = 3.343750
[NeMo I 2026-07-24 10:33:35 nemo_logging:393]   Layer 21: n = -3.484375
[NeMo I 2026-07-24 10:33:35 nemo_logging:393]   Layer 22: n = 3.859375
[NeMo I 2026-07-24 10:33:35 nemo_logging:393]   Layer 23: n = -302.000000
INFO: Epoch 0, global step 4: 'step' reached 4.00000 (best 4.00000), saving model to '/lustre/work/pdl17996/udl62d273/phase2_output_blackwell/outputs/nemotron-1B-SSA-Triton-phase2-blackwell-bs1024-mbs8-w4s3/checkpoints/nemotron-1B-SSA-Triton-phase2-blackwell-bs1024-mbs8-w4s3-step=0000004.ckpt' as top 1
INFO:lightning.pytorch.utilities.rank_zero:Epoch 0, global step 4: 'step' reached 4.00000 (best 4.00000), saving model to '/lustre/work/pdl17996/udl62d273/phase2_output_blackwell/outputs/nemotron-1B-SSA-Triton-phase2-blackwell-bs1024-mbs8-w4s3/checkpoints/nemotron-1B-SSA-Triton-phase2-blackwell-bs1024-mbs8-w4s3-step=0000004.ckpt' as top 1
Training epoch 0, iteration 3/39 | lr: 2.927e-05 | global_batch_size: 1024 | global_step: 3 | reduced_train_loss: 2.006 | consumed_samples: 4096
Training epoch 0, iteration 4/39 | lr: 3.659e-05 | global_batch_size: 1024 | global_step: 4 | reduced_train_loss: 1.986 | consumed_samples: 5120
[NeMo I 2026-07-24 10:34:03 nemo_logging:393] Using FullyParallelSaveStrategyWrapper(torch_dist, 1) dist-ckpt save strategy.
[NeMo W 2026-07-24 10:34:04 validation:389] There is difference in the common state dict in different ranks. The differences are {1: ([('optimizer', 0, 'optimizer', 'param_groups', 1, 'step')], [], []), 2: ([('optimizer', 0, 'optimizer', 'param_groups', 1, 'step')], [], []), 3: ([('optimizer', 0, 'optimizer', 'param_groups', 1, 'step')], [], []), 4: ([('optimizer', 0, 'optimizer', 'param_groups', 1, 'step')], [], []), 5: ([('optimizer', 0, 'optimizer', 'param_groups', 1, 'step')], [], []), 6: ([('optimizer', 0, 'optimizer', 'param_groups', 1, 'step')], [], []), 7: ([('optimizer', 0, 'optimizer', 'param_groups', 1, 'step')], [], []), 8: ([('optimizer', 0, 'optimizer', 'param_groups', 1, 'step')], [], []), 9: ([('optimizer', 0, 'optimizer', 'param_groups', 1, 'step')], [], []), 10: ([('optimizer', 0, 'optimizer', 'param_groups', 1, 'step')], [], []), 11: ([('optimizer', 0, 'optimizer', 'param_groups', 1, 'step')], [], []), 13: ([('optimizer', 0, 'optimizer', 'param_groups', 1, 'step')], [], []), 14: ([('optimizer', 0, 'optimizer', 'param_groups', 1, 'step')], [], []), 15: ([('optimizer', 0, 'optimizer', 'param_groups', 1, 'step')], [], [])}
[NeMo I 2026-07-24 10:34:13 nemo_logging:393] Global Checkpoint Save : Rank: 0 : Iteration: 4 : Start time: 1784882043.447s : Save duration: 10.248s
[NeMo I 2026-07-24 10:34:14 nemo_logging:393] Scheduled async checkpoint save for /lustre/work/pdl17996/udl62d273/phase2_output_blackwell/outputs/nemotron-1B-SSA-Triton-phase2-blackwell-bs1024-mbs8-w4s3/checkpoints/nemotron-1B-SSA-Triton-phase2-blackwell-bs1024-mbs8-w4s3-step=0000004.ckpt
[NeMo W 2026-07-24 10:34:14 validation:389] There is difference in the common state dict in different ranks. The differences are {1: ([('optimizer', 0, 'optimizer', 'param_groups', 1, 'step')], [], []), 2: ([('optimizer', 0, 'optimizer', 'param_groups', 1, 'step')], [], []), 3: ([('optimizer', 0, 'optimizer', 'param_groups', 1, 'step')], [], []), 4: ([('optimizer', 0, 'optimizer', 'param_groups', 1, 'step')], [], []), 5: ([('optimizer', 0, 'optimizer', 'param_groups', 1, 'step')], [], []), 6: ([('optimizer', 0, 'optimizer', 'param_groups', 1, 'step')], [], []), 7: ([('optimizer', 0, 'optimizer', 'param_groups', 1, 'step')], [], []), 8: ([('optimizer', 0, 'optimizer', 'param_groups', 1, 'step')], [], []), 9: ([('optimizer', 0, 'optimizer', 'param_groups', 1, 'step')], [], []), 10: ([('optimizer', 0, 'optimizer', 'param_groups', 1, 'step')], [], []), 11: ([('optimizer', 0, 'optimizer', 'param_groups', 1, 'step')], [], []), 13: ([('optimizer', 0, 'optimizer', 'param_groups', 1, 'step')], [], []), 14: ([('optimizer', 0, 'optimizer', 'param_groups', 1, 'step')], [], []), 15: ([('optimizer', 0, 'optimizer', 'param_groups', 1, 'step')], [], [])}
[NeMo I 2026-07-24 10:34:15 nemo_logging:393] Global Checkpoint Save : Rank: 0 : Iteration: 4 : Start time: 1784882054.680s : Save duration: 0.402s
[NeMo I 2026-07-24 10:34:15 nemo_logging:393] Scheduled async checkpoint save for /lustre/work/pdl17996/udl62d273/phase2_output_blackwell/outputs/nemotron-1B-SSA-Triton-phase2-blackwell-bs1024-mbs8-w4s3/checkpoints/nemotron-1B-SSA-Triton-phase2-blackwell-bs1024-mbs8-w4s3-step=0000004-last.ckpt
[NeMo I 2026-07-24 10:34:15 nemo_logging:393] Async finalization time took 0.007 s
[NeMo I 2026-07-24 10:34:43 nemo_logging:393] Step 6 - SSA n values:
[NeMo I 2026-07-24 10:34:43 nemo_logging:393]   Layer 0: n = 3.671875
[NeMo I 2026-07-24 10:34:43 nemo_logging:393]   Layer 1: n = 1.695312
[NeMo I 2026-07-24 10:34:43 nemo_logging:393]   Layer 2: n = 2.671875
[NeMo I 2026-07-24 10:34:43 nemo_logging:393]   Layer 3: n = 3.187500
[NeMo I 2026-07-24 10:34:43 nemo_logging:393]   Layer 4: n = 3.343750
[NeMo I 2026-07-24 10:34:43 nemo_logging:393]   Layer 5: n = 3.453125
[NeMo I 2026-07-24 10:34:43 nemo_logging:393]   Layer 6: n = 4.031250
[NeMo I 2026-07-24 10:34:43 nemo_logging:393]   Layer 7: n = 4.156250
[NeMo I 2026-07-24 10:34:43 nemo_logging:393]   Layer 8: n = 4.031250
[NeMo I 2026-07-24 10:34:43 nemo_logging:393]   Layer 9: n = 3.593750
[NeMo I 2026-07-24 10:34:43 nemo_logging:393]   Layer 10: n = 4.000000
[NeMo I 2026-07-24 10:34:43 nemo_logging:393]   Layer 11: n = 4.218750
[NeMo I 2026-07-24 10:34:43 nemo_logging:393]   Layer 12: n = 4.031250
[NeMo I 2026-07-24 10:34:43 nemo_logging:393]   Layer 13: n = 4.093750
[NeMo I 2026-07-24 10:34:43 nemo_logging:393]   Layer 14: n = 3.953125
[NeMo I 2026-07-24 10:34:43 nemo_logging:393]   Layer 15: n = 4.125000
[NeMo I 2026-07-24 10:34:43 nemo_logging:393]   Layer 16: n = 4.187500
[NeMo I 2026-07-24 10:34:43 nemo_logging:393]   Layer 17: n = 4.500000
[NeMo I 2026-07-24 10:34:43 nemo_logging:393]   Layer 18: n = 3.781250
[NeMo I 2026-07-24 10:34:43 nemo_logging:393]   Layer 19: n = 5.000000
[NeMo I 2026-07-24 10:34:43 nemo_logging:393]   Layer 20: n = 3.343750
[NeMo I 2026-07-24 10:34:43 nemo_logging:393]   Layer 21: n = -3.484375
[NeMo I 2026-07-24 10:34:43 nemo_logging:393]   Layer 22: n = 3.859375
[NeMo I 2026-07-24 10:34:43 nemo_logging:393]   Layer 23: n = -302.000000
Training epoch 0, iteration 5/39 | lr: 4.39e-05 | global_batch_size: 1024 | global_step: 5 | reduced_train_loss: 1.966 | consumed_samples: 6144
[NeMo I 2026-07-24 10:34:43 nemo_logging:393] Successfully saved checkpoint from iteration       4 to /lustre/work/pdl17996/udl62d273/phase2_output_blackwell/outputs/nemotron-1B-SSA-Triton-phase2-blackwell-bs1024-mbs8-w4s3/checkpoints/nemotron-1B-SSA-Triton-phase2-blackwell-bs1024-mbs8-w4s3-step=0000004.ckpt
[NeMo I 2026-07-24 10:34:43 nemo_logging:393] Async checkpoint save for step 5 (/lustre/work/pdl17996/udl62d273/phase2_output_blackwell/outputs/nemotron-1B-SSA-Triton-phase2-blackwell-bs1024-mbs8-w4s3/checkpoints/nemotron-1B-SSA-Triton-phase2-blackwell-bs1024-mbs8-w4s3-step=0000004.ckpt) finalized successfully.
[NeMo I 2026-07-24 10:34:43 nemo_logging:393] Successfully saved checkpoint from iteration       4 to /lustre/work/pdl17996/udl62d273/phase2_output_blackwell/outputs/nemotron-1B-SSA-Triton-phase2-blackwell-bs1024-mbs8-w4s3/checkpoints/nemotron-1B-SSA-Triton-phase2-blackwell-bs1024-mbs8-w4s3-step=0000004-last.ckpt
[NeMo I 2026-07-24 10:34:43 nemo_logging:393] Async checkpoint save for step 5 (/lustre/work/pdl17996/udl62d273/phase2_output_blackwell/outputs/nemotron-1B-SSA-Triton-phase2-blackwell-bs1024-mbs8-w4s3/checkpoints/nemotron-1B-SSA-Triton-phase2-blackwell-bs1024-mbs8-w4s3-step=0000004-last.ckpt) finalized successfully.
[NeMo I 2026-07-24 10:34:43 nemo_logging:393] Async finalization time took 0.154 s
Training epoch 0, iteration 6/39 | lr: 5.122e-05 | global_batch_size: 1024 | global_step: 6 | reduced_train_loss: 2.008 | consumed_samples: 7168
[NeMo I 2026-07-24 10:35:38 nemo_logging:393] Step 8 - SSA n values:
[NeMo I 2026-07-24 10:35:38 nemo_logging:393]   Layer 0: n = 3.671875
[NeMo I 2026-07-24 10:35:38 nemo_logging:393]   Layer 1: n = 1.695312
[NeMo I 2026-07-24 10:35:38 nemo_logging:393]   Layer 2: n = 2.671875
[NeMo I 2026-07-24 10:35:38 nemo_logging:393]   Layer 3: n = 3.187500
[NeMo I 2026-07-24 10:35:38 nemo_logging:393]   Layer 4: n = 3.343750
[NeMo I 2026-07-24 10:35:38 nemo_logging:393]   Layer 5: n = 3.453125
[NeMo I 2026-07-24 10:35:38 nemo_logging:393]   Layer 6: n = 4.031250
[NeMo I 2026-07-24 10:35:38 nemo_logging:393]   Layer 7: n = 4.156250
[NeMo I 2026-07-24 10:35:38 nemo_logging:393]   Layer 8: n = 4.031250
[NeMo I 2026-07-24 10:35:38 nemo_logging:393]   Layer 9: n = 3.593750
[NeMo I 2026-07-24 10:35:38 nemo_logging:393]   Layer 10: n = 4.000000
[NeMo I 2026-07-24 10:35:38 nemo_logging:393]   Layer 11: n = 4.218750
[NeMo I 2026-07-24 10:35:38 nemo_logging:393]   Layer 12: n = 4.031250
[NeMo I 2026-07-24 10:35:38 nemo_logging:393]   Layer 13: n = 4.093750
[NeMo I 2026-07-24 10:35:38 nemo_logging:393]   Layer 14: n = 3.953125
[NeMo I 2026-07-24 10:35:38 nemo_logging:393]   Layer 15: n = 4.125000
[NeMo I 2026-07-24 10:35:38 nemo_logging:393]   Layer 16: n = 4.187500
[NeMo I 2026-07-24 10:35:38 nemo_logging:393]   Layer 17: n = 4.500000
[NeMo I 2026-07-24 10:35:38 nemo_logging:393]   Layer 18: n = 3.781250
[NeMo I 2026-07-24 10:35:38 nemo_logging:393]   Layer 19: n = 5.000000
[NeMo I 2026-07-24 10:35:38 nemo_logging:393]   Layer 20: n = 3.343750
[NeMo I 2026-07-24 10:35:38 nemo_logging:393]   Layer 21: n = -3.484375
[NeMo I 2026-07-24 10:35:38 nemo_logging:393]   Layer 22: n = 3.859375
[NeMo I 2026-07-24 10:35:38 nemo_logging:393]   Layer 23: n = -302.000000
Training epoch 0, iteration 7/39 | lr: 5.854e-05 | global_batch_size: 1024 | global_step: 7 | reduced_train_loss: 2.021 | consumed_samples: 8192
Training epoch 0, iteration 8/39 | lr: 6.585e-05 | global_batch_size: 1024 | global_step: 8 | reduced_train_loss: 1.995 | consumed_samples: 9216
[NeMo I 2026-07-24 10:36:34 nemo_logging:393] Step 10 - SSA n values:
[NeMo I 2026-07-24 10:36:34 nemo_logging:393]   Layer 0: n = 3.671875
[NeMo I 2026-07-24 10:36:34 nemo_logging:393]   Layer 1: n = 1.695312
[NeMo I 2026-07-24 10:36:34 nemo_logging:393]   Layer 2: n = 2.671875
[NeMo I 2026-07-24 10:36:34 nemo_logging:393]   Layer 3: n = 3.187500
[NeMo I 2026-07-24 10:36:34 nemo_logging:393]   Layer 4: n = 3.343750
[NeMo I 2026-07-24 10:36:34 nemo_logging:393]   Layer 5: n = 3.453125
[NeMo I 2026-07-24 10:36:34 nemo_logging:393]   Layer 6: n = 4.031250
[NeMo I 2026-07-24 10:36:34 nemo_logging:393]   Layer 7: n = 4.156250
[NeMo I 2026-07-24 10:36:34 nemo_logging:393]   Layer 8: n = 4.031250
[NeMo I 2026-07-24 10:36:34 nemo_logging:393]   Layer 9: n = 3.593750
[NeMo I 2026-07-24 10:36:34 nemo_logging:393]   Layer 10: n = 4.000000
[NeMo I 2026-07-24 10:36:34 nemo_logging:393]   Layer 11: n = 4.218750
[NeMo I 2026-07-24 10:36:34 nemo_logging:393]   Layer 12: n = 4.031250
[NeMo I 2026-07-24 10:36:34 nemo_logging:393]   Layer 13: n = 4.093750
[NeMo I 2026-07-24 10:36:34 nemo_logging:393]   Layer 14: n = 3.953125
[NeMo I 2026-07-24 10:36:34 nemo_logging:393]   Layer 15: n = 4.125000
[NeMo I 2026-07-24 10:36:34 nemo_logging:393]   Layer 16: n = 4.187500
[NeMo I 2026-07-24 10:36:34 nemo_logging:393]   Layer 17: n = 4.500000
[NeMo I 2026-07-24 10:36:34 nemo_logging:393]   Layer 18: n = 3.781250
[NeMo I 2026-07-24 10:36:34 nemo_logging:393]   Layer 19: n = 5.000000
[NeMo I 2026-07-24 10:36:34 nemo_logging:393]   Layer 20: n = 3.343750
[NeMo I 2026-07-24 10:36:34 nemo_logging:393]   Layer 21: n = -3.484375
[NeMo I 2026-07-24 10:36:34 nemo_logging:393]   Layer 22: n = 3.859375
[NeMo I 2026-07-24 10:36:34 nemo_logging:393]   Layer 23: n = -302.000000
INFO: Epoch 0, global step 9: 'step' reached 9.00000 (best 9.00000), saving model to '/lustre/work/pdl17996/udl62d273/phase2_output_blackwell/outputs/nemotron-1B-SSA-Triton-phase2-blackwell-bs1024-mbs8-w4s3/checkpoints/nemotron-1B-SSA-Triton-phase2-blackwell-bs1024-mbs8-w4s3-step=0000009.ckpt' as top 2
INFO:lightning.pytorch.utilities.rank_zero:Epoch 0, global step 9: 'step' reached 9.00000 (best 9.00000), saving model to '/lustre/work/pdl17996/udl62d273/phase2_output_blackwell/outputs/nemotron-1B-SSA-Triton-phase2-blackwell-bs1024-mbs8-w4s3/checkpoints/nemotron-1B-SSA-Triton-phase2-blackwell-bs1024-mbs8-w4s3-step=0000009.ckpt' as top 2
[NeMo W 2026-07-24 10:36:34 validation:389] There is difference in the common state dict in different ranks. The differences are {1: ([('optimizer', 0, 'optimizer', 'param_groups', 1, 'step')], [], []), 2: ([('optimizer', 0, 'optimizer', 'param_groups', 1, 'step')], [], []), 3: ([('optimizer', 0, 'optimizer', 'param_groups', 1, 'step')], [], []), 4: ([('optimizer', 0, 'optimizer', 'param_groups', 1, 'step')], [], []), 5: ([('optimizer', 0, 'optimizer', 'param_groups', 1, 'step')], [], []), 6: ([('optimizer', 0, 'optimizer', 'param_groups', 1, 'step')], [], []), 7: ([('optimizer', 0, 'optimizer', 'param_groups', 1, 'step')], [], []), 8: ([('optimizer', 0, 'optimizer', 'param_groups', 1, 'step')], [], []), 9: ([('optimizer', 0, 'optimizer', 'param_groups', 1, 'step')], [], []), 10: ([('optimizer', 0, 'optimizer', 'param_groups', 1, 'step')], [], []), 11: ([('optimizer', 0, 'optimizer', 'param_groups', 1, 'step')], [], []), 13: ([('optimizer', 0, 'optimizer', 'param_groups', 1, 'step')], [], []), 14: ([('optimizer', 0, 'optimizer', 'param_groups', 1, 'step')], [], []), 15: ([('optimizer', 0, 'optimizer', 'param_groups', 1, 'step')], [], [])}
Training epoch 0, iteration 9/39 | lr: 7.317e-05 | global_batch_size: 1024 | global_step: 9 | reduced_train_loss: 1.998 | consumed_samples: 10240
[NeMo I 2026-07-24 10:36:35 nemo_logging:393] Global Checkpoint Save : Rank: 0 : Iteration: 9 : Start time: 1784882194.743s : Save duration: 0.377s
[NeMo I 2026-07-24 10:36:35 nemo_logging:393] Scheduled async checkpoint save for /lustre/work/pdl17996/udl62d273/phase2_output_blackwell/outputs/nemotron-1B-SSA-Triton-phase2-blackwell-bs1024-mbs8-w4s3/checkpoints/nemotron-1B-SSA-Triton-phase2-blackwell-bs1024-mbs8-w4s3-step=0000009.ckpt
[NeMo W 2026-07-24 10:36:35 validation:389] There is difference in the common state dict in different ranks. The differences are {1: ([('optimizer', 0, 'optimizer', 'param_groups', 1, 'step')], [], []), 2: ([('optimizer', 0, 'optimizer', 'param_groups', 1, 'step')], [], []), 3: ([('optimizer', 0, 'optimizer', 'param_groups', 1, 'step')], [], []), 4: ([('optimizer', 0, 'optimizer', 'param_groups', 1, 'step')], [], []), 5: ([('optimizer', 0, 'optimizer', 'param_groups', 1, 'step')], [], []), 6: ([('optimizer', 0, 'optimizer', 'param_groups', 1, 'step')], [], []), 7: ([('optimizer', 0, 'optimizer', 'param_groups', 1, 'step')], [], []), 8: ([('optimizer', 0, 'optimizer', 'param_groups', 1, 'step')], [], []), 9: ([('optimizer', 0, 'optimizer', 'param_groups', 1, 'step')], [], []), 10: ([('optimizer', 0, 'optimizer', 'param_groups', 1, 'step')], [], []), 11: ([('optimizer', 0, 'optimizer', 'param_groups', 1, 'step')], [], []), 13: ([('optimizer', 0, 'optimizer', 'param_groups', 1, 'step')], [], []), 14: ([('optimizer', 0, 'optimizer', 'param_groups', 1, 'step')], [], []), 15: ([('optimizer', 0, 'optimizer', 'param_groups', 1, 'step')], [], [])}
[NeMo I 2026-07-24 10:36:35 nemo_logging:393] Global Checkpoint Save : Rank: 0 : Iteration: 9 : Start time: 1784882195.415s : Save duration: 0.482s
[NeMo I 2026-07-24 10:36:36 nemo_logging:393] Scheduled async checkpoint save for /lustre/work/pdl17996/udl62d273/phase2_output_blackwell/outputs/nemotron-1B-SSA-Triton-phase2-blackwell-bs1024-mbs8-w4s3/checkpoints/nemotron-1B-SSA-Triton-phase2-blackwell-bs1024-mbs8-w4s3-step=0000009-last.ckpt
[NeMo I 2026-07-24 10:36:36 nemo_logging:393] Async finalization time took 0.004 s
Training epoch 0, iteration 10/39 | lr: 8.049e-05 | global_batch_size: 1024 | global_step: 10 | reduced_train_loss: 2.015 | consumed_samples: 11264
[NeMo I 2026-07-24 10:37:04 nemo_logging:393] Successfully saved checkpoint from iteration       9 to /lustre/work/pdl17996/udl62d273/phase2_output_blackwell/outputs/nemotron-1B-SSA-Triton-phase2-blackwell-bs1024-mbs8-w4s3/checkpoints/nemotron-1B-SSA-Triton-phase2-blackwell-bs1024-mbs8-w4s3-step=0000009.ckpt
[NeMo I 2026-07-24 10:37:04 nemo_logging:393] Async checkpoint save for step 10 (/lustre/work/pdl17996/udl62d273/phase2_output_blackwell/outputs/nemotron-1B-SSA-Triton-phase2-blackwell-bs1024-mbs8-w4s3/checkpoints/nemotron-1B-SSA-Triton-phase2-blackwell-bs1024-mbs8-w4s3-step=0000009.ckpt) finalized successfully.
[NeMo I 2026-07-24 10:37:04 nemo_logging:393] Successfully saved checkpoint from iteration       9 to /lustre/work/pdl17996/udl62d273/phase2_output_blackwell/outputs/nemotron-1B-SSA-Triton-phase2-blackwell-bs1024-mbs8-w4s3/checkpoints/nemotron-1B-SSA-Triton-phase2-blackwell-bs1024-mbs8-w4s3-step=0000009-last.ckpt
[NeMo I 2026-07-24 10:37:04 nemo_logging:393] Async checkpoint save for step 10 (/lustre/work/pdl17996/udl62d273/phase2_output_blackwell/outputs/nemotron-1B-SSA-Triton-phase2-blackwell-bs1024-mbs8-w4s3/checkpoints/nemotron-1B-SSA-Triton-phase2-blackwell-bs1024-mbs8-w4s3-step=0000009-last.ckpt) finalized successfully.
[NeMo I 2026-07-24 10:37:05 nemo_logging:393] Async finalization time took 0.999 s
[NeMo I 2026-07-24 10:37:32 nemo_logging:393] Step 12 - SSA n values:
[NeMo I 2026-07-24 10:37:32 nemo_logging:393]   Layer 0: n = 3.671875
[NeMo I 2026-07-24 10:37:32 nemo_logging:393]   Layer 1: n = 1.695312
[NeMo I 2026-07-24 10:37:32 nemo_logging:393]   Layer 2: n = 2.671875
[NeMo I 2026-07-24 10:37:32 nemo_logging:393]   Layer 3: n = 3.187500
[NeMo I 2026-07-24 10:37:32 nemo_logging:393]   Layer 4: n = 3.343750
[NeMo I 2026-07-24 10:37:32 nemo_logging:393]   Layer 5: n = 3.453125
[NeMo I 2026-07-24 10:37:32 nemo_logging:393]   Layer 6: n = 4.031250
[NeMo I 2026-07-24 10:37:32 nemo_logging:393]   Layer 7: n = 4.156250
[NeMo I 2026-07-24 10:37:32 nemo_logging:393]   Layer 8: n = 4.031250
[NeMo I 2026-07-24 10:37:32 nemo_logging:393]   Layer 9: n = 3.593750
[NeMo I 2026-07-24 10:37:32 nemo_logging:393]   Layer 10: n = 4.000000
[NeMo I 2026-07-24 10:37:32 nemo_logging:393]   Layer 11: n = 4.218750
[NeMo I 2026-07-24 10:37:32 nemo_logging:393]   Layer 12: n = 4.031250
[NeMo I 2026-07-24 10:37:32 nemo_logging:393]   Layer 13: n = 4.093750
[NeMo I 2026-07-24 10:37:32 nemo_logging:393]   Layer 14: n = 3.953125
[NeMo I 2026-07-24 10:37:32 nemo_logging:393]   Layer 15: n = 4.125000
[NeMo I 2026-07-24 10:37:32 nemo_logging:393]   Layer 16: n = 4.187500
[NeMo I 2026-07-24 10:37:32 nemo_logging:393]   Layer 17: n = 4.500000
[NeMo I 2026-07-24 10:37:32 nemo_logging:393]   Layer 18: n = 3.781250
[NeMo I 2026-07-24 10:37:32 nemo_logging:393]   Layer 19: n = 5.000000
[NeMo I 2026-07-24 10:37:32 nemo_logging:393]   Layer 20: n = 3.343750
[NeMo I 2026-07-24 10:37:32 nemo_logging:393]   Layer 21: n = -3.484375
[NeMo I 2026-07-24 10:37:32 nemo_logging:393]   Layer 22: n = 3.859375
[NeMo I 2026-07-24 10:37:32 nemo_logging:393]   Layer 23: n = -302.000000
Training epoch 0, iteration 11/39 | lr: 8.78e-05 | global_batch_size: 1024 | global_step: 11 | reduced_train_loss: 2.018 | consumed_samples: 12288
Training epoch 0, iteration 12/39 | lr: 9.512e-05 | global_batch_size: 1024 | global_step: 12 | reduced_train_loss: 2.003 | consumed_samples: 13312
[NeMo I 2026-07-24 10:38:28 nemo_logging:393] Step 14 - SSA n values:
[NeMo I 2026-07-24 10:38:28 nemo_logging:393]   Layer 0: n = 3.671875
[NeMo I 2026-07-24 10:38:28 nemo_logging:393]   Layer 1: n = 1.695312
[NeMo I 2026-07-24 10:38:28 nemo_logging:393]   Layer 2: n = 2.671875
[NeMo I 2026-07-24 10:38:28 nemo_logging:393]   Layer 3: n = 3.187500
[NeMo I 2026-07-24 10:38:28 nemo_logging:393]   Layer 4: n = 3.343750
[NeMo I 2026-07-24 10:38:28 nemo_logging:393]   Layer 5: n = 3.453125
[NeMo I 2026-07-24 10:38:28 nemo_logging:393]   Layer 6: n = 4.031250
[NeMo I 2026-07-24 10:38:28 nemo_logging:393]   Layer 7: n = 4.156250
[NeMo I 2026-07-24 10:38:28 nemo_logging:393]   Layer 8: n = 4.031250
[NeMo I 2026-07-24 10:38:28 nemo_logging:393]   Layer 9: n = 3.593750
[NeMo I 2026-07-24 10:38:28 nemo_logging:393]   Layer 10: n = 4.000000
[NeMo I 2026-07-24 10:38:28 nemo_logging:393]   Layer 11: n = 4.218750
[NeMo I 2026-07-24 10:38:28 nemo_logging:393]   Layer 12: n = 4.031250
[NeMo I 2026-07-24 10:38:28 nemo_logging:393]   Layer 13: n = 4.093750
[NeMo I 2026-07-24 10:38:28 nemo_logging:393]   Layer 14: n = 3.953125
[NeMo I 2026-07-24 10:38:28 nemo_logging:393]   Layer 15: n = 4.125000
[NeMo I 2026-07-24 10:38:28 nemo_logging:393]   Layer 16: n = 4.187500
[NeMo I 2026-07-24 10:38:28 nemo_logging:393]   Layer 17: n = 4.500000
[NeMo I 2026-07-24 10:38:28 nemo_logging:393]   Layer 18: n = 3.781250
[NeMo I 2026-07-24 10:38:28 nemo_logging:393]   Layer 19: n = 5.000000
[NeMo I 2026-07-24 10:38:28 nemo_logging:393]   Layer 20: n = 3.343750
[NeMo I 2026-07-24 10:38:28 nemo_logging:393]   Layer 21: n = -3.484375
[NeMo I 2026-07-24 10:38:28 nemo_logging:393]   Layer 22: n = 3.859375
[NeMo I 2026-07-24 10:38:28 nemo_logging:393]   Layer 23: n = -302.000000
INFO: Epoch 0, global step 14: 'step' reached 14.00000 (best 14.00000), saving model to '/lustre/work/pdl17996/udl62d273/phase2_output_blackwell/outputs/nemotron-1B-SSA-Triton-phase2-blackwell-bs1024-mbs8-w4s3/checkpoints/nemotron-1B-SSA-Triton-phase2-blackwell-bs1024-mbs8-w4s3-step=0000014.ckpt' as top 3
INFO:lightning.pytorch.utilities.rank_zero:Epoch 0, global step 14: 'step' reached 14.00000 (best 14.00000), saving model to '/lustre/work/pdl17996/udl62d273/phase2_output_blackwell/outputs/nemotron-1B-SSA-Triton-phase2-blackwell-bs1024-mbs8-w4s3/checkpoints/nemotron-1B-SSA-Triton-phase2-blackwell-bs1024-mbs8-w4s3-step=0000014.ckpt' as top 3
[NeMo W 2026-07-24 10:38:56 validation:389] There is difference in the common state dict in different ranks. The differences are {1: ([('optimizer', 0, 'optimizer', 'param_groups', 1, 'step')], [], []), 2: ([('optimizer', 0, 'optimizer', 'param_groups', 1, 'step')], [], []), 3: ([('optimizer', 0, 'optimizer', 'param_groups', 1, 'step')], [], []), 4: ([('optimizer', 0, 'optimizer', 'param_groups', 1, 'step')], [], []), 5: ([('optimizer', 0, 'optimizer', 'param_groups', 1, 'step')], [], []), 6: ([('optimizer', 0, 'optimizer', 'param_groups', 1, 'step')], [], []), 7: ([('optimizer', 0, 'optimizer', 'param_groups', 1, 'step')], [], []), 8: ([('optimizer', 0, 'optimizer', 'param_groups', 1, 'step')], [], []), 9: ([('optimizer', 0, 'optimizer', 'param_groups', 1, 'step')], [], []), 10: ([('optimizer', 0, 'optimizer', 'param_groups', 1, 'step')], [], []), 11: ([('optimizer', 0, 'optimizer', 'param_groups', 1, 'step')], [], []), 13: ([('optimizer', 0, 'optimizer', 'param_groups', 1, 'step')], [], []), 14: ([('optimizer', 0, 'optimizer', 'param_groups', 1, 'step')], [], []), 15: ([('optimizer', 0, 'optimizer', 'param_groups', 1, 'step')], [], [])}
Training epoch 0, iteration 13/39 | lr: 0.0001024 | global_batch_size: 1024 | global_step: 13 | reduced_train_loss: 2.004 | consumed_samples: 14336
Training epoch 0, iteration 14/39 | lr: 0.0001098 | global_batch_size: 1024 | global_step: 14 | reduced_train_loss: 2.016 | consumed_samples: 15360
[NeMo I 2026-07-24 10:38:56 nemo_logging:393] Global Checkpoint Save : Rank: 0 : Iteration: 14 : Start time: 1784882336.390s : Save duration: 0.447s
[NeMo I 2026-07-24 10:38:57 nemo_logging:393] Scheduled async checkpoint save for /lustre/work/pdl17996/udl62d273/phase2_output_blackwell/outputs/nemotron-1B-SSA-Triton-phase2-blackwell-bs1024-mbs8-w4s3/checkpoints/nemotron-1B-SSA-Triton-phase2-blackwell-bs1024-mbs8-w4s3-step=0000014.ckpt
[NeMo W 2026-07-24 10:38:57 validation:389] There is difference in the common state dict in different ranks. The differences are {1: ([('optimizer', 0, 'optimizer', 'param_groups', 1, 'step')], [], []), 2: ([('optimizer', 0, 'optimizer', 'param_groups', 1, 'step')], [], []), 3: ([('optimizer', 0, 'optimizer', 'param_groups', 1, 'step')], [], []), 4: ([('optimizer', 0, 'optimizer', 'param_groups', 1, 'step')], [], []), 5: ([('optimizer', 0, 'optimizer', 'param_groups', 1, 'step')], [], []), 6: ([('optimizer', 0, 'optimizer', 'param_groups', 1, 'step')], [], []), 7: ([('optimizer', 0, 'optimizer', 'param_groups', 1, 'step')], [], []), 8: ([('optimizer', 0, 'optimizer', 'param_groups', 1, 'step')], [], []), 9: ([('optimizer', 0, 'optimizer', 'param_groups', 1, 'step')], [], []), 10: ([('optimizer', 0, 'optimizer', 'param_groups', 1, 'step')], [], []), 11: ([('optimizer', 0, 'optimizer', 'param_groups', 1, 'step')], [], []), 13: ([('optimizer', 0, 'optimizer', 'param_groups', 1, 'step')], [], []), 14: ([('optimizer', 0, 'optimizer', 'param_groups', 1, 'step')], [], []), 15: ([('optimizer', 0, 'optimizer', 'param_groups', 1, 'step')], [], [])}
[NeMo I 2026-07-24 10:38:57 nemo_logging:393] Global Checkpoint Save : Rank: 0 : Iteration: 14 : Start time: 1784882337.132s : Save duration: 0.537s
[NeMo I 2026-07-24 10:38:57 nemo_logging:393] Scheduled async checkpoint save for /lustre/work/pdl17996/udl62d273/phase2_output_blackwell/outputs/nemotron-1B-SSA-Triton-phase2-blackwell-bs1024-mbs8-w4s3/checkpoints/nemotron-1B-SSA-Triton-phase2-blackwell-bs1024-mbs8-w4s3-step=0000014-last.ckpt
[NeMo I 2026-07-24 10:38:57 nemo_logging:393] Async finalization time took 0.004 s
[NeMo I 2026-07-24 10:39:25 nemo_logging:393] Step 16 - SSA n values:
[NeMo I 2026-07-24 10:39:25 nemo_logging:393]   Layer 0: n = 3.671875
[NeMo I 2026-07-24 10:39:25 nemo_logging:393]   Layer 1: n = 1.695312
[NeMo I 2026-07-24 10:39:25 nemo_logging:393]   Layer 2: n = 2.671875
[NeMo I 2026-07-24 10:39:25 nemo_logging:393]   Layer 3: n = 3.187500
[NeMo I 2026-07-24 10:39:25 nemo_logging:393]   Layer 4: n = 3.343750
[NeMo I 2026-07-24 10:39:25 nemo_logging:393]   Layer 5: n = 3.453125
[NeMo I 2026-07-24 10:39:25 nemo_logging:393]   Layer 6: n = 4.031250
[NeMo I 2026-07-24 10:39:25 nemo_logging:393]   Layer 7: n = 4.156250
[NeMo I 2026-07-24 10:39:25 nemo_logging:393]   Layer 8: n = 4.031250
[NeMo I 2026-07-24 10:39:25 nemo_logging:393]   Layer 9: n = 3.593750
[NeMo I 2026-07-24 10:39:25 nemo_logging:393]   Layer 10: n = 4.000000
[NeMo I 2026-07-24 10:39:25 nemo_logging:393]   Layer 11: n = 4.218750
[NeMo I 2026-07-24 10:39:25 nemo_logging:393]   Layer 12: n = 4.031250
[NeMo I 2026-07-24 10:39:25 nemo_logging:393]   Layer 13: n = 4.093750
[NeMo I 2026-07-24 10:39:25 nemo_logging:393]   Layer 14: n = 3.953125
[NeMo I 2026-07-24 10:39:25 nemo_logging:393]   Layer 15: n = 4.125000
[NeMo I 2026-07-24 10:39:25 nemo_logging:393]   Layer 16: n = 4.187500
[NeMo I 2026-07-24 10:39:25 nemo_logging:393]   Layer 17: n = 4.500000
[NeMo I 2026-07-24 10:39:25 nemo_logging:393]   Layer 18: n = 3.781250
[NeMo I 2026-07-24 10:39:25 nemo_logging:393]   Layer 19: n = 5.000000
[NeMo I 2026-07-24 10:39:25 nemo_logging:393]   Layer 20: n = 3.343750
[NeMo I 2026-07-24 10:39:25 nemo_logging:393]   Layer 21: n = -3.484375
[NeMo I 2026-07-24 10:39:25 nemo_logging:393]   Layer 22: n = 3.859375
[NeMo I 2026-07-24 10:39:25 nemo_logging:393]   Layer 23: n = -302.000000
Training epoch 0, iteration 15/39 | lr: 0.0001171 | global_batch_size: 1024 | global_step: 15 | reduced_train_loss: 2.021 | consumed_samples: 16384
[NeMo I 2026-07-24 10:39:25 nemo_logging:393] Successfully saved checkpoint from iteration      14 to /lustre/work/pdl17996/udl62d273/phase2_output_blackwell/outputs/nemotron-1B-SSA-Triton-phase2-blackwell-bs1024-mbs8-w4s3/checkpoints/nemotron-1B-SSA-Triton-phase2-blackwell-bs1024-mbs8-w4s3-step=0000014.ckpt
[NeMo I 2026-07-24 10:39:25 nemo_logging:393] Async checkpoint save for step 15 (/lustre/work/pdl17996/udl62d273/phase2_output_blackwell/outputs/nemotron-1B-SSA-Triton-phase2-blackwell-bs1024-mbs8-w4s3/checkpoints/nemotron-1B-SSA-Triton-phase2-blackwell-bs1024-mbs8-w4s3-step=0000014.ckpt) finalized successfully.
[NeMo I 2026-07-24 10:39:25 nemo_logging:393] Successfully saved checkpoint from iteration      14 to /lustre/work/pdl17996/udl62d273/phase2_output_blackwell/outputs/nemotron-1B-SSA-Triton-phase2-blackwell-bs1024-mbs8-w4s3/checkpoints/nemotron-1B-SSA-Triton-phase2-blackwell-bs1024-mbs8-w4s3-step=0000014-last.ckpt
[NeMo I 2026-07-24 10:39:25 nemo_logging:393] Async checkpoint save for step 15 (/lustre/work/pdl17996/udl62d273/phase2_output_blackwell/outputs/nemotron-1B-SSA-Triton-phase2-blackwell-bs1024-mbs8-w4s3/checkpoints/nemotron-1B-SSA-Triton-phase2-blackwell-bs1024-mbs8-w4s3-step=0000014-last.ckpt) finalized successfully.
[NeMo I 2026-07-24 10:39:26 nemo_logging:393] Async finalization time took 0.854 s
Training epoch 0, iteration 16/39 | lr: 0.0001244 | global_batch_size: 1024 | global_step: 16 | reduced_train_loss: 2.033 | consumed_samples: 17408
[NeMo I 2026-07-24 10:40:22 nemo_logging:393] Step 18 - SSA n values:
[NeMo I 2026-07-24 10:40:22 nemo_logging:393]   Layer 0: n = 3.671875
[NeMo I 2026-07-24 10:40:22 nemo_logging:393]   Layer 1: n = 1.695312
[NeMo I 2026-07-24 10:40:22 nemo_logging:393]   Layer 2: n = 2.671875
[NeMo I 2026-07-24 10:40:22 nemo_logging:393]   Layer 3: n = 3.187500
[NeMo I 2026-07-24 10:40:22 nemo_logging:393]   Layer 4: n = 3.343750
[NeMo I 2026-07-24 10:40:22 nemo_logging:393]   Layer 5: n = 3.453125
[NeMo I 2026-07-24 10:40:22 nemo_logging:393]   Layer 6: n = 4.031250
[NeMo I 2026-07-24 10:40:22 nemo_logging:393]   Layer 7: n = 4.156250
[NeMo I 2026-07-24 10:40:22 nemo_logging:393]   Layer 8: n = 4.031250
[NeMo I 2026-07-24 10:40:22 nemo_logging:393]   Layer 9: n = 3.593750
[NeMo I 2026-07-24 10:40:22 nemo_logging:393]   Layer 10: n = 4.000000
[NeMo I 2026-07-24 10:40:22 nemo_logging:393]   Layer 11: n = 4.218750
[NeMo I 2026-07-24 10:40:22 nemo_logging:393]   Layer 12: n = 4.031250
[NeMo I 2026-07-24 10:40:22 nemo_logging:393]   Layer 13: n = 4.093750
[NeMo I 2026-07-24 10:40:22 nemo_logging:393]   Layer 14: n = 3.953125
[NeMo I 2026-07-24 10:40:22 nemo_logging:393]   Layer 15: n = 4.125000
[NeMo I 2026-07-24 10:40:22 nemo_logging:393]   Layer 16: n = 4.187500
[NeMo I 2026-07-24 10:40:22 nemo_logging:393]   Layer 17: n = 4.500000
[NeMo I 2026-07-24 10:40:22 nemo_logging:393]   Layer 18: n = 3.781250
[NeMo I 2026-07-24 10:40:22 nemo_logging:393]   Layer 19: n = 5.000000
[NeMo I 2026-07-24 10:40:22 nemo_logging:393]   Layer 20: n = 3.343750
[NeMo I 2026-07-24 10:40:22 nemo_logging:393]   Layer 21: n = -3.484375
[NeMo I 2026-07-24 10:40:22 nemo_logging:393]   Layer 22: n = 3.859375
[NeMo I 2026-07-24 10:40:22 nemo_logging:393]   Layer 23: n = -302.000000
Training epoch 0, iteration 17/39 | lr: 0.0001317 | global_batch_size: 1024 | global_step: 17 | reduced_train_loss: 2.024 | consumed_samples: 18432
Training epoch 0, iteration 18/39 | lr: 0.000139 | global_batch_size: 1024 | global_step: 18 | reduced_train_loss: 2.049 | consumed_samples: 19456
[NeMo I 2026-07-24 10:41:18 nemo_logging:393] Step 20 - SSA n values:
[NeMo I 2026-07-24 10:41:18 nemo_logging:393]   Layer 0: n = 3.671875
[NeMo I 2026-07-24 10:41:18 nemo_logging:393]   Layer 1: n = 1.695312
[NeMo I 2026-07-24 10:41:18 nemo_logging:393]   Layer 2: n = 2.671875
[NeMo I 2026-07-24 10:41:18 nemo_logging:393]   Layer 3: n = 3.187500
[NeMo I 2026-07-24 10:41:18 nemo_logging:393]   Layer 4: n = 3.343750
[NeMo I 2026-07-24 10:41:18 nemo_logging:393]   Layer 5: n = 3.453125
[NeMo I 2026-07-24 10:41:18 nemo_logging:393]   Layer 6: n = 4.031250
[NeMo I 2026-07-24 10:41:18 nemo_logging:393]   Layer 7: n = 4.156250
[NeMo I 2026-07-24 10:41:18 nemo_logging:393]   Layer 8: n = 4.031250
[NeMo I 2026-07-24 10:41:18 nemo_logging:393]   Layer 9: n = 3.593750
[NeMo I 2026-07-24 10:41:18 nemo_logging:393]   Layer 10: n = 4.000000
[NeMo I 2026-07-24 10:41:18 nemo_logging:393]   Layer 11: n = 4.218750
[NeMo I 2026-07-24 10:41:18 nemo_logging:393]   Layer 12: n = 4.031250
[NeMo I 2026-07-24 10:41:18 nemo_logging:393]   Layer 13: n = 4.093750
[NeMo I 2026-07-24 10:41:18 nemo_logging:393]   Layer 14: n = 3.953125
[NeMo I 2026-07-24 10:41:18 nemo_logging:393]   Layer 15: n = 4.125000
[NeMo I 2026-07-24 10:41:18 nemo_logging:393]   Layer 16: n = 4.187500
[NeMo I 2026-07-24 10:41:18 nemo_logging:393]   Layer 17: n = 4.500000
[NeMo I 2026-07-24 10:41:18 nemo_logging:393]   Layer 18: n = 3.781250
[NeMo I 2026-07-24 10:41:18 nemo_logging:393]   Layer 19: n = 5.000000
[NeMo I 2026-07-24 10:41:18 nemo_logging:393]   Layer 20: n = 3.343750
[NeMo I 2026-07-24 10:41:18 nemo_logging:393]   Layer 21: n = -3.484375
[NeMo I 2026-07-24 10:41:18 nemo_logging:393]   Layer 22: n = 3.859375
[NeMo I 2026-07-24 10:41:18 nemo_logging:393]   Layer 23: n = -302.000000
INFO: Epoch 0, global step 19: 'step' reached 19.00000 (best 19.00000), saving model to '/lustre/work/pdl17996/udl62d273/phase2_output_blackwell/outputs/nemotron-1B-SSA-Triton-phase2-blackwell-bs1024-mbs8-w4s3/checkpoints/nemotron-1B-SSA-Triton-phase2-blackwell-bs1024-mbs8-w4s3-step=0000019.ckpt' as top 4
INFO:lightning.pytorch.utilities.rank_zero:Epoch 0, global step 19: 'step' reached 19.00000 (best 19.00000), saving model to '/lustre/work/pdl17996/udl62d273/phase2_output_blackwell/outputs/nemotron-1B-SSA-Triton-phase2-blackwell-bs1024-mbs8-w4s3/checkpoints/nemotron-1B-SSA-Triton-phase2-blackwell-bs1024-mbs8-w4s3-step=0000019.ckpt' as top 4
[NeMo W 2026-07-24 10:41:18 validation:389] There is difference in the common state dict in different ranks. The differences are {1: ([('optimizer', 0, 'optimizer', 'param_groups', 1, 'step')], [], []), 2: ([('optimizer', 0, 'optimizer', 'param_groups', 1, 'step')], [], []), 3: ([('optimizer', 0, 'optimizer', 'param_groups', 1, 'step')], [], []), 4: ([('optimizer', 0, 'optimizer', 'param_groups', 1, 'step')], [], []), 5: ([('optimizer', 0, 'optimizer', 'param_groups', 1, 'step')], [], []), 6: ([('optimizer', 0, 'optimizer', 'param_groups', 1, 'step')], [], []), 7: ([('optimizer', 0, 'optimizer', 'param_groups', 1, 'step')], [], []), 8: ([('optimizer', 0, 'optimizer', 'param_groups', 1, 'step')], [], []), 9: ([('optimizer', 0, 'optimizer', 'param_groups', 1, 'step')], [], []), 10: ([('optimizer', 0, 'optimizer', 'param_groups', 1, 'step')], [], []), 11: ([('optimizer', 0, 'optimizer', 'param_groups', 1, 'step')], [], []), 13: ([('optimizer', 0, 'optimizer', 'param_groups', 1, 'step')], [], []), 14: ([('optimizer', 0, 'optimizer', 'param_groups', 1, 'step')], [], []), 15: ([('optimizer', 0, 'optimizer', 'param_groups', 1, 'step')], [], [])}
Training epoch 0, iteration 19/39 | lr: 0.0001463 | global_batch_size: 1024 | global_step: 19 | reduced_train_loss: 2.04 | consumed_samples: 20480
[NeMo I 2026-07-24 10:41:18 nemo_logging:393] Global Checkpoint Save : Rank: 0 : Iteration: 19 : Start time: 1784882478.078s : Save duration: 0.513s
[NeMo I 2026-07-24 10:41:18 nemo_logging:393] Scheduled async checkpoint save for /lustre/work/pdl17996/udl62d273/phase2_output_blackwell/outputs/nemotron-1B-SSA-Triton-phase2-blackwell-bs1024-mbs8-w4s3/checkpoints/nemotron-1B-SSA-Triton-phase2-blackwell-bs1024-mbs8-w4s3-step=0000019.ckpt
[NeMo W 2026-07-24 10:41:19 validation:389] There is difference in the common state dict in different ranks. The differences are {1: ([('optimizer', 0, 'optimizer', 'param_groups', 1, 'step')], [], []), 2: ([('optimizer', 0, 'optimizer', 'param_groups', 1, 'step')], [], []), 3: ([('optimizer', 0, 'optimizer', 'param_groups', 1, 'step')], [], []), 4: ([('optimizer', 0, 'optimizer', 'param_groups', 1, 'step')], [], []), 5: ([('optimizer', 0, 'optimizer', 'param_groups', 1, 'step')], [], []), 6: ([('optimizer', 0, 'optimizer', 'param_groups', 1, 'step')], [], []), 7: ([('optimizer', 0, 'optimizer', 'param_groups', 1, 'step')], [], []), 8: ([('optimizer', 0, 'optimizer', 'param_groups', 1, 'step')], [], []), 9: ([('optimizer', 0, 'optimizer', 'param_groups', 1, 'step')], [], []), 10: ([('optimizer', 0, 'optimizer', 'param_groups', 1, 'step')], [], []), 11: ([('optimizer', 0, 'optimizer', 'param_groups', 1, 'step')], [], []), 13: ([('optimizer', 0, 'optimizer', 'param_groups', 1, 'step')], [], []), 14: ([('optimizer', 0, 'optimizer', 'param_groups', 1, 'step')], [], []), 15: ([('optimizer', 0, 'optimizer', 'param_groups', 1, 'step')], [], [])}
[NeMo I 2026-07-24 10:41:19 nemo_logging:393] Global Checkpoint Save : Rank: 0 : Iteration: 19 : Start time: 1784882478.891s : Save duration: 0.598s
[NeMo I 2026-07-24 10:41:19 nemo_logging:393] Scheduled async checkpoint save for /lustre/work/pdl17996/udl62d273/phase2_output_blackwell/outputs/nemotron-1B-SSA-Triton-phase2-blackwell-bs1024-mbs8-w4s3/checkpoints/nemotron-1B-SSA-Triton-phase2-blackwell-bs1024-mbs8-w4s3-step=0000019-last.ckpt
[NeMo I 2026-07-24 10:41:19 nemo_logging:393] Async finalization time took 0.004 s
Training epoch 0, iteration 20/39 | lr: 0.0001537 | global_batch_size: 1024 | global_step: 20 | reduced_train_loss: 2.028 | consumed_samples: 21504
[NeMo I 2026-07-24 10:41:47 nemo_logging:393] Successfully saved checkpoint from iteration      19 to /lustre/work/pdl17996/udl62d273/phase2_output_blackwell/outputs/nemotron-1B-SSA-Triton-phase2-blackwell-bs1024-mbs8-w4s3/checkpoints/nemotron-1B-SSA-Triton-phase2-blackwell-bs1024-mbs8-w4s3-step=0000019.ckpt
[NeMo I 2026-07-24 10:41:47 nemo_logging:393] Async checkpoint save for step 20 (/lustre/work/pdl17996/udl62d273/phase2_output_blackwell/outputs/nemotron-1B-SSA-Triton-phase2-blackwell-bs1024-mbs8-w4s3/checkpoints/nemotron-1B-SSA-Triton-phase2-blackwell-bs1024-mbs8-w4s3-step=0000019.ckpt) finalized successfully.
[NeMo I 2026-07-24 10:41:47 nemo_logging:393] Successfully saved checkpoint from iteration      19 to /lustre/work/pdl17996/udl62d273/phase2_output_blackwell/outputs/nemotron-1B-SSA-Triton-phase2-blackwell-bs1024-mbs8-w4s3/checkpoints/nemotron-1B-SSA-Triton-phase2-blackwell-bs1024-mbs8-w4s3-step=0000019-last.ckpt
[NeMo I 2026-07-24 10:41:47 nemo_logging:393] Async checkpoint save for step 20 (/lustre/work/pdl17996/udl62d273/phase2_output_blackwell/outputs/nemotron-1B-SSA-Triton-phase2-blackwell-bs1024-mbs8-w4s3/checkpoints/nemotron-1B-SSA-Triton-phase2-blackwell-bs1024-mbs8-w4s3-step=0000019-last.ckpt) finalized successfully.
[NeMo I 2026-07-24 10:41:48 nemo_logging:393] Async finalization time took 0.890 s
[NeMo I 2026-07-24 10:42:16 nemo_logging:393] Step 22 - SSA n values:
[NeMo I 2026-07-24 10:42:16 nemo_logging:393]   Layer 0: n = 3.671875
[NeMo I 2026-07-24 10:42:16 nemo_logging:393]   Layer 1: n = 1.695312
[NeMo I 2026-07-24 10:42:16 nemo_logging:393]   Layer 2: n = 2.671875
[NeMo I 2026-07-24 10:42:16 nemo_logging:393]   Layer 3: n = 3.187500
[NeMo I 2026-07-24 10:42:16 nemo_logging:393]   Layer 4: n = 3.343750
[NeMo I 2026-07-24 10:42:16 nemo_logging:393]   Layer 5: n = 3.453125
[NeMo I 2026-07-24 10:42:16 nemo_logging:393]   Layer 6: n = 4.031250
[NeMo I 2026-07-24 10:42:16 nemo_logging:393]   Layer 7: n = 4.156250
[NeMo I 2026-07-24 10:42:16 nemo_logging:393]   Layer 8: n = 4.031250
[NeMo I 2026-07-24 10:42:16 nemo_logging:393]   Layer 9: n = 3.593750
[NeMo I 2026-07-24 10:42:16 nemo_logging:393]   Layer 10: n = 4.000000
[NeMo I 2026-07-24 10:42:16 nemo_logging:393]   Layer 11: n = 4.218750
[NeMo I 2026-07-24 10:42:16 nemo_logging:393]   Layer 12: n = 4.031250
[NeMo I 2026-07-24 10:42:16 nemo_logging:393]   Layer 13: n = 4.093750
[NeMo I 2026-07-24 10:42:16 nemo_logging:393]   Layer 14: n = 3.953125
[NeMo I 2026-07-24 10:42:16 nemo_logging:393]   Layer 15: n = 4.125000
[NeMo I 2026-07-24 10:42:16 nemo_logging:393]   Layer 16: n = 4.187500
[NeMo I 2026-07-24 10:42:16 nemo_logging:393]   Layer 17: n = 4.500000
[NeMo I 2026-07-24 10:42:16 nemo_logging:393]   Layer 18: n = 3.781250
[NeMo I 2026-07-24 10:42:16 nemo_logging:393]   Layer 19: n = 5.000000
[NeMo I 2026-07-24 10:42:16 nemo_logging:393]   Layer 20: n = 3.343750
[NeMo I 2026-07-24 10:42:16 nemo_logging:393]   Layer 21: n = -3.484375
[NeMo I 2026-07-24 10:42:16 nemo_logging:393]   Layer 22: n = 3.859375
[NeMo I 2026-07-24 10:42:16 nemo_logging:393]   Layer 23: n = -302.000000
Training epoch 0, iteration 21/39 | lr: 0.000161 | global_batch_size: 1024 | global_step: 21 | reduced_train_loss: 2.044 | consumed_samples: 22528
Training epoch 0, iteration 22/39 | lr: 0.0001683 | global_batch_size: 1024 | global_step: 22 | reduced_train_loss: 2.045 | consumed_samples: 23552
[NeMo I 2026-07-24 10:43:12 nemo_logging:393] Step 24 - SSA n values:
[NeMo I 2026-07-24 10:43:12 nemo_logging:393]   Layer 0: n = 3.671875
[NeMo I 2026-07-24 10:43:12 nemo_logging:393]   Layer 1: n = 1.695312
[NeMo I 2026-07-24 10:43:12 nemo_logging:393]   Layer 2: n = 2.671875
[NeMo I 2026-07-24 10:43:12 nemo_logging:393]   Layer 3: n = 3.187500
[NeMo I 2026-07-24 10:43:12 nemo_logging:393]   Layer 4: n = 3.343750
[NeMo I 2026-07-24 10:43:12 nemo_logging:393]   Layer 5: n = 3.453125
[NeMo I 2026-07-24 10:43:12 nemo_logging:393]   Layer 6: n = 4.031250
[NeMo I 2026-07-24 10:43:12 nemo_logging:393]   Layer 7: n = 4.156250
[NeMo I 2026-07-24 10:43:12 nemo_logging:393]   Layer 8: n = 4.031250
[NeMo I 2026-07-24 10:43:12 nemo_logging:393]   Layer 9: n = 3.593750
[NeMo I 2026-07-24 10:43:12 nemo_logging:393]   Layer 10: n = 4.000000
[NeMo I 2026-07-24 10:43:12 nemo_logging:393]   Layer 11: n = 4.218750
[NeMo I 2026-07-24 10:43:12 nemo_logging:393]   Layer 12: n = 4.031250
[NeMo I 2026-07-24 10:43:12 nemo_logging:393]   Layer 13: n = 4.093750
[NeMo I 2026-07-24 10:43:12 nemo_logging:393]   Layer 14: n = 3.953125
[NeMo I 2026-07-24 10:43:12 nemo_logging:393]   Layer 15: n = 4.125000
[NeMo I 2026-07-24 10:43:12 nemo_logging:393]   Layer 16: n = 4.187500
[NeMo I 2026-07-24 10:43:12 nemo_logging:393]   Layer 17: n = 4.500000
[NeMo I 2026-07-24 10:43:12 nemo_logging:393]   Layer 18: n = 3.781250
[NeMo I 2026-07-24 10:43:12 nemo_logging:393]   Layer 19: n = 5.000000
[NeMo I 2026-07-24 10:43:12 nemo_logging:393]   Layer 20: n = 3.343750
[NeMo I 2026-07-24 10:43:12 nemo_logging:393]   Layer 21: n = -3.484375
[NeMo I 2026-07-24 10:43:12 nemo_logging:393]   Layer 22: n = 3.859375
[NeMo I 2026-07-24 10:43:12 nemo_logging:393]   Layer 23: n = -302.000000
INFO: Epoch 0, global step 24: 'step' reached 24.00000 (best 24.00000), saving model to '/lustre/work/pdl17996/udl62d273/phase2_output_blackwell/outputs/nemotron-1B-SSA-Triton-phase2-blackwell-bs1024-mbs8-w4s3/checkpoints/nemotron-1B-SSA-Triton-phase2-blackwell-bs1024-mbs8-w4s3-step=0000024.ckpt' as top 5
INFO:lightning.pytorch.utilities.rank_zero:Epoch 0, global step 24: 'step' reached 24.00000 (best 24.00000), saving model to '/lustre/work/pdl17996/udl62d273/phase2_output_blackwell/outputs/nemotron-1B-SSA-Triton-phase2-blackwell-bs1024-mbs8-w4s3/checkpoints/nemotron-1B-SSA-Triton-phase2-blackwell-bs1024-mbs8-w4s3-step=0000024.ckpt' as top 5
[NeMo W 2026-07-24 10:43:40 validation:389] There is difference in the common state dict in different ranks. The differences are {1: ([('optimizer', 0, 'optimizer', 'param_groups', 1, 'step')], [], []), 2: ([('optimizer', 0, 'optimizer', 'param_groups', 1, 'step')], [], []), 3: ([('optimizer', 0, 'optimizer', 'param_groups', 1, 'step')], [], []), 4: ([('optimizer', 0, 'optimizer', 'param_groups', 1, 'step')], [], []), 5: ([('optimizer', 0, 'optimizer', 'param_groups', 1, 'step')], [], []), 6: ([('optimizer', 0, 'optimizer', 'param_groups', 1, 'step')], [], []), 7: ([('optimizer', 0, 'optimizer', 'param_groups', 1, 'step')], [], []), 8: ([('optimizer', 0, 'optimizer', 'param_groups', 1, 'step')], [], []), 9: ([('optimizer', 0, 'optimizer', 'param_groups', 1, 'step')], [], []), 10: ([('optimizer', 0, 'optimizer', 'param_groups', 1, 'step')], [], []), 11: ([('optimizer', 0, 'optimizer', 'param_groups', 1, 'step')], [], []), 13: ([('optimizer', 0, 'optimizer', 'param_groups', 1, 'step')], [], []), 14: ([('optimizer', 0, 'optimizer', 'param_groups', 1, 'step')], [], []), 15: ([('optimizer', 0, 'optimizer', 'param_groups', 1, 'step')], [], [])}
Training epoch 0, iteration 23/39 | lr: 0.0001756 | global_batch_size: 1024 | global_step: 23 | reduced_train_loss: 2.006 | consumed_samples: 24576
Training epoch 0, iteration 24/39 | lr: 0.0001829 | global_batch_size: 1024 | global_step: 24 | reduced_train_loss: 2.055 | consumed_samples: 25600
[NeMo I 2026-07-24 10:43:40 nemo_logging:393] Global Checkpoint Save : Rank: 0 : Iteration: 24 : Start time: 1784882619.932s : Save duration: 0.568s
[NeMo I 2026-07-24 10:43:40 nemo_logging:393] Scheduled async checkpoint save for /lustre/work/pdl17996/udl62d273/phase2_output_blackwell/outputs/nemotron-1B-SSA-Triton-phase2-blackwell-bs1024-mbs8-w4s3/checkpoints/nemotron-1B-SSA-Triton-phase2-blackwell-bs1024-mbs8-w4s3-step=0000024.ckpt
[NeMo W 2026-07-24 10:43:41 validation:389] There is difference in the common state dict in different ranks. The differences are {1: ([('optimizer', 0, 'optimizer', 'param_groups', 1, 'step')], [], []), 2: ([('optimizer', 0, 'optimizer', 'param_groups', 1, 'step')], [], []), 3: ([('optimizer', 0, 'optimizer', 'param_groups', 1, 'step')], [], []), 4: ([('optimizer', 0, 'optimizer', 'param_groups', 1, 'step')], [], []), 5: ([('optimizer', 0, 'optimizer', 'param_groups', 1, 'step')], [], []), 6: ([('optimizer', 0, 'optimizer', 'param_groups', 1, 'step')], [], []), 7: ([('optimizer', 0, 'optimizer', 'param_groups', 1, 'step')], [], []), 8: ([('optimizer', 0, 'optimizer', 'param_groups', 1, 'step')], [], []), 9: ([('optimizer', 0, 'optimizer', 'param_groups', 1, 'step')], [], []), 10: ([('optimizer', 0, 'optimizer', 'param_groups', 1, 'step')], [], []), 11: ([('optimizer', 0, 'optimizer', 'param_groups', 1, 'step')], [], []), 13: ([('optimizer', 0, 'optimizer', 'param_groups', 1, 'step')], [], []), 14: ([('optimizer', 0, 'optimizer', 'param_groups', 1, 'step')], [], []), 15: ([('optimizer', 0, 'optimizer', 'param_groups', 1, 'step')], [], [])}
[NeMo I 2026-07-24 10:43:41 nemo_logging:393] Global Checkpoint Save : Rank: 0 : Iteration: 24 : Start time: 1784882620.795s : Save duration: 0.662s
[NeMo I 2026-07-24 10:43:41 nemo_logging:393] Scheduled async checkpoint save for /lustre/work/pdl17996/udl62d273/phase2_output_blackwell/outputs/nemotron-1B-SSA-Triton-phase2-blackwell-bs1024-mbs8-w4s3/checkpoints/nemotron-1B-SSA-Triton-phase2-blackwell-bs1024-mbs8-w4s3-step=0000024-last.ckpt
[NeMo I 2026-07-24 10:43:41 nemo_logging:393] Async finalization time took 0.004 s
[NeMo I 2026-07-24 10:44:09 nemo_logging:393] Step 26 - SSA n values:
[NeMo I 2026-07-24 10:44:09 nemo_logging:393]   Layer 0: n = 3.671875
[NeMo I 2026-07-24 10:44:09 nemo_logging:393]   Layer 1: n = 1.695312
[NeMo I 2026-07-24 10:44:09 nemo_logging:393]   Layer 2: n = 2.671875
[NeMo I 2026-07-24 10:44:09 nemo_logging:393]   Layer 3: n = 3.187500
[NeMo I 2026-07-24 10:44:09 nemo_logging:393]   Layer 4: n = 3.343750
[NeMo I 2026-07-24 10:44:09 nemo_logging:393]   Layer 5: n = 3.453125
[NeMo I 2026-07-24 10:44:09 nemo_logging:393]   Layer 6: n = 4.031250
[NeMo I 2026-07-24 10:44:09 nemo_logging:393]   Layer 7: n = 4.156250
[NeMo I 2026-07-24 10:44:09 nemo_logging:393]   Layer 8: n = 4.031250
[NeMo I 2026-07-24 10:44:09 nemo_logging:393]   Layer 9: n = 3.593750
[NeMo I 2026-07-24 10:44:09 nemo_logging:393]   Layer 10: n = 4.000000
[NeMo I 2026-07-24 10:44:09 nemo_logging:393]   Layer 11: n = 4.218750
[NeMo I 2026-07-24 10:44:09 nemo_logging:393]   Layer 12: n = 4.031250
[NeMo I 2026-07-24 10:44:09 nemo_logging:393]   Layer 13: n = 4.093750
[NeMo I 2026-07-24 10:44:09 nemo_logging:393]   Layer 14: n = 3.953125
[NeMo I 2026-07-24 10:44:09 nemo_logging:393]   Layer 15: n = 4.125000
[NeMo I 2026-07-24 10:44:09 nemo_logging:393]   Layer 16: n = 4.187500
[NeMo I 2026-07-24 10:44:09 nemo_logging:393]   Layer 17: n = 4.500000
[NeMo I 2026-07-24 10:44:09 nemo_logging:393]   Layer 18: n = 3.781250
[NeMo I 2026-07-24 10:44:09 nemo_logging:393]   Layer 19: n = 5.000000
[NeMo I 2026-07-24 10:44:09 nemo_logging:393]   Layer 20: n = 3.343750
[NeMo I 2026-07-24 10:44:09 nemo_logging:393]   Layer 21: n = -3.484375
[NeMo I 2026-07-24 10:44:09 nemo_logging:393]   Layer 22: n = 3.859375
[NeMo I 2026-07-24 10:44:09 nemo_logging:393]   Layer 23: n = -302.000000
Training epoch 0, iteration 25/39 | lr: 0.0001902 | global_batch_size: 1024 | global_step: 25 | reduced_train_loss: 2.042 | consumed_samples: 26624
[NeMo I 2026-07-24 10:44:09 nemo_logging:393] Successfully saved checkpoint from iteration      24 to /lustre/work/pdl17996/udl62d273/phase2_output_blackwell/outputs/nemotron-1B-SSA-Triton-phase2-blackwell-bs1024-mbs8-w4s3/checkpoints/nemotron-1B-SSA-Triton-phase2-blackwell-bs1024-mbs8-w4s3-step=0000024.ckpt
[NeMo I 2026-07-24 10:44:09 nemo_logging:393] Async checkpoint save for step 25 (/lustre/work/pdl17996/udl62d273/phase2_output_blackwell/outputs/nemotron-1B-SSA-Triton-phase2-blackwell-bs1024-mbs8-w4s3/checkpoints/nemotron-1B-SSA-Triton-phase2-blackwell-bs1024-mbs8-w4s3-step=0000024.ckpt) finalized successfully.
[NeMo I 2026-07-24 10:44:09 nemo_logging:393] Successfully saved checkpoint from iteration      24 to /lustre/work/pdl17996/udl62d273/phase2_output_blackwell/outputs/nemotron-1B-SSA-Triton-phase2-blackwell-bs1024-mbs8-w4s3/checkpoints/nemotron-1B-SSA-Triton-phase2-blackwell-bs1024-mbs8-w4s3-step=0000024-last.ckpt
[NeMo I 2026-07-24 10:44:09 nemo_logging:393] Async checkpoint save for step 25 (/lustre/work/pdl17996/udl62d273/phase2_output_blackwell/outputs/nemotron-1B-SSA-Triton-phase2-blackwell-bs1024-mbs8-w4s3/checkpoints/nemotron-1B-SSA-Triton-phase2-blackwell-bs1024-mbs8-w4s3-step=0000024-last.ckpt) finalized successfully.
[NeMo I 2026-07-24 10:44:10 nemo_logging:393] Async finalization time took 0.890 s
Training epoch 0, iteration 26/39 | lr: 0.0001976 | global_batch_size: 1024 | global_step: 26 | reduced_train_loss: 2.057 | consumed_samples: 27648
[NeMo I 2026-07-24 10:45:06 nemo_logging:393] Step 28 - SSA n values:
[NeMo I 2026-07-24 10:45:06 nemo_logging:393]   Layer 0: n = 3.671875
[NeMo I 2026-07-24 10:45:06 nemo_logging:393]   Layer 1: n = 1.695312
[NeMo I 2026-07-24 10:45:06 nemo_logging:393]   Layer 2: n = 2.671875
[NeMo I 2026-07-24 10:45:06 nemo_logging:393]   Layer 3: n = 3.187500
[NeMo I 2026-07-24 10:45:06 nemo_logging:393]   Layer 4: n = 3.343750
[NeMo I 2026-07-24 10:45:06 nemo_logging:393]   Layer 5: n = 3.453125
[NeMo I 2026-07-24 10:45:06 nemo_logging:393]   Layer 6: n = 4.031250
[NeMo I 2026-07-24 10:45:06 nemo_logging:393]   Layer 7: n = 4.156250
[NeMo I 2026-07-24 10:45:06 nemo_logging:393]   Layer 8: n = 4.031250
[NeMo I 2026-07-24 10:45:06 nemo_logging:393]   Layer 9: n = 3.593750
[NeMo I 2026-07-24 10:45:06 nemo_logging:393]   Layer 10: n = 4.000000
[NeMo I 2026-07-24 10:45:06 nemo_logging:393]   Layer 11: n = 4.218750
[NeMo I 2026-07-24 10:45:06 nemo_logging:393]   Layer 12: n = 4.031250
[NeMo I 2026-07-24 10:45:06 nemo_logging:393]   Layer 13: n = 4.093750
[NeMo I 2026-07-24 10:45:06 nemo_logging:393]   Layer 14: n = 3.953125
[NeMo I 2026-07-24 10:45:06 nemo_logging:393]   Layer 15: n = 4.125000
[NeMo I 2026-07-24 10:45:06 nemo_logging:393]   Layer 16: n = 4.187500
[NeMo I 2026-07-24 10:45:06 nemo_logging:393]   Layer 17: n = 4.500000
[NeMo I 2026-07-24 10:45:06 nemo_logging:393]   Layer 18: n = 3.781250
[NeMo I 2026-07-24 10:45:06 nemo_logging:393]   Layer 19: n = 5.000000
[NeMo I 2026-07-24 10:45:06 nemo_logging:393]   Layer 20: n = 3.343750
[NeMo I 2026-07-24 10:45:06 nemo_logging:393]   Layer 21: n = -3.484375
[NeMo I 2026-07-24 10:45:06 nemo_logging:393]   Layer 22: n = 3.859375
[NeMo I 2026-07-24 10:45:06 nemo_logging:393]   Layer 23: n = -302.000000
Training epoch 0, iteration 27/39 | lr: 0.0002049 | global_batch_size: 1024 | global_step: 27 | reduced_train_loss: 2.076 | consumed_samples: 28672
Training epoch 0, iteration 28/39 | lr: 0.0002122 | global_batch_size: 1024 | global_step: 28 | reduced_train_loss: 2.058 | consumed_samples: 29696
[NeMo I 2026-07-24 10:46:01 nemo_logging:393] Step 30 - SSA n values:
[NeMo I 2026-07-24 10:46:01 nemo_logging:393]   Layer 0: n = 3.671875
[NeMo I 2026-07-24 10:46:01 nemo_logging:393]   Layer 1: n = 1.695312
[NeMo I 2026-07-24 10:46:01 nemo_logging:393]   Layer 2: n = 2.671875
[NeMo I 2026-07-24 10:46:01 nemo_logging:393]   Layer 3: n = 3.187500
[NeMo I 2026-07-24 10:46:01 nemo_logging:393]   Layer 4: n = 3.343750
[NeMo I 2026-07-24 10:46:01 nemo_logging:393]   Layer 5: n = 3.453125
[NeMo I 2026-07-24 10:46:01 nemo_logging:393]   Layer 6: n = 4.031250
[NeMo I 2026-07-24 10:46:01 nemo_logging:393]   Layer 7: n = 4.156250
[NeMo I 2026-07-24 10:46:01 nemo_logging:393]   Layer 8: n = 4.031250
[NeMo I 2026-07-24 10:46:01 nemo_logging:393]   Layer 9: n = 3.593750
[NeMo I 2026-07-24 10:46:01 nemo_logging:393]   Layer 10: n = 4.000000
[NeMo I 2026-07-24 10:46:01 nemo_logging:393]   Layer 11: n = 4.218750
[NeMo I 2026-07-24 10:46:01 nemo_logging:393]   Layer 12: n = 4.031250
[NeMo I 2026-07-24 10:46:01 nemo_logging:393]   Layer 13: n = 4.093750
[NeMo I 2026-07-24 10:46:01 nemo_logging:393]   Layer 14: n = 3.953125
[NeMo I 2026-07-24 10:46:01 nemo_logging:393]   Layer 15: n = 4.125000
[NeMo I 2026-07-24 10:46:01 nemo_logging:393]   Layer 16: n = 4.187500
[NeMo I 2026-07-24 10:46:01 nemo_logging:393]   Layer 17: n = 4.500000
[NeMo I 2026-07-24 10:46:01 nemo_logging:393]   Layer 18: n = 3.781250
[NeMo I 2026-07-24 10:46:01 nemo_logging:393]   Layer 19: n = 5.000000
[NeMo I 2026-07-24 10:46:01 nemo_logging:393]   Layer 20: n = 3.343750
[NeMo I 2026-07-24 10:46:01 nemo_logging:393]   Layer 21: n = -3.484375
[NeMo I 2026-07-24 10:46:01 nemo_logging:393]   Layer 22: n = 3.859375
[NeMo I 2026-07-24 10:46:01 nemo_logging:393]   Layer 23: n = -302.000000
INFO: Epoch 0, global step 29: 'step' reached 29.00000 (best 29.00000), saving model to '/lustre/work/pdl17996/udl62d273/phase2_output_blackwell/outputs/nemotron-1B-SSA-Triton-phase2-blackwell-bs1024-mbs8-w4s3/checkpoints/nemotron-1B-SSA-Triton-phase2-blackwell-bs1024-mbs8-w4s3-step=0000029.ckpt' as top 6
INFO:lightning.pytorch.utilities.rank_zero:Epoch 0, global step 29: 'step' reached 29.00000 (best 29.00000), saving model to '/lustre/work/pdl17996/udl62d273/phase2_output_blackwell/outputs/nemotron-1B-SSA-Triton-phase2-blackwell-bs1024-mbs8-w4s3/checkpoints/nemotron-1B-SSA-Triton-phase2-blackwell-bs1024-mbs8-w4s3-step=0000029.ckpt' as top 6
[NeMo W 2026-07-24 10:46:02 validation:389] There is difference in the common state dict in different ranks. The differences are {1: ([('optimizer', 0, 'optimizer', 'param_groups', 1, 'step')], [], []), 2: ([('optimizer', 0, 'optimizer', 'param_groups', 1, 'step')], [], []), 3: ([('optimizer', 0, 'optimizer', 'param_groups', 1, 'step')], [], []), 4: ([('optimizer', 0, 'optimizer', 'param_groups', 1, 'step')], [], []), 5: ([('optimizer', 0, 'optimizer', 'param_groups', 1, 'step')], [], []), 6: ([('optimizer', 0, 'optimizer', 'param_groups', 1, 'step')], [], []), 7: ([('optimizer', 0, 'optimizer', 'param_groups', 1, 'step')], [], []), 8: ([('optimizer', 0, 'optimizer', 'param_groups', 1, 'step')], [], []), 9: ([('optimizer', 0, 'optimizer', 'param_groups', 1, 'step')], [], []), 10: ([('optimizer', 0, 'optimizer', 'param_groups', 1, 'step')], [], []), 11: ([('optimizer', 0, 'optimizer', 'param_groups', 1, 'step')], [], []), 13: ([('optimizer', 0, 'optimizer', 'param_groups', 1, 'step')], [], []), 14: ([('optimizer', 0, 'optimizer', 'param_groups', 1, 'step')], [], []), 15: ([('optimizer', 0, 'optimizer', 'param_groups', 1, 'step')], [], [])}
Training epoch 0, iteration 29/39 | lr: 0.0002195 | global_batch_size: 1024 | global_step: 29 | reduced_train_loss: 2.092 | consumed_samples: 30720
[NeMo I 2026-07-24 10:46:02 nemo_logging:393] Global Checkpoint Save : Rank: 0 : Iteration: 29 : Start time: 1784882761.857s : Save duration: 0.622s
[NeMo I 2026-07-24 10:46:02 nemo_logging:393] Scheduled async checkpoint save for /lustre/work/pdl17996/udl62d273/phase2_output_blackwell/outputs/nemotron-1B-SSA-Triton-phase2-blackwell-bs1024-mbs8-w4s3/checkpoints/nemotron-1B-SSA-Triton-phase2-blackwell-bs1024-mbs8-w4s3-step=0000029.ckpt
[NeMo W 2026-07-24 10:46:03 validation:389] There is difference in the common state dict in different ranks. The differences are {1: ([('optimizer', 0, 'optimizer', 'param_groups', 1, 'step')], [], []), 2: ([('optimizer', 0, 'optimizer', 'param_groups', 1, 'step')], [], []), 3: ([('optimizer', 0, 'optimizer', 'param_groups', 1, 'step')], [], []), 4: ([('optimizer', 0, 'optimizer', 'param_groups', 1, 'step')], [], []), 5: ([('optimizer', 0, 'optimizer', 'param_groups', 1, 'step')], [], []), 6: ([('optimizer', 0, 'optimizer', 'param_groups', 1, 'step')], [], []), 7: ([('optimizer', 0, 'optimizer', 'param_groups', 1, 'step')], [], []), 8: ([('optimizer', 0, 'optimizer', 'param_groups', 1, 'step')], [], []), 9: ([('optimizer', 0, 'optimizer', 'param_groups', 1, 'step')], [], []), 10: ([('optimizer', 0, 'optimizer', 'param_groups', 1, 'step')], [], []), 11: ([('optimizer', 0, 'optimizer', 'param_groups', 1, 'step')], [], []), 13: ([('optimizer', 0, 'optimizer', 'param_groups', 1, 'step')], [], []), 14: ([('optimizer', 0, 'optimizer', 'param_groups', 1, 'step')], [], []), 15: ([('optimizer', 0, 'optimizer', 'param_groups', 1, 'step')], [], [])}
[NeMo I 2026-07-24 10:46:03 nemo_logging:393] Global Checkpoint Save : Rank: 0 : Iteration: 29 : Start time: 1784882762.774s : Save duration: 0.724s
[NeMo I 2026-07-24 10:46:03 nemo_logging:393] Scheduled async checkpoint save for /lustre/work/pdl17996/udl62d273/phase2_output_blackwell/outputs/nemotron-1B-SSA-Triton-phase2-blackwell-bs1024-mbs8-w4s3/checkpoints/nemotron-1B-SSA-Triton-phase2-blackwell-bs1024-mbs8-w4s3-step=0000029-last.ckpt
[NeMo I 2026-07-24 10:46:03 nemo_logging:393] Async finalization time took 0.004 s
Training epoch 0, iteration 30/39 | lr: 0.0002268 | global_batch_size: 1024 | global_step: 30 | reduced_train_loss: 2.083 | consumed_samples: 31744
[NeMo I 2026-07-24 10:46:31 nemo_logging:393] Successfully saved checkpoint from iteration      29 to /lustre/work/pdl17996/udl62d273/phase2_output_blackwell/outputs/nemotron-1B-SSA-Triton-phase2-blackwell-bs1024-mbs8-w4s3/checkpoints/nemotron-1B-SSA-Triton-phase2-blackwell-bs1024-mbs8-w4s3-step=0000029.ckpt
[NeMo I 2026-07-24 10:46:31 nemo_logging:393] Async checkpoint save for step 30 (/lustre/work/pdl17996/udl62d273/phase2_output_blackwell/outputs/nemotron-1B-SSA-Triton-phase2-blackwell-bs1024-mbs8-w4s3/checkpoints/nemotron-1B-SSA-Triton-phase2-blackwell-bs1024-mbs8-w4s3-step=0000029.ckpt) finalized successfully.
[NeMo I 2026-07-24 10:46:31 nemo_logging:393] Successfully saved checkpoint from iteration      29 to /lustre/work/pdl17996/udl62d273/phase2_output_blackwell/outputs/nemotron-1B-SSA-Triton-phase2-blackwell-bs1024-mbs8-w4s3/checkpoints/nemotron-1B-SSA-Triton-phase2-blackwell-bs1024-mbs8-w4s3-step=0000029-last.ckpt
[NeMo I 2026-07-24 10:46:31 nemo_logging:393] Async checkpoint save for step 30 (/lustre/work/pdl17996/udl62d273/phase2_output_blackwell/outputs/nemotron-1B-SSA-Triton-phase2-blackwell-bs1024-mbs8-w4s3/checkpoints/nemotron-1B-SSA-Triton-phase2-blackwell-bs1024-mbs8-w4s3-step=0000029-last.ckpt) finalized successfully.
[NeMo I 2026-07-24 10:46:32 nemo_logging:393] Async finalization time took 0.872 s
[NeMo I 2026-07-24 10:47:00 nemo_logging:393] Step 32 - SSA n values:
[NeMo I 2026-07-24 10:47:00 nemo_logging:393]   Layer 0: n = 3.671875
[NeMo I 2026-07-24 10:47:00 nemo_logging:393]   Layer 1: n = 1.695312
[NeMo I 2026-07-24 10:47:00 nemo_logging:393]   Layer 2: n = 2.671875
[NeMo I 2026-07-24 10:47:00 nemo_logging:393]   Layer 3: n = 3.187500
[NeMo I 2026-07-24 10:47:00 nemo_logging:393]   Layer 4: n = 3.343750
[NeMo I 2026-07-24 10:47:00 nemo_logging:393]   Layer 5: n = 3.453125
[NeMo I 2026-07-24 10:47:00 nemo_logging:393]   Layer 6: n = 4.031250
[NeMo I 2026-07-24 10:47:00 nemo_logging:393]   Layer 7: n = 4.156250
[NeMo I 2026-07-24 10:47:00 nemo_logging:393]   Layer 8: n = 4.031250
[NeMo I 2026-07-24 10:47:00 nemo_logging:393]   Layer 9: n = 3.593750
[NeMo I 2026-07-24 10:47:00 nemo_logging:393]   Layer 10: n = 4.000000
[NeMo I 2026-07-24 10:47:00 nemo_logging:393]   Layer 11: n = 4.218750
[NeMo I 2026-07-24 10:47:00 nemo_logging:393]   Layer 12: n = 4.031250
[NeMo I 2026-07-24 10:47:00 nemo_logging:393]   Layer 13: n = 4.093750
[NeMo I 2026-07-24 10:47:00 nemo_logging:393]   Layer 14: n = 3.953125
[NeMo I 2026-07-24 10:47:00 nemo_logging:393]   Layer 15: n = 4.125000
[NeMo I 2026-07-24 10:47:00 nemo_logging:393]   Layer 16: n = 4.187500
[NeMo I 2026-07-24 10:47:00 nemo_logging:393]   Layer 17: n = 4.500000
[NeMo I 2026-07-24 10:47:00 nemo_logging:393]   Layer 18: n = 3.781250
[NeMo I 2026-07-24 10:47:00 nemo_logging:393]   Layer 19: n = 5.000000
[NeMo I 2026-07-24 10:47:00 nemo_logging:393]   Layer 20: n = 3.343750
[NeMo I 2026-07-24 10:47:00 nemo_logging:393]   Layer 21: n = -3.484375
[NeMo I 2026-07-24 10:47:00 nemo_logging:393]   Layer 22: n = 3.859375
[NeMo I 2026-07-24 10:47:00 nemo_logging:393]   Layer 23: n = -302.000000
Training epoch 0, iteration 31/39 | lr: 0.0002341 | global_batch_size: 1024 | global_step: 31 | reduced_train_loss: 2.081 | consumed_samples: 32768
Training epoch 0, iteration 32/39 | lr: 0.0002415 | global_batch_size: 1024 | global_step: 32 | reduced_train_loss: 2.075 | consumed_samples: 33792
[NeMo I 2026-07-24 10:47:55 nemo_logging:393] Step 34 - SSA n values:
[NeMo I 2026-07-24 10:47:55 nemo_logging:393]   Layer 0: n = 3.671875
[NeMo I 2026-07-24 10:47:55 nemo_logging:393]   Layer 1: n = 1.695312
[NeMo I 2026-07-24 10:47:55 nemo_logging:393]   Layer 2: n = 2.671875
[NeMo I 2026-07-24 10:47:55 nemo_logging:393]   Layer 3: n = 3.187500
[NeMo I 2026-07-24 10:47:55 nemo_logging:393]   Layer 4: n = 3.343750
[NeMo I 2026-07-24 10:47:55 nemo_logging:393]   Layer 5: n = 3.453125
[NeMo I 2026-07-24 10:47:55 nemo_logging:393]   Layer 6: n = 4.031250
[NeMo I 2026-07-24 10:47:55 nemo_logging:393]   Layer 7: n = 4.156250
[NeMo I 2026-07-24 10:47:55 nemo_logging:393]   Layer 8: n = 4.031250
[NeMo I 2026-07-24 10:47:55 nemo_logging:393]   Layer 9: n = 3.593750
[NeMo I 2026-07-24 10:47:55 nemo_logging:393]   Layer 10: n = 4.000000
[NeMo I 2026-07-24 10:47:55 nemo_logging:393]   Layer 11: n = 4.218750
[NeMo I 2026-07-24 10:47:55 nemo_logging:393]   Layer 12: n = 4.031250
[NeMo I 2026-07-24 10:47:55 nemo_logging:393]   Layer 13: n = 4.093750
[NeMo I 2026-07-24 10:47:55 nemo_logging:393]   Layer 14: n = 3.953125
[NeMo I 2026-07-24 10:47:55 nemo_logging:393]   Layer 15: n = 4.125000
[NeMo I 2026-07-24 10:47:55 nemo_logging:393]   Layer 16: n = 4.187500
[NeMo I 2026-07-24 10:47:55 nemo_logging:393]   Layer 17: n = 4.500000
[NeMo I 2026-07-24 10:47:55 nemo_logging:393]   Layer 18: n = 3.781250
[NeMo I 2026-07-24 10:47:55 nemo_logging:393]   Layer 19: n = 5.000000
[NeMo I 2026-07-24 10:47:55 nemo_logging:393]   Layer 20: n = 3.343750
[NeMo I 2026-07-24 10:47:55 nemo_logging:393]   Layer 21: n = -3.484375
[NeMo I 2026-07-24 10:47:55 nemo_logging:393]   Layer 22: n = 3.859375
[NeMo I 2026-07-24 10:47:55 nemo_logging:393]   Layer 23: n = -302.000000
INFO: Epoch 0, global step 34: 'step' reached 34.00000 (best 34.00000), saving model to '/lustre/work/pdl17996/udl62d273/phase2_output_blackwell/outputs/nemotron-1B-SSA-Triton-phase2-blackwell-bs1024-mbs8-w4s3/checkpoints/nemotron-1B-SSA-Triton-phase2-blackwell-bs1024-mbs8-w4s3-step=0000034.ckpt' as top 7
INFO:lightning.pytorch.utilities.rank_zero:Epoch 0, global step 34: 'step' reached 34.00000 (best 34.00000), saving model to '/lustre/work/pdl17996/udl62d273/phase2_output_blackwell/outputs/nemotron-1B-SSA-Triton-phase2-blackwell-bs1024-mbs8-w4s3/checkpoints/nemotron-1B-SSA-Triton-phase2-blackwell-bs1024-mbs8-w4s3-step=0000034.ckpt' as top 7
[NeMo W 2026-07-24 10:48:24 validation:389] There is difference in the common state dict in different ranks. The differences are {1: ([('optimizer', 0, 'optimizer', 'param_groups', 1, 'step')], [], []), 2: ([('optimizer', 0, 'optimizer', 'param_groups', 1, 'step')], [], []), 3: ([('optimizer', 0, 'optimizer', 'param_groups', 1, 'step')], [], []), 4: ([('optimizer', 0, 'optimizer', 'param_groups', 1, 'step')], [], []), 5: ([('optimizer', 0, 'optimizer', 'param_groups', 1, 'step')], [], []), 6: ([('optimizer', 0, 'optimizer', 'param_groups', 1, 'step')], [], []), 7: ([('optimizer', 0, 'optimizer', 'param_groups', 1, 'step')], [], []), 8: ([('optimizer', 0, 'optimizer', 'param_groups', 1, 'step')], [], []), 9: ([('optimizer', 0, 'optimizer', 'param_groups', 1, 'step')], [], []), 10: ([('optimizer', 0, 'optimizer', 'param_groups', 1, 'step')], [], []), 11: ([('optimizer', 0, 'optimizer', 'param_groups', 1, 'step')], [], []), 13: ([('optimizer', 0, 'optimizer', 'param_groups', 1, 'step')], [], []), 14: ([('optimizer', 0, 'optimizer', 'param_groups', 1, 'step')], [], []), 15: ([('optimizer', 0, 'optimizer', 'param_groups', 1, 'step')], [], [])}
Training epoch 0, iteration 33/39 | lr: 0.0002488 | global_batch_size: 1024 | global_step: 33 | reduced_train_loss: 2.126 | consumed_samples: 34816
Training epoch 0, iteration 34/39 | lr: 0.0002561 | global_batch_size: 1024 | global_step: 34 | reduced_train_loss: 2.129 | consumed_samples: 35840
[NeMo I 2026-07-24 10:48:24 nemo_logging:393] Global Checkpoint Save : Rank: 0 : Iteration: 34 : Start time: 1784882903.862s : Save duration: 0.670s
[NeMo I 2026-07-24 10:48:24 nemo_logging:393] Scheduled async checkpoint save for /lustre/work/pdl17996/udl62d273/phase2_output_blackwell/outputs/nemotron-1B-SSA-Triton-phase2-blackwell-bs1024-mbs8-w4s3/checkpoints/nemotron-1B-SSA-Triton-phase2-blackwell-bs1024-mbs8-w4s3-step=0000034.ckpt
[NeMo W 2026-07-24 10:48:25 validation:389] There is difference in the common state dict in different ranks. The differences are {1: ([('optimizer', 0, 'optimizer', 'param_groups', 1, 'step')], [], []), 2: ([('optimizer', 0, 'optimizer', 'param_groups', 1, 'step')], [], []), 3: ([('optimizer', 0, 'optimizer', 'param_groups', 1, 'step')], [], []), 4: ([('optimizer', 0, 'optimizer', 'param_groups', 1, 'step')], [], []), 5: ([('optimizer', 0, 'optimizer', 'param_groups', 1, 'step')], [], []), 6: ([('optimizer', 0, 'optimizer', 'param_groups', 1, 'step')], [], []), 7: ([('optimizer', 0, 'optimizer', 'param_groups', 1, 'step')], [], []), 8: ([('optimizer', 0, 'optimizer', 'param_groups', 1, 'step')], [], []), 9: ([('optimizer', 0, 'optimizer', 'param_groups', 1, 'step')], [], []), 10: ([('optimizer', 0, 'optimizer', 'param_groups', 1, 'step')], [], []), 11: ([('optimizer', 0, 'optimizer', 'param_groups', 1, 'step')], [], []), 13: ([('optimizer', 0, 'optimizer', 'param_groups', 1, 'step')], [], []), 14: ([('optimizer', 0, 'optimizer', 'param_groups', 1, 'step')], [], []), 15: ([('optimizer', 0, 'optimizer', 'param_groups', 1, 'step')], [], [])}
[NeMo I 2026-07-24 10:48:25 nemo_logging:393] Global Checkpoint Save : Rank: 0 : Iteration: 34 : Start time: 1784882904.840s : Save duration: 0.786s
[NeMo I 2026-07-24 10:48:25 nemo_logging:393] Scheduled async checkpoint save for /lustre/work/pdl17996/udl62d273/phase2_output_blackwell/outputs/nemotron-1B-SSA-Triton-phase2-blackwell-bs1024-mbs8-w4s3/checkpoints/nemotron-1B-SSA-Triton-phase2-blackwell-bs1024-mbs8-w4s3-step=0000034-last.ckpt
[NeMo I 2026-07-24 10:48:25 nemo_logging:393] Async finalization time took 0.004 s
[NeMo I 2026-07-24 10:48:53 nemo_logging:393] Step 36 - SSA n values:
[NeMo I 2026-07-24 10:48:53 nemo_logging:393]   Layer 0: n = 3.671875
[NeMo I 2026-07-24 10:48:53 nemo_logging:393]   Layer 1: n = 1.695312
[NeMo I 2026-07-24 10:48:53 nemo_logging:393]   Layer 2: n = 2.671875
[NeMo I 2026-07-24 10:48:53 nemo_logging:393]   Layer 3: n = 3.187500
[NeMo I 2026-07-24 10:48:53 nemo_logging:393]   Layer 4: n = 3.343750
[NeMo I 2026-07-24 10:48:53 nemo_logging:393]   Layer 5: n = 3.453125
[NeMo I 2026-07-24 10:48:53 nemo_logging:393]   Layer 6: n = 4.031250
[NeMo I 2026-07-24 10:48:53 nemo_logging:393]   Layer 7: n = 4.156250
[NeMo I 2026-07-24 10:48:53 nemo_logging:393]   Layer 8: n = 4.031250
[NeMo I 2026-07-24 10:48:53 nemo_logging:393]   Layer 9: n = 3.593750
[NeMo I 2026-07-24 10:48:53 nemo_logging:393]   Layer 10: n = 4.000000
[NeMo I 2026-07-24 10:48:53 nemo_logging:393]   Layer 11: n = 4.218750
[NeMo I 2026-07-24 10:48:53 nemo_logging:393]   Layer 12: n = 4.031250
[NeMo I 2026-07-24 10:48:53 nemo_logging:393]   Layer 13: n = 4.093750
[NeMo I 2026-07-24 10:48:53 nemo_logging:393]   Layer 14: n = 3.953125
[NeMo I 2026-07-24 10:48:53 nemo_logging:393]   Layer 15: n = 4.125000
[NeMo I 2026-07-24 10:48:53 nemo_logging:393]   Layer 16: n = 4.187500
[NeMo I 2026-07-24 10:48:53 nemo_logging:393]   Layer 17: n = 4.500000
[NeMo I 2026-07-24 10:48:53 nemo_logging:393]   Layer 18: n = 3.781250
[NeMo I 2026-07-24 10:48:53 nemo_logging:393]   Layer 19: n = 5.000000
[NeMo I 2026-07-24 10:48:53 nemo_logging:393]   Layer 20: n = 3.343750
[NeMo I 2026-07-24 10:48:53 nemo_logging:393]   Layer 21: n = -3.484375
[NeMo I 2026-07-24 10:48:53 nemo_logging:393]   Layer 22: n = 3.859375
[NeMo I 2026-07-24 10:48:53 nemo_logging:393]   Layer 23: n = -302.000000
Training epoch 0, iteration 35/39 | lr: 0.0002634 | global_batch_size: 1024 | global_step: 35 | reduced_train_loss: 2.118 | consumed_samples: 36864
[NeMo I 2026-07-24 10:48:53 nemo_logging:393] Successfully saved checkpoint from iteration      34 to /lustre/work/pdl17996/udl62d273/phase2_output_blackwell/outputs/nemotron-1B-SSA-Triton-phase2-blackwell-bs1024-mbs8-w4s3/checkpoints/nemotron-1B-SSA-Triton-phase2-blackwell-bs1024-mbs8-w4s3-step=0000034.ckpt
[NeMo I 2026-07-24 10:48:53 nemo_logging:393] Async checkpoint save for step 35 (/lustre/work/pdl17996/udl62d273/phase2_output_blackwell/outputs/nemotron-1B-SSA-Triton-phase2-blackwell-bs1024-mbs8-w4s3/checkpoints/nemotron-1B-SSA-Triton-phase2-blackwell-bs1024-mbs8-w4s3-step=0000034.ckpt) finalized successfully.
[NeMo I 2026-07-24 10:48:53 nemo_logging:393] Successfully saved checkpoint from iteration      34 to /lustre/work/pdl17996/udl62d273/phase2_output_blackwell/outputs/nemotron-1B-SSA-Triton-phase2-blackwell-bs1024-mbs8-w4s3/checkpoints/nemotron-1B-SSA-Triton-phase2-blackwell-bs1024-mbs8-w4s3-step=0000034-last.ckpt
[NeMo I 2026-07-24 10:48:53 nemo_logging:393] Async checkpoint save for step 35 (/lustre/work/pdl17996/udl62d273/phase2_output_blackwell/outputs/nemotron-1B-SSA-Triton-phase2-blackwell-bs1024-mbs8-w4s3/checkpoints/nemotron-1B-SSA-Triton-phase2-blackwell-bs1024-mbs8-w4s3-step=0000034-last.ckpt) finalized successfully.
[NeMo I 2026-07-24 10:48:54 nemo_logging:393] Async finalization time took 0.973 s
Training epoch 0, iteration 36/39 | lr: 0.0002707 | global_batch_size: 1024 | global_step: 36 | reduced_train_loss: 2.23 | consumed_samples: 37888
[NeMo I 2026-07-24 10:49:50 nemo_logging:393] Step 38 - SSA n values:
[NeMo I 2026-07-24 10:49:50 nemo_logging:393]   Layer 0: n = 3.671875
[NeMo I 2026-07-24 10:49:50 nemo_logging:393]   Layer 1: n = 1.695312
[NeMo I 2026-07-24 10:49:50 nemo_logging:393]   Layer 2: n = 2.671875
[NeMo I 2026-07-24 10:49:50 nemo_logging:393]   Layer 3: n = 3.187500
[NeMo I 2026-07-24 10:49:50 nemo_logging:393]   Layer 4: n = 3.343750
[NeMo I 2026-07-24 10:49:50 nemo_logging:393]   Layer 5: n = 3.453125
[NeMo I 2026-07-24 10:49:50 nemo_logging:393]   Layer 6: n = 4.031250
[NeMo I 2026-07-24 10:49:50 nemo_logging:393]   Layer 7: n = 4.156250
[NeMo I 2026-07-24 10:49:50 nemo_logging:393]   Layer 8: n = 4.031250
[NeMo I 2026-07-24 10:49:50 nemo_logging:393]   Layer 9: n = 3.593750
[NeMo I 2026-07-24 10:49:50 nemo_logging:393]   Layer 10: n = 4.000000
[NeMo I 2026-07-24 10:49:50 nemo_logging:393]   Layer 11: n = 4.218750
[NeMo I 2026-07-24 10:49:50 nemo_logging:393]   Layer 12: n = 4.031250
[NeMo I 2026-07-24 10:49:50 nemo_logging:393]   Layer 13: n = 4.093750
[NeMo I 2026-07-24 10:49:50 nemo_logging:393]   Layer 14: n = 3.953125
[NeMo I 2026-07-24 10:49:50 nemo_logging:393]   Layer 15: n = 4.125000
[NeMo I 2026-07-24 10:49:50 nemo_logging:393]   Layer 16: n = 4.187500
[NeMo I 2026-07-24 10:49:50 nemo_logging:393]   Layer 17: n = 4.500000
[NeMo I 2026-07-24 10:49:50 nemo_logging:393]   Layer 18: n = 3.781250
[NeMo I 2026-07-24 10:49:50 nemo_logging:393]   Layer 19: n = 5.000000
[NeMo I 2026-07-24 10:49:50 nemo_logging:393]   Layer 20: n = 3.343750
[NeMo I 2026-07-24 10:49:50 nemo_logging:393]   Layer 21: n = -3.484375
[NeMo I 2026-07-24 10:49:50 nemo_logging:393]   Layer 22: n = 3.859375
[NeMo I 2026-07-24 10:49:50 nemo_logging:393]   Layer 23: n = -302.000000
Training epoch 0, iteration 37/39 | lr: 0.000278 | global_batch_size: 1024 | global_step: 37 | reduced_train_loss: 2.233 | consumed_samples: 38912
Training epoch 0, iteration 38/39 | lr: 0.0002854 | global_batch_size: 1024 | global_step: 38 | reduced_train_loss: 2.311 | consumed_samples: 39936
[NeMo I 2026-07-24 10:50:46 nemo_logging:393] Step 40 - SSA n values:
[NeMo I 2026-07-24 10:50:46 nemo_logging:393]   Layer 0: n = 3.671875
[NeMo I 2026-07-24 10:50:46 nemo_logging:393]   Layer 1: n = 1.695312
[NeMo I 2026-07-24 10:50:46 nemo_logging:393]   Layer 2: n = 2.671875
[NeMo I 2026-07-24 10:50:46 nemo_logging:393]   Layer 3: n = 3.187500
[NeMo I 2026-07-24 10:50:46 nemo_logging:393]   Layer 4: n = 3.343750
[NeMo I 2026-07-24 10:50:46 nemo_logging:393]   Layer 5: n = 3.453125
[NeMo I 2026-07-24 10:50:46 nemo_logging:393]   Layer 6: n = 4.031250
[NeMo I 2026-07-24 10:50:46 nemo_logging:393]   Layer 7: n = 4.156250
[NeMo I 2026-07-24 10:50:46 nemo_logging:393]   Layer 8: n = 4.031250
[NeMo I 2026-07-24 10:50:46 nemo_logging:393]   Layer 9: n = 3.593750
[NeMo I 2026-07-24 10:50:46 nemo_logging:393]   Layer 10: n = 4.000000
[NeMo I 2026-07-24 10:50:46 nemo_logging:393]   Layer 11: n = 4.218750
[NeMo I 2026-07-24 10:50:46 nemo_logging:393]   Layer 12: n = 4.031250
[NeMo I 2026-07-24 10:50:46 nemo_logging:393]   Layer 13: n = 4.093750
[NeMo I 2026-07-24 10:50:46 nemo_logging:393]   Layer 14: n = 3.953125
[NeMo I 2026-07-24 10:50:46 nemo_logging:393]   Layer 15: n = 4.125000
[NeMo I 2026-07-24 10:50:46 nemo_logging:393]   Layer 16: n = 4.187500
[NeMo I 2026-07-24 10:50:46 nemo_logging:393]   Layer 17: n = 4.500000
[NeMo I 2026-07-24 10:50:46 nemo_logging:393]   Layer 18: n = 3.781250
[NeMo I 2026-07-24 10:50:46 nemo_logging:393]   Layer 19: n = 5.000000
[NeMo I 2026-07-24 10:50:46 nemo_logging:393]   Layer 20: n = 3.343750
[NeMo I 2026-07-24 10:50:46 nemo_logging:393]   Layer 21: n = -3.484375
[NeMo I 2026-07-24 10:50:46 nemo_logging:393]   Layer 22: n = 3.859375
[NeMo I 2026-07-24 10:50:46 nemo_logging:393]   Layer 23: n = -302.000000
INFO: Epoch 0, global step 39: 'step' reached 39.00000 (best 39.00000), saving model to '/lustre/work/pdl17996/udl62d273/phase2_output_blackwell/outputs/nemotron-1B-SSA-Triton-phase2-blackwell-bs1024-mbs8-w4s3/checkpoints/nemotron-1B-SSA-Triton-phase2-blackwell-bs1024-mbs8-w4s3-step=0000039.ckpt' as top 8
INFO:lightning.pytorch.utilities.rank_zero:Epoch 0, global step 39: 'step' reached 39.00000 (best 39.00000), saving model to '/lustre/work/pdl17996/udl62d273/phase2_output_blackwell/outputs/nemotron-1B-SSA-Triton-phase2-blackwell-bs1024-mbs8-w4s3/checkpoints/nemotron-1B-SSA-Triton-phase2-blackwell-bs1024-mbs8-w4s3-step=0000039.ckpt' as top 8
[NeMo W 2026-07-24 10:50:46 validation:389] There is difference in the common state dict in different ranks. The differences are {1: ([('optimizer', 0, 'optimizer', 'param_groups', 1, 'step')], [], []), 2: ([('optimizer', 0, 'optimizer', 'param_groups', 1, 'step')], [], []), 3: ([('optimizer', 0, 'optimizer', 'param_groups', 1, 'step')], [], []), 4: ([('optimizer', 0, 'optimizer', 'param_groups', 1, 'step')], [], []), 5: ([('optimizer', 0, 'optimizer', 'param_groups', 1, 'step')], [], []), 6: ([('optimizer', 0, 'optimizer', 'param_groups', 1, 'step')], [], []), 7: ([('optimizer', 0, 'optimizer', 'param_groups', 1, 'step')], [], []), 8: ([('optimizer', 0, 'optimizer', 'param_groups', 1, 'step')], [], []), 9: ([('optimizer', 0, 'optimizer', 'param_groups', 1, 'step')], [], []), 10: ([('optimizer', 0, 'optimizer', 'param_groups', 1, 'step')], [], []), 11: ([('optimizer', 0, 'optimizer', 'param_groups', 1, 'step')], [], []), 13: ([('optimizer', 0, 'optimizer', 'param_groups', 1, 'step')], [], []), 14: ([('optimizer', 0, 'optimizer', 'param_groups', 1, 'step')], [], []), 15: ([('optimizer', 0, 'optimizer', 'param_groups', 1, 'step')], [], [])}
Training epoch 0, iteration 39/39 | lr: 0.0002927 | global_batch_size: 1024 | global_step: 39 | reduced_train_loss: 2.303 | consumed_samples: 40960
[NeMo I 2026-07-24 10:50:46 nemo_logging:393] Global Checkpoint Save : Rank: 0 : Iteration: 39 : Start time: 1784883046.119s : Save duration: 0.738s
[NeMo I 2026-07-24 10:50:47 nemo_logging:393] Scheduled async checkpoint save for /lustre/work/pdl17996/udl62d273/phase2_output_blackwell/outputs/nemotron-1B-SSA-Triton-phase2-blackwell-bs1024-mbs8-w4s3/checkpoints/nemotron-1B-SSA-Triton-phase2-blackwell-bs1024-mbs8-w4s3-step=0000039.ckpt
[NeMo W 2026-07-24 10:50:47 validation:389] There is difference in the common state dict in different ranks. The differences are {1: ([('optimizer', 0, 'optimizer', 'param_groups', 1, 'step')], [], []), 2: ([('optimizer', 0, 'optimizer', 'param_groups', 1, 'step')], [], []), 3: ([('optimizer', 0, 'optimizer', 'param_groups', 1, 'step')], [], []), 4: ([('optimizer', 0, 'optimizer', 'param_groups', 1, 'step')], [], []), 5: ([('optimizer', 0, 'optimizer', 'param_groups', 1, 'step')], [], []), 6: ([('optimizer', 0, 'optimizer', 'param_groups', 1, 'step')], [], []), 7: ([('optimizer', 0, 'optimizer', 'param_groups', 1, 'step')], [], []), 8: ([('optimizer', 0, 'optimizer', 'param_groups', 1, 'step')], [], []), 9: ([('optimizer', 0, 'optimizer', 'param_groups', 1, 'step')], [], []), 10: ([('optimizer', 0, 'optimizer', 'param_groups', 1, 'step')], [], []), 11: ([('optimizer', 0, 'optimizer', 'param_groups', 1, 'step')], [], []), 13: ([('optimizer', 0, 'optimizer', 'param_groups', 1, 'step')], [], []), 14: ([('optimizer', 0, 'optimizer', 'param_groups', 1, 'step')], [], []), 15: ([('optimizer', 0, 'optimizer', 'param_groups', 1, 'step')], [], [])}
[NeMo I 2026-07-24 10:50:47 nemo_logging:393] Global Checkpoint Save : Rank: 0 : Iteration: 39 : Start time: 1784883047.153s : Save duration: 0.846s
[NeMo I 2026-07-24 10:50:48 nemo_logging:393] Scheduled async checkpoint save for /lustre/work/pdl17996/udl62d273/phase2_output_blackwell/outputs/nemotron-1B-SSA-Triton-phase2-blackwell-bs1024-mbs8-w4s3/checkpoints/nemotron-1B-SSA-Triton-phase2-blackwell-bs1024-mbs8-w4s3-step=0000039-last.ckpt
[NeMo I 2026-07-24 10:50:48 nemo_logging:393] Async finalization time took 0.004 s
[NeMo I 2026-07-24 10:50:48 nemo_logging:393] Async finalization time took 0.001 s
INFO: `Trainer.fit` stopped: `max_steps=40` reached.
INFO:lightning.pytorch.utilities.rank_zero:`Trainer.fit` stopped: `max_steps=40` reached.
[NeMo I 2026-07-24 10:50:48 nemo_logging:393] Pending async checkpoint saves. Finalizing them synchronously now
[NeMo I 2026-07-24 10:50:48 nemo_logging:393] Successfully saved checkpoint from iteration      39 to /lustre/work/pdl17996/udl62d273/phase2_output_blackwell/outputs/nemotron-1B-SSA-Triton-phase2-blackwell-bs1024-mbs8-w4s3/checkpoints/nemotron-1B-SSA-Triton-phase2-blackwell-bs1024-mbs8-w4s3-step=0000039.ckpt
[NeMo I 2026-07-24 10:50:48 nemo_logging:393] Async checkpoint save for step 40 (/lustre/work/pdl17996/udl62d273/phase2_output_blackwell/outputs/nemotron-1B-SSA-Triton-phase2-blackwell-bs1024-mbs8-w4s3/checkpoints/nemotron-1B-SSA-Triton-phase2-blackwell-bs1024-mbs8-w4s3-step=0000039.ckpt) finalized successfully.
[NeMo I 2026-07-24 10:50:49 nemo_logging:393] Successfully saved checkpoint from iteration      39 to /lustre/work/pdl17996/udl62d273/phase2_output_blackwell/outputs/nemotron-1B-SSA-Triton-phase2-blackwell-bs1024-mbs8-w4s3/checkpoints/nemotron-1B-SSA-Triton-phase2-blackwell-bs1024-mbs8-w4s3-step=0000039-last.ckpt
[NeMo I 2026-07-24 10:50:49 nemo_logging:393] Async checkpoint save for step 40 (/lustre/work/pdl17996/udl62d273/phase2_output_blackwell/outputs/nemotron-1B-SSA-Triton-phase2-blackwell-bs1024-mbs8-w4s3/checkpoints/nemotron-1B-SSA-Triton-phase2-blackwell-bs1024-mbs8-w4s3-step=0000039-last.ckpt) finalized successfully.
[NeMo I 2026-07-24 10:50:50 nemo_logging:393] Async finalization time took 2.124 s
INFO:__main__:Finished SSA Triton training run in 1217.4 seconds.
INFO:__main__:Finished SSA Triton training run in 1218.8 seconds.
INFO:__main__:Finished SSA Triton training run in 1218.6 seconds.
INFO:__main__:Finished SSA Triton training run in 1218.9 seconds.
INFO:__main__:Finished SSA Triton training run in 1219.0 seconds.
INFO:__main__:Finished SSA Triton training run in 1219.0 seconds.
INFO:__main__:Finished SSA Triton training run in 1219.0 seconds.
INFO:__main__:Finished SSA Triton training run in 1219.3 seconds.
INFO:__main__:Finished SSA Triton training run in 1219.8 seconds.
INFO:__main__:Finished SSA Triton training run in 1219.4 seconds.
INFO:__main__:Finished SSA Triton training run in 1219.4 seconds.
INFO:__main__:Finished SSA Triton training run in 1219.4 seconds.
INFO:__main__:Finished SSA Triton training run in 1219.6 seconds.
INFO:__main__:Finished SSA Triton training run in 1220.7 seconds.
INFO:__main__:Finished SSA Triton training run in 1221.1 seconds.
INFO:__main__:Finished SSA Triton training run in 1220.2 seconds.
==========================================
SSA Triton Training finished with status 0
==========================================
