===========================================
Starting SSA FlexAttention Training
Datamix:     /tmpdir/m24047brmn/nemo_1b/data_fwe_50k/datamix_fineweb_edu_50k.json
Output:      /tmpdir/m24047brmn/nemo_1b/output
Nodes:       6
Duration:    00:24:00:00
SSA n:       1.5
SSA b:       0.8
SSA fixed:   0
Learnable b: 0
Backend:     AUTO
Compile:     1
===========================================
W0211 11:57:55.761000 1376187 torch/distributed/run.py:763] 
W0211 11:57:55.761000 1376187 torch/distributed/run.py:763] *****************************************
W0211 11:57:55.761000 1376187 torch/distributed/run.py:763] Setting OMP_NUM_THREADS environment variable for each process to be 1 in default, to avoid your system being overloaded, please further tune the variable for optimal performance in your application as needed. 
W0211 11:57:55.761000 1376187 torch/distributed/run.py:763] *****************************************
W0211 11:57:55.832000 2381040 torch/distributed/run.py:763] 
W0211 11:57:55.832000 2381040 torch/distributed/run.py:763] *****************************************
W0211 11:57:55.832000 2381040 torch/distributed/run.py:763] Setting OMP_NUM_THREADS environment variable for each process to be 1 in default, to avoid your system being overloaded, please further tune the variable for optimal performance in your application as needed. 
W0211 11:57:55.832000 2381040 torch/distributed/run.py:763] *****************************************
W0211 11:57:55.875000 1001893 torch/distributed/run.py:763] 
W0211 11:57:55.875000 1001893 torch/distributed/run.py:763] *****************************************
W0211 11:57:55.875000 1001893 torch/distributed/run.py:763] Setting OMP_NUM_THREADS environment variable for each process to be 1 in default, to avoid your system being overloaded, please further tune the variable for optimal performance in your application as needed. 
W0211 11:57:55.875000 1001893 torch/distributed/run.py:763] *****************************************
W0211 11:57:55.935000 124529 torch/distributed/run.py:763] 
W0211 11:57:55.935000 124529 torch/distributed/run.py:763] *****************************************
W0211 11:57:55.935000 124529 torch/distributed/run.py:763] Setting OMP_NUM_THREADS environment variable for each process to be 1 in default, to avoid your system being overloaded, please further tune the variable for optimal performance in your application as needed. 
W0211 11:57:55.935000 124529 torch/distributed/run.py:763] *****************************************
W0211 11:57:55.942000 3175333 torch/distributed/run.py:763] 
W0211 11:57:55.942000 3175333 torch/distributed/run.py:763] *****************************************
W0211 11:57:55.942000 3175333 torch/distributed/run.py:763] Setting OMP_NUM_THREADS environment variable for each process to be 1 in default, to avoid your system being overloaded, please further tune the variable for optimal performance in your application as needed. 
W0211 11:57:55.942000 3175333 torch/distributed/run.py:763] *****************************************
W0211 11:57:55.949000 3291119 torch/distributed/run.py:763] 
W0211 11:57:55.949000 3291119 torch/distributed/run.py:763] *****************************************
W0211 11:57:55.949000 3291119 torch/distributed/run.py:763] Setting OMP_NUM_THREADS environment variable for each process to be 1 in default, to avoid your system being overloaded, please further tune the variable for optimal performance in your application as needed. 
W0211 11:57:55.949000 3291119 torch/distributed/run.py:763] *****************************************
[rank: 0] Seed set to 1234
[rank: 1] Seed set to 1234
[rank: 7] Seed set to 1234
[rank: 6] Seed set to 1234
[rank: 10] Seed set to 1234
[rank: 11] Seed set to 1234
[rank: 4] Seed set to 1234
[rank: 5] Seed set to 1234
[rank: 3] Seed set to 1234
[rank: 2] Seed set to 1234
[rank: 9] Seed set to 1234
[rank: 8] Seed set to 1234
INFO:faiss.loader:Loading faiss.
INFO:faiss.loader:Loading faiss.
INFO:faiss.loader:Loading faiss.
INFO:faiss.loader:Loading faiss.
INFO:faiss.loader:Successfully loaded faiss.
INFO:faiss.loader:Successfully loaded faiss.
INFO:faiss.loader:Successfully loaded faiss.
INFO:faiss.loader:Successfully loaded faiss.
INFO:faiss.loader:Loading faiss.
INFO:faiss.loader:Loading faiss.
INFO:faiss.loader:Successfully loaded faiss.
INFO:faiss.loader:Successfully loaded faiss.
INFO:faiss.loader:Loading faiss.
INFO:faiss.loader:Loading faiss.
INFO:faiss.loader:Successfully loaded faiss.
INFO:faiss.loader:Successfully loaded faiss.
INFO:faiss.loader:Loading faiss.
INFO:faiss.loader:Loading faiss.
INFO:faiss.loader:Successfully loaded faiss.
INFO:faiss.loader:Successfully loaded faiss.
INFO:faiss.loader:Loading faiss.
INFO:faiss.loader:Loading faiss.
INFO:faiss.loader:Successfully loaded faiss.
INFO:faiss.loader:Successfully loaded faiss.
[NeMo W 2026-02-11 11:58:30 nemo_logging:405] /usr/local/lib/python3.12/dist-packages/pydub/utils.py:170: RuntimeWarning: Couldn't find ffmpeg or avconv - defaulting to ffmpeg, but may not work
      warn("Couldn't find ffmpeg or avconv - defaulting to ffmpeg, but may not work", RuntimeWarning)
    
INFO:datasets:PyTorch version 2.7.0a0+7c8ec84dab.nv25.3 available.
INFO:datasets:Polars version 1.21.0 available.
INFO:datasets:PyTorch version 2.7.0a0+7c8ec84dab.nv25.3 available.
INFO:datasets:Polars version 1.21.0 available.
INFO:datasets:PyTorch version 2.7.0a0+7c8ec84dab.nv25.3 available.
INFO:datasets:Polars version 1.21.0 available.
INFO:datasets:PyTorch version 2.7.0a0+7c8ec84dab.nv25.3 available.
INFO:datasets:Polars version 1.21.0 available.
INFO:datasets:PyTorch version 2.7.0a0+7c8ec84dab.nv25.3 available.
INFO:datasets:Polars version 1.21.0 available.
INFO:datasets:PyTorch version 2.7.0a0+7c8ec84dab.nv25.3 available.
INFO:datasets:Polars version 1.21.0 available.
INFO:datasets:PyTorch version 2.7.0a0+7c8ec84dab.nv25.3 available.
INFO:datasets:Polars version 1.21.0 available.
INFO:datasets:PyTorch version 2.7.0a0+7c8ec84dab.nv25.3 available.
INFO:datasets:Polars version 1.21.0 available.
INFO:datasets:PyTorch version 2.7.0a0+7c8ec84dab.nv25.3 available.
INFO:datasets:Polars version 1.21.0 available.
INFO:datasets:PyTorch version 2.7.0a0+7c8ec84dab.nv25.3 available.
INFO:datasets:Polars version 1.21.0 available.
INFO:datasets:PyTorch version 2.7.0a0+7c8ec84dab.nv25.3 available.
INFO:datasets:Polars version 1.21.0 available.
INFO:datasets:PyTorch version 2.7.0a0+7c8ec84dab.nv25.3 available.
INFO:datasets:Polars version 1.21.0 available.
INFO:utils:{'tokenizer': '/work/m24047/m24047brmn/tokenizers/luciole_50k', 'data_path': '/tmpdir/m24047brmn/nemo_1b/data_fwe_50k', 'total_tokens': 10000000000, 'train': [{'name': 'fineweb_edu_text_document', 'weight': 1.0}]}
INFO:utils:{'tokenizer': '/work/m24047/m24047brmn/tokenizers/luciole_50k', 'data_path': '/tmpdir/m24047brmn/nemo_1b/data_fwe_50k', 'total_tokens': 10000000000, 'train': [{'name': 'fineweb_edu_text_document', 'weight': 1.0}]}
INFO:utils:Find tokenizer: /work/m24047/m24047brmn/tokenizers/luciole_50k
INFO:__main__:Global batch size: 768
INFO:__main__:Sequence length: 1024
INFO:__main__:Tokens per batch: 786432
INFO:__main__:Total tokens in datamix: 10000000000
INFO:__main__:Using provided global_max_steps: 60000
INFO:__main__:Patched megatron.core.optimizer (accepted params: {'model_chunks', 'use_gloo_process_groups', 'lr_mult', 'scale_lr_cond', 'no_weight_decay_cond', 'config'})
[NeMo I 2026-02-11 11:58:38 nemo_logging:393] Getting HuggingFace AutoTokenizer with pretrained_model_name: /work/m24047/m24047brmn/tokenizers/luciole_50k, vocab_file: None, merges_files: None, special_tokens_dict: {}, and use_fast: True
INFO:utils:Find tokenizer: /work/m24047/m24047brmn/tokenizers/luciole_50k
INFO:__main__:Global batch size: 768
INFO:__main__:Sequence length: 1024
INFO:__main__:Tokens per batch: 786432
INFO:__main__:Total tokens in datamix: 10000000000
INFO:__main__:Using provided global_max_steps: 60000
INFO:__main__:Patched megatron.core.optimizer (accepted params: {'lr_mult', 'model_chunks', 'no_weight_decay_cond', 'config', 'use_gloo_process_groups', 'scale_lr_cond'})
INFO:utils:{'tokenizer': '/work/m24047/m24047brmn/tokenizers/luciole_50k', 'data_path': '/tmpdir/m24047brmn/nemo_1b/data_fwe_50k', 'total_tokens': 10000000000, 'train': [{'name': 'fineweb_edu_text_document', 'weight': 1.0}]}
INFO:utils:{'tokenizer': '/work/m24047/m24047brmn/tokenizers/luciole_50k', 'data_path': '/tmpdir/m24047brmn/nemo_1b/data_fwe_50k', 'total_tokens': 10000000000, 'train': [{'name': 'fineweb_edu_text_document', 'weight': 1.0}]}
INFO:utils:Find tokenizer: /work/m24047/m24047brmn/tokenizers/luciole_50k
INFO:__main__:Global batch size: 768
INFO:__main__:Sequence length: 1024
INFO:__main__:Tokens per batch: 786432
INFO:__main__:Total tokens in datamix: 10000000000
INFO:__main__:Using provided global_max_steps: 60000
INFO:__main__:Patched megatron.core.optimizer (accepted params: {'config', 'use_gloo_process_groups', 'model_chunks', 'lr_mult', 'no_weight_decay_cond', 'scale_lr_cond'})
INFO:utils:Find tokenizer: /work/m24047/m24047brmn/tokenizers/luciole_50k
INFO:__main__:Global batch size: 768
INFO:__main__:Sequence length: 1024
INFO:__main__:Tokens per batch: 786432
INFO:__main__:Total tokens in datamix: 10000000000
INFO:__main__:Using provided global_max_steps: 60000
INFO:__main__:Patched megatron.core.optimizer (accepted params: {'scale_lr_cond', 'config', 'lr_mult', 'model_chunks', 'no_weight_decay_cond', 'use_gloo_process_groups'})
INFO:utils:{'tokenizer': '/work/m24047/m24047brmn/tokenizers/luciole_50k', 'data_path': '/tmpdir/m24047brmn/nemo_1b/data_fwe_50k', 'total_tokens': 10000000000, 'train': [{'name': 'fineweb_edu_text_document', 'weight': 1.0}]}
INFO:utils:{'tokenizer': '/work/m24047/m24047brmn/tokenizers/luciole_50k', 'data_path': '/tmpdir/m24047brmn/nemo_1b/data_fwe_50k', 'total_tokens': 10000000000, 'train': [{'name': 'fineweb_edu_text_document', 'weight': 1.0}]}
INFO:utils:Find tokenizer: /work/m24047/m24047brmn/tokenizers/luciole_50k
INFO:__main__:Global batch size: 768
INFO:__main__:Sequence length: 1024
INFO:__main__:Tokens per batch: 786432
INFO:__main__:Total tokens in datamix: 10000000000
INFO:__main__:Using provided global_max_steps: 60000
INFO:__main__:Patched megatron.core.optimizer (accepted params: {'model_chunks', 'scale_lr_cond', 'config', 'lr_mult', 'use_gloo_process_groups', 'no_weight_decay_cond'})
INFO:utils:Find tokenizer: /work/m24047/m24047brmn/tokenizers/luciole_50k
INFO:__main__:Global batch size: 768
INFO:__main__:Sequence length: 1024
INFO:__main__:Tokens per batch: 786432
INFO:__main__:Total tokens in datamix: 10000000000
INFO:__main__:Using provided global_max_steps: 60000
INFO:__main__:Patched megatron.core.optimizer (accepted params: {'config', 'scale_lr_cond', 'lr_mult', 'model_chunks', 'use_gloo_process_groups', 'no_weight_decay_cond'})
INFO:utils:{'tokenizer': '/work/m24047/m24047brmn/tokenizers/luciole_50k', 'data_path': '/tmpdir/m24047brmn/nemo_1b/data_fwe_50k', 'total_tokens': 10000000000, 'train': [{'name': 'fineweb_edu_text_document', 'weight': 1.0}]}
INFO:utils:{'tokenizer': '/work/m24047/m24047brmn/tokenizers/luciole_50k', 'data_path': '/tmpdir/m24047brmn/nemo_1b/data_fwe_50k', 'total_tokens': 10000000000, 'train': [{'name': 'fineweb_edu_text_document', 'weight': 1.0}]}
INFO:utils:Find tokenizer: /work/m24047/m24047brmn/tokenizers/luciole_50k
INFO:__main__:Global batch size: 768
INFO:__main__:Sequence length: 1024
INFO:__main__:Tokens per batch: 786432
INFO:__main__:Total tokens in datamix: 10000000000
INFO:__main__:Using provided global_max_steps: 60000
INFO:__main__:Patched megatron.core.optimizer (accepted params: {'use_gloo_process_groups', 'no_weight_decay_cond', 'config', 'lr_mult', 'scale_lr_cond', 'model_chunks'})
INFO:utils:Find tokenizer: /work/m24047/m24047brmn/tokenizers/luciole_50k
INFO:__main__:Global batch size: 768
INFO:__main__:Sequence length: 1024
INFO:__main__:Tokens per batch: 786432
INFO:__main__:Total tokens in datamix: 10000000000
INFO:__main__:Using provided global_max_steps: 60000
INFO:__main__:Patched megatron.core.optimizer (accepted params: {'lr_mult', 'model_chunks', 'no_weight_decay_cond', 'use_gloo_process_groups', 'config', 'scale_lr_cond'})
INFO:utils:{'tokenizer': '/work/m24047/m24047brmn/tokenizers/luciole_50k', 'data_path': '/tmpdir/m24047brmn/nemo_1b/data_fwe_50k', 'total_tokens': 10000000000, 'train': [{'name': 'fineweb_edu_text_document', 'weight': 1.0}]}
INFO:utils:{'tokenizer': '/work/m24047/m24047brmn/tokenizers/luciole_50k', 'data_path': '/tmpdir/m24047brmn/nemo_1b/data_fwe_50k', 'total_tokens': 10000000000, 'train': [{'name': 'fineweb_edu_text_document', 'weight': 1.0}]}
INFO:utils:Find tokenizer: /work/m24047/m24047brmn/tokenizers/luciole_50k
INFO:__main__:Global batch size: 768
INFO:__main__:Sequence length: 1024
INFO:__main__:Tokens per batch: 786432
INFO:__main__:Total tokens in datamix: 10000000000
INFO:__main__:Using provided global_max_steps: 60000
INFO:__main__:Patched megatron.core.optimizer (accepted params: {'model_chunks', 'scale_lr_cond', 'use_gloo_process_groups', 'config', 'lr_mult', 'no_weight_decay_cond'})
INFO:utils:Find tokenizer: /work/m24047/m24047brmn/tokenizers/luciole_50k
INFO:__main__:Global batch size: 768
INFO:__main__:Sequence length: 1024
INFO:__main__:Tokens per batch: 786432
INFO:__main__:Total tokens in datamix: 10000000000
INFO:__main__:Using provided global_max_steps: 60000
INFO:__main__:Patched megatron.core.optimizer (accepted params: {'lr_mult', 'model_chunks', 'use_gloo_process_groups', 'config', 'scale_lr_cond', 'no_weight_decay_cond'})
INFO:utils:{'tokenizer': '/work/m24047/m24047brmn/tokenizers/luciole_50k', 'data_path': '/tmpdir/m24047brmn/nemo_1b/data_fwe_50k', 'total_tokens': 10000000000, 'train': [{'name': 'fineweb_edu_text_document', 'weight': 1.0}]}
INFO:utils:{'tokenizer': '/work/m24047/m24047brmn/tokenizers/luciole_50k', 'data_path': '/tmpdir/m24047brmn/nemo_1b/data_fwe_50k', 'total_tokens': 10000000000, 'train': [{'name': 'fineweb_edu_text_document', 'weight': 1.0}]}
INFO:utils:Find tokenizer: /work/m24047/m24047brmn/tokenizers/luciole_50k
INFO:__main__:Global batch size: 768
INFO:__main__:Sequence length: 1024
INFO:__main__:Tokens per batch: 786432
INFO:__main__:Total tokens in datamix: 10000000000
INFO:__main__:Using provided global_max_steps: 60000
INFO:__main__:Patched megatron.core.optimizer (accepted params: {'model_chunks', 'config', 'no_weight_decay_cond', 'use_gloo_process_groups', 'lr_mult', 'scale_lr_cond'})
INFO:utils:Find tokenizer: /work/m24047/m24047brmn/tokenizers/luciole_50k
INFO:__main__:Global batch size: 768
INFO:__main__:Sequence length: 1024
INFO:__main__:Tokens per batch: 786432
INFO:__main__:Total tokens in datamix: 10000000000
INFO:__main__:Using provided global_max_steps: 60000
INFO:__main__:Patched megatron.core.optimizer (accepted params: {'no_weight_decay_cond', 'scale_lr_cond', 'model_chunks', 'config', 'lr_mult', 'use_gloo_process_groups'})
INFO:__main__:SSA FlexAttention: n=1.500, b=0.800, learnable_n=True, learnable_b=False, compile=True, bda_compile=True, backend=AUTO, fp32_score_mod=False
INFO:__main__:SSA FlexAttention: n=1.500, b=0.800, learnable_n=True, learnable_b=False, compile=True, bda_compile=True, backend=AUTO, fp32_score_mod=False
INFO:__main__:Training from scratch, trainer.max_steps = 5000
INFO:__main__:Training from scratch, trainer.max_steps = 5000
INFO:__main__:LR scheduler max_steps = 60000, warmup_steps = 500
INFO:__main__:LR scheduler max_steps = 60000, warmup_steps = 500
INFO:__main__:SSA FlexAttention: n=1.500, b=0.800, learnable_n=True, learnable_b=False, compile=True, bda_compile=True, backend=AUTO, fp32_score_mod=False
INFO:__main__:SSA FlexAttention: n=1.500, b=0.800, learnable_n=True, learnable_b=False, compile=True, bda_compile=True, backend=AUTO, fp32_score_mod=False
INFO:__main__:Training from scratch, trainer.max_steps = 5000
INFO:__main__:Training from scratch, trainer.max_steps = 5000
INFO:__main__:LR scheduler max_steps = 60000, warmup_steps = 500
INFO:__main__:LR scheduler max_steps = 60000, warmup_steps = 500
INFO:__main__:SSA FlexAttention: n=1.500, b=0.800, learnable_n=True, learnable_b=False, compile=True, bda_compile=True, backend=AUTO, fp32_score_mod=False
INFO:__main__:SSA FlexAttention: n=1.500, b=0.800, learnable_n=True, learnable_b=False, compile=True, bda_compile=True, backend=AUTO, fp32_score_mod=False
INFO:__main__:Training from scratch, trainer.max_steps = 5000
INFO:__main__:Training from scratch, trainer.max_steps = 5000
INFO:__main__:LR scheduler max_steps = 60000, warmup_steps = 500
INFO:__main__:LR scheduler max_steps = 60000, warmup_steps = 500
INFO:utils:Config saved to /tmpdir/m24047brmn/nemo_1b/output/job_76789/config_baby_luciole-ssa-flex-test.json
INFO:utils:Config saved to /tmpdir/m24047brmn/nemo_1b/output/job_76789/config_baby_luciole-ssa-flex-test.json
INFO:utils:Config saved to /tmpdir/m24047brmn/nemo_1b/output/job_76789/config_baby_luciole-ssa-flex-test.json
INFO:utils:Config saved to /tmpdir/m24047brmn/nemo_1b/output/job_76789/config_baby_luciole-ssa-flex-test.json
INFO:__main__:SSA FlexAttention: n=1.500, b=0.800, learnable_n=True, learnable_b=False, compile=True, bda_compile=True, backend=AUTO, fp32_score_mod=False
INFO:__main__:SSA FlexAttention: n=1.500, b=0.800, learnable_n=True, learnable_b=False, compile=True, bda_compile=True, backend=AUTO, fp32_score_mod=False
INFO:__main__:Training from scratch, trainer.max_steps = 5000
INFO:__main__:Training from scratch, trainer.max_steps = 5000
INFO:__main__:LR scheduler max_steps = 60000, warmup_steps = 500
INFO:__main__:LR scheduler max_steps = 60000, warmup_steps = 500
INFO:utils:Config saved to /tmpdir/m24047brmn/nemo_1b/output/job_76789/config_baby_luciole-ssa-flex-test.json
INFO:utils:Config saved to /tmpdir/m24047brmn/nemo_1b/output/job_76789/config_baby_luciole-ssa-flex-test.json
INFO: GPU available: True (cuda), used: True
INFO:lightning.pytorch.utilities.rank_zero:GPU available: True (cuda), used: True
INFO: TPU available: False, using: 0 TPU cores
INFO:lightning.pytorch.utilities.rank_zero:TPU available: False, using: 0 TPU cores
INFO: HPU available: False, using: 0 HPUs
INFO:lightning.pytorch.utilities.rank_zero:HPU available: False, using: 0 HPUs
[NeMo W 2026-02-11 11:58:42 nemo_logging:405] No version folders would be created under the log folder as 'resume_if_exists' is enabled.
[NeMo I 2026-02-11 11:58:42 nemo_logging:393] Experiments will be logged at /tmpdir/m24047brmn/nemo_1b/output/baby_luciole-ssa-flex-test
[NeMo W 2026-02-11 11:58:42 nemo_logging:405] "update_logger_directory" is True. Overwriting tensorboard logger "save_dir" to /tmpdir/m24047brmn/nemo_1b/output/tb_logs
[NeMo W 2026-02-11 11:58:42 nemo_logging:405] The Trainer already contains a ModelCheckpoint callback. This will be overwritten.
[NeMo W 2026-02-11 11:58:42 nemo_logging:405] There were no checkpoints found in checkpoint_dir or no checkpoint folder at checkpoint_dir :/tmpdir/m24047brmn/nemo_1b/output/baby_luciole-ssa-flex-test/checkpoints. Training from scratch.
[NeMo I 2026-02-11 11:58:42 nemo_logging:393] Fixing mis-match between ddp-config & mcore-optimizer config
[NeMo I 2026-02-11 11:58:42 nemo_logging:393] Rank 0 has data parallel group : [0, 1, 2, 3, 4, 5, 6, 7, 8, 9, 10, 11]
[NeMo I 2026-02-11 11:58:42 nemo_logging:393] Rank 0 has combined group of data parallel and context parallel : [0, 1, 2, 3, 4, 5, 6, 7, 8, 9, 10, 11]
[NeMo I 2026-02-11 11:58:42 nemo_logging:393] All data parallel group ranks with context parallel combined: [[0, 1, 2, 3, 4, 5, 6, 7, 8, 9, 10, 11]]
[NeMo I 2026-02-11 11:58:42 nemo_logging:393] Ranks 0 has data parallel rank: 0
[NeMo I 2026-02-11 11:58:42 nemo_logging:393] Rank 0 has context parallel group: [0]
[NeMo I 2026-02-11 11:58:42 nemo_logging:393] All context parallel group ranks: [[0], [1], [2], [3], [4], [5], [6], [7], [8], [9], [10], [11]]
[NeMo I 2026-02-11 11:58:42 nemo_logging:393] Ranks 0 has context parallel rank: 0
[NeMo I 2026-02-11 11:58:42 nemo_logging:393] Rank 0 has model parallel group: [0]
[NeMo I 2026-02-11 11:58:42 nemo_logging:393] All model parallel group ranks: [[0], [1], [2], [3], [4], [5], [6], [7], [8], [9], [10], [11]]
[NeMo I 2026-02-11 11:58:42 nemo_logging:393] Rank 0 has tensor model parallel group: [0]
[NeMo I 2026-02-11 11:58:42 nemo_logging:393] All tensor model parallel group ranks: [[0], [1], [2], [3], [4], [5], [6], [7], [8], [9], [10], [11]]
[NeMo I 2026-02-11 11:58:42 nemo_logging:393] Rank 0 has tensor model parallel rank: 0
[NeMo I 2026-02-11 11:58:42 nemo_logging:393] Rank 0 has pipeline model parallel group: [0]
[NeMo I 2026-02-11 11:58:42 nemo_logging:393] Rank 0 has embedding group: [0]
[NeMo I 2026-02-11 11:58:42 nemo_logging:393] All pipeline model parallel group ranks: [[0], [1], [2], [3], [4], [5], [6], [7], [8], [9], [10], [11]]
[NeMo I 2026-02-11 11:58:42 nemo_logging:393] Rank 0 has pipeline model parallel rank 0
[NeMo I 2026-02-11 11:58:42 nemo_logging:393] All embedding group ranks: [[0], [1], [2], [3], [4], [5], [6], [7], [8], [9], [10], [11]]
[NeMo I 2026-02-11 11:58:42 nemo_logging:393] Rank 0 has embedding rank: 0
INFO:nemo.lightning.pytorch.strategies.megatron_strategy:Initializing distributed: GLOBAL_RANK: 0, MEMBER: 1/12
INFO: ----------------------------------------------------------------------------------------------------
distributed_backend=nccl
All distributed processes registered. Starting with 12 processes
----------------------------------------------------------------------------------------------------

INFO:lightning.pytorch.utilities.rank_zero:----------------------------------------------------------------------------------------------------
distributed_backend=nccl
All distributed processes registered. Starting with 12 processes
----------------------------------------------------------------------------------------------------

INFO:nemo.lightning.pytorch.strategies.megatron_strategy:Initializing distributed: GLOBAL_RANK: 6, MEMBER: 7/12
INFO:__main__:SSA FlexAttention: n=1.500, b=0.800, learnable_n=True, learnable_b=False, compile=True, bda_compile=True, backend=AUTO, fp32_score_mod=False
INFO:utils:Config saved to /tmpdir/m24047brmn/nemo_1b/output/job_76789/config_baby_luciole-ssa-flex-test.json
INFO:__main__:SSA FlexAttention: n=1.500, b=0.800, learnable_n=True, learnable_b=False, compile=True, bda_compile=True, backend=AUTO, fp32_score_mod=False
INFO:__main__:Training from scratch, trainer.max_steps = 5000
INFO:__main__:Training from scratch, trainer.max_steps = 5000
INFO:utils:Config saved to /tmpdir/m24047brmn/nemo_1b/output/job_76789/config_baby_luciole-ssa-flex-test.json
INFO:__main__:LR scheduler max_steps = 60000, warmup_steps = 500
INFO:__main__:LR scheduler max_steps = 60000, warmup_steps = 500
INFO:nemo.lightning.pytorch.strategies.megatron_strategy:Initializing distributed: GLOBAL_RANK: 10, MEMBER: 11/12
INFO:nemo.lightning.pytorch.strategies.megatron_strategy:Initializing distributed: GLOBAL_RANK: 1, MEMBER: 2/12
INFO:nemo.lightning.pytorch.strategies.megatron_strategy:Initializing distributed: GLOBAL_RANK: 7, MEMBER: 8/12
INFO:__main__:SSA FlexAttention: n=1.500, b=0.800, learnable_n=True, learnable_b=False, compile=True, bda_compile=True, backend=AUTO, fp32_score_mod=False
INFO:__main__:SSA FlexAttention: n=1.500, b=0.800, learnable_n=True, learnable_b=False, compile=True, bda_compile=True, backend=AUTO, fp32_score_mod=False
INFO:__main__:Training from scratch, trainer.max_steps = 5000
INFO:__main__:Training from scratch, trainer.max_steps = 5000
INFO:__main__:LR scheduler max_steps = 60000, warmup_steps = 500
INFO:__main__:LR scheduler max_steps = 60000, warmup_steps = 500
INFO:utils:Config saved to /tmpdir/m24047brmn/nemo_1b/output/job_76789/config_baby_luciole-ssa-flex-test.json
INFO:nemo.lightning.pytorch.strategies.megatron_strategy:Initializing distributed: GLOBAL_RANK: 4, MEMBER: 5/12
INFO:utils:Config saved to /tmpdir/m24047brmn/nemo_1b/output/job_76789/config_baby_luciole-ssa-flex-test.json
INFO:nemo.lightning.pytorch.strategies.megatron_strategy:Initializing distributed: GLOBAL_RANK: 11, MEMBER: 12/12
INFO:utils:Config saved to /tmpdir/m24047brmn/nemo_1b/output/job_76789/config_baby_luciole-ssa-flex-test.json
INFO:utils:Config saved to /tmpdir/m24047brmn/nemo_1b/output/job_76789/config_baby_luciole-ssa-flex-test.json
INFO:nemo.lightning.pytorch.strategies.megatron_strategy:Initializing distributed: GLOBAL_RANK: 5, MEMBER: 6/12
INFO:nemo.lightning.pytorch.strategies.megatron_strategy:Initializing distributed: GLOBAL_RANK: 8, MEMBER: 9/12
INFO:nemo.lightning.pytorch.strategies.megatron_strategy:Initializing distributed: GLOBAL_RANK: 2, MEMBER: 3/12
INFO:nemo.lightning.pytorch.strategies.megatron_strategy:Initializing distributed: GLOBAL_RANK: 9, MEMBER: 10/12
INFO:nemo.lightning.pytorch.strategies.megatron_strategy:Initializing distributed: GLOBAL_RANK: 3, MEMBER: 4/12
[NeMo I 2026-02-11 11:58:47 utils:532] Let split_matrix = [(0, 1.0), None, None]
[NeMo I 2026-02-11 11:58:47 utils:532] Building GPTDataset splits with sizes=[3840000, 0, 24576] and config=GPTDatasetConfig(random_seed=1234, sequence_length=1024, blend=[['/tmpdir/m24047brmn/nemo_1b/data_fwe_50k/fineweb_edu_text_document'], None], blend_per_split=None, split='1,0,0', split_matrix=[(0, 1.0), None, None], num_dataset_builder_threads=1, path_to_cache='/tmpdir/m24047brmn/nemo_1b/output/index_mapping', mmap_bin_files=True, mock=False, tokenizer=<nemo.collections.common.tokenizers.huggingface.auto_tokenizer.AutoTokenizer object at 0x400149282ae0>, reset_position_ids=False, reset_attention_mask=False, eod_mask_loss=False, create_attention_mask=False, drop_last_partial_validation_sequence=True, add_extra_token_to_sequence=True, s3_cache_path=None)
[NeMo I 2026-02-11 11:58:47 utils:532] Load the _IndexReader from /tmpdir/m24047brmn/nemo_1b/data_fwe_50k/fineweb_edu_text_document.idx
[NeMo I 2026-02-11 11:58:47 utils:532] 	Extract the sequence lengths
[NeMo I 2026-02-11 11:58:47 utils:532] 	Extract the sequence pointers
[NeMo I 2026-02-11 11:58:47 utils:532] 	Extract the document indices
[NeMo I 2026-02-11 11:58:47 utils:532] > total number of sequences: 9564453
[NeMo I 2026-02-11 11:58:47 utils:532] > total number of documents: 9564453
[NeMo I 2026-02-11 11:58:47 utils:532] Load the GPTDataset train indices
[NeMo I 2026-02-11 11:58:47 utils:532] 	Load the document index from 0e2ccd2f1feea75fac6f332e2694c83a-GPTDataset-train-document_index.npy
[NeMo I 2026-02-11 11:58:47 utils:532] 	Load the sample index from 0e2ccd2f1feea75fac6f332e2694c83a-GPTDataset-train-sample_index.npy
[NeMo I 2026-02-11 11:58:47 utils:532] 	Load the shuffle index from 0e2ccd2f1feea75fac6f332e2694c83a-GPTDataset-train-shuffle_index.npy
[NeMo I 2026-02-11 11:58:47 utils:532] > total number of samples: 9765624
[NeMo I 2026-02-11 11:58:47 nemo_logging:393] Use preset vocab_size: 50256, original vocab_size: 50256, dummy tokens: 0.
INFO: LOCAL_RANK: 0 - CUDA_VISIBLE_DEVICES: [0,1]
INFO:lightning.pytorch.accelerators.cuda:LOCAL_RANK: 0 - CUDA_VISIBLE_DEVICES: [0,1]
INFO: LOCAL_RANK: 0 - CUDA_VISIBLE_DEVICES: [0,1]
INFO:lightning.pytorch.accelerators.cuda:LOCAL_RANK: 0 - CUDA_VISIBLE_DEVICES: [0,1]
INFO: LOCAL_RANK: 0 - CUDA_VISIBLE_DEVICES: [0,1]
INFO:lightning.pytorch.accelerators.cuda:LOCAL_RANK: 0 - CUDA_VISIBLE_DEVICES: [0,1]
INFO: LOCAL_RANK: 0 - CUDA_VISIBLE_DEVICES: [0,1]
INFO:lightning.pytorch.accelerators.cuda:LOCAL_RANK: 0 - CUDA_VISIBLE_DEVICES: [0,1]
INFO: LOCAL_RANK: 0 - CUDA_VISIBLE_DEVICES: [0,1]
INFO:lightning.pytorch.accelerators.cuda:LOCAL_RANK: 0 - CUDA_VISIBLE_DEVICES: [0,1]
INFO: LOCAL_RANK: 1 - CUDA_VISIBLE_DEVICES: [0,1]
INFO: LOCAL_RANK: 1 - CUDA_VISIBLE_DEVICES: [0,1]
INFO: LOCAL_RANK: 1 - CUDA_VISIBLE_DEVICES: [0,1]
INFO:lightning.pytorch.accelerators.cuda:LOCAL_RANK: 1 - CUDA_VISIBLE_DEVICES: [0,1]
INFO:lightning.pytorch.accelerators.cuda:LOCAL_RANK: 1 - CUDA_VISIBLE_DEVICES: [0,1]
INFO:lightning.pytorch.accelerators.cuda:LOCAL_RANK: 1 - CUDA_VISIBLE_DEVICES: [0,1]
INFO: LOCAL_RANK: 1 - CUDA_VISIBLE_DEVICES: [0,1]
INFO:lightning.pytorch.accelerators.cuda:LOCAL_RANK: 1 - CUDA_VISIBLE_DEVICES: [0,1]
INFO: LOCAL_RANK: 1 - CUDA_VISIBLE_DEVICES: [0,1]
INFO:lightning.pytorch.accelerators.cuda:LOCAL_RANK: 1 - CUDA_VISIBLE_DEVICES: [0,1]
INFO: LOCAL_RANK: 1 - CUDA_VISIBLE_DEVICES: [0,1]
[NeMo I 2026-02-11 11:58:48 nemo_logging:393] Copying Trainer's 'max_steps' (5000) to LR scheduler's 'max_steps'.
INFO:lightning.pytorch.accelerators.cuda:LOCAL_RANK: 1 - CUDA_VISIBLE_DEVICES: [0,1]
[NeMo I 2026-02-11 11:58:48 num_microbatches_calculator:228] setting number of microbatches to constant 8
INFO: LOCAL_RANK: 0 - CUDA_VISIBLE_DEVICES: [0,1]
INFO:lightning.pytorch.accelerators.cuda:LOCAL_RANK: 0 - CUDA_VISIBLE_DEVICES: [0,1]
[NeMo I 2026-02-11 11:58:48 nemo_logging:393]  > number of parameters on (tensor, pipeline) model parallel rank (0 ,0): 114132492
[NeMo I 2026-02-11 11:58:48 utils:532] Setting up DistributedDataParallel with config DistributedDataParallelConfig(grad_reduce_in_fp32=True, overlap_grad_reduce=True, overlap_param_gather=True, align_param_gather=False, use_distributed_optimizer=True, num_distributed_optimizer_instances=1, check_for_nan_in_grad=True, check_for_large_grads=False, bucket_size=40000000, pad_buckets_for_high_nccl_busbw=False, average_in_collective=True, fp8_param_gather=False, use_custom_fsdp=False, data_parallel_sharding_strategy='no_shard', gradient_reduce_div_fusion=True, suggested_communication_unit_size=None, preserve_fp32_weights=True, keep_fp8_transpose_cache_when_using_custom_fsdp=False)
[NeMo I 2026-02-11 11:58:48 utils:553] Number of buckets for gradient all-reduce / reduce-scatter: 2
    Params for bucket 1 (40128006 elements, 40128384 padded size):
    	module.decoder.final_layernorm.bias
    	module.decoder.layers.11.self_attention.linear_proj.weight
    	module.decoder.layers.10.mlp.linear_fc1.weight
    	module.decoder.layers.10.input_layernorm.weight
    	module.decoder.layers.9.self_attention.core_attention.ssa_n_raw
    	module.decoder.layers.8.pre_mlp_layernorm.weight
    	module.decoder.layers.8.input_layernorm.weight
    	module.decoder.layers.7.pre_mlp_layernorm.bias
    	module.decoder.layers.6.self_attention.linear_qkv.weight
    	module.decoder.layers.11.self_attention.core_attention.ssa_n_raw
    	module.decoder.layers.10.pre_mlp_layernorm.weight
    	module.decoder.layers.9.mlp.linear_fc2.weight
    	module.decoder.layers.7.mlp.linear_fc2.weight
    	module.decoder.layers.7.input_layernorm.bias
    	module.decoder.layers.6.pre_mlp_layernorm.bias
    	module.decoder.layers.11.mlp.linear_fc2.weight
    	module.decoder.final_layernorm.weight
    	module.decoder.layers.9.self_attention.linear_qkv.weight
    	module.decoder.layers.8.mlp.linear_fc1.weight
    	module.decoder.layers.6.pre_mlp_layernorm.weight
    	module.decoder.layers.6.input_layernorm.weight
    	module.decoder.layers.11.self_attention.linear_qkv.weight
    	module.decoder.layers.10.pre_mlp_layernorm.bias
    	module.decoder.layers.10.input_layernorm.bias
    	module.decoder.layers.9.pre_mlp_layernorm.bias
    	module.decoder.layers.8.self_attention.linear_proj.weight
    	module.decoder.layers.8.input_layernorm.bias
    	module.decoder.layers.5.mlp.linear_fc2.weight
    	module.decoder.layers.11.pre_mlp_layernorm.bias
    	module.decoder.layers.10.self_attention.linear_qkv.weight
    	module.decoder.layers.10.self_attention.core_attention.ssa_n_raw
    	module.decoder.layers.9.pre_mlp_layernorm.weight
    	module.decoder.layers.9.input_layernorm.weight
    	module.decoder.layers.8.self_attention.core_attention.ssa_n_raw
    	module.decoder.layers.7.self_attention.linear_proj.weight
    	module.decoder.layers.7.input_layernorm.weight
    	module.decoder.layers.11.pre_mlp_layernorm.weight
    	module.decoder.layers.11.input_layernorm.weight
    	module.decoder.layers.10.mlp.linear_fc2.weight
    	module.decoder.layers.8.mlp.linear_fc2.weight
    	module.decoder.layers.7.self_attention.core_attention.ssa_n_raw
    	module.decoder.layers.6.self_attention.linear_proj.weight
    	module.decoder.layers.6.input_layernorm.bias
    	module.decoder.layers.10.self_attention.linear_proj.weight
    	module.decoder.layers.9.mlp.linear_fc1.weight
    	module.decoder.layers.8.self_attention.linear_qkv.weight
    	module.decoder.layers.7.mlp.linear_fc1.weight
    	module.decoder.layers.7.pre_mlp_layernorm.weight
    	module.decoder.layers.6.self_attention.core_attention.ssa_n_raw
    	module.decoder.layers.11.mlp.linear_fc1.weight
    	module.decoder.layers.11.input_layernorm.bias
    	module.decoder.layers.9.self_attention.linear_proj.weight
    	module.decoder.layers.9.input_layernorm.bias
    	module.decoder.layers.8.pre_mlp_layernorm.bias
    	module.decoder.layers.7.self_attention.linear_qkv.weight
    	module.decoder.layers.6.mlp.linear_fc2.weight
    	module.decoder.layers.6.mlp.linear_fc1.weight
    Params for bucket 2 (74004486 elements, 74004864 padded size):
    	module.decoder.layers.5.mlp.linear_fc1.weight
    	module.decoder.layers.3.mlp.linear_fc2.weight
    	module.decoder.layers.2.mlp.linear_fc2.weight
    	module.decoder.layers.1.mlp.linear_fc2.weight
    	module.embedding.word_embeddings.weight
    	module.decoder.layers.5.pre_mlp_layernorm.weight
    	module.decoder.layers.4.mlp.linear_fc1.weight
    	module.decoder.layers.2.pre_mlp_layernorm.bias
    	module.decoder.layers.2.input_layernorm.weight
    	module.decoder.layers.1.self_attention.core_attention.ssa_n_raw
    	module.decoder.layers.0.pre_mlp_layernorm.weight
    	module.decoder.layers.5.pre_mlp_layernorm.bias
    	module.decoder.layers.4.self_attention.linear_proj.weight
    	module.decoder.layers.4.input_layernorm.bias
    	module.decoder.layers.3.self_attention.linear_qkv.weight
    	module.decoder.layers.2.pre_mlp_layernorm.weight
    	module.decoder.layers.1.self_attention.linear_proj.weight
    	module.decoder.layers.1.input_layernorm.bias
    	module.decoder.layers.5.input_layernorm.weight
    	module.decoder.layers.4.self_attention.core_attention.ssa_n_raw
    	module.decoder.layers.3.pre_mlp_layernorm.weight
    	module.decoder.layers.3.input_layernorm.bias
    	module.decoder.layers.1.mlp.linear_fc1.weight
    	module.decoder.layers.0.pre_mlp_layernorm.bias
    	module.decoder.layers.0.self_attention.linear_qkv.weight
    	module.decoder.layers.4.mlp.linear_fc2.weight
    	module.decoder.layers.3.self_attention.core_attention.ssa_n_raw
    	module.decoder.layers.2.self_attention.linear_qkv.weight
    	module.decoder.layers.0.mlp.linear_fc2.weight
    	module.decoder.layers.0.input_layernorm.weight
    	module.decoder.layers.5.self_attention.linear_qkv.weight
    	module.decoder.layers.4.self_attention.linear_qkv.weight
    	module.decoder.layers.3.mlp.linear_fc1.weight
    	module.decoder.layers.3.input_layernorm.weight
    	module.decoder.layers.2.self_attention.core_attention.ssa_n_raw
    	module.decoder.layers.1.pre_mlp_layernorm.weight
    	module.decoder.layers.1.input_layernorm.weight
    	module.decoder.layers.0.self_attention.core_attention.ssa_n_raw
    	module.decoder.layers.5.self_attention.linear_proj.weight
    	module.decoder.layers.5.input_layernorm.bias
    	module.decoder.layers.4.pre_mlp_layernorm.bias
    	module.decoder.layers.3.self_attention.linear_proj.weight
    	module.decoder.layers.2.mlp.linear_fc1.weight
    	module.decoder.layers.2.input_layernorm.bias
    	module.decoder.layers.1.pre_mlp_layernorm.bias
    	module.decoder.layers.0.self_attention.linear_proj.weight
    	module.decoder.layers.5.self_attention.core_attention.ssa_n_raw
    	module.decoder.layers.4.pre_mlp_layernorm.weight
    	module.decoder.layers.4.input_layernorm.weight
    	module.decoder.layers.3.pre_mlp_layernorm.bias
    	module.decoder.layers.2.self_attention.linear_proj.weight
    	module.decoder.layers.1.self_attention.linear_qkv.weight
    	module.decoder.layers.0.mlp.linear_fc1.weight
    	module.decoder.layers.0.input_layernorm.bias
[NeMo I 2026-02-11 11:58:48 utils:532] Setting up optimizer with config OptimizerConfig(optimizer='adam', lr=0.0003, min_lr=None, decoupled_lr=None, decoupled_min_lr=None, weight_decay=0.1, fp16=False, bf16=True, params_dtype=torch.bfloat16, use_precision_aware_optimizer=False, main_grads_dtype=torch.float32, main_params_dtype=torch.float32, exp_avg_dtype=torch.float32, exp_avg_sq_dtype=torch.float32, loss_scale=None, initial_loss_scale=4294967296, min_loss_scale=1.0, loss_scale_window=1000, hysteresis=2, adam_beta1=0.9, adam_beta2=0.95, adam_eps=1e-05, sgd_momentum=0.9, use_distributed_optimizer=True, overlap_param_gather_with_optimizer_step=False, optimizer_cpu_offload=False, optimizer_offload_fraction=0.0, use_torch_optimizer_for_cpu_offload=False, overlap_cpu_optimizer_d2h_h2d=False, pin_cpu_grads=True, pin_cpu_params=True, clip_grad=1.0, log_num_zeros_in_grad=False, barrier_with_L1_time=False, timers=None, config_logger_dir='')
INFO: 
  | Name   | Type | Params | Mode 
----------------------------------------
0 | module | DDP  | 114 M  | train
----------------------------------------
114 M     Trainable params
0         Non-trainable params
114 M     Total params
456.530   Total estimated model params size (MB)
203       Modules in train mode
0         Modules in eval mode
INFO:lightning.pytorch.callbacks.model_summary:
  | Name   | Type | Params | Mode 
----------------------------------------
0 | module | DDP  | 114 M  | train
----------------------------------------
114 M     Trainable params
0         Non-trainable params
114 M     Total params
456.530   Total estimated model params size (MB)
203       Modules in train mode
0         Modules in eval mode
INFO:root:Instantiating MegatronPretrainingSampler with total_samples: 9765624 and consumed_samples: 0
INFO:root:Instantiating MegatronPretrainingSampler with total_samples: 9765624 and consumed_samples: 0
INFO:root:Instantiating MegatronPretrainingSampler with total_samples: 9765624 and consumed_samples: 0
INFO:root:Instantiating MegatronPretrainingSampler with total_samples: 9765624 and consumed_samples: 0
INFO:root:Instantiating MegatronPretrainingSampler with total_samples: 9765624 and consumed_samples: 0
INFO:root:Instantiating MegatronPretrainingSampler with total_samples: 9765624 and consumed_samples: 0
INFO:root:Instantiating MegatronPretrainingSampler with total_samples: 9765624 and consumed_samples: 0
INFO:root:Instantiating MegatronPretrainingSampler with total_samples: 9765624 and consumed_samples: 0
INFO:root:Instantiating MegatronPretrainingSampler with total_samples: 9765624 and consumed_samples: 0
INFO:root:Instantiating MegatronPretrainingSampler with total_samples: 9765624 and consumed_samples: 0
INFO:root:Instantiating MegatronPretrainingSampler with total_samples: 9765624 and consumed_samples: 0
INFO:root:Instantiating MegatronPretrainingSampler with total_samples: 9765624 and consumed_samples: 0
AUTOTUNE flex_attention(8x24x1024x32, 8x8x1024x32, 8x8x1024x32, 8x24x1024, 8x24x8, 8x24x8x8, 8x24x8, 8x24x8x8, , )
  triton_flex_attention_5 1.8463 ms 100.0% BLOCKS_ARE_CONTIGUOUS=False, BLOCK_M=64, BLOCK_N=64, FLOAT32_PRECISION="'tf32'", GQA_SHARED_HEADS=3, HAS_FULL_BLOCKS=True, IS_DIVISIBLE=True, OUTPUT_LOGSUMEXP=True, PRESCALE_QK=False, QK_HEAD_DIM=32, QK_HEAD_DIM_ROUNDED=32, ROWS_GUARANTEED_SAFE=False, SAFE_HEAD_DIM=True, SM_SCALE=0.17677669529663687, SPARSE_KV_BLOCK_SIZE=128, SPARSE_Q_BLOCK_SIZE=128, V_HEAD_DIM=32, V_HEAD_DIM_ROUNDED=32, WRITE_DQ=True, num_stages=3, num_warps=4
  triton_flex_attention_0 2.1944 ms 84.1% BLOCKS_ARE_CONTIGUOUS=False, BLOCK_M=128, BLOCK_N=64, FLOAT32_PRECISION="'tf32'", GQA_SHARED_HEADS=3, HAS_FULL_BLOCKS=True, IS_DIVISIBLE=True, OUTPUT_LOGSUMEXP=True, PRESCALE_QK=False, QK_HEAD_DIM=32, QK_HEAD_DIM_ROUNDED=32, ROWS_GUARANTEED_SAFE=False, SAFE_HEAD_DIM=True, SM_SCALE=0.17677669529663687, SPARSE_KV_BLOCK_SIZE=128, SPARSE_Q_BLOCK_SIZE=128, V_HEAD_DIM=32, V_HEAD_DIM_ROUNDED=32, WRITE_DQ=True, num_stages=3, num_warps=4
  triton_flex_attention_4 2.2006 ms 83.9% BLOCKS_ARE_CONTIGUOUS=False, BLOCK_M=64, BLOCK_N=128, FLOAT32_PRECISION="'tf32'", GQA_SHARED_HEADS=3, HAS_FULL_BLOCKS=True, IS_DIVISIBLE=True, OUTPUT_LOGSUMEXP=True, PRESCALE_QK=False, QK_HEAD_DIM=32, QK_HEAD_DIM_ROUNDED=32, ROWS_GUARANTEED_SAFE=False, SAFE_HEAD_DIM=True, SM_SCALE=0.17677669529663687, SPARSE_KV_BLOCK_SIZE=128, SPARSE_Q_BLOCK_SIZE=128, V_HEAD_DIM=32, V_HEAD_DIM_ROUNDED=32, WRITE_DQ=True, num_stages=3, num_warps=4
  triton_flex_attention_1 2.2088 ms 83.6% BLOCKS_ARE_CONTIGUOUS=False, BLOCK_M=128, BLOCK_N=64, FLOAT32_PRECISION="'tf32'", GQA_SHARED_HEADS=3, HAS_FULL_BLOCKS=True, IS_DIVISIBLE=True, OUTPUT_LOGSUMEXP=True, PRESCALE_QK=False, QK_HEAD_DIM=32, QK_HEAD_DIM_ROUNDED=32, ROWS_GUARANTEED_SAFE=False, SAFE_HEAD_DIM=True, SM_SCALE=0.17677669529663687, SPARSE_KV_BLOCK_SIZE=128, SPARSE_Q_BLOCK_SIZE=128, V_HEAD_DIM=32, V_HEAD_DIM_ROUNDED=32, WRITE_DQ=True, num_stages=3, num_warps=4
  triton_flex_attention_3 2.3572 ms 78.3% BLOCKS_ARE_CONTIGUOUS=False, BLOCK_M=128, BLOCK_N=128, FLOAT32_PRECISION="'tf32'", GQA_SHARED_HEADS=3, HAS_FULL_BLOCKS=True, IS_DIVISIBLE=True, OUTPUT_LOGSUMEXP=True, PRESCALE_QK=False, QK_HEAD_DIM=32, QK_HEAD_DIM_ROUNDED=32, ROWS_GUARANTEED_SAFE=False, SAFE_HEAD_DIM=True, SM_SCALE=0.17677669529663687, SPARSE_KV_BLOCK_SIZE=128, SPARSE_Q_BLOCK_SIZE=128, V_HEAD_DIM=32, V_HEAD_DIM_ROUNDED=32, WRITE_DQ=True, num_stages=2, num_warps=8
  triton_flex_attention_2 2.7423 ms 67.3% BLOCKS_ARE_CONTIGUOUS=False, BLOCK_M=128, BLOCK_N=128, FLOAT32_PRECISION="'tf32'", GQA_SHARED_HEADS=3, HAS_FULL_BLOCKS=True, IS_DIVISIBLE=True, OUTPUT_LOGSUMEXP=True, PRESCALE_QK=False, QK_HEAD_DIM=32, QK_HEAD_DIM_ROUNDED=32, ROWS_GUARANTEED_SAFE=False, SAFE_HEAD_DIM=True, SM_SCALE=0.17677669529663687, SPARSE_KV_BLOCK_SIZE=128, SPARSE_Q_BLOCK_SIZE=128, V_HEAD_DIM=32, V_HEAD_DIM_ROUNDED=32, WRITE_DQ=True, num_stages=3, num_warps=4
SingleProcess AUTOTUNE benchmarking takes 0.9955 seconds and 26.9003 seconds precompiling for 6 choices
AUTOTUNE flex_attention(8x24x1024x32, 8x8x1024x32, 8x8x1024x32, 8x24x1024, 8x24x8, 8x24x8x8, 8x24x8, 8x24x8x8, , )
  triton_flex_attention_5 1.8534 ms 100.0% BLOCKS_ARE_CONTIGUOUS=False, BLOCK_M=64, BLOCK_N=64, FLOAT32_PRECISION="'tf32'", GQA_SHARED_HEADS=3, HAS_FULL_BLOCKS=True, IS_DIVISIBLE=True, OUTPUT_LOGSUMEXP=True, PRESCALE_QK=False, QK_HEAD_DIM=32, QK_HEAD_DIM_ROUNDED=32, ROWS_GUARANTEED_SAFE=False, SAFE_HEAD_DIM=True, SM_SCALE=0.17677669529663687, SPARSE_KV_BLOCK_SIZE=128, SPARSE_Q_BLOCK_SIZE=128, V_HEAD_DIM=32, V_HEAD_DIM_ROUNDED=32, WRITE_DQ=True, num_stages=3, num_warps=4
  triton_flex_attention_4 2.2077 ms 84.0% BLOCKS_ARE_CONTIGUOUS=False, BLOCK_M=64, BLOCK_N=128, FLOAT32_PRECISION="'tf32'", GQA_SHARED_HEADS=3, HAS_FULL_BLOCKS=True, IS_DIVISIBLE=True, OUTPUT_LOGSUMEXP=True, PRESCALE_QK=False, QK_HEAD_DIM=32, QK_HEAD_DIM_ROUNDED=32, ROWS_GUARANTEED_SAFE=False, SAFE_HEAD_DIM=True, SM_SCALE=0.17677669529663687, SPARSE_KV_BLOCK_SIZE=128, SPARSE_Q_BLOCK_SIZE=128, V_HEAD_DIM=32, V_HEAD_DIM_ROUNDED=32, WRITE_DQ=True, num_stages=3, num_warps=4
  triton_flex_attention_1 2.2344 ms 83.0% BLOCKS_ARE_CONTIGUOUS=False, BLOCK_M=128, BLOCK_N=64, FLOAT32_PRECISION="'tf32'", GQA_SHARED_HEADS=3, HAS_FULL_BLOCKS=True, IS_DIVISIBLE=True, OUTPUT_LOGSUMEXP=True, PRESCALE_QK=False, QK_HEAD_DIM=32, QK_HEAD_DIM_ROUNDED=32, ROWS_GUARANTEED_SAFE=False, SAFE_HEAD_DIM=True, SM_SCALE=0.17677669529663687, SPARSE_KV_BLOCK_SIZE=128, SPARSE_Q_BLOCK_SIZE=128, V_HEAD_DIM=32, V_HEAD_DIM_ROUNDED=32, WRITE_DQ=True, num_stages=3, num_warps=4
  triton_flex_attention_0 2.2364 ms 82.9% BLOCKS_ARE_CONTIGUOUS=False, BLOCK_M=128, BLOCK_N=64, FLOAT32_PRECISION="'tf32'", GQA_SHARED_HEADS=3, HAS_FULL_BLOCKS=True, IS_DIVISIBLE=True, OUTPUT_LOGSUMEXP=True, PRESCALE_QK=False, QK_HEAD_DIM=32, QK_HEAD_DIM_ROUNDED=32, ROWS_GUARANTEED_SAFE=False, SAFE_HEAD_DIM=True, SM_SCALE=0.17677669529663687, SPARSE_KV_BLOCK_SIZE=128, SPARSE_Q_BLOCK_SIZE=128, V_HEAD_DIM=32, V_HEAD_DIM_ROUNDED=32, WRITE_DQ=True, num_stages=3, num_warps=4
  triton_flex_attention_3 2.3654 ms 78.4% BLOCKS_ARE_CONTIGUOUS=False, BLOCK_M=128, BLOCK_N=128, FLOAT32_PRECISION="'tf32'", GQA_SHARED_HEADS=3, HAS_FULL_BLOCKS=True, IS_DIVISIBLE=True, OUTPUT_LOGSUMEXP=True, PRESCALE_QK=False, QK_HEAD_DIM=32, QK_HEAD_DIM_ROUNDED=32, ROWS_GUARANTEED_SAFE=False, SAFE_HEAD_DIM=True, SM_SCALE=0.17677669529663687, SPARSE_KV_BLOCK_SIZE=128, SPARSE_Q_BLOCK_SIZE=128, V_HEAD_DIM=32, V_HEAD_DIM_ROUNDED=32, WRITE_DQ=True, num_stages=2, num_warps=8
  triton_flex_attention_2 2.8252 ms 65.6% BLOCKS_ARE_CONTIGUOUS=False, BLOCK_M=128, BLOCK_N=128, FLOAT32_PRECISION="'tf32'", GQA_SHARED_HEADS=3, HAS_FULL_BLOCKS=True, IS_DIVISIBLE=True, OUTPUT_LOGSUMEXP=True, PRESCALE_QK=False, QK_HEAD_DIM=32, QK_HEAD_DIM_ROUNDED=32, ROWS_GUARANTEED_SAFE=False, SAFE_HEAD_DIM=True, SM_SCALE=0.17677669529663687, SPARSE_KV_BLOCK_SIZE=128, SPARSE_Q_BLOCK_SIZE=128, V_HEAD_DIM=32, V_HEAD_DIM_ROUNDED=32, WRITE_DQ=True, num_stages=3, num_warps=4
SingleProcess AUTOTUNE benchmarking takes 0.9881 seconds and 26.9261 seconds precompiling for 6 choices
AUTOTUNE flex_attention(8x24x1024x32, 8x8x1024x32, 8x8x1024x32, 8x24x1024, 8x24x8, 8x24x8x8, 8x24x8, 8x24x8x8, , )
  triton_flex_attention_5 1.8514 ms 100.0% BLOCKS_ARE_CONTIGUOUS=False, BLOCK_M=64, BLOCK_N=64, FLOAT32_PRECISION="'tf32'", GQA_SHARED_HEADS=3, HAS_FULL_BLOCKS=True, IS_DIVISIBLE=True, OUTPUT_LOGSUMEXP=True, PRESCALE_QK=False, QK_HEAD_DIM=32, QK_HEAD_DIM_ROUNDED=32, ROWS_GUARANTEED_SAFE=False, SAFE_HEAD_DIM=True, SM_SCALE=0.17677669529663687, SPARSE_KV_BLOCK_SIZE=128, SPARSE_Q_BLOCK_SIZE=128, V_HEAD_DIM=32, V_HEAD_DIM_ROUNDED=32, WRITE_DQ=True, num_stages=3, num_warps=4
  triton_flex_attention_4 2.2026 ms 84.1% BLOCKS_ARE_CONTIGUOUS=False, BLOCK_M=64, BLOCK_N=128, FLOAT32_PRECISION="'tf32'", GQA_SHARED_HEADS=3, HAS_FULL_BLOCKS=True, IS_DIVISIBLE=True, OUTPUT_LOGSUMEXP=True, PRESCALE_QK=False, QK_HEAD_DIM=32, QK_HEAD_DIM_ROUNDED=32, ROWS_GUARANTEED_SAFE=False, SAFE_HEAD_DIM=True, SM_SCALE=0.17677669529663687, SPARSE_KV_BLOCK_SIZE=128, SPARSE_Q_BLOCK_SIZE=128, V_HEAD_DIM=32, V_HEAD_DIM_ROUNDED=32, WRITE_DQ=True, num_stages=3, num_warps=4
  triton_flex_attention_0 2.2252 ms 83.2% BLOCKS_ARE_CONTIGUOUS=False, BLOCK_M=128, BLOCK_N=64, FLOAT32_PRECISION="'tf32'", GQA_SHARED_HEADS=3, HAS_FULL_BLOCKS=True, IS_DIVISIBLE=True, OUTPUT_LOGSUMEXP=True, PRESCALE_QK=False, QK_HEAD_DIM=32, QK_HEAD_DIM_ROUNDED=32, ROWS_GUARANTEED_SAFE=False, SAFE_HEAD_DIM=True, SM_SCALE=0.17677669529663687, SPARSE_KV_BLOCK_SIZE=128, SPARSE_Q_BLOCK_SIZE=128, V_HEAD_DIM=32, V_HEAD_DIM_ROUNDED=32, WRITE_DQ=True, num_stages=3, num_warps=4
  triton_flex_attention_1 2.2252 ms 83.2% BLOCKS_ARE_CONTIGUOUS=False, BLOCK_M=128, BLOCK_N=64, FLOAT32_PRECISION="'tf32'", GQA_SHARED_HEADS=3, HAS_FULL_BLOCKS=True, IS_DIVISIBLE=True, OUTPUT_LOGSUMEXP=True, PRESCALE_QK=False, QK_HEAD_DIM=32, QK_HEAD_DIM_ROUNDED=32, ROWS_GUARANTEED_SAFE=False, SAFE_HEAD_DIM=True, SM_SCALE=0.17677669529663687, SPARSE_KV_BLOCK_SIZE=128, SPARSE_Q_BLOCK_SIZE=128, V_HEAD_DIM=32, V_HEAD_DIM_ROUNDED=32, WRITE_DQ=True, num_stages=3, num_warps=4
  triton_flex_attention_3 2.3634 ms 78.3% BLOCKS_ARE_CONTIGUOUS=False, BLOCK_M=128, BLOCK_N=128, FLOAT32_PRECISION="'tf32'", GQA_SHARED_HEADS=3, HAS_FULL_BLOCKS=True, IS_DIVISIBLE=True, OUTPUT_LOGSUMEXP=True, PRESCALE_QK=False, QK_HEAD_DIM=32, QK_HEAD_DIM_ROUNDED=32, ROWS_GUARANTEED_SAFE=False, SAFE_HEAD_DIM=True, SM_SCALE=0.17677669529663687, SPARSE_KV_BLOCK_SIZE=128, SPARSE_Q_BLOCK_SIZE=128, V_HEAD_DIM=32, V_HEAD_DIM_ROUNDED=32, WRITE_DQ=True, num_stages=2, num_warps=8
  triton_flex_attention_2 2.7146 ms 68.2% BLOCKS_ARE_CONTIGUOUS=False, BLOCK_M=128, BLOCK_N=128, FLOAT32_PRECISION="'tf32'", GQA_SHARED_HEADS=3, HAS_FULL_BLOCKS=True, IS_DIVISIBLE=True, OUTPUT_LOGSUMEXP=True, PRESCALE_QK=False, QK_HEAD_DIM=32, QK_HEAD_DIM_ROUNDED=32, ROWS_GUARANTEED_SAFE=False, SAFE_HEAD_DIM=True, SM_SCALE=0.17677669529663687, SPARSE_KV_BLOCK_SIZE=128, SPARSE_Q_BLOCK_SIZE=128, V_HEAD_DIM=32, V_HEAD_DIM_ROUNDED=32, WRITE_DQ=True, num_stages=3, num_warps=4
SingleProcess AUTOTUNE benchmarking takes 0.9429 seconds and 27.1732 seconds precompiling for 6 choices
AUTOTUNE flex_attention(8x24x1024x32, 8x8x1024x32, 8x8x1024x32, 8x24x1024, 8x24x8, 8x24x8x8, 8x24x8, 8x24x8x8, , )
  triton_flex_attention_5 1.8545 ms 100.0% BLOCKS_ARE_CONTIGUOUS=False, BLOCK_M=64, BLOCK_N=64, FLOAT32_PRECISION="'tf32'", GQA_SHARED_HEADS=3, HAS_FULL_BLOCKS=True, IS_DIVISIBLE=True, OUTPUT_LOGSUMEXP=True, PRESCALE_QK=False, QK_HEAD_DIM=32, QK_HEAD_DIM_ROUNDED=32, ROWS_GUARANTEED_SAFE=False, SAFE_HEAD_DIM=True, SM_SCALE=0.17677669529663687, SPARSE_KV_BLOCK_SIZE=128, SPARSE_Q_BLOCK_SIZE=128, V_HEAD_DIM=32, V_HEAD_DIM_ROUNDED=32, WRITE_DQ=True, num_stages=3, num_warps=4
  triton_flex_attention_4 2.2036 ms 84.2% BLOCKS_ARE_CONTIGUOUS=False, BLOCK_M=64, BLOCK_N=128, FLOAT32_PRECISION="'tf32'", GQA_SHARED_HEADS=3, HAS_FULL_BLOCKS=True, IS_DIVISIBLE=True, OUTPUT_LOGSUMEXP=True, PRESCALE_QK=False, QK_HEAD_DIM=32, QK_HEAD_DIM_ROUNDED=32, ROWS_GUARANTEED_SAFE=False, SAFE_HEAD_DIM=True, SM_SCALE=0.17677669529663687, SPARSE_KV_BLOCK_SIZE=128, SPARSE_Q_BLOCK_SIZE=128, V_HEAD_DIM=32, V_HEAD_DIM_ROUNDED=32, WRITE_DQ=True, num_stages=3, num_warps=4
  triton_flex_attention_0 2.2047 ms 84.1% BLOCKS_ARE_CONTIGUOUS=False, BLOCK_M=128, BLOCK_N=64, FLOAT32_PRECISION="'tf32'", GQA_SHARED_HEADS=3, HAS_FULL_BLOCKS=True, IS_DIVISIBLE=True, OUTPUT_LOGSUMEXP=True, PRESCALE_QK=False, QK_HEAD_DIM=32, QK_HEAD_DIM_ROUNDED=32, ROWS_GUARANTEED_SAFE=False, SAFE_HEAD_DIM=True, SM_SCALE=0.17677669529663687, SPARSE_KV_BLOCK_SIZE=128, SPARSE_Q_BLOCK_SIZE=128, V_HEAD_DIM=32, V_HEAD_DIM_ROUNDED=32, WRITE_DQ=True, num_stages=3, num_warps=4
  triton_flex_attention_1 2.2047 ms 84.1% BLOCKS_ARE_CONTIGUOUS=False, BLOCK_M=128, BLOCK_N=64, FLOAT32_PRECISION="'tf32'", GQA_SHARED_HEADS=3, HAS_FULL_BLOCKS=True, IS_DIVISIBLE=True, OUTPUT_LOGSUMEXP=True, PRESCALE_QK=False, QK_HEAD_DIM=32, QK_HEAD_DIM_ROUNDED=32, ROWS_GUARANTEED_SAFE=False, SAFE_HEAD_DIM=True, SM_SCALE=0.17677669529663687, SPARSE_KV_BLOCK_SIZE=128, SPARSE_Q_BLOCK_SIZE=128, V_HEAD_DIM=32, V_HEAD_DIM_ROUNDED=32, WRITE_DQ=True, num_stages=3, num_warps=4
  triton_flex_attention_3 2.3675 ms 78.3% BLOCKS_ARE_CONTIGUOUS=False, BLOCK_M=128, BLOCK_N=128, FLOAT32_PRECISION="'tf32'", GQA_SHARED_HEADS=3, HAS_FULL_BLOCKS=True, IS_DIVISIBLE=True, OUTPUT_LOGSUMEXP=True, PRESCALE_QK=False, QK_HEAD_DIM=32, QK_HEAD_DIM_ROUNDED=32, ROWS_GUARANTEED_SAFE=False, SAFE_HEAD_DIM=True, SM_SCALE=0.17677669529663687, SPARSE_KV_BLOCK_SIZE=128, SPARSE_Q_BLOCK_SIZE=128, V_HEAD_DIM=32, V_HEAD_DIM_ROUNDED=32, WRITE_DQ=True, num_stages=2, num_warps=8
  triton_flex_attention_2 2.7648 ms 67.1% BLOCKS_ARE_CONTIGUOUS=False, BLOCK_M=128, BLOCK_N=128, FLOAT32_PRECISION="'tf32'", GQA_SHARED_HEADS=3, HAS_FULL_BLOCKS=True, IS_DIVISIBLE=True, OUTPUT_LOGSUMEXP=True, PRESCALE_QK=False, QK_HEAD_DIM=32, QK_HEAD_DIM_ROUNDED=32, ROWS_GUARANTEED_SAFE=False, SAFE_HEAD_DIM=True, SM_SCALE=0.17677669529663687, SPARSE_KV_BLOCK_SIZE=128, SPARSE_Q_BLOCK_SIZE=128, V_HEAD_DIM=32, V_HEAD_DIM_ROUNDED=32, WRITE_DQ=True, num_stages=3, num_warps=4
SingleProcess AUTOTUNE benchmarking takes 0.9116 seconds and 27.2897 seconds precompiling for 6 choices
AUTOTUNE flex_attention(8x24x1024x32, 8x8x1024x32, 8x8x1024x32, 8x24x1024, 8x24x8, 8x24x8x8, 8x24x8, 8x24x8x8, , )
  triton_flex_attention_5 1.8442 ms 100.0% BLOCKS_ARE_CONTIGUOUS=False, BLOCK_M=64, BLOCK_N=64, FLOAT32_PRECISION="'tf32'", GQA_SHARED_HEADS=3, HAS_FULL_BLOCKS=True, IS_DIVISIBLE=True, OUTPUT_LOGSUMEXP=True, PRESCALE_QK=False, QK_HEAD_DIM=32, QK_HEAD_DIM_ROUNDED=32, ROWS_GUARANTEED_SAFE=False, SAFE_HEAD_DIM=True, SM_SCALE=0.17677669529663687, SPARSE_KV_BLOCK_SIZE=128, SPARSE_Q_BLOCK_SIZE=128, V_HEAD_DIM=32, V_HEAD_DIM_ROUNDED=32, WRITE_DQ=True, num_stages=3, num_warps=4
  triton_flex_attention_1 2.1903 ms 84.2% BLOCKS_ARE_CONTIGUOUS=False, BLOCK_M=128, BLOCK_N=64, FLOAT32_PRECISION="'tf32'", GQA_SHARED_HEADS=3, HAS_FULL_BLOCKS=True, IS_DIVISIBLE=True, OUTPUT_LOGSUMEXP=True, PRESCALE_QK=False, QK_HEAD_DIM=32, QK_HEAD_DIM_ROUNDED=32, ROWS_GUARANTEED_SAFE=False, SAFE_HEAD_DIM=True, SM_SCALE=0.17677669529663687, SPARSE_KV_BLOCK_SIZE=128, SPARSE_Q_BLOCK_SIZE=128, V_HEAD_DIM=32, V_HEAD_DIM_ROUNDED=32, WRITE_DQ=True, num_stages=3, num_warps=4
  triton_flex_attention_4 2.1903 ms 84.2% BLOCKS_ARE_CONTIGUOUS=False, BLOCK_M=64, BLOCK_N=128, FLOAT32_PRECISION="'tf32'", GQA_SHARED_HEADS=3, HAS_FULL_BLOCKS=True, IS_DIVISIBLE=True, OUTPUT_LOGSUMEXP=True, PRESCALE_QK=False, QK_HEAD_DIM=32, QK_HEAD_DIM_ROUNDED=32, ROWS_GUARANTEED_SAFE=False, SAFE_HEAD_DIM=True, SM_SCALE=0.17677669529663687, SPARSE_KV_BLOCK_SIZE=128, SPARSE_Q_BLOCK_SIZE=128, V_HEAD_DIM=32, V_HEAD_DIM_ROUNDED=32, WRITE_DQ=True, num_stages=3, num_warps=4
  triton_flex_attention_0 2.1955 ms 84.0% BLOCKS_ARE_CONTIGUOUS=False, BLOCK_M=128, BLOCK_N=64, FLOAT32_PRECISION="'tf32'", GQA_SHARED_HEADS=3, HAS_FULL_BLOCKS=True, IS_DIVISIBLE=True, OUTPUT_LOGSUMEXP=True, PRESCALE_QK=False, QK_HEAD_DIM=32, QK_HEAD_DIM_ROUNDED=32, ROWS_GUARANTEED_SAFE=False, SAFE_HEAD_DIM=True, SM_SCALE=0.17677669529663687, SPARSE_KV_BLOCK_SIZE=128, SPARSE_Q_BLOCK_SIZE=128, V_HEAD_DIM=32, V_HEAD_DIM_ROUNDED=32, WRITE_DQ=True, num_stages=3, num_warps=4
  triton_flex_attention_3 2.3480 ms 78.5% BLOCKS_ARE_CONTIGUOUS=False, BLOCK_M=128, BLOCK_N=128, FLOAT32_PRECISION="'tf32'", GQA_SHARED_HEADS=3, HAS_FULL_BLOCKS=True, IS_DIVISIBLE=True, OUTPUT_LOGSUMEXP=True, PRESCALE_QK=False, QK_HEAD_DIM=32, QK_HEAD_DIM_ROUNDED=32, ROWS_GUARANTEED_SAFE=False, SAFE_HEAD_DIM=True, SM_SCALE=0.17677669529663687, SPARSE_KV_BLOCK_SIZE=128, SPARSE_Q_BLOCK_SIZE=128, V_HEAD_DIM=32, V_HEAD_DIM_ROUNDED=32, WRITE_DQ=True, num_stages=2, num_warps=8
  triton_flex_attention_2 2.6972 ms 68.4% BLOCKS_ARE_CONTIGUOUS=False, BLOCK_M=128, BLOCK_N=128, FLOAT32_PRECISION="'tf32'", GQA_SHARED_HEADS=3, HAS_FULL_BLOCKS=True, IS_DIVISIBLE=True, OUTPUT_LOGSUMEXP=True, PRESCALE_QK=False, QK_HEAD_DIM=32, QK_HEAD_DIM_ROUNDED=32, ROWS_GUARANTEED_SAFE=False, SAFE_HEAD_DIM=True, SM_SCALE=0.17677669529663687, SPARSE_KV_BLOCK_SIZE=128, SPARSE_Q_BLOCK_SIZE=128, V_HEAD_DIM=32, V_HEAD_DIM_ROUNDED=32, WRITE_DQ=True, num_stages=3, num_warps=4
SingleProcess AUTOTUNE benchmarking takes 0.9421 seconds and 27.3779 seconds precompiling for 6 choices
AUTOTUNE flex_attention(8x24x1024x32, 8x8x1024x32, 8x8x1024x32, 8x24x1024, 8x24x8, 8x24x8x8, 8x24x8, 8x24x8x8, , )
  triton_flex_attention_5 1.8422 ms 100.0% BLOCKS_ARE_CONTIGUOUS=False, BLOCK_M=64, BLOCK_N=64, FLOAT32_PRECISION="'tf32'", GQA_SHARED_HEADS=3, HAS_FULL_BLOCKS=True, IS_DIVISIBLE=True, OUTPUT_LOGSUMEXP=True, PRESCALE_QK=False, QK_HEAD_DIM=32, QK_HEAD_DIM_ROUNDED=32, ROWS_GUARANTEED_SAFE=False, SAFE_HEAD_DIM=True, SM_SCALE=0.17677669529663687, SPARSE_KV_BLOCK_SIZE=128, SPARSE_Q_BLOCK_SIZE=128, V_HEAD_DIM=32, V_HEAD_DIM_ROUNDED=32, WRITE_DQ=True, num_stages=3, num_warps=4
  triton_flex_attention_4 2.1842 ms 84.3% BLOCKS_ARE_CONTIGUOUS=False, BLOCK_M=64, BLOCK_N=128, FLOAT32_PRECISION="'tf32'", GQA_SHARED_HEADS=3, HAS_FULL_BLOCKS=True, IS_DIVISIBLE=True, OUTPUT_LOGSUMEXP=True, PRESCALE_QK=False, QK_HEAD_DIM=32, QK_HEAD_DIM_ROUNDED=32, ROWS_GUARANTEED_SAFE=False, SAFE_HEAD_DIM=True, SM_SCALE=0.17677669529663687, SPARSE_KV_BLOCK_SIZE=128, SPARSE_Q_BLOCK_SIZE=128, V_HEAD_DIM=32, V_HEAD_DIM_ROUNDED=32, WRITE_DQ=True, num_stages=3, num_warps=4
  triton_flex_attention_0 2.1893 ms 84.1% BLOCKS_ARE_CONTIGUOUS=False, BLOCK_M=128, BLOCK_N=64, FLOAT32_PRECISION="'tf32'", GQA_SHARED_HEADS=3, HAS_FULL_BLOCKS=True, IS_DIVISIBLE=True, OUTPUT_LOGSUMEXP=True, PRESCALE_QK=False, QK_HEAD_DIM=32, QK_HEAD_DIM_ROUNDED=32, ROWS_GUARANTEED_SAFE=False, SAFE_HEAD_DIM=True, SM_SCALE=0.17677669529663687, SPARSE_KV_BLOCK_SIZE=128, SPARSE_Q_BLOCK_SIZE=128, V_HEAD_DIM=32, V_HEAD_DIM_ROUNDED=32, WRITE_DQ=True, num_stages=3, num_warps=4
  triton_flex_attention_1 2.1914 ms 84.1% BLOCKS_ARE_CONTIGUOUS=False, BLOCK_M=128, BLOCK_N=64, FLOAT32_PRECISION="'tf32'", GQA_SHARED_HEADS=3, HAS_FULL_BLOCKS=True, IS_DIVISIBLE=True, OUTPUT_LOGSUMEXP=True, PRESCALE_QK=False, QK_HEAD_DIM=32, QK_HEAD_DIM_ROUNDED=32, ROWS_GUARANTEED_SAFE=False, SAFE_HEAD_DIM=True, SM_SCALE=0.17677669529663687, SPARSE_KV_BLOCK_SIZE=128, SPARSE_Q_BLOCK_SIZE=128, V_HEAD_DIM=32, V_HEAD_DIM_ROUNDED=32, WRITE_DQ=True, num_stages=3, num_warps=4
  triton_flex_attention_3 2.3542 ms 78.3% BLOCKS_ARE_CONTIGUOUS=False, BLOCK_M=128, BLOCK_N=128, FLOAT32_PRECISION="'tf32'", GQA_SHARED_HEADS=3, HAS_FULL_BLOCKS=True, IS_DIVISIBLE=True, OUTPUT_LOGSUMEXP=True, PRESCALE_QK=False, QK_HEAD_DIM=32, QK_HEAD_DIM_ROUNDED=32, ROWS_GUARANTEED_SAFE=False, SAFE_HEAD_DIM=True, SM_SCALE=0.17677669529663687, SPARSE_KV_BLOCK_SIZE=128, SPARSE_Q_BLOCK_SIZE=128, V_HEAD_DIM=32, V_HEAD_DIM_ROUNDED=32, WRITE_DQ=True, num_stages=2, num_warps=8
  triton_flex_attention_2 2.7423 ms 67.2% BLOCKS_ARE_CONTIGUOUS=False, BLOCK_M=128, BLOCK_N=128, FLOAT32_PRECISION="'tf32'", GQA_SHARED_HEADS=3, HAS_FULL_BLOCKS=True, IS_DIVISIBLE=True, OUTPUT_LOGSUMEXP=True, PRESCALE_QK=False, QK_HEAD_DIM=32, QK_HEAD_DIM_ROUNDED=32, ROWS_GUARANTEED_SAFE=False, SAFE_HEAD_DIM=True, SM_SCALE=0.17677669529663687, SPARSE_KV_BLOCK_SIZE=128, SPARSE_Q_BLOCK_SIZE=128, V_HEAD_DIM=32, V_HEAD_DIM_ROUNDED=32, WRITE_DQ=True, num_stages=3, num_warps=4
SingleProcess AUTOTUNE benchmarking takes 0.8950 seconds and 27.4719 seconds precompiling for 6 choices
AUTOTUNE flex_attention(8x24x1024x32, 8x8x1024x32, 8x8x1024x32, 8x24x1024, 8x24x8, 8x24x8x8, 8x24x8, 8x24x8x8, , )
  triton_flex_attention_5 1.8555 ms 100.0% BLOCKS_ARE_CONTIGUOUS=False, BLOCK_M=64, BLOCK_N=64, FLOAT32_PRECISION="'tf32'", GQA_SHARED_HEADS=3, HAS_FULL_BLOCKS=True, IS_DIVISIBLE=True, OUTPUT_LOGSUMEXP=True, PRESCALE_QK=False, QK_HEAD_DIM=32, QK_HEAD_DIM_ROUNDED=32, ROWS_GUARANTEED_SAFE=False, SAFE_HEAD_DIM=True, SM_SCALE=0.17677669529663687, SPARSE_KV_BLOCK_SIZE=128, SPARSE_Q_BLOCK_SIZE=128, V_HEAD_DIM=32, V_HEAD_DIM_ROUNDED=32, WRITE_DQ=True, num_stages=3, num_warps=4
  triton_flex_attention_4 2.2047 ms 84.2% BLOCKS_ARE_CONTIGUOUS=False, BLOCK_M=64, BLOCK_N=128, FLOAT32_PRECISION="'tf32'", GQA_SHARED_HEADS=3, HAS_FULL_BLOCKS=True, IS_DIVISIBLE=True, OUTPUT_LOGSUMEXP=True, PRESCALE_QK=False, QK_HEAD_DIM=32, QK_HEAD_DIM_ROUNDED=32, ROWS_GUARANTEED_SAFE=False, SAFE_HEAD_DIM=True, SM_SCALE=0.17677669529663687, SPARSE_KV_BLOCK_SIZE=128, SPARSE_Q_BLOCK_SIZE=128, V_HEAD_DIM=32, V_HEAD_DIM_ROUNDED=32, WRITE_DQ=True, num_stages=3, num_warps=4
  triton_flex_attention_1 2.2200 ms 83.6% BLOCKS_ARE_CONTIGUOUS=False, BLOCK_M=128, BLOCK_N=64, FLOAT32_PRECISION="'tf32'", GQA_SHARED_HEADS=3, HAS_FULL_BLOCKS=True, IS_DIVISIBLE=True, OUTPUT_LOGSUMEXP=True, PRESCALE_QK=False, QK_HEAD_DIM=32, QK_HEAD_DIM_ROUNDED=32, ROWS_GUARANTEED_SAFE=False, SAFE_HEAD_DIM=True, SM_SCALE=0.17677669529663687, SPARSE_KV_BLOCK_SIZE=128, SPARSE_Q_BLOCK_SIZE=128, V_HEAD_DIM=32, V_HEAD_DIM_ROUNDED=32, WRITE_DQ=True, num_stages=3, num_warps=4
  triton_flex_attention_0 2.2231 ms 83.5% BLOCKS_ARE_CONTIGUOUS=False, BLOCK_M=128, BLOCK_N=64, FLOAT32_PRECISION="'tf32'", GQA_SHARED_HEADS=3, HAS_FULL_BLOCKS=True, IS_DIVISIBLE=True, OUTPUT_LOGSUMEXP=True, PRESCALE_QK=False, QK_HEAD_DIM=32, QK_HEAD_DIM_ROUNDED=32, ROWS_GUARANTEED_SAFE=False, SAFE_HEAD_DIM=True, SM_SCALE=0.17677669529663687, SPARSE_KV_BLOCK_SIZE=128, SPARSE_Q_BLOCK_SIZE=128, V_HEAD_DIM=32, V_HEAD_DIM_ROUNDED=32, WRITE_DQ=True, num_stages=3, num_warps=4
  triton_flex_attention_3 2.3675 ms 78.4% BLOCKS_ARE_CONTIGUOUS=False, BLOCK_M=128, BLOCK_N=128, FLOAT32_PRECISION="'tf32'", GQA_SHARED_HEADS=3, HAS_FULL_BLOCKS=True, IS_DIVISIBLE=True, OUTPUT_LOGSUMEXP=True, PRESCALE_QK=False, QK_HEAD_DIM=32, QK_HEAD_DIM_ROUNDED=32, ROWS_GUARANTEED_SAFE=False, SAFE_HEAD_DIM=True, SM_SCALE=0.17677669529663687, SPARSE_KV_BLOCK_SIZE=128, SPARSE_Q_BLOCK_SIZE=128, V_HEAD_DIM=32, V_HEAD_DIM_ROUNDED=32, WRITE_DQ=True, num_stages=2, num_warps=8
  triton_flex_attention_2 2.7996 ms 66.3% BLOCKS_ARE_CONTIGUOUS=False, BLOCK_M=128, BLOCK_N=128, FLOAT32_PRECISION="'tf32'", GQA_SHARED_HEADS=3, HAS_FULL_BLOCKS=True, IS_DIVISIBLE=True, OUTPUT_LOGSUMEXP=True, PRESCALE_QK=False, QK_HEAD_DIM=32, QK_HEAD_DIM_ROUNDED=32, ROWS_GUARANTEED_SAFE=False, SAFE_HEAD_DIM=True, SM_SCALE=0.17677669529663687, SPARSE_KV_BLOCK_SIZE=128, SPARSE_Q_BLOCK_SIZE=128, V_HEAD_DIM=32, V_HEAD_DIM_ROUNDED=32, WRITE_DQ=True, num_stages=3, num_warps=4
SingleProcess AUTOTUNE benchmarking takes 0.9138 seconds and 27.4884 seconds precompiling for 6 choices
AUTOTUNE flex_attention(8x24x1024x32, 8x8x1024x32, 8x8x1024x32, 8x24x1024, 8x24x8, 8x24x8x8, 8x24x8, 8x24x8x8, , )
  triton_flex_attention_5 1.8452 ms 100.0% BLOCKS_ARE_CONTIGUOUS=False, BLOCK_M=64, BLOCK_N=64, FLOAT32_PRECISION="'tf32'", GQA_SHARED_HEADS=3, HAS_FULL_BLOCKS=True, IS_DIVISIBLE=True, OUTPUT_LOGSUMEXP=True, PRESCALE_QK=False, QK_HEAD_DIM=32, QK_HEAD_DIM_ROUNDED=32, ROWS_GUARANTEED_SAFE=False, SAFE_HEAD_DIM=True, SM_SCALE=0.17677669529663687, SPARSE_KV_BLOCK_SIZE=128, SPARSE_Q_BLOCK_SIZE=128, V_HEAD_DIM=32, V_HEAD_DIM_ROUNDED=32, WRITE_DQ=True, num_stages=3, num_warps=4
  triton_flex_attention_0 2.1924 ms 84.2% BLOCKS_ARE_CONTIGUOUS=False, BLOCK_M=128, BLOCK_N=64, FLOAT32_PRECISION="'tf32'", GQA_SHARED_HEADS=3, HAS_FULL_BLOCKS=True, IS_DIVISIBLE=True, OUTPUT_LOGSUMEXP=True, PRESCALE_QK=False, QK_HEAD_DIM=32, QK_HEAD_DIM_ROUNDED=32, ROWS_GUARANTEED_SAFE=False, SAFE_HEAD_DIM=True, SM_SCALE=0.17677669529663687, SPARSE_KV_BLOCK_SIZE=128, SPARSE_Q_BLOCK_SIZE=128, V_HEAD_DIM=32, V_HEAD_DIM_ROUNDED=32, WRITE_DQ=True, num_stages=3, num_warps=4
  triton_flex_attention_1 2.1934 ms 84.1% BLOCKS_ARE_CONTIGUOUS=False, BLOCK_M=128, BLOCK_N=64, FLOAT32_PRECISION="'tf32'", GQA_SHARED_HEADS=3, HAS_FULL_BLOCKS=True, IS_DIVISIBLE=True, OUTPUT_LOGSUMEXP=True, PRESCALE_QK=False, QK_HEAD_DIM=32, QK_HEAD_DIM_ROUNDED=32, ROWS_GUARANTEED_SAFE=False, SAFE_HEAD_DIM=True, SM_SCALE=0.17677669529663687, SPARSE_KV_BLOCK_SIZE=128, SPARSE_Q_BLOCK_SIZE=128, V_HEAD_DIM=32, V_HEAD_DIM_ROUNDED=32, WRITE_DQ=True, num_stages=3, num_warps=4
  triton_flex_attention_4 2.1965 ms 84.0% BLOCKS_ARE_CONTIGUOUS=False, BLOCK_M=64, BLOCK_N=128, FLOAT32_PRECISION="'tf32'", GQA_SHARED_HEADS=3, HAS_FULL_BLOCKS=True, IS_DIVISIBLE=True, OUTPUT_LOGSUMEXP=True, PRESCALE_QK=False, QK_HEAD_DIM=32, QK_HEAD_DIM_ROUNDED=32, ROWS_GUARANTEED_SAFE=False, SAFE_HEAD_DIM=True, SM_SCALE=0.17677669529663687, SPARSE_KV_BLOCK_SIZE=128, SPARSE_Q_BLOCK_SIZE=128, V_HEAD_DIM=32, V_HEAD_DIM_ROUNDED=32, WRITE_DQ=True, num_stages=3, num_warps=4
  triton_flex_attention_3 2.3572 ms 78.3% BLOCKS_ARE_CONTIGUOUS=False, BLOCK_M=128, BLOCK_N=128, FLOAT32_PRECISION="'tf32'", GQA_SHARED_HEADS=3, HAS_FULL_BLOCKS=True, IS_DIVISIBLE=True, OUTPUT_LOGSUMEXP=True, PRESCALE_QK=False, QK_HEAD_DIM=32, QK_HEAD_DIM_ROUNDED=32, ROWS_GUARANTEED_SAFE=False, SAFE_HEAD_DIM=True, SM_SCALE=0.17677669529663687, SPARSE_KV_BLOCK_SIZE=128, SPARSE_Q_BLOCK_SIZE=128, V_HEAD_DIM=32, V_HEAD_DIM_ROUNDED=32, WRITE_DQ=True, num_stages=2, num_warps=8
  triton_flex_attention_2 2.7300 ms 67.6% BLOCKS_ARE_CONTIGUOUS=False, BLOCK_M=128, BLOCK_N=128, FLOAT32_PRECISION="'tf32'", GQA_SHARED_HEADS=3, HAS_FULL_BLOCKS=True, IS_DIVISIBLE=True, OUTPUT_LOGSUMEXP=True, PRESCALE_QK=False, QK_HEAD_DIM=32, QK_HEAD_DIM_ROUNDED=32, ROWS_GUARANTEED_SAFE=False, SAFE_HEAD_DIM=True, SM_SCALE=0.17677669529663687, SPARSE_KV_BLOCK_SIZE=128, SPARSE_Q_BLOCK_SIZE=128, V_HEAD_DIM=32, V_HEAD_DIM_ROUNDED=32, WRITE_DQ=True, num_stages=3, num_warps=4
SingleProcess AUTOTUNE benchmarking takes 0.9766 seconds and 27.4328 seconds precompiling for 6 choices
AUTOTUNE flex_attention(8x24x1024x32, 8x8x1024x32, 8x8x1024x32, 8x24x1024, 8x24x8, 8x24x8x8, 8x24x8, 8x24x8x8, , )
  triton_flex_attention_5 1.8412 ms 100.0% BLOCKS_ARE_CONTIGUOUS=False, BLOCK_M=64, BLOCK_N=64, FLOAT32_PRECISION="'tf32'", GQA_SHARED_HEADS=3, HAS_FULL_BLOCKS=True, IS_DIVISIBLE=True, OUTPUT_LOGSUMEXP=True, PRESCALE_QK=False, QK_HEAD_DIM=32, QK_HEAD_DIM_ROUNDED=32, ROWS_GUARANTEED_SAFE=False, SAFE_HEAD_DIM=True, SM_SCALE=0.17677669529663687, SPARSE_KV_BLOCK_SIZE=128, SPARSE_Q_BLOCK_SIZE=128, V_HEAD_DIM=32, V_HEAD_DIM_ROUNDED=32, WRITE_DQ=True, num_stages=3, num_warps=4
  triton_flex_attention_4 2.1832 ms 84.3% BLOCKS_ARE_CONTIGUOUS=False, BLOCK_M=64, BLOCK_N=128, FLOAT32_PRECISION="'tf32'", GQA_SHARED_HEADS=3, HAS_FULL_BLOCKS=True, IS_DIVISIBLE=True, OUTPUT_LOGSUMEXP=True, PRESCALE_QK=False, QK_HEAD_DIM=32, QK_HEAD_DIM_ROUNDED=32, ROWS_GUARANTEED_SAFE=False, SAFE_HEAD_DIM=True, SM_SCALE=0.17677669529663687, SPARSE_KV_BLOCK_SIZE=128, SPARSE_Q_BLOCK_SIZE=128, V_HEAD_DIM=32, V_HEAD_DIM_ROUNDED=32, WRITE_DQ=True, num_stages=3, num_warps=4
  triton_flex_attention_1 2.2180 ms 83.0% BLOCKS_ARE_CONTIGUOUS=False, BLOCK_M=128, BLOCK_N=64, FLOAT32_PRECISION="'tf32'", GQA_SHARED_HEADS=3, HAS_FULL_BLOCKS=True, IS_DIVISIBLE=True, OUTPUT_LOGSUMEXP=True, PRESCALE_QK=False, QK_HEAD_DIM=32, QK_HEAD_DIM_ROUNDED=32, ROWS_GUARANTEED_SAFE=False, SAFE_HEAD_DIM=True, SM_SCALE=0.17677669529663687, SPARSE_KV_BLOCK_SIZE=128, SPARSE_Q_BLOCK_SIZE=128, V_HEAD_DIM=32, V_HEAD_DIM_ROUNDED=32, WRITE_DQ=True, num_stages=3, num_warps=4
  triton_flex_attention_0 2.2190 ms 83.0% BLOCKS_ARE_CONTIGUOUS=False, BLOCK_M=128, BLOCK_N=64, FLOAT32_PRECISION="'tf32'", GQA_SHARED_HEADS=3, HAS_FULL_BLOCKS=True, IS_DIVISIBLE=True, OUTPUT_LOGSUMEXP=True, PRESCALE_QK=False, QK_HEAD_DIM=32, QK_HEAD_DIM_ROUNDED=32, ROWS_GUARANTEED_SAFE=False, SAFE_HEAD_DIM=True, SM_SCALE=0.17677669529663687, SPARSE_KV_BLOCK_SIZE=128, SPARSE_Q_BLOCK_SIZE=128, V_HEAD_DIM=32, V_HEAD_DIM_ROUNDED=32, WRITE_DQ=True, num_stages=3, num_warps=4
  triton_flex_attention_3 2.3542 ms 78.2% BLOCKS_ARE_CONTIGUOUS=False, BLOCK_M=128, BLOCK_N=128, FLOAT32_PRECISION="'tf32'", GQA_SHARED_HEADS=3, HAS_FULL_BLOCKS=True, IS_DIVISIBLE=True, OUTPUT_LOGSUMEXP=True, PRESCALE_QK=False, QK_HEAD_DIM=32, QK_HEAD_DIM_ROUNDED=32, ROWS_GUARANTEED_SAFE=False, SAFE_HEAD_DIM=True, SM_SCALE=0.17677669529663687, SPARSE_KV_BLOCK_SIZE=128, SPARSE_Q_BLOCK_SIZE=128, V_HEAD_DIM=32, V_HEAD_DIM_ROUNDED=32, WRITE_DQ=True, num_stages=2, num_warps=8
  triton_flex_attention_2 2.6921 ms 68.4% BLOCKS_ARE_CONTIGUOUS=False, BLOCK_M=128, BLOCK_N=128, FLOAT32_PRECISION="'tf32'", GQA_SHARED_HEADS=3, HAS_FULL_BLOCKS=True, IS_DIVISIBLE=True, OUTPUT_LOGSUMEXP=True, PRESCALE_QK=False, QK_HEAD_DIM=32, QK_HEAD_DIM_ROUNDED=32, ROWS_GUARANTEED_SAFE=False, SAFE_HEAD_DIM=True, SM_SCALE=0.17677669529663687, SPARSE_KV_BLOCK_SIZE=128, SPARSE_Q_BLOCK_SIZE=128, V_HEAD_DIM=32, V_HEAD_DIM_ROUNDED=32, WRITE_DQ=True, num_stages=3, num_warps=4
SingleProcess AUTOTUNE benchmarking takes 1.0321 seconds and 27.4188 seconds precompiling for 6 choices
AUTOTUNE flex_attention(8x24x1024x32, 8x8x1024x32, 8x8x1024x32, 8x24x1024, 8x24x8, 8x24x8x8, 8x24x8, 8x24x8x8, , )
  triton_flex_attention_5 1.8432 ms 100.0% BLOCKS_ARE_CONTIGUOUS=False, BLOCK_M=64, BLOCK_N=64, FLOAT32_PRECISION="'tf32'", GQA_SHARED_HEADS=3, HAS_FULL_BLOCKS=True, IS_DIVISIBLE=True, OUTPUT_LOGSUMEXP=True, PRESCALE_QK=False, QK_HEAD_DIM=32, QK_HEAD_DIM_ROUNDED=32, ROWS_GUARANTEED_SAFE=False, SAFE_HEAD_DIM=True, SM_SCALE=0.17677669529663687, SPARSE_KV_BLOCK_SIZE=128, SPARSE_Q_BLOCK_SIZE=128, V_HEAD_DIM=32, V_HEAD_DIM_ROUNDED=32, WRITE_DQ=True, num_stages=3, num_warps=4
  triton_flex_attention_4 2.1914 ms 84.1% BLOCKS_ARE_CONTIGUOUS=False, BLOCK_M=64, BLOCK_N=128, FLOAT32_PRECISION="'tf32'", GQA_SHARED_HEADS=3, HAS_FULL_BLOCKS=True, IS_DIVISIBLE=True, OUTPUT_LOGSUMEXP=True, PRESCALE_QK=False, QK_HEAD_DIM=32, QK_HEAD_DIM_ROUNDED=32, ROWS_GUARANTEED_SAFE=False, SAFE_HEAD_DIM=True, SM_SCALE=0.17677669529663687, SPARSE_KV_BLOCK_SIZE=128, SPARSE_Q_BLOCK_SIZE=128, V_HEAD_DIM=32, V_HEAD_DIM_ROUNDED=32, WRITE_DQ=True, num_stages=3, num_warps=4
  triton_flex_attention_0 2.1934 ms 84.0% BLOCKS_ARE_CONTIGUOUS=False, BLOCK_M=128, BLOCK_N=64, FLOAT32_PRECISION="'tf32'", GQA_SHARED_HEADS=3, HAS_FULL_BLOCKS=True, IS_DIVISIBLE=True, OUTPUT_LOGSUMEXP=True, PRESCALE_QK=False, QK_HEAD_DIM=32, QK_HEAD_DIM_ROUNDED=32, ROWS_GUARANTEED_SAFE=False, SAFE_HEAD_DIM=True, SM_SCALE=0.17677669529663687, SPARSE_KV_BLOCK_SIZE=128, SPARSE_Q_BLOCK_SIZE=128, V_HEAD_DIM=32, V_HEAD_DIM_ROUNDED=32, WRITE_DQ=True, num_stages=3, num_warps=4
  triton_flex_attention_1 2.1934 ms 84.0% BLOCKS_ARE_CONTIGUOUS=False, BLOCK_M=128, BLOCK_N=64, FLOAT32_PRECISION="'tf32'", GQA_SHARED_HEADS=3, HAS_FULL_BLOCKS=True, IS_DIVISIBLE=True, OUTPUT_LOGSUMEXP=True, PRESCALE_QK=False, QK_HEAD_DIM=32, QK_HEAD_DIM_ROUNDED=32, ROWS_GUARANTEED_SAFE=False, SAFE_HEAD_DIM=True, SM_SCALE=0.17677669529663687, SPARSE_KV_BLOCK_SIZE=128, SPARSE_Q_BLOCK_SIZE=128, V_HEAD_DIM=32, V_HEAD_DIM_ROUNDED=32, WRITE_DQ=True, num_stages=3, num_warps=4
  triton_flex_attention_3 2.3562 ms 78.2% BLOCKS_ARE_CONTIGUOUS=False, BLOCK_M=128, BLOCK_N=128, FLOAT32_PRECISION="'tf32'", GQA_SHARED_HEADS=3, HAS_FULL_BLOCKS=True, IS_DIVISIBLE=True, OUTPUT_LOGSUMEXP=True, PRESCALE_QK=False, QK_HEAD_DIM=32, QK_HEAD_DIM_ROUNDED=32, ROWS_GUARANTEED_SAFE=False, SAFE_HEAD_DIM=True, SM_SCALE=0.17677669529663687, SPARSE_KV_BLOCK_SIZE=128, SPARSE_Q_BLOCK_SIZE=128, V_HEAD_DIM=32, V_HEAD_DIM_ROUNDED=32, WRITE_DQ=True, num_stages=2, num_warps=8
  triton_flex_attention_2 2.7382 ms 67.3% BLOCKS_ARE_CONTIGUOUS=False, BLOCK_M=128, BLOCK_N=128, FLOAT32_PRECISION="'tf32'", GQA_SHARED_HEADS=3, HAS_FULL_BLOCKS=True, IS_DIVISIBLE=True, OUTPUT_LOGSUMEXP=True, PRESCALE_QK=False, QK_HEAD_DIM=32, QK_HEAD_DIM_ROUNDED=32, ROWS_GUARANTEED_SAFE=False, SAFE_HEAD_DIM=True, SM_SCALE=0.17677669529663687, SPARSE_KV_BLOCK_SIZE=128, SPARSE_Q_BLOCK_SIZE=128, V_HEAD_DIM=32, V_HEAD_DIM_ROUNDED=32, WRITE_DQ=True, num_stages=3, num_warps=4
SingleProcess AUTOTUNE benchmarking takes 0.9466 seconds and 27.5449 seconds precompiling for 6 choices
AUTOTUNE flex_attention(8x24x1024x32, 8x8x1024x32, 8x8x1024x32, 8x24x1024, 8x24x8, 8x24x8x8, 8x24x8, 8x24x8x8, , )
  triton_flex_attention_5 1.8463 ms 100.0% BLOCKS_ARE_CONTIGUOUS=False, BLOCK_M=64, BLOCK_N=64, FLOAT32_PRECISION="'tf32'", GQA_SHARED_HEADS=3, HAS_FULL_BLOCKS=True, IS_DIVISIBLE=True, OUTPUT_LOGSUMEXP=True, PRESCALE_QK=False, QK_HEAD_DIM=32, QK_HEAD_DIM_ROUNDED=32, ROWS_GUARANTEED_SAFE=False, SAFE_HEAD_DIM=True, SM_SCALE=0.17677669529663687, SPARSE_KV_BLOCK_SIZE=128, SPARSE_Q_BLOCK_SIZE=128, V_HEAD_DIM=32, V_HEAD_DIM_ROUNDED=32, WRITE_DQ=True, num_stages=3, num_warps=4
  triton_flex_attention_0 2.1934 ms 84.2% BLOCKS_ARE_CONTIGUOUS=False, BLOCK_M=128, BLOCK_N=64, FLOAT32_PRECISION="'tf32'", GQA_SHARED_HEADS=3, HAS_FULL_BLOCKS=True, IS_DIVISIBLE=True, OUTPUT_LOGSUMEXP=True, PRESCALE_QK=False, QK_HEAD_DIM=32, QK_HEAD_DIM_ROUNDED=32, ROWS_GUARANTEED_SAFE=False, SAFE_HEAD_DIM=True, SM_SCALE=0.17677669529663687, SPARSE_KV_BLOCK_SIZE=128, SPARSE_Q_BLOCK_SIZE=128, V_HEAD_DIM=32, V_HEAD_DIM_ROUNDED=32, WRITE_DQ=True, num_stages=3, num_warps=4
  triton_flex_attention_1 2.1944 ms 84.1% BLOCKS_ARE_CONTIGUOUS=False, BLOCK_M=128, BLOCK_N=64, FLOAT32_PRECISION="'tf32'", GQA_SHARED_HEADS=3, HAS_FULL_BLOCKS=True, IS_DIVISIBLE=True, OUTPUT_LOGSUMEXP=True, PRESCALE_QK=False, QK_HEAD_DIM=32, QK_HEAD_DIM_ROUNDED=32, ROWS_GUARANTEED_SAFE=False, SAFE_HEAD_DIM=True, SM_SCALE=0.17677669529663687, SPARSE_KV_BLOCK_SIZE=128, SPARSE_Q_BLOCK_SIZE=128, V_HEAD_DIM=32, V_HEAD_DIM_ROUNDED=32, WRITE_DQ=True, num_stages=3, num_warps=4
  triton_flex_attention_4 2.1955 ms 84.1% BLOCKS_ARE_CONTIGUOUS=False, BLOCK_M=64, BLOCK_N=128, FLOAT32_PRECISION="'tf32'", GQA_SHARED_HEADS=3, HAS_FULL_BLOCKS=True, IS_DIVISIBLE=True, OUTPUT_LOGSUMEXP=True, PRESCALE_QK=False, QK_HEAD_DIM=32, QK_HEAD_DIM_ROUNDED=32, ROWS_GUARANTEED_SAFE=False, SAFE_HEAD_DIM=True, SM_SCALE=0.17677669529663687, SPARSE_KV_BLOCK_SIZE=128, SPARSE_Q_BLOCK_SIZE=128, V_HEAD_DIM=32, V_HEAD_DIM_ROUNDED=32, WRITE_DQ=True, num_stages=3, num_warps=4
  triton_flex_attention_3 2.3603 ms 78.2% BLOCKS_ARE_CONTIGUOUS=False, BLOCK_M=128, BLOCK_N=128, FLOAT32_PRECISION="'tf32'", GQA_SHARED_HEADS=3, HAS_FULL_BLOCKS=True, IS_DIVISIBLE=True, OUTPUT_LOGSUMEXP=True, PRESCALE_QK=False, QK_HEAD_DIM=32, QK_HEAD_DIM_ROUNDED=32, ROWS_GUARANTEED_SAFE=False, SAFE_HEAD_DIM=True, SM_SCALE=0.17677669529663687, SPARSE_KV_BLOCK_SIZE=128, SPARSE_Q_BLOCK_SIZE=128, V_HEAD_DIM=32, V_HEAD_DIM_ROUNDED=32, WRITE_DQ=True, num_stages=2, num_warps=8
  triton_flex_attention_2 2.7177 ms 67.9% BLOCKS_ARE_CONTIGUOUS=False, BLOCK_M=128, BLOCK_N=128, FLOAT32_PRECISION="'tf32'", GQA_SHARED_HEADS=3, HAS_FULL_BLOCKS=True, IS_DIVISIBLE=True, OUTPUT_LOGSUMEXP=True, PRESCALE_QK=False, QK_HEAD_DIM=32, QK_HEAD_DIM_ROUNDED=32, ROWS_GUARANTEED_SAFE=False, SAFE_HEAD_DIM=True, SM_SCALE=0.17677669529663687, SPARSE_KV_BLOCK_SIZE=128, SPARSE_Q_BLOCK_SIZE=128, V_HEAD_DIM=32, V_HEAD_DIM_ROUNDED=32, WRITE_DQ=True, num_stages=3, num_warps=4
SingleProcess AUTOTUNE benchmarking takes 1.0099 seconds and 27.5327 seconds precompiling for 6 choices
AUTOTUNE flex_attention(8x24x1024x32, 8x8x1024x32, 8x8x1024x32, 8x24x1024, 8x24x8, 8x24x8x8, 8x24x8, 8x24x8x8, , )
  triton_flex_attention_5 1.8422 ms 100.0% BLOCKS_ARE_CONTIGUOUS=False, BLOCK_M=64, BLOCK_N=64, FLOAT32_PRECISION="'tf32'", GQA_SHARED_HEADS=3, HAS_FULL_BLOCKS=True, IS_DIVISIBLE=True, OUTPUT_LOGSUMEXP=True, PRESCALE_QK=False, QK_HEAD_DIM=32, QK_HEAD_DIM_ROUNDED=32, ROWS_GUARANTEED_SAFE=False, SAFE_HEAD_DIM=True, SM_SCALE=0.17677669529663687, SPARSE_KV_BLOCK_SIZE=128, SPARSE_Q_BLOCK_SIZE=128, V_HEAD_DIM=32, V_HEAD_DIM_ROUNDED=32, WRITE_DQ=True, num_stages=3, num_warps=4
  triton_flex_attention_4 2.1883 ms 84.2% BLOCKS_ARE_CONTIGUOUS=False, BLOCK_M=64, BLOCK_N=128, FLOAT32_PRECISION="'tf32'", GQA_SHARED_HEADS=3, HAS_FULL_BLOCKS=True, IS_DIVISIBLE=True, OUTPUT_LOGSUMEXP=True, PRESCALE_QK=False, QK_HEAD_DIM=32, QK_HEAD_DIM_ROUNDED=32, ROWS_GUARANTEED_SAFE=False, SAFE_HEAD_DIM=True, SM_SCALE=0.17677669529663687, SPARSE_KV_BLOCK_SIZE=128, SPARSE_Q_BLOCK_SIZE=128, V_HEAD_DIM=32, V_HEAD_DIM_ROUNDED=32, WRITE_DQ=True, num_stages=3, num_warps=4
  triton_flex_attention_0 2.1965 ms 83.9% BLOCKS_ARE_CONTIGUOUS=False, BLOCK_M=128, BLOCK_N=64, FLOAT32_PRECISION="'tf32'", GQA_SHARED_HEADS=3, HAS_FULL_BLOCKS=True, IS_DIVISIBLE=True, OUTPUT_LOGSUMEXP=True, PRESCALE_QK=False, QK_HEAD_DIM=32, QK_HEAD_DIM_ROUNDED=32, ROWS_GUARANTEED_SAFE=False, SAFE_HEAD_DIM=True, SM_SCALE=0.17677669529663687, SPARSE_KV_BLOCK_SIZE=128, SPARSE_Q_BLOCK_SIZE=128, V_HEAD_DIM=32, V_HEAD_DIM_ROUNDED=32, WRITE_DQ=True, num_stages=3, num_warps=4
  triton_flex_attention_1 2.1985 ms 83.8% BLOCKS_ARE_CONTIGUOUS=False, BLOCK_M=128, BLOCK_N=64, FLOAT32_PRECISION="'tf32'", GQA_SHARED_HEADS=3, HAS_FULL_BLOCKS=True, IS_DIVISIBLE=True, OUTPUT_LOGSUMEXP=True, PRESCALE_QK=False, QK_HEAD_DIM=32, QK_HEAD_DIM_ROUNDED=32, ROWS_GUARANTEED_SAFE=False, SAFE_HEAD_DIM=True, SM_SCALE=0.17677669529663687, SPARSE_KV_BLOCK_SIZE=128, SPARSE_Q_BLOCK_SIZE=128, V_HEAD_DIM=32, V_HEAD_DIM_ROUNDED=32, WRITE_DQ=True, num_stages=3, num_warps=4
  triton_flex_attention_3 2.3562 ms 78.2% BLOCKS_ARE_CONTIGUOUS=False, BLOCK_M=128, BLOCK_N=128, FLOAT32_PRECISION="'tf32'", GQA_SHARED_HEADS=3, HAS_FULL_BLOCKS=True, IS_DIVISIBLE=True, OUTPUT_LOGSUMEXP=True, PRESCALE_QK=False, QK_HEAD_DIM=32, QK_HEAD_DIM_ROUNDED=32, ROWS_GUARANTEED_SAFE=False, SAFE_HEAD_DIM=True, SM_SCALE=0.17677669529663687, SPARSE_KV_BLOCK_SIZE=128, SPARSE_Q_BLOCK_SIZE=128, V_HEAD_DIM=32, V_HEAD_DIM_ROUNDED=32, WRITE_DQ=True, num_stages=2, num_warps=8
  triton_flex_attention_2 2.7750 ms 66.4% BLOCKS_ARE_CONTIGUOUS=False, BLOCK_M=128, BLOCK_N=128, FLOAT32_PRECISION="'tf32'", GQA_SHARED_HEADS=3, HAS_FULL_BLOCKS=True, IS_DIVISIBLE=True, OUTPUT_LOGSUMEXP=True, PRESCALE_QK=False, QK_HEAD_DIM=32, QK_HEAD_DIM_ROUNDED=32, ROWS_GUARANTEED_SAFE=False, SAFE_HEAD_DIM=True, SM_SCALE=0.17677669529663687, SPARSE_KV_BLOCK_SIZE=128, SPARSE_Q_BLOCK_SIZE=128, V_HEAD_DIM=32, V_HEAD_DIM_ROUNDED=32, WRITE_DQ=True, num_stages=3, num_warps=4
SingleProcess AUTOTUNE benchmarking takes 0.9939 seconds and 27.7151 seconds precompiling for 6 choices
[rank11]: Traceback (most recent call last):
[rank11]:   File "/work/m24047/m24047brmn/nemo/OpenLLM-BPI-Training/training/train/test/train_ssa_fa.py", line 326, in <module>
[rank11]:     main()
[rank11]:   File "/work/m24047/m24047brmn/nemo/OpenLLM-BPI-Training/training/train/test/train_ssa_fa.py", line 321, in main
[rank11]:     recipe_obj()
[rank11]:   File "/opt/NeMo/nemo/collections/llm/api.py", line 171, in pretrain
[rank11]:     return train(
[rank11]:            ^^^^^^
[rank11]:   File "/opt/NeMo/nemo/collections/llm/api.py", line 127, in train
[rank11]:     trainer.fit(model, data)
[rank11]:   File "/usr/local/lib/python3.12/dist-packages/lightning/pytorch/trainer/trainer.py", line 538, in fit
[rank11]:     call._call_and_handle_interrupt(
[rank11]:   File "/usr/local/lib/python3.12/dist-packages/lightning/pytorch/trainer/call.py", line 46, in _call_and_handle_interrupt
[rank11]:     return trainer.strategy.launcher.launch(trainer_fn, *args, trainer=trainer, **kwargs)
[rank11]:            ^^^^^^^^^^^^^^^^^^^^^^^^^^^^^^^^^^^^^^^^^^^^^^^^^^^^^^^^^^^^^^^^^^^^^^^^^^^^^^
[rank11]:   File "/usr/local/lib/python3.12/dist-packages/lightning/pytorch/strategies/launchers/subprocess_script.py", line 105, in launch
[rank11]:     return function(*args, **kwargs)
[rank11]:            ^^^^^^^^^^^^^^^^^^^^^^^^^
[rank11]:   File "/usr/local/lib/python3.12/dist-packages/lightning/pytorch/trainer/trainer.py", line 574, in _fit_impl
[rank11]:     self._run(model, ckpt_path=ckpt_path)
[rank11]:   File "/usr/local/lib/python3.12/dist-packages/lightning/pytorch/trainer/trainer.py", line 981, in _run
[rank11]:     results = self._run_stage()
[rank11]:               ^^^^^^^^^^^^^^^^^
[rank11]:   File "/usr/local/lib/python3.12/dist-packages/lightning/pytorch/trainer/trainer.py", line 1025, in _run_stage
[rank11]:     self.fit_loop.run()
[rank11]:   File "/usr/local/lib/python3.12/dist-packages/lightning/pytorch/loops/fit_loop.py", line 205, in run
[rank11]:     self.advance()
[rank11]:   File "/usr/local/lib/python3.12/dist-packages/lightning/pytorch/loops/fit_loop.py", line 363, in advance
[rank11]:     self.epoch_loop.run(self._data_fetcher)
[rank11]:   File "/usr/local/lib/python3.12/dist-packages/lightning/pytorch/loops/training_epoch_loop.py", line 140, in run
[rank11]:     self.advance(data_fetcher)
[rank11]:   File "/opt/NeMo/nemo/lightning/pytorch/trainer.py", line 47, in advance
[rank11]:     super().advance(data_fetcher)
[rank11]:   File "/usr/local/lib/python3.12/dist-packages/lightning/pytorch/loops/training_epoch_loop.py", line 250, in advance
[rank11]:     batch_output = self.automatic_optimization.run(trainer.optimizers[0], batch_idx, kwargs)
[rank11]:                    ^^^^^^^^^^^^^^^^^^^^^^^^^^^^^^^^^^^^^^^^^^^^^^^^^^^^^^^^^^^^^^^^^^^^^^^^^
[rank11]:   File "/usr/local/lib/python3.12/dist-packages/lightning/pytorch/loops/optimization/automatic.py", line 190, in run
[rank11]:     self._optimizer_step(batch_idx, closure)
[rank11]:   File "/usr/local/lib/python3.12/dist-packages/lightning/pytorch/loops/optimization/automatic.py", line 268, in _optimizer_step
[rank11]:     call._call_lightning_module_hook(
[rank11]:   File "/usr/local/lib/python3.12/dist-packages/lightning/pytorch/trainer/call.py", line 167, in _call_lightning_module_hook
[rank11]:     output = fn(*args, **kwargs)
[rank11]:              ^^^^^^^^^^^^^^^^^^^
[rank11]:   File "/usr/local/lib/python3.12/dist-packages/lightning/pytorch/core/module.py", line 1306, in optimizer_step
[rank11]:     optimizer.step(closure=optimizer_closure)
[rank11]:   File "/usr/local/lib/python3.12/dist-packages/lightning/pytorch/core/optimizer.py", line 153, in step
[rank11]:     step_output = self._strategy.optimizer_step(self._optimizer, closure, **kwargs)
[rank11]:                   ^^^^^^^^^^^^^^^^^^^^^^^^^^^^^^^^^^^^^^^^^^^^^^^^^^^^^^^^^^^^^^^^^
[rank11]:   File "/opt/NeMo/nemo/lightning/pytorch/strategies/megatron_strategy.py", line 761, in optimizer_step
[rank11]:     optimizer_output = super().optimizer_step(optimizer, closure, model, **kwargs)
[rank11]:                        ^^^^^^^^^^^^^^^^^^^^^^^^^^^^^^^^^^^^^^^^^^^^^^^^^^^^^^^^^^^
[rank11]:   File "/usr/local/lib/python3.12/dist-packages/lightning/pytorch/strategies/ddp.py", line 270, in optimizer_step
[rank11]:     optimizer_output = super().optimizer_step(optimizer, closure, model, **kwargs)
[rank11]:                        ^^^^^^^^^^^^^^^^^^^^^^^^^^^^^^^^^^^^^^^^^^^^^^^^^^^^^^^^^^^
[rank11]:   File "/usr/local/lib/python3.12/dist-packages/lightning/pytorch/strategies/strategy.py", line 238, in optimizer_step
[rank11]:     return self.precision_plugin.optimizer_step(optimizer, model=model, closure=closure, **kwargs)
[rank11]:            ^^^^^^^^^^^^^^^^^^^^^^^^^^^^^^^^^^^^^^^^^^^^^^^^^^^^^^^^^^^^^^^^^^^^^^^^^^^^^^^^^^^^^^^
[rank11]:   File "/usr/local/lib/python3.12/dist-packages/lightning/pytorch/plugins/precision/precision.py", line 122, in optimizer_step
[rank11]:     return optimizer.step(closure=closure, **kwargs)
[rank11]:            ^^^^^^^^^^^^^^^^^^^^^^^^^^^^^^^^^^^^^^^^^
[rank11]:   File "/usr/local/lib/python3.12/dist-packages/torch/optim/lr_scheduler.py", line 137, in wrapper
[rank11]:     return func.__get__(opt, opt.__class__)(*args, **kwargs)
[rank11]:            ^^^^^^^^^^^^^^^^^^^^^^^^^^^^^^^^^^^^^^^^^^^^^^^^^
[rank11]:   File "/opt/NeMo/nemo/core/optim/mcore_optim.py", line 129, in step
[rank11]:     loss = closure()
[rank11]:            ^^^^^^^^^
[rank11]:   File "/usr/local/lib/python3.12/dist-packages/lightning/pytorch/plugins/precision/precision.py", line 108, in _wrap_closure
[rank11]:     closure_result = closure()
[rank11]:                      ^^^^^^^^^
[rank11]:   File "/usr/local/lib/python3.12/dist-packages/lightning/pytorch/loops/optimization/automatic.py", line 144, in __call__
[rank11]:     self._result = self.closure(*args, **kwargs)
[rank11]:                    ^^^^^^^^^^^^^^^^^^^^^^^^^^^^^
[rank11]:   File "/usr/local/lib/python3.12/dist-packages/torch/utils/_contextlib.py", line 116, in decorate_context
[rank11]:     return func(*args, **kwargs)
[rank11]:            ^^^^^^^^^^^^^^^^^^^^^
[rank11]:   File "/usr/local/lib/python3.12/dist-packages/lightning/pytorch/loops/optimization/automatic.py", line 129, in closure
[rank11]:     step_output = self._step_fn()
[rank11]:                   ^^^^^^^^^^^^^^^
[rank11]:   File "/usr/local/lib/python3.12/dist-packages/lightning/pytorch/loops/optimization/automatic.py", line 317, in _training_step
[rank11]:     training_step_output = call._call_strategy_hook(trainer, "training_step", *kwargs.values())
[rank11]:                            ^^^^^^^^^^^^^^^^^^^^^^^^^^^^^^^^^^^^^^^^^^^^^^^^^^^^^^^^^^^^^^^^^^^^
[rank11]:   File "/usr/local/lib/python3.12/dist-packages/lightning/pytorch/trainer/call.py", line 319, in _call_strategy_hook
[rank11]:     output = fn(*args, **kwargs)
[rank11]:              ^^^^^^^^^^^^^^^^^^^
[rank11]:   File "/opt/NeMo/nemo/lightning/pytorch/strategies/megatron_strategy.py", line 695, in training_step
[rank11]:     out = self.model.training_step(dataloader_iter, *args, **kwargs)
[rank11]:           ^^^^^^^^^^^^^^^^^^^^^^^^^^^^^^^^^^^^^^^^^^^^^^^^^^^^^^^^^^
[rank11]:   File "/opt/NeMo/nemo/lightning/megatron_parallel.py", line 389, in training_step
[rank11]:     return self._step(
[rank11]:            ^^^^^^^^^^^
[rank11]:   File "/opt/NeMo/nemo/lightning/megatron_parallel.py", line 501, in _step
[rank11]:     return self.forward(
[rank11]:            ^^^^^^^^^^^^^
[rank11]:   File "/opt/NeMo/nemo/lightning/megatron_parallel.py", line 351, in forward
[rank11]:     microbatch_outputs = step()
[rank11]:                          ^^^^^^
[rank11]:   File "/opt/NeMo/nemo/lightning/megatron_parallel.py", line 1287, in __call__
[rank11]:     return self.forward_backward_func(
[rank11]:            ^^^^^^^^^^^^^^^^^^^^^^^^^^^
[rank11]:   File "/opt/megatron-lm/megatron/core/pipeline_parallel/schedules.py", line 494, in forward_backward_no_pipelining
[rank11]:     backward_step(input_tensor, output_tensor, output_tensor_grad, model_type, config)
[rank11]:   File "/opt/megatron-lm/megatron/core/pipeline_parallel/schedules.py", line 393, in backward_step
[rank11]:     custom_backward(output_tensor[0], output_tensor_grad[0])
[rank11]:   File "/opt/megatron-lm/megatron/core/pipeline_parallel/schedules.py", line 151, in custom_backward
[rank11]:     Variable._execution_engine.run_backward(
[rank11]:   File "/usr/local/lib/python3.12/dist-packages/torch/autograd/function.py", line 307, in apply
[rank11]:     return user_fn(self, *args)
[rank11]:            ^^^^^^^^^^^^^^^^^^^^
[rank11]:   File "/usr/local/lib/python3.12/dist-packages/torch/_functorch/_aot_autograd/runtime_wrappers.py", line 1983, in backward
[rank11]:     return impl_fn()
[rank11]:            ^^^^^^^^^
[rank11]:   File "/usr/local/lib/python3.12/dist-packages/torch/_functorch/_aot_autograd/runtime_wrappers.py", line 1969, in impl_fn
[rank11]:     out = CompiledFunction._backward_impl(ctx, all_args)
[rank11]:           ^^^^^^^^^^^^^^^^^^^^^^^^^^^^^^^^^^^^^^^^^^^^^^
[rank11]:   File "/usr/local/lib/python3.12/dist-packages/torch/_functorch/_aot_autograd/runtime_wrappers.py", line 2062, in _backward_impl
[rank11]:     CompiledFunction.compiled_bw = aot_config.bw_compiler(
[rank11]:                                    ^^^^^^^^^^^^^^^^^^^^^^^
[rank11]:   File "/usr/local/lib/python3.12/dist-packages/torch/_functorch/aot_autograd.py", line 479, in __call__
[rank11]:     return self.compiler_fn(gm, example_inputs)
[rank11]:            ^^^^^^^^^^^^^^^^^^^^^^^^^^^^^^^^^^^^
[rank11]:   File "/usr/local/lib/python3.12/dist-packages/torch/_dynamo/backends/common.py", line 54, in _wrapped_bw_compiler
[rank11]:     return disable(disable(bw_compiler_fn)(*args, **kwargs))
[rank11]:                    ^^^^^^^^^^^^^^^^^^^^^^^^^^^^^^^^^^^^^^^^
[rank11]:   File "/usr/local/lib/python3.12/dist-packages/torch/_dynamo/eval_frame.py", line 749, in _fn
[rank11]:     return fn(*args, **kwargs)
[rank11]:            ^^^^^^^^^^^^^^^^^^^
[rank11]:   File "/usr/local/lib/python3.12/dist-packages/torch/_utils_internal.py", line 95, in wrapper_function
[rank11]:     return function(*args, **kwargs)
[rank11]:            ^^^^^^^^^^^^^^^^^^^^^^^^^
[rank11]:   File "/usr/local/lib/python3.12/dist-packages/torch/_inductor/compile_fx.py", line 2107, in bw_compiler
[rank11]:     return inner_compile(
[rank11]:            ^^^^^^^^^^^^^^
[rank11]:   File "/usr/lib/python3.12/contextlib.py", line 81, in inner
[rank11]:     return func(*args, **kwds)
[rank11]:            ^^^^^^^^^^^^^^^^^^^
[rank11]:   File "/usr/local/lib/python3.12/dist-packages/torch/_inductor/compile_fx.py", line 623, in compile_fx_inner
[rank11]:     return wrap_compiler_debug(_compile_fx_inner, compiler_name="inductor")(
[rank11]:            ^^^^^^^^^^^^^^^^^^^^^^^^^^^^^^^^^^^^^^^^^^^^^^^^^^^^^^^^^^^^^^^^^
[rank11]:   File "/usr/local/lib/python3.12/dist-packages/torch/_dynamo/repro/after_aot.py", line 104, in debug_wrapper
[rank11]:     inner_compiled_fn = compiler_fn(gm, example_inputs)
[rank11]:                         ^^^^^^^^^^^^^^^^^^^^^^^^^^^^^^^
[rank11]:   File "/usr/local/lib/python3.12/dist-packages/torch/_inductor/compile_fx.py", line 727, in _compile_fx_inner
[rank11]:     mb_compiled_graph = fx_codegen_and_compile(
[rank11]:                         ^^^^^^^^^^^^^^^^^^^^^^^
[rank11]:   File "/usr/local/lib/python3.12/dist-packages/torch/_inductor/compile_fx.py", line 1402, in fx_codegen_and_compile
[rank11]:     return scheme.codegen_and_compile(gm, example_inputs, inputs_to_check, graph_kwargs)
[rank11]:            ^^^^^^^^^^^^^^^^^^^^^^^^^^^^^^^^^^^^^^^^^^^^^^^^^^^^^^^^^^^^^^^^^^^^^^^^^^^^^
[rank11]:   File "/usr/local/lib/python3.12/dist-packages/torch/_inductor/compile_fx.py", line 1057, in codegen_and_compile
[rank11]:     graph.run(*example_inputs)
[rank11]:   File "/usr/local/lib/python3.12/dist-packages/torch/_inductor/graph.py", line 851, in run
[rank11]:     return super().run(*args)
[rank11]:            ^^^^^^^^^^^^^^^^^^
[rank11]:   File "/usr/local/lib/python3.12/dist-packages/torch/fx/interpreter.py", line 171, in run
[rank11]:     self.env[node] = self.run_node(node)
[rank11]:                      ^^^^^^^^^^^^^^^^^^^
[rank11]:   File "/usr/local/lib/python3.12/dist-packages/torch/_inductor/graph.py", line 1436, in run_node
[rank11]:     result = super().run_node(n)
[rank11]:              ^^^^^^^^^^^^^^^^^^^
[rank11]:   File "/usr/local/lib/python3.12/dist-packages/torch/fx/interpreter.py", line 236, in run_node
[rank11]:     return getattr(self, n.op)(n.target, args, kwargs)
[rank11]:            ^^^^^^^^^^^^^^^^^^^^^^^^^^^^^^^^^^^^^^^^^^^
[rank11]:   File "/usr/local/lib/python3.12/dist-packages/torch/_inductor/graph.py", line 1139, in call_function
[rank11]:     raise LoweringException(e, target, args, kwargs).with_traceback(
[rank11]:   File "/usr/local/lib/python3.12/dist-packages/torch/_inductor/graph.py", line 1129, in call_function
[rank11]:     out = lowerings[target](*args, **kwargs)  # type: ignore[index]
[rank11]:           ^^^^^^^^^^^^^^^^^^^^^^^^^^^^^^^^^^
[rank11]:   File "/usr/local/lib/python3.12/dist-packages/torch/_inductor/lowering.py", line 455, in wrapped
[rank11]:     out = decomp_fn(*args, **kwargs)
[rank11]:           ^^^^^^^^^^^^^^^^^^^^^^^^^^
[rank11]:   File "/usr/local/lib/python3.12/dist-packages/torch/_inductor/kernel/flex_attention.py", line 2301, in flex_attention_backward
[rank11]:     joint_outputs = process_joint_outputs(
[rank11]:                     ^^^^^^^^^^^^^^^^^^^^^^
[rank11]:   File "/usr/local/lib/python3.12/dist-packages/torch/_inductor/kernel/flex_attention.py", line 2171, in process_joint_outputs
[rank11]:     grads_out = [get_out(x) for x in other_grads]
[rank11]:                  ^^^^^^^^^^
[rank11]:   File "/usr/local/lib/python3.12/dist-packages/torch/_inductor/kernel/flex_attention.py", line 2168, in get_out
[rank11]:     assert buf.name is not None
[rank11]:            ^^^^^^^^^^^^^^^^^^^^
[rank11]: torch._inductor.exc.LoweringException: AssertionError: 
[rank11]:   target: flex_attention_backward
[rank11]:   args[0]: TensorBox(StorageBox(
[rank11]:     InputBuffer(name='primals_1', layout=FixedLayout('cuda:1', torch.bfloat16, size=[8, 24, 1024, 32], stride=[786432, 32768, 32, 1]))
[rank11]:   ))
[rank11]:   args[1]: TensorBox(StorageBox(
[rank11]:     InputBuffer(name='primals_2', layout=FixedLayout('cuda:1', torch.bfloat16, size=[8, 8, 1024, 32], stride=[262144, 32768, 32, 1]))
[rank11]:   ))
[rank11]:   args[2]: TensorBox(StorageBox(
[rank11]:     InputBuffer(name='primals_3', layout=FixedLayout('cuda:1', torch.bfloat16, size=[8, 8, 1024, 32], stride=[262144, 32768, 32, 1]))
[rank11]:   ))
[rank11]:   args[3]: TensorBox(StorageBox(
[rank11]:     InputBuffer(name='getitem', layout=FixedLayout('cuda:1', torch.bfloat16, size=[8, 24, 1024, 32], stride=[786432, 32768, 32, 1]))
[rank11]:   ))
[rank11]:   args[4]: TensorBox(StorageBox(
[rank11]:     DonatedBuffer(name='getitem_1', layout=FixedLayout('cuda:1', torch.float32, size=[8, 24, 1024], stride=[24576, 1024, 1]))
[rank11]:   ))
[rank11]:   args[5]: TensorBox(StorageBox(
[rank11]:     InputBuffer(name='tangents_1', layout=FixedLayout('cuda:1', torch.bfloat16, size=[8, 24, 1024, 32], stride=[786432, 32768, 32, 1]))
[rank11]:   ))
[rank11]:   args[6]: TensorBox(StorageBox(
[rank11]:     Pointwise(
[rank11]:       'cuda',
[rank11]:       torch.float32,
[rank11]:       def inner_fn(index):
[rank11]:           i0, i1, i2 = index
[rank11]:           tmp0 = ops.constant(0, torch.float32)
[rank11]:           return tmp0
[rank11]:       ,
[rank11]:       ranges=[8, 24, 1024],
[rank11]:       origin_node=full_default,
[rank11]:       origins=OrderedSet([full_default])
[rank11]:     )
[rank11]:   ))
[rank11]:   args[7]: Subgraph(name='fw_graph0', graph_module=<lambda>(), graph=None)
[rank11]:   args[8]: Subgraph(name='joint_graph0', graph_module=<lambda>(), graph=None)
[rank11]:   args[9]: (1024, 1024, TensorBox(StorageBox(
[rank11]:     InputBuffer(name='primals_5', layout=FixedLayout('cuda:1', torch.int32, size=[8, 24, 8], stride=[192, 8, 1]))
[rank11]:   )), TensorBox(StorageBox(
[rank11]:     InputBuffer(name='primals_4', layout=FixedLayout('cuda:1', torch.int32, size=[8, 24, 8, 8], stride=[1536, 64, 8, 1]))
[rank11]:   )), TensorBox(StorageBox(
[rank11]:     InputBuffer(name='primals_8', layout=FixedLayout('cuda:1', torch.int32, size=[8, 24, 8], stride=[192, 8, 1]))
[rank11]:   )), TensorBox(StorageBox(
[rank11]:     InputBuffer(name='primals_9', layout=FixedLayout('cuda:1', torch.int32, size=[8, 24, 8, 8], stride=[1536, 64, 8, 1]))
[rank11]:   )), TensorBox(StorageBox(
[rank11]:     InputBuffer(name='primals_10', layout=FixedLayout('cuda:1', torch.int32, size=[8, 24, 8], stride=[192, 8, 1]))
[rank11]:   )), TensorBox(StorageBox(
[rank11]:     InputBuffer(name='primals_11', layout=FixedLayout('cuda:1', torch.int32, size=[8, 24, 8, 8], stride=[1536, 64, 8, 1]))
[rank11]:   )), TensorBox(StorageBox(
[rank11]:     InputBuffer(name='primals_12', layout=FixedLayout('cuda:1', torch.int32, size=[8, 24, 8], stride=[192, 8, 1]))
[rank11]:   )), TensorBox(StorageBox(
[rank11]:     InputBuffer(name='primals_13', layout=FixedLayout('cuda:1', torch.int32, size=[8, 24, 8, 8], stride=[1536, 64, 8, 1]))
[rank11]:   )), 128, 128, Subgraph(name='mask_graph0', graph_module=<lambda>(), graph=None))
[rank11]:   args[10]: 0.17677669529663687
[rank11]:   args[11]: {'PRESCALE_QK': False, 'ROWS_GUARANTEED_SAFE': False, 'BLOCKS_ARE_CONTIGUOUS': False, 'WRITE_DQ': True, 'OUTPUT_LOGSUMEXP': True}
[rank11]:   args[12]: (TensorBox(StorageBox(
[rank11]:     InputBuffer(name='primals_6', layout=FixedLayout('cuda:1', torch.bfloat16, size=[], stride=[]))
[rank11]:   )), TensorBox(StorageBox(
[rank11]:     InputBuffer(name='primals_7', layout=FixedLayout('cuda:1', torch.bfloat16, size=[], stride=[]))
[rank11]:   )))
[rank11]:   args[13]: ()
[rank10]: Traceback (most recent call last):
[rank10]:   File "/work/m24047/m24047brmn/nemo/OpenLLM-BPI-Training/training/train/test/train_ssa_fa.py", line 326, in <module>
[rank10]:     main()
[rank10]:   File "/work/m24047/m24047brmn/nemo/OpenLLM-BPI-Training/training/train/test/train_ssa_fa.py", line 321, in main
[rank10]:     recipe_obj()
[rank10]:   File "/opt/NeMo/nemo/collections/llm/api.py", line 171, in pretrain
[rank10]:     return train(
[rank10]:            ^^^^^^
[rank10]:   File "/opt/NeMo/nemo/collections/llm/api.py", line 127, in train
[rank10]:     trainer.fit(model, data)
[rank10]:   File "/usr/local/lib/python3.12/dist-packages/lightning/pytorch/trainer/trainer.py", line 538, in fit
[rank10]:     call._call_and_handle_interrupt(
[rank10]:   File "/usr/local/lib/python3.12/dist-packages/lightning/pytorch/trainer/call.py", line 46, in _call_and_handle_interrupt
[rank10]:     return trainer.strategy.launcher.launch(trainer_fn, *args, trainer=trainer, **kwargs)
[rank10]:            ^^^^^^^^^^^^^^^^^^^^^^^^^^^^^^^^^^^^^^^^^^^^^^^^^^^^^^^^^^^^^^^^^^^^^^^^^^^^^^
[rank10]:   File "/usr/local/lib/python3.12/dist-packages/lightning/pytorch/strategies/launchers/subprocess_script.py", line 105, in launch
[rank10]:     return function(*args, **kwargs)
[rank10]:            ^^^^^^^^^^^^^^^^^^^^^^^^^
[rank10]:   File "/usr/local/lib/python3.12/dist-packages/lightning/pytorch/trainer/trainer.py", line 574, in _fit_impl
[rank10]:     self._run(model, ckpt_path=ckpt_path)
[rank10]:   File "/usr/local/lib/python3.12/dist-packages/lightning/pytorch/trainer/trainer.py", line 981, in _run
[rank10]:     results = self._run_stage()
[rank10]:               ^^^^^^^^^^^^^^^^^
[rank10]:   File "/usr/local/lib/python3.12/dist-packages/lightning/pytorch/trainer/trainer.py", line 1025, in _run_stage
[rank10]:     self.fit_loop.run()
[rank10]:   File "/usr/local/lib/python3.12/dist-packages/lightning/pytorch/loops/fit_loop.py", line 205, in run
[rank10]:     self.advance()
[rank10]:   File "/usr/local/lib/python3.12/dist-packages/lightning/pytorch/loops/fit_loop.py", line 363, in advance
[rank10]:     self.epoch_loop.run(self._data_fetcher)
[rank10]:   File "/usr/local/lib/python3.12/dist-packages/lightning/pytorch/loops/training_epoch_loop.py", line 140, in run
[rank10]:     self.advance(data_fetcher)
[rank10]:   File "/opt/NeMo/nemo/lightning/pytorch/trainer.py", line 47, in advance
[rank10]:     super().advance(data_fetcher)
[rank10]:   File "/usr/local/lib/python3.12/dist-packages/lightning/pytorch/loops/training_epoch_loop.py", line 250, in advance
[rank10]:     batch_output = self.automatic_optimization.run(trainer.optimizers[0], batch_idx, kwargs)
[rank10]:                    ^^^^^^^^^^^^^^^^^^^^^^^^^^^^^^^^^^^^^^^^^^^^^^^^^^^^^^^^^^^^^^^^^^^^^^^^^
[rank10]:   File "/usr/local/lib/python3.12/dist-packages/lightning/pytorch/loops/optimization/automatic.py", line 190, in run
[rank10]:     self._optimizer_step(batch_idx, closure)
[rank10]:   File "/usr/local/lib/python3.12/dist-packages/lightning/pytorch/loops/optimization/automatic.py", line 268, in _optimizer_step
[rank10]:     call._call_lightning_module_hook(
[rank10]:   File "/usr/local/lib/python3.12/dist-packages/lightning/pytorch/trainer/call.py", line 167, in _call_lightning_module_hook
[rank10]:     output = fn(*args, **kwargs)
[rank10]:              ^^^^^^^^^^^^^^^^^^^
[rank10]:   File "/usr/local/lib/python3.12/dist-packages/lightning/pytorch/core/module.py", line 1306, in optimizer_step
[rank10]:     optimizer.step(closure=optimizer_closure)
[rank10]:   File "/usr/local/lib/python3.12/dist-packages/lightning/pytorch/core/optimizer.py", line 153, in step
[rank10]:     step_output = self._strategy.optimizer_step(self._optimizer, closure, **kwargs)
[rank10]:                   ^^^^^^^^^^^^^^^^^^^^^^^^^^^^^^^^^^^^^^^^^^^^^^^^^^^^^^^^^^^^^^^^^
[rank10]:   File "/opt/NeMo/nemo/lightning/pytorch/strategies/megatron_strategy.py", line 761, in optimizer_step
[rank10]:     optimizer_output = super().optimizer_step(optimizer, closure, model, **kwargs)
[rank10]:                        ^^^^^^^^^^^^^^^^^^^^^^^^^^^^^^^^^^^^^^^^^^^^^^^^^^^^^^^^^^^
[rank10]:   File "/usr/local/lib/python3.12/dist-packages/lightning/pytorch/strategies/ddp.py", line 270, in optimizer_step
[rank10]:     optimizer_output = super().optimizer_step(optimizer, closure, model, **kwargs)
[rank10]:                        ^^^^^^^^^^^^^^^^^^^^^^^^^^^^^^^^^^^^^^^^^^^^^^^^^^^^^^^^^^^
[rank10]:   File "/usr/local/lib/python3.12/dist-packages/lightning/pytorch/strategies/strategy.py", line 238, in optimizer_step
[rank10]:     return self.precision_plugin.optimizer_step(optimizer, model=model, closure=closure, **kwargs)
[rank10]:            ^^^^^^^^^^^^^^^^^^^^^^^^^^^^^^^^^^^^^^^^^^^^^^^^^^^^^^^^^^^^^^^^^^^^^^^^^^^^^^^^^^^^^^^
[rank10]:   File "/usr/local/lib/python3.12/dist-packages/lightning/pytorch/plugins/precision/precision.py", line 122, in optimizer_step
[rank10]:     return optimizer.step(closure=closure, **kwargs)
[rank10]:            ^^^^^^^^^^^^^^^^^^^^^^^^^^^^^^^^^^^^^^^^^
[rank10]:   File "/usr/local/lib/python3.12/dist-packages/torch/optim/lr_scheduler.py", line 137, in wrapper
[rank10]:     return func.__get__(opt, opt.__class__)(*args, **kwargs)
[rank10]:            ^^^^^^^^^^^^^^^^^^^^^^^^^^^^^^^^^^^^^^^^^^^^^^^^^
[rank10]:   File "/opt/NeMo/nemo/core/optim/mcore_optim.py", line 129, in step
[rank10]:     loss = closure()
[rank10]:            ^^^^^^^^^
[rank10]:   File "/usr/local/lib/python3.12/dist-packages/lightning/pytorch/plugins/precision/precision.py", line 108, in _wrap_closure
[rank10]:     closure_result = closure()
[rank10]:                      ^^^^^^^^^
[rank10]:   File "/usr/local/lib/python3.12/dist-packages/lightning/pytorch/loops/optimization/automatic.py", line 144, in __call__
[rank10]:     self._result = self.closure(*args, **kwargs)
[rank10]:                    ^^^^^^^^^^^^^^^^^^^^^^^^^^^^^
[rank10]:   File "/usr/local/lib/python3.12/dist-packages/torch/utils/_contextlib.py", line 116, in decorate_context
[rank10]:     return func(*args, **kwargs)
[rank10]:            ^^^^^^^^^^^^^^^^^^^^^
[rank10]:   File "/usr/local/lib/python3.12/dist-packages/lightning/pytorch/loops/optimization/automatic.py", line 129, in closure
[rank10]:     step_output = self._step_fn()
[rank10]:                   ^^^^^^^^^^^^^^^
[rank10]:   File "/usr/local/lib/python3.12/dist-packages/lightning/pytorch/loops/optimization/automatic.py", line 317, in _training_step
[rank10]:     training_step_output = call._call_strategy_hook(trainer, "training_step", *kwargs.values())
[rank10]:                            ^^^^^^^^^^^^^^^^^^^^^^^^^^^^^^^^^^^^^^^^^^^^^^^^^^^^^^^^^^^^^^^^^^^^
[rank10]:   File "/usr/local/lib/python3.12/dist-packages/lightning/pytorch/trainer/call.py", line 319, in _call_strategy_hook
[rank10]:     output = fn(*args, **kwargs)
[rank10]:              ^^^^^^^^^^^^^^^^^^^
[rank10]:   File "/opt/NeMo/nemo/lightning/pytorch/strategies/megatron_strategy.py", line 695, in training_step
[rank10]:     out = self.model.training_step(dataloader_iter, *args, **kwargs)
[rank10]:           ^^^^^^^^^^^^^^^^^^^^^^^^^^^^^^^^^^^^^^^^^^^^^^^^^^^^^^^^^^
[rank10]:   File "/opt/NeMo/nemo/lightning/megatron_parallel.py", line 389, in training_step
[rank10]:     return self._step(
[rank10]:            ^^^^^^^^^^^
[rank10]:   File "/opt/NeMo/nemo/lightning/megatron_parallel.py", line 501, in _step
[rank10]:     return self.forward(
[rank10]:            ^^^^^^^^^^^^^
[rank10]:   File "/opt/NeMo/nemo/lightning/megatron_parallel.py", line 351, in forward
[rank10]:     microbatch_outputs = step()
[rank10]:                          ^^^^^^
[rank10]:   File "/opt/NeMo/nemo/lightning/megatron_parallel.py", line 1287, in __call__
[rank10]:     return self.forward_backward_func(
[rank10]:            ^^^^^^^^^^^^^^^^^^^^^^^^^^^
[rank10]:   File "/opt/megatron-lm/megatron/core/pipeline_parallel/schedules.py", line 494, in forward_backward_no_pipelining
[rank10]:     backward_step(input_tensor, output_tensor, output_tensor_grad, model_type, config)
[rank10]:   File "/opt/megatron-lm/megatron/core/pipeline_parallel/schedules.py", line 393, in backward_step
[rank10]:     custom_backward(output_tensor[0], output_tensor_grad[0])
[rank10]:   File "/opt/megatron-lm/megatron/core/pipeline_parallel/schedules.py", line 151, in custom_backward
[rank10]:     Variable._execution_engine.run_backward(
[rank10]:   File "/usr/local/lib/python3.12/dist-packages/torch/autograd/function.py", line 307, in apply
[rank10]:     return user_fn(self, *args)
[rank10]:            ^^^^^^^^^^^^^^^^^^^^
[rank10]:   File "/usr/local/lib/python3.12/dist-packages/torch/_functorch/_aot_autograd/runtime_wrappers.py", line 1983, in backward
[rank10]:     return impl_fn()
[rank10]:            ^^^^^^^^^
[rank10]:   File "/usr/local/lib/python3.12/dist-packages/torch/_functorch/_aot_autograd/runtime_wrappers.py", line 1969, in impl_fn
[rank10]:     out = CompiledFunction._backward_impl(ctx, all_args)
[rank10]:           ^^^^^^^^^^^^^^^^^^^^^^^^^^^^^^^^^^^^^^^^^^^^^^
[rank10]:   File "/usr/local/lib/python3.12/dist-packages/torch/_functorch/_aot_autograd/runtime_wrappers.py", line 2062, in _backward_impl
[rank10]:     CompiledFunction.compiled_bw = aot_config.bw_compiler(
[rank10]:                                    ^^^^^^^^^^^^^^^^^^^^^^^
[rank10]:   File "/usr/local/lib/python3.12/dist-packages/torch/_functorch/aot_autograd.py", line 479, in __call__
[rank10]:     return self.compiler_fn(gm, example_inputs)
[rank10]:            ^^^^^^^^^^^^^^^^^^^^^^^^^^^^^^^^^^^^
[rank10]:   File "/usr/local/lib/python3.12/dist-packages/torch/_dynamo/backends/common.py", line 54, in _wrapped_bw_compiler
[rank10]:     return disable(disable(bw_compiler_fn)(*args, **kwargs))
[rank10]:                    ^^^^^^^^^^^^^^^^^^^^^^^^^^^^^^^^^^^^^^^^
[rank10]:   File "/usr/local/lib/python3.12/dist-packages/torch/_dynamo/eval_frame.py", line 749, in _fn
[rank10]:     return fn(*args, **kwargs)
[rank10]:            ^^^^^^^^^^^^^^^^^^^
[rank10]:   File "/usr/local/lib/python3.12/dist-packages/torch/_utils_internal.py", line 95, in wrapper_function
[rank10]:     return function(*args, **kwargs)
[rank10]:            ^^^^^^^^^^^^^^^^^^^^^^^^^
[rank10]:   File "/usr/local/lib/python3.12/dist-packages/torch/_inductor/compile_fx.py", line 2107, in bw_compiler
[rank10]:     return inner_compile(
[rank10]:            ^^^^^^^^^^^^^^
[rank10]:   File "/usr/lib/python3.12/contextlib.py", line 81, in inner
[rank10]:     return func(*args, **kwds)
[rank10]:            ^^^^^^^^^^^^^^^^^^^
[rank10]:   File "/usr/local/lib/python3.12/dist-packages/torch/_inductor/compile_fx.py", line 623, in compile_fx_inner
[rank10]:     return wrap_compiler_debug(_compile_fx_inner, compiler_name="inductor")(
[rank10]:            ^^^^^^^^^^^^^^^^^^^^^^^^^^^^^^^^^^^^^^^^^^^^^^^^^^^^^^^^^^^^^^^^^
[rank10]:   File "/usr/local/lib/python3.12/dist-packages/torch/_dynamo/repro/after_aot.py", line 104, in debug_wrapper
[rank10]:     inner_compiled_fn = compiler_fn(gm, example_inputs)
[rank10]:                         ^^^^^^^^^^^^^^^^^^^^^^^^^^^^^^^
[rank10]:   File "/usr/local/lib/python3.12/dist-packages/torch/_inductor/compile_fx.py", line 727, in _compile_fx_inner
[rank10]:     mb_compiled_graph = fx_codegen_and_compile(
[rank10]:                         ^^^^^^^^^^^^^^^^^^^^^^^
[rank10]:   File "/usr/local/lib/python3.12/dist-packages/torch/_inductor/compile_fx.py", line 1402, in fx_codegen_and_compile
[rank10]:     return scheme.codegen_and_compile(gm, example_inputs, inputs_to_check, graph_kwargs)
[rank10]:            ^^^^^^^^^^^^^^^^^^^^^^^^^^^^^^^^^^^^^^^^^^^^^^^^^^^^^^^^^^^^^^^^^^^^^^^^^^^^^
[rank10]:   File "/usr/local/lib/python3.12/dist-packages/torch/_inductor/compile_fx.py", line 1057, in codegen_and_compile
[rank10]:     graph.run(*example_inputs)
[rank10]:   File "/usr/local/lib/python3.12/dist-packages/torch/_inductor/graph.py", line 851, in run
[rank10]:     return super().run(*args)
[rank10]:            ^^^^^^^^^^^^^^^^^^
[rank10]:   File "/usr/local/lib/python3.12/dist-packages/torch/fx/interpreter.py", line 171, in run
[rank10]:     self.env[node] = self.run_node(node)
[rank10]:                      ^^^^^^^^^^^^^^^^^^^
[rank10]:   File "/usr/local/lib/python3.12/dist-packages/torch/_inductor/graph.py", line 1436, in run_node
[rank10]:     result = super().run_node(n)
[rank10]:              ^^^^^^^^^^^^^^^^^^^
[rank10]:   File "/usr/local/lib/python3.12/dist-packages/torch/fx/interpreter.py", line 236, in run_node
[rank10]:     return getattr(self, n.op)(n.target, args, kwargs)
[rank10]:            ^^^^^^^^^^^^^^^^^^^^^^^^^^^^^^^^^^^^^^^^^^^
[rank10]:   File "/usr/local/lib/python3.12/dist-packages/torch/_inductor/graph.py", line 1139, in call_function
[rank10]:     raise LoweringException(e, target, args, kwargs).with_traceback(
[rank10]:   File "/usr/local/lib/python3.12/dist-packages/torch/_inductor/graph.py", line 1129, in call_function
[rank10]:     out = lowerings[target](*args, **kwargs)  # type: ignore[index]
[rank10]:           ^^^^^^^^^^^^^^^^^^^^^^^^^^^^^^^^^^
[rank10]:   File "/usr/local/lib/python3.12/dist-packages/torch/_inductor/lowering.py", line 455, in wrapped
[rank10]:     out = decomp_fn(*args, **kwargs)
[rank10]:           ^^^^^^^^^^^^^^^^^^^^^^^^^^
[rank10]:   File "/usr/local/lib/python3.12/dist-packages/torch/_inductor/kernel/flex_attention.py", line 2301, in flex_attention_backward
[rank10]:     joint_outputs = process_joint_outputs(
[rank10]:                     ^^^^^^^^^^^^^^^^^^^^^^
[rank10]:   File "/usr/local/lib/python3.12/dist-packages/torch/_inductor/kernel/flex_attention.py", line 2171, in process_joint_outputs
[rank10]:     grads_out = [get_out(x) for x in other_grads]
[rank10]:                  ^^^^^^^^^^
[rank10]:   File "/usr/local/lib/python3.12/dist-packages/torch/_inductor/kernel/flex_attention.py", line 2168, in get_out
[rank10]:     assert buf.name is not None
[rank10]:            ^^^^^^^^^^^^^^^^^^^^
[rank10]: torch._inductor.exc.LoweringException: AssertionError: 
[rank10]:   target: flex_attention_backward
[rank10]:   args[0]: TensorBox(StorageBox(
[rank10]:     InputBuffer(name='primals_1', layout=FixedLayout('cuda:0', torch.bfloat16, size=[8, 24, 1024, 32], stride=[786432, 32768, 32, 1]))
[rank10]:   ))
[rank10]:   args[1]: TensorBox(StorageBox(
[rank10]:     InputBuffer(name='primals_2', layout=FixedLayout('cuda:0', torch.bfloat16, size=[8, 8, 1024, 32], stride=[262144, 32768, 32, 1]))
[rank10]:   ))
[rank10]:   args[2]: TensorBox(StorageBox(
[rank10]:     InputBuffer(name='primals_3', layout=FixedLayout('cuda:0', torch.bfloat16, size=[8, 8, 1024, 32], stride=[262144, 32768, 32, 1]))
[rank10]:   ))
[rank10]:   args[3]: TensorBox(StorageBox(
[rank10]:     InputBuffer(name='getitem', layout=FixedLayout('cuda:0', torch.bfloat16, size=[8, 24, 1024, 32], stride=[786432, 32768, 32, 1]))
[rank10]:   ))
[rank10]:   args[4]: TensorBox(StorageBox(
[rank10]:     DonatedBuffer(name='getitem_1', layout=FixedLayout('cuda:0', torch.float32, size=[8, 24, 1024], stride=[24576, 1024, 1]))
[rank10]:   ))
[rank10]:   args[5]: TensorBox(StorageBox(
[rank10]:     InputBuffer(name='tangents_1', layout=FixedLayout('cuda:0', torch.bfloat16, size=[8, 24, 1024, 32], stride=[786432, 32768, 32, 1]))
[rank10]:   ))
[rank10]:   args[6]: TensorBox(StorageBox(
[rank10]:     Pointwise(
[rank10]:       'cuda',
[rank10]:       torch.float32,
[rank10]:       def inner_fn(index):
[rank10]:           i0, i1, i2 = index
[rank10]:           tmp0 = ops.constant(0, torch.float32)
[rank10]:           return tmp0
[rank10]:       ,
[rank10]:       ranges=[8, 24, 1024],
[rank10]:       origin_node=full_default,
[rank10]:       origins=OrderedSet([full_default])
[rank10]:     )
[rank10]:   ))
[rank10]:   args[7]: Subgraph(name='fw_graph0', graph_module=<lambda>(), graph=None)
[rank10]:   args[8]: Subgraph(name='joint_graph0', graph_module=<lambda>(), graph=None)
[rank10]:   args[9]: (1024, 1024, TensorBox(StorageBox(
[rank10]:     InputBuffer(name='primals_5', layout=FixedLayout('cuda:0', torch.int32, size=[8, 24, 8], stride=[192, 8, 1]))
[rank10]:   )), TensorBox(StorageBox(
[rank10]:     InputBuffer(name='primals_4', layout=FixedLayout('cuda:0', torch.int32, size=[8, 24, 8, 8], stride=[1536, 64, 8, 1]))
[rank10]:   )), TensorBox(StorageBox(
[rank10]:     InputBuffer(name='primals_8', layout=FixedLayout('cuda:0', torch.int32, size=[8, 24, 8], stride=[192, 8, 1]))
[rank10]:   )), TensorBox(StorageBox(
[rank10]:     InputBuffer(name='primals_9', layout=FixedLayout('cuda:0', torch.int32, size=[8, 24, 8, 8], stride=[1536, 64, 8, 1]))
[rank10]:   )), TensorBox(StorageBox(
[rank10]:     InputBuffer(name='primals_10', layout=FixedLayout('cuda:0', torch.int32, size=[8, 24, 8], stride=[192, 8, 1]))
[rank10]:   )), TensorBox(StorageBox(
[rank10]:     InputBuffer(name='primals_11', layout=FixedLayout('cuda:0', torch.int32, size=[8, 24, 8, 8], stride=[1536, 64, 8, 1]))
[rank10]:   )), TensorBox(StorageBox(
[rank10]:     InputBuffer(name='primals_12', layout=FixedLayout('cuda:0', torch.int32, size=[8, 24, 8], stride=[192, 8, 1]))
[rank10]:   )), TensorBox(StorageBox(
[rank10]:     InputBuffer(name='primals_13', layout=FixedLayout('cuda:0', torch.int32, size=[8, 24, 8, 8], stride=[1536, 64, 8, 1]))
[rank10]:   )), 128, 128, Subgraph(name='mask_graph0', graph_module=<lambda>(), graph=None))
[rank10]:   args[10]: 0.17677669529663687
[rank10]:   args[11]: {'PRESCALE_QK': False, 'ROWS_GUARANTEED_SAFE': False, 'BLOCKS_ARE_CONTIGUOUS': False, 'WRITE_DQ': True, 'OUTPUT_LOGSUMEXP': True}
[rank10]:   args[12]: (TensorBox(StorageBox(
[rank10]:     InputBuffer(name='primals_6', layout=FixedLayout('cuda:0', torch.bfloat16, size=[], stride=[]))
[rank10]:   )), TensorBox(StorageBox(
[rank10]:     InputBuffer(name='primals_7', layout=FixedLayout('cuda:0', torch.bfloat16, size=[], stride=[]))
[rank10]:   )))
[rank10]:   args[13]: ()
[rank2]: Traceback (most recent call last):
[rank2]:   File "/work/m24047/m24047brmn/nemo/OpenLLM-BPI-Training/training/train/test/train_ssa_fa.py", line 326, in <module>
[rank2]:     main()
[rank2]:   File "/work/m24047/m24047brmn/nemo/OpenLLM-BPI-Training/training/train/test/train_ssa_fa.py", line 321, in main
[rank2]:     recipe_obj()
[rank2]:   File "/opt/NeMo/nemo/collections/llm/api.py", line 171, in pretrain
[rank2]:     return train(
[rank2]:            ^^^^^^
[rank2]:   File "/opt/NeMo/nemo/collections/llm/api.py", line 127, in train
[rank2]:     trainer.fit(model, data)
[rank2]:   File "/usr/local/lib/python3.12/dist-packages/lightning/pytorch/trainer/trainer.py", line 538, in fit
[rank2]:     call._call_and_handle_interrupt(
[rank2]:   File "/usr/local/lib/python3.12/dist-packages/lightning/pytorch/trainer/call.py", line 46, in _call_and_handle_interrupt
[rank2]:     return trainer.strategy.launcher.launch(trainer_fn, *args, trainer=trainer, **kwargs)
[rank2]:            ^^^^^^^^^^^^^^^^^^^^^^^^^^^^^^^^^^^^^^^^^^^^^^^^^^^^^^^^^^^^^^^^^^^^^^^^^^^^^^
[rank2]:   File "/usr/local/lib/python3.12/dist-packages/lightning/pytorch/strategies/launchers/subprocess_script.py", line 105, in launch
[rank2]:     return function(*args, **kwargs)
[rank2]:            ^^^^^^^^^^^^^^^^^^^^^^^^^
[rank2]:   File "/usr/local/lib/python3.12/dist-packages/lightning/pytorch/trainer/trainer.py", line 574, in _fit_impl
[rank2]:     self._run(model, ckpt_path=ckpt_path)
[rank2]:   File "/usr/local/lib/python3.12/dist-packages/lightning/pytorch/trainer/trainer.py", line 981, in _run
[rank2]:     results = self._run_stage()
[rank2]:               ^^^^^^^^^^^^^^^^^
[rank2]:   File "/usr/local/lib/python3.12/dist-packages/lightning/pytorch/trainer/trainer.py", line 1025, in _run_stage
[rank2]:     self.fit_loop.run()
[rank2]:   File "/usr/local/lib/python3.12/dist-packages/lightning/pytorch/loops/fit_loop.py", line 205, in run
[rank2]:     self.advance()
[rank2]:   File "/usr/local/lib/python3.12/dist-packages/lightning/pytorch/loops/fit_loop.py", line 363, in advance
[rank2]:     self.epoch_loop.run(self._data_fetcher)
[rank2]:   File "/usr/local/lib/python3.12/dist-packages/lightning/pytorch/loops/training_epoch_loop.py", line 140, in run
[rank2]:     self.advance(data_fetcher)
[rank2]:   File "/opt/NeMo/nemo/lightning/pytorch/trainer.py", line 47, in advance
[rank2]:     super().advance(data_fetcher)
[rank2]:   File "/usr/local/lib/python3.12/dist-packages/lightning/pytorch/loops/training_epoch_loop.py", line 250, in advance
[rank2]:     batch_output = self.automatic_optimization.run(trainer.optimizers[0], batch_idx, kwargs)
[rank2]:                    ^^^^^^^^^^^^^^^^^^^^^^^^^^^^^^^^^^^^^^^^^^^^^^^^^^^^^^^^^^^^^^^^^^^^^^^^^
[rank2]:   File "/usr/local/lib/python3.12/dist-packages/lightning/pytorch/loops/optimization/automatic.py", line 190, in run
[rank2]:     self._optimizer_step(batch_idx, closure)
[rank2]:   File "/usr/local/lib/python3.12/dist-packages/lightning/pytorch/loops/optimization/automatic.py", line 268, in _optimizer_step
[rank2]:     call._call_lightning_module_hook(
[rank2]:   File "/usr/local/lib/python3.12/dist-packages/lightning/pytorch/trainer/call.py", line 167, in _call_lightning_module_hook
[rank2]:     output = fn(*args, **kwargs)
[rank2]:              ^^^^^^^^^^^^^^^^^^^
[rank2]:   File "/usr/local/lib/python3.12/dist-packages/lightning/pytorch/core/module.py", line 1306, in optimizer_step
[rank2]:     optimizer.step(closure=optimizer_closure)
[rank2]:   File "/usr/local/lib/python3.12/dist-packages/lightning/pytorch/core/optimizer.py", line 153, in step
[rank2]:     step_output = self._strategy.optimizer_step(self._optimizer, closure, **kwargs)
[rank2]:                   ^^^^^^^^^^^^^^^^^^^^^^^^^^^^^^^^^^^^^^^^^^^^^^^^^^^^^^^^^^^^^^^^^
[rank2]:   File "/opt/NeMo/nemo/lightning/pytorch/strategies/megatron_strategy.py", line 761, in optimizer_step
[rank2]:     optimizer_output = super().optimizer_step(optimizer, closure, model, **kwargs)
[rank2]:                        ^^^^^^^^^^^^^^^^^^^^^^^^^^^^^^^^^^^^^^^^^^^^^^^^^^^^^^^^^^^
[rank2]:   File "/usr/local/lib/python3.12/dist-packages/lightning/pytorch/strategies/ddp.py", line 270, in optimizer_step
[rank2]:     optimizer_output = super().optimizer_step(optimizer, closure, model, **kwargs)
[rank2]:                        ^^^^^^^^^^^^^^^^^^^^^^^^^^^^^^^^^^^^^^^^^^^^^^^^^^^^^^^^^^^
[rank2]:   File "/usr/local/lib/python3.12/dist-packages/lightning/pytorch/strategies/strategy.py", line 238, in optimizer_step
[rank2]:     return self.precision_plugin.optimizer_step(optimizer, model=model, closure=closure, **kwargs)
[rank2]:            ^^^^^^^^^^^^^^^^^^^^^^^^^^^^^^^^^^^^^^^^^^^^^^^^^^^^^^^^^^^^^^^^^^^^^^^^^^^^^^^^^^^^^^^
[rank2]:   File "/usr/local/lib/python3.12/dist-packages/lightning/pytorch/plugins/precision/precision.py", line 122, in optimizer_step
[rank2]:     return optimizer.step(closure=closure, **kwargs)
[rank2]:            ^^^^^^^^^^^^^^^^^^^^^^^^^^^^^^^^^^^^^^^^^
[rank2]:   File "/usr/local/lib/python3.12/dist-packages/torch/optim/lr_scheduler.py", line 137, in wrapper
[rank2]:     return func.__get__(opt, opt.__class__)(*args, **kwargs)
[rank2]:            ^^^^^^^^^^^^^^^^^^^^^^^^^^^^^^^^^^^^^^^^^^^^^^^^^
[rank2]:   File "/opt/NeMo/nemo/core/optim/mcore_optim.py", line 129, in step
[rank2]:     loss = closure()
[rank2]:            ^^^^^^^^^
[rank2]:   File "/usr/local/lib/python3.12/dist-packages/lightning/pytorch/plugins/precision/precision.py", line 108, in _wrap_closure
[rank2]:     closure_result = closure()
[rank2]:                      ^^^^^^^^^
[rank2]:   File "/usr/local/lib/python3.12/dist-packages/lightning/pytorch/loops/optimization/automatic.py", line 144, in __call__
[rank2]:     self._result = self.closure(*args, **kwargs)
[rank2]:                    ^^^^^^^^^^^^^^^^^^^^^^^^^^^^^
[rank2]:   File "/usr/local/lib/python3.12/dist-packages/torch/utils/_contextlib.py", line 116, in decorate_context
[rank2]:     return func(*args, **kwargs)
[rank2]:            ^^^^^^^^^^^^^^^^^^^^^
[rank2]:   File "/usr/local/lib/python3.12/dist-packages/lightning/pytorch/loops/optimization/automatic.py", line 129, in closure
[rank2]:     step_output = self._step_fn()
[rank2]:                   ^^^^^^^^^^^^^^^
[rank2]:   File "/usr/local/lib/python3.12/dist-packages/lightning/pytorch/loops/optimization/automatic.py", line 317, in _training_step
[rank2]:     training_step_output = call._call_strategy_hook(trainer, "training_step", *kwargs.values())
[rank2]:                            ^^^^^^^^^^^^^^^^^^^^^^^^^^^^^^^^^^^^^^^^^^^^^^^^^^^^^^^^^^^^^^^^^^^^
[rank2]:   File "/usr/local/lib/python3.12/dist-packages/lightning/pytorch/trainer/call.py", line 319, in _call_strategy_hook
[rank2]:     output = fn(*args, **kwargs)
[rank2]:              ^^^^^^^^^^^^^^^^^^^
[rank2]:   File "/opt/NeMo/nemo/lightning/pytorch/strategies/megatron_strategy.py", line 695, in training_step
[rank2]:     out = self.model.training_step(dataloader_iter, *args, **kwargs)
[rank2]:           ^^^^^^^^^^^^^^^^^^^^^^^^^^^^^^^^^^^^^^^^^^^^^^^^^^^^^^^^^^
[rank2]:   File "/opt/NeMo/nemo/lightning/megatron_parallel.py", line 389, in training_step
[rank2]:     return self._step(
[rank2]:            ^^^^^^^^^^^
[rank2]:   File "/opt/NeMo/nemo/lightning/megatron_parallel.py", line 501, in _step
[rank2]:     return self.forward(
[rank2]:            ^^^^^^^^^^^^^
[rank2]:   File "/opt/NeMo/nemo/lightning/megatron_parallel.py", line 351, in forward
[rank2]:     microbatch_outputs = step()
[rank2]:                          ^^^^^^
[rank2]:   File "/opt/NeMo/nemo/lightning/megatron_parallel.py", line 1287, in __call__
[rank2]:     return self.forward_backward_func(
[rank2]:            ^^^^^^^^^^^^^^^^^^^^^^^^^^^
[rank2]:   File "/opt/megatron-lm/megatron/core/pipeline_parallel/schedules.py", line 494, in forward_backward_no_pipelining
[rank2]:     backward_step(input_tensor, output_tensor, output_tensor_grad, model_type, config)
[rank2]:   File "/opt/megatron-lm/megatron/core/pipeline_parallel/schedules.py", line 393, in backward_step
[rank2]:     custom_backward(output_tensor[0], output_tensor_grad[0])
[rank2]:   File "/opt/megatron-lm/megatron/core/pipeline_parallel/schedules.py", line 151, in custom_backward
[rank2]:     Variable._execution_engine.run_backward(
[rank2]:   File "/usr/local/lib/python3.12/dist-packages/torch/autograd/function.py", line 307, in apply
[rank2]:     return user_fn(self, *args)
[rank2]:            ^^^^^^^^^^^^^^^^^^^^
[rank2]:   File "/usr/local/lib/python3.12/dist-packages/torch/_functorch/_aot_autograd/runtime_wrappers.py", line 1983, in backward
[rank2]:     return impl_fn()
[rank2]:            ^^^^^^^^^
[rank2]:   File "/usr/local/lib/python3.12/dist-packages/torch/_functorch/_aot_autograd/runtime_wrappers.py", line 1969, in impl_fn
[rank2]:     out = CompiledFunction._backward_impl(ctx, all_args)
[rank2]:           ^^^^^^^^^^^^^^^^^^^^^^^^^^^^^^^^^^^^^^^^^^^^^^
[rank2]:   File "/usr/local/lib/python3.12/dist-packages/torch/_functorch/_aot_autograd/runtime_wrappers.py", line 2062, in _backward_impl
[rank2]:     CompiledFunction.compiled_bw = aot_config.bw_compiler(
[rank2]:                                    ^^^^^^^^^^^^^^^^^^^^^^^
[rank2]:   File "/usr/local/lib/python3.12/dist-packages/torch/_functorch/aot_autograd.py", line 479, in __call__
[rank2]:     return self.compiler_fn(gm, example_inputs)
[rank2]:            ^^^^^^^^^^^^^^^^^^^^^^^^^^^^^^^^^^^^
[rank2]:   File "/usr/local/lib/python3.12/dist-packages/torch/_dynamo/backends/common.py", line 54, in _wrapped_bw_compiler
[rank2]:     return disable(disable(bw_compiler_fn)(*args, **kwargs))
[rank2]:                    ^^^^^^^^^^^^^^^^^^^^^^^^^^^^^^^^^^^^^^^^
[rank2]:   File "/usr/local/lib/python3.12/dist-packages/torch/_dynamo/eval_frame.py", line 749, in _fn
[rank2]:     return fn(*args, **kwargs)
[rank2]:            ^^^^^^^^^^^^^^^^^^^
[rank2]:   File "/usr/local/lib/python3.12/dist-packages/torch/_utils_internal.py", line 95, in wrapper_function
[rank2]:     return function(*args, **kwargs)
[rank2]:            ^^^^^^^^^^^^^^^^^^^^^^^^^
[rank2]:   File "/usr/local/lib/python3.12/dist-packages/torch/_inductor/compile_fx.py", line 2107, in bw_compiler
[rank2]:     return inner_compile(
[rank2]:            ^^^^^^^^^^^^^^
[rank2]:   File "/usr/lib/python3.12/contextlib.py", line 81, in inner
[rank2]:     return func(*args, **kwds)
[rank2]:            ^^^^^^^^^^^^^^^^^^^
[rank2]:   File "/usr/local/lib/python3.12/dist-packages/torch/_inductor/compile_fx.py", line 623, in compile_fx_inner
[rank2]:     return wrap_compiler_debug(_compile_fx_inner, compiler_name="inductor")(
[rank2]:            ^^^^^^^^^^^^^^^^^^^^^^^^^^^^^^^^^^^^^^^^^^^^^^^^^^^^^^^^^^^^^^^^^
[rank2]:   File "/usr/local/lib/python3.12/dist-packages/torch/_dynamo/repro/after_aot.py", line 104, in debug_wrapper
[rank2]:     inner_compiled_fn = compiler_fn(gm, example_inputs)
[rank2]:                         ^^^^^^^^^^^^^^^^^^^^^^^^^^^^^^^
[rank2]:   File "/usr/local/lib/python3.12/dist-packages/torch/_inductor/compile_fx.py", line 727, in _compile_fx_inner
[rank2]:     mb_compiled_graph = fx_codegen_and_compile(
[rank2]:                         ^^^^^^^^^^^^^^^^^^^^^^^
[rank2]:   File "/usr/local/lib/python3.12/dist-packages/torch/_inductor/compile_fx.py", line 1402, in fx_codegen_and_compile
[rank2]:     return scheme.codegen_and_compile(gm, example_inputs, inputs_to_check, graph_kwargs)
[rank2]:            ^^^^^^^^^^^^^^^^^^^^^^^^^^^^^^^^^^^^^^^^^^^^^^^^^^^^^^^^^^^^^^^^^^^^^^^^^^^^^
[rank2]:   File "/usr/local/lib/python3.12/dist-packages/torch/_inductor/compile_fx.py", line 1057, in codegen_and_compile
[rank2]:     graph.run(*example_inputs)
[rank2]:   File "/usr/local/lib/python3.12/dist-packages/torch/_inductor/graph.py", line 851, in run
[rank2]:     return super().run(*args)
[rank2]:            ^^^^^^^^^^^^^^^^^^
[rank2]:   File "/usr/local/lib/python3.12/dist-packages/torch/fx/interpreter.py", line 171, in run
[rank2]:     self.env[node] = self.run_node(node)
[rank2]:                      ^^^^^^^^^^^^^^^^^^^
[rank2]:   File "/usr/local/lib/python3.12/dist-packages/torch/_inductor/graph.py", line 1436, in run_node
[rank2]:     result = super().run_node(n)
[rank2]:              ^^^^^^^^^^^^^^^^^^^
[rank2]:   File "/usr/local/lib/python3.12/dist-packages/torch/fx/interpreter.py", line 236, in run_node
[rank2]:     return getattr(self, n.op)(n.target, args, kwargs)
[rank2]:            ^^^^^^^^^^^^^^^^^^^^^^^^^^^^^^^^^^^^^^^^^^^
[rank2]:   File "/usr/local/lib/python3.12/dist-packages/torch/_inductor/graph.py", line 1139, in call_function
[rank2]:     raise LoweringException(e, target, args, kwargs).with_traceback(
[rank2]:   File "/usr/local/lib/python3.12/dist-packages/torch/_inductor/graph.py", line 1129, in call_function
[rank2]:     out = lowerings[target](*args, **kwargs)  # type: ignore[index]
[rank2]:           ^^^^^^^^^^^^^^^^^^^^^^^^^^^^^^^^^^
[rank2]:   File "/usr/local/lib/python3.12/dist-packages/torch/_inductor/lowering.py", line 455, in wrapped
[rank2]:     out = decomp_fn(*args, **kwargs)
[rank2]:           ^^^^^^^^^^^^^^^^^^^^^^^^^^
[rank2]:   File "/usr/local/lib/python3.12/dist-packages/torch/_inductor/kernel/flex_attention.py", line 2301, in flex_attention_backward
[rank2]:     joint_outputs = process_joint_outputs(
[rank2]:                     ^^^^^^^^^^^^^^^^^^^^^^
[rank2]:   File "/usr/local/lib/python3.12/dist-packages/torch/_inductor/kernel/flex_attention.py", line 2171, in process_joint_outputs
[rank2]:     grads_out = [get_out(x) for x in other_grads]
[rank2]:                  ^^^^^^^^^^
[rank2]:   File "/usr/local/lib/python3.12/dist-packages/torch/_inductor/kernel/flex_attention.py", line 2168, in get_out
[rank2]:     assert buf.name is not None
[rank2]:            ^^^^^^^^^^^^^^^^^^^^
[rank2]: torch._inductor.exc.LoweringException: AssertionError: 
[rank2]:   target: flex_attention_backward
[rank2]:   args[0]: TensorBox(StorageBox(
[rank2]:     InputBuffer(name='primals_1', layout=FixedLayout('cuda:0', torch.bfloat16, size=[8, 24, 1024, 32], stride=[786432, 32768, 32, 1]))
[rank2]:   ))
[rank2]:   args[1]: TensorBox(StorageBox(
[rank2]:     InputBuffer(name='primals_2', layout=FixedLayout('cuda:0', torch.bfloat16, size=[8, 8, 1024, 32], stride=[262144, 32768, 32, 1]))
[rank2]:   ))
[rank2]:   args[2]: TensorBox(StorageBox(
[rank2]:     InputBuffer(name='primals_3', layout=FixedLayout('cuda:0', torch.bfloat16, size=[8, 8, 1024, 32], stride=[262144, 32768, 32, 1]))
[rank2]:   ))
[rank2]:   args[3]: TensorBox(StorageBox(
[rank2]:     InputBuffer(name='getitem', layout=FixedLayout('cuda:0', torch.bfloat16, size=[8, 24, 1024, 32], stride=[786432, 32768, 32, 1]))
[rank2]:   ))
[rank2]:   args[4]: TensorBox(StorageBox(
[rank2]:     DonatedBuffer(name='getitem_1', layout=FixedLayout('cuda:0', torch.float32, size=[8, 24, 1024], stride=[24576, 1024, 1]))
[rank2]:   ))
[rank2]:   args[5]: TensorBox(StorageBox(
[rank2]:     InputBuffer(name='tangents_1', layout=FixedLayout('cuda:0', torch.bfloat16, size=[8, 24, 1024, 32], stride=[786432, 32768, 32, 1]))
[rank2]:   ))
[rank2]:   args[6]: TensorBox(StorageBox(
[rank2]:     Pointwise(
[rank2]:       'cuda',
[rank2]:       torch.float32,
[rank2]:       def inner_fn(index):
[rank2]:           i0, i1, i2 = index
[rank2]:           tmp0 = ops.constant(0, torch.float32)
[rank2]:           return tmp0
[rank2]:       ,
[rank2]:       ranges=[8, 24, 1024],
[rank2]:       origin_node=full_default,
[rank2]:       origins=OrderedSet([full_default])
[rank2]:     )
[rank2]:   ))
[rank2]:   args[7]: Subgraph(name='fw_graph0', graph_module=<lambda>(), graph=None)
[rank2]:   args[8]: Subgraph(name='joint_graph0', graph_module=<lambda>(), graph=None)
[rank2]:   args[9]: (1024, 1024, TensorBox(StorageBox(
[rank2]:     InputBuffer(name='primals_5', layout=FixedLayout('cuda:0', torch.int32, size=[8, 24, 8], stride=[192, 8, 1]))
[rank2]:   )), TensorBox(StorageBox(
[rank2]:     InputBuffer(name='primals_4', layout=FixedLayout('cuda:0', torch.int32, size=[8, 24, 8, 8], stride=[1536, 64, 8, 1]))
[rank2]:   )), TensorBox(StorageBox(
[rank2]:     InputBuffer(name='primals_8', layout=FixedLayout('cuda:0', torch.int32, size=[8, 24, 8], stride=[192, 8, 1]))
[rank2]:   )), TensorBox(StorageBox(
[rank2]:     InputBuffer(name='primals_9', layout=FixedLayout('cuda:0', torch.int32, size=[8, 24, 8, 8], stride=[1536, 64, 8, 1]))
[rank2]:   )), TensorBox(StorageBox(
[rank2]:     InputBuffer(name='primals_10', layout=FixedLayout('cuda:0', torch.int32, size=[8, 24, 8], stride=[192, 8, 1]))
[rank2]:   )), TensorBox(StorageBox(
[rank2]:     InputBuffer(name='primals_11', layout=FixedLayout('cuda:0', torch.int32, size=[8, 24, 8, 8], stride=[1536, 64, 8, 1]))
[rank2]:   )), TensorBox(StorageBox(
[rank2]:     InputBuffer(name='primals_12', layout=FixedLayout('cuda:0', torch.int32, size=[8, 24, 8], stride=[192, 8, 1]))
[rank2]:   )), TensorBox(StorageBox(
[rank2]:     InputBuffer(name='primals_13', layout=FixedLayout('cuda:0', torch.int32, size=[8, 24, 8, 8], stride=[1536, 64, 8, 1]))
[rank2]:   )), 128, 128, Subgraph(name='mask_graph0', graph_module=<lambda>(), graph=None))
[rank2]:   args[10]: 0.17677669529663687
[rank2]:   args[11]: {'PRESCALE_QK': False, 'ROWS_GUARANTEED_SAFE': False, 'BLOCKS_ARE_CONTIGUOUS': False, 'WRITE_DQ': True, 'OUTPUT_LOGSUMEXP': True}
[rank2]:   args[12]: (TensorBox(StorageBox(
[rank2]:     InputBuffer(name='primals_6', layout=FixedLayout('cuda:0', torch.bfloat16, size=[], stride=[]))
[rank2]:   )), TensorBox(StorageBox(
[rank2]:     InputBuffer(name='primals_7', layout=FixedLayout('cuda:0', torch.bfloat16, size=[], stride=[]))
[rank2]:   )))
[rank2]:   args[13]: ()
[rank3]: Traceback (most recent call last):
[rank3]:   File "/work/m24047/m24047brmn/nemo/OpenLLM-BPI-Training/training/train/test/train_ssa_fa.py", line 326, in <module>
[rank3]:     main()
[rank3]:   File "/work/m24047/m24047brmn/nemo/OpenLLM-BPI-Training/training/train/test/train_ssa_fa.py", line 321, in main
[rank3]:     recipe_obj()
[rank3]:   File "/opt/NeMo/nemo/collections/llm/api.py", line 171, in pretrain
[rank3]:     return train(
[rank3]:            ^^^^^^
[rank3]:   File "/opt/NeMo/nemo/collections/llm/api.py", line 127, in train
[rank3]:     trainer.fit(model, data)
[rank3]:   File "/usr/local/lib/python3.12/dist-packages/lightning/pytorch/trainer/trainer.py", line 538, in fit
[rank3]:     call._call_and_handle_interrupt(
[rank3]:   File "/usr/local/lib/python3.12/dist-packages/lightning/pytorch/trainer/call.py", line 46, in _call_and_handle_interrupt
[rank3]:     return trainer.strategy.launcher.launch(trainer_fn, *args, trainer=trainer, **kwargs)
[rank3]:            ^^^^^^^^^^^^^^^^^^^^^^^^^^^^^^^^^^^^^^^^^^^^^^^^^^^^^^^^^^^^^^^^^^^^^^^^^^^^^^
[rank3]:   File "/usr/local/lib/python3.12/dist-packages/lightning/pytorch/strategies/launchers/subprocess_script.py", line 105, in launch
[rank3]:     return function(*args, **kwargs)
[rank3]:            ^^^^^^^^^^^^^^^^^^^^^^^^^
[rank3]:   File "/usr/local/lib/python3.12/dist-packages/lightning/pytorch/trainer/trainer.py", line 574, in _fit_impl
[rank3]:     self._run(model, ckpt_path=ckpt_path)
[rank3]:   File "/usr/local/lib/python3.12/dist-packages/lightning/pytorch/trainer/trainer.py", line 981, in _run
[rank3]:     results = self._run_stage()
[rank3]:               ^^^^^^^^^^^^^^^^^
[rank3]:   File "/usr/local/lib/python3.12/dist-packages/lightning/pytorch/trainer/trainer.py", line 1025, in _run_stage
[rank3]:     self.fit_loop.run()
[rank3]:   File "/usr/local/lib/python3.12/dist-packages/lightning/pytorch/loops/fit_loop.py", line 205, in run
[rank3]:     self.advance()
[rank3]:   File "/usr/local/lib/python3.12/dist-packages/lightning/pytorch/loops/fit_loop.py", line 363, in advance
[rank3]:     self.epoch_loop.run(self._data_fetcher)
[rank3]:   File "/usr/local/lib/python3.12/dist-packages/lightning/pytorch/loops/training_epoch_loop.py", line 140, in run
[rank3]:     self.advance(data_fetcher)
[rank3]:   File "/opt/NeMo/nemo/lightning/pytorch/trainer.py", line 47, in advance
[rank3]:     super().advance(data_fetcher)
[rank3]:   File "/usr/local/lib/python3.12/dist-packages/lightning/pytorch/loops/training_epoch_loop.py", line 250, in advance
[rank3]:     batch_output = self.automatic_optimization.run(trainer.optimizers[0], batch_idx, kwargs)
[rank3]:                    ^^^^^^^^^^^^^^^^^^^^^^^^^^^^^^^^^^^^^^^^^^^^^^^^^^^^^^^^^^^^^^^^^^^^^^^^^
[rank3]:   File "/usr/local/lib/python3.12/dist-packages/lightning/pytorch/loops/optimization/automatic.py", line 190, in run
[rank3]:     self._optimizer_step(batch_idx, closure)
[rank3]:   File "/usr/local/lib/python3.12/dist-packages/lightning/pytorch/loops/optimization/automatic.py", line 268, in _optimizer_step
[rank3]:     call._call_lightning_module_hook(
[rank3]:   File "/usr/local/lib/python3.12/dist-packages/lightning/pytorch/trainer/call.py", line 167, in _call_lightning_module_hook
[rank3]:     output = fn(*args, **kwargs)
[rank3]:              ^^^^^^^^^^^^^^^^^^^
[rank3]:   File "/usr/local/lib/python3.12/dist-packages/lightning/pytorch/core/module.py", line 1306, in optimizer_step
[rank3]:     optimizer.step(closure=optimizer_closure)
[rank3]:   File "/usr/local/lib/python3.12/dist-packages/lightning/pytorch/core/optimizer.py", line 153, in step
[rank3]:     step_output = self._strategy.optimizer_step(self._optimizer, closure, **kwargs)
[rank3]:                   ^^^^^^^^^^^^^^^^^^^^^^^^^^^^^^^^^^^^^^^^^^^^^^^^^^^^^^^^^^^^^^^^^
[rank3]:   File "/opt/NeMo/nemo/lightning/pytorch/strategies/megatron_strategy.py", line 761, in optimizer_step
[rank3]:     optimizer_output = super().optimizer_step(optimizer, closure, model, **kwargs)
[rank3]:                        ^^^^^^^^^^^^^^^^^^^^^^^^^^^^^^^^^^^^^^^^^^^^^^^^^^^^^^^^^^^
[rank3]:   File "/usr/local/lib/python3.12/dist-packages/lightning/pytorch/strategies/ddp.py", line 270, in optimizer_step
[rank3]:     optimizer_output = super().optimizer_step(optimizer, closure, model, **kwargs)
[rank3]:                        ^^^^^^^^^^^^^^^^^^^^^^^^^^^^^^^^^^^^^^^^^^^^^^^^^^^^^^^^^^^
[rank3]:   File "/usr/local/lib/python3.12/dist-packages/lightning/pytorch/strategies/strategy.py", line 238, in optimizer_step
[rank3]:     return self.precision_plugin.optimizer_step(optimizer, model=model, closure=closure, **kwargs)
[rank3]:            ^^^^^^^^^^^^^^^^^^^^^^^^^^^^^^^^^^^^^^^^^^^^^^^^^^^^^^^^^^^^^^^^^^^^^^^^^^^^^^^^^^^^^^^
[rank3]:   File "/usr/local/lib/python3.12/dist-packages/lightning/pytorch/plugins/precision/precision.py", line 122, in optimizer_step
[rank3]:     return optimizer.step(closure=closure, **kwargs)
[rank3]:            ^^^^^^^^^^^^^^^^^^^^^^^^^^^^^^^^^^^^^^^^^
[rank3]:   File "/usr/local/lib/python3.12/dist-packages/torch/optim/lr_scheduler.py", line 137, in wrapper
[rank3]:     return func.__get__(opt, opt.__class__)(*args, **kwargs)
[rank3]:            ^^^^^^^^^^^^^^^^^^^^^^^^^^^^^^^^^^^^^^^^^^^^^^^^^
[rank3]:   File "/opt/NeMo/nemo/core/optim/mcore_optim.py", line 129, in step
[rank3]:     loss = closure()
[rank3]:            ^^^^^^^^^
[rank3]:   File "/usr/local/lib/python3.12/dist-packages/lightning/pytorch/plugins/precision/precision.py", line 108, in _wrap_closure
[rank3]:     closure_result = closure()
[rank3]:                      ^^^^^^^^^
[rank3]:   File "/usr/local/lib/python3.12/dist-packages/lightning/pytorch/loops/optimization/automatic.py", line 144, in __call__
[rank3]:     self._result = self.closure(*args, **kwargs)
[rank3]:                    ^^^^^^^^^^^^^^^^^^^^^^^^^^^^^
[rank3]:   File "/usr/local/lib/python3.12/dist-packages/torch/utils/_contextlib.py", line 116, in decorate_context
[rank3]:     return func(*args, **kwargs)
[rank3]:            ^^^^^^^^^^^^^^^^^^^^^
[rank3]:   File "/usr/local/lib/python3.12/dist-packages/lightning/pytorch/loops/optimization/automatic.py", line 129, in closure
[rank3]:     step_output = self._step_fn()
[rank3]:                   ^^^^^^^^^^^^^^^
[rank3]:   File "/usr/local/lib/python3.12/dist-packages/lightning/pytorch/loops/optimization/automatic.py", line 317, in _training_step
[rank3]:     training_step_output = call._call_strategy_hook(trainer, "training_step", *kwargs.values())
[rank3]:                            ^^^^^^^^^^^^^^^^^^^^^^^^^^^^^^^^^^^^^^^^^^^^^^^^^^^^^^^^^^^^^^^^^^^^
[rank3]:   File "/usr/local/lib/python3.12/dist-packages/lightning/pytorch/trainer/call.py", line 319, in _call_strategy_hook
[rank3]:     output = fn(*args, **kwargs)
[rank3]:              ^^^^^^^^^^^^^^^^^^^
[rank3]:   File "/opt/NeMo/nemo/lightning/pytorch/strategies/megatron_strategy.py", line 695, in training_step
[rank3]:     out = self.model.training_step(dataloader_iter, *args, **kwargs)
[rank3]:           ^^^^^^^^^^^^^^^^^^^^^^^^^^^^^^^^^^^^^^^^^^^^^^^^^^^^^^^^^^
[rank3]:   File "/opt/NeMo/nemo/lightning/megatron_parallel.py", line 389, in training_step
[rank3]:     return self._step(
[rank3]:            ^^^^^^^^^^^
[rank3]:   File "/opt/NeMo/nemo/lightning/megatron_parallel.py", line 501, in _step
[rank3]:     return self.forward(
[rank3]:            ^^^^^^^^^^^^^
[rank3]:   File "/opt/NeMo/nemo/lightning/megatron_parallel.py", line 351, in forward
[rank3]:     microbatch_outputs = step()
[rank3]:                          ^^^^^^
[rank3]:   File "/opt/NeMo/nemo/lightning/megatron_parallel.py", line 1287, in __call__
[rank3]:     return self.forward_backward_func(
[rank3]:            ^^^^^^^^^^^^^^^^^^^^^^^^^^^
[rank3]:   File "/opt/megatron-lm/megatron/core/pipeline_parallel/schedules.py", line 494, in forward_backward_no_pipelining
[rank3]:     backward_step(input_tensor, output_tensor, output_tensor_grad, model_type, config)
[rank3]:   File "/opt/megatron-lm/megatron/core/pipeline_parallel/schedules.py", line 393, in backward_step
[rank3]:     custom_backward(output_tensor[0], output_tensor_grad[0])
[rank3]:   File "/opt/megatron-lm/megatron/core/pipeline_parallel/schedules.py", line 151, in custom_backward
[rank3]:     Variable._execution_engine.run_backward(
[rank3]:   File "/usr/local/lib/python3.12/dist-packages/torch/autograd/function.py", line 307, in apply
[rank3]:     return user_fn(self, *args)
[rank3]:            ^^^^^^^^^^^^^^^^^^^^
[rank3]:   File "/usr/local/lib/python3.12/dist-packages/torch/_functorch/_aot_autograd/runtime_wrappers.py", line 1983, in backward
[rank3]:     return impl_fn()
[rank3]:            ^^^^^^^^^
[rank3]:   File "/usr/local/lib/python3.12/dist-packages/torch/_functorch/_aot_autograd/runtime_wrappers.py", line 1969, in impl_fn
[rank3]:     out = CompiledFunction._backward_impl(ctx, all_args)
[rank3]:           ^^^^^^^^^^^^^^^^^^^^^^^^^^^^^^^^^^^^^^^^^^^^^^
[rank3]:   File "/usr/local/lib/python3.12/dist-packages/torch/_functorch/_aot_autograd/runtime_wrappers.py", line 2062, in _backward_impl
[rank3]:     CompiledFunction.compiled_bw = aot_config.bw_compiler(
[rank3]:                                    ^^^^^^^^^^^^^^^^^^^^^^^
[rank3]:   File "/usr/local/lib/python3.12/dist-packages/torch/_functorch/aot_autograd.py", line 479, in __call__
[rank3]:     return self.compiler_fn(gm, example_inputs)
[rank3]:            ^^^^^^^^^^^^^^^^^^^^^^^^^^^^^^^^^^^^
[rank3]:   File "/usr/local/lib/python3.12/dist-packages/torch/_dynamo/backends/common.py", line 54, in _wrapped_bw_compiler
[rank3]:     return disable(disable(bw_compiler_fn)(*args, **kwargs))
[rank3]:                    ^^^^^^^^^^^^^^^^^^^^^^^^^^^^^^^^^^^^^^^^
[rank3]:   File "/usr/local/lib/python3.12/dist-packages/torch/_dynamo/eval_frame.py", line 749, in _fn
[rank3]:     return fn(*args, **kwargs)
[rank3]:            ^^^^^^^^^^^^^^^^^^^
[rank3]:   File "/usr/local/lib/python3.12/dist-packages/torch/_utils_internal.py", line 95, in wrapper_function
[rank3]:     return function(*args, **kwargs)
[rank3]:            ^^^^^^^^^^^^^^^^^^^^^^^^^
[rank3]:   File "/usr/local/lib/python3.12/dist-packages/torch/_inductor/compile_fx.py", line 2107, in bw_compiler
[rank3]:     return inner_compile(
[rank3]:            ^^^^^^^^^^^^^^
[rank3]:   File "/usr/lib/python3.12/contextlib.py", line 81, in inner
[rank3]:     return func(*args, **kwds)
[rank3]:            ^^^^^^^^^^^^^^^^^^^
[rank3]:   File "/usr/local/lib/python3.12/dist-packages/torch/_inductor/compile_fx.py", line 623, in compile_fx_inner
[rank3]:     return wrap_compiler_debug(_compile_fx_inner, compiler_name="inductor")(
[rank3]:            ^^^^^^^^^^^^^^^^^^^^^^^^^^^^^^^^^^^^^^^^^^^^^^^^^^^^^^^^^^^^^^^^^
[rank3]:   File "/usr/local/lib/python3.12/dist-packages/torch/_dynamo/repro/after_aot.py", line 104, in debug_wrapper
[rank3]:     inner_compiled_fn = compiler_fn(gm, example_inputs)
[rank3]:                         ^^^^^^^^^^^^^^^^^^^^^^^^^^^^^^^
[rank3]:   File "/usr/local/lib/python3.12/dist-packages/torch/_inductor/compile_fx.py", line 727, in _compile_fx_inner
[rank3]:     mb_compiled_graph = fx_codegen_and_compile(
[rank3]:                         ^^^^^^^^^^^^^^^^^^^^^^^
[rank3]:   File "/usr/local/lib/python3.12/dist-packages/torch/_inductor/compile_fx.py", line 1402, in fx_codegen_and_compile
[rank3]:     return scheme.codegen_and_compile(gm, example_inputs, inputs_to_check, graph_kwargs)
[rank3]:            ^^^^^^^^^^^^^^^^^^^^^^^^^^^^^^^^^^^^^^^^^^^^^^^^^^^^^^^^^^^^^^^^^^^^^^^^^^^^^
[rank3]:   File "/usr/local/lib/python3.12/dist-packages/torch/_inductor/compile_fx.py", line 1057, in codegen_and_compile
[rank3]:     graph.run(*example_inputs)
[rank3]:   File "/usr/local/lib/python3.12/dist-packages/torch/_inductor/graph.py", line 851, in run
[rank3]:     return super().run(*args)
[rank3]:            ^^^^^^^^^^^^^^^^^^
[rank3]:   File "/usr/local/lib/python3.12/dist-packages/torch/fx/interpreter.py", line 171, in run
[rank3]:     self.env[node] = self.run_node(node)
[rank3]:                      ^^^^^^^^^^^^^^^^^^^
[rank3]:   File "/usr/local/lib/python3.12/dist-packages/torch/_inductor/graph.py", line 1436, in run_node
[rank3]:     result = super().run_node(n)
[rank3]:              ^^^^^^^^^^^^^^^^^^^
[rank3]:   File "/usr/local/lib/python3.12/dist-packages/torch/fx/interpreter.py", line 236, in run_node
[rank3]:     return getattr(self, n.op)(n.target, args, kwargs)
[rank3]:            ^^^^^^^^^^^^^^^^^^^^^^^^^^^^^^^^^^^^^^^^^^^
[rank3]:   File "/usr/local/lib/python3.12/dist-packages/torch/_inductor/graph.py", line 1139, in call_function
[rank3]:     raise LoweringException(e, target, args, kwargs).with_traceback(
[rank3]:   File "/usr/local/lib/python3.12/dist-packages/torch/_inductor/graph.py", line 1129, in call_function
[rank3]:     out = lowerings[target](*args, **kwargs)  # type: ignore[index]
[rank3]:           ^^^^^^^^^^^^^^^^^^^^^^^^^^^^^^^^^^
[rank3]:   File "/usr/local/lib/python3.12/dist-packages/torch/_inductor/lowering.py", line 455, in wrapped
[rank3]:     out = decomp_fn(*args, **kwargs)
[rank3]:           ^^^^^^^^^^^^^^^^^^^^^^^^^^
[rank3]:   File "/usr/local/lib/python3.12/dist-packages/torch/_inductor/kernel/flex_attention.py", line 2301, in flex_attention_backward
[rank3]:     joint_outputs = process_joint_outputs(
[rank3]:                     ^^^^^^^^^^^^^^^^^^^^^^
[rank3]:   File "/usr/local/lib/python3.12/dist-packages/torch/_inductor/kernel/flex_attention.py", line 2171, in process_joint_outputs
[rank3]:     grads_out = [get_out(x) for x in other_grads]
[rank3]:                  ^^^^^^^^^^
[rank3]:   File "/usr/local/lib/python3.12/dist-packages/torch/_inductor/kernel/flex_attention.py", line 2168, in get_out
[rank3]:     assert buf.name is not None
[rank3]:            ^^^^^^^^^^^^^^^^^^^^
[rank3]: torch._inductor.exc.LoweringException: AssertionError: 
[rank3]:   target: flex_attention_backward
[rank3]:   args[0]: TensorBox(StorageBox(
[rank3]:     InputBuffer(name='primals_1', layout=FixedLayout('cuda:1', torch.bfloat16, size=[8, 24, 1024, 32], stride=[786432, 32768, 32, 1]))
[rank3]:   ))
[rank3]:   args[1]: TensorBox(StorageBox(
[rank3]:     InputBuffer(name='primals_2', layout=FixedLayout('cuda:1', torch.bfloat16, size=[8, 8, 1024, 32], stride=[262144, 32768, 32, 1]))
[rank3]:   ))
[rank3]:   args[2]: TensorBox(StorageBox(
[rank3]:     InputBuffer(name='primals_3', layout=FixedLayout('cuda:1', torch.bfloat16, size=[8, 8, 1024, 32], stride=[262144, 32768, 32, 1]))
[rank3]:   ))
[rank3]:   args[3]: TensorBox(StorageBox(
[rank3]:     InputBuffer(name='getitem', layout=FixedLayout('cuda:1', torch.bfloat16, size=[8, 24, 1024, 32], stride=[786432, 32768, 32, 1]))
[rank3]:   ))
[rank3]:   args[4]: TensorBox(StorageBox(
[rank3]:     DonatedBuffer(name='getitem_1', layout=FixedLayout('cuda:1', torch.float32, size=[8, 24, 1024], stride=[24576, 1024, 1]))
[rank3]:   ))
[rank3]:   args[5]: TensorBox(StorageBox(
[rank3]:     InputBuffer(name='tangents_1', layout=FixedLayout('cuda:1', torch.bfloat16, size=[8, 24, 1024, 32], stride=[786432, 32768, 32, 1]))
[rank3]:   ))
[rank3]:   args[6]: TensorBox(StorageBox(
[rank3]:     Pointwise(
[rank3]:       'cuda',
[rank3]:       torch.float32,
[rank3]:       def inner_fn(index):
[rank3]:           i0, i1, i2 = index
[rank3]:           tmp0 = ops.constant(0, torch.float32)
[rank3]:           return tmp0
[rank3]:       ,
[rank3]:       ranges=[8, 24, 1024],
[rank3]:       origin_node=full_default,
[rank3]:       origins=OrderedSet([full_default])
[rank3]:     )
[rank3]:   ))
[rank3]:   args[7]: Subgraph(name='fw_graph0', graph_module=<lambda>(), graph=None)
[rank3]:   args[8]: Subgraph(name='joint_graph0', graph_module=<lambda>(), graph=None)
[rank3]:   args[9]: (1024, 1024, TensorBox(StorageBox(
[rank3]:     InputBuffer(name='primals_5', layout=FixedLayout('cuda:1', torch.int32, size=[8, 24, 8], stride=[192, 8, 1]))
[rank3]:   )), TensorBox(StorageBox(
[rank3]:     InputBuffer(name='primals_4', layout=FixedLayout('cuda:1', torch.int32, size=[8, 24, 8, 8], stride=[1536, 64, 8, 1]))
[rank3]:   )), TensorBox(StorageBox(
[rank3]:     InputBuffer(name='primals_8', layout=FixedLayout('cuda:1', torch.int32, size=[8, 24, 8], stride=[192, 8, 1]))
[rank3]:   )), TensorBox(StorageBox(
[rank3]:     InputBuffer(name='primals_9', layout=FixedLayout('cuda:1', torch.int32, size=[8, 24, 8, 8], stride=[1536, 64, 8, 1]))
[rank3]:   )), TensorBox(StorageBox(
[rank3]:     InputBuffer(name='primals_10', layout=FixedLayout('cuda:1', torch.int32, size=[8, 24, 8], stride=[192, 8, 1]))
[rank3]:   )), TensorBox(StorageBox(
[rank3]:     InputBuffer(name='primals_11', layout=FixedLayout('cuda:1', torch.int32, size=[8, 24, 8, 8], stride=[1536, 64, 8, 1]))
[rank3]:   )), TensorBox(StorageBox(
[rank3]:     InputBuffer(name='primals_12', layout=FixedLayout('cuda:1', torch.int32, size=[8, 24, 8], stride=[192, 8, 1]))
[rank3]:   )), TensorBox(StorageBox(
[rank3]:     InputBuffer(name='primals_13', layout=FixedLayout('cuda:1', torch.int32, size=[8, 24, 8, 8], stride=[1536, 64, 8, 1]))
[rank3]:   )), 128, 128, Subgraph(name='mask_graph0', graph_module=<lambda>(), graph=None))
[rank3]:   args[10]: 0.17677669529663687
[rank3]:   args[11]: {'PRESCALE_QK': False, 'ROWS_GUARANTEED_SAFE': False, 'BLOCKS_ARE_CONTIGUOUS': False, 'WRITE_DQ': True, 'OUTPUT_LOGSUMEXP': True}
[rank3]:   args[12]: (TensorBox(StorageBox(
[rank3]:     InputBuffer(name='primals_6', layout=FixedLayout('cuda:1', torch.bfloat16, size=[], stride=[]))
[rank3]:   )), TensorBox(StorageBox(
[rank3]:     InputBuffer(name='primals_7', layout=FixedLayout('cuda:1', torch.bfloat16, size=[], stride=[]))
[rank3]:   )))
[rank3]:   args[13]: ()
[rank1]: Traceback (most recent call last):
[rank1]:   File "/work/m24047/m24047brmn/nemo/OpenLLM-BPI-Training/training/train/test/train_ssa_fa.py", line 326, in <module>
[rank1]:     main()
[rank1]:   File "/work/m24047/m24047brmn/nemo/OpenLLM-BPI-Training/training/train/test/train_ssa_fa.py", line 321, in main
[rank1]:     recipe_obj()
[rank1]:   File "/opt/NeMo/nemo/collections/llm/api.py", line 171, in pretrain
[rank1]:     return train(
[rank1]:            ^^^^^^
[rank1]:   File "/opt/NeMo/nemo/collections/llm/api.py", line 127, in train
[rank1]:     trainer.fit(model, data)
[rank1]:   File "/usr/local/lib/python3.12/dist-packages/lightning/pytorch/trainer/trainer.py", line 538, in fit
[rank1]:     call._call_and_handle_interrupt(
[rank1]:   File "/usr/local/lib/python3.12/dist-packages/lightning/pytorch/trainer/call.py", line 46, in _call_and_handle_interrupt
[rank1]:     return trainer.strategy.launcher.launch(trainer_fn, *args, trainer=trainer, **kwargs)
[rank1]:            ^^^^^^^^^^^^^^^^^^^^^^^^^^^^^^^^^^^^^^^^^^^^^^^^^^^^^^^^^^^^^^^^^^^^^^^^^^^^^^
[rank1]:   File "/usr/local/lib/python3.12/dist-packages/lightning/pytorch/strategies/launchers/subprocess_script.py", line 105, in launch
[rank1]:     return function(*args, **kwargs)
[rank1]:            ^^^^^^^^^^^^^^^^^^^^^^^^^
[rank1]:   File "/usr/local/lib/python3.12/dist-packages/lightning/pytorch/trainer/trainer.py", line 574, in _fit_impl
[rank1]:     self._run(model, ckpt_path=ckpt_path)
[rank1]:   File "/usr/local/lib/python3.12/dist-packages/lightning/pytorch/trainer/trainer.py", line 981, in _run
[rank1]:     results = self._run_stage()
[rank1]:               ^^^^^^^^^^^^^^^^^
[rank1]:   File "/usr/local/lib/python3.12/dist-packages/lightning/pytorch/trainer/trainer.py", line 1025, in _run_stage
[rank1]:     self.fit_loop.run()
[rank1]:   File "/usr/local/lib/python3.12/dist-packages/lightning/pytorch/loops/fit_loop.py", line 205, in run
[rank1]:     self.advance()
[rank1]:   File "/usr/local/lib/python3.12/dist-packages/lightning/pytorch/loops/fit_loop.py", line 363, in advance
[rank1]:     self.epoch_loop.run(self._data_fetcher)
[rank1]:   File "/usr/local/lib/python3.12/dist-packages/lightning/pytorch/loops/training_epoch_loop.py", line 140, in run
[rank1]:     self.advance(data_fetcher)
[rank1]:   File "/opt/NeMo/nemo/lightning/pytorch/trainer.py", line 47, in advance
[rank1]:     super().advance(data_fetcher)
[rank1]:   File "/usr/local/lib/python3.12/dist-packages/lightning/pytorch/loops/training_epoch_loop.py", line 250, in advance
[rank1]:     batch_output = self.automatic_optimization.run(trainer.optimizers[0], batch_idx, kwargs)
[rank1]:                    ^^^^^^^^^^^^^^^^^^^^^^^^^^^^^^^^^^^^^^^^^^^^^^^^^^^^^^^^^^^^^^^^^^^^^^^^^
[rank1]:   File "/usr/local/lib/python3.12/dist-packages/lightning/pytorch/loops/optimization/automatic.py", line 190, in run
[rank1]:     self._optimizer_step(batch_idx, closure)
[rank1]:   File "/usr/local/lib/python3.12/dist-packages/lightning/pytorch/loops/optimization/automatic.py", line 268, in _optimizer_step
[rank1]:     call._call_lightning_module_hook(
[rank1]:   File "/usr/local/lib/python3.12/dist-packages/lightning/pytorch/trainer/call.py", line 167, in _call_lightning_module_hook
[rank1]:     output = fn(*args, **kwargs)
[rank1]:              ^^^^^^^^^^^^^^^^^^^
[rank1]:   File "/usr/local/lib/python3.12/dist-packages/lightning/pytorch/core/module.py", line 1306, in optimizer_step
[rank1]:     optimizer.step(closure=optimizer_closure)
[rank1]:   File "/usr/local/lib/python3.12/dist-packages/lightning/pytorch/core/optimizer.py", line 153, in step
[rank1]:     step_output = self._strategy.optimizer_step(self._optimizer, closure, **kwargs)
[rank1]:                   ^^^^^^^^^^^^^^^^^^^^^^^^^^^^^^^^^^^^^^^^^^^^^^^^^^^^^^^^^^^^^^^^^
[rank1]:   File "/opt/NeMo/nemo/lightning/pytorch/strategies/megatron_strategy.py", line 761, in optimizer_step
[rank1]:     optimizer_output = super().optimizer_step(optimizer, closure, model, **kwargs)
[rank1]:                        ^^^^^^^^^^^^^^^^^^^^^^^^^^^^^^^^^^^^^^^^^^^^^^^^^^^^^^^^^^^
[rank1]:   File "/usr/local/lib/python3.12/dist-packages/lightning/pytorch/strategies/ddp.py", line 270, in optimizer_step
[rank1]:     optimizer_output = super().optimizer_step(optimizer, closure, model, **kwargs)
[rank1]:                        ^^^^^^^^^^^^^^^^^^^^^^^^^^^^^^^^^^^^^^^^^^^^^^^^^^^^^^^^^^^
[rank1]:   File "/usr/local/lib/python3.12/dist-packages/lightning/pytorch/strategies/strategy.py", line 238, in optimizer_step
[rank1]:     return self.precision_plugin.optimizer_step(optimizer, model=model, closure=closure, **kwargs)
[rank1]:            ^^^^^^^^^^^^^^^^^^^^^^^^^^^^^^^^^^^^^^^^^^^^^^^^^^^^^^^^^^^^^^^^^^^^^^^^^^^^^^^^^^^^^^^
[rank1]:   File "/usr/local/lib/python3.12/dist-packages/lightning/pytorch/plugins/precision/precision.py", line 122, in optimizer_step
[rank1]:     return optimizer.step(closure=closure, **kwargs)
[rank1]:            ^^^^^^^^^^^^^^^^^^^^^^^^^^^^^^^^^^^^^^^^^
[rank1]:   File "/usr/local/lib/python3.12/dist-packages/torch/optim/lr_scheduler.py", line 137, in wrapper
[rank1]:     return func.__get__(opt, opt.__class__)(*args, **kwargs)
[rank1]:            ^^^^^^^^^^^^^^^^^^^^^^^^^^^^^^^^^^^^^^^^^^^^^^^^^
[rank1]:   File "/opt/NeMo/nemo/core/optim/mcore_optim.py", line 129, in step
[rank1]:     loss = closure()
[rank1]:            ^^^^^^^^^
[rank1]:   File "/usr/local/lib/python3.12/dist-packages/lightning/pytorch/plugins/precision/precision.py", line 108, in _wrap_closure
[rank1]:     closure_result = closure()
[rank1]:                      ^^^^^^^^^
[rank1]:   File "/usr/local/lib/python3.12/dist-packages/lightning/pytorch/loops/optimization/automatic.py", line 144, in __call__
[rank1]:     self._result = self.closure(*args, **kwargs)
[rank1]:                    ^^^^^^^^^^^^^^^^^^^^^^^^^^^^^
[rank1]:   File "/usr/local/lib/python3.12/dist-packages/torch/utils/_contextlib.py", line 116, in decorate_context
[rank1]:     return func(*args, **kwargs)
[rank1]:            ^^^^^^^^^^^^^^^^^^^^^
[rank1]:   File "/usr/local/lib/python3.12/dist-packages/lightning/pytorch/loops/optimization/automatic.py", line 129, in closure
[rank1]:     step_output = self._step_fn()
[rank1]:                   ^^^^^^^^^^^^^^^
[rank1]:   File "/usr/local/lib/python3.12/dist-packages/lightning/pytorch/loops/optimization/automatic.py", line 317, in _training_step
[rank1]:     training_step_output = call._call_strategy_hook(trainer, "training_step", *kwargs.values())
[rank1]:                            ^^^^^^^^^^^^^^^^^^^^^^^^^^^^^^^^^^^^^^^^^^^^^^^^^^^^^^^^^^^^^^^^^^^^
[rank1]:   File "/usr/local/lib/python3.12/dist-packages/lightning/pytorch/trainer/call.py", line 319, in _call_strategy_hook
[rank1]:     output = fn(*args, **kwargs)
[rank1]:              ^^^^^^^^^^^^^^^^^^^
[rank1]:   File "/opt/NeMo/nemo/lightning/pytorch/strategies/megatron_strategy.py", line 695, in training_step
[rank1]:     out = self.model.training_step(dataloader_iter, *args, **kwargs)
[rank1]:           ^^^^^^^^^^^^^^^^^^^^^^^^^^^^^^^^^^^^^^^^^^^^^^^^^^^^^^^^^^
[rank1]:   File "/opt/NeMo/nemo/lightning/megatron_parallel.py", line 389, in training_step
[rank1]:     return self._step(
[rank1]:            ^^^^^^^^^^^
[rank1]:   File "/opt/NeMo/nemo/lightning/megatron_parallel.py", line 501, in _step
[rank1]:     return self.forward(
[rank1]:            ^^^^^^^^^^^^^
[rank1]:   File "/opt/NeMo/nemo/lightning/megatron_parallel.py", line 351, in forward
[rank1]:     microbatch_outputs = step()
[rank1]:                          ^^^^^^
[rank1]:   File "/opt/NeMo/nemo/lightning/megatron_parallel.py", line 1287, in __call__
[rank1]:     return self.forward_backward_func(
[rank1]:            ^^^^^^^^^^^^^^^^^^^^^^^^^^^
[rank1]:   File "/opt/megatron-lm/megatron/core/pipeline_parallel/schedules.py", line 494, in forward_backward_no_pipelining
[rank1]:     backward_step(input_tensor, output_tensor, output_tensor_grad, model_type, config)
[rank1]:   File "/opt/megatron-lm/megatron/core/pipeline_parallel/schedules.py", line 393, in backward_step
[rank1]:     custom_backward(output_tensor[0], output_tensor_grad[0])
[rank1]:   File "/opt/megatron-lm/megatron/core/pipeline_parallel/schedules.py", line 151, in custom_backward
[rank1]:     Variable._execution_engine.run_backward(
[rank1]:   File "/usr/local/lib/python3.12/dist-packages/torch/autograd/function.py", line 307, in apply
[rank1]:     return user_fn(self, *args)
[rank1]:            ^^^^^^^^^^^^^^^^^^^^
[rank1]:   File "/usr/local/lib/python3.12/dist-packages/torch/_functorch/_aot_autograd/runtime_wrappers.py", line 1983, in backward
[rank1]:     return impl_fn()
[rank1]:            ^^^^^^^^^
[rank1]:   File "/usr/local/lib/python3.12/dist-packages/torch/_functorch/_aot_autograd/runtime_wrappers.py", line 1969, in impl_fn
[rank1]:     out = CompiledFunction._backward_impl(ctx, all_args)
[rank1]:           ^^^^^^^^^^^^^^^^^^^^^^^^^^^^^^^^^^^^^^^^^^^^^^
[rank1]:   File "/usr/local/lib/python3.12/dist-packages/torch/_functorch/_aot_autograd/runtime_wrappers.py", line 2062, in _backward_impl
[rank1]:     CompiledFunction.compiled_bw = aot_config.bw_compiler(
[rank1]:                                    ^^^^^^^^^^^^^^^^^^^^^^^
[rank1]:   File "/usr/local/lib/python3.12/dist-packages/torch/_functorch/aot_autograd.py", line 479, in __call__
[rank1]:     return self.compiler_fn(gm, example_inputs)
[rank1]:            ^^^^^^^^^^^^^^^^^^^^^^^^^^^^^^^^^^^^
[rank1]:   File "/usr/local/lib/python3.12/dist-packages/torch/_dynamo/backends/common.py", line 54, in _wrapped_bw_compiler
[rank1]:     return disable(disable(bw_compiler_fn)(*args, **kwargs))
[rank1]:                    ^^^^^^^^^^^^^^^^^^^^^^^^^^^^^^^^^^^^^^^^
[rank1]:   File "/usr/local/lib/python3.12/dist-packages/torch/_dynamo/eval_frame.py", line 749, in _fn
[rank1]:     return fn(*args, **kwargs)
[rank1]:            ^^^^^^^^^^^^^^^^^^^
[rank1]:   File "/usr/local/lib/python3.12/dist-packages/torch/_utils_internal.py", line 95, in wrapper_function
[rank1]:     return function(*args, **kwargs)
[rank1]:            ^^^^^^^^^^^^^^^^^^^^^^^^^
[rank1]:   File "/usr/local/lib/python3.12/dist-packages/torch/_inductor/compile_fx.py", line 2107, in bw_compiler
[rank1]:     return inner_compile(
[rank1]:            ^^^^^^^^^^^^^^
[rank1]:   File "/usr/lib/python3.12/contextlib.py", line 81, in inner
[rank1]:     return func(*args, **kwds)
[rank1]:            ^^^^^^^^^^^^^^^^^^^
[rank1]:   File "/usr/local/lib/python3.12/dist-packages/torch/_inductor/compile_fx.py", line 623, in compile_fx_inner
[rank1]:     return wrap_compiler_debug(_compile_fx_inner, compiler_name="inductor")(
[rank1]:            ^^^^^^^^^^^^^^^^^^^^^^^^^^^^^^^^^^^^^^^^^^^^^^^^^^^^^^^^^^^^^^^^^
[rank1]:   File "/usr/local/lib/python3.12/dist-packages/torch/_dynamo/repro/after_aot.py", line 104, in debug_wrapper
[rank1]:     inner_compiled_fn = compiler_fn(gm, example_inputs)
[rank1]:                         ^^^^^^^^^^^^^^^^^^^^^^^^^^^^^^^
[rank1]:   File "/usr/local/lib/python3.12/dist-packages/torch/_inductor/compile_fx.py", line 727, in _compile_fx_inner
[rank1]:     mb_compiled_graph = fx_codegen_and_compile(
[rank1]:                         ^^^^^^^^^^^^^^^^^^^^^^^
[rank1]:   File "/usr/local/lib/python3.12/dist-packages/torch/_inductor/compile_fx.py", line 1402, in fx_codegen_and_compile
[rank1]:     return scheme.codegen_and_compile(gm, example_inputs, inputs_to_check, graph_kwargs)
[rank1]:            ^^^^^^^^^^^^^^^^^^^^^^^^^^^^^^^^^^^^^^^^^^^^^^^^^^^^^^^^^^^^^^^^^^^^^^^^^^^^^
[rank1]:   File "/usr/local/lib/python3.12/dist-packages/torch/_inductor/compile_fx.py", line 1057, in codegen_and_compile
[rank1]:     graph.run(*example_inputs)
[rank1]:   File "/usr/local/lib/python3.12/dist-packages/torch/_inductor/graph.py", line 851, in run
[rank1]:     return super().run(*args)
[rank1]:            ^^^^^^^^^^^^^^^^^^
[rank1]:   File "/usr/local/lib/python3.12/dist-packages/torch/fx/interpreter.py", line 171, in run
[rank1]:     self.env[node] = self.run_node(node)
[rank1]:                      ^^^^^^^^^^^^^^^^^^^
[rank1]:   File "/usr/local/lib/python3.12/dist-packages/torch/_inductor/graph.py", line 1436, in run_node
[rank1]:     result = super().run_node(n)
[rank1]:              ^^^^^^^^^^^^^^^^^^^
[rank1]:   File "/usr/local/lib/python3.12/dist-packages/torch/fx/interpreter.py", line 236, in run_node
[rank1]:     return getattr(self, n.op)(n.target, args, kwargs)
[rank1]:            ^^^^^^^^^^^^^^^^^^^^^^^^^^^^^^^^^^^^^^^^^^^
[rank1]:   File "/usr/local/lib/python3.12/dist-packages/torch/_inductor/graph.py", line 1139, in call_function
[rank1]:     raise LoweringException(e, target, args, kwargs).with_traceback(
[rank1]:   File "/usr/local/lib/python3.12/dist-packages/torch/_inductor/graph.py", line 1129, in call_function
[rank1]:     out = lowerings[target](*args, **kwargs)  # type: ignore[index]
[rank1]:           ^^^^^^^^^^^^^^^^^^^^^^^^^^^^^^^^^^
[rank1]:   File "/usr/local/lib/python3.12/dist-packages/torch/_inductor/lowering.py", line 455, in wrapped
[rank1]:     out = decomp_fn(*args, **kwargs)
[rank1]:           ^^^^^^^^^^^^^^^^^^^^^^^^^^
[rank1]:   File "/usr/local/lib/python3.12/dist-packages/torch/_inductor/kernel/flex_attention.py", line 2301, in flex_attention_backward
[rank1]:     joint_outputs = process_joint_outputs(
[rank1]:                     ^^^^^^^^^^^^^^^^^^^^^^
[rank1]:   File "/usr/local/lib/python3.12/dist-packages/torch/_inductor/kernel/flex_attention.py", line 2171, in process_joint_outputs
[rank1]:     grads_out = [get_out(x) for x in other_grads]
[rank1]:                  ^^^^^^^^^^
[rank1]:   File "/usr/local/lib/python3.12/dist-packages/torch/_inductor/kernel/flex_attention.py", line 2168, in get_out
[rank1]:     assert buf.name is not None
[rank1]:            ^^^^^^^^^^^^^^^^^^^^
[rank1]: torch._inductor.exc.LoweringException: AssertionError: 
[rank1]:   target: flex_attention_backward
[rank1]:   args[0]: TensorBox(StorageBox(
[rank1]:     InputBuffer(name='primals_1', layout=FixedLayout('cuda:1', torch.bfloat16, size=[8, 24, 1024, 32], stride=[786432, 32768, 32, 1]))
[rank1]:   ))
[rank1]:   args[1]: TensorBox(StorageBox(
[rank1]:     InputBuffer(name='primals_2', layout=FixedLayout('cuda:1', torch.bfloat16, size=[8, 8, 1024, 32], stride=[262144, 32768, 32, 1]))
[rank1]:   ))
[rank1]:   args[2]: TensorBox(StorageBox(
[rank1]:     InputBuffer(name='primals_3', layout=FixedLayout('cuda:1', torch.bfloat16, size=[8, 8, 1024, 32], stride=[262144, 32768, 32, 1]))
[rank1]:   ))
[rank1]:   args[3]: TensorBox(StorageBox(
[rank1]:     InputBuffer(name='getitem', layout=FixedLayout('cuda:1', torch.bfloat16, size=[8, 24, 1024, 32], stride=[786432, 32768, 32, 1]))
[rank1]:   ))
[rank1]:   args[4]: TensorBox(StorageBox(
[rank1]:     DonatedBuffer(name='getitem_1', layout=FixedLayout('cuda:1', torch.float32, size=[8, 24, 1024], stride=[24576, 1024, 1]))
[rank1]:   ))
[rank1]:   args[5]: TensorBox(StorageBox(
[rank1]:     InputBuffer(name='tangents_1', layout=FixedLayout('cuda:1', torch.bfloat16, size=[8, 24, 1024, 32], stride=[786432, 32768, 32, 1]))
[rank1]:   ))
[rank1]:   args[6]: TensorBox(StorageBox(
[rank1]:     Pointwise(
[rank1]:       'cuda',
[rank1]:       torch.float32,
[rank1]:       def inner_fn(index):
[rank1]:           i0, i1, i2 = index
[rank1]:           tmp0 = ops.constant(0, torch.float32)
[rank1]:           return tmp0
[rank1]:       ,
[rank1]:       ranges=[8, 24, 1024],
[rank1]:       origin_node=full_default,
[rank1]:       origins=OrderedSet([full_default])
[rank1]:     )
[rank1]:   ))
[rank1]:   args[7]: Subgraph(name='fw_graph0', graph_module=<lambda>(), graph=None)
[rank1]:   args[8]: Subgraph(name='joint_graph0', graph_module=<lambda>(), graph=None)
[rank1]:   args[9]: (1024, 1024, TensorBox(StorageBox(
[rank1]:     InputBuffer(name='primals_5', layout=FixedLayout('cuda:1', torch.int32, size=[8, 24, 8], stride=[192, 8, 1]))
[rank1]:   )), TensorBox(StorageBox(
[rank1]:     InputBuffer(name='primals_4', layout=FixedLayout('cuda:1', torch.int32, size=[8, 24, 8, 8], stride=[1536, 64, 8, 1]))
[rank1]:   )), TensorBox(StorageBox(
[rank1]:     InputBuffer(name='primals_8', layout=FixedLayout('cuda:1', torch.int32, size=[8, 24, 8], stride=[192, 8, 1]))
[rank1]:   )), TensorBox(StorageBox(
[rank1]:     InputBuffer(name='primals_9', layout=FixedLayout('cuda:1', torch.int32, size=[8, 24, 8, 8], stride=[1536, 64, 8, 1]))
[rank1]:   )), TensorBox(StorageBox(
[rank1]:     InputBuffer(name='primals_10', layout=FixedLayout('cuda:1', torch.int32, size=[8, 24, 8], stride=[192, 8, 1]))
[rank1]:   )), TensorBox(StorageBox(
[rank1]:     InputBuffer(name='primals_11', layout=FixedLayout('cuda:1', torch.int32, size=[8, 24, 8, 8], stride=[1536, 64, 8, 1]))
[rank1]:   )), TensorBox(StorageBox(
[rank1]:     InputBuffer(name='primals_12', layout=FixedLayout('cuda:1', torch.int32, size=[8, 24, 8], stride=[192, 8, 1]))
[rank1]:   )), TensorBox(StorageBox(
[rank1]:     InputBuffer(name='primals_13', layout=FixedLayout('cuda:1', torch.int32, size=[8, 24, 8, 8], stride=[1536, 64, 8, 1]))
[rank1]:   )), 128, 128, Subgraph(name='mask_graph0', graph_module=<lambda>(), graph=None))
[rank1]:   args[10]: 0.17677669529663687
[rank1]:   args[11]: {'PRESCALE_QK': False, 'ROWS_GUARANTEED_SAFE': False, 'BLOCKS_ARE_CONTIGUOUS': False, 'WRITE_DQ': True, 'OUTPUT_LOGSUMEXP': True}
[rank1]:   args[12]: (TensorBox(StorageBox(
[rank1]:     InputBuffer(name='primals_6', layout=FixedLayout('cuda:1', torch.bfloat16, size=[], stride=[]))
[rank1]:   )), TensorBox(StorageBox(
[rank1]:     InputBuffer(name='primals_7', layout=FixedLayout('cuda:1', torch.bfloat16, size=[], stride=[]))
[rank1]:   )))
[rank1]:   args[13]: ()
[rank0]: Traceback (most recent call last):
[rank0]:   File "/work/m24047/m24047brmn/nemo/OpenLLM-BPI-Training/training/train/test/train_ssa_fa.py", line 326, in <module>
[rank0]:     main()
[rank0]:   File "/work/m24047/m24047brmn/nemo/OpenLLM-BPI-Training/training/train/test/train_ssa_fa.py", line 321, in main
[rank0]:     recipe_obj()
[rank0]:   File "/opt/NeMo/nemo/collections/llm/api.py", line 171, in pretrain
[rank0]:     return train(
[rank0]:            ^^^^^^
[rank0]:   File "/opt/NeMo/nemo/collections/llm/api.py", line 127, in train
[rank0]:     trainer.fit(model, data)
[rank0]:   File "/usr/local/lib/python3.12/dist-packages/lightning/pytorch/trainer/trainer.py", line 538, in fit
[rank0]:     call._call_and_handle_interrupt(
[rank0]:   File "/usr/local/lib/python3.12/dist-packages/lightning/pytorch/trainer/call.py", line 46, in _call_and_handle_interrupt
[rank0]:     return trainer.strategy.launcher.launch(trainer_fn, *args, trainer=trainer, **kwargs)
[rank0]:            ^^^^^^^^^^^^^^^^^^^^^^^^^^^^^^^^^^^^^^^^^^^^^^^^^^^^^^^^^^^^^^^^^^^^^^^^^^^^^^
[rank0]:   File "/usr/local/lib/python3.12/dist-packages/lightning/pytorch/strategies/launchers/subprocess_script.py", line 105, in launch
[rank0]:     return function(*args, **kwargs)
[rank0]:            ^^^^^^^^^^^^^^^^^^^^^^^^^
[rank0]:   File "/usr/local/lib/python3.12/dist-packages/lightning/pytorch/trainer/trainer.py", line 574, in _fit_impl
[rank0]:     self._run(model, ckpt_path=ckpt_path)
[rank0]:   File "/usr/local/lib/python3.12/dist-packages/lightning/pytorch/trainer/trainer.py", line 981, in _run
[rank0]:     results = self._run_stage()
[rank0]:               ^^^^^^^^^^^^^^^^^
[rank0]:   File "/usr/local/lib/python3.12/dist-packages/lightning/pytorch/trainer/trainer.py", line 1025, in _run_stage
[rank0]:     self.fit_loop.run()
[rank0]:   File "/usr/local/lib/python3.12/dist-packages/lightning/pytorch/loops/fit_loop.py", line 205, in run
[rank0]:     self.advance()
[rank0]:   File "/usr/local/lib/python3.12/dist-packages/lightning/pytorch/loops/fit_loop.py", line 363, in advance
[rank0]:     self.epoch_loop.run(self._data_fetcher)
[rank0]:   File "/usr/local/lib/python3.12/dist-packages/lightning/pytorch/loops/training_epoch_loop.py", line 140, in run
[rank0]:     self.advance(data_fetcher)
[rank0]:   File "/opt/NeMo/nemo/lightning/pytorch/trainer.py", line 47, in advance
[rank0]:     super().advance(data_fetcher)
[rank0]:   File "/usr/local/lib/python3.12/dist-packages/lightning/pytorch/loops/training_epoch_loop.py", line 250, in advance
[rank0]:     batch_output = self.automatic_optimization.run(trainer.optimizers[0], batch_idx, kwargs)
[rank0]:                    ^^^^^^^^^^^^^^^^^^^^^^^^^^^^^^^^^^^^^^^^^^^^^^^^^^^^^^^^^^^^^^^^^^^^^^^^^
[rank0]:   File "/usr/local/lib/python3.12/dist-packages/lightning/pytorch/loops/optimization/automatic.py", line 190, in run
[rank0]:     self._optimizer_step(batch_idx, closure)
[rank0]:   File "/usr/local/lib/python3.12/dist-packages/lightning/pytorch/loops/optimization/automatic.py", line 268, in _optimizer_step
[rank0]:     call._call_lightning_module_hook(
[rank0]:   File "/usr/local/lib/python3.12/dist-packages/lightning/pytorch/trainer/call.py", line 167, in _call_lightning_module_hook
[rank0]:     output = fn(*args, **kwargs)
[rank0]:              ^^^^^^^^^^^^^^^^^^^
[rank0]:   File "/usr/local/lib/python3.12/dist-packages/lightning/pytorch/core/module.py", line 1306, in optimizer_step
[rank0]:     optimizer.step(closure=optimizer_closure)
[rank0]:   File "/usr/local/lib/python3.12/dist-packages/lightning/pytorch/core/optimizer.py", line 153, in step
[rank0]:     step_output = self._strategy.optimizer_step(self._optimizer, closure, **kwargs)
[rank0]:                   ^^^^^^^^^^^^^^^^^^^^^^^^^^^^^^^^^^^^^^^^^^^^^^^^^^^^^^^^^^^^^^^^^
[rank0]:   File "/opt/NeMo/nemo/lightning/pytorch/strategies/megatron_strategy.py", line 761, in optimizer_step
[rank0]:     optimizer_output = super().optimizer_step(optimizer, closure, model, **kwargs)
[rank0]:                        ^^^^^^^^^^^^^^^^^^^^^^^^^^^^^^^^^^^^^^^^^^^^^^^^^^^^^^^^^^^
[rank0]:   File "/usr/local/lib/python3.12/dist-packages/lightning/pytorch/strategies/ddp.py", line 270, in optimizer_step
[rank0]:     optimizer_output = super().optimizer_step(optimizer, closure, model, **kwargs)
[rank0]:                        ^^^^^^^^^^^^^^^^^^^^^^^^^^^^^^^^^^^^^^^^^^^^^^^^^^^^^^^^^^^
[rank0]:   File "/usr/local/lib/python3.12/dist-packages/lightning/pytorch/strategies/strategy.py", line 238, in optimizer_step
[rank0]:     return self.precision_plugin.optimizer_step(optimizer, model=model, closure=closure, **kwargs)
[rank0]:            ^^^^^^^^^^^^^^^^^^^^^^^^^^^^^^^^^^^^^^^^^^^^^^^^^^^^^^^^^^^^^^^^^^^^^^^^^^^^^^^^^^^^^^^
[rank0]:   File "/usr/local/lib/python3.12/dist-packages/lightning/pytorch/plugins/precision/precision.py", line 122, in optimizer_step
[rank0]:     return optimizer.step(closure=closure, **kwargs)
[rank0]:            ^^^^^^^^^^^^^^^^^^^^^^^^^^^^^^^^^^^^^^^^^
[rank0]:   File "/usr/local/lib/python3.12/dist-packages/torch/optim/lr_scheduler.py", line 137, in wrapper
[rank0]:     return func.__get__(opt, opt.__class__)(*args, **kwargs)
[rank0]:            ^^^^^^^^^^^^^^^^^^^^^^^^^^^^^^^^^^^^^^^^^^^^^^^^^
[rank0]:   File "/opt/NeMo/nemo/core/optim/mcore_optim.py", line 129, in step
[rank0]:     loss = closure()
[rank0]:            ^^^^^^^^^
[rank0]:   File "/usr/local/lib/python3.12/dist-packages/lightning/pytorch/plugins/precision/precision.py", line 108, in _wrap_closure
[rank0]:     closure_result = closure()
[rank0]:                      ^^^^^^^^^
[rank0]:   File "/usr/local/lib/python3.12/dist-packages/lightning/pytorch/loops/optimization/automatic.py", line 144, in __call__
[rank0]:     self._result = self.closure(*args, **kwargs)
[rank0]:                    ^^^^^^^^^^^^^^^^^^^^^^^^^^^^^
[rank0]:   File "/usr/local/lib/python3.12/dist-packages/torch/utils/_contextlib.py", line 116, in decorate_context
[rank0]:     return func(*args, **kwargs)
[rank0]:            ^^^^^^^^^^^^^^^^^^^^^
[rank0]:   File "/usr/local/lib/python3.12/dist-packages/lightning/pytorch/loops/optimization/automatic.py", line 129, in closure
[rank0]:     step_output = self._step_fn()
[rank0]:                   ^^^^^^^^^^^^^^^
[rank0]:   File "/usr/local/lib/python3.12/dist-packages/lightning/pytorch/loops/optimization/automatic.py", line 317, in _training_step
[rank0]:     training_step_output = call._call_strategy_hook(trainer, "training_step", *kwargs.values())
[rank0]:                            ^^^^^^^^^^^^^^^^^^^^^^^^^^^^^^^^^^^^^^^^^^^^^^^^^^^^^^^^^^^^^^^^^^^^
[rank0]:   File "/usr/local/lib/python3.12/dist-packages/lightning/pytorch/trainer/call.py", line 319, in _call_strategy_hook
[rank0]:     output = fn(*args, **kwargs)
[rank0]:              ^^^^^^^^^^^^^^^^^^^
[rank0]:   File "/opt/NeMo/nemo/lightning/pytorch/strategies/megatron_strategy.py", line 695, in training_step
[rank0]:     out = self.model.training_step(dataloader_iter, *args, **kwargs)
[rank0]:           ^^^^^^^^^^^^^^^^^^^^^^^^^^^^^^^^^^^^^^^^^^^^^^^^^^^^^^^^^^
[rank0]:   File "/opt/NeMo/nemo/lightning/megatron_parallel.py", line 389, in training_step
[rank0]:     return self._step(
[rank0]:            ^^^^^^^^^^^
[rank0]:   File "/opt/NeMo/nemo/lightning/megatron_parallel.py", line 501, in _step
[rank0]:     return self.forward(
[rank0]:            ^^^^^^^^^^^^^
[rank0]:   File "/opt/NeMo/nemo/lightning/megatron_parallel.py", line 351, in forward
[rank0]:     microbatch_outputs = step()
[rank0]:                          ^^^^^^
[rank0]:   File "/opt/NeMo/nemo/lightning/megatron_parallel.py", line 1287, in __call__
[rank0]:     return self.forward_backward_func(
[rank0]:            ^^^^^^^^^^^^^^^^^^^^^^^^^^^
[rank0]:   File "/opt/megatron-lm/megatron/core/pipeline_parallel/schedules.py", line 494, in forward_backward_no_pipelining
[rank0]:     backward_step(input_tensor, output_tensor, output_tensor_grad, model_type, config)
[rank0]:   File "/opt/megatron-lm/megatron/core/pipeline_parallel/schedules.py", line 393, in backward_step
[rank0]:     custom_backward(output_tensor[0], output_tensor_grad[0])
[rank0]:   File "/opt/megatron-lm/megatron/core/pipeline_parallel/schedules.py", line 151, in custom_backward
[rank0]:     Variable._execution_engine.run_backward(
[rank0]:   File "/usr/local/lib/python3.12/dist-packages/torch/autograd/function.py", line 307, in apply
[rank0]:     return user_fn(self, *args)
[rank0]:            ^^^^^^^^^^^^^^^^^^^^
[rank0]:   File "/usr/local/lib/python3.12/dist-packages/torch/_functorch/_aot_autograd/runtime_wrappers.py", line 1983, in backward
[rank0]:     return impl_fn()
[rank0]:            ^^^^^^^^^
[rank0]:   File "/usr/local/lib/python3.12/dist-packages/torch/_functorch/_aot_autograd/runtime_wrappers.py", line 1969, in impl_fn
[rank0]:     out = CompiledFunction._backward_impl(ctx, all_args)
[rank0]:           ^^^^^^^^^^^^^^^^^^^^^^^^^^^^^^^^^^^^^^^^^^^^^^
[rank0]:   File "/usr/local/lib/python3.12/dist-packages/torch/_functorch/_aot_autograd/runtime_wrappers.py", line 2062, in _backward_impl
[rank0]:     CompiledFunction.compiled_bw = aot_config.bw_compiler(
[rank0]:                                    ^^^^^^^^^^^^^^^^^^^^^^^
[rank0]:   File "/usr/local/lib/python3.12/dist-packages/torch/_functorch/aot_autograd.py", line 479, in __call__
[rank0]:     return self.compiler_fn(gm, example_inputs)
[rank0]:            ^^^^^^^^^^^^^^^^^^^^^^^^^^^^^^^^^^^^
[rank0]:   File "/usr/local/lib/python3.12/dist-packages/torch/_dynamo/backends/common.py", line 54, in _wrapped_bw_compiler
[rank0]:     return disable(disable(bw_compiler_fn)(*args, **kwargs))
[rank0]:                    ^^^^^^^^^^^^^^^^^^^^^^^^^^^^^^^^^^^^^^^^
[rank0]:   File "/usr/local/lib/python3.12/dist-packages/torch/_dynamo/eval_frame.py", line 749, in _fn
[rank0]:     return fn(*args, **kwargs)
[rank0]:            ^^^^^^^^^^^^^^^^^^^
[rank0]:   File "/usr/local/lib/python3.12/dist-packages/torch/_utils_internal.py", line 95, in wrapper_function
[rank0]:     return function(*args, **kwargs)
[rank0]:            ^^^^^^^^^^^^^^^^^^^^^^^^^
[rank0]:   File "/usr/local/lib/python3.12/dist-packages/torch/_inductor/compile_fx.py", line 2107, in bw_compiler
[rank0]:     return inner_compile(
[rank0]:            ^^^^^^^^^^^^^^
[rank0]:   File "/usr/lib/python3.12/contextlib.py", line 81, in inner
[rank0]:     return func(*args, **kwds)
[rank0]:            ^^^^^^^^^^^^^^^^^^^
[rank0]:   File "/usr/local/lib/python3.12/dist-packages/torch/_inductor/compile_fx.py", line 623, in compile_fx_inner
[rank0]:     return wrap_compiler_debug(_compile_fx_inner, compiler_name="inductor")(
[rank0]:            ^^^^^^^^^^^^^^^^^^^^^^^^^^^^^^^^^^^^^^^^^^^^^^^^^^^^^^^^^^^^^^^^^
[rank0]:   File "/usr/local/lib/python3.12/dist-packages/torch/_dynamo/repro/after_aot.py", line 104, in debug_wrapper
[rank0]:     inner_compiled_fn = compiler_fn(gm, example_inputs)
[rank0]:                         ^^^^^^^^^^^^^^^^^^^^^^^^^^^^^^^
[rank0]:   File "/usr/local/lib/python3.12/dist-packages/torch/_inductor/compile_fx.py", line 727, in _compile_fx_inner
[rank0]:     mb_compiled_graph = fx_codegen_and_compile(
[rank0]:                         ^^^^^^^^^^^^^^^^^^^^^^^
[rank0]:   File "/usr/local/lib/python3.12/dist-packages/torch/_inductor/compile_fx.py", line 1402, in fx_codegen_and_compile
[rank0]:     return scheme.codegen_and_compile(gm, example_inputs, inputs_to_check, graph_kwargs)
[rank0]:            ^^^^^^^^^^^^^^^^^^^^^^^^^^^^^^^^^^^^^^^^^^^^^^^^^^^^^^^^^^^^^^^^^^^^^^^^^^^^^
[rank0]:   File "/usr/local/lib/python3.12/dist-packages/torch/_inductor/compile_fx.py", line 1057, in codegen_and_compile
[rank0]:     graph.run(*example_inputs)
[rank0]:   File "/usr/local/lib/python3.12/dist-packages/torch/_inductor/graph.py", line 851, in run
[rank0]:     return super().run(*args)
[rank0]:            ^^^^^^^^^^^^^^^^^^
[rank0]:   File "/usr/local/lib/python3.12/dist-packages/torch/fx/interpreter.py", line 171, in run
[rank0]:     self.env[node] = self.run_node(node)
[rank0]:                      ^^^^^^^^^^^^^^^^^^^
[rank0]:   File "/usr/local/lib/python3.12/dist-packages/torch/_inductor/graph.py", line 1436, in run_node
[rank0]:     result = super().run_node(n)
[rank0]:              ^^^^^^^^^^^^^^^^^^^
[rank0]:   File "/usr/local/lib/python3.12/dist-packages/torch/fx/interpreter.py", line 236, in run_node
[rank0]:     return getattr(self, n.op)(n.target, args, kwargs)
[rank0]:            ^^^^^^^^^^^^^^^^^^^^^^^^^^^^^^^^^^^^^^^^^^^
[rank0]:   File "/usr/local/lib/python3.12/dist-packages/torch/_inductor/graph.py", line 1139, in call_function
[rank0]:     raise LoweringException(e, target, args, kwargs).with_traceback(
[rank0]:   File "/usr/local/lib/python3.12/dist-packages/torch/_inductor/graph.py", line 1129, in call_function
[rank0]:     out = lowerings[target](*args, **kwargs)  # type: ignore[index]
[rank0]:           ^^^^^^^^^^^^^^^^^^^^^^^^^^^^^^^^^^
[rank0]:   File "/usr/local/lib/python3.12/dist-packages/torch/_inductor/lowering.py", line 455, in wrapped
[rank0]:     out = decomp_fn(*args, **kwargs)
[rank0]:           ^^^^^^^^^^^^^^^^^^^^^^^^^^
[rank0]:   File "/usr/local/lib/python3.12/dist-packages/torch/_inductor/kernel/flex_attention.py", line 2301, in flex_attention_backward
[rank0]:     joint_outputs = process_joint_outputs(
[rank0]:                     ^^^^^^^^^^^^^^^^^^^^^^
[rank0]:   File "/usr/local/lib/python3.12/dist-packages/torch/_inductor/kernel/flex_attention.py", line 2171, in process_joint_outputs
[rank0]:     grads_out = [get_out(x) for x in other_grads]
[rank0]:                  ^^^^^^^^^^
[rank0]:   File "/usr/local/lib/python3.12/dist-packages/torch/_inductor/kernel/flex_attention.py", line 2168, in get_out
[rank0]:     assert buf.name is not None
[rank0]:            ^^^^^^^^^^^^^^^^^^^^
[rank0]: torch._inductor.exc.LoweringException: AssertionError: 
[rank0]:   target: flex_attention_backward
[rank0]:   args[0]: TensorBox(StorageBox(
[rank0]:     InputBuffer(name='primals_1', layout=FixedLayout('cuda:0', torch.bfloat16, size=[8, 24, 1024, 32], stride=[786432, 32768, 32, 1]))
[rank0]:   ))
[rank0]:   args[1]: TensorBox(StorageBox(
[rank0]:     InputBuffer(name='primals_2', layout=FixedLayout('cuda:0', torch.bfloat16, size=[8, 8, 1024, 32], stride=[262144, 32768, 32, 1]))
[rank0]:   ))
[rank0]:   args[2]: TensorBox(StorageBox(
[rank0]:     InputBuffer(name='primals_3', layout=FixedLayout('cuda:0', torch.bfloat16, size=[8, 8, 1024, 32], stride=[262144, 32768, 32, 1]))
[rank0]:   ))
[rank0]:   args[3]: TensorBox(StorageBox(
[rank0]:     InputBuffer(name='getitem', layout=FixedLayout('cuda:0', torch.bfloat16, size=[8, 24, 1024, 32], stride=[786432, 32768, 32, 1]))
[rank0]:   ))
[rank0]:   args[4]: TensorBox(StorageBox(
[rank0]:     DonatedBuffer(name='getitem_1', layout=FixedLayout('cuda:0', torch.float32, size=[8, 24, 1024], stride=[24576, 1024, 1]))
[rank0]:   ))
[rank0]:   args[5]: TensorBox(StorageBox(
[rank0]:     InputBuffer(name='tangents_1', layout=FixedLayout('cuda:0', torch.bfloat16, size=[8, 24, 1024, 32], stride=[786432, 32768, 32, 1]))
[rank0]:   ))
[rank0]:   args[6]: TensorBox(StorageBox(
[rank0]:     Pointwise(
[rank0]:       'cuda',
[rank0]:       torch.float32,
[rank0]:       def inner_fn(index):
[rank0]:           i0, i1, i2 = index
[rank0]:           tmp0 = ops.constant(0, torch.float32)
[rank0]:           return tmp0
[rank0]:       ,
[rank0]:       ranges=[8, 24, 1024],
[rank0]:       origin_node=full_default,
[rank0]:       origins=OrderedSet([full_default])
[rank0]:     )
[rank0]:   ))
[rank0]:   args[7]: Subgraph(name='fw_graph0', graph_module=<lambda>(), graph=None)
[rank0]:   args[8]: Subgraph(name='joint_graph0', graph_module=<lambda>(), graph=None)
[rank0]:   args[9]: (1024, 1024, TensorBox(StorageBox(
[rank0]:     InputBuffer(name='primals_5', layout=FixedLayout('cuda:0', torch.int32, size=[8, 24, 8], stride=[192, 8, 1]))
[rank0]:   )), TensorBox(StorageBox(
[rank0]:     InputBuffer(name='primals_4', layout=FixedLayout('cuda:0', torch.int32, size=[8, 24, 8, 8], stride=[1536, 64, 8, 1]))
[rank0]:   )), TensorBox(StorageBox(
[rank0]:     InputBuffer(name='primals_8', layout=FixedLayout('cuda:0', torch.int32, size=[8, 24, 8], stride=[192, 8, 1]))
[rank0]:   )), TensorBox(StorageBox(
[rank0]:     InputBuffer(name='primals_9', layout=FixedLayout('cuda:0', torch.int32, size=[8, 24, 8, 8], stride=[1536, 64, 8, 1]))
[rank0]:   )), TensorBox(StorageBox(
[rank0]:     InputBuffer(name='primals_10', layout=FixedLayout('cuda:0', torch.int32, size=[8, 24, 8], stride=[192, 8, 1]))
[rank0]:   )), TensorBox(StorageBox(
[rank0]:     InputBuffer(name='primals_11', layout=FixedLayout('cuda:0', torch.int32, size=[8, 24, 8, 8], stride=[1536, 64, 8, 1]))
[rank0]:   )), TensorBox(StorageBox(
[rank0]:     InputBuffer(name='primals_12', layout=FixedLayout('cuda:0', torch.int32, size=[8, 24, 8], stride=[192, 8, 1]))
[rank0]:   )), TensorBox(StorageBox(
[rank0]:     InputBuffer(name='primals_13', layout=FixedLayout('cuda:0', torch.int32, size=[8, 24, 8, 8], stride=[1536, 64, 8, 1]))
[rank0]:   )), 128, 128, Subgraph(name='mask_graph0', graph_module=<lambda>(), graph=None))
[rank0]:   args[10]: 0.17677669529663687
[rank0]:   args[11]: {'PRESCALE_QK': False, 'ROWS_GUARANTEED_SAFE': False, 'BLOCKS_ARE_CONTIGUOUS': False, 'WRITE_DQ': True, 'OUTPUT_LOGSUMEXP': True}
[rank0]:   args[12]: (TensorBox(StorageBox(
[rank0]:     InputBuffer(name='primals_6', layout=FixedLayout('cuda:0', torch.bfloat16, size=[], stride=[]))
[rank0]:   )), TensorBox(StorageBox(
[rank0]:     InputBuffer(name='primals_7', layout=FixedLayout('cuda:0', torch.bfloat16, size=[], stride=[]))
[rank0]:   )))
[rank0]:   args[13]: ()
[rank6]: Traceback (most recent call last):
[rank6]:   File "/work/m24047/m24047brmn/nemo/OpenLLM-BPI-Training/training/train/test/train_ssa_fa.py", line 326, in <module>
[rank6]:     main()
[rank6]:   File "/work/m24047/m24047brmn/nemo/OpenLLM-BPI-Training/training/train/test/train_ssa_fa.py", line 321, in main
[rank6]:     recipe_obj()
[rank6]:   File "/opt/NeMo/nemo/collections/llm/api.py", line 171, in pretrain
[rank6]:     return train(
[rank6]:            ^^^^^^
[rank6]:   File "/opt/NeMo/nemo/collections/llm/api.py", line 127, in train
[rank6]:     trainer.fit(model, data)
[rank6]:   File "/usr/local/lib/python3.12/dist-packages/lightning/pytorch/trainer/trainer.py", line 538, in fit
[rank6]:     call._call_and_handle_interrupt(
[rank6]:   File "/usr/local/lib/python3.12/dist-packages/lightning/pytorch/trainer/call.py", line 46, in _call_and_handle_interrupt
[rank6]:     return trainer.strategy.launcher.launch(trainer_fn, *args, trainer=trainer, **kwargs)
[rank6]:            ^^^^^^^^^^^^^^^^^^^^^^^^^^^^^^^^^^^^^^^^^^^^^^^^^^^^^^^^^^^^^^^^^^^^^^^^^^^^^^
[rank6]:   File "/usr/local/lib/python3.12/dist-packages/lightning/pytorch/strategies/launchers/subprocess_script.py", line 105, in launch
[rank6]:     return function(*args, **kwargs)
[rank6]:            ^^^^^^^^^^^^^^^^^^^^^^^^^
[rank6]:   File "/usr/local/lib/python3.12/dist-packages/lightning/pytorch/trainer/trainer.py", line 574, in _fit_impl
[rank6]:     self._run(model, ckpt_path=ckpt_path)
[rank6]:   File "/usr/local/lib/python3.12/dist-packages/lightning/pytorch/trainer/trainer.py", line 981, in _run
[rank6]:     results = self._run_stage()
[rank6]:               ^^^^^^^^^^^^^^^^^
[rank6]:   File "/usr/local/lib/python3.12/dist-packages/lightning/pytorch/trainer/trainer.py", line 1025, in _run_stage
[rank6]:     self.fit_loop.run()
[rank6]:   File "/usr/local/lib/python3.12/dist-packages/lightning/pytorch/loops/fit_loop.py", line 205, in run
[rank6]:     self.advance()
[rank6]:   File "/usr/local/lib/python3.12/dist-packages/lightning/pytorch/loops/fit_loop.py", line 363, in advance
[rank6]:     self.epoch_loop.run(self._data_fetcher)
[rank6]:   File "/usr/local/lib/python3.12/dist-packages/lightning/pytorch/loops/training_epoch_loop.py", line 140, in run
[rank6]:     self.advance(data_fetcher)
[rank6]:   File "/opt/NeMo/nemo/lightning/pytorch/trainer.py", line 47, in advance
[rank6]:     super().advance(data_fetcher)
[rank6]:   File "/usr/local/lib/python3.12/dist-packages/lightning/pytorch/loops/training_epoch_loop.py", line 250, in advance
[rank6]:     batch_output = self.automatic_optimization.run(trainer.optimizers[0], batch_idx, kwargs)
[rank6]:                    ^^^^^^^^^^^^^^^^^^^^^^^^^^^^^^^^^^^^^^^^^^^^^^^^^^^^^^^^^^^^^^^^^^^^^^^^^
[rank6]:   File "/usr/local/lib/python3.12/dist-packages/lightning/pytorch/loops/optimization/automatic.py", line 190, in run
[rank6]:     self._optimizer_step(batch_idx, closure)
[rank6]:   File "/usr/local/lib/python3.12/dist-packages/lightning/pytorch/loops/optimization/automatic.py", line 268, in _optimizer_step
[rank6]:     call._call_lightning_module_hook(
[rank6]:   File "/usr/local/lib/python3.12/dist-packages/lightning/pytorch/trainer/call.py", line 167, in _call_lightning_module_hook
[rank6]:     output = fn(*args, **kwargs)
[rank6]:              ^^^^^^^^^^^^^^^^^^^
[rank6]:   File "/usr/local/lib/python3.12/dist-packages/lightning/pytorch/core/module.py", line 1306, in optimizer_step
[rank6]:     optimizer.step(closure=optimizer_closure)
[rank6]:   File "/usr/local/lib/python3.12/dist-packages/lightning/pytorch/core/optimizer.py", line 153, in step
[rank6]:     step_output = self._strategy.optimizer_step(self._optimizer, closure, **kwargs)
[rank6]:                   ^^^^^^^^^^^^^^^^^^^^^^^^^^^^^^^^^^^^^^^^^^^^^^^^^^^^^^^^^^^^^^^^^
[rank6]:   File "/opt/NeMo/nemo/lightning/pytorch/strategies/megatron_strategy.py", line 761, in optimizer_step
[rank6]:     optimizer_output = super().optimizer_step(optimizer, closure, model, **kwargs)
[rank6]:                        ^^^^^^^^^^^^^^^^^^^^^^^^^^^^^^^^^^^^^^^^^^^^^^^^^^^^^^^^^^^
[rank6]:   File "/usr/local/lib/python3.12/dist-packages/lightning/pytorch/strategies/ddp.py", line 270, in optimizer_step
[rank6]:     optimizer_output = super().optimizer_step(optimizer, closure, model, **kwargs)
[rank6]:                        ^^^^^^^^^^^^^^^^^^^^^^^^^^^^^^^^^^^^^^^^^^^^^^^^^^^^^^^^^^^
[rank6]:   File "/usr/local/lib/python3.12/dist-packages/lightning/pytorch/strategies/strategy.py", line 238, in optimizer_step
[rank6]:     return self.precision_plugin.optimizer_step(optimizer, model=model, closure=closure, **kwargs)
[rank6]:            ^^^^^^^^^^^^^^^^^^^^^^^^^^^^^^^^^^^^^^^^^^^^^^^^^^^^^^^^^^^^^^^^^^^^^^^^^^^^^^^^^^^^^^^
[rank6]:   File "/usr/local/lib/python3.12/dist-packages/lightning/pytorch/plugins/precision/precision.py", line 122, in optimizer_step
[rank6]:     return optimizer.step(closure=closure, **kwargs)
[rank6]:            ^^^^^^^^^^^^^^^^^^^^^^^^^^^^^^^^^^^^^^^^^
[rank6]:   File "/usr/local/lib/python3.12/dist-packages/torch/optim/lr_scheduler.py", line 137, in wrapper
[rank6]:     return func.__get__(opt, opt.__class__)(*args, **kwargs)
[rank6]:            ^^^^^^^^^^^^^^^^^^^^^^^^^^^^^^^^^^^^^^^^^^^^^^^^^
[rank6]:   File "/opt/NeMo/nemo/core/optim/mcore_optim.py", line 129, in step
[rank6]:     loss = closure()
[rank6]:            ^^^^^^^^^
[rank6]:   File "/usr/local/lib/python3.12/dist-packages/lightning/pytorch/plugins/precision/precision.py", line 108, in _wrap_closure
[rank6]:     closure_result = closure()
[rank6]:                      ^^^^^^^^^
[rank6]:   File "/usr/local/lib/python3.12/dist-packages/lightning/pytorch/loops/optimization/automatic.py", line 144, in __call__
[rank6]:     self._result = self.closure(*args, **kwargs)
[rank6]:                    ^^^^^^^^^^^^^^^^^^^^^^^^^^^^^
[rank6]:   File "/usr/local/lib/python3.12/dist-packages/torch/utils/_contextlib.py", line 116, in decorate_context
[rank6]:     return func(*args, **kwargs)
[rank6]:            ^^^^^^^^^^^^^^^^^^^^^
[rank6]:   File "/usr/local/lib/python3.12/dist-packages/lightning/pytorch/loops/optimization/automatic.py", line 129, in closure
[rank6]:     step_output = self._step_fn()
[rank6]:                   ^^^^^^^^^^^^^^^
[rank6]:   File "/usr/local/lib/python3.12/dist-packages/lightning/pytorch/loops/optimization/automatic.py", line 317, in _training_step
[rank6]:     training_step_output = call._call_strategy_hook(trainer, "training_step", *kwargs.values())
[rank6]:                            ^^^^^^^^^^^^^^^^^^^^^^^^^^^^^^^^^^^^^^^^^^^^^^^^^^^^^^^^^^^^^^^^^^^^
[rank6]:   File "/usr/local/lib/python3.12/dist-packages/lightning/pytorch/trainer/call.py", line 319, in _call_strategy_hook
[rank6]:     output = fn(*args, **kwargs)
[rank6]:              ^^^^^^^^^^^^^^^^^^^
[rank6]:   File "/opt/NeMo/nemo/lightning/pytorch/strategies/megatron_strategy.py", line 695, in training_step
[rank6]:     out = self.model.training_step(dataloader_iter, *args, **kwargs)
[rank6]:           ^^^^^^^^^^^^^^^^^^^^^^^^^^^^^^^^^^^^^^^^^^^^^^^^^^^^^^^^^^
[rank6]:   File "/opt/NeMo/nemo/lightning/megatron_parallel.py", line 389, in training_step
[rank6]:     return self._step(
[rank6]:            ^^^^^^^^^^^
[rank6]:   File "/opt/NeMo/nemo/lightning/megatron_parallel.py", line 501, in _step
[rank6]:     return self.forward(
[rank6]:            ^^^^^^^^^^^^^
[rank6]:   File "/opt/NeMo/nemo/lightning/megatron_parallel.py", line 351, in forward
[rank6]:     microbatch_outputs = step()
[rank6]:                          ^^^^^^
[rank6]:   File "/opt/NeMo/nemo/lightning/megatron_parallel.py", line 1287, in __call__
[rank6]:     return self.forward_backward_func(
[rank6]:            ^^^^^^^^^^^^^^^^^^^^^^^^^^^
[rank6]:   File "/opt/megatron-lm/megatron/core/pipeline_parallel/schedules.py", line 494, in forward_backward_no_pipelining
[rank6]:     backward_step(input_tensor, output_tensor, output_tensor_grad, model_type, config)
[rank6]:   File "/opt/megatron-lm/megatron/core/pipeline_parallel/schedules.py", line 393, in backward_step
[rank6]:     custom_backward(output_tensor[0], output_tensor_grad[0])
[rank6]:   File "/opt/megatron-lm/megatron/core/pipeline_parallel/schedules.py", line 151, in custom_backward
[rank6]:     Variable._execution_engine.run_backward(
[rank6]:   File "/usr/local/lib/python3.12/dist-packages/torch/autograd/function.py", line 307, in apply
[rank6]:     return user_fn(self, *args)
[rank6]:            ^^^^^^^^^^^^^^^^^^^^
[rank6]:   File "/usr/local/lib/python3.12/dist-packages/torch/_functorch/_aot_autograd/runtime_wrappers.py", line 1983, in backward
[rank6]:     return impl_fn()
[rank6]:            ^^^^^^^^^
[rank6]:   File "/usr/local/lib/python3.12/dist-packages/torch/_functorch/_aot_autograd/runtime_wrappers.py", line 1969, in impl_fn
[rank6]:     out = CompiledFunction._backward_impl(ctx, all_args)
[rank6]:           ^^^^^^^^^^^^^^^^^^^^^^^^^^^^^^^^^^^^^^^^^^^^^^
[rank6]:   File "/usr/local/lib/python3.12/dist-packages/torch/_functorch/_aot_autograd/runtime_wrappers.py", line 2062, in _backward_impl
[rank6]:     CompiledFunction.compiled_bw = aot_config.bw_compiler(
[rank6]:                                    ^^^^^^^^^^^^^^^^^^^^^^^
[rank6]:   File "/usr/local/lib/python3.12/dist-packages/torch/_functorch/aot_autograd.py", line 479, in __call__
[rank6]:     return self.compiler_fn(gm, example_inputs)
[rank6]:            ^^^^^^^^^^^^^^^^^^^^^^^^^^^^^^^^^^^^
[rank6]:   File "/usr/local/lib/python3.12/dist-packages/torch/_dynamo/backends/common.py", line 54, in _wrapped_bw_compiler
[rank6]:     return disable(disable(bw_compiler_fn)(*args, **kwargs))
[rank6]:                    ^^^^^^^^^^^^^^^^^^^^^^^^^^^^^^^^^^^^^^^^
[rank6]:   File "/usr/local/lib/python3.12/dist-packages/torch/_dynamo/eval_frame.py", line 749, in _fn
[rank6]:     return fn(*args, **kwargs)
[rank6]:            ^^^^^^^^^^^^^^^^^^^
[rank6]:   File "/usr/local/lib/python3.12/dist-packages/torch/_utils_internal.py", line 95, in wrapper_function
[rank6]:     return function(*args, **kwargs)
[rank6]:            ^^^^^^^^^^^^^^^^^^^^^^^^^
[rank6]:   File "/usr/local/lib/python3.12/dist-packages/torch/_inductor/compile_fx.py", line 2107, in bw_compiler
[rank6]:     return inner_compile(
[rank6]:            ^^^^^^^^^^^^^^
[rank6]:   File "/usr/lib/python3.12/contextlib.py", line 81, in inner
[rank6]:     return func(*args, **kwds)
[rank6]:            ^^^^^^^^^^^^^^^^^^^
[rank6]:   File "/usr/local/lib/python3.12/dist-packages/torch/_inductor/compile_fx.py", line 623, in compile_fx_inner
[rank6]:     return wrap_compiler_debug(_compile_fx_inner, compiler_name="inductor")(
[rank6]:            ^^^^^^^^^^^^^^^^^^^^^^^^^^^^^^^^^^^^^^^^^^^^^^^^^^^^^^^^^^^^^^^^^
[rank6]:   File "/usr/local/lib/python3.12/dist-packages/torch/_dynamo/repro/after_aot.py", line 104, in debug_wrapper
[rank6]:     inner_compiled_fn = compiler_fn(gm, example_inputs)
[rank6]:                         ^^^^^^^^^^^^^^^^^^^^^^^^^^^^^^^
[rank6]:   File "/usr/local/lib/python3.12/dist-packages/torch/_inductor/compile_fx.py", line 727, in _compile_fx_inner
[rank6]:     mb_compiled_graph = fx_codegen_and_compile(
[rank6]:                         ^^^^^^^^^^^^^^^^^^^^^^^
[rank6]:   File "/usr/local/lib/python3.12/dist-packages/torch/_inductor/compile_fx.py", line 1402, in fx_codegen_and_compile
[rank6]:     return scheme.codegen_and_compile(gm, example_inputs, inputs_to_check, graph_kwargs)
[rank6]:            ^^^^^^^^^^^^^^^^^^^^^^^^^^^^^^^^^^^^^^^^^^^^^^^^^^^^^^^^^^^^^^^^^^^^^^^^^^^^^
[rank6]:   File "/usr/local/lib/python3.12/dist-packages/torch/_inductor/compile_fx.py", line 1057, in codegen_and_compile
[rank6]:     graph.run(*example_inputs)
[rank6]:   File "/usr/local/lib/python3.12/dist-packages/torch/_inductor/graph.py", line 851, in run
[rank6]:     return super().run(*args)
[rank6]:            ^^^^^^^^^^^^^^^^^^
[rank6]:   File "/usr/local/lib/python3.12/dist-packages/torch/fx/interpreter.py", line 171, in run
[rank6]:     self.env[node] = self.run_node(node)
[rank6]:                      ^^^^^^^^^^^^^^^^^^^
[rank6]:   File "/usr/local/lib/python3.12/dist-packages/torch/_inductor/graph.py", line 1436, in run_node
[rank6]:     result = super().run_node(n)
[rank6]:              ^^^^^^^^^^^^^^^^^^^
[rank6]:   File "/usr/local/lib/python3.12/dist-packages/torch/fx/interpreter.py", line 236, in run_node
[rank6]:     return getattr(self, n.op)(n.target, args, kwargs)
[rank6]:            ^^^^^^^^^^^^^^^^^^^^^^^^^^^^^^^^^^^^^^^^^^^
[rank6]:   File "/usr/local/lib/python3.12/dist-packages/torch/_inductor/graph.py", line 1139, in call_function
[rank6]:     raise LoweringException(e, target, args, kwargs).with_traceback(
[rank6]:   File "/usr/local/lib/python3.12/dist-packages/torch/_inductor/graph.py", line 1129, in call_function
[rank6]:     out = lowerings[target](*args, **kwargs)  # type: ignore[index]
[rank6]:           ^^^^^^^^^^^^^^^^^^^^^^^^^^^^^^^^^^
[rank6]:   File "/usr/local/lib/python3.12/dist-packages/torch/_inductor/lowering.py", line 455, in wrapped
[rank6]:     out = decomp_fn(*args, **kwargs)
[rank6]:           ^^^^^^^^^^^^^^^^^^^^^^^^^^
[rank6]:   File "/usr/local/lib/python3.12/dist-packages/torch/_inductor/kernel/flex_attention.py", line 2301, in flex_attention_backward
[rank6]:     joint_outputs = process_joint_outputs(
[rank6]:                     ^^^^^^^^^^^^^^^^^^^^^^
[rank6]:   File "/usr/local/lib/python3.12/dist-packages/torch/_inductor/kernel/flex_attention.py", line 2171, in process_joint_outputs
[rank6]:     grads_out = [get_out(x) for x in other_grads]
[rank6]:                  ^^^^^^^^^^
[rank6]:   File "/usr/local/lib/python3.12/dist-packages/torch/_inductor/kernel/flex_attention.py", line 2168, in get_out
[rank6]:     assert buf.name is not None
[rank6]:            ^^^^^^^^^^^^^^^^^^^^
[rank6]: torch._inductor.exc.LoweringException: AssertionError: 
[rank6]:   target: flex_attention_backward
[rank6]:   args[0]: TensorBox(StorageBox(
[rank6]:     InputBuffer(name='primals_1', layout=FixedLayout('cuda:0', torch.bfloat16, size=[8, 24, 1024, 32], stride=[786432, 32768, 32, 1]))
[rank6]:   ))
[rank6]:   args[1]: TensorBox(StorageBox(
[rank6]:     InputBuffer(name='primals_2', layout=FixedLayout('cuda:0', torch.bfloat16, size=[8, 8, 1024, 32], stride=[262144, 32768, 32, 1]))
[rank6]:   ))
[rank6]:   args[2]: TensorBox(StorageBox(
[rank6]:     InputBuffer(name='primals_3', layout=FixedLayout('cuda:0', torch.bfloat16, size=[8, 8, 1024, 32], stride=[262144, 32768, 32, 1]))
[rank6]:   ))
[rank6]:   args[3]: TensorBox(StorageBox(
[rank6]:     InputBuffer(name='getitem', layout=FixedLayout('cuda:0', torch.bfloat16, size=[8, 24, 1024, 32], stride=[786432, 32768, 32, 1]))
[rank6]:   ))
[rank6]:   args[4]: TensorBox(StorageBox(
[rank6]:     DonatedBuffer(name='getitem_1', layout=FixedLayout('cuda:0', torch.float32, size=[8, 24, 1024], stride=[24576, 1024, 1]))
[rank6]:   ))
[rank6]:   args[5]: TensorBox(StorageBox(
[rank6]:     InputBuffer(name='tangents_1', layout=FixedLayout('cuda:0', torch.bfloat16, size=[8, 24, 1024, 32], stride=[786432, 32768, 32, 1]))
[rank6]:   ))
[rank6]:   args[6]: TensorBox(StorageBox(
[rank6]:     Pointwise(
[rank6]:       'cuda',
[rank6]:       torch.float32,
[rank6]:       def inner_fn(index):
[rank6]:           i0, i1, i2 = index
[rank6]:           tmp0 = ops.constant(0, torch.float32)
[rank6]:           return tmp0
[rank6]:       ,
[rank6]:       ranges=[8, 24, 1024],
[rank6]:       origin_node=full_default,
[rank6]:       origins=OrderedSet([full_default])
[rank6]:     )
[rank6]:   ))
[rank6]:   args[7]: Subgraph(name='fw_graph0', graph_module=<lambda>(), graph=None)
[rank6]:   args[8]: Subgraph(name='joint_graph0', graph_module=<lambda>(), graph=None)
[rank6]:   args[9]: (1024, 1024, TensorBox(StorageBox(
[rank6]:     InputBuffer(name='primals_5', layout=FixedLayout('cuda:0', torch.int32, size=[8, 24, 8], stride=[192, 8, 1]))
[rank6]:   )), TensorBox(StorageBox(
[rank6]:     InputBuffer(name='primals_4', layout=FixedLayout('cuda:0', torch.int32, size=[8, 24, 8, 8], stride=[1536, 64, 8, 1]))
[rank6]:   )), TensorBox(StorageBox(
[rank6]:     InputBuffer(name='primals_8', layout=FixedLayout('cuda:0', torch.int32, size=[8, 24, 8], stride=[192, 8, 1]))
[rank6]:   )), TensorBox(StorageBox(
[rank6]:     InputBuffer(name='primals_9', layout=FixedLayout('cuda:0', torch.int32, size=[8, 24, 8, 8], stride=[1536, 64, 8, 1]))
[rank6]:   )), TensorBox(StorageBox(
[rank6]:     InputBuffer(name='primals_10', layout=FixedLayout('cuda:0', torch.int32, size=[8, 24, 8], stride=[192, 8, 1]))
[rank6]:   )), TensorBox(StorageBox(
[rank6]:     InputBuffer(name='primals_11', layout=FixedLayout('cuda:0', torch.int32, size=[8, 24, 8, 8], stride=[1536, 64, 8, 1]))
[rank6]:   )), TensorBox(StorageBox(
[rank6]:     InputBuffer(name='primals_12', layout=FixedLayout('cuda:0', torch.int32, size=[8, 24, 8], stride=[192, 8, 1]))
[rank6]:   )), TensorBox(StorageBox(
[rank6]:     InputBuffer(name='primals_13', layout=FixedLayout('cuda:0', torch.int32, size=[8, 24, 8, 8], stride=[1536, 64, 8, 1]))
[rank6]:   )), 128, 128, Subgraph(name='mask_graph0', graph_module=<lambda>(), graph=None))
[rank6]:   args[10]: 0.17677669529663687
[rank6]:   args[11]: {'PRESCALE_QK': False, 'ROWS_GUARANTEED_SAFE': False, 'BLOCKS_ARE_CONTIGUOUS': False, 'WRITE_DQ': True, 'OUTPUT_LOGSUMEXP': True}
[rank6]:   args[12]: (TensorBox(StorageBox(
[rank6]:     InputBuffer(name='primals_6', layout=FixedLayout('cuda:0', torch.bfloat16, size=[], stride=[]))
[rank6]:   )), TensorBox(StorageBox(
[rank6]:     InputBuffer(name='primals_7', layout=FixedLayout('cuda:0', torch.bfloat16, size=[], stride=[]))
[rank6]:   )))
[rank6]:   args[13]: ()
[rank7]: Traceback (most recent call last):
[rank7]:   File "/work/m24047/m24047brmn/nemo/OpenLLM-BPI-Training/training/train/test/train_ssa_fa.py", line 326, in <module>
[rank7]:     main()
[rank7]:   File "/work/m24047/m24047brmn/nemo/OpenLLM-BPI-Training/training/train/test/train_ssa_fa.py", line 321, in main
[rank7]:     recipe_obj()
[rank7]:   File "/opt/NeMo/nemo/collections/llm/api.py", line 171, in pretrain
[rank7]:     return train(
[rank7]:            ^^^^^^
[rank7]:   File "/opt/NeMo/nemo/collections/llm/api.py", line 127, in train
[rank7]:     trainer.fit(model, data)
[rank7]:   File "/usr/local/lib/python3.12/dist-packages/lightning/pytorch/trainer/trainer.py", line 538, in fit
[rank7]:     call._call_and_handle_interrupt(
[rank7]:   File "/usr/local/lib/python3.12/dist-packages/lightning/pytorch/trainer/call.py", line 46, in _call_and_handle_interrupt
[rank7]:     return trainer.strategy.launcher.launch(trainer_fn, *args, trainer=trainer, **kwargs)
[rank7]:            ^^^^^^^^^^^^^^^^^^^^^^^^^^^^^^^^^^^^^^^^^^^^^^^^^^^^^^^^^^^^^^^^^^^^^^^^^^^^^^
[rank7]:   File "/usr/local/lib/python3.12/dist-packages/lightning/pytorch/strategies/launchers/subprocess_script.py", line 105, in launch
[rank7]:     return function(*args, **kwargs)
[rank7]:            ^^^^^^^^^^^^^^^^^^^^^^^^^
[rank7]:   File "/usr/local/lib/python3.12/dist-packages/lightning/pytorch/trainer/trainer.py", line 574, in _fit_impl
[rank7]:     self._run(model, ckpt_path=ckpt_path)
[rank7]:   File "/usr/local/lib/python3.12/dist-packages/lightning/pytorch/trainer/trainer.py", line 981, in _run
[rank7]:     results = self._run_stage()
[rank7]:               ^^^^^^^^^^^^^^^^^
[rank7]:   File "/usr/local/lib/python3.12/dist-packages/lightning/pytorch/trainer/trainer.py", line 1025, in _run_stage
[rank7]:     self.fit_loop.run()
[rank7]:   File "/usr/local/lib/python3.12/dist-packages/lightning/pytorch/loops/fit_loop.py", line 205, in run
[rank7]:     self.advance()
[rank7]:   File "/usr/local/lib/python3.12/dist-packages/lightning/pytorch/loops/fit_loop.py", line 363, in advance
[rank7]:     self.epoch_loop.run(self._data_fetcher)
[rank7]:   File "/usr/local/lib/python3.12/dist-packages/lightning/pytorch/loops/training_epoch_loop.py", line 140, in run
[rank7]:     self.advance(data_fetcher)
[rank7]:   File "/opt/NeMo/nemo/lightning/pytorch/trainer.py", line 47, in advance
[rank7]:     super().advance(data_fetcher)
[rank7]:   File "/usr/local/lib/python3.12/dist-packages/lightning/pytorch/loops/training_epoch_loop.py", line 250, in advance
[rank7]:     batch_output = self.automatic_optimization.run(trainer.optimizers[0], batch_idx, kwargs)
[rank7]:                    ^^^^^^^^^^^^^^^^^^^^^^^^^^^^^^^^^^^^^^^^^^^^^^^^^^^^^^^^^^^^^^^^^^^^^^^^^
[rank7]:   File "/usr/local/lib/python3.12/dist-packages/lightning/pytorch/loops/optimization/automatic.py", line 190, in run
[rank7]:     self._optimizer_step(batch_idx, closure)
[rank7]:   File "/usr/local/lib/python3.12/dist-packages/lightning/pytorch/loops/optimization/automatic.py", line 268, in _optimizer_step
[rank7]:     call._call_lightning_module_hook(
[rank7]:   File "/usr/local/lib/python3.12/dist-packages/lightning/pytorch/trainer/call.py", line 167, in _call_lightning_module_hook
[rank7]:     output = fn(*args, **kwargs)
[rank7]:              ^^^^^^^^^^^^^^^^^^^
[rank7]:   File "/usr/local/lib/python3.12/dist-packages/lightning/pytorch/core/module.py", line 1306, in optimizer_step
[rank7]:     optimizer.step(closure=optimizer_closure)
[rank7]:   File "/usr/local/lib/python3.12/dist-packages/lightning/pytorch/core/optimizer.py", line 153, in step
[rank7]:     step_output = self._strategy.optimizer_step(self._optimizer, closure, **kwargs)
[rank7]:                   ^^^^^^^^^^^^^^^^^^^^^^^^^^^^^^^^^^^^^^^^^^^^^^^^^^^^^^^^^^^^^^^^^
[rank7]:   File "/opt/NeMo/nemo/lightning/pytorch/strategies/megatron_strategy.py", line 761, in optimizer_step
[rank7]:     optimizer_output = super().optimizer_step(optimizer, closure, model, **kwargs)
[rank7]:                        ^^^^^^^^^^^^^^^^^^^^^^^^^^^^^^^^^^^^^^^^^^^^^^^^^^^^^^^^^^^
[rank7]:   File "/usr/local/lib/python3.12/dist-packages/lightning/pytorch/strategies/ddp.py", line 270, in optimizer_step
[rank7]:     optimizer_output = super().optimizer_step(optimizer, closure, model, **kwargs)
[rank7]:                        ^^^^^^^^^^^^^^^^^^^^^^^^^^^^^^^^^^^^^^^^^^^^^^^^^^^^^^^^^^^
[rank7]:   File "/usr/local/lib/python3.12/dist-packages/lightning/pytorch/strategies/strategy.py", line 238, in optimizer_step
[rank7]:     return self.precision_plugin.optimizer_step(optimizer, model=model, closure=closure, **kwargs)
[rank7]:            ^^^^^^^^^^^^^^^^^^^^^^^^^^^^^^^^^^^^^^^^^^^^^^^^^^^^^^^^^^^^^^^^^^^^^^^^^^^^^^^^^^^^^^^
[rank7]:   File "/usr/local/lib/python3.12/dist-packages/lightning/pytorch/plugins/precision/precision.py", line 122, in optimizer_step
[rank7]:     return optimizer.step(closure=closure, **kwargs)
[rank7]:            ^^^^^^^^^^^^^^^^^^^^^^^^^^^^^^^^^^^^^^^^^
[rank7]:   File "/usr/local/lib/python3.12/dist-packages/torch/optim/lr_scheduler.py", line 137, in wrapper
[rank7]:     return func.__get__(opt, opt.__class__)(*args, **kwargs)
[rank7]:            ^^^^^^^^^^^^^^^^^^^^^^^^^^^^^^^^^^^^^^^^^^^^^^^^^
[rank7]:   File "/opt/NeMo/nemo/core/optim/mcore_optim.py", line 129, in step
[rank7]:     loss = closure()
[rank7]:            ^^^^^^^^^
[rank7]:   File "/usr/local/lib/python3.12/dist-packages/lightning/pytorch/plugins/precision/precision.py", line 108, in _wrap_closure
[rank7]:     closure_result = closure()
[rank7]:                      ^^^^^^^^^
[rank7]:   File "/usr/local/lib/python3.12/dist-packages/lightning/pytorch/loops/optimization/automatic.py", line 144, in __call__
[rank7]:     self._result = self.closure(*args, **kwargs)
[rank7]:                    ^^^^^^^^^^^^^^^^^^^^^^^^^^^^^
[rank7]:   File "/usr/local/lib/python3.12/dist-packages/torch/utils/_contextlib.py", line 116, in decorate_context
[rank7]:     return func(*args, **kwargs)
[rank7]:            ^^^^^^^^^^^^^^^^^^^^^
[rank7]:   File "/usr/local/lib/python3.12/dist-packages/lightning/pytorch/loops/optimization/automatic.py", line 129, in closure
[rank7]:     step_output = self._step_fn()
[rank7]:                   ^^^^^^^^^^^^^^^
[rank7]:   File "/usr/local/lib/python3.12/dist-packages/lightning/pytorch/loops/optimization/automatic.py", line 317, in _training_step
[rank7]:     training_step_output = call._call_strategy_hook(trainer, "training_step", *kwargs.values())
[rank7]:                            ^^^^^^^^^^^^^^^^^^^^^^^^^^^^^^^^^^^^^^^^^^^^^^^^^^^^^^^^^^^^^^^^^^^^
[rank7]:   File "/usr/local/lib/python3.12/dist-packages/lightning/pytorch/trainer/call.py", line 319, in _call_strategy_hook
[rank7]:     output = fn(*args, **kwargs)
[rank7]:              ^^^^^^^^^^^^^^^^^^^
[rank7]:   File "/opt/NeMo/nemo/lightning/pytorch/strategies/megatron_strategy.py", line 695, in training_step
[rank7]:     out = self.model.training_step(dataloader_iter, *args, **kwargs)
[rank7]:           ^^^^^^^^^^^^^^^^^^^^^^^^^^^^^^^^^^^^^^^^^^^^^^^^^^^^^^^^^^
[rank7]:   File "/opt/NeMo/nemo/lightning/megatron_parallel.py", line 389, in training_step
[rank7]:     return self._step(
[rank7]:            ^^^^^^^^^^^
[rank7]:   File "/opt/NeMo/nemo/lightning/megatron_parallel.py", line 501, in _step
[rank7]:     return self.forward(
[rank7]:            ^^^^^^^^^^^^^
[rank7]:   File "/opt/NeMo/nemo/lightning/megatron_parallel.py", line 351, in forward
[rank7]:     microbatch_outputs = step()
[rank7]:                          ^^^^^^
[rank7]:   File "/opt/NeMo/nemo/lightning/megatron_parallel.py", line 1287, in __call__
[rank7]:     return self.forward_backward_func(
[rank7]:            ^^^^^^^^^^^^^^^^^^^^^^^^^^^
[rank7]:   File "/opt/megatron-lm/megatron/core/pipeline_parallel/schedules.py", line 494, in forward_backward_no_pipelining
[rank7]:     backward_step(input_tensor, output_tensor, output_tensor_grad, model_type, config)
[rank7]:   File "/opt/megatron-lm/megatron/core/pipeline_parallel/schedules.py", line 393, in backward_step
[rank7]:     custom_backward(output_tensor[0], output_tensor_grad[0])
[rank7]:   File "/opt/megatron-lm/megatron/core/pipeline_parallel/schedules.py", line 151, in custom_backward
[rank7]:     Variable._execution_engine.run_backward(
[rank7]:   File "/usr/local/lib/python3.12/dist-packages/torch/autograd/function.py", line 307, in apply
[rank7]:     return user_fn(self, *args)
[rank7]:            ^^^^^^^^^^^^^^^^^^^^
[rank7]:   File "/usr/local/lib/python3.12/dist-packages/torch/_functorch/_aot_autograd/runtime_wrappers.py", line 1983, in backward
[rank7]:     return impl_fn()
[rank7]:            ^^^^^^^^^
[rank7]:   File "/usr/local/lib/python3.12/dist-packages/torch/_functorch/_aot_autograd/runtime_wrappers.py", line 1969, in impl_fn
[rank7]:     out = CompiledFunction._backward_impl(ctx, all_args)
[rank7]:           ^^^^^^^^^^^^^^^^^^^^^^^^^^^^^^^^^^^^^^^^^^^^^^
[rank7]:   File "/usr/local/lib/python3.12/dist-packages/torch/_functorch/_aot_autograd/runtime_wrappers.py", line 2062, in _backward_impl
[rank7]:     CompiledFunction.compiled_bw = aot_config.bw_compiler(
[rank7]:                                    ^^^^^^^^^^^^^^^^^^^^^^^
[rank7]:   File "/usr/local/lib/python3.12/dist-packages/torch/_functorch/aot_autograd.py", line 479, in __call__
[rank7]:     return self.compiler_fn(gm, example_inputs)
[rank7]:            ^^^^^^^^^^^^^^^^^^^^^^^^^^^^^^^^^^^^
[rank7]:   File "/usr/local/lib/python3.12/dist-packages/torch/_dynamo/backends/common.py", line 54, in _wrapped_bw_compiler
[rank7]:     return disable(disable(bw_compiler_fn)(*args, **kwargs))
[rank7]:                    ^^^^^^^^^^^^^^^^^^^^^^^^^^^^^^^^^^^^^^^^
[rank7]:   File "/usr/local/lib/python3.12/dist-packages/torch/_dynamo/eval_frame.py", line 749, in _fn
[rank7]:     return fn(*args, **kwargs)
[rank7]:            ^^^^^^^^^^^^^^^^^^^
[rank7]:   File "/usr/local/lib/python3.12/dist-packages/torch/_utils_internal.py", line 95, in wrapper_function
[rank7]:     return function(*args, **kwargs)
[rank7]:            ^^^^^^^^^^^^^^^^^^^^^^^^^
[rank7]:   File "/usr/local/lib/python3.12/dist-packages/torch/_inductor/compile_fx.py", line 2107, in bw_compiler
[rank7]:     return inner_compile(
[rank7]:            ^^^^^^^^^^^^^^
[rank7]:   File "/usr/lib/python3.12/contextlib.py", line 81, in inner
[rank7]:     return func(*args, **kwds)
[rank7]:            ^^^^^^^^^^^^^^^^^^^
[rank7]:   File "/usr/local/lib/python3.12/dist-packages/torch/_inductor/compile_fx.py", line 623, in compile_fx_inner
[rank7]:     return wrap_compiler_debug(_compile_fx_inner, compiler_name="inductor")(
[rank7]:            ^^^^^^^^^^^^^^^^^^^^^^^^^^^^^^^^^^^^^^^^^^^^^^^^^^^^^^^^^^^^^^^^^
[rank7]:   File "/usr/local/lib/python3.12/dist-packages/torch/_dynamo/repro/after_aot.py", line 104, in debug_wrapper
[rank7]:     inner_compiled_fn = compiler_fn(gm, example_inputs)
[rank7]:                         ^^^^^^^^^^^^^^^^^^^^^^^^^^^^^^^
[rank7]:   File "/usr/local/lib/python3.12/dist-packages/torch/_inductor/compile_fx.py", line 727, in _compile_fx_inner
[rank7]:     mb_compiled_graph = fx_codegen_and_compile(
[rank7]:                         ^^^^^^^^^^^^^^^^^^^^^^^
[rank7]:   File "/usr/local/lib/python3.12/dist-packages/torch/_inductor/compile_fx.py", line 1402, in fx_codegen_and_compile
[rank7]:     return scheme.codegen_and_compile(gm, example_inputs, inputs_to_check, graph_kwargs)
[rank7]:            ^^^^^^^^^^^^^^^^^^^^^^^^^^^^^^^^^^^^^^^^^^^^^^^^^^^^^^^^^^^^^^^^^^^^^^^^^^^^^
[rank7]:   File "/usr/local/lib/python3.12/dist-packages/torch/_inductor/compile_fx.py", line 1057, in codegen_and_compile
[rank7]:     graph.run(*example_inputs)
[rank7]:   File "/usr/local/lib/python3.12/dist-packages/torch/_inductor/graph.py", line 851, in run
[rank7]:     return super().run(*args)
[rank7]:            ^^^^^^^^^^^^^^^^^^
[rank7]:   File "/usr/local/lib/python3.12/dist-packages/torch/fx/interpreter.py", line 171, in run
[rank7]:     self.env[node] = self.run_node(node)
[rank7]:                      ^^^^^^^^^^^^^^^^^^^
[rank7]:   File "/usr/local/lib/python3.12/dist-packages/torch/_inductor/graph.py", line 1436, in run_node
[rank7]:     result = super().run_node(n)
[rank7]:              ^^^^^^^^^^^^^^^^^^^
[rank7]:   File "/usr/local/lib/python3.12/dist-packages/torch/fx/interpreter.py", line 236, in run_node
[rank7]:     return getattr(self, n.op)(n.target, args, kwargs)
[rank7]:            ^^^^^^^^^^^^^^^^^^^^^^^^^^^^^^^^^^^^^^^^^^^
[rank7]:   File "/usr/local/lib/python3.12/dist-packages/torch/_inductor/graph.py", line 1139, in call_function
[rank7]:     raise LoweringException(e, target, args, kwargs).with_traceback(
[rank7]:   File "/usr/local/lib/python3.12/dist-packages/torch/_inductor/graph.py", line 1129, in call_function
[rank7]:     out = lowerings[target](*args, **kwargs)  # type: ignore[index]
[rank7]:           ^^^^^^^^^^^^^^^^^^^^^^^^^^^^^^^^^^
[rank7]:   File "/usr/local/lib/python3.12/dist-packages/torch/_inductor/lowering.py", line 455, in wrapped
[rank7]:     out = decomp_fn(*args, **kwargs)
[rank7]:           ^^^^^^^^^^^^^^^^^^^^^^^^^^
[rank7]:   File "/usr/local/lib/python3.12/dist-packages/torch/_inductor/kernel/flex_attention.py", line 2301, in flex_attention_backward
[rank7]:     joint_outputs = process_joint_outputs(
[rank7]:                     ^^^^^^^^^^^^^^^^^^^^^^
[rank7]:   File "/usr/local/lib/python3.12/dist-packages/torch/_inductor/kernel/flex_attention.py", line 2171, in process_joint_outputs
[rank7]:     grads_out = [get_out(x) for x in other_grads]
[rank7]:                  ^^^^^^^^^^
[rank7]:   File "/usr/local/lib/python3.12/dist-packages/torch/_inductor/kernel/flex_attention.py", line 2168, in get_out
[rank7]:     assert buf.name is not None
[rank7]:            ^^^^^^^^^^^^^^^^^^^^
[rank7]: torch._inductor.exc.LoweringException: AssertionError: 
[rank7]:   target: flex_attention_backward
[rank7]:   args[0]: TensorBox(StorageBox(
[rank7]:     InputBuffer(name='primals_1', layout=FixedLayout('cuda:1', torch.bfloat16, size=[8, 24, 1024, 32], stride=[786432, 32768, 32, 1]))
[rank7]:   ))
[rank7]:   args[1]: TensorBox(StorageBox(
[rank7]:     InputBuffer(name='primals_2', layout=FixedLayout('cuda:1', torch.bfloat16, size=[8, 8, 1024, 32], stride=[262144, 32768, 32, 1]))
[rank7]:   ))
[rank7]:   args[2]: TensorBox(StorageBox(
[rank7]:     InputBuffer(name='primals_3', layout=FixedLayout('cuda:1', torch.bfloat16, size=[8, 8, 1024, 32], stride=[262144, 32768, 32, 1]))
[rank7]:   ))
[rank7]:   args[3]: TensorBox(StorageBox(
[rank7]:     InputBuffer(name='getitem', layout=FixedLayout('cuda:1', torch.bfloat16, size=[8, 24, 1024, 32], stride=[786432, 32768, 32, 1]))
[rank7]:   ))
[rank7]:   args[4]: TensorBox(StorageBox(
[rank7]:     DonatedBuffer(name='getitem_1', layout=FixedLayout('cuda:1', torch.float32, size=[8, 24, 1024], stride=[24576, 1024, 1]))
[rank7]:   ))
[rank7]:   args[5]: TensorBox(StorageBox(
[rank7]:     InputBuffer(name='tangents_1', layout=FixedLayout('cuda:1', torch.bfloat16, size=[8, 24, 1024, 32], stride=[786432, 32768, 32, 1]))
[rank7]:   ))
[rank7]:   args[6]: TensorBox(StorageBox(
[rank7]:     Pointwise(
[rank7]:       'cuda',
[rank7]:       torch.float32,
[rank7]:       def inner_fn(index):
[rank7]:           i0, i1, i2 = index
[rank7]:           tmp0 = ops.constant(0, torch.float32)
[rank7]:           return tmp0
[rank7]:       ,
[rank7]:       ranges=[8, 24, 1024],
[rank7]:       origin_node=full_default,
[rank7]:       origins=OrderedSet([full_default])
[rank7]:     )
[rank7]:   ))
[rank7]:   args[7]: Subgraph(name='fw_graph0', graph_module=<lambda>(), graph=None)
[rank7]:   args[8]: Subgraph(name='joint_graph0', graph_module=<lambda>(), graph=None)
[rank7]:   args[9]: (1024, 1024, TensorBox(StorageBox(
[rank7]:     InputBuffer(name='primals_5', layout=FixedLayout('cuda:1', torch.int32, size=[8, 24, 8], stride=[192, 8, 1]))
[rank7]:   )), TensorBox(StorageBox(
[rank7]:     InputBuffer(name='primals_4', layout=FixedLayout('cuda:1', torch.int32, size=[8, 24, 8, 8], stride=[1536, 64, 8, 1]))
[rank7]:   )), TensorBox(StorageBox(
[rank7]:     InputBuffer(name='primals_8', layout=FixedLayout('cuda:1', torch.int32, size=[8, 24, 8], stride=[192, 8, 1]))
[rank7]:   )), TensorBox(StorageBox(
[rank7]:     InputBuffer(name='primals_9', layout=FixedLayout('cuda:1', torch.int32, size=[8, 24, 8, 8], stride=[1536, 64, 8, 1]))
[rank7]:   )), TensorBox(StorageBox(
[rank7]:     InputBuffer(name='primals_10', layout=FixedLayout('cuda:1', torch.int32, size=[8, 24, 8], stride=[192, 8, 1]))
[rank7]:   )), TensorBox(StorageBox(
[rank7]:     InputBuffer(name='primals_11', layout=FixedLayout('cuda:1', torch.int32, size=[8, 24, 8, 8], stride=[1536, 64, 8, 1]))
[rank7]:   )), TensorBox(StorageBox(
[rank7]:     InputBuffer(name='primals_12', layout=FixedLayout('cuda:1', torch.int32, size=[8, 24, 8], stride=[192, 8, 1]))
[rank7]:   )), TensorBox(StorageBox(
[rank7]:     InputBuffer(name='primals_13', layout=FixedLayout('cuda:1', torch.int32, size=[8, 24, 8, 8], stride=[1536, 64, 8, 1]))
[rank7]:   )), 128, 128, Subgraph(name='mask_graph0', graph_module=<lambda>(), graph=None))
[rank7]:   args[10]: 0.17677669529663687
[rank7]:   args[11]: {'PRESCALE_QK': False, 'ROWS_GUARANTEED_SAFE': False, 'BLOCKS_ARE_CONTIGUOUS': False, 'WRITE_DQ': True, 'OUTPUT_LOGSUMEXP': True}
[rank7]:   args[12]: (TensorBox(StorageBox(
[rank7]:     InputBuffer(name='primals_6', layout=FixedLayout('cuda:1', torch.bfloat16, size=[], stride=[]))
[rank7]:   )), TensorBox(StorageBox(
[rank7]:     InputBuffer(name='primals_7', layout=FixedLayout('cuda:1', torch.bfloat16, size=[], stride=[]))
[rank7]:   )))
[rank7]:   args[13]: ()
[rank8]: Traceback (most recent call last):
[rank8]:   File "/work/m24047/m24047brmn/nemo/OpenLLM-BPI-Training/training/train/test/train_ssa_fa.py", line 326, in <module>
[rank8]:     main()
[rank8]:   File "/work/m24047/m24047brmn/nemo/OpenLLM-BPI-Training/training/train/test/train_ssa_fa.py", line 321, in main
[rank8]:     recipe_obj()
[rank8]:   File "/opt/NeMo/nemo/collections/llm/api.py", line 171, in pretrain
[rank8]:     return train(
[rank8]:            ^^^^^^
[rank8]:   File "/opt/NeMo/nemo/collections/llm/api.py", line 127, in train
[rank8]:     trainer.fit(model, data)
[rank8]:   File "/usr/local/lib/python3.12/dist-packages/lightning/pytorch/trainer/trainer.py", line 538, in fit
[rank8]:     call._call_and_handle_interrupt(
[rank8]:   File "/usr/local/lib/python3.12/dist-packages/lightning/pytorch/trainer/call.py", line 46, in _call_and_handle_interrupt
[rank8]:     return trainer.strategy.launcher.launch(trainer_fn, *args, trainer=trainer, **kwargs)
[rank8]:            ^^^^^^^^^^^^^^^^^^^^^^^^^^^^^^^^^^^^^^^^^^^^^^^^^^^^^^^^^^^^^^^^^^^^^^^^^^^^^^
[rank8]:   File "/usr/local/lib/python3.12/dist-packages/lightning/pytorch/strategies/launchers/subprocess_script.py", line 105, in launch
[rank8]:     return function(*args, **kwargs)
[rank8]:            ^^^^^^^^^^^^^^^^^^^^^^^^^
[rank8]:   File "/usr/local/lib/python3.12/dist-packages/lightning/pytorch/trainer/trainer.py", line 574, in _fit_impl
[rank8]:     self._run(model, ckpt_path=ckpt_path)
[rank8]:   File "/usr/local/lib/python3.12/dist-packages/lightning/pytorch/trainer/trainer.py", line 981, in _run
[rank8]:     results = self._run_stage()
[rank8]:               ^^^^^^^^^^^^^^^^^
[rank8]:   File "/usr/local/lib/python3.12/dist-packages/lightning/pytorch/trainer/trainer.py", line 1025, in _run_stage
[rank8]:     self.fit_loop.run()
[rank8]:   File "/usr/local/lib/python3.12/dist-packages/lightning/pytorch/loops/fit_loop.py", line 205, in run
[rank8]:     self.advance()
[rank8]:   File "/usr/local/lib/python3.12/dist-packages/lightning/pytorch/loops/fit_loop.py", line 363, in advance
[rank8]:     self.epoch_loop.run(self._data_fetcher)
[rank8]:   File "/usr/local/lib/python3.12/dist-packages/lightning/pytorch/loops/training_epoch_loop.py", line 140, in run
[rank8]:     self.advance(data_fetcher)
[rank8]:   File "/opt/NeMo/nemo/lightning/pytorch/trainer.py", line 47, in advance
[rank8]:     super().advance(data_fetcher)
[rank8]:   File "/usr/local/lib/python3.12/dist-packages/lightning/pytorch/loops/training_epoch_loop.py", line 250, in advance
[rank8]:     batch_output = self.automatic_optimization.run(trainer.optimizers[0], batch_idx, kwargs)
[rank8]:                    ^^^^^^^^^^^^^^^^^^^^^^^^^^^^^^^^^^^^^^^^^^^^^^^^^^^^^^^^^^^^^^^^^^^^^^^^^
[rank8]:   File "/usr/local/lib/python3.12/dist-packages/lightning/pytorch/loops/optimization/automatic.py", line 190, in run
[rank8]:     self._optimizer_step(batch_idx, closure)
[rank8]:   File "/usr/local/lib/python3.12/dist-packages/lightning/pytorch/loops/optimization/automatic.py", line 268, in _optimizer_step
[rank8]:     call._call_lightning_module_hook(
[rank8]:   File "/usr/local/lib/python3.12/dist-packages/lightning/pytorch/trainer/call.py", line 167, in _call_lightning_module_hook
[rank8]:     output = fn(*args, **kwargs)
[rank8]:              ^^^^^^^^^^^^^^^^^^^
[rank8]:   File "/usr/local/lib/python3.12/dist-packages/lightning/pytorch/core/module.py", line 1306, in optimizer_step
[rank8]:     optimizer.step(closure=optimizer_closure)
[rank8]:   File "/usr/local/lib/python3.12/dist-packages/lightning/pytorch/core/optimizer.py", line 153, in step
[rank8]:     step_output = self._strategy.optimizer_step(self._optimizer, closure, **kwargs)
[rank8]:                   ^^^^^^^^^^^^^^^^^^^^^^^^^^^^^^^^^^^^^^^^^^^^^^^^^^^^^^^^^^^^^^^^^
[rank8]:   File "/opt/NeMo/nemo/lightning/pytorch/strategies/megatron_strategy.py", line 761, in optimizer_step
[rank8]:     optimizer_output = super().optimizer_step(optimizer, closure, model, **kwargs)
[rank8]:                        ^^^^^^^^^^^^^^^^^^^^^^^^^^^^^^^^^^^^^^^^^^^^^^^^^^^^^^^^^^^
[rank8]:   File "/usr/local/lib/python3.12/dist-packages/lightning/pytorch/strategies/ddp.py", line 270, in optimizer_step
[rank8]:     optimizer_output = super().optimizer_step(optimizer, closure, model, **kwargs)
[rank8]:                        ^^^^^^^^^^^^^^^^^^^^^^^^^^^^^^^^^^^^^^^^^^^^^^^^^^^^^^^^^^^
[rank8]:   File "/usr/local/lib/python3.12/dist-packages/lightning/pytorch/strategies/strategy.py", line 238, in optimizer_step
[rank8]:     return self.precision_plugin.optimizer_step(optimizer, model=model, closure=closure, **kwargs)
[rank8]:            ^^^^^^^^^^^^^^^^^^^^^^^^^^^^^^^^^^^^^^^^^^^^^^^^^^^^^^^^^^^^^^^^^^^^^^^^^^^^^^^^^^^^^^^
[rank8]:   File "/usr/local/lib/python3.12/dist-packages/lightning/pytorch/plugins/precision/precision.py", line 122, in optimizer_step
[rank8]:     return optimizer.step(closure=closure, **kwargs)
[rank8]:            ^^^^^^^^^^^^^^^^^^^^^^^^^^^^^^^^^^^^^^^^^
[rank8]:   File "/usr/local/lib/python3.12/dist-packages/torch/optim/lr_scheduler.py", line 137, in wrapper
[rank8]:     return func.__get__(opt, opt.__class__)(*args, **kwargs)
[rank8]:            ^^^^^^^^^^^^^^^^^^^^^^^^^^^^^^^^^^^^^^^^^^^^^^^^^
[rank8]:   File "/opt/NeMo/nemo/core/optim/mcore_optim.py", line 129, in step
[rank8]:     loss = closure()
[rank8]:            ^^^^^^^^^
[rank8]:   File "/usr/local/lib/python3.12/dist-packages/lightning/pytorch/plugins/precision/precision.py", line 108, in _wrap_closure
[rank8]:     closure_result = closure()
[rank8]:                      ^^^^^^^^^
[rank8]:   File "/usr/local/lib/python3.12/dist-packages/lightning/pytorch/loops/optimization/automatic.py", line 144, in __call__
[rank8]:     self._result = self.closure(*args, **kwargs)
[rank8]:                    ^^^^^^^^^^^^^^^^^^^^^^^^^^^^^
[rank8]:   File "/usr/local/lib/python3.12/dist-packages/torch/utils/_contextlib.py", line 116, in decorate_context
[rank8]:     return func(*args, **kwargs)
[rank8]:            ^^^^^^^^^^^^^^^^^^^^^
[rank8]:   File "/usr/local/lib/python3.12/dist-packages/lightning/pytorch/loops/optimization/automatic.py", line 129, in closure
[rank8]:     step_output = self._step_fn()
[rank8]:                   ^^^^^^^^^^^^^^^
[rank8]:   File "/usr/local/lib/python3.12/dist-packages/lightning/pytorch/loops/optimization/automatic.py", line 317, in _training_step
[rank8]:     training_step_output = call._call_strategy_hook(trainer, "training_step", *kwargs.values())
[rank8]:                            ^^^^^^^^^^^^^^^^^^^^^^^^^^^^^^^^^^^^^^^^^^^^^^^^^^^^^^^^^^^^^^^^^^^^
[rank8]:   File "/usr/local/lib/python3.12/dist-packages/lightning/pytorch/trainer/call.py", line 319, in _call_strategy_hook
[rank8]:     output = fn(*args, **kwargs)
[rank8]:              ^^^^^^^^^^^^^^^^^^^
[rank8]:   File "/opt/NeMo/nemo/lightning/pytorch/strategies/megatron_strategy.py", line 695, in training_step
[rank8]:     out = self.model.training_step(dataloader_iter, *args, **kwargs)
[rank8]:           ^^^^^^^^^^^^^^^^^^^^^^^^^^^^^^^^^^^^^^^^^^^^^^^^^^^^^^^^^^
[rank8]:   File "/opt/NeMo/nemo/lightning/megatron_parallel.py", line 389, in training_step
[rank8]:     return self._step(
[rank8]:            ^^^^^^^^^^^
[rank8]:   File "/opt/NeMo/nemo/lightning/megatron_parallel.py", line 501, in _step
[rank8]:     return self.forward(
[rank8]:            ^^^^^^^^^^^^^
[rank8]:   File "/opt/NeMo/nemo/lightning/megatron_parallel.py", line 351, in forward
[rank8]:     microbatch_outputs = step()
[rank8]:                          ^^^^^^
[rank8]:   File "/opt/NeMo/nemo/lightning/megatron_parallel.py", line 1287, in __call__
[rank8]:     return self.forward_backward_func(
[rank8]:            ^^^^^^^^^^^^^^^^^^^^^^^^^^^
[rank8]:   File "/opt/megatron-lm/megatron/core/pipeline_parallel/schedules.py", line 494, in forward_backward_no_pipelining
[rank8]:     backward_step(input_tensor, output_tensor, output_tensor_grad, model_type, config)
[rank8]:   File "/opt/megatron-lm/megatron/core/pipeline_parallel/schedules.py", line 393, in backward_step
[rank8]:     custom_backward(output_tensor[0], output_tensor_grad[0])
[rank8]:   File "/opt/megatron-lm/megatron/core/pipeline_parallel/schedules.py", line 151, in custom_backward
[rank8]:     Variable._execution_engine.run_backward(
[rank8]:   File "/usr/local/lib/python3.12/dist-packages/torch/autograd/function.py", line 307, in apply
[rank8]:     return user_fn(self, *args)
[rank8]:            ^^^^^^^^^^^^^^^^^^^^
[rank8]:   File "/usr/local/lib/python3.12/dist-packages/torch/_functorch/_aot_autograd/runtime_wrappers.py", line 1983, in backward
[rank8]:     return impl_fn()
[rank8]:            ^^^^^^^^^
[rank8]:   File "/usr/local/lib/python3.12/dist-packages/torch/_functorch/_aot_autograd/runtime_wrappers.py", line 1969, in impl_fn
[rank8]:     out = CompiledFunction._backward_impl(ctx, all_args)
[rank8]:           ^^^^^^^^^^^^^^^^^^^^^^^^^^^^^^^^^^^^^^^^^^^^^^
[rank8]:   File "/usr/local/lib/python3.12/dist-packages/torch/_functorch/_aot_autograd/runtime_wrappers.py", line 2062, in _backward_impl
[rank8]:     CompiledFunction.compiled_bw = aot_config.bw_compiler(
[rank8]:                                    ^^^^^^^^^^^^^^^^^^^^^^^
[rank8]:   File "/usr/local/lib/python3.12/dist-packages/torch/_functorch/aot_autograd.py", line 479, in __call__
[rank8]:     return self.compiler_fn(gm, example_inputs)
[rank8]:            ^^^^^^^^^^^^^^^^^^^^^^^^^^^^^^^^^^^^
[rank8]:   File "/usr/local/lib/python3.12/dist-packages/torch/_dynamo/backends/common.py", line 54, in _wrapped_bw_compiler
[rank8]:     return disable(disable(bw_compiler_fn)(*args, **kwargs))
[rank8]:                    ^^^^^^^^^^^^^^^^^^^^^^^^^^^^^^^^^^^^^^^^
[rank8]:   File "/usr/local/lib/python3.12/dist-packages/torch/_dynamo/eval_frame.py", line 749, in _fn
[rank8]:     return fn(*args, **kwargs)
[rank8]:            ^^^^^^^^^^^^^^^^^^^
[rank8]:   File "/usr/local/lib/python3.12/dist-packages/torch/_utils_internal.py", line 95, in wrapper_function
[rank8]:     return function(*args, **kwargs)
[rank8]:            ^^^^^^^^^^^^^^^^^^^^^^^^^
[rank8]:   File "/usr/local/lib/python3.12/dist-packages/torch/_inductor/compile_fx.py", line 2107, in bw_compiler
[rank8]:     return inner_compile(
[rank8]:            ^^^^^^^^^^^^^^
[rank8]:   File "/usr/lib/python3.12/contextlib.py", line 81, in inner
[rank8]:     return func(*args, **kwds)
[rank8]:            ^^^^^^^^^^^^^^^^^^^
[rank8]:   File "/usr/local/lib/python3.12/dist-packages/torch/_inductor/compile_fx.py", line 623, in compile_fx_inner
[rank8]:     return wrap_compiler_debug(_compile_fx_inner, compiler_name="inductor")(
[rank8]:            ^^^^^^^^^^^^^^^^^^^^^^^^^^^^^^^^^^^^^^^^^^^^^^^^^^^^^^^^^^^^^^^^^
[rank8]:   File "/usr/local/lib/python3.12/dist-packages/torch/_dynamo/repro/after_aot.py", line 104, in debug_wrapper
[rank8]:     inner_compiled_fn = compiler_fn(gm, example_inputs)
[rank8]:                         ^^^^^^^^^^^^^^^^^^^^^^^^^^^^^^^
[rank8]:   File "/usr/local/lib/python3.12/dist-packages/torch/_inductor/compile_fx.py", line 727, in _compile_fx_inner
[rank8]:     mb_compiled_graph = fx_codegen_and_compile(
[rank8]:                         ^^^^^^^^^^^^^^^^^^^^^^^
[rank8]:   File "/usr/local/lib/python3.12/dist-packages/torch/_inductor/compile_fx.py", line 1402, in fx_codegen_and_compile
[rank8]:     return scheme.codegen_and_compile(gm, example_inputs, inputs_to_check, graph_kwargs)
[rank8]:            ^^^^^^^^^^^^^^^^^^^^^^^^^^^^^^^^^^^^^^^^^^^^^^^^^^^^^^^^^^^^^^^^^^^^^^^^^^^^^
[rank8]:   File "/usr/local/lib/python3.12/dist-packages/torch/_inductor/compile_fx.py", line 1057, in codegen_and_compile
[rank8]:     graph.run(*example_inputs)
[rank8]:   File "/usr/local/lib/python3.12/dist-packages/torch/_inductor/graph.py", line 851, in run
[rank8]:     return super().run(*args)
[rank8]:            ^^^^^^^^^^^^^^^^^^
[rank8]:   File "/usr/local/lib/python3.12/dist-packages/torch/fx/interpreter.py", line 171, in run
[rank8]:     self.env[node] = self.run_node(node)
[rank8]:                      ^^^^^^^^^^^^^^^^^^^
[rank8]:   File "/usr/local/lib/python3.12/dist-packages/torch/_inductor/graph.py", line 1436, in run_node
[rank8]:     result = super().run_node(n)
[rank8]:              ^^^^^^^^^^^^^^^^^^^
[rank8]:   File "/usr/local/lib/python3.12/dist-packages/torch/fx/interpreter.py", line 236, in run_node
[rank8]:     return getattr(self, n.op)(n.target, args, kwargs)
[rank8]:            ^^^^^^^^^^^^^^^^^^^^^^^^^^^^^^^^^^^^^^^^^^^
[rank8]:   File "/usr/local/lib/python3.12/dist-packages/torch/_inductor/graph.py", line 1139, in call_function
[rank8]:     raise LoweringException(e, target, args, kwargs).with_traceback(
[rank8]:   File "/usr/local/lib/python3.12/dist-packages/torch/_inductor/graph.py", line 1129, in call_function
[rank8]:     out = lowerings[target](*args, **kwargs)  # type: ignore[index]
[rank8]:           ^^^^^^^^^^^^^^^^^^^^^^^^^^^^^^^^^^
[rank8]:   File "/usr/local/lib/python3.12/dist-packages/torch/_inductor/lowering.py", line 455, in wrapped
[rank8]:     out = decomp_fn(*args, **kwargs)
[rank8]:           ^^^^^^^^^^^^^^^^^^^^^^^^^^
[rank8]:   File "/usr/local/lib/python3.12/dist-packages/torch/_inductor/kernel/flex_attention.py", line 2301, in flex_attention_backward
[rank8]:     joint_outputs = process_joint_outputs(
[rank8]:                     ^^^^^^^^^^^^^^^^^^^^^^
[rank8]:   File "/usr/local/lib/python3.12/dist-packages/torch/_inductor/kernel/flex_attention.py", line 2171, in process_joint_outputs
[rank8]:     grads_out = [get_out(x) for x in other_grads]
[rank8]:                  ^^^^^^^^^^
[rank8]:   File "/usr/local/lib/python3.12/dist-packages/torch/_inductor/kernel/flex_attention.py", line 2168, in get_out
[rank8]:     assert buf.name is not None
[rank8]:            ^^^^^^^^^^^^^^^^^^^^
[rank8]: torch._inductor.exc.LoweringException: AssertionError: 
[rank8]:   target: flex_attention_backward
[rank8]:   args[0]: TensorBox(StorageBox(
[rank8]:     InputBuffer(name='primals_1', layout=FixedLayout('cuda:0', torch.bfloat16, size=[8, 24, 1024, 32], stride=[786432, 32768, 32, 1]))
[rank8]:   ))
[rank8]:   args[1]: TensorBox(StorageBox(
[rank8]:     InputBuffer(name='primals_2', layout=FixedLayout('cuda:0', torch.bfloat16, size=[8, 8, 1024, 32], stride=[262144, 32768, 32, 1]))
[rank8]:   ))
[rank8]:   args[2]: TensorBox(StorageBox(
[rank8]:     InputBuffer(name='primals_3', layout=FixedLayout('cuda:0', torch.bfloat16, size=[8, 8, 1024, 32], stride=[262144, 32768, 32, 1]))
[rank8]:   ))
[rank8]:   args[3]: TensorBox(StorageBox(
[rank8]:     InputBuffer(name='getitem', layout=FixedLayout('cuda:0', torch.bfloat16, size=[8, 24, 1024, 32], stride=[786432, 32768, 32, 1]))
[rank8]:   ))
[rank8]:   args[4]: TensorBox(StorageBox(
[rank8]:     DonatedBuffer(name='getitem_1', layout=FixedLayout('cuda:0', torch.float32, size=[8, 24, 1024], stride=[24576, 1024, 1]))
[rank8]:   ))
[rank8]:   args[5]: TensorBox(StorageBox(
[rank8]:     InputBuffer(name='tangents_1', layout=FixedLayout('cuda:0', torch.bfloat16, size=[8, 24, 1024, 32], stride=[786432, 32768, 32, 1]))
[rank8]:   ))
[rank8]:   args[6]: TensorBox(StorageBox(
[rank8]:     Pointwise(
[rank8]:       'cuda',
[rank8]:       torch.float32,
[rank8]:       def inner_fn(index):
[rank8]:           i0, i1, i2 = index
[rank8]:           tmp0 = ops.constant(0, torch.float32)
[rank8]:           return tmp0
[rank8]:       ,
[rank8]:       ranges=[8, 24, 1024],
[rank8]:       origin_node=full_default,
[rank8]:       origins=OrderedSet([full_default])
[rank8]:     )
[rank8]:   ))
[rank8]:   args[7]: Subgraph(name='fw_graph0', graph_module=<lambda>(), graph=None)
[rank8]:   args[8]: Subgraph(name='joint_graph0', graph_module=<lambda>(), graph=None)
[rank8]:   args[9]: (1024, 1024, TensorBox(StorageBox(
[rank8]:     InputBuffer(name='primals_5', layout=FixedLayout('cuda:0', torch.int32, size=[8, 24, 8], stride=[192, 8, 1]))
[rank8]:   )), TensorBox(StorageBox(
[rank8]:     InputBuffer(name='primals_4', layout=FixedLayout('cuda:0', torch.int32, size=[8, 24, 8, 8], stride=[1536, 64, 8, 1]))
[rank8]:   )), TensorBox(StorageBox(
[rank8]:     InputBuffer(name='primals_8', layout=FixedLayout('cuda:0', torch.int32, size=[8, 24, 8], stride=[192, 8, 1]))
[rank8]:   )), TensorBox(StorageBox(
[rank8]:     InputBuffer(name='primals_9', layout=FixedLayout('cuda:0', torch.int32, size=[8, 24, 8, 8], stride=[1536, 64, 8, 1]))
[rank8]:   )), TensorBox(StorageBox(
[rank8]:     InputBuffer(name='primals_10', layout=FixedLayout('cuda:0', torch.int32, size=[8, 24, 8], stride=[192, 8, 1]))
[rank8]:   )), TensorBox(StorageBox(
[rank8]:     InputBuffer(name='primals_11', layout=FixedLayout('cuda:0', torch.int32, size=[8, 24, 8, 8], stride=[1536, 64, 8, 1]))
[rank8]:   )), TensorBox(StorageBox(
[rank8]:     InputBuffer(name='primals_12', layout=FixedLayout('cuda:0', torch.int32, size=[8, 24, 8], stride=[192, 8, 1]))
[rank8]:   )), TensorBox(StorageBox(
[rank8]:     InputBuffer(name='primals_13', layout=FixedLayout('cuda:0', torch.int32, size=[8, 24, 8, 8], stride=[1536, 64, 8, 1]))
[rank8]:   )), 128, 128, Subgraph(name='mask_graph0', graph_module=<lambda>(), graph=None))
[rank8]:   args[10]: 0.17677669529663687
[rank8]:   args[11]: {'PRESCALE_QK': False, 'ROWS_GUARANTEED_SAFE': False, 'BLOCKS_ARE_CONTIGUOUS': False, 'WRITE_DQ': True, 'OUTPUT_LOGSUMEXP': True}
[rank8]:   args[12]: (TensorBox(StorageBox(
[rank8]:     InputBuffer(name='primals_6', layout=FixedLayout('cuda:0', torch.bfloat16, size=[], stride=[]))
[rank8]:   )), TensorBox(StorageBox(
[rank8]:     InputBuffer(name='primals_7', layout=FixedLayout('cuda:0', torch.bfloat16, size=[], stride=[]))
[rank8]:   )))
[rank8]:   args[13]: ()
[rank9]: Traceback (most recent call last):
[rank9]:   File "/work/m24047/m24047brmn/nemo/OpenLLM-BPI-Training/training/train/test/train_ssa_fa.py", line 326, in <module>
[rank9]:     main()
[rank9]:   File "/work/m24047/m24047brmn/nemo/OpenLLM-BPI-Training/training/train/test/train_ssa_fa.py", line 321, in main
[rank9]:     recipe_obj()
[rank9]:   File "/opt/NeMo/nemo/collections/llm/api.py", line 171, in pretrain
[rank9]:     return train(
[rank9]:            ^^^^^^
[rank9]:   File "/opt/NeMo/nemo/collections/llm/api.py", line 127, in train
[rank9]:     trainer.fit(model, data)
[rank9]:   File "/usr/local/lib/python3.12/dist-packages/lightning/pytorch/trainer/trainer.py", line 538, in fit
[rank9]:     call._call_and_handle_interrupt(
[rank9]:   File "/usr/local/lib/python3.12/dist-packages/lightning/pytorch/trainer/call.py", line 46, in _call_and_handle_interrupt
[rank9]:     return trainer.strategy.launcher.launch(trainer_fn, *args, trainer=trainer, **kwargs)
[rank9]:            ^^^^^^^^^^^^^^^^^^^^^^^^^^^^^^^^^^^^^^^^^^^^^^^^^^^^^^^^^^^^^^^^^^^^^^^^^^^^^^
[rank9]:   File "/usr/local/lib/python3.12/dist-packages/lightning/pytorch/strategies/launchers/subprocess_script.py", line 105, in launch
[rank9]:     return function(*args, **kwargs)
[rank9]:            ^^^^^^^^^^^^^^^^^^^^^^^^^
[rank9]:   File "/usr/local/lib/python3.12/dist-packages/lightning/pytorch/trainer/trainer.py", line 574, in _fit_impl
[rank9]:     self._run(model, ckpt_path=ckpt_path)
[rank9]:   File "/usr/local/lib/python3.12/dist-packages/lightning/pytorch/trainer/trainer.py", line 981, in _run
[rank9]:     results = self._run_stage()
[rank9]:               ^^^^^^^^^^^^^^^^^
[rank9]:   File "/usr/local/lib/python3.12/dist-packages/lightning/pytorch/trainer/trainer.py", line 1025, in _run_stage
[rank9]:     self.fit_loop.run()
[rank9]:   File "/usr/local/lib/python3.12/dist-packages/lightning/pytorch/loops/fit_loop.py", line 205, in run
[rank9]:     self.advance()
[rank9]:   File "/usr/local/lib/python3.12/dist-packages/lightning/pytorch/loops/fit_loop.py", line 363, in advance
[rank9]:     self.epoch_loop.run(self._data_fetcher)
[rank9]:   File "/usr/local/lib/python3.12/dist-packages/lightning/pytorch/loops/training_epoch_loop.py", line 140, in run
[rank9]:     self.advance(data_fetcher)
[rank9]:   File "/opt/NeMo/nemo/lightning/pytorch/trainer.py", line 47, in advance
[rank9]:     super().advance(data_fetcher)
[rank9]:   File "/usr/local/lib/python3.12/dist-packages/lightning/pytorch/loops/training_epoch_loop.py", line 250, in advance
[rank9]:     batch_output = self.automatic_optimization.run(trainer.optimizers[0], batch_idx, kwargs)
[rank9]:                    ^^^^^^^^^^^^^^^^^^^^^^^^^^^^^^^^^^^^^^^^^^^^^^^^^^^^^^^^^^^^^^^^^^^^^^^^^
[rank9]:   File "/usr/local/lib/python3.12/dist-packages/lightning/pytorch/loops/optimization/automatic.py", line 190, in run
[rank9]:     self._optimizer_step(batch_idx, closure)
[rank9]:   File "/usr/local/lib/python3.12/dist-packages/lightning/pytorch/loops/optimization/automatic.py", line 268, in _optimizer_step
[rank9]:     call._call_lightning_module_hook(
[rank9]:   File "/usr/local/lib/python3.12/dist-packages/lightning/pytorch/trainer/call.py", line 167, in _call_lightning_module_hook
[rank9]:     output = fn(*args, **kwargs)
[rank9]:              ^^^^^^^^^^^^^^^^^^^
[rank9]:   File "/usr/local/lib/python3.12/dist-packages/lightning/pytorch/core/module.py", line 1306, in optimizer_step
[rank9]:     optimizer.step(closure=optimizer_closure)
[rank9]:   File "/usr/local/lib/python3.12/dist-packages/lightning/pytorch/core/optimizer.py", line 153, in step
[rank9]:     step_output = self._strategy.optimizer_step(self._optimizer, closure, **kwargs)
[rank9]:                   ^^^^^^^^^^^^^^^^^^^^^^^^^^^^^^^^^^^^^^^^^^^^^^^^^^^^^^^^^^^^^^^^^
[rank9]:   File "/opt/NeMo/nemo/lightning/pytorch/strategies/megatron_strategy.py", line 761, in optimizer_step
[rank9]:     optimizer_output = super().optimizer_step(optimizer, closure, model, **kwargs)
[rank9]:                        ^^^^^^^^^^^^^^^^^^^^^^^^^^^^^^^^^^^^^^^^^^^^^^^^^^^^^^^^^^^
[rank9]:   File "/usr/local/lib/python3.12/dist-packages/lightning/pytorch/strategies/ddp.py", line 270, in optimizer_step
[rank9]:     optimizer_output = super().optimizer_step(optimizer, closure, model, **kwargs)
[rank9]:                        ^^^^^^^^^^^^^^^^^^^^^^^^^^^^^^^^^^^^^^^^^^^^^^^^^^^^^^^^^^^
[rank9]:   File "/usr/local/lib/python3.12/dist-packages/lightning/pytorch/strategies/strategy.py", line 238, in optimizer_step
[rank9]:     return self.precision_plugin.optimizer_step(optimizer, model=model, closure=closure, **kwargs)
[rank9]:            ^^^^^^^^^^^^^^^^^^^^^^^^^^^^^^^^^^^^^^^^^^^^^^^^^^^^^^^^^^^^^^^^^^^^^^^^^^^^^^^^^^^^^^^
[rank9]:   File "/usr/local/lib/python3.12/dist-packages/lightning/pytorch/plugins/precision/precision.py", line 122, in optimizer_step
[rank9]:     return optimizer.step(closure=closure, **kwargs)
[rank9]:            ^^^^^^^^^^^^^^^^^^^^^^^^^^^^^^^^^^^^^^^^^
[rank9]:   File "/usr/local/lib/python3.12/dist-packages/torch/optim/lr_scheduler.py", line 137, in wrapper
[rank9]:     return func.__get__(opt, opt.__class__)(*args, **kwargs)
[rank9]:            ^^^^^^^^^^^^^^^^^^^^^^^^^^^^^^^^^^^^^^^^^^^^^^^^^
[rank9]:   File "/opt/NeMo/nemo/core/optim/mcore_optim.py", line 129, in step
[rank9]:     loss = closure()
[rank9]:            ^^^^^^^^^
[rank9]:   File "/usr/local/lib/python3.12/dist-packages/lightning/pytorch/plugins/precision/precision.py", line 108, in _wrap_closure
[rank9]:     closure_result = closure()
[rank9]:                      ^^^^^^^^^
[rank9]:   File "/usr/local/lib/python3.12/dist-packages/lightning/pytorch/loops/optimization/automatic.py", line 144, in __call__
[rank9]:     self._result = self.closure(*args, **kwargs)
[rank9]:                    ^^^^^^^^^^^^^^^^^^^^^^^^^^^^^
[rank9]:   File "/usr/local/lib/python3.12/dist-packages/torch/utils/_contextlib.py", line 116, in decorate_context
[rank9]:     return func(*args, **kwargs)
[rank9]:            ^^^^^^^^^^^^^^^^^^^^^
[rank9]:   File "/usr/local/lib/python3.12/dist-packages/lightning/pytorch/loops/optimization/automatic.py", line 129, in closure
[rank9]:     step_output = self._step_fn()
[rank9]:                   ^^^^^^^^^^^^^^^
[rank9]:   File "/usr/local/lib/python3.12/dist-packages/lightning/pytorch/loops/optimization/automatic.py", line 317, in _training_step
[rank9]:     training_step_output = call._call_strategy_hook(trainer, "training_step", *kwargs.values())
[rank9]:                            ^^^^^^^^^^^^^^^^^^^^^^^^^^^^^^^^^^^^^^^^^^^^^^^^^^^^^^^^^^^^^^^^^^^^
[rank9]:   File "/usr/local/lib/python3.12/dist-packages/lightning/pytorch/trainer/call.py", line 319, in _call_strategy_hook
[rank9]:     output = fn(*args, **kwargs)
[rank9]:              ^^^^^^^^^^^^^^^^^^^
[rank9]:   File "/opt/NeMo/nemo/lightning/pytorch/strategies/megatron_strategy.py", line 695, in training_step
[rank9]:     out = self.model.training_step(dataloader_iter, *args, **kwargs)
[rank9]:           ^^^^^^^^^^^^^^^^^^^^^^^^^^^^^^^^^^^^^^^^^^^^^^^^^^^^^^^^^^
[rank9]:   File "/opt/NeMo/nemo/lightning/megatron_parallel.py", line 389, in training_step
[rank9]:     return self._step(
[rank9]:            ^^^^^^^^^^^
[rank9]:   File "/opt/NeMo/nemo/lightning/megatron_parallel.py", line 501, in _step
[rank9]:     return self.forward(
[rank9]:            ^^^^^^^^^^^^^
[rank9]:   File "/opt/NeMo/nemo/lightning/megatron_parallel.py", line 351, in forward
[rank9]:     microbatch_outputs = step()
[rank9]:                          ^^^^^^
[rank9]:   File "/opt/NeMo/nemo/lightning/megatron_parallel.py", line 1287, in __call__
[rank9]:     return self.forward_backward_func(
[rank9]:            ^^^^^^^^^^^^^^^^^^^^^^^^^^^
[rank9]:   File "/opt/megatron-lm/megatron/core/pipeline_parallel/schedules.py", line 494, in forward_backward_no_pipelining
[rank9]:     backward_step(input_tensor, output_tensor, output_tensor_grad, model_type, config)
[rank9]:   File "/opt/megatron-lm/megatron/core/pipeline_parallel/schedules.py", line 393, in backward_step
[rank9]:     custom_backward(output_tensor[0], output_tensor_grad[0])
[rank9]:   File "/opt/megatron-lm/megatron/core/pipeline_parallel/schedules.py", line 151, in custom_backward
[rank9]:     Variable._execution_engine.run_backward(
[rank9]:   File "/usr/local/lib/python3.12/dist-packages/torch/autograd/function.py", line 307, in apply
[rank9]:     return user_fn(self, *args)
[rank9]:            ^^^^^^^^^^^^^^^^^^^^
[rank9]:   File "/usr/local/lib/python3.12/dist-packages/torch/_functorch/_aot_autograd/runtime_wrappers.py", line 1983, in backward
[rank9]:     return impl_fn()
[rank9]:            ^^^^^^^^^
[rank9]:   File "/usr/local/lib/python3.12/dist-packages/torch/_functorch/_aot_autograd/runtime_wrappers.py", line 1969, in impl_fn
[rank9]:     out = CompiledFunction._backward_impl(ctx, all_args)
[rank9]:           ^^^^^^^^^^^^^^^^^^^^^^^^^^^^^^^^^^^^^^^^^^^^^^
[rank9]:   File "/usr/local/lib/python3.12/dist-packages/torch/_functorch/_aot_autograd/runtime_wrappers.py", line 2062, in _backward_impl
[rank9]:     CompiledFunction.compiled_bw = aot_config.bw_compiler(
[rank9]:                                    ^^^^^^^^^^^^^^^^^^^^^^^
[rank9]:   File "/usr/local/lib/python3.12/dist-packages/torch/_functorch/aot_autograd.py", line 479, in __call__
[rank9]:     return self.compiler_fn(gm, example_inputs)
[rank9]:            ^^^^^^^^^^^^^^^^^^^^^^^^^^^^^^^^^^^^
[rank9]:   File "/usr/local/lib/python3.12/dist-packages/torch/_dynamo/backends/common.py", line 54, in _wrapped_bw_compiler
[rank9]:     return disable(disable(bw_compiler_fn)(*args, **kwargs))
[rank9]:                    ^^^^^^^^^^^^^^^^^^^^^^^^^^^^^^^^^^^^^^^^
[rank9]:   File "/usr/local/lib/python3.12/dist-packages/torch/_dynamo/eval_frame.py", line 749, in _fn
[rank9]:     return fn(*args, **kwargs)
[rank9]:            ^^^^^^^^^^^^^^^^^^^
[rank9]:   File "/usr/local/lib/python3.12/dist-packages/torch/_utils_internal.py", line 95, in wrapper_function
[rank9]:     return function(*args, **kwargs)
[rank9]:            ^^^^^^^^^^^^^^^^^^^^^^^^^
[rank9]:   File "/usr/local/lib/python3.12/dist-packages/torch/_inductor/compile_fx.py", line 2107, in bw_compiler
[rank9]:     return inner_compile(
[rank9]:            ^^^^^^^^^^^^^^
[rank9]:   File "/usr/lib/python3.12/contextlib.py", line 81, in inner
[rank9]:     return func(*args, **kwds)
[rank9]:            ^^^^^^^^^^^^^^^^^^^
[rank9]:   File "/usr/local/lib/python3.12/dist-packages/torch/_inductor/compile_fx.py", line 623, in compile_fx_inner
[rank9]:     return wrap_compiler_debug(_compile_fx_inner, compiler_name="inductor")(
[rank9]:            ^^^^^^^^^^^^^^^^^^^^^^^^^^^^^^^^^^^^^^^^^^^^^^^^^^^^^^^^^^^^^^^^^
[rank9]:   File "/usr/local/lib/python3.12/dist-packages/torch/_dynamo/repro/after_aot.py", line 104, in debug_wrapper
[rank9]:     inner_compiled_fn = compiler_fn(gm, example_inputs)
[rank9]:                         ^^^^^^^^^^^^^^^^^^^^^^^^^^^^^^^
[rank9]:   File "/usr/local/lib/python3.12/dist-packages/torch/_inductor/compile_fx.py", line 727, in _compile_fx_inner
[rank9]:     mb_compiled_graph = fx_codegen_and_compile(
[rank9]:                         ^^^^^^^^^^^^^^^^^^^^^^^
[rank9]:   File "/usr/local/lib/python3.12/dist-packages/torch/_inductor/compile_fx.py", line 1402, in fx_codegen_and_compile
[rank9]:     return scheme.codegen_and_compile(gm, example_inputs, inputs_to_check, graph_kwargs)
[rank9]:            ^^^^^^^^^^^^^^^^^^^^^^^^^^^^^^^^^^^^^^^^^^^^^^^^^^^^^^^^^^^^^^^^^^^^^^^^^^^^^
[rank9]:   File "/usr/local/lib/python3.12/dist-packages/torch/_inductor/compile_fx.py", line 1057, in codegen_and_compile
[rank9]:     graph.run(*example_inputs)
[rank9]:   File "/usr/local/lib/python3.12/dist-packages/torch/_inductor/graph.py", line 851, in run
[rank9]:     return super().run(*args)
[rank9]:            ^^^^^^^^^^^^^^^^^^
[rank9]:   File "/usr/local/lib/python3.12/dist-packages/torch/fx/interpreter.py", line 171, in run
[rank9]:     self.env[node] = self.run_node(node)
[rank9]:                      ^^^^^^^^^^^^^^^^^^^
[rank9]:   File "/usr/local/lib/python3.12/dist-packages/torch/_inductor/graph.py", line 1436, in run_node
[rank9]:     result = super().run_node(n)
[rank9]:              ^^^^^^^^^^^^^^^^^^^
[rank9]:   File "/usr/local/lib/python3.12/dist-packages/torch/fx/interpreter.py", line 236, in run_node
[rank9]:     return getattr(self, n.op)(n.target, args, kwargs)
[rank9]:            ^^^^^^^^^^^^^^^^^^^^^^^^^^^^^^^^^^^^^^^^^^^
[rank9]:   File "/usr/local/lib/python3.12/dist-packages/torch/_inductor/graph.py", line 1139, in call_function
[rank9]:     raise LoweringException(e, target, args, kwargs).with_traceback(
[rank9]:   File "/usr/local/lib/python3.12/dist-packages/torch/_inductor/graph.py", line 1129, in call_function
[rank9]:     out = lowerings[target](*args, **kwargs)  # type: ignore[index]
[rank9]:           ^^^^^^^^^^^^^^^^^^^^^^^^^^^^^^^^^^
[rank9]:   File "/usr/local/lib/python3.12/dist-packages/torch/_inductor/lowering.py", line 455, in wrapped
[rank9]:     out = decomp_fn(*args, **kwargs)
[rank9]:           ^^^^^^^^^^^^^^^^^^^^^^^^^^
[rank9]:   File "/usr/local/lib/python3.12/dist-packages/torch/_inductor/kernel/flex_attention.py", line 2301, in flex_attention_backward
[rank9]:     joint_outputs = process_joint_outputs(
[rank9]:                     ^^^^^^^^^^^^^^^^^^^^^^
[rank9]:   File "/usr/local/lib/python3.12/dist-packages/torch/_inductor/kernel/flex_attention.py", line 2171, in process_joint_outputs
[rank9]:     grads_out = [get_out(x) for x in other_grads]
[rank9]:                  ^^^^^^^^^^
[rank9]:   File "/usr/local/lib/python3.12/dist-packages/torch/_inductor/kernel/flex_attention.py", line 2168, in get_out
[rank9]:     assert buf.name is not None
[rank9]:            ^^^^^^^^^^^^^^^^^^^^
[rank9]: torch._inductor.exc.LoweringException: AssertionError: 
[rank9]:   target: flex_attention_backward
[rank9]:   args[0]: TensorBox(StorageBox(
[rank9]:     InputBuffer(name='primals_1', layout=FixedLayout('cuda:1', torch.bfloat16, size=[8, 24, 1024, 32], stride=[786432, 32768, 32, 1]))
[rank9]:   ))
[rank9]:   args[1]: TensorBox(StorageBox(
[rank9]:     InputBuffer(name='primals_2', layout=FixedLayout('cuda:1', torch.bfloat16, size=[8, 8, 1024, 32], stride=[262144, 32768, 32, 1]))
[rank9]:   ))
[rank9]:   args[2]: TensorBox(StorageBox(
[rank9]:     InputBuffer(name='primals_3', layout=FixedLayout('cuda:1', torch.bfloat16, size=[8, 8, 1024, 32], stride=[262144, 32768, 32, 1]))
[rank9]:   ))
[rank9]:   args[3]: TensorBox(StorageBox(
[rank9]:     InputBuffer(name='getitem', layout=FixedLayout('cuda:1', torch.bfloat16, size=[8, 24, 1024, 32], stride=[786432, 32768, 32, 1]))
[rank9]:   ))
[rank9]:   args[4]: TensorBox(StorageBox(
[rank9]:     DonatedBuffer(name='getitem_1', layout=FixedLayout('cuda:1', torch.float32, size=[8, 24, 1024], stride=[24576, 1024, 1]))
[rank9]:   ))
[rank9]:   args[5]: TensorBox(StorageBox(
[rank9]:     InputBuffer(name='tangents_1', layout=FixedLayout('cuda:1', torch.bfloat16, size=[8, 24, 1024, 32], stride=[786432, 32768, 32, 1]))
[rank9]:   ))
[rank9]:   args[6]: TensorBox(StorageBox(
[rank9]:     Pointwise(
[rank9]:       'cuda',
[rank9]:       torch.float32,
[rank9]:       def inner_fn(index):
[rank9]:           i0, i1, i2 = index
[rank9]:           tmp0 = ops.constant(0, torch.float32)
[rank9]:           return tmp0
[rank9]:       ,
[rank9]:       ranges=[8, 24, 1024],
[rank9]:       origin_node=full_default,
[rank9]:       origins=OrderedSet([full_default])
[rank9]:     )
[rank9]:   ))
[rank9]:   args[7]: Subgraph(name='fw_graph0', graph_module=<lambda>(), graph=None)
[rank9]:   args[8]: Subgraph(name='joint_graph0', graph_module=<lambda>(), graph=None)
[rank9]:   args[9]: (1024, 1024, TensorBox(StorageBox(
[rank9]:     InputBuffer(name='primals_5', layout=FixedLayout('cuda:1', torch.int32, size=[8, 24, 8], stride=[192, 8, 1]))
[rank9]:   )), TensorBox(StorageBox(
[rank9]:     InputBuffer(name='primals_4', layout=FixedLayout('cuda:1', torch.int32, size=[8, 24, 8, 8], stride=[1536, 64, 8, 1]))
[rank9]:   )), TensorBox(StorageBox(
[rank9]:     InputBuffer(name='primals_8', layout=FixedLayout('cuda:1', torch.int32, size=[8, 24, 8], stride=[192, 8, 1]))
[rank9]:   )), TensorBox(StorageBox(
[rank9]:     InputBuffer(name='primals_9', layout=FixedLayout('cuda:1', torch.int32, size=[8, 24, 8, 8], stride=[1536, 64, 8, 1]))
[rank9]:   )), TensorBox(StorageBox(
[rank9]:     InputBuffer(name='primals_10', layout=FixedLayout('cuda:1', torch.int32, size=[8, 24, 8], stride=[192, 8, 1]))
[rank9]:   )), TensorBox(StorageBox(
[rank9]:     InputBuffer(name='primals_11', layout=FixedLayout('cuda:1', torch.int32, size=[8, 24, 8, 8], stride=[1536, 64, 8, 1]))
[rank9]:   )), TensorBox(StorageBox(
[rank9]:     InputBuffer(name='primals_12', layout=FixedLayout('cuda:1', torch.int32, size=[8, 24, 8], stride=[192, 8, 1]))
[rank9]:   )), TensorBox(StorageBox(
[rank9]:     InputBuffer(name='primals_13', layout=FixedLayout('cuda:1', torch.int32, size=[8, 24, 8, 8], stride=[1536, 64, 8, 1]))
[rank9]:   )), 128, 128, Subgraph(name='mask_graph0', graph_module=<lambda>(), graph=None))
[rank9]:   args[10]: 0.17677669529663687
[rank9]:   args[11]: {'PRESCALE_QK': False, 'ROWS_GUARANTEED_SAFE': False, 'BLOCKS_ARE_CONTIGUOUS': False, 'WRITE_DQ': True, 'OUTPUT_LOGSUMEXP': True}
[rank9]:   args[12]: (TensorBox(StorageBox(
[rank9]:     InputBuffer(name='primals_6', layout=FixedLayout('cuda:1', torch.bfloat16, size=[], stride=[]))
[rank9]:   )), TensorBox(StorageBox(
[rank9]:     InputBuffer(name='primals_7', layout=FixedLayout('cuda:1', torch.bfloat16, size=[], stride=[]))
[rank9]:   )))
[rank9]:   args[13]: ()
[rank4]: Traceback (most recent call last):
[rank4]:   File "/work/m24047/m24047brmn/nemo/OpenLLM-BPI-Training/training/train/test/train_ssa_fa.py", line 326, in <module>
[rank4]:     main()
[rank4]:   File "/work/m24047/m24047brmn/nemo/OpenLLM-BPI-Training/training/train/test/train_ssa_fa.py", line 321, in main
[rank4]:     recipe_obj()
[rank4]:   File "/opt/NeMo/nemo/collections/llm/api.py", line 171, in pretrain
[rank4]:     return train(
[rank4]:            ^^^^^^
[rank4]:   File "/opt/NeMo/nemo/collections/llm/api.py", line 127, in train
[rank4]:     trainer.fit(model, data)
[rank4]:   File "/usr/local/lib/python3.12/dist-packages/lightning/pytorch/trainer/trainer.py", line 538, in fit
[rank4]:     call._call_and_handle_interrupt(
[rank4]:   File "/usr/local/lib/python3.12/dist-packages/lightning/pytorch/trainer/call.py", line 46, in _call_and_handle_interrupt
[rank4]:     return trainer.strategy.launcher.launch(trainer_fn, *args, trainer=trainer, **kwargs)
[rank4]:            ^^^^^^^^^^^^^^^^^^^^^^^^^^^^^^^^^^^^^^^^^^^^^^^^^^^^^^^^^^^^^^^^^^^^^^^^^^^^^^
[rank4]:   File "/usr/local/lib/python3.12/dist-packages/lightning/pytorch/strategies/launchers/subprocess_script.py", line 105, in launch
[rank4]:     return function(*args, **kwargs)
[rank4]:            ^^^^^^^^^^^^^^^^^^^^^^^^^
[rank4]:   File "/usr/local/lib/python3.12/dist-packages/lightning/pytorch/trainer/trainer.py", line 574, in _fit_impl
[rank4]:     self._run(model, ckpt_path=ckpt_path)
[rank4]:   File "/usr/local/lib/python3.12/dist-packages/lightning/pytorch/trainer/trainer.py", line 981, in _run
[rank4]:     results = self._run_stage()
[rank4]:               ^^^^^^^^^^^^^^^^^
[rank4]:   File "/usr/local/lib/python3.12/dist-packages/lightning/pytorch/trainer/trainer.py", line 1025, in _run_stage
[rank4]:     self.fit_loop.run()
[rank4]:   File "/usr/local/lib/python3.12/dist-packages/lightning/pytorch/loops/fit_loop.py", line 205, in run
[rank4]:     self.advance()
[rank4]:   File "/usr/local/lib/python3.12/dist-packages/lightning/pytorch/loops/fit_loop.py", line 363, in advance
[rank4]:     self.epoch_loop.run(self._data_fetcher)
[rank4]:   File "/usr/local/lib/python3.12/dist-packages/lightning/pytorch/loops/training_epoch_loop.py", line 140, in run
[rank4]:     self.advance(data_fetcher)
[rank4]:   File "/opt/NeMo/nemo/lightning/pytorch/trainer.py", line 47, in advance
[rank4]:     super().advance(data_fetcher)
[rank4]:   File "/usr/local/lib/python3.12/dist-packages/lightning/pytorch/loops/training_epoch_loop.py", line 250, in advance
[rank4]:     batch_output = self.automatic_optimization.run(trainer.optimizers[0], batch_idx, kwargs)
[rank4]:                    ^^^^^^^^^^^^^^^^^^^^^^^^^^^^^^^^^^^^^^^^^^^^^^^^^^^^^^^^^^^^^^^^^^^^^^^^^
[rank4]:   File "/usr/local/lib/python3.12/dist-packages/lightning/pytorch/loops/optimization/automatic.py", line 190, in run
[rank4]:     self._optimizer_step(batch_idx, closure)
[rank4]:   File "/usr/local/lib/python3.12/dist-packages/lightning/pytorch/loops/optimization/automatic.py", line 268, in _optimizer_step
[rank4]:     call._call_lightning_module_hook(
[rank4]:   File "/usr/local/lib/python3.12/dist-packages/lightning/pytorch/trainer/call.py", line 167, in _call_lightning_module_hook
[rank4]:     output = fn(*args, **kwargs)
[rank4]:              ^^^^^^^^^^^^^^^^^^^
[rank4]:   File "/usr/local/lib/python3.12/dist-packages/lightning/pytorch/core/module.py", line 1306, in optimizer_step
[rank4]:     optimizer.step(closure=optimizer_closure)
[rank4]:   File "/usr/local/lib/python3.12/dist-packages/lightning/pytorch/core/optimizer.py", line 153, in step
[rank4]:     step_output = self._strategy.optimizer_step(self._optimizer, closure, **kwargs)
[rank4]:                   ^^^^^^^^^^^^^^^^^^^^^^^^^^^^^^^^^^^^^^^^^^^^^^^^^^^^^^^^^^^^^^^^^
[rank4]:   File "/opt/NeMo/nemo/lightning/pytorch/strategies/megatron_strategy.py", line 761, in optimizer_step
[rank4]:     optimizer_output = super().optimizer_step(optimizer, closure, model, **kwargs)
[rank4]:                        ^^^^^^^^^^^^^^^^^^^^^^^^^^^^^^^^^^^^^^^^^^^^^^^^^^^^^^^^^^^
[rank4]:   File "/usr/local/lib/python3.12/dist-packages/lightning/pytorch/strategies/ddp.py", line 270, in optimizer_step
[rank4]:     optimizer_output = super().optimizer_step(optimizer, closure, model, **kwargs)
[rank4]:                        ^^^^^^^^^^^^^^^^^^^^^^^^^^^^^^^^^^^^^^^^^^^^^^^^^^^^^^^^^^^
[rank4]:   File "/usr/local/lib/python3.12/dist-packages/lightning/pytorch/strategies/strategy.py", line 238, in optimizer_step
[rank4]:     return self.precision_plugin.optimizer_step(optimizer, model=model, closure=closure, **kwargs)
[rank4]:            ^^^^^^^^^^^^^^^^^^^^^^^^^^^^^^^^^^^^^^^^^^^^^^^^^^^^^^^^^^^^^^^^^^^^^^^^^^^^^^^^^^^^^^^
[rank4]:   File "/usr/local/lib/python3.12/dist-packages/lightning/pytorch/plugins/precision/precision.py", line 122, in optimizer_step
[rank4]:     return optimizer.step(closure=closure, **kwargs)
[rank4]:            ^^^^^^^^^^^^^^^^^^^^^^^^^^^^^^^^^^^^^^^^^
[rank4]:   File "/usr/local/lib/python3.12/dist-packages/torch/optim/lr_scheduler.py", line 137, in wrapper
[rank4]:     return func.__get__(opt, opt.__class__)(*args, **kwargs)
[rank4]:            ^^^^^^^^^^^^^^^^^^^^^^^^^^^^^^^^^^^^^^^^^^^^^^^^^
[rank4]:   File "/opt/NeMo/nemo/core/optim/mcore_optim.py", line 129, in step
[rank4]:     loss = closure()
[rank4]:            ^^^^^^^^^
[rank4]:   File "/usr/local/lib/python3.12/dist-packages/lightning/pytorch/plugins/precision/precision.py", line 108, in _wrap_closure
[rank4]:     closure_result = closure()
[rank4]:                      ^^^^^^^^^
[rank4]:   File "/usr/local/lib/python3.12/dist-packages/lightning/pytorch/loops/optimization/automatic.py", line 144, in __call__
[rank4]:     self._result = self.closure(*args, **kwargs)
[rank4]:                    ^^^^^^^^^^^^^^^^^^^^^^^^^^^^^
[rank4]:   File "/usr/local/lib/python3.12/dist-packages/torch/utils/_contextlib.py", line 116, in decorate_context
[rank4]:     return func(*args, **kwargs)
[rank4]:            ^^^^^^^^^^^^^^^^^^^^^
[rank4]:   File "/usr/local/lib/python3.12/dist-packages/lightning/pytorch/loops/optimization/automatic.py", line 129, in closure
[rank4]:     step_output = self._step_fn()
[rank4]:                   ^^^^^^^^^^^^^^^
[rank4]:   File "/usr/local/lib/python3.12/dist-packages/lightning/pytorch/loops/optimization/automatic.py", line 317, in _training_step
[rank4]:     training_step_output = call._call_strategy_hook(trainer, "training_step", *kwargs.values())
[rank4]:                            ^^^^^^^^^^^^^^^^^^^^^^^^^^^^^^^^^^^^^^^^^^^^^^^^^^^^^^^^^^^^^^^^^^^^
[rank4]:   File "/usr/local/lib/python3.12/dist-packages/lightning/pytorch/trainer/call.py", line 319, in _call_strategy_hook
[rank4]:     output = fn(*args, **kwargs)
[rank4]:              ^^^^^^^^^^^^^^^^^^^
[rank4]:   File "/opt/NeMo/nemo/lightning/pytorch/strategies/megatron_strategy.py", line 695, in training_step
[rank4]:     out = self.model.training_step(dataloader_iter, *args, **kwargs)
[rank4]:           ^^^^^^^^^^^^^^^^^^^^^^^^^^^^^^^^^^^^^^^^^^^^^^^^^^^^^^^^^^
[rank4]:   File "/opt/NeMo/nemo/lightning/megatron_parallel.py", line 389, in training_step
[rank4]:     return self._step(
[rank4]:            ^^^^^^^^^^^
[rank4]:   File "/opt/NeMo/nemo/lightning/megatron_parallel.py", line 501, in _step
[rank4]:     return self.forward(
[rank4]:            ^^^^^^^^^^^^^
[rank4]:   File "/opt/NeMo/nemo/lightning/megatron_parallel.py", line 351, in forward
[rank4]:     microbatch_outputs = step()
[rank4]:                          ^^^^^^
[rank4]:   File "/opt/NeMo/nemo/lightning/megatron_parallel.py", line 1287, in __call__
[rank4]:     return self.forward_backward_func(
[rank4]:            ^^^^^^^^^^^^^^^^^^^^^^^^^^^
[rank4]:   File "/opt/megatron-lm/megatron/core/pipeline_parallel/schedules.py", line 494, in forward_backward_no_pipelining
[rank4]:     backward_step(input_tensor, output_tensor, output_tensor_grad, model_type, config)
[rank4]:   File "/opt/megatron-lm/megatron/core/pipeline_parallel/schedules.py", line 393, in backward_step
[rank4]:     custom_backward(output_tensor[0], output_tensor_grad[0])
[rank4]:   File "/opt/megatron-lm/megatron/core/pipeline_parallel/schedules.py", line 151, in custom_backward
[rank4]:     Variable._execution_engine.run_backward(
[rank4]:   File "/usr/local/lib/python3.12/dist-packages/torch/autograd/function.py", line 307, in apply
[rank4]:     return user_fn(self, *args)
[rank4]:            ^^^^^^^^^^^^^^^^^^^^
[rank4]:   File "/usr/local/lib/python3.12/dist-packages/torch/_functorch/_aot_autograd/runtime_wrappers.py", line 1983, in backward
[rank4]:     return impl_fn()
[rank4]:            ^^^^^^^^^
[rank4]:   File "/usr/local/lib/python3.12/dist-packages/torch/_functorch/_aot_autograd/runtime_wrappers.py", line 1969, in impl_fn
[rank4]:     out = CompiledFunction._backward_impl(ctx, all_args)
[rank4]:           ^^^^^^^^^^^^^^^^^^^^^^^^^^^^^^^^^^^^^^^^^^^^^^
[rank4]:   File "/usr/local/lib/python3.12/dist-packages/torch/_functorch/_aot_autograd/runtime_wrappers.py", line 2062, in _backward_impl
[rank4]:     CompiledFunction.compiled_bw = aot_config.bw_compiler(
[rank4]:                                    ^^^^^^^^^^^^^^^^^^^^^^^
[rank4]:   File "/usr/local/lib/python3.12/dist-packages/torch/_functorch/aot_autograd.py", line 479, in __call__
[rank4]:     return self.compiler_fn(gm, example_inputs)
[rank4]:            ^^^^^^^^^^^^^^^^^^^^^^^^^^^^^^^^^^^^
[rank4]:   File "/usr/local/lib/python3.12/dist-packages/torch/_dynamo/backends/common.py", line 54, in _wrapped_bw_compiler
[rank4]:     return disable(disable(bw_compiler_fn)(*args, **kwargs))
[rank4]:                    ^^^^^^^^^^^^^^^^^^^^^^^^^^^^^^^^^^^^^^^^
[rank4]:   File "/usr/local/lib/python3.12/dist-packages/torch/_dynamo/eval_frame.py", line 749, in _fn
[rank4]:     return fn(*args, **kwargs)
[rank4]:            ^^^^^^^^^^^^^^^^^^^
[rank4]:   File "/usr/local/lib/python3.12/dist-packages/torch/_utils_internal.py", line 95, in wrapper_function
[rank4]:     return function(*args, **kwargs)
[rank4]:            ^^^^^^^^^^^^^^^^^^^^^^^^^
[rank4]:   File "/usr/local/lib/python3.12/dist-packages/torch/_inductor/compile_fx.py", line 2107, in bw_compiler
[rank4]:     return inner_compile(
[rank4]:            ^^^^^^^^^^^^^^
[rank4]:   File "/usr/lib/python3.12/contextlib.py", line 81, in inner
[rank4]:     return func(*args, **kwds)
[rank4]:            ^^^^^^^^^^^^^^^^^^^
[rank4]:   File "/usr/local/lib/python3.12/dist-packages/torch/_inductor/compile_fx.py", line 623, in compile_fx_inner
[rank4]:     return wrap_compiler_debug(_compile_fx_inner, compiler_name="inductor")(
[rank4]:            ^^^^^^^^^^^^^^^^^^^^^^^^^^^^^^^^^^^^^^^^^^^^^^^^^^^^^^^^^^^^^^^^^
[rank4]:   File "/usr/local/lib/python3.12/dist-packages/torch/_dynamo/repro/after_aot.py", line 104, in debug_wrapper
[rank4]:     inner_compiled_fn = compiler_fn(gm, example_inputs)
[rank4]:                         ^^^^^^^^^^^^^^^^^^^^^^^^^^^^^^^
[rank4]:   File "/usr/local/lib/python3.12/dist-packages/torch/_inductor/compile_fx.py", line 727, in _compile_fx_inner
[rank4]:     mb_compiled_graph = fx_codegen_and_compile(
[rank4]:                         ^^^^^^^^^^^^^^^^^^^^^^^
[rank4]:   File "/usr/local/lib/python3.12/dist-packages/torch/_inductor/compile_fx.py", line 1402, in fx_codegen_and_compile
[rank4]:     return scheme.codegen_and_compile(gm, example_inputs, inputs_to_check, graph_kwargs)
[rank4]:            ^^^^^^^^^^^^^^^^^^^^^^^^^^^^^^^^^^^^^^^^^^^^^^^^^^^^^^^^^^^^^^^^^^^^^^^^^^^^^
[rank4]:   File "/usr/local/lib/python3.12/dist-packages/torch/_inductor/compile_fx.py", line 1057, in codegen_and_compile
[rank4]:     graph.run(*example_inputs)
[rank4]:   File "/usr/local/lib/python3.12/dist-packages/torch/_inductor/graph.py", line 851, in run
[rank4]:     return super().run(*args)
[rank4]:            ^^^^^^^^^^^^^^^^^^
[rank4]:   File "/usr/local/lib/python3.12/dist-packages/torch/fx/interpreter.py", line 171, in run
[rank4]:     self.env[node] = self.run_node(node)
[rank4]:                      ^^^^^^^^^^^^^^^^^^^
[rank4]:   File "/usr/local/lib/python3.12/dist-packages/torch/_inductor/graph.py", line 1436, in run_node
[rank4]:     result = super().run_node(n)
[rank4]:              ^^^^^^^^^^^^^^^^^^^
[rank4]:   File "/usr/local/lib/python3.12/dist-packages/torch/fx/interpreter.py", line 236, in run_node
[rank4]:     return getattr(self, n.op)(n.target, args, kwargs)
[rank4]:            ^^^^^^^^^^^^^^^^^^^^^^^^^^^^^^^^^^^^^^^^^^^
[rank4]:   File "/usr/local/lib/python3.12/dist-packages/torch/_inductor/graph.py", line 1139, in call_function
[rank4]:     raise LoweringException(e, target, args, kwargs).with_traceback(
[rank4]:   File "/usr/local/lib/python3.12/dist-packages/torch/_inductor/graph.py", line 1129, in call_function
[rank4]:     out = lowerings[target](*args, **kwargs)  # type: ignore[index]
[rank4]:           ^^^^^^^^^^^^^^^^^^^^^^^^^^^^^^^^^^
[rank4]:   File "/usr/local/lib/python3.12/dist-packages/torch/_inductor/lowering.py", line 455, in wrapped
[rank4]:     out = decomp_fn(*args, **kwargs)
[rank4]:           ^^^^^^^^^^^^^^^^^^^^^^^^^^
[rank4]:   File "/usr/local/lib/python3.12/dist-packages/torch/_inductor/kernel/flex_attention.py", line 2301, in flex_attention_backward
[rank4]:     joint_outputs = process_joint_outputs(
[rank4]:                     ^^^^^^^^^^^^^^^^^^^^^^
[rank4]:   File "/usr/local/lib/python3.12/dist-packages/torch/_inductor/kernel/flex_attention.py", line 2171, in process_joint_outputs
[rank4]:     grads_out = [get_out(x) for x in other_grads]
[rank4]:                  ^^^^^^^^^^
[rank4]:   File "/usr/local/lib/python3.12/dist-packages/torch/_inductor/kernel/flex_attention.py", line 2168, in get_out
[rank4]:     assert buf.name is not None
[rank4]:            ^^^^^^^^^^^^^^^^^^^^
[rank4]: torch._inductor.exc.LoweringException: AssertionError: 
[rank4]:   target: flex_attention_backward
[rank4]:   args[0]: TensorBox(StorageBox(
[rank4]:     InputBuffer(name='primals_1', layout=FixedLayout('cuda:0', torch.bfloat16, size=[8, 24, 1024, 32], stride=[786432, 32768, 32, 1]))
[rank4]:   ))
[rank4]:   args[1]: TensorBox(StorageBox(
[rank4]:     InputBuffer(name='primals_2', layout=FixedLayout('cuda:0', torch.bfloat16, size=[8, 8, 1024, 32], stride=[262144, 32768, 32, 1]))
[rank4]:   ))
[rank4]:   args[2]: TensorBox(StorageBox(
[rank4]:     InputBuffer(name='primals_3', layout=FixedLayout('cuda:0', torch.bfloat16, size=[8, 8, 1024, 32], stride=[262144, 32768, 32, 1]))
[rank4]:   ))
[rank4]:   args[3]: TensorBox(StorageBox(
[rank4]:     InputBuffer(name='getitem', layout=FixedLayout('cuda:0', torch.bfloat16, size=[8, 24, 1024, 32], stride=[786432, 32768, 32, 1]))
[rank4]:   ))
[rank4]:   args[4]: TensorBox(StorageBox(
[rank4]:     DonatedBuffer(name='getitem_1', layout=FixedLayout('cuda:0', torch.float32, size=[8, 24, 1024], stride=[24576, 1024, 1]))
[rank4]:   ))
[rank4]:   args[5]: TensorBox(StorageBox(
[rank4]:     InputBuffer(name='tangents_1', layout=FixedLayout('cuda:0', torch.bfloat16, size=[8, 24, 1024, 32], stride=[786432, 32768, 32, 1]))
[rank4]:   ))
[rank4]:   args[6]: TensorBox(StorageBox(
[rank4]:     Pointwise(
[rank4]:       'cuda',
[rank4]:       torch.float32,
[rank4]:       def inner_fn(index):
[rank4]:           i0, i1, i2 = index
[rank4]:           tmp0 = ops.constant(0, torch.float32)
[rank4]:           return tmp0
[rank4]:       ,
[rank4]:       ranges=[8, 24, 1024],
[rank4]:       origin_node=full_default,
[rank4]:       origins=OrderedSet([full_default])
[rank4]:     )
[rank4]:   ))
[rank4]:   args[7]: Subgraph(name='fw_graph0', graph_module=<lambda>(), graph=None)
[rank4]:   args[8]: Subgraph(name='joint_graph0', graph_module=<lambda>(), graph=None)
[rank4]:   args[9]: (1024, 1024, TensorBox(StorageBox(
[rank4]:     InputBuffer(name='primals_5', layout=FixedLayout('cuda:0', torch.int32, size=[8, 24, 8], stride=[192, 8, 1]))
[rank4]:   )), TensorBox(StorageBox(
[rank4]:     InputBuffer(name='primals_4', layout=FixedLayout('cuda:0', torch.int32, size=[8, 24, 8, 8], stride=[1536, 64, 8, 1]))
[rank4]:   )), TensorBox(StorageBox(
[rank4]:     InputBuffer(name='primals_8', layout=FixedLayout('cuda:0', torch.int32, size=[8, 24, 8], stride=[192, 8, 1]))
[rank4]:   )), TensorBox(StorageBox(
[rank4]:     InputBuffer(name='primals_9', layout=FixedLayout('cuda:0', torch.int32, size=[8, 24, 8, 8], stride=[1536, 64, 8, 1]))
[rank4]:   )), TensorBox(StorageBox(
[rank4]:     InputBuffer(name='primals_10', layout=FixedLayout('cuda:0', torch.int32, size=[8, 24, 8], stride=[192, 8, 1]))
[rank4]:   )), TensorBox(StorageBox(
[rank4]:     InputBuffer(name='primals_11', layout=FixedLayout('cuda:0', torch.int32, size=[8, 24, 8, 8], stride=[1536, 64, 8, 1]))
[rank4]:   )), TensorBox(StorageBox(
[rank4]:     InputBuffer(name='primals_12', layout=FixedLayout('cuda:0', torch.int32, size=[8, 24, 8], stride=[192, 8, 1]))
[rank4]:   )), TensorBox(StorageBox(
[rank4]:     InputBuffer(name='primals_13', layout=FixedLayout('cuda:0', torch.int32, size=[8, 24, 8, 8], stride=[1536, 64, 8, 1]))
[rank4]:   )), 128, 128, Subgraph(name='mask_graph0', graph_module=<lambda>(), graph=None))
[rank4]:   args[10]: 0.17677669529663687
[rank4]:   args[11]: {'PRESCALE_QK': False, 'ROWS_GUARANTEED_SAFE': False, 'BLOCKS_ARE_CONTIGUOUS': False, 'WRITE_DQ': True, 'OUTPUT_LOGSUMEXP': True}
[rank4]:   args[12]: (TensorBox(StorageBox(
[rank4]:     InputBuffer(name='primals_6', layout=FixedLayout('cuda:0', torch.bfloat16, size=[], stride=[]))
[rank4]:   )), TensorBox(StorageBox(
[rank4]:     InputBuffer(name='primals_7', layout=FixedLayout('cuda:0', torch.bfloat16, size=[], stride=[]))
[rank4]:   )))
[rank4]:   args[13]: ()
[rank5]: Traceback (most recent call last):
[rank5]:   File "/work/m24047/m24047brmn/nemo/OpenLLM-BPI-Training/training/train/test/train_ssa_fa.py", line 326, in <module>
[rank5]:     main()
[rank5]:   File "/work/m24047/m24047brmn/nemo/OpenLLM-BPI-Training/training/train/test/train_ssa_fa.py", line 321, in main
[rank5]:     recipe_obj()
[rank5]:   File "/opt/NeMo/nemo/collections/llm/api.py", line 171, in pretrain
[rank5]:     return train(
[rank5]:            ^^^^^^
[rank5]:   File "/opt/NeMo/nemo/collections/llm/api.py", line 127, in train
[rank5]:     trainer.fit(model, data)
[rank5]:   File "/usr/local/lib/python3.12/dist-packages/lightning/pytorch/trainer/trainer.py", line 538, in fit
[rank5]:     call._call_and_handle_interrupt(
[rank5]:   File "/usr/local/lib/python3.12/dist-packages/lightning/pytorch/trainer/call.py", line 46, in _call_and_handle_interrupt
[rank5]:     return trainer.strategy.launcher.launch(trainer_fn, *args, trainer=trainer, **kwargs)
[rank5]:            ^^^^^^^^^^^^^^^^^^^^^^^^^^^^^^^^^^^^^^^^^^^^^^^^^^^^^^^^^^^^^^^^^^^^^^^^^^^^^^
[rank5]:   File "/usr/local/lib/python3.12/dist-packages/lightning/pytorch/strategies/launchers/subprocess_script.py", line 105, in launch
[rank5]:     return function(*args, **kwargs)
[rank5]:            ^^^^^^^^^^^^^^^^^^^^^^^^^
[rank5]:   File "/usr/local/lib/python3.12/dist-packages/lightning/pytorch/trainer/trainer.py", line 574, in _fit_impl
[rank5]:     self._run(model, ckpt_path=ckpt_path)
[rank5]:   File "/usr/local/lib/python3.12/dist-packages/lightning/pytorch/trainer/trainer.py", line 981, in _run
[rank5]:     results = self._run_stage()
[rank5]:               ^^^^^^^^^^^^^^^^^
[rank5]:   File "/usr/local/lib/python3.12/dist-packages/lightning/pytorch/trainer/trainer.py", line 1025, in _run_stage
[rank5]:     self.fit_loop.run()
[rank5]:   File "/usr/local/lib/python3.12/dist-packages/lightning/pytorch/loops/fit_loop.py", line 205, in run
[rank5]:     self.advance()
[rank5]:   File "/usr/local/lib/python3.12/dist-packages/lightning/pytorch/loops/fit_loop.py", line 363, in advance
[rank5]:     self.epoch_loop.run(self._data_fetcher)
[rank5]:   File "/usr/local/lib/python3.12/dist-packages/lightning/pytorch/loops/training_epoch_loop.py", line 140, in run
[rank5]:     self.advance(data_fetcher)
[rank5]:   File "/opt/NeMo/nemo/lightning/pytorch/trainer.py", line 47, in advance
[rank5]:     super().advance(data_fetcher)
[rank5]:   File "/usr/local/lib/python3.12/dist-packages/lightning/pytorch/loops/training_epoch_loop.py", line 250, in advance
[rank5]:     batch_output = self.automatic_optimization.run(trainer.optimizers[0], batch_idx, kwargs)
[rank5]:                    ^^^^^^^^^^^^^^^^^^^^^^^^^^^^^^^^^^^^^^^^^^^^^^^^^^^^^^^^^^^^^^^^^^^^^^^^^
[rank5]:   File "/usr/local/lib/python3.12/dist-packages/lightning/pytorch/loops/optimization/automatic.py", line 190, in run
[rank5]:     self._optimizer_step(batch_idx, closure)
[rank5]:   File "/usr/local/lib/python3.12/dist-packages/lightning/pytorch/loops/optimization/automatic.py", line 268, in _optimizer_step
[rank5]:     call._call_lightning_module_hook(
[rank5]:   File "/usr/local/lib/python3.12/dist-packages/lightning/pytorch/trainer/call.py", line 167, in _call_lightning_module_hook
[rank5]:     output = fn(*args, **kwargs)
[rank5]:              ^^^^^^^^^^^^^^^^^^^
[rank5]:   File "/usr/local/lib/python3.12/dist-packages/lightning/pytorch/core/module.py", line 1306, in optimizer_step
[rank5]:     optimizer.step(closure=optimizer_closure)
[rank5]:   File "/usr/local/lib/python3.12/dist-packages/lightning/pytorch/core/optimizer.py", line 153, in step
[rank5]:     step_output = self._strategy.optimizer_step(self._optimizer, closure, **kwargs)
[rank5]:                   ^^^^^^^^^^^^^^^^^^^^^^^^^^^^^^^^^^^^^^^^^^^^^^^^^^^^^^^^^^^^^^^^^
[rank5]:   File "/opt/NeMo/nemo/lightning/pytorch/strategies/megatron_strategy.py", line 761, in optimizer_step
[rank5]:     optimizer_output = super().optimizer_step(optimizer, closure, model, **kwargs)
[rank5]:                        ^^^^^^^^^^^^^^^^^^^^^^^^^^^^^^^^^^^^^^^^^^^^^^^^^^^^^^^^^^^
[rank5]:   File "/usr/local/lib/python3.12/dist-packages/lightning/pytorch/strategies/ddp.py", line 270, in optimizer_step
[rank5]:     optimizer_output = super().optimizer_step(optimizer, closure, model, **kwargs)
[rank5]:                        ^^^^^^^^^^^^^^^^^^^^^^^^^^^^^^^^^^^^^^^^^^^^^^^^^^^^^^^^^^^
[rank5]:   File "/usr/local/lib/python3.12/dist-packages/lightning/pytorch/strategies/strategy.py", line 238, in optimizer_step
[rank5]:     return self.precision_plugin.optimizer_step(optimizer, model=model, closure=closure, **kwargs)
[rank5]:            ^^^^^^^^^^^^^^^^^^^^^^^^^^^^^^^^^^^^^^^^^^^^^^^^^^^^^^^^^^^^^^^^^^^^^^^^^^^^^^^^^^^^^^^
[rank5]:   File "/usr/local/lib/python3.12/dist-packages/lightning/pytorch/plugins/precision/precision.py", line 122, in optimizer_step
[rank5]:     return optimizer.step(closure=closure, **kwargs)
[rank5]:            ^^^^^^^^^^^^^^^^^^^^^^^^^^^^^^^^^^^^^^^^^
[rank5]:   File "/usr/local/lib/python3.12/dist-packages/torch/optim/lr_scheduler.py", line 137, in wrapper
[rank5]:     return func.__get__(opt, opt.__class__)(*args, **kwargs)
[rank5]:            ^^^^^^^^^^^^^^^^^^^^^^^^^^^^^^^^^^^^^^^^^^^^^^^^^
[rank5]:   File "/opt/NeMo/nemo/core/optim/mcore_optim.py", line 129, in step
[rank5]:     loss = closure()
[rank5]:            ^^^^^^^^^
[rank5]:   File "/usr/local/lib/python3.12/dist-packages/lightning/pytorch/plugins/precision/precision.py", line 108, in _wrap_closure
[rank5]:     closure_result = closure()
[rank5]:                      ^^^^^^^^^
[rank5]:   File "/usr/local/lib/python3.12/dist-packages/lightning/pytorch/loops/optimization/automatic.py", line 144, in __call__
[rank5]:     self._result = self.closure(*args, **kwargs)
[rank5]:                    ^^^^^^^^^^^^^^^^^^^^^^^^^^^^^
[rank5]:   File "/usr/local/lib/python3.12/dist-packages/torch/utils/_contextlib.py", line 116, in decorate_context
[rank5]:     return func(*args, **kwargs)
[rank5]:            ^^^^^^^^^^^^^^^^^^^^^
[rank5]:   File "/usr/local/lib/python3.12/dist-packages/lightning/pytorch/loops/optimization/automatic.py", line 129, in closure
[rank5]:     step_output = self._step_fn()
[rank5]:                   ^^^^^^^^^^^^^^^
[rank5]:   File "/usr/local/lib/python3.12/dist-packages/lightning/pytorch/loops/optimization/automatic.py", line 317, in _training_step
[rank5]:     training_step_output = call._call_strategy_hook(trainer, "training_step", *kwargs.values())
[rank5]:                            ^^^^^^^^^^^^^^^^^^^^^^^^^^^^^^^^^^^^^^^^^^^^^^^^^^^^^^^^^^^^^^^^^^^^
[rank5]:   File "/usr/local/lib/python3.12/dist-packages/lightning/pytorch/trainer/call.py", line 319, in _call_strategy_hook
[rank5]:     output = fn(*args, **kwargs)
[rank5]:              ^^^^^^^^^^^^^^^^^^^
[rank5]:   File "/opt/NeMo/nemo/lightning/pytorch/strategies/megatron_strategy.py", line 695, in training_step
[rank5]:     out = self.model.training_step(dataloader_iter, *args, **kwargs)
[rank5]:           ^^^^^^^^^^^^^^^^^^^^^^^^^^^^^^^^^^^^^^^^^^^^^^^^^^^^^^^^^^
[rank5]:   File "/opt/NeMo/nemo/lightning/megatron_parallel.py", line 389, in training_step
[rank5]:     return self._step(
[rank5]:            ^^^^^^^^^^^
[rank5]:   File "/opt/NeMo/nemo/lightning/megatron_parallel.py", line 501, in _step
[rank5]:     return self.forward(
[rank5]:            ^^^^^^^^^^^^^
[rank5]:   File "/opt/NeMo/nemo/lightning/megatron_parallel.py", line 351, in forward
[rank5]:     microbatch_outputs = step()
[rank5]:                          ^^^^^^
[rank5]:   File "/opt/NeMo/nemo/lightning/megatron_parallel.py", line 1287, in __call__
[rank5]:     return self.forward_backward_func(
[rank5]:            ^^^^^^^^^^^^^^^^^^^^^^^^^^^
[rank5]:   File "/opt/megatron-lm/megatron/core/pipeline_parallel/schedules.py", line 494, in forward_backward_no_pipelining
[rank5]:     backward_step(input_tensor, output_tensor, output_tensor_grad, model_type, config)
[rank5]:   File "/opt/megatron-lm/megatron/core/pipeline_parallel/schedules.py", line 393, in backward_step
[rank5]:     custom_backward(output_tensor[0], output_tensor_grad[0])
[rank5]:   File "/opt/megatron-lm/megatron/core/pipeline_parallel/schedules.py", line 151, in custom_backward
[rank5]:     Variable._execution_engine.run_backward(
[rank5]:   File "/usr/local/lib/python3.12/dist-packages/torch/autograd/function.py", line 307, in apply
[rank5]:     return user_fn(self, *args)
[rank5]:            ^^^^^^^^^^^^^^^^^^^^
[rank5]:   File "/usr/local/lib/python3.12/dist-packages/torch/_functorch/_aot_autograd/runtime_wrappers.py", line 1983, in backward
[rank5]:     return impl_fn()
[rank5]:            ^^^^^^^^^
[rank5]:   File "/usr/local/lib/python3.12/dist-packages/torch/_functorch/_aot_autograd/runtime_wrappers.py", line 1969, in impl_fn
[rank5]:     out = CompiledFunction._backward_impl(ctx, all_args)
[rank5]:           ^^^^^^^^^^^^^^^^^^^^^^^^^^^^^^^^^^^^^^^^^^^^^^
[rank5]:   File "/usr/local/lib/python3.12/dist-packages/torch/_functorch/_aot_autograd/runtime_wrappers.py", line 2062, in _backward_impl
[rank5]:     CompiledFunction.compiled_bw = aot_config.bw_compiler(
[rank5]:                                    ^^^^^^^^^^^^^^^^^^^^^^^
[rank5]:   File "/usr/local/lib/python3.12/dist-packages/torch/_functorch/aot_autograd.py", line 479, in __call__
[rank5]:     return self.compiler_fn(gm, example_inputs)
[rank5]:            ^^^^^^^^^^^^^^^^^^^^^^^^^^^^^^^^^^^^
[rank5]:   File "/usr/local/lib/python3.12/dist-packages/torch/_dynamo/backends/common.py", line 54, in _wrapped_bw_compiler
[rank5]:     return disable(disable(bw_compiler_fn)(*args, **kwargs))
[rank5]:                    ^^^^^^^^^^^^^^^^^^^^^^^^^^^^^^^^^^^^^^^^
[rank5]:   File "/usr/local/lib/python3.12/dist-packages/torch/_dynamo/eval_frame.py", line 749, in _fn
[rank5]:     return fn(*args, **kwargs)
[rank5]:            ^^^^^^^^^^^^^^^^^^^
[rank5]:   File "/usr/local/lib/python3.12/dist-packages/torch/_utils_internal.py", line 95, in wrapper_function
[rank5]:     return function(*args, **kwargs)
[rank5]:            ^^^^^^^^^^^^^^^^^^^^^^^^^
[rank5]:   File "/usr/local/lib/python3.12/dist-packages/torch/_inductor/compile_fx.py", line 2107, in bw_compiler
[rank5]:     return inner_compile(
[rank5]:            ^^^^^^^^^^^^^^
[rank5]:   File "/usr/lib/python3.12/contextlib.py", line 81, in inner
[rank5]:     return func(*args, **kwds)
[rank5]:            ^^^^^^^^^^^^^^^^^^^
[rank5]:   File "/usr/local/lib/python3.12/dist-packages/torch/_inductor/compile_fx.py", line 623, in compile_fx_inner
[rank5]:     return wrap_compiler_debug(_compile_fx_inner, compiler_name="inductor")(
[rank5]:            ^^^^^^^^^^^^^^^^^^^^^^^^^^^^^^^^^^^^^^^^^^^^^^^^^^^^^^^^^^^^^^^^^
[rank5]:   File "/usr/local/lib/python3.12/dist-packages/torch/_dynamo/repro/after_aot.py", line 104, in debug_wrapper
[rank5]:     inner_compiled_fn = compiler_fn(gm, example_inputs)
[rank5]:                         ^^^^^^^^^^^^^^^^^^^^^^^^^^^^^^^
[rank5]:   File "/usr/local/lib/python3.12/dist-packages/torch/_inductor/compile_fx.py", line 727, in _compile_fx_inner
[rank5]:     mb_compiled_graph = fx_codegen_and_compile(
[rank5]:                         ^^^^^^^^^^^^^^^^^^^^^^^
[rank5]:   File "/usr/local/lib/python3.12/dist-packages/torch/_inductor/compile_fx.py", line 1402, in fx_codegen_and_compile
[rank5]:     return scheme.codegen_and_compile(gm, example_inputs, inputs_to_check, graph_kwargs)
[rank5]:            ^^^^^^^^^^^^^^^^^^^^^^^^^^^^^^^^^^^^^^^^^^^^^^^^^^^^^^^^^^^^^^^^^^^^^^^^^^^^^
[rank5]:   File "/usr/local/lib/python3.12/dist-packages/torch/_inductor/compile_fx.py", line 1057, in codegen_and_compile
[rank5]:     graph.run(*example_inputs)
[rank5]:   File "/usr/local/lib/python3.12/dist-packages/torch/_inductor/graph.py", line 851, in run
[rank5]:     return super().run(*args)
[rank5]:            ^^^^^^^^^^^^^^^^^^
[rank5]:   File "/usr/local/lib/python3.12/dist-packages/torch/fx/interpreter.py", line 171, in run
[rank5]:     self.env[node] = self.run_node(node)
[rank5]:                      ^^^^^^^^^^^^^^^^^^^
[rank5]:   File "/usr/local/lib/python3.12/dist-packages/torch/_inductor/graph.py", line 1436, in run_node
[rank5]:     result = super().run_node(n)
[rank5]:              ^^^^^^^^^^^^^^^^^^^
[rank5]:   File "/usr/local/lib/python3.12/dist-packages/torch/fx/interpreter.py", line 236, in run_node
[rank5]:     return getattr(self, n.op)(n.target, args, kwargs)
[rank5]:            ^^^^^^^^^^^^^^^^^^^^^^^^^^^^^^^^^^^^^^^^^^^
[rank5]:   File "/usr/local/lib/python3.12/dist-packages/torch/_inductor/graph.py", line 1139, in call_function
[rank5]:     raise LoweringException(e, target, args, kwargs).with_traceback(
[rank5]:   File "/usr/local/lib/python3.12/dist-packages/torch/_inductor/graph.py", line 1129, in call_function
[rank5]:     out = lowerings[target](*args, **kwargs)  # type: ignore[index]
[rank5]:           ^^^^^^^^^^^^^^^^^^^^^^^^^^^^^^^^^^
[rank5]:   File "/usr/local/lib/python3.12/dist-packages/torch/_inductor/lowering.py", line 455, in wrapped
[rank5]:     out = decomp_fn(*args, **kwargs)
[rank5]:           ^^^^^^^^^^^^^^^^^^^^^^^^^^
[rank5]:   File "/usr/local/lib/python3.12/dist-packages/torch/_inductor/kernel/flex_attention.py", line 2301, in flex_attention_backward
[rank5]:     joint_outputs = process_joint_outputs(
[rank5]:                     ^^^^^^^^^^^^^^^^^^^^^^
[rank5]:   File "/usr/local/lib/python3.12/dist-packages/torch/_inductor/kernel/flex_attention.py", line 2171, in process_joint_outputs
[rank5]:     grads_out = [get_out(x) for x in other_grads]
[rank5]:                  ^^^^^^^^^^
[rank5]:   File "/usr/local/lib/python3.12/dist-packages/torch/_inductor/kernel/flex_attention.py", line 2168, in get_out
[rank5]:     assert buf.name is not None
[rank5]:            ^^^^^^^^^^^^^^^^^^^^
[rank5]: torch._inductor.exc.LoweringException: AssertionError: 
[rank5]:   target: flex_attention_backward
[rank5]:   args[0]: TensorBox(StorageBox(
[rank5]:     InputBuffer(name='primals_1', layout=FixedLayout('cuda:1', torch.bfloat16, size=[8, 24, 1024, 32], stride=[786432, 32768, 32, 1]))
[rank5]:   ))
[rank5]:   args[1]: TensorBox(StorageBox(
[rank5]:     InputBuffer(name='primals_2', layout=FixedLayout('cuda:1', torch.bfloat16, size=[8, 8, 1024, 32], stride=[262144, 32768, 32, 1]))
[rank5]:   ))
[rank5]:   args[2]: TensorBox(StorageBox(
[rank5]:     InputBuffer(name='primals_3', layout=FixedLayout('cuda:1', torch.bfloat16, size=[8, 8, 1024, 32], stride=[262144, 32768, 32, 1]))
[rank5]:   ))
[rank5]:   args[3]: TensorBox(StorageBox(
[rank5]:     InputBuffer(name='getitem', layout=FixedLayout('cuda:1', torch.bfloat16, size=[8, 24, 1024, 32], stride=[786432, 32768, 32, 1]))
[rank5]:   ))
[rank5]:   args[4]: TensorBox(StorageBox(
[rank5]:     DonatedBuffer(name='getitem_1', layout=FixedLayout('cuda:1', torch.float32, size=[8, 24, 1024], stride=[24576, 1024, 1]))
[rank5]:   ))
[rank5]:   args[5]: TensorBox(StorageBox(
[rank5]:     InputBuffer(name='tangents_1', layout=FixedLayout('cuda:1', torch.bfloat16, size=[8, 24, 1024, 32], stride=[786432, 32768, 32, 1]))
[rank5]:   ))
[rank5]:   args[6]: TensorBox(StorageBox(
[rank5]:     Pointwise(
[rank5]:       'cuda',
[rank5]:       torch.float32,
[rank5]:       def inner_fn(index):
[rank5]:           i0, i1, i2 = index
[rank5]:           tmp0 = ops.constant(0, torch.float32)
[rank5]:           return tmp0
[rank5]:       ,
[rank5]:       ranges=[8, 24, 1024],
[rank5]:       origin_node=full_default,
[rank5]:       origins=OrderedSet([full_default])
[rank5]:     )
[rank5]:   ))
[rank5]:   args[7]: Subgraph(name='fw_graph0', graph_module=<lambda>(), graph=None)
[rank5]:   args[8]: Subgraph(name='joint_graph0', graph_module=<lambda>(), graph=None)
[rank5]:   args[9]: (1024, 1024, TensorBox(StorageBox(
[rank5]:     InputBuffer(name='primals_5', layout=FixedLayout('cuda:1', torch.int32, size=[8, 24, 8], stride=[192, 8, 1]))
[rank5]:   )), TensorBox(StorageBox(
[rank5]:     InputBuffer(name='primals_4', layout=FixedLayout('cuda:1', torch.int32, size=[8, 24, 8, 8], stride=[1536, 64, 8, 1]))
[rank5]:   )), TensorBox(StorageBox(
[rank5]:     InputBuffer(name='primals_8', layout=FixedLayout('cuda:1', torch.int32, size=[8, 24, 8], stride=[192, 8, 1]))
[rank5]:   )), TensorBox(StorageBox(
[rank5]:     InputBuffer(name='primals_9', layout=FixedLayout('cuda:1', torch.int32, size=[8, 24, 8, 8], stride=[1536, 64, 8, 1]))
[rank5]:   )), TensorBox(StorageBox(
[rank5]:     InputBuffer(name='primals_10', layout=FixedLayout('cuda:1', torch.int32, size=[8, 24, 8], stride=[192, 8, 1]))
[rank5]:   )), TensorBox(StorageBox(
[rank5]:     InputBuffer(name='primals_11', layout=FixedLayout('cuda:1', torch.int32, size=[8, 24, 8, 8], stride=[1536, 64, 8, 1]))
[rank5]:   )), TensorBox(StorageBox(
[rank5]:     InputBuffer(name='primals_12', layout=FixedLayout('cuda:1', torch.int32, size=[8, 24, 8], stride=[192, 8, 1]))
[rank5]:   )), TensorBox(StorageBox(
[rank5]:     InputBuffer(name='primals_13', layout=FixedLayout('cuda:1', torch.int32, size=[8, 24, 8, 8], stride=[1536, 64, 8, 1]))
[rank5]:   )), 128, 128, Subgraph(name='mask_graph0', graph_module=<lambda>(), graph=None))
[rank5]:   args[10]: 0.17677669529663687
[rank5]:   args[11]: {'PRESCALE_QK': False, 'ROWS_GUARANTEED_SAFE': False, 'BLOCKS_ARE_CONTIGUOUS': False, 'WRITE_DQ': True, 'OUTPUT_LOGSUMEXP': True}
[rank5]:   args[12]: (TensorBox(StorageBox(
[rank5]:     InputBuffer(name='primals_6', layout=FixedLayout('cuda:1', torch.bfloat16, size=[], stride=[]))
[rank5]:   )), TensorBox(StorageBox(
[rank5]:     InputBuffer(name='primals_7', layout=FixedLayout('cuda:1', torch.bfloat16, size=[], stride=[]))
[rank5]:   )))
[rank5]:   args[13]: ()
W0211 11:59:50.672000 1001893 torch/distributed/elastic/multiprocessing/api.py:898] Sending process 1001982 closing signal SIGTERM
W0211 11:59:50.710000 124529 torch/distributed/elastic/multiprocessing/api.py:898] Sending process 124616 closing signal SIGTERM
E0211 11:59:50.756000 1001893 torch/distributed/elastic/multiprocessing/api.py:870] failed (exitcode: 1) local_rank: 0 (pid: 1001981) of binary: /usr/bin/python
W0211 11:59:50.768000 3291119 torch/distributed/elastic/multiprocessing/api.py:898] Sending process 3291206 closing signal SIGTERM
Traceback (most recent call last):
  File "/usr/local/bin/torchrun", line 33, in <module>
    sys.exit(load_entry_point('torch==2.7.0a0+7c8ec84dab.nv25.3', 'console_scripts', 'torchrun')())
             ^^^^^^^^^^^^^^^^^^^^^^^^^^^^^^^^^^^^^^^^^^^^^^^^^^^^^^^^^^^^^^^^^^^^^^^^^^^^^^^^^^^^^
  File "/usr/local/lib/python3.12/dist-packages/torch/distributed/elastic/multiprocessing/errors/__init__.py", line 355, in wrapper
    return f(*args, **kwargs)
           ^^^^^^^^^^^^^^^^^^
  File "/usr/local/lib/python3.12/dist-packages/torch/distributed/run.py", line 889, in main
    run(args)
  File "/usr/local/lib/python3.12/dist-packages/torch/distributed/run.py", line 880, in run
    elastic_launch(
  File "/usr/local/lib/python3.12/dist-packages/torch/distributed/launcher/api.py", line 139, in __call__
    return launch_agent(self._config, self._entrypoint, list(args))
           ^^^^^^^^^^^^^^^^^^^^^^^^^^^^^^^^^^^^^^^^^^^^^^^^^^^^^^^^
  File "/usr/local/lib/python3.12/dist-packages/torch/distributed/launcher/api.py", line 270, in launch_agent
    raise ChildFailedError(
torch.distributed.elastic.multiprocessing.errors.ChildFailedError: 
============================================================
/work/m24047/m24047brmn/nemo/OpenLLM-BPI-Training/training/train/test/train_ssa_fa.py FAILED
------------------------------------------------------------
Failures:
  <NO_OTHER_FAILURES>
------------------------------------------------------------
Root Cause (first observed failure):
[0]:
  time      : 2026-02-11_11:59:50
  host      : turpancomp4.calmip.local
  rank      : 8 (local_rank: 0)
  exitcode  : 1 (pid: 1001981)
  error_file: <N/A>
  traceback : To enable traceback see: https://pytorch.org/docs/stable/elastic/errors.html
============================================================
E0211 11:59:50.798000 124529 torch/distributed/elastic/multiprocessing/api.py:870] failed (exitcode: 1) local_rank: 1 (pid: 124617) of binary: /usr/bin/python
Traceback (most recent call last):
  File "/usr/local/bin/torchrun", line 33, in <module>
    sys.exit(load_entry_point('torch==2.7.0a0+7c8ec84dab.nv25.3', 'console_scripts', 'torchrun')())
             ^^^^^^^^^^^^^^^^^^^^^^^^^^^^^^^^^^^^^^^^^^^^^^^^^^^^^^^^^^^^^^^^^^^^^^^^^^^^^^^^^^^^^
  File "/usr/local/lib/python3.12/dist-packages/torch/distributed/elastic/multiprocessing/errors/__init__.py", line 355, in wrapper
    return f(*args, **kwargs)
           ^^^^^^^^^^^^^^^^^^
  File "/usr/local/lib/python3.12/dist-packages/torch/distributed/run.py", line 889, in main
    run(args)
  File "/usr/local/lib/python3.12/dist-packages/torch/distributed/run.py", line 880, in run
    elastic_launch(
  File "/usr/local/lib/python3.12/dist-packages/torch/distributed/launcher/api.py", line 139, in __call__
    return launch_agent(self._config, self._entrypoint, list(args))
           ^^^^^^^^^^^^^^^^^^^^^^^^^^^^^^^^^^^^^^^^^^^^^^^^^^^^^^^^
  File "/usr/local/lib/python3.12/dist-packages/torch/distributed/launcher/api.py", line 270, in launch_agent
    raise ChildFailedError(
torch.distributed.elastic.multiprocessing.errors.ChildFailedError: 
============================================================
/work/m24047/m24047brmn/nemo/OpenLLM-BPI-Training/training/train/test/train_ssa_fa.py FAILED
------------------------------------------------------------
Failures:
  <NO_OTHER_FAILURES>
------------------------------------------------------------
Root Cause (first observed failure):
[0]:
  time      : 2026-02-11_11:59:50
  host      : turpancomp1.calmip.local
  rank      : 3 (local_rank: 1)
  exitcode  : 1 (pid: 124617)
  error_file: <N/A>
  traceback : To enable traceback see: https://pytorch.org/docs/stable/elastic/errors.html
============================================================
E0211 11:59:50.822000 3291119 torch/distributed/elastic/multiprocessing/api.py:870] failed (exitcode: 1) local_rank: 1 (pid: 3291207) of binary: /usr/bin/python
Traceback (most recent call last):
  File "/usr/local/bin/torchrun", line 33, in <module>
    sys.exit(load_entry_point('torch==2.7.0a0+7c8ec84dab.nv25.3', 'console_scripts', 'torchrun')())
             ^^^^^^^^^^^^^^^^^^^^^^^^^^^^^^^^^^^^^^^^^^^^^^^^^^^^^^^^^^^^^^^^^^^^^^^^^^^^^^^^^^^^^
  File "/usr/local/lib/python3.12/dist-packages/torch/distributed/elastic/multiprocessing/errors/__init__.py", line 355, in wrapper
    return f(*args, **kwargs)
           ^^^^^^^^^^^^^^^^^^
  File "/usr/local/lib/python3.12/dist-packages/torch/distributed/run.py", line 889, in main
    run(args)
  File "/usr/local/lib/python3.12/dist-packages/torch/distributed/run.py", line 880, in run
    elastic_launch(
  File "/usr/local/lib/python3.12/dist-packages/torch/distributed/launcher/api.py", line 139, in __call__
    return launch_agent(self._config, self._entrypoint, list(args))
           ^^^^^^^^^^^^^^^^^^^^^^^^^^^^^^^^^^^^^^^^^^^^^^^^^^^^^^^^
  File "/usr/local/lib/python3.12/dist-packages/torch/distributed/launcher/api.py", line 270, in launch_agent
    raise ChildFailedError(
torch.distributed.elastic.multiprocessing.errors.ChildFailedError: 
============================================================
/work/m24047/m24047brmn/nemo/OpenLLM-BPI-Training/training/train/test/train_ssa_fa.py FAILED
------------------------------------------------------------
Failures:
  <NO_OTHER_FAILURES>
------------------------------------------------------------
Root Cause (first observed failure):
[0]:
  time      : 2026-02-11_11:59:50
  host      : turpancomp5.calmip.local
  rank      : 11 (local_rank: 1)
  exitcode  : 1 (pid: 3291207)
  error_file: <N/A>
  traceback : To enable traceback see: https://pytorch.org/docs/stable/elastic/errors.html
============================================================
W0211 11:59:50.858000 1376187 torch/distributed/elastic/multiprocessing/api.py:898] Sending process 1376293 closing signal SIGTERM
W0211 11:59:50.861000 3175333 torch/distributed/elastic/multiprocessing/api.py:898] Sending process 3175421 closing signal SIGTERM
E0211 11:59:50.866000 3175333 torch/distributed/elastic/multiprocessing/api.py:870] failed (exitcode: 1) local_rank: 0 (pid: 3175420) of binary: /usr/bin/python
Traceback (most recent call last):
  File "/usr/local/bin/torchrun", line 33, in <module>
    sys.exit(load_entry_point('torch==2.7.0a0+7c8ec84dab.nv25.3', 'console_scripts', 'torchrun')())
             ^^^^^^^^^^^^^^^^^^^^^^^^^^^^^^^^^^^^^^^^^^^^^^^^^^^^^^^^^^^^^^^^^^^^^^^^^^^^^^^^^^^^^
  File "/usr/local/lib/python3.12/dist-packages/torch/distributed/elastic/multiprocessing/errors/__init__.py", line 355, in wrapper
    return f(*args, **kwargs)
           ^^^^^^^^^^^^^^^^^^
  File "/usr/local/lib/python3.12/dist-packages/torch/distributed/run.py", line 889, in main
    run(args)
  File "/usr/local/lib/python3.12/dist-packages/torch/distributed/run.py", line 880, in run
    elastic_launch(
  File "/usr/local/lib/python3.12/dist-packages/torch/distributed/launcher/api.py", line 139, in __call__
    return launch_agent(self._config, self._entrypoint, list(args))
           ^^^^^^^^^^^^^^^^^^^^^^^^^^^^^^^^^^^^^^^^^^^^^^^^^^^^^^^^
  File "/usr/local/lib/python3.12/dist-packages/torch/distributed/launcher/api.py", line 270, in launch_agent
    raise ChildFailedError(
torch.distributed.elastic.multiprocessing.errors.ChildFailedError: 
============================================================
/work/m24047/m24047brmn/nemo/OpenLLM-BPI-Training/training/train/test/train_ssa_fa.py FAILED
------------------------------------------------------------
Failures:
  <NO_OTHER_FAILURES>
------------------------------------------------------------
Root Cause (first observed failure):
[0]:
  time      : 2026-02-11_11:59:50
  host      : turpancomp2.calmip.local
  rank      : 4 (local_rank: 0)
  exitcode  : 1 (pid: 3175420)
  error_file: <N/A>
  traceback : To enable traceback see: https://pytorch.org/docs/stable/elastic/errors.html
============================================================
E0211 11:59:50.930000 1376187 torch/distributed/elastic/multiprocessing/api.py:870] failed (exitcode: 1) local_rank: 0 (pid: 1376292) of binary: /usr/bin/python
Traceback (most recent call last):
  File "/usr/local/bin/torchrun", line 33, in <module>
    sys.exit(load_entry_point('torch==2.7.0a0+7c8ec84dab.nv25.3', 'console_scripts', 'torchrun')())
             ^^^^^^^^^^^^^^^^^^^^^^^^^^^^^^^^^^^^^^^^^^^^^^^^^^^^^^^^^^^^^^^^^^^^^^^^^^^^^^^^^^^^^
  File "/usr/local/lib/python3.12/dist-packages/torch/distributed/elastic/multiprocessing/errors/__init__.py", line 355, in wrapper
    return f(*args, **kwargs)
           ^^^^^^^^^^^^^^^^^^
  File "/usr/local/lib/python3.12/dist-packages/torch/distributed/run.py", line 889, in main
    run(args)
  File "/usr/local/lib/python3.12/dist-packages/torch/distributed/run.py", line 880, in run
    elastic_launch(
  File "/usr/local/lib/python3.12/dist-packages/torch/distributed/launcher/api.py", line 139, in __call__
    return launch_agent(self._config, self._entrypoint, list(args))
           ^^^^^^^^^^^^^^^^^^^^^^^^^^^^^^^^^^^^^^^^^^^^^^^^^^^^^^^^
  File "/usr/local/lib/python3.12/dist-packages/torch/distributed/launcher/api.py", line 270, in launch_agent
    raise ChildFailedError(
torch.distributed.elastic.multiprocessing.errors.ChildFailedError: 
============================================================
/work/m24047/m24047brmn/nemo/OpenLLM-BPI-Training/training/train/test/train_ssa_fa.py FAILED
------------------------------------------------------------
Failures:
  <NO_OTHER_FAILURES>
------------------------------------------------------------
Root Cause (first observed failure):
[0]:
  time      : 2026-02-11_11:59:50
  host      : turpancomp0.calmip.local
  rank      : 0 (local_rank: 0)
  exitcode  : 1 (pid: 1376292)
  error_file: <N/A>
  traceback : To enable traceback see: https://pytorch.org/docs/stable/elastic/errors.html
============================================================
W0211 11:59:51.035000 2381040 torch/distributed/elastic/multiprocessing/api.py:898] Sending process 2381129 closing signal SIGTERM
E0211 11:59:51.119000 2381040 torch/distributed/elastic/multiprocessing/api.py:870] failed (exitcode: 1) local_rank: 0 (pid: 2381128) of binary: /usr/bin/python
[W211 11:59:51.956329365 TCPStore.cpp:115] [c10d] recvVector failed on SocketImpl(fd=3, addr=[turpancomp3]:55784, remote=[turpancomp0]:36790): failed to recv, got 0 bytes
Exception raised from recvBytes at /opt/pytorch/pytorch/torch/csrc/distributed/c10d/Utils.hpp:671 (most recent call first):
frame #0: c10::Error::Error(c10::SourceLocation, std::__cxx11::basic_string<char, std::char_traits<char>, std::allocator<char> >) + 0xd4 (0x400070e83cc4 in /usr/local/lib/python3.12/dist-packages/torch/lib/libc10.so)
frame #1: <unknown function> + 0x5a291f0 (0x400026b991f0 in /usr/local/lib/python3.12/dist-packages/torch/lib/libtorch_cpu.so)
frame #2: <unknown function> + 0x5a2ae44 (0x400026b9ae44 in /usr/local/lib/python3.12/dist-packages/torch/lib/libtorch_cpu.so)
frame #3: <unknown function> + 0x5a2b878 (0x400026b9b878 in /usr/local/lib/python3.12/dist-packages/torch/lib/libtorch_cpu.so)
frame #4: <unknown function> + 0x5a2d0b4 (0x400026b9d0b4 in /usr/local/lib/python3.12/dist-packages/torch/lib/libtorch_cpu.so)
frame #5: c10d::TCPStore::compareSet(std::__cxx11::basic_string<char, std::char_traits<char>, std::allocator<char> > const&, std::vector<unsigned char, std::allocator<unsigned char> > const&, std::vector<unsigned char, std::allocator<unsigned char> > const&) + 0x1bc (0x400026b9e41c in /usr/local/lib/python3.12/dist-packages/torch/lib/libtorch_cpu.so)
frame #6: <unknown function> + 0xf50c90 (0x400021030c90 in /usr/local/lib/python3.12/dist-packages/torch/lib/libtorch_python.so)
frame #7: <unknown function> + 0x594060 (0x400020674060 in /usr/local/lib/python3.12/dist-packages/torch/lib/libtorch_python.so)
frame #8: /usr/bin/python() [0x5036b4]
frame #9: _PyObject_MakeTpCall + 0x78 (0x4c2c98 in /usr/bin/python)
frame #10: /usr/bin/python() [0x4c6f6c]
frame #11: _PyEval_EvalFrameDefault + 0x3cf4 (0x567308 in /usr/bin/python)
frame #12: _PyObject_Call_Prepend + 0xc4 (0x4c4774 in /usr/bin/python)
frame #13: /usr/bin/python() [0x528ba0]
frame #14: PyObject_Call + 0x6c (0x4c517c in /usr/bin/python)
frame #15: _PyEval_EvalFrameDefault + 0x3cf4 (0x567308 in /usr/bin/python)
frame #16: PyEval_EvalCode + 0x130 (0x562204 in /usr/bin/python)
frame #17: /usr/bin/python() [0x59c3c4]
frame #18: /usr/bin/python() [0x680e94]
frame #19: _PyRun_SimpleFileObject + 0x194 (0x680a68 in /usr/bin/python)
frame #20: _PyRun_AnyFileObject + 0x54 (0x680834 in /usr/bin/python)
frame #21: Py_RunMain + 0x2dc (0x68b83c in /usr/bin/python)
frame #22: Py_BytesMain + 0x28 (0x68b3f8 in /usr/bin/python)
frame #23: <unknown function> + 0x284c4 (0x40001f3f84c4 in /lib/aarch64-linux-gnu/libc.so.6)
frame #24: __libc_start_main + 0x98 (0x40001f3f8598 in /lib/aarch64-linux-gnu/libc.so.6)
frame #25: _start + 0x30 (0x5f6df0 in /usr/bin/python)

W0211 11:59:51.128000 2381040 torch/distributed/elastic/rendezvous/dynamic_rendezvous.py:1284] The node 'turpancomp3.calmip.local_2381040_0' has failed to shutdown the rendezvous '76789' due to an error of type RendezvousConnectionError.
[W211 11:59:51.961831047 TCPStore.cpp:106] [c10d] sendBytes failed on SocketImpl(fd=3, addr=[turpancomp3]:55784, remote=[turpancomp0]:36790): Broken pipe
Exception raised from sendBytes at /opt/pytorch/pytorch/torch/csrc/distributed/c10d/Utils.hpp:646 (most recent call first):
frame #0: c10::Error::Error(c10::SourceLocation, std::__cxx11::basic_string<char, std::char_traits<char>, std::allocator<char> >) + 0xd4 (0x400070e83cc4 in /usr/local/lib/python3.12/dist-packages/torch/lib/libc10.so)
frame #1: <unknown function> + 0x5a291f0 (0x400026b991f0 in /usr/local/lib/python3.12/dist-packages/torch/lib/libtorch_cpu.so)
frame #2: <unknown function> + 0x5a2b0fc (0x400026b9b0fc in /usr/local/lib/python3.12/dist-packages/torch/lib/libtorch_cpu.so)
frame #3: <unknown function> + 0x5a2d704 (0x400026b9d704 in /usr/local/lib/python3.12/dist-packages/torch/lib/libtorch_cpu.so)
frame #4: c10d::TCPStore::compareSet(std::__cxx11::basic_string<char, std::char_traits<char>, std::allocator<char> > const&, std::vector<unsigned char, std::allocator<unsigned char> > const&, std::vector<unsigned char, std::allocator<unsigned char> > const&) + 0x1ac (0x400026b9e40c in /usr/local/lib/python3.12/dist-packages/torch/lib/libtorch_cpu.so)
frame #5: <unknown function> + 0xf50c90 (0x400021030c90 in /usr/local/lib/python3.12/dist-packages/torch/lib/libtorch_python.so)
frame #6: <unknown function> + 0x594060 (0x400020674060 in /usr/local/lib/python3.12/dist-packages/torch/lib/libtorch_python.so)
frame #7: /usr/bin/python() [0x5036b4]
frame #8: _PyObject_MakeTpCall + 0x78 (0x4c2c98 in /usr/bin/python)
frame #9: /usr/bin/python() [0x4c6f6c]
frame #10: _PyEval_EvalFrameDefault + 0x3cf4 (0x567308 in /usr/bin/python)
frame #11: _PyObject_Call_Prepend + 0xc4 (0x4c4774 in /usr/bin/python)
frame #12: /usr/bin/python() [0x528ba0]
frame #13: PyObject_Call + 0x6c (0x4c517c in /usr/bin/python)
frame #14: _PyEval_EvalFrameDefault + 0x3cf4 (0x567308 in /usr/bin/python)
frame #15: PyEval_EvalCode + 0x130 (0x562204 in /usr/bin/python)
frame #16: /usr/bin/python() [0x59c3c4]
frame #17: /usr/bin/python() [0x680e94]
frame #18: _PyRun_SimpleFileObject + 0x194 (0x680a68 in /usr/bin/python)
frame #19: _PyRun_AnyFileObject + 0x54 (0x680834 in /usr/bin/python)
frame #20: Py_RunMain + 0x2dc (0x68b83c in /usr/bin/python)
frame #21: Py_BytesMain + 0x28 (0x68b3f8 in /usr/bin/python)
frame #22: <unknown function> + 0x284c4 (0x40001f3f84c4 in /lib/aarch64-linux-gnu/libc.so.6)
frame #23: __libc_start_main + 0x98 (0x40001f3f8598 in /lib/aarch64-linux-gnu/libc.so.6)
frame #24: _start + 0x30 (0x5f6df0 in /usr/bin/python)

W0211 11:59:51.132000 2381040 torch/distributed/elastic/rendezvous/dynamic_rendezvous.py:1284] The node 'turpancomp3.calmip.local_2381040_0' has failed to shutdown the rendezvous '76789' due to an error of type RendezvousConnectionError.
[W211 11:59:51.965828717 TCPStore.cpp:106] [c10d] sendBytes failed on SocketImpl(fd=3, addr=[turpancomp3]:55784, remote=[turpancomp0]:36790): Broken pipe
Exception raised from sendBytes at /opt/pytorch/pytorch/torch/csrc/distributed/c10d/Utils.hpp:646 (most recent call first):
frame #0: c10::Error::Error(c10::SourceLocation, std::__cxx11::basic_string<char, std::char_traits<char>, std::allocator<char> >) + 0xd4 (0x400070e83cc4 in /usr/local/lib/python3.12/dist-packages/torch/lib/libc10.so)
frame #1: <unknown function> + 0x5a291f0 (0x400026b991f0 in /usr/local/lib/python3.12/dist-packages/torch/lib/libtorch_cpu.so)
frame #2: <unknown function> + 0x5a2b0fc (0x400026b9b0fc in /usr/local/lib/python3.12/dist-packages/torch/lib/libtorch_cpu.so)
frame #3: <unknown function> + 0x5a2d704 (0x400026b9d704 in /usr/local/lib/python3.12/dist-packages/torch/lib/libtorch_cpu.so)
frame #4: c10d::TCPStore::compareSet(std::__cxx11::basic_string<char, std::char_traits<char>, std::allocator<char> > const&, std::vector<unsigned char, std::allocator<unsigned char> > const&, std::vector<unsigned char, std::allocator<unsigned char> > const&) + 0x1ac (0x400026b9e40c in /usr/local/lib/python3.12/dist-packages/torch/lib/libtorch_cpu.so)
frame #5: <unknown function> + 0xf50c90 (0x400021030c90 in /usr/local/lib/python3.12/dist-packages/torch/lib/libtorch_python.so)
frame #6: <unknown function> + 0x594060 (0x400020674060 in /usr/local/lib/python3.12/dist-packages/torch/lib/libtorch_python.so)
frame #7: /usr/bin/python() [0x5036b4]
frame #8: _PyObject_MakeTpCall + 0x78 (0x4c2c98 in /usr/bin/python)
frame #9: /usr/bin/python() [0x4c6f6c]
frame #10: _PyEval_EvalFrameDefault + 0x3cf4 (0x567308 in /usr/bin/python)
frame #11: _PyObject_Call_Prepend + 0xc4 (0x4c4774 in /usr/bin/python)
frame #12: /usr/bin/python() [0x528ba0]
frame #13: PyObject_Call + 0x6c (0x4c517c in /usr/bin/python)
frame #14: _PyEval_EvalFrameDefault + 0x3cf4 (0x567308 in /usr/bin/python)
frame #15: PyEval_EvalCode + 0x130 (0x562204 in /usr/bin/python)
frame #16: /usr/bin/python() [0x59c3c4]
frame #17: /usr/bin/python() [0x680e94]
frame #18: _PyRun_SimpleFileObject + 0x194 (0x680a68 in /usr/bin/python)
frame #19: _PyRun_AnyFileObject + 0x54 (0x680834 in /usr/bin/python)
frame #20: Py_RunMain + 0x2dc (0x68b83c in /usr/bin/python)
frame #21: Py_BytesMain + 0x28 (0x68b3f8 in /usr/bin/python)
frame #22: <unknown function> + 0x284c4 (0x40001f3f84c4 in /lib/aarch64-linux-gnu/libc.so.6)
frame #23: __libc_start_main + 0x98 (0x40001f3f8598 in /lib/aarch64-linux-gnu/libc.so.6)
frame #24: _start + 0x30 (0x5f6df0 in /usr/bin/python)

W0211 11:59:51.136000 2381040 torch/distributed/elastic/rendezvous/dynamic_rendezvous.py:1284] The node 'turpancomp3.calmip.local_2381040_0' has failed to shutdown the rendezvous '76789' due to an error of type RendezvousConnectionError.
Traceback (most recent call last):
  File "/usr/local/bin/torchrun", line 33, in <module>
    sys.exit(load_entry_point('torch==2.7.0a0+7c8ec84dab.nv25.3', 'console_scripts', 'torchrun')())
             ^^^^^^^^^^^^^^^^^^^^^^^^^^^^^^^^^^^^^^^^^^^^^^^^^^^^^^^^^^^^^^^^^^^^^^^^^^^^^^^^^^^^^
  File "/usr/local/lib/python3.12/dist-packages/torch/distributed/elastic/multiprocessing/errors/__init__.py", line 355, in wrapper
    return f(*args, **kwargs)
           ^^^^^^^^^^^^^^^^^^
  File "/usr/local/lib/python3.12/dist-packages/torch/distributed/run.py", line 889, in main
    run(args)
  File "/usr/local/lib/python3.12/dist-packages/torch/distributed/run.py", line 880, in run
    elastic_launch(
  File "/usr/local/lib/python3.12/dist-packages/torch/distributed/launcher/api.py", line 139, in __call__
    return launch_agent(self._config, self._entrypoint, list(args))
           ^^^^^^^^^^^^^^^^^^^^^^^^^^^^^^^^^^^^^^^^^^^^^^^^^^^^^^^^
  File "/usr/local/lib/python3.12/dist-packages/torch/distributed/launcher/api.py", line 270, in launch_agent
    raise ChildFailedError(
torch.distributed.elastic.multiprocessing.errors.ChildFailedError: 
============================================================
/work/m24047/m24047brmn/nemo/OpenLLM-BPI-Training/training/train/test/train_ssa_fa.py FAILED
------------------------------------------------------------
Failures:
  <NO_OTHER_FAILURES>
------------------------------------------------------------
Root Cause (first observed failure):
[0]:
  time      : 2026-02-11_11:59:51
  host      : turpancomp3.calmip.local
  rank      : 6 (local_rank: 0)
  exitcode  : 1 (pid: 2381128)
  error_file: <N/A>
  traceback : To enable traceback see: https://pytorch.org/docs/stable/elastic/errors.html
============================================================
srun: error: turpancomp4: task 4: Exited with exit code 1
srun: error: turpancomp1: task 1: Exited with exit code 1
srun: error: turpancomp5: task 5: Exited with exit code 1
srun: error: turpancomp2: task 2: Exited with exit code 1
srun: error: turpancomp0: task 0: Exited with exit code 1
srun: error: turpancomp3: task 3: Exited with exit code 1
===========================================
SSA FlexAttention Training finished with status 1
===========================================
