==========================================
Starting Nemotron training (5 nodes x 2 GPUs)
Datamix:     /tmpdir/m24047brmn/nemo_1b/data/nemo1b_mock_datamix.json
Output:      /tmpdir/m24047brmn/nemo_1b/output
Nodes:       5
Resume Ckpt: /tmpdir/m24047brmn/nemo_1b/output/checkpoints/nemotron1b-1layer-test--step=step=9-consumed=consumed_samples=12800
Duration:    00:24:00:00
MASTER_ADDR: 10.158.1.104
MASTER_PORT: 35674
==========================================
W0129 19:18:05.835000 2651582 torch/distributed/run.py:763] 
W0129 19:18:05.835000 2651582 torch/distributed/run.py:763] *****************************************
W0129 19:18:05.835000 2651582 torch/distributed/run.py:763] Setting OMP_NUM_THREADS environment variable for each process to be 1 in default, to avoid your system being overloaded, please further tune the variable for optimal performance in your application as needed. 
W0129 19:18:05.835000 2651582 torch/distributed/run.py:763] *****************************************
W0129 19:18:05.951000 283102 torch/distributed/run.py:763] 
W0129 19:18:05.951000 283102 torch/distributed/run.py:763] *****************************************
W0129 19:18:05.951000 283102 torch/distributed/run.py:763] Setting OMP_NUM_THREADS environment variable for each process to be 1 in default, to avoid your system being overloaded, please further tune the variable for optimal performance in your application as needed. 
W0129 19:18:05.951000 283102 torch/distributed/run.py:763] *****************************************
W0129 19:18:05.977000 125161 torch/distributed/run.py:763] 
W0129 19:18:05.977000 125161 torch/distributed/run.py:763] *****************************************
W0129 19:18:05.977000 125161 torch/distributed/run.py:763] Setting OMP_NUM_THREADS environment variable for each process to be 1 in default, to avoid your system being overloaded, please further tune the variable for optimal performance in your application as needed. 
W0129 19:18:05.977000 125161 torch/distributed/run.py:763] *****************************************
W0129 19:18:06.066000 3046952 torch/distributed/run.py:763] 
W0129 19:18:06.066000 3046952 torch/distributed/run.py:763] *****************************************
W0129 19:18:06.066000 3046952 torch/distributed/run.py:763] Setting OMP_NUM_THREADS environment variable for each process to be 1 in default, to avoid your system being overloaded, please further tune the variable for optimal performance in your application as needed. 
W0129 19:18:06.066000 3046952 torch/distributed/run.py:763] *****************************************
W0129 19:18:06.119000 2885115 torch/distributed/run.py:763] 
W0129 19:18:06.119000 2885115 torch/distributed/run.py:763] *****************************************
W0129 19:18:06.119000 2885115 torch/distributed/run.py:763] Setting OMP_NUM_THREADS environment variable for each process to be 1 in default, to avoid your system being overloaded, please further tune the variable for optimal performance in your application as needed. 
W0129 19:18:06.119000 2885115 torch/distributed/run.py:763] *****************************************
[rank: 8] Seed set to 1234
[rank: 9] Seed set to 1234
[rank: 1] Seed set to 1234
[rank: 0] Seed set to 1234
[rank: 6] Seed set to 1234
[rank: 7] Seed set to 1234
[rank: 3] Seed set to 1234
[rank: 2] Seed set to 1234
[rank: 4] Seed set to 1234
[rank: 5] Seed set to 1234
INFO:faiss.loader:Loading faiss.
INFO:faiss.loader:Loading faiss.
INFO:faiss.loader:Loading faiss.
INFO:faiss.loader:Loading faiss.
INFO:faiss.loader:Successfully loaded faiss.
INFO:faiss.loader:Loading faiss.
INFO:faiss.loader:Loading faiss.
INFO:faiss.loader:Successfully loaded faiss.
INFO:faiss.loader:Successfully loaded faiss.
INFO:faiss.loader:Successfully loaded faiss.
INFO:faiss.loader:Successfully loaded faiss.
INFO:faiss.loader:Successfully loaded faiss.
INFO:faiss.loader:Loading faiss.
INFO:faiss.loader:Loading faiss.
INFO:faiss.loader:Loading faiss.
INFO:faiss.loader:Loading faiss.
INFO:faiss.loader:Successfully loaded faiss.
INFO:faiss.loader:Successfully loaded faiss.
INFO:faiss.loader:Successfully loaded faiss.
INFO:faiss.loader:Successfully loaded faiss.
[NeMo W 2026-01-29 19:18:40 nemo_logging:405] /usr/local/lib/python3.12/dist-packages/pydub/utils.py:170: RuntimeWarning: Couldn't find ffmpeg or avconv - defaulting to ffmpeg, but may not work
      warn("Couldn't find ffmpeg or avconv - defaulting to ffmpeg, but may not work", RuntimeWarning)
    
INFO:datasets:PyTorch version 2.7.0a0+7c8ec84dab.nv25.3 available.
INFO:datasets:Polars version 1.21.0 available.
INFO:datasets:PyTorch version 2.7.0a0+7c8ec84dab.nv25.3 available.
INFO:datasets:Polars version 1.21.0 available.
INFO:datasets:PyTorch version 2.7.0a0+7c8ec84dab.nv25.3 available.
INFO:datasets:Polars version 1.21.0 available.
INFO:datasets:PyTorch version 2.7.0a0+7c8ec84dab.nv25.3 available.
INFO:datasets:Polars version 1.21.0 available.
INFO:datasets:PyTorch version 2.7.0a0+7c8ec84dab.nv25.3 available.
INFO:datasets:Polars version 1.21.0 available.
INFO:datasets:PyTorch version 2.7.0a0+7c8ec84dab.nv25.3 available.
INFO:datasets:Polars version 1.21.0 available.
INFO:datasets:PyTorch version 2.7.0a0+7c8ec84dab.nv25.3 available.
INFO:datasets:Polars version 1.21.0 available.
INFO:datasets:PyTorch version 2.7.0a0+7c8ec84dab.nv25.3 available.
INFO:datasets:Polars version 1.21.0 available.
INFO:datasets:PyTorch version 2.7.0a0+7c8ec84dab.nv25.3 available.
INFO:datasets:Polars version 1.21.0 available.
INFO:datasets:PyTorch version 2.7.0a0+7c8ec84dab.nv25.3 available.
INFO:datasets:Polars version 1.21.0 available.
INFO:utils:{'data_path': '/tmpdir/m24047brmn/nemo_1b/data', 'train': [{'name': 'train_text_document', 'weight': 1.0}], 'total_tokens': 1000000}
INFO:utils:{'data_path': '/tmpdir/m24047brmn/nemo_1b/data', 'train': [{'name': 'train_text_document', 'weight': 1.0}], 'total_tokens': 1000000}
INFO:utils:Find tokenizer: /work/m24047/m24047brmn/tokenizers/minitron-4b
INFO:__main__:Global batch size: 1280
INFO:__main__:Sequence length: 1024
INFO:__main__:Tokens per batch: 1310720
INFO:__main__:Total tokens in datamix: 1000000
INFO:__main__:Patched megatron.core.optimizer.get_megatron_optimizer (accepted params: {'config', 'use_gloo_process_groups', 'no_weight_decay_cond', 'model_chunks', 'lr_mult', 'scale_lr_cond'})
INFO:utils:Find tokenizer: /work/m24047/m24047brmn/tokenizers/minitron-4b
INFO:__main__:Global batch size: 1280
INFO:__main__:Sequence length: 1024
INFO:__main__:Tokens per batch: 1310720
INFO:__main__:Total tokens in datamix: 1000000
INFO:__main__:Patched megatron.core.optimizer.get_megatron_optimizer (accepted params: {'no_weight_decay_cond', 'scale_lr_cond', 'lr_mult', 'use_gloo_process_groups', 'model_chunks', 'config'})
INFO:utils:{'data_path': '/tmpdir/m24047brmn/nemo_1b/data', 'train': [{'name': 'train_text_document', 'weight': 1.0}], 'total_tokens': 1000000}
INFO:utils:{'data_path': '/tmpdir/m24047brmn/nemo_1b/data', 'train': [{'name': 'train_text_document', 'weight': 1.0}], 'total_tokens': 1000000}
INFO:utils:Find tokenizer: /work/m24047/m24047brmn/tokenizers/minitron-4b
INFO:__main__:Global batch size: 1280
INFO:__main__:Sequence length: 1024
INFO:__main__:Tokens per batch: 1310720
INFO:__main__:Total tokens in datamix: 1000000
INFO:__main__:Patched megatron.core.optimizer.get_megatron_optimizer (accepted params: {'lr_mult', 'config', 'model_chunks', 'no_weight_decay_cond', 'scale_lr_cond', 'use_gloo_process_groups'})
INFO:utils:Find tokenizer: /work/m24047/m24047brmn/tokenizers/minitron-4b
INFO:__main__:Global batch size: 1280
INFO:__main__:Sequence length: 1024
INFO:__main__:Tokens per batch: 1310720
INFO:__main__:Total tokens in datamix: 1000000
INFO:__main__:Patched megatron.core.optimizer.get_megatron_optimizer (accepted params: {'model_chunks', 'config', 'no_weight_decay_cond', 'lr_mult', 'use_gloo_process_groups', 'scale_lr_cond'})
INFO:utils:{'data_path': '/tmpdir/m24047brmn/nemo_1b/data', 'train': [{'name': 'train_text_document', 'weight': 1.0}], 'total_tokens': 1000000}
INFO:utils:{'data_path': '/tmpdir/m24047brmn/nemo_1b/data', 'train': [{'name': 'train_text_document', 'weight': 1.0}], 'total_tokens': 1000000}
INFO:utils:Find tokenizer: /work/m24047/m24047brmn/tokenizers/minitron-4b
INFO:__main__:Global batch size: 1280
INFO:__main__:Sequence length: 1024
INFO:__main__:Tokens per batch: 1310720
INFO:__main__:Total tokens in datamix: 1000000
INFO:__main__:Patched megatron.core.optimizer.get_megatron_optimizer (accepted params: {'lr_mult', 'use_gloo_process_groups', 'model_chunks', 'no_weight_decay_cond', 'config', 'scale_lr_cond'})
[NeMo I 2026-01-29 19:18:49 nemo_logging:393] Getting HuggingFace AutoTokenizer with pretrained_model_name: /work/m24047/m24047brmn/tokenizers/minitron-4b, vocab_file: None, merges_files: None, special_tokens_dict: {}, and use_fast: True
INFO:utils:Find tokenizer: /work/m24047/m24047brmn/tokenizers/minitron-4b
INFO:__main__:Global batch size: 1280
INFO:__main__:Sequence length: 1024
INFO:__main__:Tokens per batch: 1310720
INFO:__main__:Total tokens in datamix: 1000000
INFO:__main__:Patched megatron.core.optimizer.get_megatron_optimizer (accepted params: {'config', 'no_weight_decay_cond', 'model_chunks', 'use_gloo_process_groups', 'scale_lr_cond', 'lr_mult'})
INFO:utils:{'data_path': '/tmpdir/m24047brmn/nemo_1b/data', 'train': [{'name': 'train_text_document', 'weight': 1.0}], 'total_tokens': 1000000}
INFO:utils:{'data_path': '/tmpdir/m24047brmn/nemo_1b/data', 'train': [{'name': 'train_text_document', 'weight': 1.0}], 'total_tokens': 1000000}
INFO:utils:Find tokenizer: /work/m24047/m24047brmn/tokenizers/minitron-4b
INFO:__main__:Global batch size: 1280
INFO:__main__:Sequence length: 1024
INFO:__main__:Tokens per batch: 1310720
INFO:__main__:Total tokens in datamix: 1000000
INFO:__main__:Patched megatron.core.optimizer.get_megatron_optimizer (accepted params: {'lr_mult', 'use_gloo_process_groups', 'scale_lr_cond', 'model_chunks', 'config', 'no_weight_decay_cond'})
INFO:utils:Find tokenizer: /work/m24047/m24047brmn/tokenizers/minitron-4b
INFO:__main__:Global batch size: 1280
INFO:__main__:Sequence length: 1024
INFO:__main__:Tokens per batch: 1310720
INFO:__main__:Total tokens in datamix: 1000000
INFO:__main__:Patched megatron.core.optimizer.get_megatron_optimizer (accepted params: {'config', 'use_gloo_process_groups', 'no_weight_decay_cond', 'scale_lr_cond', 'lr_mult', 'model_chunks'})
INFO:utils:{'data_path': '/tmpdir/m24047brmn/nemo_1b/data', 'train': [{'name': 'train_text_document', 'weight': 1.0}], 'total_tokens': 1000000}
INFO:utils:{'data_path': '/tmpdir/m24047brmn/nemo_1b/data', 'train': [{'name': 'train_text_document', 'weight': 1.0}], 'total_tokens': 1000000}
INFO:utils:Find tokenizer: /work/m24047/m24047brmn/tokenizers/minitron-4b
INFO:__main__:Global batch size: 1280
INFO:__main__:Sequence length: 1024
INFO:__main__:Tokens per batch: 1310720
INFO:__main__:Total tokens in datamix: 1000000
INFO:__main__:Patched megatron.core.optimizer.get_megatron_optimizer (accepted params: {'no_weight_decay_cond', 'config', 'use_gloo_process_groups', 'model_chunks', 'lr_mult', 'scale_lr_cond'})
INFO:utils:Find tokenizer: /work/m24047/m24047brmn/tokenizers/minitron-4b
INFO:__main__:Global batch size: 1280
INFO:__main__:Sequence length: 1024
INFO:__main__:Tokens per batch: 1310720
INFO:__main__:Total tokens in datamix: 1000000
INFO:__main__:Patched megatron.core.optimizer.get_megatron_optimizer (accepted params: {'model_chunks', 'scale_lr_cond', 'use_gloo_process_groups', 'no_weight_decay_cond', 'config', 'lr_mult'})
INFO:__main__:Configuring resume from checkpoint: /tmpdir/m24047brmn/nemo_1b/output/checkpoints/nemotron1b-1layer-test--step=step=9-consumed=consumed_samples=12800
INFO:__main__:Configuring resume from checkpoint: /tmpdir/m24047brmn/nemo_1b/output/checkpoints/nemotron1b-1layer-test--step=step=9-consumed=consumed_samples=12800
INFO:__main__:Configuring resume from checkpoint: /tmpdir/m24047brmn/nemo_1b/output/checkpoints/nemotron1b-1layer-test--step=step=9-consumed=consumed_samples=12800
INFO:__main__:Configuring resume from checkpoint: /tmpdir/m24047brmn/nemo_1b/output/checkpoints/nemotron1b-1layer-test--step=step=9-consumed=consumed_samples=12800
INFO:__main__:Configuring resume from checkpoint: /tmpdir/m24047brmn/nemo_1b/output/checkpoints/nemotron1b-1layer-test--step=step=9-consumed=consumed_samples=12800
INFO:__main__:Configuring resume from checkpoint: /tmpdir/m24047brmn/nemo_1b/output/checkpoints/nemotron1b-1layer-test--step=step=9-consumed=consumed_samples=12800
INFO:utils:Config saved to /tmpdir/m24047brmn/nemo_1b/output/job_75673/config_nemotron1b-1layer-test.json
INFO:utils:Config saved to /tmpdir/m24047brmn/nemo_1b/output/job_75673/config_nemotron1b-1layer-test.json
INFO:utils:Config saved to /tmpdir/m24047brmn/nemo_1b/output/job_75673/config_nemotron1b-1layer-test.json
INFO:utils:Config saved to /tmpdir/m24047brmn/nemo_1b/output/job_75673/config_nemotron1b-1layer-test.json
INFO:utils:Config saved to /tmpdir/m24047brmn/nemo_1b/output/job_75673/config_nemotron1b-1layer-test.json
INFO:utils:Config saved to /tmpdir/m24047brmn/nemo_1b/output/job_75673/config_nemotron1b-1layer-test.json
INFO:__main__:Configuring resume from checkpoint: /tmpdir/m24047brmn/nemo_1b/output/checkpoints/nemotron1b-1layer-test--step=step=9-consumed=consumed_samples=12800
INFO:__main__:Configuring resume from checkpoint: /tmpdir/m24047brmn/nemo_1b/output/checkpoints/nemotron1b-1layer-test--step=step=9-consumed=consumed_samples=12800
INFO:__main__:Configuring resume from checkpoint: /tmpdir/m24047brmn/nemo_1b/output/checkpoints/nemotron1b-1layer-test--step=step=9-consumed=consumed_samples=12800
INFO:__main__:Configuring resume from checkpoint: /tmpdir/m24047brmn/nemo_1b/output/checkpoints/nemotron1b-1layer-test--step=step=9-consumed=consumed_samples=12800
INFO: GPU available: True (cuda), used: True
INFO:lightning.pytorch.utilities.rank_zero:GPU available: True (cuda), used: True
INFO: TPU available: False, using: 0 TPU cores
INFO:lightning.pytorch.utilities.rank_zero:TPU available: False, using: 0 TPU cores
INFO: HPU available: False, using: 0 HPUs
INFO:lightning.pytorch.utilities.rank_zero:HPU available: False, using: 0 HPUs
[NeMo W 2026-01-29 19:18:52 nemo_logging:405] No version folders would be created under the log folder as 'resume_if_exists' is enabled.
[NeMo I 2026-01-29 19:18:52 nemo_logging:393] Experiments will be logged at /tmpdir/m24047brmn/nemo_1b/output/nemotron1b-1layer-test
[NeMo W 2026-01-29 19:18:52 nemo_logging:405] "update_logger_directory" is True. Overwriting tensorboard logger "save_dir" to /tmpdir/m24047brmn/nemo_1b/output/tb_logs
[NeMo W 2026-01-29 19:18:52 nemo_logging:405] The Trainer already contains a ModelCheckpoint callback. This will be overwritten.
INFO:utils:Config saved to /tmpdir/m24047brmn/nemo_1b/output/job_75673/config_nemotron1b-1layer-test.json
INFO:utils:Config saved to /tmpdir/m24047brmn/nemo_1b/output/job_75673/config_nemotron1b-1layer-test.json
INFO:utils:Config saved to /tmpdir/m24047brmn/nemo_1b/output/job_75673/config_nemotron1b-1layer-test.json
INFO:utils:Config saved to /tmpdir/m24047brmn/nemo_1b/output/job_75673/config_nemotron1b-1layer-test.json
[NeMo I 2026-01-29 19:18:55 nemo_logging:393] Fixing mis-match between ddp-config & mcore-optimizer config
[NeMo I 2026-01-29 19:18:55 nemo_logging:393] Rank 0 has data parallel group : [0, 1, 2, 3, 4, 5, 6, 7, 8, 9]
[NeMo I 2026-01-29 19:18:55 nemo_logging:393] Rank 0 has combined group of data parallel and context parallel : [0, 1, 2, 3, 4, 5, 6, 7, 8, 9]
[NeMo I 2026-01-29 19:18:55 nemo_logging:393] All data parallel group ranks with context parallel combined: [[0, 1, 2, 3, 4, 5, 6, 7, 8, 9]]
[NeMo I 2026-01-29 19:18:55 nemo_logging:393] Ranks 0 has data parallel rank: 0
[NeMo I 2026-01-29 19:18:55 nemo_logging:393] Rank 0 has context parallel group: [0]
[NeMo I 2026-01-29 19:18:55 nemo_logging:393] All context parallel group ranks: [[0], [1], [2], [3], [4], [5], [6], [7], [8], [9]]
[NeMo I 2026-01-29 19:18:55 nemo_logging:393] Ranks 0 has context parallel rank: 0
[NeMo I 2026-01-29 19:18:55 nemo_logging:393] Rank 0 has model parallel group: [0]
[NeMo I 2026-01-29 19:18:55 nemo_logging:393] All model parallel group ranks: [[0], [1], [2], [3], [4], [5], [6], [7], [8], [9]]
[NeMo I 2026-01-29 19:18:55 nemo_logging:393] Rank 0 has tensor model parallel group: [0]
[NeMo I 2026-01-29 19:18:55 nemo_logging:393] All tensor model parallel group ranks: [[0], [1], [2], [3], [4], [5], [6], [7], [8], [9]]
[NeMo I 2026-01-29 19:18:55 nemo_logging:393] Rank 0 has tensor model parallel rank: 0
[NeMo I 2026-01-29 19:18:55 nemo_logging:393] Rank 0 has pipeline model parallel group: [0]
[NeMo I 2026-01-29 19:18:55 nemo_logging:393] Rank 0 has embedding group: [0]
[NeMo I 2026-01-29 19:18:55 nemo_logging:393] All pipeline model parallel group ranks: [[0], [1], [2], [3], [4], [5], [6], [7], [8], [9]]
[NeMo I 2026-01-29 19:18:55 nemo_logging:393] Rank 0 has pipeline model parallel rank 0
[NeMo I 2026-01-29 19:18:55 nemo_logging:393] All embedding group ranks: [[0], [1], [2], [3], [4], [5], [6], [7], [8], [9]]
[NeMo I 2026-01-29 19:18:55 nemo_logging:393] Rank 0 has embedding rank: 0
INFO:nemo.lightning.pytorch.strategies.megatron_strategy:Initializing distributed: GLOBAL_RANK: 0, MEMBER: 1/10
INFO: ----------------------------------------------------------------------------------------------------
distributed_backend=nccl
All distributed processes registered. Starting with 10 processes
----------------------------------------------------------------------------------------------------

INFO:lightning.pytorch.utilities.rank_zero:----------------------------------------------------------------------------------------------------
distributed_backend=nccl
All distributed processes registered. Starting with 10 processes
----------------------------------------------------------------------------------------------------

INFO:nemo.lightning.pytorch.strategies.megatron_strategy:Initializing distributed: GLOBAL_RANK: 6, MEMBER: 7/10
INFO:nemo.lightning.pytorch.strategies.megatron_strategy:Initializing distributed: GLOBAL_RANK: 8, MEMBER: 9/10
INFO:nemo.lightning.pytorch.strategies.megatron_strategy:Initializing distributed: GLOBAL_RANK: 2, MEMBER: 3/10
INFO:nemo.lightning.pytorch.strategies.megatron_strategy:Initializing distributed: GLOBAL_RANK: 4, MEMBER: 5/10
INFO:nemo.lightning.pytorch.strategies.megatron_strategy:Initializing distributed: GLOBAL_RANK: 1, MEMBER: 2/10
INFO:nemo.lightning.pytorch.strategies.megatron_strategy:Initializing distributed: GLOBAL_RANK: 7, MEMBER: 8/10
INFO:nemo.lightning.pytorch.strategies.megatron_strategy:Initializing distributed: GLOBAL_RANK: 9, MEMBER: 10/10
INFO:nemo.lightning.pytorch.strategies.megatron_strategy:Initializing distributed: GLOBAL_RANK: 3, MEMBER: 4/10
INFO:nemo.lightning.pytorch.strategies.megatron_strategy:Initializing distributed: GLOBAL_RANK: 5, MEMBER: 6/10
[NeMo I 2026-01-29 19:18:58 utils:532] Let split_matrix = [(0, 1.0), None, None]
[NeMo I 2026-01-29 19:18:58 utils:532] Building GPTDataset splits with sizes=[12800, 0, 40960] and config=GPTDatasetConfig(random_seed=1234, sequence_length=1024, blend=[['/tmpdir/m24047brmn/nemo_1b/data/train_text_document'], None], blend_per_split=None, split='1,0,0', split_matrix=[(0, 1.0), None, None], num_dataset_builder_threads=1, path_to_cache='/tmpdir/m24047brmn/nemo_1b/output/index_mapping', mmap_bin_files=True, mock=False, tokenizer=<nemo.collections.common.tokenizers.huggingface.auto_tokenizer.AutoTokenizer object at 0x40014bef7a40>, reset_position_ids=False, reset_attention_mask=False, eod_mask_loss=False, create_attention_mask=False, drop_last_partial_validation_sequence=True, add_extra_token_to_sequence=True, s3_cache_path=None)
[NeMo I 2026-01-29 19:18:58 utils:532] Load the _IndexReader from /tmpdir/m24047brmn/nemo_1b/data/train_text_document.idx
[NeMo I 2026-01-29 19:18:58 utils:532] 	Extract the sequence lengths
[NeMo I 2026-01-29 19:18:58 utils:532] 	Extract the sequence pointers
[NeMo I 2026-01-29 19:18:58 utils:532] 	Extract the document indices
[NeMo I 2026-01-29 19:18:58 utils:532] > total number of sequences: 12000
[NeMo I 2026-01-29 19:18:58 utils:532] > total number of documents: 12000
[NeMo I 2026-01-29 19:18:58 utils:532] Load the GPTDataset train indices
[NeMo I 2026-01-29 19:18:58 utils:532] 	Load the document index from 2ff60b5d728ae60f1dc16c6f57d962ec-GPTDataset-train-document_index.npy
[NeMo I 2026-01-29 19:18:58 utils:532] 	Load the sample index from 2ff60b5d728ae60f1dc16c6f57d962ec-GPTDataset-train-sample_index.npy
[NeMo I 2026-01-29 19:18:58 utils:532] 	Load the shuffle index from 2ff60b5d728ae60f1dc16c6f57d962ec-GPTDataset-train-shuffle_index.npy
[NeMo I 2026-01-29 19:18:58 utils:532] > total number of samples: 13671
[NeMo I 2026-01-29 19:18:59 nemo_logging:393] Padded vocab_size: 256000, original vocab_size: 256000, dummy tokens: 0.
INFO: LOCAL_RANK: 1 - CUDA_VISIBLE_DEVICES: [0,1]
INFO:lightning.pytorch.accelerators.cuda:LOCAL_RANK: 1 - CUDA_VISIBLE_DEVICES: [0,1]
INFO: LOCAL_RANK: 0 - CUDA_VISIBLE_DEVICES: [0,1]
INFO:lightning.pytorch.accelerators.cuda:LOCAL_RANK: 0 - CUDA_VISIBLE_DEVICES: [0,1]
INFO: LOCAL_RANK: 0 - CUDA_VISIBLE_DEVICES: [0,1]
INFO:lightning.pytorch.accelerators.cuda:LOCAL_RANK: 0 - CUDA_VISIBLE_DEVICES: [0,1]
INFO: LOCAL_RANK: 0 - CUDA_VISIBLE_DEVICES: [0,1]
INFO:lightning.pytorch.accelerators.cuda:LOCAL_RANK: 0 - CUDA_VISIBLE_DEVICES: [0,1]
INFO: LOCAL_RANK: 1 - CUDA_VISIBLE_DEVICES: [0,1]
INFO:lightning.pytorch.accelerators.cuda:LOCAL_RANK: 1 - CUDA_VISIBLE_DEVICES: [0,1]
INFO: LOCAL_RANK: 0 - CUDA_VISIBLE_DEVICES: [0,1]
INFO:lightning.pytorch.accelerators.cuda:LOCAL_RANK: 0 - CUDA_VISIBLE_DEVICES: [0,1]
[NeMo I 2026-01-29 19:18:59 nemo_logging:393] Copying Trainer's 'max_steps' (10) to LR scheduler's 'max_steps'.
[NeMo I 2026-01-29 19:18:59 num_microbatches_calculator:228] setting number of microbatches to constant 128
INFO: LOCAL_RANK: 0 - CUDA_VISIBLE_DEVICES: [0,1]
INFO:lightning.pytorch.accelerators.cuda:LOCAL_RANK: 0 - CUDA_VISIBLE_DEVICES: [0,1]
INFO: LOCAL_RANK: 1 - CUDA_VISIBLE_DEVICES: [0,1]
INFO:lightning.pytorch.accelerators.cuda:LOCAL_RANK: 1 - CUDA_VISIBLE_DEVICES: [0,1]
INFO: LOCAL_RANK: 1 - CUDA_VISIBLE_DEVICES: [0,1]
INFO:lightning.pytorch.accelerators.cuda:LOCAL_RANK: 1 - CUDA_VISIBLE_DEVICES: [0,1]
INFO: LOCAL_RANK: 1 - CUDA_VISIBLE_DEVICES: [0,1]
INFO:lightning.pytorch.accelerators.cuda:LOCAL_RANK: 1 - CUDA_VISIBLE_DEVICES: [0,1]
[NeMo I 2026-01-29 19:18:59 nemo_logging:393]  > number of parameters on (tensor, pipeline) model parallel rank (0 ,0): 1581453312
[NeMo I 2026-01-29 19:18:59 utils:532] Setting up DistributedDataParallel with config DistributedDataParallelConfig(grad_reduce_in_fp32=True, overlap_grad_reduce=True, overlap_param_gather=True, align_param_gather=False, use_distributed_optimizer=True, num_distributed_optimizer_instances=1, check_for_nan_in_grad=True, check_for_large_grads=False, bucket_size=40000000, pad_buckets_for_high_nccl_busbw=False, average_in_collective=True, fp8_param_gather=False, use_custom_fsdp=False, data_parallel_sharding_strategy='no_shard', gradient_reduce_div_fusion=True, suggested_communication_unit_size=None, preserve_fp32_weights=True, keep_fp8_transpose_cache_when_using_custom_fsdp=False)
[NeMo I 2026-01-29 19:19:00 utils:553] Number of buckets for gradient all-reduce / reduce-scatter: 25
    Params for bucket 1 (44052480 elements, 44052480 padded size):
    	module.decoder.final_layernorm.bias
    	module.decoder.final_layernorm.weight
    	module.decoder.layers.23.mlp.linear_fc1.weight
    	module.decoder.layers.23.self_attention.linear_qkv.weight
    	module.decoder.layers.23.self_attention.linear_qkv.layer_norm_bias
    	module.decoder.layers.23.mlp.linear_fc1.layer_norm_bias
    	module.decoder.layers.23.mlp.linear_fc2.weight
    	module.decoder.layers.23.mlp.linear_fc1.layer_norm_weight
    	module.decoder.layers.23.self_attention.linear_qkv.layer_norm_weight
    	module.decoder.layers.23.self_attention.linear_proj.weight
    Params for bucket 2 (44048384 elements, 44048640 padded size):
    	module.decoder.layers.22.self_attention.linear_qkv.weight
    	module.decoder.layers.22.mlp.linear_fc1.weight
    	module.decoder.layers.22.self_attention.linear_qkv.layer_norm_bias
    	module.decoder.layers.22.mlp.linear_fc2.weight
    	module.decoder.layers.22.mlp.linear_fc1.layer_norm_weight
    	module.decoder.layers.22.mlp.linear_fc1.layer_norm_bias
    	module.decoder.layers.22.self_attention.linear_qkv.layer_norm_weight
    	module.decoder.layers.22.self_attention.linear_proj.weight
    Params for bucket 3 (44048384 elements, 44048640 padded size):
    	module.decoder.layers.21.self_attention.linear_qkv.weight
    	module.decoder.layers.21.mlp.linear_fc1.weight
    	module.decoder.layers.21.self_attention.linear_qkv.layer_norm_bias
    	module.decoder.layers.21.mlp.linear_fc2.weight
    	module.decoder.layers.21.mlp.linear_fc1.layer_norm_weight
    	module.decoder.layers.21.mlp.linear_fc1.layer_norm_bias
    	module.decoder.layers.21.self_attention.linear_qkv.layer_norm_weight
    	module.decoder.layers.21.self_attention.linear_proj.weight
    Params for bucket 4 (44048384 elements, 44048640 padded size):
    	module.decoder.layers.20.mlp.linear_fc1.weight
    	module.decoder.layers.20.self_attention.linear_qkv.weight
    	module.decoder.layers.20.self_attention.linear_qkv.layer_norm_bias
    	module.decoder.layers.20.mlp.linear_fc2.weight
    	module.decoder.layers.20.mlp.linear_fc1.layer_norm_bias
    	module.decoder.layers.20.mlp.linear_fc1.layer_norm_weight
    	module.decoder.layers.20.self_attention.linear_qkv.layer_norm_weight
    	module.decoder.layers.20.self_attention.linear_proj.weight
    Params for bucket 5 (44048384 elements, 44048640 padded size):
    	module.decoder.layers.19.mlp.linear_fc1.weight
    	module.decoder.layers.19.self_attention.linear_qkv.weight
    	module.decoder.layers.19.self_attention.linear_qkv.layer_norm_bias
    	module.decoder.layers.19.mlp.linear_fc2.weight
    	module.decoder.layers.19.mlp.linear_fc1.layer_norm_bias
    	module.decoder.layers.19.mlp.linear_fc1.layer_norm_weight
    	module.decoder.layers.19.self_attention.linear_qkv.layer_norm_weight
    	module.decoder.layers.19.self_attention.linear_proj.weight
    Params for bucket 6 (44048384 elements, 44048640 padded size):
    	module.decoder.layers.18.mlp.linear_fc2.weight
    	module.decoder.layers.18.mlp.linear_fc1.layer_norm_bias
    	module.decoder.layers.18.mlp.linear_fc1.layer_norm_weight
    	module.decoder.layers.18.self_attention.linear_qkv.layer_norm_weight
    	module.decoder.layers.18.self_attention.linear_proj.weight
    	module.decoder.layers.18.self_attention.linear_qkv.weight
    	module.decoder.layers.18.mlp.linear_fc1.weight
    	module.decoder.layers.18.self_attention.linear_qkv.layer_norm_bias
    Params for bucket 7 (44048384 elements, 44048640 padded size):
    	module.decoder.layers.17.mlp.linear_fc2.weight
    	module.decoder.layers.17.mlp.linear_fc1.layer_norm_weight
    	module.decoder.layers.17.mlp.linear_fc1.layer_norm_bias
    	module.decoder.layers.17.self_attention.linear_qkv.layer_norm_weight
    	module.decoder.layers.17.self_attention.linear_proj.weight
    	module.decoder.layers.17.mlp.linear_fc1.weight
    	module.decoder.layers.17.self_attention.linear_qkv.weight
    	module.decoder.layers.17.self_attention.linear_qkv.layer_norm_bias
    Params for bucket 8 (44048384 elements, 44048640 padded size):
    	module.decoder.layers.16.self_attention.linear_qkv.weight
    	module.decoder.layers.16.mlp.linear_fc1.weight
    	module.decoder.layers.16.self_attention.linear_qkv.layer_norm_bias
    	module.decoder.layers.16.mlp.linear_fc2.weight
    	module.decoder.layers.16.mlp.linear_fc1.layer_norm_bias
    	module.decoder.layers.16.mlp.linear_fc1.layer_norm_weight
    	module.decoder.layers.16.self_attention.linear_qkv.layer_norm_weight
    	module.decoder.layers.16.self_attention.linear_proj.weight
    Params for bucket 9 (44048384 elements, 44048640 padded size):
    	module.decoder.layers.15.mlp.linear_fc1.weight
    	module.decoder.layers.15.self_attention.linear_qkv.weight
    	module.decoder.layers.15.self_attention.linear_qkv.layer_norm_bias
    	module.decoder.layers.15.mlp.linear_fc2.weight
    	module.decoder.layers.15.mlp.linear_fc1.layer_norm_bias
    	module.decoder.layers.15.mlp.linear_fc1.layer_norm_weight
    	module.decoder.layers.15.self_attention.linear_qkv.layer_norm_weight
    	module.decoder.layers.15.self_attention.linear_proj.weight
    Params for bucket 10 (44048384 elements, 44048640 padded size):
    	module.decoder.layers.14.self_attention.linear_qkv.weight
    	module.decoder.layers.14.mlp.linear_fc1.weight
    	module.decoder.layers.14.self_attention.linear_qkv.layer_norm_bias
    	module.decoder.layers.14.mlp.linear_fc2.weight
    	module.decoder.layers.14.mlp.linear_fc1.layer_norm_weight
    	module.decoder.layers.14.mlp.linear_fc1.layer_norm_bias
    	module.decoder.layers.14.self_attention.linear_qkv.layer_norm_weight
    	module.decoder.layers.14.self_attention.linear_proj.weight
    Params for bucket 11 (44048384 elements, 44048640 padded size):
    	module.decoder.layers.13.self_attention.linear_qkv.weight
    	module.decoder.layers.13.mlp.linear_fc1.weight
    	module.decoder.layers.13.self_attention.linear_qkv.layer_norm_bias
    	module.decoder.layers.13.mlp.linear_fc2.weight
    	module.decoder.layers.13.mlp.linear_fc1.layer_norm_weight
    	module.decoder.layers.13.mlp.linear_fc1.layer_norm_bias
    	module.decoder.layers.13.self_attention.linear_qkv.layer_norm_weight
    	module.decoder.layers.13.self_attention.linear_proj.weight
    Params for bucket 12 (44048384 elements, 44048640 padded size):
    	module.decoder.layers.12.mlp.linear_fc1.weight
    	module.decoder.layers.12.self_attention.linear_qkv.weight
    	module.decoder.layers.12.self_attention.linear_qkv.layer_norm_bias
    	module.decoder.layers.12.mlp.linear_fc2.weight
    	module.decoder.layers.12.mlp.linear_fc1.layer_norm_bias
    	module.decoder.layers.12.mlp.linear_fc1.layer_norm_weight
    	module.decoder.layers.12.self_attention.linear_qkv.layer_norm_weight
    	module.decoder.layers.12.self_attention.linear_proj.weight
    Params for bucket 13 (44048384 elements, 44048640 padded size):
    	module.decoder.layers.11.mlp.linear_fc1.weight
    	module.decoder.layers.11.self_attention.linear_qkv.weight
    	module.decoder.layers.11.self_attention.linear_qkv.layer_norm_bias
    	module.decoder.layers.11.mlp.linear_fc2.weight
    	module.decoder.layers.11.mlp.linear_fc1.layer_norm_bias
    	module.decoder.layers.11.mlp.linear_fc1.layer_norm_weight
    	module.decoder.layers.11.self_attention.linear_qkv.layer_norm_weight
    	module.decoder.layers.11.self_attention.linear_proj.weight
    Params for bucket 14 (44048384 elements, 44048640 padded size):
    	module.decoder.layers.10.self_attention.linear_qkv.weight
    	module.decoder.layers.10.mlp.linear_fc1.weight
    	module.decoder.layers.10.self_attention.linear_qkv.layer_norm_bias
    	module.decoder.layers.10.mlp.linear_fc2.weight
    	module.decoder.layers.10.mlp.linear_fc1.layer_norm_bias
    	module.decoder.layers.10.mlp.linear_fc1.layer_norm_weight
    	module.decoder.layers.10.self_attention.linear_qkv.layer_norm_weight
    	module.decoder.layers.10.self_attention.linear_proj.weight
    Params for bucket 15 (44048384 elements, 44048640 padded size):
    	module.decoder.layers.9.mlp.linear_fc2.weight
    	module.decoder.layers.9.self_attention.linear_qkv.weight
    	module.decoder.layers.9.mlp.linear_fc1.weight
    	module.decoder.layers.9.self_attention.linear_qkv.layer_norm_bias
    	module.decoder.layers.9.mlp.linear_fc1.layer_norm_weight
    	module.decoder.layers.9.mlp.linear_fc1.layer_norm_bias
    	module.decoder.layers.9.self_attention.linear_qkv.layer_norm_weight
    	module.decoder.layers.9.self_attention.linear_proj.weight
    Params for bucket 16 (44048384 elements, 44048640 padded size):
    	module.decoder.layers.8.self_attention.linear_qkv.weight
    	module.decoder.layers.8.mlp.linear_fc1.weight
    	module.decoder.layers.8.self_attention.linear_qkv.layer_norm_bias
    	module.decoder.layers.8.mlp.linear_fc2.weight
    	module.decoder.layers.8.mlp.linear_fc1.layer_norm_weight
    	module.decoder.layers.8.mlp.linear_fc1.layer_norm_bias
    	module.decoder.layers.8.self_attention.linear_qkv.layer_norm_weight
    	module.decoder.layers.8.self_attention.linear_proj.weight
    Params for bucket 17 (44048384 elements, 44048640 padded size):
    	module.decoder.layers.7.self_attention.linear_qkv.weight
    	module.decoder.layers.7.mlp.linear_fc1.weight
    	module.decoder.layers.7.self_attention.linear_qkv.layer_norm_bias
    	module.decoder.layers.7.mlp.linear_fc2.weight
    	module.decoder.layers.7.mlp.linear_fc1.layer_norm_bias
    	module.decoder.layers.7.mlp.linear_fc1.layer_norm_weight
    	module.decoder.layers.7.self_attention.linear_qkv.layer_norm_weight
    	module.decoder.layers.7.self_attention.linear_proj.weight
    Params for bucket 18 (44048384 elements, 44048640 padded size):
    	module.decoder.layers.6.mlp.linear_fc1.weight
    	module.decoder.layers.6.self_attention.linear_qkv.weight
    	module.decoder.layers.6.self_attention.linear_qkv.layer_norm_bias
    	module.decoder.layers.6.mlp.linear_fc2.weight
    	module.decoder.layers.6.mlp.linear_fc1.layer_norm_bias
    	module.decoder.layers.6.mlp.linear_fc1.layer_norm_weight
    	module.decoder.layers.6.self_attention.linear_qkv.layer_norm_weight
    	module.decoder.layers.6.self_attention.linear_proj.weight
    Params for bucket 19 (44048384 elements, 44048640 padded size):
    	module.decoder.layers.5.self_attention.linear_qkv.weight
    	module.decoder.layers.5.mlp.linear_fc1.weight
    	module.decoder.layers.5.self_attention.linear_qkv.layer_norm_bias
    	module.decoder.layers.5.mlp.linear_fc2.weight
    	module.decoder.layers.5.mlp.linear_fc1.layer_norm_weight
    	module.decoder.layers.5.mlp.linear_fc1.layer_norm_bias
    	module.decoder.layers.5.self_attention.linear_qkv.layer_norm_weight
    	module.decoder.layers.5.self_attention.linear_proj.weight
    Params for bucket 20 (44048384 elements, 44048640 padded size):
    	module.decoder.layers.4.self_attention.linear_qkv.weight
    	module.decoder.layers.4.mlp.linear_fc1.weight
    	module.decoder.layers.4.self_attention.linear_qkv.layer_norm_bias
    	module.decoder.layers.4.mlp.linear_fc2.weight
    	module.decoder.layers.4.mlp.linear_fc1.layer_norm_weight
    	module.decoder.layers.4.mlp.linear_fc1.layer_norm_bias
    	module.decoder.layers.4.self_attention.linear_qkv.layer_norm_weight
    	module.decoder.layers.4.self_attention.linear_proj.weight
    Params for bucket 21 (44048384 elements, 44048640 padded size):
    	module.decoder.layers.3.mlp.linear_fc1.weight
    	module.decoder.layers.3.self_attention.linear_qkv.weight
    	module.decoder.layers.3.self_attention.linear_qkv.layer_norm_bias
    	module.decoder.layers.3.mlp.linear_fc2.weight
    	module.decoder.layers.3.mlp.linear_fc1.layer_norm_bias
    	module.decoder.layers.3.mlp.linear_fc1.layer_norm_weight
    	module.decoder.layers.3.self_attention.linear_qkv.layer_norm_weight
    	module.decoder.layers.3.self_attention.linear_proj.weight
    Params for bucket 22 (44048384 elements, 44048640 padded size):
    	module.decoder.layers.2.mlp.linear_fc1.weight
    	module.decoder.layers.2.self_attention.linear_qkv.weight
    	module.decoder.layers.2.self_attention.linear_qkv.layer_norm_bias
    	module.decoder.layers.2.mlp.linear_fc2.weight
    	module.decoder.layers.2.mlp.linear_fc1.layer_norm_bias
    	module.decoder.layers.2.mlp.linear_fc1.layer_norm_weight
    	module.decoder.layers.2.self_attention.linear_qkv.layer_norm_weight
    	module.decoder.layers.2.self_attention.linear_proj.weight
    Params for bucket 23 (44048384 elements, 44048640 padded size):
    	module.decoder.layers.1.self_attention.linear_qkv.weight
    	module.decoder.layers.1.mlp.linear_fc1.weight
    	module.decoder.layers.1.mlp.linear_fc2.weight
    	module.decoder.layers.1.mlp.linear_fc1.layer_norm_weight
    	module.decoder.layers.1.mlp.linear_fc1.layer_norm_bias
    	module.decoder.layers.1.self_attention.linear_qkv.layer_norm_bias
    	module.decoder.layers.1.self_attention.linear_qkv.layer_norm_weight
    	module.decoder.layers.1.self_attention.linear_proj.weight
    Params for bucket 24 (44048384 elements, 44048640 padded size):
    	module.decoder.layers.0.mlp.linear_fc1.weight
    	module.decoder.layers.0.self_attention.linear_qkv.weight
    	module.decoder.layers.0.self_attention.linear_qkv.layer_norm_bias
    	module.decoder.layers.0.mlp.linear_fc2.weight
    	module.decoder.layers.0.mlp.linear_fc1.layer_norm_bias
    	module.decoder.layers.0.mlp.linear_fc1.layer_norm_weight
    	module.decoder.layers.0.self_attention.linear_qkv.layer_norm_weight
    	module.decoder.layers.0.self_attention.linear_proj.weight
    Params for bucket 25 (524288000 elements, 524288000 padded size):
    	module.embedding.word_embeddings.weight
[NeMo I 2026-01-29 19:19:00 utils:532] Setting up optimizer with config OptimizerConfig(optimizer='adam', lr=0.0003, min_lr=None, decoupled_lr=None, decoupled_min_lr=None, weight_decay=0.1, fp16=False, bf16=True, params_dtype=torch.bfloat16, use_precision_aware_optimizer=False, main_grads_dtype=torch.float32, main_params_dtype=torch.float32, exp_avg_dtype=torch.float32, exp_avg_sq_dtype=torch.float32, loss_scale=None, initial_loss_scale=4294967296, min_loss_scale=1.0, loss_scale_window=1000, hysteresis=2, adam_beta1=0.9, adam_beta2=0.95, adam_eps=1e-05, sgd_momentum=0.9, use_distributed_optimizer=True, overlap_param_gather_with_optimizer_step=False, optimizer_cpu_offload=False, optimizer_offload_fraction=0.0, use_torch_optimizer_for_cpu_offload=False, overlap_cpu_optimizer_d2h_h2d=False, pin_cpu_grads=True, pin_cpu_params=True, clip_grad=1.0, log_num_zeros_in_grad=False, barrier_with_L1_time=False, timers=None, config_logger_dir='')
INFO: 
  | Name   | Type | Params | Mode 
----------------------------------------
0 | module | DDP  | 1.6 B  | train
----------------------------------------
1.6 B     Trainable params
0         Non-trainable params
1.6 B     Total params
6,325.813 Total estimated model params size (MB)
491       Modules in train mode
0         Modules in eval mode
INFO:lightning.pytorch.callbacks.model_summary:
  | Name   | Type | Params | Mode 
----------------------------------------
0 | module | DDP  | 1.6 B  | train
----------------------------------------
1.6 B     Trainable params
0         Non-trainable params
1.6 B     Total params
6,325.813 Total estimated model params size (MB)
491       Modules in train mode
0         Modules in eval mode
INFO: Restoring states from the checkpoint path at /tmpdir/m24047brmn/nemo_1b/output/nemotron1b-1layer-test/checkpoints/model_name=0--val_loss=0.00-step=46-consumed_samples=60160.0-last/weights
INFO:lightning.pytorch.utilities.rank_zero:Restoring states from the checkpoint path at /tmpdir/m24047brmn/nemo_1b/output/nemotron1b-1layer-test/checkpoints/model_name=0--val_loss=0.00-step=46-consumed_samples=60160.0-last/weights
[NeMo I 2026-01-29 19:19:00 nemo_logging:393] Using <megatron.core.dist_checkpointing.strategies.fully_parallel.FullyParallelLoadStrategyWrapper object at 0x4002d7fba8a0> dist-ckpt load strategy.
[NeMo I 2026-01-29 19:19:22 nemo_logging:393] Global Checkpoint Load : Rank : 0 : Start time : 1769710740.148s : Time spent in load_checkpoint: 21.934s
INFO: *** Loaded DataModule state dict successfully. IGNORE PTL's warning below about the dataloader not being resumable. This is warning is expected because we are handling dataloader resumption manually in NeMo. ***
INFO:lightning.pytorch.utilities.rank_zero:*** Loaded DataModule state dict successfully. IGNORE PTL's warning below about the dataloader not being resumable. This is warning is expected because we are handling dataloader resumption manually in NeMo. ***
[NeMo I 2026-01-29 19:19:22 distrib_optimizer:784] Loading distributed optimizer sharded state of type fully_sharded_model_space
INFO: Restored all states from the checkpoint at /tmpdir/m24047brmn/nemo_1b/output/nemotron1b-1layer-test/checkpoints/model_name=0--val_loss=0.00-step=46-consumed_samples=60160.0-last/weights
INFO:lightning.pytorch.utilities.rank_zero:Restored all states from the checkpoint at /tmpdir/m24047brmn/nemo_1b/output/nemotron1b-1layer-test/checkpoints/model_name=0--val_loss=0.00-step=46-consumed_samples=60160.0-last/weights
INFO:root:Instantiating MegatronPretrainingSampler with total_samples: 13671 and consumed_samples: 60160
INFO:root:Instantiating MegatronPretrainingSampler with total_samples: 13671 and consumed_samples: 60160
INFO:root:Instantiating MegatronPretrainingSampler with total_samples: 13671 and consumed_samples: 60160
INFO:root:Instantiating MegatronPretrainingSampler with total_samples: 13671 and consumed_samples: 60160
INFO:root:Instantiating MegatronPretrainingSampler with total_samples: 13671 and consumed_samples: 60160
INFO:root:Instantiating MegatronPretrainingSampler with total_samples: 13671 and consumed_samples: 60160
INFO:root:Instantiating MegatronPretrainingSampler with total_samples: 13671 and consumed_samples: 60160
INFO:root:Instantiating MegatronPretrainingSampler with total_samples: 13671 and consumed_samples: 60160
INFO:root:Instantiating MegatronPretrainingSampler with total_samples: 13671 and consumed_samples: 60160
INFO:root:Instantiating MegatronPretrainingSampler with total_samples: 13671 and consumed_samples: 60160
[rank4]: Traceback (most recent call last):
[rank4]:   File "/work/m24047/m24047brmn/nemo/OpenLLM-BPI-Training/training/train/test/train_model_1L.py", line 243, in <module>
[rank4]:     main()
[rank4]:   File "/work/m24047/m24047brmn/nemo/OpenLLM-BPI-Training/training/train/test/train_model_1L.py", line 237, in main
[rank4]:     recipe_obj()
[rank4]:   File "/opt/NeMo/nemo/collections/llm/api.py", line 171, in pretrain
[rank4]:     return train(
[rank4]:            ^^^^^^
[rank4]:   File "/opt/NeMo/nemo/collections/llm/api.py", line 127, in train
[rank4]:     trainer.fit(model, data)
[rank4]:   File "/usr/local/lib/python3.12/dist-packages/lightning/pytorch/trainer/trainer.py", line 538, in fit
[rank4]:     call._call_and_handle_interrupt(
[rank4]:   File "/usr/local/lib/python3.12/dist-packages/lightning/pytorch/trainer/call.py", line 46, in _call_and_handle_interrupt
[rank4]:     return trainer.strategy.launcher.launch(trainer_fn, *args, trainer=trainer, **kwargs)
[rank4]:            ^^^^^^^^^^^^^^^^^^^^^^^^^^^^^^^^^^^^^^^^^^^^^^^^^^^^^^^^^^^^^^^^^^^^^^^^^^^^^^
[rank4]:   File "/usr/local/lib/python3.12/dist-packages/lightning/pytorch/strategies/launchers/subprocess_script.py", line 105, in launch
[rank4]:     return function(*args, **kwargs)
[rank4]:            ^^^^^^^^^^^^^^^^^^^^^^^^^
[rank4]:   File "/usr/local/lib/python3.12/dist-packages/lightning/pytorch/trainer/trainer.py", line 574, in _fit_impl
[rank4]:     self._run(model, ckpt_path=ckpt_path)
[rank4]:   File "/usr/local/lib/python3.12/dist-packages/lightning/pytorch/trainer/trainer.py", line 981, in _run
[rank4]:     results = self._run_stage()
[rank4]:               ^^^^^^^^^^^^^^^^^
[rank4]:   File "/usr/local/lib/python3.12/dist-packages/lightning/pytorch/trainer/trainer.py", line 1025, in _run_stage
[rank4]:     self.fit_loop.run()
[rank4]:   File "/usr/local/lib/python3.12/dist-packages/lightning/pytorch/loops/fit_loop.py", line 197, in run
[rank4]:     self.setup_data()
[rank4]:   File "/usr/local/lib/python3.12/dist-packages/lightning/pytorch/loops/fit_loop.py", line 241, in setup_data
[rank4]:     dl = _process_dataloader(trainer, trainer_fn, stage, dl)
[rank4]:          ^^^^^^^^^^^^^^^^^^^^^^^^^^^^^^^^^^^^^^^^^^^^^^^^^^^
[rank4]:   File "/usr/local/lib/python3.12/dist-packages/lightning/pytorch/trainer/connectors/data_connector.py", line 487, in _process_dataloader
[rank4]:     dataloader = trainer.strategy.process_dataloader(dataloader)
[rank4]:                  ^^^^^^^^^^^^^^^^^^^^^^^^^^^^^^^^^^^^^^^^^^^^^^^
[rank4]:   File "/opt/NeMo/nemo/lightning/pytorch/strategies/megatron_strategy.py", line 583, in process_dataloader
[rank4]:     return self.data_sampler.transform_dataloader(dataloader)
[rank4]:            ^^^^^^^^^^^^^^^^^^^^^^^^^^^^^^^^^^^^^^^^^^^^^^^^^^
[rank4]:   File "/opt/NeMo/nemo/lightning/pytorch/plugins/data_sampler.py", line 76, in transform_dataloader
[rank4]:     return add_megatron_sampler(
[rank4]:            ^^^^^^^^^^^^^^^^^^^^^
[rank4]:   File "/opt/NeMo/nemo/lightning/data.py", line 183, in add_megatron_sampler
[rank4]:     batch_sampler = MegatronPretrainingSampler(
[rank4]:                     ^^^^^^^^^^^^^^^^^^^^^^^^^^^
[rank4]:   File "/opt/NeMo/nemo/lightning/data.py", line 337, in __init__
[rank4]:     raise RuntimeError(f"no samples left to consume: {consumed_samples}, {total_samples}")
[rank4]: RuntimeError: no samples left to consume: 60160, 13671
[rank3]: Traceback (most recent call last):
[rank3]:   File "/work/m24047/m24047brmn/nemo/OpenLLM-BPI-Training/training/train/test/train_model_1L.py", line 243, in <module>
[rank3]:     main()
[rank3]:   File "/work/m24047/m24047brmn/nemo/OpenLLM-BPI-Training/training/train/test/train_model_1L.py", line 237, in main
[rank3]:     recipe_obj()
[rank3]:   File "/opt/NeMo/nemo/collections/llm/api.py", line 171, in pretrain
[rank3]:     return train(
[rank3]:            ^^^^^^
[rank3]:   File "/opt/NeMo/nemo/collections/llm/api.py", line 127, in train
[rank3]:     trainer.fit(model, data)
[rank3]:   File "/usr/local/lib/python3.12/dist-packages/lightning/pytorch/trainer/trainer.py", line 538, in fit
[rank3]:     call._call_and_handle_interrupt(
[rank3]:   File "/usr/local/lib/python3.12/dist-packages/lightning/pytorch/trainer/call.py", line 46, in _call_and_handle_interrupt
[rank3]:     return trainer.strategy.launcher.launch(trainer_fn, *args, trainer=trainer, **kwargs)
[rank3]:            ^^^^^^^^^^^^^^^^^^^^^^^^^^^^^^^^^^^^^^^^^^^^^^^^^^^^^^^^^^^^^^^^^^^^^^^^^^^^^^
[rank3]:   File "/usr/local/lib/python3.12/dist-packages/lightning/pytorch/strategies/launchers/subprocess_script.py", line 105, in launch
[rank3]:     return function(*args, **kwargs)
[rank3]:            ^^^^^^^^^^^^^^^^^^^^^^^^^
[rank3]:   File "/usr/local/lib/python3.12/dist-packages/lightning/pytorch/trainer/trainer.py", line 574, in _fit_impl
[rank3]:     self._run(model, ckpt_path=ckpt_path)
[rank3]:   File "/usr/local/lib/python3.12/dist-packages/lightning/pytorch/trainer/trainer.py", line 981, in _run
[rank3]:     results = self._run_stage()
[rank3]:               ^^^^^^^^^^^^^^^^^
[rank3]:   File "/usr/local/lib/python3.12/dist-packages/lightning/pytorch/trainer/trainer.py", line 1025, in _run_stage
[rank3]:     self.fit_loop.run()
[rank3]:   File "/usr/local/lib/python3.12/dist-packages/lightning/pytorch/loops/fit_loop.py", line 197, in run
[rank3]:     self.setup_data()
[rank3]:   File "/usr/local/lib/python3.12/dist-packages/lightning/pytorch/loops/fit_loop.py", line 241, in setup_data
[rank3]:     dl = _process_dataloader(trainer, trainer_fn, stage, dl)
[rank3]:          ^^^^^^^^^^^^^^^^^^^^^^^^^^^^^^^^^^^^^^^^^^^^^^^^^^^
[rank3]:   File "/usr/local/lib/python3.12/dist-packages/lightning/pytorch/trainer/connectors/data_connector.py", line 487, in _process_dataloader
[rank3]:     dataloader = trainer.strategy.process_dataloader(dataloader)
[rank3]:                  ^^^^^^^^^^^^^^^^^^^^^^^^^^^^^^^^^^^^^^^^^^^^^^^
[rank3]:   File "/opt/NeMo/nemo/lightning/pytorch/strategies/megatron_strategy.py", line 583, in process_dataloader
[rank3]:     return self.data_sampler.transform_dataloader(dataloader)
[rank3]:            ^^^^^^^^^^^^^^^^^^^^^^^^^^^^^^^^^^^^^^^^^^^^^^^^^^
[rank3]:   File "/opt/NeMo/nemo/lightning/pytorch/plugins/data_sampler.py", line 76, in transform_dataloader
[rank3]:     return add_megatron_sampler(
[rank3]:            ^^^^^^^^^^^^^^^^^^^^^
[rank3]:   File "/opt/NeMo/nemo/lightning/data.py", line 183, in add_megatron_sampler
[rank3]:     batch_sampler = MegatronPretrainingSampler(
[rank3]:                     ^^^^^^^^^^^^^^^^^^^^^^^^^^^
[rank3]:   File "/opt/NeMo/nemo/lightning/data.py", line 337, in __init__
[rank3]:     raise RuntimeError(f"no samples left to consume: {consumed_samples}, {total_samples}")
[rank3]: RuntimeError: no samples left to consume: 60160, 13671
[rank1]: Traceback (most recent call last):
[rank1]:   File "/work/m24047/m24047brmn/nemo/OpenLLM-BPI-Training/training/train/test/train_model_1L.py", line 243, in <module>
[rank1]:     main()
[rank1]:   File "/work/m24047/m24047brmn/nemo/OpenLLM-BPI-Training/training/train/test/train_model_1L.py", line 237, in main
[rank1]:     recipe_obj()
[rank1]:   File "/opt/NeMo/nemo/collections/llm/api.py", line 171, in pretrain
[rank1]:     return train(
[rank1]:            ^^^^^^
[rank1]:   File "/opt/NeMo/nemo/collections/llm/api.py", line 127, in train
[rank1]:     trainer.fit(model, data)
[rank1]:   File "/usr/local/lib/python3.12/dist-packages/lightning/pytorch/trainer/trainer.py", line 538, in fit
[rank1]:     call._call_and_handle_interrupt(
[rank1]:   File "/usr/local/lib/python3.12/dist-packages/lightning/pytorch/trainer/call.py", line 46, in _call_and_handle_interrupt
[rank1]:     return trainer.strategy.launcher.launch(trainer_fn, *args, trainer=trainer, **kwargs)
[rank1]:            ^^^^^^^^^^^^^^^^^^^^^^^^^^^^^^^^^^^^^^^^^^^^^^^^^^^^^^^^^^^^^^^^^^^^^^^^^^^^^^
[rank1]:   File "/usr/local/lib/python3.12/dist-packages/lightning/pytorch/strategies/launchers/subprocess_script.py", line 105, in launch
[rank1]:     return function(*args, **kwargs)
[rank1]:            ^^^^^^^^^^^^^^^^^^^^^^^^^
[rank1]:   File "/usr/local/lib/python3.12/dist-packages/lightning/pytorch/trainer/trainer.py", line 574, in _fit_impl
[rank1]:     self._run(model, ckpt_path=ckpt_path)
[rank1]:   File "/usr/local/lib/python3.12/dist-packages/lightning/pytorch/trainer/trainer.py", line 981, in _run
[rank1]:     results = self._run_stage()
[rank1]:               ^^^^^^^^^^^^^^^^^
[rank1]:   File "/usr/local/lib/python3.12/dist-packages/lightning/pytorch/trainer/trainer.py", line 1025, in _run_stage
[rank1]:     self.fit_loop.run()
[rank1]:   File "/usr/local/lib/python3.12/dist-packages/lightning/pytorch/loops/fit_loop.py", line 197, in run
[rank1]:     self.setup_data()
[rank1]:   File "/usr/local/lib/python3.12/dist-packages/lightning/pytorch/loops/fit_loop.py", line 241, in setup_data
[rank1]:     dl = _process_dataloader(trainer, trainer_fn, stage, dl)
[rank1]:          ^^^^^^^^^^^^^^^^^^^^^^^^^^^^^^^^^^^^^^^^^^^^^^^^^^^
[rank1]:   File "/usr/local/lib/python3.12/dist-packages/lightning/pytorch/trainer/connectors/data_connector.py", line 487, in _process_dataloader
[rank1]:     dataloader = trainer.strategy.process_dataloader(dataloader)
[rank1]:                  ^^^^^^^^^^^^^^^^^^^^^^^^^^^^^^^^^^^^^^^^^^^^^^^
[rank1]:   File "/opt/NeMo/nemo/lightning/pytorch/strategies/megatron_strategy.py", line 583, in process_dataloader
[rank1]:     return self.data_sampler.transform_dataloader(dataloader)
[rank1]:            ^^^^^^^^^^^^^^^^^^^^^^^^^^^^^^^^^^^^^^^^^^^^^^^^^^
[rank1]:   File "/opt/NeMo/nemo/lightning/pytorch/plugins/data_sampler.py", line 76, in transform_dataloader
[rank1]:     return add_megatron_sampler(
[rank1]:            ^^^^^^^^^^^^^^^^^^^^^
[rank1]:   File "/opt/NeMo/nemo/lightning/data.py", line 183, in add_megatron_sampler
[rank1]:     batch_sampler = MegatronPretrainingSampler(
[rank1]:                     ^^^^^^^^^^^^^^^^^^^^^^^^^^^
[rank1]:   File "/opt/NeMo/nemo/lightning/data.py", line 337, in __init__
[rank1]:     raise RuntimeError(f"no samples left to consume: {consumed_samples}, {total_samples}")
[rank1]: RuntimeError: no samples left to consume: 60160, 13671
[rank5]: Traceback (most recent call last):
[rank5]:   File "/work/m24047/m24047brmn/nemo/OpenLLM-BPI-Training/training/train/test/train_model_1L.py", line 243, in <module>
[rank5]:     main()
[rank5]:   File "/work/m24047/m24047brmn/nemo/OpenLLM-BPI-Training/training/train/test/train_model_1L.py", line 237, in main
[rank5]:     recipe_obj()
[rank5]:   File "/opt/NeMo/nemo/collections/llm/api.py", line 171, in pretrain
[rank5]:     return train(
[rank5]:            ^^^^^^
[rank5]:   File "/opt/NeMo/nemo/collections/llm/api.py", line 127, in train
[rank5]:     trainer.fit(model, data)
[rank5]:   File "/usr/local/lib/python3.12/dist-packages/lightning/pytorch/trainer/trainer.py", line 538, in fit
[rank5]:     call._call_and_handle_interrupt(
[rank5]:   File "/usr/local/lib/python3.12/dist-packages/lightning/pytorch/trainer/call.py", line 46, in _call_and_handle_interrupt
[rank5]:     return trainer.strategy.launcher.launch(trainer_fn, *args, trainer=trainer, **kwargs)
[rank5]:            ^^^^^^^^^^^^^^^^^^^^^^^^^^^^^^^^^^^^^^^^^^^^^^^^^^^^^^^^^^^^^^^^^^^^^^^^^^^^^^
[rank5]:   File "/usr/local/lib/python3.12/dist-packages/lightning/pytorch/strategies/launchers/subprocess_script.py", line 105, in launch
[rank5]:     return function(*args, **kwargs)
[rank5]:            ^^^^^^^^^^^^^^^^^^^^^^^^^
[rank5]:   File "/usr/local/lib/python3.12/dist-packages/lightning/pytorch/trainer/trainer.py", line 574, in _fit_impl
[rank5]:     self._run(model, ckpt_path=ckpt_path)
[rank5]:   File "/usr/local/lib/python3.12/dist-packages/lightning/pytorch/trainer/trainer.py", line 981, in _run
[rank5]:     results = self._run_stage()
[rank5]:               ^^^^^^^^^^^^^^^^^
[rank5]:   File "/usr/local/lib/python3.12/dist-packages/lightning/pytorch/trainer/trainer.py", line 1025, in _run_stage
[rank5]:     self.fit_loop.run()
[rank5]:   File "/usr/local/lib/python3.12/dist-packages/lightning/pytorch/loops/fit_loop.py", line 197, in run
[rank5]:     self.setup_data()
[rank5]:   File "/usr/local/lib/python3.12/dist-packages/lightning/pytorch/loops/fit_loop.py", line 241, in setup_data
[rank5]:     dl = _process_dataloader(trainer, trainer_fn, stage, dl)
[rank5]:          ^^^^^^^^^^^^^^^^^^^^^^^^^^^^^^^^^^^^^^^^^^^^^^^^^^^
[rank5]:   File "/usr/local/lib/python3.12/dist-packages/lightning/pytorch/trainer/connectors/data_connector.py", line 487, in _process_dataloader
[rank5]:     dataloader = trainer.strategy.process_dataloader(dataloader)
[rank5]:                  ^^^^^^^^^^^^^^^^^^^^^^^^^^^^^^^^^^^^^^^^^^^^^^^
[rank5]:   File "/opt/NeMo/nemo/lightning/pytorch/strategies/megatron_strategy.py", line 583, in process_dataloader
[rank5]:     return self.data_sampler.transform_dataloader(dataloader)
[rank5]:            ^^^^^^^^^^^^^^^^^^^^^^^^^^^^^^^^^^^^^^^^^^^^^^^^^^
[rank5]:   File "/opt/NeMo/nemo/lightning/pytorch/plugins/data_sampler.py", line 76, in transform_dataloader
[rank5]:     return add_megatron_sampler(
[rank5]:            ^^^^^^^^^^^^^^^^^^^^^
[rank5]:   File "/opt/NeMo/nemo/lightning/data.py", line 183, in add_megatron_sampler
[rank5]:     batch_sampler = MegatronPretrainingSampler(
[rank5]:                     ^^^^^^^^^^^^^^^^^^^^^^^^^^^
[rank5]:   File "/opt/NeMo/nemo/lightning/data.py", line 337, in __init__
[rank5]:     raise RuntimeError(f"no samples left to consume: {consumed_samples}, {total_samples}")
[rank5]: RuntimeError: no samples left to consume: 60160, 13671
[rank2]: Traceback (most recent call last):
[rank2]:   File "/work/m24047/m24047brmn/nemo/OpenLLM-BPI-Training/training/train/test/train_model_1L.py", line 243, in <module>
[rank2]:     main()
[rank2]:   File "/work/m24047/m24047brmn/nemo/OpenLLM-BPI-Training/training/train/test/train_model_1L.py", line 237, in main
[rank2]:     recipe_obj()
[rank2]:   File "/opt/NeMo/nemo/collections/llm/api.py", line 171, in pretrain
[rank2]:     return train(
[rank2]:            ^^^^^^
[rank2]:   File "/opt/NeMo/nemo/collections/llm/api.py", line 127, in train
[rank2]:     trainer.fit(model, data)
[rank2]:   File "/usr/local/lib/python3.12/dist-packages/lightning/pytorch/trainer/trainer.py", line 538, in fit
[rank2]:     call._call_and_handle_interrupt(
[rank2]:   File "/usr/local/lib/python3.12/dist-packages/lightning/pytorch/trainer/call.py", line 46, in _call_and_handle_interrupt
[rank2]:     return trainer.strategy.launcher.launch(trainer_fn, *args, trainer=trainer, **kwargs)
[rank2]:            ^^^^^^^^^^^^^^^^^^^^^^^^^^^^^^^^^^^^^^^^^^^^^^^^^^^^^^^^^^^^^^^^^^^^^^^^^^^^^^
[rank2]:   File "/usr/local/lib/python3.12/dist-packages/lightning/pytorch/strategies/launchers/subprocess_script.py", line 105, in launch
[rank2]:     return function(*args, **kwargs)
[rank2]:            ^^^^^^^^^^^^^^^^^^^^^^^^^
[rank2]:   File "/usr/local/lib/python3.12/dist-packages/lightning/pytorch/trainer/trainer.py", line 574, in _fit_impl
[rank2]:     self._run(model, ckpt_path=ckpt_path)
[rank2]:   File "/usr/local/lib/python3.12/dist-packages/lightning/pytorch/trainer/trainer.py", line 981, in _run
[rank2]:     results = self._run_stage()
[rank2]:               ^^^^^^^^^^^^^^^^^
[rank2]:   File "/usr/local/lib/python3.12/dist-packages/lightning/pytorch/trainer/trainer.py", line 1025, in _run_stage
[rank2]:     self.fit_loop.run()
[rank2]:   File "/usr/local/lib/python3.12/dist-packages/lightning/pytorch/loops/fit_loop.py", line 197, in run
[rank2]:     self.setup_data()
[rank2]:   File "/usr/local/lib/python3.12/dist-packages/lightning/pytorch/loops/fit_loop.py", line 241, in setup_data
[rank2]:     dl = _process_dataloader(trainer, trainer_fn, stage, dl)
[rank2]:          ^^^^^^^^^^^^^^^^^^^^^^^^^^^^^^^^^^^^^^^^^^^^^^^^^^^
[rank2]:   File "/usr/local/lib/python3.12/dist-packages/lightning/pytorch/trainer/connectors/data_connector.py", line 487, in _process_dataloader
[rank2]:     dataloader = trainer.strategy.process_dataloader(dataloader)
[rank2]:                  ^^^^^^^^^^^^^^^^^^^^^^^^^^^^^^^^^^^^^^^^^^^^^^^
[rank2]:   File "/opt/NeMo/nemo/lightning/pytorch/strategies/megatron_strategy.py", line 583, in process_dataloader
[rank2]:     return self.data_sampler.transform_dataloader(dataloader)
[rank2]:            ^^^^^^^^^^^^^^^^^^^^^^^^^^^^^^^^^^^^^^^^^^^^^^^^^^
[rank2]:   File "/opt/NeMo/nemo/lightning/pytorch/plugins/data_sampler.py", line 76, in transform_dataloader
[rank2]:     return add_megatron_sampler(
[rank2]:            ^^^^^^^^^^^^^^^^^^^^^
[rank2]:   File "/opt/NeMo/nemo/lightning/data.py", line 183, in add_megatron_sampler
[rank2]:     batch_sampler = MegatronPretrainingSampler(
[rank2]:                     ^^^^^^^^^^^^^^^^^^^^^^^^^^^
[rank2]:   File "/opt/NeMo/nemo/lightning/data.py", line 337, in __init__
[rank2]:     raise RuntimeError(f"no samples left to consume: {consumed_samples}, {total_samples}")
[rank2]: RuntimeError: no samples left to consume: 60160, 13671
[rank0]: Traceback (most recent call last):
[rank0]:   File "/work/m24047/m24047brmn/nemo/OpenLLM-BPI-Training/training/train/test/train_model_1L.py", line 243, in <module>
[rank0]:     main()
[rank0]:   File "/work/m24047/m24047brmn/nemo/OpenLLM-BPI-Training/training/train/test/train_model_1L.py", line 237, in main
[rank0]:     recipe_obj()
[rank0]:   File "/opt/NeMo/nemo/collections/llm/api.py", line 171, in pretrain
[rank0]:     return train(
[rank0]:            ^^^^^^
[rank0]:   File "/opt/NeMo/nemo/collections/llm/api.py", line 127, in train
[rank0]:     trainer.fit(model, data)
[rank0]:   File "/usr/local/lib/python3.12/dist-packages/lightning/pytorch/trainer/trainer.py", line 538, in fit
[rank0]:     call._call_and_handle_interrupt(
[rank0]:   File "/usr/local/lib/python3.12/dist-packages/lightning/pytorch/trainer/call.py", line 46, in _call_and_handle_interrupt
[rank0]:     return trainer.strategy.launcher.launch(trainer_fn, *args, trainer=trainer, **kwargs)
[rank0]:            ^^^^^^^^^^^^^^^^^^^^^^^^^^^^^^^^^^^^^^^^^^^^^^^^^^^^^^^^^^^^^^^^^^^^^^^^^^^^^^
[rank0]:   File "/usr/local/lib/python3.12/dist-packages/lightning/pytorch/strategies/launchers/subprocess_script.py", line 105, in launch
[rank0]:     return function(*args, **kwargs)
[rank0]:            ^^^^^^^^^^^^^^^^^^^^^^^^^
[rank0]:   File "/usr/local/lib/python3.12/dist-packages/lightning/pytorch/trainer/trainer.py", line 574, in _fit_impl
[rank0]:     self._run(model, ckpt_path=ckpt_path)
[rank0]:   File "/usr/local/lib/python3.12/dist-packages/lightning/pytorch/trainer/trainer.py", line 981, in _run
[rank0]:     results = self._run_stage()
[rank0]:               ^^^^^^^^^^^^^^^^^
[rank0]:   File "/usr/local/lib/python3.12/dist-packages/lightning/pytorch/trainer/trainer.py", line 1025, in _run_stage
[rank0]:     self.fit_loop.run()
[rank0]:   File "/usr/local/lib/python3.12/dist-packages/lightning/pytorch/loops/fit_loop.py", line 197, in run
[rank0]:     self.setup_data()
[rank0]:   File "/usr/local/lib/python3.12/dist-packages/lightning/pytorch/loops/fit_loop.py", line 241, in setup_data
[rank0]:     dl = _process_dataloader(trainer, trainer_fn, stage, dl)
[rank0]:          ^^^^^^^^^^^^^^^^^^^^^^^^^^^^^^^^^^^^^^^^^^^^^^^^^^^
[rank0]:   File "/usr/local/lib/python3.12/dist-packages/lightning/pytorch/trainer/connectors/data_connector.py", line 487, in _process_dataloader
[rank0]:     dataloader = trainer.strategy.process_dataloader(dataloader)
[rank0]:                  ^^^^^^^^^^^^^^^^^^^^^^^^^^^^^^^^^^^^^^^^^^^^^^^
[rank0]:   File "/opt/NeMo/nemo/lightning/pytorch/strategies/megatron_strategy.py", line 583, in process_dataloader
[rank0]:     return self.data_sampler.transform_dataloader(dataloader)
[rank0]:            ^^^^^^^^^^^^^^^^^^^^^^^^^^^^^^^^^^^^^^^^^^^^^^^^^^
[rank0]:   File "/opt/NeMo/nemo/lightning/pytorch/plugins/data_sampler.py", line 76, in transform_dataloader
[rank0]:     return add_megatron_sampler(
[rank0]:            ^^^^^^^^^^^^^^^^^^^^^
[rank0]:   File "/opt/NeMo/nemo/lightning/data.py", line 183, in add_megatron_sampler
[rank0]:     batch_sampler = MegatronPretrainingSampler(
[rank0]:                     ^^^^^^^^^^^^^^^^^^^^^^^^^^^
[rank0]:   File "/opt/NeMo/nemo/lightning/data.py", line 337, in __init__
[rank0]:     raise RuntimeError(f"no samples left to consume: {consumed_samples}, {total_samples}")
[rank0]: RuntimeError: no samples left to consume: 60160, 13671
[rank9]: Traceback (most recent call last):
[rank9]:   File "/work/m24047/m24047brmn/nemo/OpenLLM-BPI-Training/training/train/test/train_model_1L.py", line 243, in <module>
[rank9]:     main()
[rank9]:   File "/work/m24047/m24047brmn/nemo/OpenLLM-BPI-Training/training/train/test/train_model_1L.py", line 237, in main
[rank9]:     recipe_obj()
[rank9]:   File "/opt/NeMo/nemo/collections/llm/api.py", line 171, in pretrain
[rank9]:     return train(
[rank9]:            ^^^^^^
[rank9]:   File "/opt/NeMo/nemo/collections/llm/api.py", line 127, in train
[rank9]:     trainer.fit(model, data)
[rank9]:   File "/usr/local/lib/python3.12/dist-packages/lightning/pytorch/trainer/trainer.py", line 538, in fit
[rank9]:     call._call_and_handle_interrupt(
[rank9]:   File "/usr/local/lib/python3.12/dist-packages/lightning/pytorch/trainer/call.py", line 46, in _call_and_handle_interrupt
[rank9]:     return trainer.strategy.launcher.launch(trainer_fn, *args, trainer=trainer, **kwargs)
[rank9]:            ^^^^^^^^^^^^^^^^^^^^^^^^^^^^^^^^^^^^^^^^^^^^^^^^^^^^^^^^^^^^^^^^^^^^^^^^^^^^^^
[rank9]:   File "/usr/local/lib/python3.12/dist-packages/lightning/pytorch/strategies/launchers/subprocess_script.py", line 105, in launch
[rank9]:     return function(*args, **kwargs)
[rank9]:            ^^^^^^^^^^^^^^^^^^^^^^^^^
[rank9]:   File "/usr/local/lib/python3.12/dist-packages/lightning/pytorch/trainer/trainer.py", line 574, in _fit_impl
[rank9]:     self._run(model, ckpt_path=ckpt_path)
[rank9]:   File "/usr/local/lib/python3.12/dist-packages/lightning/pytorch/trainer/trainer.py", line 981, in _run
[rank9]:     results = self._run_stage()
[rank9]:               ^^^^^^^^^^^^^^^^^
[rank9]:   File "/usr/local/lib/python3.12/dist-packages/lightning/pytorch/trainer/trainer.py", line 1025, in _run_stage
[rank9]:     self.fit_loop.run()
[rank9]:   File "/usr/local/lib/python3.12/dist-packages/lightning/pytorch/loops/fit_loop.py", line 197, in run
[rank9]:     self.setup_data()
[rank9]:   File "/usr/local/lib/python3.12/dist-packages/lightning/pytorch/loops/fit_loop.py", line 241, in setup_data
[rank9]:     dl = _process_dataloader(trainer, trainer_fn, stage, dl)
[rank9]:          ^^^^^^^^^^^^^^^^^^^^^^^^^^^^^^^^^^^^^^^^^^^^^^^^^^^
[rank9]:   File "/usr/local/lib/python3.12/dist-packages/lightning/pytorch/trainer/connectors/data_connector.py", line 487, in _process_dataloader
[rank9]:     dataloader = trainer.strategy.process_dataloader(dataloader)
[rank9]:                  ^^^^^^^^^^^^^^^^^^^^^^^^^^^^^^^^^^^^^^^^^^^^^^^
[rank9]:   File "/opt/NeMo/nemo/lightning/pytorch/strategies/megatron_strategy.py", line 583, in process_dataloader
[rank9]:     return self.data_sampler.transform_dataloader(dataloader)
[rank9]:            ^^^^^^^^^^^^^^^^^^^^^^^^^^^^^^^^^^^^^^^^^^^^^^^^^^
[rank9]:   File "/opt/NeMo/nemo/lightning/pytorch/plugins/data_sampler.py", line 76, in transform_dataloader
[rank9]:     return add_megatron_sampler(
[rank9]:            ^^^^^^^^^^^^^^^^^^^^^
[rank9]:   File "/opt/NeMo/nemo/lightning/data.py", line 183, in add_megatron_sampler
[rank9]:     batch_sampler = MegatronPretrainingSampler(
[rank9]:                     ^^^^^^^^^^^^^^^^^^^^^^^^^^^
[rank9]:   File "/opt/NeMo/nemo/lightning/data.py", line 337, in __init__
[rank9]:     raise RuntimeError(f"no samples left to consume: {consumed_samples}, {total_samples}")
[rank9]: RuntimeError: no samples left to consume: 60160, 13671
[rank8]: Traceback (most recent call last):
[rank8]:   File "/work/m24047/m24047brmn/nemo/OpenLLM-BPI-Training/training/train/test/train_model_1L.py", line 243, in <module>
[rank8]:     main()
[rank8]:   File "/work/m24047/m24047brmn/nemo/OpenLLM-BPI-Training/training/train/test/train_model_1L.py", line 237, in main
[rank8]:     recipe_obj()
[rank8]:   File "/opt/NeMo/nemo/collections/llm/api.py", line 171, in pretrain
[rank8]:     return train(
[rank8]:            ^^^^^^
[rank8]:   File "/opt/NeMo/nemo/collections/llm/api.py", line 127, in train
[rank8]:     trainer.fit(model, data)
[rank8]:   File "/usr/local/lib/python3.12/dist-packages/lightning/pytorch/trainer/trainer.py", line 538, in fit
[rank8]:     call._call_and_handle_interrupt(
[rank8]:   File "/usr/local/lib/python3.12/dist-packages/lightning/pytorch/trainer/call.py", line 46, in _call_and_handle_interrupt
[rank8]:     return trainer.strategy.launcher.launch(trainer_fn, *args, trainer=trainer, **kwargs)
[rank8]:            ^^^^^^^^^^^^^^^^^^^^^^^^^^^^^^^^^^^^^^^^^^^^^^^^^^^^^^^^^^^^^^^^^^^^^^^^^^^^^^
[rank8]:   File "/usr/local/lib/python3.12/dist-packages/lightning/pytorch/strategies/launchers/subprocess_script.py", line 105, in launch
[rank8]:     return function(*args, **kwargs)
[rank8]:            ^^^^^^^^^^^^^^^^^^^^^^^^^
[rank8]:   File "/usr/local/lib/python3.12/dist-packages/lightning/pytorch/trainer/trainer.py", line 574, in _fit_impl
[rank8]:     self._run(model, ckpt_path=ckpt_path)
[rank8]:   File "/usr/local/lib/python3.12/dist-packages/lightning/pytorch/trainer/trainer.py", line 981, in _run
[rank8]:     results = self._run_stage()
[rank8]:               ^^^^^^^^^^^^^^^^^
[rank8]:   File "/usr/local/lib/python3.12/dist-packages/lightning/pytorch/trainer/trainer.py", line 1025, in _run_stage
[rank8]:     self.fit_loop.run()
[rank8]:   File "/usr/local/lib/python3.12/dist-packages/lightning/pytorch/loops/fit_loop.py", line 197, in run
[rank8]:     self.setup_data()
[rank8]:   File "/usr/local/lib/python3.12/dist-packages/lightning/pytorch/loops/fit_loop.py", line 241, in setup_data
[rank8]:     dl = _process_dataloader(trainer, trainer_fn, stage, dl)
[rank8]:          ^^^^^^^^^^^^^^^^^^^^^^^^^^^^^^^^^^^^^^^^^^^^^^^^^^^
[rank8]:   File "/usr/local/lib/python3.12/dist-packages/lightning/pytorch/trainer/connectors/data_connector.py", line 487, in _process_dataloader
[rank8]:     dataloader = trainer.strategy.process_dataloader(dataloader)
[rank8]:                  ^^^^^^^^^^^^^^^^^^^^^^^^^^^^^^^^^^^^^^^^^^^^^^^
[rank8]:   File "/opt/NeMo/nemo/lightning/pytorch/strategies/megatron_strategy.py", line 583, in process_dataloader
[rank8]:     return self.data_sampler.transform_dataloader(dataloader)
[rank8]:            ^^^^^^^^^^^^^^^^^^^^^^^^^^^^^^^^^^^^^^^^^^^^^^^^^^
[rank8]:   File "/opt/NeMo/nemo/lightning/pytorch/plugins/data_sampler.py", line 76, in transform_dataloader
[rank8]:     return add_megatron_sampler(
[rank8]:            ^^^^^^^^^^^^^^^^^^^^^
[rank8]:   File "/opt/NeMo/nemo/lightning/data.py", line 183, in add_megatron_sampler
[rank8]:     batch_sampler = MegatronPretrainingSampler(
[rank8]:                     ^^^^^^^^^^^^^^^^^^^^^^^^^^^
[rank8]:   File "/opt/NeMo/nemo/lightning/data.py", line 337, in __init__
[rank8]:     raise RuntimeError(f"no samples left to consume: {consumed_samples}, {total_samples}")
[rank8]: RuntimeError: no samples left to consume: 60160, 13671
[rank6]: Traceback (most recent call last):
[rank6]:   File "/work/m24047/m24047brmn/nemo/OpenLLM-BPI-Training/training/train/test/train_model_1L.py", line 243, in <module>
[rank6]:     main()
[rank6]:   File "/work/m24047/m24047brmn/nemo/OpenLLM-BPI-Training/training/train/test/train_model_1L.py", line 237, in main
[rank6]:     recipe_obj()
[rank6]:   File "/opt/NeMo/nemo/collections/llm/api.py", line 171, in pretrain
[rank6]:     return train(
[rank6]:            ^^^^^^
[rank6]:   File "/opt/NeMo/nemo/collections/llm/api.py", line 127, in train
[rank6]:     trainer.fit(model, data)
[rank6]:   File "/usr/local/lib/python3.12/dist-packages/lightning/pytorch/trainer/trainer.py", line 538, in fit
[rank6]:     call._call_and_handle_interrupt(
[rank6]:   File "/usr/local/lib/python3.12/dist-packages/lightning/pytorch/trainer/call.py", line 46, in _call_and_handle_interrupt
[rank6]:     return trainer.strategy.launcher.launch(trainer_fn, *args, trainer=trainer, **kwargs)
[rank6]:            ^^^^^^^^^^^^^^^^^^^^^^^^^^^^^^^^^^^^^^^^^^^^^^^^^^^^^^^^^^^^^^^^^^^^^^^^^^^^^^
[rank6]:   File "/usr/local/lib/python3.12/dist-packages/lightning/pytorch/strategies/launchers/subprocess_script.py", line 105, in launch
[rank6]:     return function(*args, **kwargs)
[rank6]:            ^^^^^^^^^^^^^^^^^^^^^^^^^
[rank6]:   File "/usr/local/lib/python3.12/dist-packages/lightning/pytorch/trainer/trainer.py", line 574, in _fit_impl
[rank6]:     self._run(model, ckpt_path=ckpt_path)
[rank6]:   File "/usr/local/lib/python3.12/dist-packages/lightning/pytorch/trainer/trainer.py", line 981, in _run
[rank6]:     results = self._run_stage()
[rank6]:               ^^^^^^^^^^^^^^^^^
[rank6]:   File "/usr/local/lib/python3.12/dist-packages/lightning/pytorch/trainer/trainer.py", line 1025, in _run_stage
[rank6]:     self.fit_loop.run()
[rank6]:   File "/usr/local/lib/python3.12/dist-packages/lightning/pytorch/loops/fit_loop.py", line 197, in run
[rank6]:     self.setup_data()
[rank6]:   File "/usr/local/lib/python3.12/dist-packages/lightning/pytorch/loops/fit_loop.py", line 241, in setup_data
[rank6]:     dl = _process_dataloader(trainer, trainer_fn, stage, dl)
[rank6]:          ^^^^^^^^^^^^^^^^^^^^^^^^^^^^^^^^^^^^^^^^^^^^^^^^^^^
[rank6]:   File "/usr/local/lib/python3.12/dist-packages/lightning/pytorch/trainer/connectors/data_connector.py", line 487, in _process_dataloader
[rank6]:     dataloader = trainer.strategy.process_dataloader(dataloader)
[rank6]:                  ^^^^^^^^^^^^^^^^^^^^^^^^^^^^^^^^^^^^^^^^^^^^^^^
[rank6]:   File "/opt/NeMo/nemo/lightning/pytorch/strategies/megatron_strategy.py", line 583, in process_dataloader
[rank6]:     return self.data_sampler.transform_dataloader(dataloader)
[rank6]:            ^^^^^^^^^^^^^^^^^^^^^^^^^^^^^^^^^^^^^^^^^^^^^^^^^^
[rank6]:   File "/opt/NeMo/nemo/lightning/pytorch/plugins/data_sampler.py", line 76, in transform_dataloader
[rank6]:     return add_megatron_sampler(
[rank6]:            ^^^^^^^^^^^^^^^^^^^^^
[rank6]:   File "/opt/NeMo/nemo/lightning/data.py", line 183, in add_megatron_sampler
[rank6]:     batch_sampler = MegatronPretrainingSampler(
[rank6]:                     ^^^^^^^^^^^^^^^^^^^^^^^^^^^
[rank6]:   File "/opt/NeMo/nemo/lightning/data.py", line 337, in __init__
[rank6]:     raise RuntimeError(f"no samples left to consume: {consumed_samples}, {total_samples}")
[rank6]: RuntimeError: no samples left to consume: 60160, 13671
[rank7]: Traceback (most recent call last):
[rank7]:   File "/work/m24047/m24047brmn/nemo/OpenLLM-BPI-Training/training/train/test/train_model_1L.py", line 243, in <module>
[rank7]:     main()
[rank7]:   File "/work/m24047/m24047brmn/nemo/OpenLLM-BPI-Training/training/train/test/train_model_1L.py", line 237, in main
[rank7]:     recipe_obj()
[rank7]:   File "/opt/NeMo/nemo/collections/llm/api.py", line 171, in pretrain
[rank7]:     return train(
[rank7]:            ^^^^^^
[rank7]:   File "/opt/NeMo/nemo/collections/llm/api.py", line 127, in train
[rank7]:     trainer.fit(model, data)
[rank7]:   File "/usr/local/lib/python3.12/dist-packages/lightning/pytorch/trainer/trainer.py", line 538, in fit
[rank7]:     call._call_and_handle_interrupt(
[rank7]:   File "/usr/local/lib/python3.12/dist-packages/lightning/pytorch/trainer/call.py", line 46, in _call_and_handle_interrupt
[rank7]:     return trainer.strategy.launcher.launch(trainer_fn, *args, trainer=trainer, **kwargs)
[rank7]:            ^^^^^^^^^^^^^^^^^^^^^^^^^^^^^^^^^^^^^^^^^^^^^^^^^^^^^^^^^^^^^^^^^^^^^^^^^^^^^^
[rank7]:   File "/usr/local/lib/python3.12/dist-packages/lightning/pytorch/strategies/launchers/subprocess_script.py", line 105, in launch
[rank7]:     return function(*args, **kwargs)
[rank7]:            ^^^^^^^^^^^^^^^^^^^^^^^^^
[rank7]:   File "/usr/local/lib/python3.12/dist-packages/lightning/pytorch/trainer/trainer.py", line 574, in _fit_impl
[rank7]:     self._run(model, ckpt_path=ckpt_path)
[rank7]:   File "/usr/local/lib/python3.12/dist-packages/lightning/pytorch/trainer/trainer.py", line 981, in _run
[rank7]:     results = self._run_stage()
[rank7]:               ^^^^^^^^^^^^^^^^^
[rank7]:   File "/usr/local/lib/python3.12/dist-packages/lightning/pytorch/trainer/trainer.py", line 1025, in _run_stage
[rank7]:     self.fit_loop.run()
[rank7]:   File "/usr/local/lib/python3.12/dist-packages/lightning/pytorch/loops/fit_loop.py", line 197, in run
[rank7]:     self.setup_data()
[rank7]:   File "/usr/local/lib/python3.12/dist-packages/lightning/pytorch/loops/fit_loop.py", line 241, in setup_data
[rank7]:     dl = _process_dataloader(trainer, trainer_fn, stage, dl)
[rank7]:          ^^^^^^^^^^^^^^^^^^^^^^^^^^^^^^^^^^^^^^^^^^^^^^^^^^^
[rank7]:   File "/usr/local/lib/python3.12/dist-packages/lightning/pytorch/trainer/connectors/data_connector.py", line 487, in _process_dataloader
[rank7]:     dataloader = trainer.strategy.process_dataloader(dataloader)
[rank7]:                  ^^^^^^^^^^^^^^^^^^^^^^^^^^^^^^^^^^^^^^^^^^^^^^^
[rank7]:   File "/opt/NeMo/nemo/lightning/pytorch/strategies/megatron_strategy.py", line 583, in process_dataloader
[rank7]:     return self.data_sampler.transform_dataloader(dataloader)
[rank7]:            ^^^^^^^^^^^^^^^^^^^^^^^^^^^^^^^^^^^^^^^^^^^^^^^^^^
[rank7]:   File "/opt/NeMo/nemo/lightning/pytorch/plugins/data_sampler.py", line 76, in transform_dataloader
[rank7]:     return add_megatron_sampler(
[rank7]:            ^^^^^^^^^^^^^^^^^^^^^
[rank7]:   File "/opt/NeMo/nemo/lightning/data.py", line 183, in add_megatron_sampler
[rank7]:     batch_sampler = MegatronPretrainingSampler(
[rank7]:                     ^^^^^^^^^^^^^^^^^^^^^^^^^^^
[rank7]:   File "/opt/NeMo/nemo/lightning/data.py", line 337, in __init__
[rank7]:     raise RuntimeError(f"no samples left to consume: {consumed_samples}, {total_samples}")
[rank7]: RuntimeError: no samples left to consume: 60160, 13671
W0129 19:19:30.137000 2651582 torch/distributed/elastic/multiprocessing/api.py:898] Sending process 2651671 closing signal SIGTERM
E0129 19:19:30.141000 2651582 torch/distributed/elastic/multiprocessing/api.py:870] failed (exitcode: 1) local_rank: 1 (pid: 2651672) of binary: /usr/bin/python
Traceback (most recent call last):
  File "/usr/local/bin/torchrun", line 33, in <module>
    sys.exit(load_entry_point('torch==2.7.0a0+7c8ec84dab.nv25.3', 'console_scripts', 'torchrun')())
             ^^^^^^^^^^^^^^^^^^^^^^^^^^^^^^^^^^^^^^^^^^^^^^^^^^^^^^^^^^^^^^^^^^^^^^^^^^^^^^^^^^^^^
  File "/usr/local/lib/python3.12/dist-packages/torch/distributed/elastic/multiprocessing/errors/__init__.py", line 355, in wrapper
    return f(*args, **kwargs)
           ^^^^^^^^^^^^^^^^^^
  File "/usr/local/lib/python3.12/dist-packages/torch/distributed/run.py", line 889, in main
    run(args)
  File "/usr/local/lib/python3.12/dist-packages/torch/distributed/run.py", line 880, in run
    elastic_launch(
  File "/usr/local/lib/python3.12/dist-packages/torch/distributed/launcher/api.py", line 139, in __call__
    return launch_agent(self._config, self._entrypoint, list(args))
           ^^^^^^^^^^^^^^^^^^^^^^^^^^^^^^^^^^^^^^^^^^^^^^^^^^^^^^^^
  File "/usr/local/lib/python3.12/dist-packages/torch/distributed/launcher/api.py", line 270, in launch_agent
    raise ChildFailedError(
torch.distributed.elastic.multiprocessing.errors.ChildFailedError: 
============================================================
/work/m24047/m24047brmn/nemo/OpenLLM-BPI-Training/training/train/test/train_model_1L.py FAILED
------------------------------------------------------------
Failures:
  <NO_OTHER_FAILURES>
------------------------------------------------------------
Root Cause (first observed failure):
[0]:
  time      : 2026-01-29_19:19:30
  host      : turpancomp4.calmip.local
  rank      : 1 (local_rank: 1)
  exitcode  : 1 (pid: 2651672)
  error_file: <N/A>
  traceback : To enable traceback see: https://pytorch.org/docs/stable/elastic/errors.html
============================================================
W0129 19:19:30.165000 125161 torch/distributed/elastic/multiprocessing/api.py:898] Sending process 125249 closing signal SIGTERM
E0129 19:19:30.223000 3046952 torch/distributed/elastic/multiprocessing/api.py:870] failed (exitcode: 1) local_rank: 0 (pid: 3047038) of binary: /usr/bin/python
[W129 19:19:30.093057169 TCPStore.cpp:115] [c10d] recvVector failed on SocketImpl(fd=3, addr=[turpancomp6]:52530, remote=[turpancomp4]:35674): failed to recv, got 0 bytes
Exception raised from recvBytes at /opt/pytorch/pytorch/torch/csrc/distributed/c10d/Utils.hpp:671 (most recent call first):
frame #0: c10::Error::Error(c10::SourceLocation, std::__cxx11::basic_string<char, std::char_traits<char>, std::allocator<char> >) + 0xd4 (0x400065473cc4 in /usr/local/lib/python3.12/dist-packages/torch/lib/libc10.so)
frame #1: <unknown function> + 0x5a291f0 (0x40001b1891f0 in /usr/local/lib/python3.12/dist-packages/torch/lib/libtorch_cpu.so)
frame #2: <unknown function> + 0x5a2ae44 (0x40001b18ae44 in /usr/local/lib/python3.12/dist-packages/torch/lib/libtorch_cpu.so)
frame #3: <unknown function> + 0x5a2b878 (0x40001b18b878 in /usr/local/lib/python3.12/dist-packages/torch/lib/libtorch_cpu.so)
frame #4: <unknown function> + 0x5a2d0b4 (0x40001b18d0b4 in /usr/local/lib/python3.12/dist-packages/torch/lib/libtorch_cpu.so)
frame #5: c10d::TCPStore::compareSet(std::__cxx11::basic_string<char, std::char_traits<char>, std::allocator<char> > const&, std::vector<unsigned char, std::allocator<unsigned char> > const&, std::vector<unsigned char, std::allocator<unsigned char> > const&) + 0x1bc (0x40001b18e41c in /usr/local/lib/python3.12/dist-packages/torch/lib/libtorch_cpu.so)
frame #6: <unknown function> + 0xf50c90 (0x400015620c90 in /usr/local/lib/python3.12/dist-packages/torch/lib/libtorch_python.so)
frame #7: <unknown function> + 0x594060 (0x400014c64060 in /usr/local/lib/python3.12/dist-packages/torch/lib/libtorch_python.so)
frame #8: /usr/bin/python() [0x5036b4]
frame #9: _PyObject_MakeTpCall + 0x78 (0x4c2c98 in /usr/bin/python)
frame #10: /usr/bin/python() [0x4c6f6c]
frame #11: _PyEval_EvalFrameDefault + 0x3cf4 (0x567308 in /usr/bin/python)
frame #12: _PyObject_Call_Prepend + 0xc4 (0x4c4774 in /usr/bin/python)
frame #13: /usr/bin/python() [0x528ba0]
frame #14: PyObject_Call + 0x6c (0x4c517c in /usr/bin/python)
frame #15: _PyEval_EvalFrameDefault + 0x3cf4 (0x567308 in /usr/bin/python)
frame #16: PyEval_EvalCode + 0x130 (0x562204 in /usr/bin/python)
frame #17: /usr/bin/python() [0x59c3c4]
frame #18: /usr/bin/python() [0x680e94]
frame #19: _PyRun_SimpleFileObject + 0x194 (0x680a68 in /usr/bin/python)
frame #20: _PyRun_AnyFileObject + 0x54 (0x680834 in /usr/bin/python)
frame #21: Py_RunMain + 0x2dc (0x68b83c in /usr/bin/python)
frame #22: Py_BytesMain + 0x28 (0x68b3f8 in /usr/bin/python)
frame #23: <unknown function> + 0x284c4 (0x4000139e84c4 in /lib/aarch64-linux-gnu/libc.so.6)
frame #24: __libc_start_main + 0x98 (0x4000139e8598 in /lib/aarch64-linux-gnu/libc.so.6)
frame #25: _start + 0x30 (0x5f6df0 in /usr/bin/python)

W0129 19:19:30.233000 3046952 torch/distributed/elastic/rendezvous/dynamic_rendezvous.py:1284] The node 'turpancomp6.calmip.local_3046952_0' has failed to shutdown the rendezvous '75673' due to an error of type RendezvousConnectionError.
[W129 19:19:30.100816636 TCPStore.cpp:106] [c10d] sendBytes failed on SocketImpl(fd=3, addr=[turpancomp6]:52530, remote=[turpancomp4]:35674): Broken pipe
Exception raised from sendBytes at /opt/pytorch/pytorch/torch/csrc/distributed/c10d/Utils.hpp:646 (most recent call first):
frame #0: c10::Error::Error(c10::SourceLocation, std::__cxx11::basic_string<char, std::char_traits<char>, std::allocator<char> >) + 0xd4 (0x400065473cc4 in /usr/local/lib/python3.12/dist-packages/torch/lib/libc10.so)
frame #1: <unknown function> + 0x5a291f0 (0x40001b1891f0 in /usr/local/lib/python3.12/dist-packages/torch/lib/libtorch_cpu.so)
frame #2: <unknown function> + 0x5a2b0fc (0x40001b18b0fc in /usr/local/lib/python3.12/dist-packages/torch/lib/libtorch_cpu.so)
frame #3: <unknown function> + 0x5a2d704 (0x40001b18d704 in /usr/local/lib/python3.12/dist-packages/torch/lib/libtorch_cpu.so)
frame #4: c10d::TCPStore::compareSet(std::__cxx11::basic_string<char, std::char_traits<char>, std::allocator<char> > const&, std::vector<unsigned char, std::allocator<unsigned char> > const&, std::vector<unsigned char, std::allocator<unsigned char> > const&) + 0x1ac (0x40001b18e40c in /usr/local/lib/python3.12/dist-packages/torch/lib/libtorch_cpu.so)
frame #5: <unknown function> + 0xf50c90 (0x400015620c90 in /usr/local/lib/python3.12/dist-packages/torch/lib/libtorch_python.so)
frame #6: <unknown function> + 0x594060 (0x400014c64060 in /usr/local/lib/python3.12/dist-packages/torch/lib/libtorch_python.so)
frame #7: /usr/bin/python() [0x5036b4]
frame #8: _PyObject_MakeTpCall + 0x78 (0x4c2c98 in /usr/bin/python)
frame #9: /usr/bin/python() [0x4c6f6c]
frame #10: _PyEval_EvalFrameDefault + 0x3cf4 (0x567308 in /usr/bin/python)
frame #11: _PyObject_Call_Prepend + 0xc4 (0x4c4774 in /usr/bin/python)
frame #12: /usr/bin/python() [0x528ba0]
frame #13: PyObject_Call + 0x6c (0x4c517c in /usr/bin/python)
frame #14: _PyEval_EvalFrameDefault + 0x3cf4 (0x567308 in /usr/bin/python)
frame #15: PyEval_EvalCode + 0x130 (0x562204 in /usr/bin/python)
frame #16: /usr/bin/python() [0x59c3c4]
frame #17: /usr/bin/python() [0x680e94]
frame #18: _PyRun_SimpleFileObject + 0x194 (0x680a68 in /usr/bin/python)
frame #19: _PyRun_AnyFileObject + 0x54 (0x680834 in /usr/bin/python)
frame #20: Py_RunMain + 0x2dc (0x68b83c in /usr/bin/python)
frame #21: Py_BytesMain + 0x28 (0x68b3f8 in /usr/bin/python)
frame #22: <unknown function> + 0x284c4 (0x4000139e84c4 in /lib/aarch64-linux-gnu/libc.so.6)
frame #23: __libc_start_main + 0x98 (0x4000139e8598 in /lib/aarch64-linux-gnu/libc.so.6)
frame #24: _start + 0x30 (0x5f6df0 in /usr/bin/python)

E0129 19:19:30.237000 283102 torch/distributed/elastic/multiprocessing/api.py:870] failed (exitcode: 1) local_rank: 0 (pid: 283188) of binary: /usr/bin/python
W0129 19:19:30.237000 3046952 torch/distributed/elastic/rendezvous/dynamic_rendezvous.py:1284] The node 'turpancomp6.calmip.local_3046952_0' has failed to shutdown the rendezvous '75673' due to an error of type RendezvousConnectionError.
[W129 19:19:30.104908671 TCPStore.cpp:106] [c10d] sendBytes failed on SocketImpl(fd=3, addr=[turpancomp6]:52530, remote=[turpancomp4]:35674): Broken pipe
Exception raised from sendBytes at /opt/pytorch/pytorch/torch/csrc/distributed/c10d/Utils.hpp:646 (most recent call first):
frame #0: c10::Error::Error(c10::SourceLocation, std::__cxx11::basic_string<char, std::char_traits<char>, std::allocator<char> >) + 0xd4 (0x400065473cc4 in /usr/local/lib/python3.12/dist-packages/torch/lib/libc10.so)
frame #1: <unknown function> + 0x5a291f0 (0x40001b1891f0 in /usr/local/lib/python3.12/dist-packages/torch/lib/libtorch_cpu.so)
frame #2: <unknown function> + 0x5a2b0fc (0x40001b18b0fc in /usr/local/lib/python3.12/dist-packages/torch/lib/libtorch_cpu.so)
frame #3: <unknown function> + 0x5a2d704 (0x40001b18d704 in /usr/local/lib/python3.12/dist-packages/torch/lib/libtorch_cpu.so)
frame #4: c10d::TCPStore::compareSet(std::__cxx11::basic_string<char, std::char_traits<char>, std::allocator<char> > const&, std::vector<unsigned char, std::allocator<unsigned char> > const&, std::vector<unsigned char, std::allocator<unsigned char> > const&) + 0x1ac (0x40001b18e40c in /usr/local/lib/python3.12/dist-packages/torch/lib/libtorch_cpu.so)
frame #5: <unknown function> + 0xf50c90 (0x400015620c90 in /usr/local/lib/python3.12/dist-packages/torch/lib/libtorch_python.so)
frame #6: <unknown function> + 0x594060 (0x400014c64060 in /usr/local/lib/python3.12/dist-packages/torch/lib/libtorch_python.so)
frame #7: /usr/bin/python() [0x5036b4]
frame #8: _PyObject_MakeTpCall + 0x78 (0x4c2c98 in /usr/bin/python)
frame #9: /usr/bin/python() [0x4c6f6c]
frame #10: _PyEval_EvalFrameDefault + 0x3cf4 (0x567308 in /usr/bin/python)
frame #11: _PyObject_Call_Prepend + 0xc4 (0x4c4774 in /usr/bin/python)
frame #12: /usr/bin/python() [0x528ba0]
frame #13: PyObject_Call + 0x6c (0x4c517c in /usr/bin/python)
frame #14: _PyEval_EvalFrameDefault + 0x3cf4 (0x567308 in /usr/bin/python)
frame #15: PyEval_EvalCode + 0x130 (0x562204 in /usr/bin/python)
frame #16: /usr/bin/python() [0x59c3c4]
frame #17: /usr/bin/python() [0x680e94]
frame #18: _PyRun_SimpleFileObject + 0x194 (0x680a68 in /usr/bin/python)
frame #19: _PyRun_AnyFileObject + 0x54 (0x680834 in /usr/bin/python)
frame #20: Py_RunMain + 0x2dc (0x68b83c in /usr/bin/python)
frame #21: Py_BytesMain + 0x28 (0x68b3f8 in /usr/bin/python)
frame #22: <unknown function> + 0x284c4 (0x4000139e84c4 in /lib/aarch64-linux-gnu/libc.so.6)
frame #23: __libc_start_main + 0x98 (0x4000139e8598 in /lib/aarch64-linux-gnu/libc.so.6)
frame #24: _start + 0x30 (0x5f6df0 in /usr/bin/python)

W0129 19:19:30.241000 3046952 torch/distributed/elastic/rendezvous/dynamic_rendezvous.py:1284] The node 'turpancomp6.calmip.local_3046952_0' has failed to shutdown the rendezvous '75673' due to an error of type RendezvousConnectionError.
Traceback (most recent call last):
  File "/usr/local/bin/torchrun", line 33, in <module>
    sys.exit(load_entry_point('torch==2.7.0a0+7c8ec84dab.nv25.3', 'console_scripts', 'torchrun')())
             ^^^^^^^^^^^^^^^^^^^^^^^^^^^^^^^^^^^^^^^^^^^^^^^^^^^^^^^^^^^^^^^^^^^^^^^^^^^^^^^^^^^^^
  File "/usr/local/lib/python3.12/dist-packages/torch/distributed/elastic/multiprocessing/errors/__init__.py", line 355, in wrapper
    return f(*args, **kwargs)
           ^^^^^^^^^^^^^^^^^^
  File "/usr/local/lib/python3.12/dist-packages/torch/distributed/run.py", line 889, in main
    run(args)
  File "/usr/local/lib/python3.12/dist-packages/torch/distributed/run.py", line 880, in run
    elastic_launch(
  File "/usr/local/lib/python3.12/dist-packages/torch/distributed/launcher/api.py", line 139, in __call__
[W129 19:19:30.812247117 TCPStore.cpp:115] [c10d] recvVector failed on SocketImpl(fd=3, addr=[turpancomp7]:54746, remote=[turpancomp4]:35674): failed to recv, got 0 bytes
Exception raised from recvBytes at /opt/pytorch/pytorch/torch/csrc/distributed/c10d/Utils.hpp:671 (most recent call first):
frame #0: c10::Error::Error(c10::SourceLocation, std::__cxx11::basic_string<char, std::char_traits<char>, std::allocator<char> >) + 0xd4 (0x4000546e3cc4 in /usr/local/lib/python3.12/dist-packages/torch/lib/libc10.so)
frame #1: <unknown function> + 0x5a291f0 (0x40000a3f91f0 in /usr/local/lib/python3.12/dist-packages/torch/lib/libtorch_cpu.so)
frame #2: <unknown function> + 0x5a2ae44 (0x40000a3fae44 in /usr/local/lib/python3.12/dist-packages/torch/lib/libtorch_cpu.so)
frame #3: <unknown function> + 0x5a2b878 (0x40000a3fb878 in /usr/local/lib/python3.12/dist-packages/torch/lib/libtorch_cpu.so)
frame #4: <unknown function> + 0x5a2d0b4 (0x40000a3fd0b4 in /usr/local/lib/python3.12/dist-packages/torch/lib/libtorch_cpu.so)
    return launch_agent(self._config, self._entrypoint, list(args))
frame #5: c10d::TCPStore::compareSet(std::__cxx11::basic_string<char, std::char_traits<char>, std::allocator<char> > const&, std::vector<unsigned char, std::allocator<unsigned char> > const&, std::vector<unsigned char, std::allocator<unsigned char> > const&) + 0x1bc (0x40000a3fe41c in /usr/local/lib/python3.12/dist-packages/torch/lib/libtorch_cpu.so)
frame #6: <unknown function> + 0xf50c90 (0x400004890c90 in /usr/local/lib/python3.12/dist-packages/torch/lib/libtorch_python.so)
frame #7: <unknown function> + 0x594060 (0x400003ed4060 in /usr/local/lib/python3.12/dist-packages/torch/lib/libtorch_python.so)
frame #8: /usr/bin/python() [0x5036b4]
frame #9: _PyObject_MakeTpCall + 0x78 (0x4c2c98 in /usr/bin/python)
frame #10: /usr/bin/python() [0x4c6f6c]
frame #11: _PyEval_EvalFrameDefault + 0x3cf4 (0x567308 in /usr/bin/python)
frame #12: _PyObject_Call_Prepend + 0xc4 (0x4c4774 in /usr/bin/python)
frame #13: /usr/bin/python() [0x528ba0]
frame #14: PyObject_Call + 0x6c (0x4c517c in /usr/bin/python)
frame #15: _PyEval_EvalFrameDefault + 0x3cf4 (0x567308 in /usr/bin/python)
frame #16: PyEval_EvalCode + 0x130 (0x562204 in /usr/bin/python)
frame #17: /usr/bin/python() [0x59c3c4]
frame #18: /usr/bin/python() [0x680e94]
frame #19: _PyRun_SimpleFileObject + 0x194 (0x680a68 in /usr/bin/python)
frame #20: _PyRun_AnyFileObject + 0x54 (0x680834 in /usr/bin/python)
frame #21: Py_RunMain + 0x2dc (0x68b83c in /usr/bin/python)
frame #22: Py_BytesMain + 0x28 (0x68b3f8 in /usr/bin/python)
frame #23: <unknown function> + 0x284c4 (0x400002c584c4 in /lib/aarch64-linux-gnu/libc.so.6)
frame #24: __libc_start_main + 0x98 (0x400002c58598 in /lib/aarch64-linux-gnu/libc.so.6)
frame #25: _start + 0x30 (0x5f6df0 in /usr/bin/python)

           ^^^^^^^^^^^^^^^^^^^^^^^^^^^^^^^^^^^^^^^^^^^^^^^^^^^^^^^^
  File "/usr/local/lib/python3.12/dist-packages/torch/distributed/launcher/api.py", line 270, in launch_agent
    raise ChildFailedError(
torch.distributed.elastic.multiprocessing.errors.ChildFailedError: 
============================================================
/work/m24047/m24047brmn/nemo/OpenLLM-BPI-Training/training/train/test/train_model_1L.py FAILED
------------------------------------------------------------
Failures:
[1]:
  time      : 2026-01-29_19:19:30
  host      : turpancomp6.calmip.local
  rank      : 5 (local_rank: 1)
  exitcode  : 1 (pid: 3047039)
  error_file: <N/A>
  traceback : To enable traceback see: https://pytorch.org/docs/stable/elastic/errors.html
------------------------------------------------------------
Root Cause (first observed failure):
[0]:
  time      : 2026-01-29_19:19:30
  host      : turpancomp6.calmip.local
  rank      : 4 (local_rank: 0)
  exitcode  : 1 (pid: 3047038)
  error_file: <N/A>
  traceback : To enable traceback see: https://pytorch.org/docs/stable/elastic/errors.html
============================================================
E0129 19:19:30.246000 125161 torch/distributed/elastic/multiprocessing/api.py:870] failed (exitcode: 1) local_rank: 0 (pid: 125248) of binary: /usr/bin/python
W0129 19:19:30.247000 283102 torch/distributed/elastic/rendezvous/dynamic_rendezvous.py:1284] The node 'turpancomp7.calmip.local_283102_0' has failed to shutdown the rendezvous '75673' due to an error of type RendezvousConnectionError.
[W129 19:19:30.819947888 TCPStore.cpp:106] [c10d] sendBytes failed on SocketImpl(fd=3, addr=[turpancomp7]:54746, remote=[turpancomp4]:35674): Broken pipe
Exception raised from sendBytes at /opt/pytorch/pytorch/torch/csrc/distributed/c10d/Utils.hpp:646 (most recent call first):
frame #0: c10::Error::Error(c10::SourceLocation, std::__cxx11::basic_string<char, std::char_traits<char>, std::allocator<char> >) + 0xd4 (0x4000546e3cc4 in /usr/local/lib/python3.12/dist-packages/torch/lib/libc10.so)
frame #1: <unknown function> + 0x5a291f0 (0x40000a3f91f0 in /usr/local/lib/python3.12/dist-packages/torch/lib/libtorch_cpu.so)
frame #2: <unknown function> + 0x5a2b0fc (0x40000a3fb0fc in /usr/local/lib/python3.12/dist-packages/torch/lib/libtorch_cpu.so)
frame #3: <unknown function> + 0x5a2d704 (0x40000a3fd704 in /usr/local/lib/python3.12/dist-packages/torch/lib/libtorch_cpu.so)
frame #4: c10d::TCPStore::compareSet(std::__cxx11::basic_string<char, std::char_traits<char>, std::allocator<char> > const&, std::vector<unsigned char, std::allocator<unsigned char> > const&, std::vector<unsigned char, std::allocator<unsigned char> > const&) + 0x1ac (0x40000a3fe40c in /usr/local/lib/python3.12/dist-packages/torch/lib/libtorch_cpu.so)
frame #5: <unknown function> + 0xf50c90 (0x400004890c90 in /usr/local/lib/python3.12/dist-packages/torch/lib/libtorch_python.so)
frame #6: <unknown function> + 0x594060 (0x400003ed4060 in /usr/local/lib/python3.12/dist-packages/torch/lib/libtorch_python.so)
frame #7: /usr/bin/python() [0x5036b4]
frame #8: _PyObject_MakeTpCall + 0x78 (0x4c2c98 in /usr/bin/python)
frame #9: /usr/bin/python() [0x4c6f6c]
frame #10: _PyEval_EvalFrameDefault + 0x3cf4 (0x567308 in /usr/bin/python)
frame #11: _PyObject_Call_Prepend + 0xc4 (0x4c4774 in /usr/bin/python)
frame #12: /usr/bin/python() [0x528ba0]
frame #13: PyObject_Call + 0x6c (0x4c517c in /usr/bin/python)
frame #14: _PyEval_EvalFrameDefault + 0x3cf4 (0x567308 in /usr/bin/python)
frame #15: PyEval_EvalCode + 0x130 (0x562204 in /usr/bin/python)
frame #16: /usr/bin/python() [0x59c3c4]
frame #17: /usr/bin/python() [0x680e94]
frame #18: _PyRun_SimpleFileObject + 0x194 (0x680a68 in /usr/bin/python)
frame #19: _PyRun_AnyFileObject + 0x54 (0x680834 in /usr/bin/python)
frame #20: Py_RunMain + 0x2dc (0x68b83c in /usr/bin/python)
frame #21: Py_BytesMain + 0x28 (0x68b3f8 in /usr/bin/python)
frame #22: <unknown function> + 0x284c4 (0x400002c584c4 in /lib/aarch64-linux-gnu/libc.so.6)
frame #23: __libc_start_main + 0x98 (0x400002c58598 in /lib/aarch64-linux-gnu/libc.so.6)
frame #24: _start + 0x30 (0x5f6df0 in /usr/bin/python)

W0129 19:19:30.251000 283102 torch/distributed/elastic/rendezvous/dynamic_rendezvous.py:1284] The node 'turpancomp7.calmip.local_283102_0' has failed to shutdown the rendezvous '75673' due to an error of type RendezvousConnectionError.
[W129 19:19:30.225513846 TCPStore.cpp:115] [c10d] recvVector failed on SocketImpl(fd=3, addr=[turpancomp5]:34258, remote=[turpancomp4]:35674): failed to recv, got 0 bytes
Exception raised from recvBytes at /opt/pytorch/pytorch/torch/csrc/distributed/c10d/Utils.hpp:671 (most recent call first):
frame #0: c10::Error::Error(c10::SourceLocation, std::__cxx11::basic_string<char, std::char_traits<char>, std::allocator<char> >) + 0xd4 (0x400070ed3cc4 in /usr/local/lib/python3.12/dist-packages/torch/lib/libc10.so)
frame #1: <unknown function> + 0x5a291f0 (0x400026be91f0 in /usr/local/lib/python3.12/dist-packages/torch/lib/libtorch_cpu.so)
frame #2: <unknown function> + 0x5a2ae44 (0x400026beae44 in /usr/local/lib/python3.12/dist-packages/torch/lib/libtorch_cpu.so)
frame #3: <unknown function> + 0x5a2b878 (0x400026beb878 in /usr/local/lib/python3.12/dist-packages/torch/lib/libtorch_cpu.so)
frame #4: <unknown function> + 0x5a2d0b4 (0x400026bed0b4 in /usr/local/lib/python3.12/dist-packages/torch/lib/libtorch_cpu.so)
frame #5: c10d::TCPStore::compareSet(std::__cxx11::basic_string<char, std::char_traits<char>, std::allocator<char> > const&, std::vector<unsigned char, std::allocator<unsigned char> > const&, std::vector<unsigned char, std::allocator<unsigned char> > const&) + 0x1bc (0x400026bee41c in /usr/local/lib/python3.12/dist-packages/torch/lib/libtorch_cpu.so)
frame #6: <unknown function> + 0xf50c90 (0x400021080c90 in /usr/local/lib/python3.12/dist-packages/torch/lib/libtorch_python.so)
frame #7: <unknown function> + 0x594060 (0x4000206c4060 in /usr/local/lib/python3.12/dist-packages/torch/lib/libtorch_python.so)
frame #8: /usr/bin/python() [0x5036b4]
frame #9: _PyObject_MakeTpCall + 0x78 (0x4c2c98 in /usr/bin/python)
frame #10: /usr/bin/python() [0x4c6f6c]
frame #11: _PyEval_EvalFrameDefault + 0x3cf4 (0x567308 in /usr/bin/python)
frame #12: _PyObject_Call_Prepend + 0xc4 (0x4c4774 in /usr/bin/python)
frame #13: /usr/bin/python() [0x528ba0]
frame #14: PyObject_Call + 0x6c (0x4c517c in /usr/bin/python)
frame #15: _PyEval_EvalFrameDefault + 0x3cf4 (0x567308 in /usr/bin/python)
frame #16: PyEval_EvalCode + 0x130 (0x562204 in /usr/bin/python)
frame #17: /usr/bin/python() [0x59c3c4]
frame #18: /usr/bin/python() [0x680e94]
frame #19: _PyRun_SimpleFileObject + 0x194 (0x680a68 in /usr/bin/python)
frame #20: _PyRun_AnyFileObject + 0x54 (0x680834 in /usr/bin/python)
frame #21: Py_RunMain + 0x2dc (0x68b83c in /usr/bin/python)
frame #22: Py_BytesMain + 0x28 (0x68b3f8 in /usr/bin/python)
frame #23: <unknown function> + 0x284c4 (0x40001f4484c4 in /lib/aarch64-linux-gnu/libc.so.6)
frame #24: __libc_start_main + 0x98 (0x40001f448598 in /lib/aarch64-linux-gnu/libc.so.6)
frame #25: _start + 0x30 (0x5f6df0 in /usr/bin/python)

[W129 19:19:30.824070195 TCPStore.cpp:106] [c10d] sendBytes failed on SocketImpl(fd=3, addr=[turpancomp7]:54746, remote=[turpancomp4]:35674): Broken pipe
Exception raised from sendBytes at /opt/pytorch/pytorch/torch/csrc/distributed/c10d/Utils.hpp:646 (most recent call first):
frame #0: c10::Error::Error(c10::SourceLocation, std::__cxx11::basic_string<char, std::char_traits<char>, std::allocator<char> >) + 0xd4 (0x4000546e3cc4 in /usr/local/lib/python3.12/dist-packages/torch/lib/libc10.so)
frame #1: <unknown function> + 0x5a291f0 (0x40000a3f91f0 in /usr/local/lib/python3.12/dist-packages/torch/lib/libtorch_cpu.so)
frame #2: <unknown function> + 0x5a2b0fc (0x40000a3fb0fc in /usr/local/lib/python3.12/dist-packages/torch/lib/libtorch_cpu.so)
frame #3: <unknown function> + 0x5a2d704 (0x40000a3fd704 in /usr/local/lib/python3.12/dist-packages/torch/lib/libtorch_cpu.so)
frame #4: c10d::TCPStore::compareSet(std::__cxx11::basic_string<char, std::char_traits<char>, std::allocator<char> > const&, std::vector<unsigned char, std::allocator<unsigned char> > const&, std::vector<unsigned char, std::allocator<unsigned char> > const&) + 0x1ac (0x40000a3fe40c in /usr/local/lib/python3.12/dist-packages/torch/lib/libtorch_cpu.so)
frame #5: <unknown function> + 0xf50c90 (0x400004890c90 in /usr/local/lib/python3.12/dist-packages/torch/lib/libtorch_python.so)
frame #6: <unknown function> + 0x594060 (0x400003ed4060 in /usr/local/lib/python3.12/dist-packages/torch/lib/libtorch_python.so)
frame #7: /usr/bin/python() [0x5036b4]
frame #8: _PyObject_MakeTpCall + 0x78 (0x4c2c98 in /usr/bin/python)
frame #9: /usr/bin/python() [0x4c6f6c]
frame #10: _PyEval_EvalFrameDefault + 0x3cf4 (0x567308 in /usr/bin/python)
frame #11: _PyObject_Call_Prepend + 0xc4 (0x4c4774 in /usr/bin/python)
frame #12: /usr/bin/python() [0x528ba0]
frame #13: PyObject_Call + 0x6c (0x4c517c in /usr/bin/python)
frame #14: _PyEval_EvalFrameDefault + 0x3cf4 (0x567308 in /usr/bin/python)
frame #15: PyEval_EvalCode + 0x130 (0x562204 in /usr/bin/python)
frame #16: /usr/bin/python() [0x59c3c4]
frame #17: /usr/bin/python() [0x680e94]
frame #18: _PyRun_SimpleFileObject + 0x194 (0x680a68 in /usr/bin/python)
frame #19: _PyRun_AnyFileObject + 0x54 (0x680834 in /usr/bin/python)
frame #20: Py_RunMain + 0x2dc (0x68b83c in /usr/bin/python)
frame #21: Py_BytesMain + 0x28 (0x68b3f8 in /usr/bin/python)
frame #22: <unknown function> + 0x284c4 (0x400002c584c4 in /lib/aarch64-linux-gnu/libc.so.6)
frame #23: __libc_start_main + 0x98 (0x400002c58598 in /lib/aarch64-linux-gnu/libc.so.6)
frame #24: _start + 0x30 (0x5f6df0 in /usr/bin/python)

W0129 19:19:30.255000 283102 torch/distributed/elastic/rendezvous/dynamic_rendezvous.py:1284] The node 'turpancomp7.calmip.local_283102_0' has failed to shutdown the rendezvous '75673' due to an error of type RendezvousConnectionError.
Traceback (most recent call last):
  File "/usr/local/bin/torchrun", line 33, in <module>
    sys.exit(load_entry_point('torch==2.7.0a0+7c8ec84dab.nv25.3', 'console_scripts', 'torchrun')())
             ^^^^^^^^^^^^^^^^^^^^^^^^^^^^^^^^^^^^^^^^^^^^^^^^^^^^^^^^^^^^^^^^^^^^^^^^^^^^^^^^^^^^^
  File "/usr/local/lib/python3.12/dist-packages/torch/distributed/elastic/multiprocessing/errors/__init__.py", line 355, in wrapper
    return f(*args, **kwargs)
           ^^^^^^^^^^^^^^^^^^
  File "/usr/local/lib/python3.12/dist-packages/torch/distributed/run.py", line 889, in main
    run(args)
  File "/usr/local/lib/python3.12/dist-packages/torch/distributed/run.py", line 880, in run
    elastic_launch(
  File "/usr/local/lib/python3.12/dist-packages/torch/distributed/launcher/api.py", line 139, in __call__
    return launch_agent(self._config, self._entrypoint, list(args))
           ^^^^^^^^^^^^^^^^^^^^^^^^^^^^^^^^^^^^^^^^^^^^^^^^^^^^^^^^
  File "/usr/local/lib/python3.12/dist-packages/torch/distributed/launcher/api.py", line 270, in launch_agent
    raise ChildFailedError(
torch.distributed.elastic.multiprocessing.errors.ChildFailedError: 
============================================================
/work/m24047/m24047brmn/nemo/OpenLLM-BPI-Training/training/train/test/train_model_1L.py FAILED
------------------------------------------------------------
Failures:
[1]:
  time      : 2026-01-29_19:19:30
  host      : turpancomp7.calmip.local
  rank      : 7 (local_rank: 1)
  exitcode  : 1 (pid: 283189)
  error_file: <N/A>
  traceback : To enable traceback see: https://pytorch.org/docs/stable/elastic/errors.html
------------------------------------------------------------
Root Cause (first observed failure):
[0]:
  time      : 2026-01-29_19:19:30
  host      : turpancomp7.calmip.local
  rank      : 6 (local_rank: 0)
  exitcode  : 1 (pid: 283188)
  error_file: <N/A>
  traceback : To enable traceback see: https://pytorch.org/docs/stable/elastic/errors.html
============================================================
W0129 19:19:30.256000 125161 torch/distributed/elastic/rendezvous/dynamic_rendezvous.py:1284] The node 'turpancomp5.calmip.local_125161_0' has failed to shutdown the rendezvous '75673' due to an error of type RendezvousConnectionError.
[W129 19:19:30.233255167 TCPStore.cpp:106] [c10d] sendBytes failed on SocketImpl(fd=3, addr=[turpancomp5]:34258, remote=[turpancomp4]:35674): Broken pipe
Exception raised from sendBytes at /opt/pytorch/pytorch/torch/csrc/distributed/c10d/Utils.hpp:646 (most recent call first):
frame #0: c10::Error::Error(c10::SourceLocation, std::__cxx11::basic_string<char, std::char_traits<char>, std::allocator<char> >) + 0xd4 (0x400070ed3cc4 in /usr/local/lib/python3.12/dist-packages/torch/lib/libc10.so)
frame #1: <unknown function> + 0x5a291f0 (0x400026be91f0 in /usr/local/lib/python3.12/dist-packages/torch/lib/libtorch_cpu.so)
frame #2: <unknown function> + 0x5a2b0fc (0x400026beb0fc in /usr/local/lib/python3.12/dist-packages/torch/lib/libtorch_cpu.so)
frame #3: <unknown function> + 0x5a2d704 (0x400026bed704 in /usr/local/lib/python3.12/dist-packages/torch/lib/libtorch_cpu.so)
frame #4: c10d::TCPStore::compareSet(std::__cxx11::basic_string<char, std::char_traits<char>, std::allocator<char> > const&, std::vector<unsigned char, std::allocator<unsigned char> > const&, std::vector<unsigned char, std::allocator<unsigned char> > const&) + 0x1ac (0x400026bee40c in /usr/local/lib/python3.12/dist-packages/torch/lib/libtorch_cpu.so)
frame #5: <unknown function> + 0xf50c90 (0x400021080c90 in /usr/local/lib/python3.12/dist-packages/torch/lib/libtorch_python.so)
frame #6: <unknown function> + 0x594060 (0x4000206c4060 in /usr/local/lib/python3.12/dist-packages/torch/lib/libtorch_python.so)
frame #7: /usr/bin/python() [0x5036b4]
frame #8: _PyObject_MakeTpCall + 0x78 (0x4c2c98 in /usr/bin/python)
frame #9: /usr/bin/python() [0x4c6f6c]
frame #10: _PyEval_EvalFrameDefault + 0x3cf4 (0x567308 in /usr/bin/python)
frame #11: _PyObject_Call_Prepend + 0xc4 (0x4c4774 in /usr/bin/python)
frame #12: /usr/bin/python() [0x528ba0]
frame #13: PyObject_Call + 0x6c (0x4c517c in /usr/bin/python)
frame #14: _PyEval_EvalFrameDefault + 0x3cf4 (0x567308 in /usr/bin/python)
frame #15: PyEval_EvalCode + 0x130 (0x562204 in /usr/bin/python)
frame #16: /usr/bin/python() [0x59c3c4]
frame #17: /usr/bin/python() [0x680e94]
frame #18: _PyRun_SimpleFileObject + 0x194 (0x680a68 in /usr/bin/python)
frame #19: _PyRun_AnyFileObject + 0x54 (0x680834 in /usr/bin/python)
frame #20: Py_RunMain + 0x2dc (0x68b83c in /usr/bin/python)
frame #21: Py_BytesMain + 0x28 (0x68b3f8 in /usr/bin/python)
frame #22: <unknown function> + 0x284c4 (0x40001f4484c4 in /lib/aarch64-linux-gnu/libc.so.6)
frame #23: __libc_start_main + 0x98 (0x40001f448598 in /lib/aarch64-linux-gnu/libc.so.6)
frame #24: _start + 0x30 (0x5f6df0 in /usr/bin/python)

W0129 19:19:30.260000 125161 torch/distributed/elastic/rendezvous/dynamic_rendezvous.py:1284] The node 'turpancomp5.calmip.local_125161_0' has failed to shutdown the rendezvous '75673' due to an error of type RendezvousConnectionError.
[W129 19:19:30.237293668 TCPStore.cpp:106] [c10d] sendBytes failed on SocketImpl(fd=3, addr=[turpancomp5]:34258, remote=[turpancomp4]:35674): Broken pipe
Exception raised from sendBytes at /opt/pytorch/pytorch/torch/csrc/distributed/c10d/Utils.hpp:646 (most recent call first):
frame #0: c10::Error::Error(c10::SourceLocation, std::__cxx11::basic_string<char, std::char_traits<char>, std::allocator<char> >) + 0xd4 (0x400070ed3cc4 in /usr/local/lib/python3.12/dist-packages/torch/lib/libc10.so)
frame #1: <unknown function> + 0x5a291f0 (0x400026be91f0 in /usr/local/lib/python3.12/dist-packages/torch/lib/libtorch_cpu.so)
frame #2: <unknown function> + 0x5a2b0fc (0x400026beb0fc in /usr/local/lib/python3.12/dist-packages/torch/lib/libtorch_cpu.so)
frame #3: <unknown function> + 0x5a2d704 (0x400026bed704 in /usr/local/lib/python3.12/dist-packages/torch/lib/libtorch_cpu.so)
frame #4: c10d::TCPStore::compareSet(std::__cxx11::basic_string<char, std::char_traits<char>, std::allocator<char> > const&, std::vector<unsigned char, std::allocator<unsigned char> > const&, std::vector<unsigned char, std::allocator<unsigned char> > const&) + 0x1ac (0x400026bee40c in /usr/local/lib/python3.12/dist-packages/torch/lib/libtorch_cpu.so)
frame #5: <unknown function> + 0xf50c90 (0x400021080c90 in /usr/local/lib/python3.12/dist-packages/torch/lib/libtorch_python.so)
frame #6: <unknown function> + 0x594060 (0x4000206c4060 in /usr/local/lib/python3.12/dist-packages/torch/lib/libtorch_python.so)
frame #7: /usr/bin/python() [0x5036b4]
frame #8: _PyObject_MakeTpCall + 0x78 (0x4c2c98 in /usr/bin/python)
frame #9: /usr/bin/python() [0x4c6f6c]
frame #10: _PyEval_EvalFrameDefault + 0x3cf4 (0x567308 in /usr/bin/python)
frame #11: _PyObject_Call_Prepend + 0xc4 (0x4c4774 in /usr/bin/python)
frame #12: /usr/bin/python() [0x528ba0]
frame #13: PyObject_Call + 0x6c (0x4c517c in /usr/bin/python)
frame #14: _PyEval_EvalFrameDefault + 0x3cf4 (0x567308 in /usr/bin/python)
frame #15: PyEval_EvalCode + 0x130 (0x562204 in /usr/bin/python)
frame #16: /usr/bin/python() [0x59c3c4]
frame #17: /usr/bin/python() [0x680e94]
frame #18: _PyRun_SimpleFileObject + 0x194 (0x680a68 in /usr/bin/python)
frame #19: _PyRun_AnyFileObject + 0x54 (0x680834 in /usr/bin/python)
frame #20: Py_RunMain + 0x2dc (0x68b83c in /usr/bin/python)
frame #21: Py_BytesMain + 0x28 (0x68b3f8 in /usr/bin/python)
frame #22: <unknown function> + 0x284c4 (0x40001f4484c4 in /lib/aarch64-linux-gnu/libc.so.6)
frame #23: __libc_start_main + 0x98 (0x40001f448598 in /lib/aarch64-linux-gnu/libc.so.6)
frame #24: _start + 0x30 (0x5f6df0 in /usr/bin/python)

W0129 19:19:30.264000 125161 torch/distributed/elastic/rendezvous/dynamic_rendezvous.py:1284] The node 'turpancomp5.calmip.local_125161_0' has failed to shutdown the rendezvous '75673' due to an error of type RendezvousConnectionError.
Traceback (most recent call last):
  File "/usr/local/bin/torchrun", line 33, in <module>
    sys.exit(load_entry_point('torch==2.7.0a0+7c8ec84dab.nv25.3', 'console_scripts', 'torchrun')())
             ^^^^^^^^^^^^^^^^^^^^^^^^^^^^^^^^^^^^^^^^^^^^^^^^^^^^^^^^^^^^^^^^^^^^^^^^^^^^^^^^^^^^^
  File "/usr/local/lib/python3.12/dist-packages/torch/distributed/elastic/multiprocessing/errors/__init__.py", line 355, in wrapper
    return f(*args, **kwargs)
           ^^^^^^^^^^^^^^^^^^
  File "/usr/local/lib/python3.12/dist-packages/torch/distributed/run.py", line 889, in main
    run(args)
  File "/usr/local/lib/python3.12/dist-packages/torch/distributed/run.py", line 880, in run
    elastic_launch(
  File "/usr/local/lib/python3.12/dist-packages/torch/distributed/launcher/api.py", line 139, in __call__
    return launch_agent(self._config, self._entrypoint, list(args))
           ^^^^^^^^^^^^^^^^^^^^^^^^^^^^^^^^^^^^^^^^^^^^^^^^^^^^^^^^
  File "/usr/local/lib/python3.12/dist-packages/torch/distributed/launcher/api.py", line 270, in launch_agent
    raise ChildFailedError(
torch.distributed.elastic.multiprocessing.errors.ChildFailedError: 
============================================================
/work/m24047/m24047brmn/nemo/OpenLLM-BPI-Training/training/train/test/train_model_1L.py FAILED
------------------------------------------------------------
Failures:
  <NO_OTHER_FAILURES>
------------------------------------------------------------
Root Cause (first observed failure):
[0]:
  time      : 2026-01-29_19:19:30
  host      : turpancomp5.calmip.local
  rank      : 2 (local_rank: 0)
  exitcode  : 1 (pid: 125248)
  error_file: <N/A>
  traceback : To enable traceback see: https://pytorch.org/docs/stable/elastic/errors.html
============================================================
E0129 19:19:30.291000 2885115 torch/distributed/elastic/multiprocessing/api.py:870] failed (exitcode: 1) local_rank: 0 (pid: 2885201) of binary: /usr/bin/python
[W129 19:19:30.034759165 TCPStore.cpp:115] [c10d] recvVector failed on SocketImpl(fd=3, addr=[turpancomp8]:44640, remote=[turpancomp4]:35674): failed to recv, got 0 bytes
Exception raised from recvBytes at /opt/pytorch/pytorch/torch/csrc/distributed/c10d/Utils.hpp:671 (most recent call first):
frame #0: c10::Error::Error(c10::SourceLocation, std::__cxx11::basic_string<char, std::char_traits<char>, std::allocator<char> >) + 0xd4 (0x400071e33cc4 in /usr/local/lib/python3.12/dist-packages/torch/lib/libc10.so)
frame #1: <unknown function> + 0x5a291f0 (0x400027b491f0 in /usr/local/lib/python3.12/dist-packages/torch/lib/libtorch_cpu.so)
frame #2: <unknown function> + 0x5a2ae44 (0x400027b4ae44 in /usr/local/lib/python3.12/dist-packages/torch/lib/libtorch_cpu.so)
frame #3: <unknown function> + 0x5a2b878 (0x400027b4b878 in /usr/local/lib/python3.12/dist-packages/torch/lib/libtorch_cpu.so)
frame #4: <unknown function> + 0x5a2d0b4 (0x400027b4d0b4 in /usr/local/lib/python3.12/dist-packages/torch/lib/libtorch_cpu.so)
frame #5: c10d::TCPStore::compareSet(std::__cxx11::basic_string<char, std::char_traits<char>, std::allocator<char> > const&, std::vector<unsigned char, std::allocator<unsigned char> > const&, std::vector<unsigned char, std::allocator<unsigned char> > const&) + 0x1bc (0x400027b4e41c in /usr/local/lib/python3.12/dist-packages/torch/lib/libtorch_cpu.so)
frame #6: <unknown function> + 0xf50c90 (0x400021fe0c90 in /usr/local/lib/python3.12/dist-packages/torch/lib/libtorch_python.so)
frame #7: <unknown function> + 0x594060 (0x400021624060 in /usr/local/lib/python3.12/dist-packages/torch/lib/libtorch_python.so)
frame #8: /usr/bin/python() [0x5036b4]
frame #9: _PyObject_MakeTpCall + 0x78 (0x4c2c98 in /usr/bin/python)
frame #10: /usr/bin/python() [0x4c6f6c]
frame #11: _PyEval_EvalFrameDefault + 0x3cf4 (0x567308 in /usr/bin/python)
frame #12: _PyObject_Call_Prepend + 0xc4 (0x4c4774 in /usr/bin/python)
frame #13: /usr/bin/python() [0x528ba0]
frame #14: PyObject_Call + 0x6c (0x4c517c in /usr/bin/python)
frame #15: _PyEval_EvalFrameDefault + 0x3cf4 (0x567308 in /usr/bin/python)
frame #16: PyEval_EvalCode + 0x130 (0x562204 in /usr/bin/python)
frame #17: /usr/bin/python() [0x59c3c4]
frame #18: /usr/bin/python() [0x680e94]
frame #19: _PyRun_SimpleFileObject + 0x194 (0x680a68 in /usr/bin/python)
frame #20: _PyRun_AnyFileObject + 0x54 (0x680834 in /usr/bin/python)
frame #21: Py_RunMain + 0x2dc (0x68b83c in /usr/bin/python)
frame #22: Py_BytesMain + 0x28 (0x68b3f8 in /usr/bin/python)
frame #23: <unknown function> + 0x284c4 (0x4000203a84c4 in /lib/aarch64-linux-gnu/libc.so.6)
frame #24: __libc_start_main + 0x98 (0x4000203a8598 in /lib/aarch64-linux-gnu/libc.so.6)
frame #25: _start + 0x30 (0x5f6df0 in /usr/bin/python)

W0129 19:19:30.303000 2885115 torch/distributed/elastic/rendezvous/dynamic_rendezvous.py:1284] The node 'turpancomp8.calmip.local_2885115_0' has failed to shutdown the rendezvous '75673' due to an error of type RendezvousConnectionError.
[W129 19:19:30.043033889 TCPStore.cpp:106] [c10d] sendBytes failed on SocketImpl(fd=3, addr=[turpancomp8]:44640, remote=[turpancomp4]:35674): Broken pipe
Exception raised from sendBytes at /opt/pytorch/pytorch/torch/csrc/distributed/c10d/Utils.hpp:646 (most recent call first):
frame #0: c10::Error::Error(c10::SourceLocation, std::__cxx11::basic_string<char, std::char_traits<char>, std::allocator<char> >) + 0xd4 (0x400071e33cc4 in /usr/local/lib/python3.12/dist-packages/torch/lib/libc10.so)
frame #1: <unknown function> + 0x5a291f0 (0x400027b491f0 in /usr/local/lib/python3.12/dist-packages/torch/lib/libtorch_cpu.so)
frame #2: <unknown function> + 0x5a2b0fc (0x400027b4b0fc in /usr/local/lib/python3.12/dist-packages/torch/lib/libtorch_cpu.so)
frame #3: <unknown function> + 0x5a2d704 (0x400027b4d704 in /usr/local/lib/python3.12/dist-packages/torch/lib/libtorch_cpu.so)
frame #4: c10d::TCPStore::compareSet(std::__cxx11::basic_string<char, std::char_traits<char>, std::allocator<char> > const&, std::vector<unsigned char, std::allocator<unsigned char> > const&, std::vector<unsigned char, std::allocator<unsigned char> > const&) + 0x1ac (0x400027b4e40c in /usr/local/lib/python3.12/dist-packages/torch/lib/libtorch_cpu.so)
frame #5: <unknown function> + 0xf50c90 (0x400021fe0c90 in /usr/local/lib/python3.12/dist-packages/torch/lib/libtorch_python.so)
frame #6: <unknown function> + 0x594060 (0x400021624060 in /usr/local/lib/python3.12/dist-packages/torch/lib/libtorch_python.so)
frame #7: /usr/bin/python() [0x5036b4]
frame #8: _PyObject_MakeTpCall + 0x78 (0x4c2c98 in /usr/bin/python)
frame #9: /usr/bin/python() [0x4c6f6c]
frame #10: _PyEval_EvalFrameDefault + 0x3cf4 (0x567308 in /usr/bin/python)
frame #11: _PyObject_Call_Prepend + 0xc4 (0x4c4774 in /usr/bin/python)
frame #12: /usr/bin/python() [0x528ba0]
frame #13: PyObject_Call + 0x6c (0x4c517c in /usr/bin/python)
frame #14: _PyEval_EvalFrameDefault + 0x3cf4 (0x567308 in /usr/bin/python)
frame #15: PyEval_EvalCode + 0x130 (0x562204 in /usr/bin/python)
frame #16: /usr/bin/python() [0x59c3c4]
frame #17: /usr/bin/python() [0x680e94]
frame #18: _PyRun_SimpleFileObject + 0x194 (0x680a68 in /usr/bin/python)
frame #19: _PyRun_AnyFileObject + 0x54 (0x680834 in /usr/bin/python)
frame #20: Py_RunMain + 0x2dc (0x68b83c in /usr/bin/python)
frame #21: Py_BytesMain + 0x28 (0x68b3f8 in /usr/bin/python)
frame #22: <unknown function> + 0x284c4 (0x4000203a84c4 in /lib/aarch64-linux-gnu/libc.so.6)
frame #23: __libc_start_main + 0x98 (0x4000203a8598 in /lib/aarch64-linux-gnu/libc.so.6)
frame #24: _start + 0x30 (0x5f6df0 in /usr/bin/python)

W0129 19:19:30.307000 2885115 torch/distributed/elastic/rendezvous/dynamic_rendezvous.py:1284] The node 'turpancomp8.calmip.local_2885115_0' has failed to shutdown the rendezvous '75673' due to an error of type RendezvousConnectionError.
[W129 19:19:30.047129510 TCPStore.cpp:106] [c10d] sendBytes failed on SocketImpl(fd=3, addr=[turpancomp8]:44640, remote=[turpancomp4]:35674): Broken pipe
Exception raised from sendBytes at /opt/pytorch/pytorch/torch/csrc/distributed/c10d/Utils.hpp:646 (most recent call first):
frame #0: c10::Error::Error(c10::SourceLocation, std::__cxx11::basic_string<char, std::char_traits<char>, std::allocator<char> >) + 0xd4 (0x400071e33cc4 in /usr/local/lib/python3.12/dist-packages/torch/lib/libc10.so)
frame #1: <unknown function> + 0x5a291f0 (0x400027b491f0 in /usr/local/lib/python3.12/dist-packages/torch/lib/libtorch_cpu.so)
frame #2: <unknown function> + 0x5a2b0fc (0x400027b4b0fc in /usr/local/lib/python3.12/dist-packages/torch/lib/libtorch_cpu.so)
frame #3: <unknown function> + 0x5a2d704 (0x400027b4d704 in /usr/local/lib/python3.12/dist-packages/torch/lib/libtorch_cpu.so)
frame #4: c10d::TCPStore::compareSet(std::__cxx11::basic_string<char, std::char_traits<char>, std::allocator<char> > const&, std::vector<unsigned char, std::allocator<unsigned char> > const&, std::vector<unsigned char, std::allocator<unsigned char> > const&) + 0x1ac (0x400027b4e40c in /usr/local/lib/python3.12/dist-packages/torch/lib/libtorch_cpu.so)
frame #5: <unknown function> + 0xf50c90 (0x400021fe0c90 in /usr/local/lib/python3.12/dist-packages/torch/lib/libtorch_python.so)
frame #6: <unknown function> + 0x594060 (0x400021624060 in /usr/local/lib/python3.12/dist-packages/torch/lib/libtorch_python.so)
frame #7: /usr/bin/python() [0x5036b4]
frame #8: _PyObject_MakeTpCall + 0x78 (0x4c2c98 in /usr/bin/python)
frame #9: /usr/bin/python() [0x4c6f6c]
frame #10: _PyEval_EvalFrameDefault + 0x3cf4 (0x567308 in /usr/bin/python)
frame #11: _PyObject_Call_Prepend + 0xc4 (0x4c4774 in /usr/bin/python)
frame #12: /usr/bin/python() [0x528ba0]
frame #13: PyObject_Call + 0x6c (0x4c517c in /usr/bin/python)
frame #14: _PyEval_EvalFrameDefault + 0x3cf4 (0x567308 in /usr/bin/python)
frame #15: PyEval_EvalCode + 0x130 (0x562204 in /usr/bin/python)
frame #16: /usr/bin/python() [0x59c3c4]
frame #17: /usr/bin/python() [0x680e94]
frame #18: _PyRun_SimpleFileObject + 0x194 (0x680a68 in /usr/bin/python)
frame #19: _PyRun_AnyFileObject + 0x54 (0x680834 in /usr/bin/python)
frame #20: Py_RunMain + 0x2dc (0x68b83c in /usr/bin/python)
frame #21: Py_BytesMain + 0x28 (0x68b3f8 in /usr/bin/python)
frame #22: <unknown function> + 0x284c4 (0x4000203a84c4 in /lib/aarch64-linux-gnu/libc.so.6)
frame #23: __libc_start_main + 0x98 (0x4000203a8598 in /lib/aarch64-linux-gnu/libc.so.6)
frame #24: _start + 0x30 (0x5f6df0 in /usr/bin/python)

W0129 19:19:30.311000 2885115 torch/distributed/elastic/rendezvous/dynamic_rendezvous.py:1284] The node 'turpancomp8.calmip.local_2885115_0' has failed to shutdown the rendezvous '75673' due to an error of type RendezvousConnectionError.
Traceback (most recent call last):
  File "/usr/local/bin/torchrun", line 33, in <module>
    sys.exit(load_entry_point('torch==2.7.0a0+7c8ec84dab.nv25.3', 'console_scripts', 'torchrun')())
             ^^^^^^^^^^^^^^^^^^^^^^^^^^^^^^^^^^^^^^^^^^^^^^^^^^^^^^^^^^^^^^^^^^^^^^^^^^^^^^^^^^^^^
  File "/usr/local/lib/python3.12/dist-packages/torch/distributed/elastic/multiprocessing/errors/__init__.py", line 355, in wrapper
    return f(*args, **kwargs)
           ^^^^^^^^^^^^^^^^^^
  File "/usr/local/lib/python3.12/dist-packages/torch/distributed/run.py", line 889, in main
    run(args)
  File "/usr/local/lib/python3.12/dist-packages/torch/distributed/run.py", line 880, in run
    elastic_launch(
  File "/usr/local/lib/python3.12/dist-packages/torch/distributed/launcher/api.py", line 139, in __call__
    return launch_agent(self._config, self._entrypoint, list(args))
           ^^^^^^^^^^^^^^^^^^^^^^^^^^^^^^^^^^^^^^^^^^^^^^^^^^^^^^^^
  File "/usr/local/lib/python3.12/dist-packages/torch/distributed/launcher/api.py", line 270, in launch_agent
    raise ChildFailedError(
torch.distributed.elastic.multiprocessing.errors.ChildFailedError: 
============================================================
/work/m24047/m24047brmn/nemo/OpenLLM-BPI-Training/training/train/test/train_model_1L.py FAILED
------------------------------------------------------------
Failures:
[1]:
  time      : 2026-01-29_19:19:30
  host      : turpancomp8.calmip.local
  rank      : 9 (local_rank: 1)
  exitcode  : 1 (pid: 2885202)
  error_file: <N/A>
  traceback : To enable traceback see: https://pytorch.org/docs/stable/elastic/errors.html
------------------------------------------------------------
Root Cause (first observed failure):
[0]:
  time      : 2026-01-29_19:19:30
  host      : turpancomp8.calmip.local
  rank      : 8 (local_rank: 0)
  exitcode  : 1 (pid: 2885201)
  error_file: <N/A>
  traceback : To enable traceback see: https://pytorch.org/docs/stable/elastic/errors.html
============================================================
srun: error: turpancomp4: task 0: Exited with exit code 1
srun: error: turpancomp6: task 2: Exited with exit code 1
srun: error: turpancomp5: task 1: Exited with exit code 1
srun: error: turpancomp8: task 4: Exited with exit code 1
srun: error: turpancomp7: task 3: Exited with exit code 1
==========================================
Training finished with status 1
==========================================
