==========================================
Starting SSA Triton Training
Datamix:     /work/p26037/barman/luciole-1B/training/train/train_ssa_triton/datamix_luciole_phase1.json
Output:      /tmpdir/barman/bs1024_fullrun/outputs
Name:        nemotron-1B-SSA-Triton-bs1024
Batch size:  1024
Nodes:       8
Duration:    00:02:00:00
SSA n:       1.5
SSA b:       0.8
Kernel ver:  triton
Compile BDA: 1
Warmup step: 2000
Skip warmup: 1
Contig QKV:  1
Global max:  715788
This-run max:0
W&B:         0 (mode=offline)
==========================================
ERROR: ld.so: object 'libargos-core.so' from LD_PRELOAD cannot be preloaded (cannot open shared object file): ignored.
ERROR: ld.so: object 'libargos-agentclient.so' from LD_PRELOAD cannot be preloaded (cannot open shared object file): ignored.
ERROR: ld.so: object 'libargos-core.so' from LD_PRELOAD cannot be preloaded (cannot open shared object file): ignored.
ERROR: ld.so: object 'libargos-agentclient.so' from LD_PRELOAD cannot be preloaded (cannot open shared object file): ignored.
ERROR: ld.so: object 'libargos-core.so' from LD_PRELOAD cannot be preloaded (cannot open shared object file): ignored.
ERROR: ld.so: object 'libargos-agentclient.so' from LD_PRELOAD cannot be preloaded (cannot open shared object file): ignored.
ERROR: ld.so: object 'libargos-core.so' from LD_PRELOAD cannot be preloaded (cannot open shared object file): ignored.
ERROR: ld.so: object 'libargos-agentclient.so' from LD_PRELOAD cannot be preloaded (cannot open shared object file): ignored.
ERROR: ld.so: object 'libargos-core.so' from LD_PRELOAD cannot be preloaded (cannot open shared object file): ignored.
ERROR: ld.so: object 'libargos-agentclient.so' from LD_PRELOAD cannot be preloaded (cannot open shared object file): ignored.
ERROR: ld.so: object 'libargos-core.so' from LD_PRELOAD cannot be preloaded (cannot open shared object file): ignored.
ERROR: ld.so: object 'libargos-agentclient.so' from LD_PRELOAD cannot be preloaded (cannot open shared object file): ignored.
ERROR: ld.so: object 'libargos-core.so' from LD_PRELOAD cannot be preloaded (cannot open shared object file): ignored.
ERROR: ld.so: object 'libargos-agentclient.so' from LD_PRELOAD cannot be preloaded (cannot open shared object file): ignored.
ERROR: ld.so: object 'libargos-core.so' from LD_PRELOAD cannot be preloaded (cannot open shared object file): ignored.
ERROR: ld.so: object 'libargos-agentclient.so' from LD_PRELOAD cannot be preloaded (cannot open shared object file): ignored.
W0330 06:48:57.890000 2373790 torch/distributed/run.py:763] 
W0330 06:48:57.890000 2373790 torch/distributed/run.py:763] *****************************************
W0330 06:48:57.890000 2373790 torch/distributed/run.py:763] Setting OMP_NUM_THREADS environment variable for each process to be 1 in default, to avoid your system being overloaded, please further tune the variable for optimal performance in your application as needed. 
W0330 06:48:57.890000 2373790 torch/distributed/run.py:763] *****************************************
W0330 06:48:57.894000 3183435 torch/distributed/run.py:763] 
W0330 06:48:57.894000 3183435 torch/distributed/run.py:763] *****************************************
W0330 06:48:57.894000 3183435 torch/distributed/run.py:763] Setting OMP_NUM_THREADS environment variable for each process to be 1 in default, to avoid your system being overloaded, please further tune the variable for optimal performance in your application as needed. 
W0330 06:48:57.894000 3183435 torch/distributed/run.py:763] *****************************************
W0330 06:48:57.898000 2299841 torch/distributed/run.py:763] 
W0330 06:48:57.898000 2299841 torch/distributed/run.py:763] *****************************************
W0330 06:48:57.898000 2299841 torch/distributed/run.py:763] Setting OMP_NUM_THREADS environment variable for each process to be 1 in default, to avoid your system being overloaded, please further tune the variable for optimal performance in your application as needed. 
W0330 06:48:57.898000 2299841 torch/distributed/run.py:763] *****************************************
W0330 06:48:57.902000 2512650 torch/distributed/run.py:763] 
W0330 06:48:57.902000 2512650 torch/distributed/run.py:763] *****************************************
W0330 06:48:57.902000 2512650 torch/distributed/run.py:763] Setting OMP_NUM_THREADS environment variable for each process to be 1 in default, to avoid your system being overloaded, please further tune the variable for optimal performance in your application as needed. 
W0330 06:48:57.902000 2512650 torch/distributed/run.py:763] *****************************************
[W330 06:48:57.820512361 socket.cpp:755] [c10d] The client socket cannot be initialized to connect to [kairosgh3.calmip.cluster]:22012 (errno: 97 - Address family not supported by protocol).
[W330 06:48:57.216570826 socket.cpp:755] [c10d] The client socket cannot be initialized to connect to [kairosgh3.calmip.cluster]:22012 (errno: 97 - Address family not supported by protocol).
[W330 06:48:57.328440553 socket.cpp:755] [c10d] The client socket cannot be initialized to connect to [kairosgh3.calmip.cluster]:22012 (errno: 97 - Address family not supported by protocol).
W0330 06:48:57.916000 2450713 torch/distributed/run.py:763] 
W0330 06:48:57.916000 2450713 torch/distributed/run.py:763] *****************************************
W0330 06:48:57.916000 2450713 torch/distributed/run.py:763] Setting OMP_NUM_THREADS environment variable for each process to be 1 in default, to avoid your system being overloaded, please further tune the variable for optimal performance in your application as needed. 
W0330 06:48:57.916000 2450713 torch/distributed/run.py:763] *****************************************
[W330 06:48:57.262543245 socket.cpp:755] [c10d] The client socket cannot be initialized to connect to [kairosgh3.calmip.cluster]:22012 (errno: 97 - Address family not supported by protocol).
[W330 06:48:57.319773949 socket.cpp:755] [c10d] The client socket cannot be initialized to connect to [kairosgh3.calmip.cluster]:22012 (errno: 97 - Address family not supported by protocol).
W0330 06:48:57.977000 2921235 torch/distributed/run.py:763] 
W0330 06:48:57.977000 2921235 torch/distributed/run.py:763] *****************************************
W0330 06:48:57.977000 2921235 torch/distributed/run.py:763] Setting OMP_NUM_THREADS environment variable for each process to be 1 in default, to avoid your system being overloaded, please further tune the variable for optimal performance in your application as needed. 
W0330 06:48:57.977000 2921235 torch/distributed/run.py:763] *****************************************
W0330 06:48:57.977000 2656570 torch/distributed/run.py:763] 
W0330 06:48:57.977000 2656570 torch/distributed/run.py:763] *****************************************
W0330 06:48:57.977000 2656570 torch/distributed/run.py:763] Setting OMP_NUM_THREADS environment variable for each process to be 1 in default, to avoid your system being overloaded, please further tune the variable for optimal performance in your application as needed. 
W0330 06:48:57.977000 2656570 torch/distributed/run.py:763] *****************************************
[W330 06:48:57.939774133 socket.cpp:755] [c10d] The client socket cannot be initialized to connect to [kairosgh3.calmip.cluster]:22012 (errno: 97 - Address family not supported by protocol).
W0330 06:48:58.002000 2464912 torch/distributed/run.py:763] 
W0330 06:48:58.002000 2464912 torch/distributed/run.py:763] *****************************************
W0330 06:48:58.002000 2464912 torch/distributed/run.py:763] Setting OMP_NUM_THREADS environment variable for each process to be 1 in default, to avoid your system being overloaded, please further tune the variable for optimal performance in your application as needed. 
W0330 06:48:58.002000 2464912 torch/distributed/run.py:763] *****************************************
[W330 06:48:58.183111217 socket.cpp:755] [c10d] The client socket cannot be initialized to connect to [kairosgh3.calmip.cluster]:22012 (errno: 97 - Address family not supported by protocol).
[W330 06:48:58.174878261 socket.cpp:755] [c10d] The client socket cannot be initialized to connect to [kairosgh3.calmip.cluster]:22012 (errno: 97 - Address family not supported by protocol).
[W330 06:48:59.328053637 socket.cpp:755] [c10d] The client socket cannot be initialized to connect to [kairosgh10.calmip.cluster]:42585 (errno: 97 - Address family not supported by protocol).
ERROR: ld.so: object 'libargos-core.so' from LD_PRELOAD cannot be preloaded (cannot open shared object file): ignored.
ERROR: ld.so: object 'libargos-agentclient.so' from LD_PRELOAD cannot be preloaded (cannot open shared object file): ignored.
ERROR: ld.so: object 'libargos-core.so' from LD_PRELOAD cannot be preloaded (cannot open shared object file): ignored.
ERROR: ld.so: object 'libargos-agentclient.so' from LD_PRELOAD cannot be preloaded (cannot open shared object file): ignored.
ERROR: ld.so: object 'libargos-core.so' from LD_PRELOAD cannot be preloaded (cannot open shared object file): ignored.
ERROR: ld.so: object 'libargos-agentclient.so' from LD_PRELOAD cannot be preloaded (cannot open shared object file): ignored.
ERROR: ld.so: object 'libargos-core.so' from LD_PRELOAD cannot be preloaded (cannot open shared object file): ignored.
ERROR: ld.so: object 'libargos-core.so' from LD_PRELOAD cannot be preloaded (cannot open shared object file): ignored.
ERROR: ld.so: object 'libargos-agentclient.so' from LD_PRELOAD cannot be preloaded (cannot open shared object file): ignored.
ERROR: ld.so: object 'libargos-core.so' from LD_PRELOAD cannot be preloaded (cannot open shared object file): ignored.
ERROR: ld.so: object 'libargos-agentclient.so' from LD_PRELOAD cannot be preloaded (cannot open shared object file): ignored.
ERROR: ld.so: object 'libargos-core.so' from LD_PRELOAD cannot be preloaded (cannot open shared object file): ignored.
ERROR: ld.so: object 'libargos-agentclient.so' from LD_PRELOAD cannot be preloaded (cannot open shared object file): ignored.
ERROR: ld.so: object 'libargos-agentclient.so' from LD_PRELOAD cannot be preloaded (cannot open shared object file): ignored.
ERROR: ld.so: object 'libargos-core.so' from LD_PRELOAD cannot be preloaded (cannot open shared object file): ignored.
ERROR: ld.so: object 'libargos-agentclient.so' from LD_PRELOAD cannot be preloaded (cannot open shared object file): ignored.
ERROR: ld.so: object 'libargos-core.so' from LD_PRELOAD cannot be preloaded (cannot open shared object file): ignored.
ERROR: ld.so: object 'libargos-agentclient.so' from LD_PRELOAD cannot be preloaded (cannot open shared object file): ignored.
ERROR: ld.so: object 'libargos-core.so' from LD_PRELOAD cannot be preloaded (cannot open shared object file): ignored.
ERROR: ld.so: object 'libargos-core.so' from LD_PRELOAD cannot be preloaded (cannot open shared object file): ignored.
ERROR: ld.so: object 'libargos-agentclient.so' from LD_PRELOAD cannot be preloaded (cannot open shared object file): ignored.
ERROR: ld.so: object 'libargos-agentclient.so' from LD_PRELOAD cannot be preloaded (cannot open shared object file): ignored.
ERROR: ld.so: object 'libargos-core.so' from LD_PRELOAD cannot be preloaded (cannot open shared object file): ignored.
ERROR: ld.so: object 'libargos-agentclient.so' from LD_PRELOAD cannot be preloaded (cannot open shared object file): ignored.
ERROR: ld.so: object 'libargos-core.so' from LD_PRELOAD cannot be preloaded (cannot open shared object file): ignored.
ERROR: ld.so: object 'libargos-agentclient.so' from LD_PRELOAD cannot be preloaded (cannot open shared object file): ignored.
ERROR: ld.so: object 'libargos-core.so' from LD_PRELOAD cannot be preloaded (cannot open shared object file): ignored.
ERROR: ld.so: object 'libargos-agentclient.so' from LD_PRELOAD cannot be preloaded (cannot open shared object file): ignored.
ERROR: ld.so: object 'libargos-core.so' from LD_PRELOAD cannot be preloaded (cannot open shared object file): ignored.
ERROR: ld.so: object 'libargos-agentclient.so' from LD_PRELOAD cannot be preloaded (cannot open shared object file): ignored.
ERROR: ld.so: object 'libargos-core.so' from LD_PRELOAD cannot be preloaded (cannot open shared object file): ignored.
ERROR: ld.so: object 'libargos-agentclient.so' from LD_PRELOAD cannot be preloaded (cannot open shared object file): ignored.
ERROR: ld.so: object 'libargos-core.so' from LD_PRELOAD cannot be preloaded (cannot open shared object file): ignored.
ERROR: ld.so: object 'libargos-agentclient.so' from LD_PRELOAD cannot be preloaded (cannot open shared object file): ignored.
ERROR: ld.so: object 'libargos-core.so' from LD_PRELOAD cannot be preloaded (cannot open shared object file): ignored.
ERROR: ld.so: object 'libargos-agentclient.so' from LD_PRELOAD cannot be preloaded (cannot open shared object file): ignored.
ERROR: ld.so: object 'libargos-core.so' from LD_PRELOAD cannot be preloaded (cannot open shared object file): ignored.
ERROR: ld.so: object 'libargos-agentclient.so' from LD_PRELOAD cannot be preloaded (cannot open shared object file): ignored.
ERROR: ld.so: object 'libargos-core.so' from LD_PRELOAD cannot be preloaded (cannot open shared object file): ignored.
ERROR: ld.so: object 'libargos-agentclient.so' from LD_PRELOAD cannot be preloaded (cannot open shared object file): ignored.
ERROR: ld.so: object 'libargos-core.so' from LD_PRELOAD cannot be preloaded (cannot open shared object file): ignored.
ERROR: ld.so: object 'libargos-agentclient.so' from LD_PRELOAD cannot be preloaded (cannot open shared object file): ignored.
ERROR: ld.so: object 'libargos-core.so' from LD_PRELOAD cannot be preloaded (cannot open shared object file): ignored.
ERROR: ld.so: object 'libargos-core.so' from LD_PRELOAD cannot be preloaded (cannot open shared object file): ignored.
ERROR: ld.so: object 'libargos-agentclient.so' from LD_PRELOAD cannot be preloaded (cannot open shared object file): ignored.
ERROR: ld.so: object 'libargos-agentclient.so' from LD_PRELOAD cannot be preloaded (cannot open shared object file): ignored.
ERROR: ld.so: object 'libargos-core.so' from LD_PRELOAD cannot be preloaded (cannot open shared object file): ignored.
ERROR: ld.so: object 'libargos-agentclient.so' from LD_PRELOAD cannot be preloaded (cannot open shared object file): ignored.
ERROR: ld.so: object 'libargos-core.so' from LD_PRELOAD cannot be preloaded (cannot open shared object file): ignored.
ERROR: ld.so: object 'libargos-agentclient.so' from LD_PRELOAD cannot be preloaded (cannot open shared object file): ignored.
ERROR: ld.so: object 'libargos-core.so' from LD_PRELOAD cannot be preloaded (cannot open shared object file): ignored.
ERROR: ld.so: object 'libargos-core.so' from LD_PRELOAD cannot be preloaded (cannot open shared object file): ignored.
ERROR: ld.so: object 'libargos-agentclient.so' from LD_PRELOAD cannot be preloaded (cannot open shared object file): ignored.
ERROR: ld.so: object 'libargos-agentclient.so' from LD_PRELOAD cannot be preloaded (cannot open shared object file): ignored.
ERROR: ld.so: object 'libargos-core.so' from LD_PRELOAD cannot be preloaded (cannot open shared object file): ignored.
ERROR: ld.so: object 'libargos-core.so' from LD_PRELOAD cannot be preloaded (cannot open shared object file): ignored.
ERROR: ld.so: object 'libargos-agentclient.so' from LD_PRELOAD cannot be preloaded (cannot open shared object file): ignored.
ERROR: ld.so: object 'libargos-agentclient.so' from LD_PRELOAD cannot be preloaded (cannot open shared object file): ignored.
ERROR: ld.so: object 'libargos-core.so' from LD_PRELOAD cannot be preloaded (cannot open shared object file): ignored.
ERROR: ld.so: object 'libargos-core.so' from LD_PRELOAD cannot be preloaded (cannot open shared object file): ignored.
ERROR: ld.so: object 'libargos-agentclient.so' from LD_PRELOAD cannot be preloaded (cannot open shared object file): ignored.
ERROR: ld.so: object 'libargos-agentclient.so' from LD_PRELOAD cannot be preloaded (cannot open shared object file): ignored.
ERROR: ld.so: object 'libargos-core.so' from LD_PRELOAD cannot be preloaded (cannot open shared object file): ignored.
ERROR: ld.so: object 'libargos-agentclient.so' from LD_PRELOAD cannot be preloaded (cannot open shared object file): ignored.
[rank: 6] Seed set to 1234
[rank: 4] Seed set to 1234
[rank: 5] Seed set to 1234
[rank: 7] Seed set to 1234
[rank: 0] Seed set to 1234
[rank: 3] Seed set to 1234
[rank: 1] Seed set to 1234
[rank: 2] Seed set to 1234
[rank: 11] Seed set to 1234
[rank: 23] Seed set to 1234
[rank: 8] Seed set to 1234
[rank: 21] Seed set to 1234
[rank: 9] Seed set to 1234
[rank: 10] Seed set to 1234
[rank: 20] Seed set to 1234
[rank: 22] Seed set to 1234
[rank: 30] Seed set to 1234
[rank: 31] Seed set to 1234
[rank: 28] Seed set to 1234
[rank: 29] Seed set to 1234
[rank: 16] Seed set to 1234
[rank: 19] Seed set to 1234
[rank: 17] Seed set to 1234
[rank: 18] Seed set to 1234
[rank: 26] Seed set to 1234
[rank: 27] Seed set to 1234
[rank: 25] Seed set to 1234
[rank: 24] Seed set to 1234
[rank: 15] Seed set to 1234
[rank: 13] Seed set to 1234
[rank: 12] Seed set to 1234
[rank: 14] Seed set to 1234
INFO:faiss.loader:Loading faiss with SVE support.
INFO:faiss.loader:Could not load library with SVE support due to:
ModuleNotFoundError("No module named 'faiss.swigfaiss_sve'")
INFO:faiss.loader:Loading faiss.
INFO:faiss.loader:Loading faiss with SVE support.
INFO:faiss.loader:Could not load library with SVE support due to:
ModuleNotFoundError("No module named 'faiss.swigfaiss_sve'")
INFO:faiss.loader:Loading faiss.
INFO:faiss.loader:Loading faiss with SVE support.
INFO:faiss.loader:Could not load library with SVE support due to:
ModuleNotFoundError("No module named 'faiss.swigfaiss_sve'")
INFO:faiss.loader:Loading faiss.
INFO:faiss.loader:Loading faiss with SVE support.
INFO:faiss.loader:Could not load library with SVE support due to:
ModuleNotFoundError("No module named 'faiss.swigfaiss_sve'")
INFO:faiss.loader:Loading faiss.
INFO:faiss.loader:Successfully loaded faiss.
INFO:faiss.loader:Successfully loaded faiss.
INFO:faiss.loader:Successfully loaded faiss.
INFO:faiss.loader:Successfully loaded faiss.
INFO:faiss.loader:Loading faiss with SVE support.
INFO:faiss.loader:Could not load library with SVE support due to:
ModuleNotFoundError("No module named 'faiss.swigfaiss_sve'")
INFO:faiss.loader:Loading faiss.
INFO:faiss.loader:Loading faiss with SVE support.
INFO:faiss.loader:Could not load library with SVE support due to:
ModuleNotFoundError("No module named 'faiss.swigfaiss_sve'")
INFO:faiss.loader:Loading faiss.
INFO:faiss.loader:Loading faiss with SVE support.
INFO:faiss.loader:Could not load library with SVE support due to:
ModuleNotFoundError("No module named 'faiss.swigfaiss_sve'")
INFO:faiss.loader:Loading faiss.
INFO:faiss.loader:Loading faiss with SVE support.
INFO:faiss.loader:Could not load library with SVE support due to:
ModuleNotFoundError("No module named 'faiss.swigfaiss_sve'")
INFO:faiss.loader:Loading faiss.
INFO:faiss.loader:Loading faiss with SVE support.
INFO:faiss.loader:Could not load library with SVE support due to:
ModuleNotFoundError("No module named 'faiss.swigfaiss_sve'")
INFO:faiss.loader:Loading faiss.
INFO:faiss.loader:Loading faiss with SVE support.
INFO:faiss.loader:Could not load library with SVE support due to:
ModuleNotFoundError("No module named 'faiss.swigfaiss_sve'")
INFO:faiss.loader:Loading faiss.
INFO:faiss.loader:Loading faiss with SVE support.
INFO:faiss.loader:Could not load library with SVE support due to:
ModuleNotFoundError("No module named 'faiss.swigfaiss_sve'")
INFO:faiss.loader:Loading faiss.
INFO:faiss.loader:Successfully loaded faiss.
INFO:faiss.loader:Successfully loaded faiss.
INFO:faiss.loader:Successfully loaded faiss.
INFO:faiss.loader:Loading faiss with SVE support.
INFO:faiss.loader:Could not load library with SVE support due to:
ModuleNotFoundError("No module named 'faiss.swigfaiss_sve'")
INFO:faiss.loader:Loading faiss.
INFO:faiss.loader:Successfully loaded faiss.
INFO:faiss.loader:Successfully loaded faiss.
INFO:faiss.loader:Successfully loaded faiss.
INFO:faiss.loader:Successfully loaded faiss.
INFO:faiss.loader:Successfully loaded faiss.
INFO:faiss.loader:Loading faiss with SVE support.
INFO:faiss.loader:Could not load library with SVE support due to:
ModuleNotFoundError("No module named 'faiss.swigfaiss_sve'")
INFO:faiss.loader:Loading faiss.
INFO:faiss.loader:Loading faiss with SVE support.
INFO:faiss.loader:Could not load library with SVE support due to:
ModuleNotFoundError("No module named 'faiss.swigfaiss_sve'")
INFO:faiss.loader:Loading faiss.
INFO:faiss.loader:Loading faiss with SVE support.
INFO:faiss.loader:Could not load library with SVE support due to:
ModuleNotFoundError("No module named 'faiss.swigfaiss_sve'")
INFO:faiss.loader:Loading faiss.
INFO:faiss.loader:Loading faiss with SVE support.
INFO:faiss.loader:Could not load library with SVE support due to:
ModuleNotFoundError("No module named 'faiss.swigfaiss_sve'")
INFO:faiss.loader:Loading faiss.
INFO:faiss.loader:Successfully loaded faiss.
INFO:faiss.loader:Successfully loaded faiss.
INFO:faiss.loader:Successfully loaded faiss.
INFO:faiss.loader:Successfully loaded faiss.
INFO:faiss.loader:Loading faiss with SVE support.
INFO:faiss.loader:Could not load library with SVE support due to:
ModuleNotFoundError("No module named 'faiss.swigfaiss_sve'")
INFO:faiss.loader:Loading faiss.
INFO:faiss.loader:Loading faiss with SVE support.
INFO:faiss.loader:Could not load library with SVE support due to:
ModuleNotFoundError("No module named 'faiss.swigfaiss_sve'")
INFO:faiss.loader:Loading faiss.
INFO:faiss.loader:Loading faiss with SVE support.
INFO:faiss.loader:Could not load library with SVE support due to:
ModuleNotFoundError("No module named 'faiss.swigfaiss_sve'")
INFO:faiss.loader:Loading faiss.
INFO:faiss.loader:Loading faiss with SVE support.
INFO:faiss.loader:Could not load library with SVE support due to:
ModuleNotFoundError("No module named 'faiss.swigfaiss_sve'")
INFO:faiss.loader:Loading faiss.
INFO:faiss.loader:Loading faiss with SVE support.
INFO:faiss.loader:Could not load library with SVE support due to:
ModuleNotFoundError("No module named 'faiss.swigfaiss_sve'")
INFO:faiss.loader:Loading faiss.
INFO:faiss.loader:Loading faiss with SVE support.
INFO:faiss.loader:Could not load library with SVE support due to:
ModuleNotFoundError("No module named 'faiss.swigfaiss_sve'")
INFO:faiss.loader:Loading faiss.
INFO:faiss.loader:Loading faiss with SVE support.
INFO:faiss.loader:Could not load library with SVE support due to:
ModuleNotFoundError("No module named 'faiss.swigfaiss_sve'")
INFO:faiss.loader:Loading faiss.
INFO:faiss.loader:Loading faiss with SVE support.
INFO:faiss.loader:Could not load library with SVE support due to:
ModuleNotFoundError("No module named 'faiss.swigfaiss_sve'")
INFO:faiss.loader:Loading faiss.
INFO:faiss.loader:Successfully loaded faiss.
INFO:faiss.loader:Loading faiss with SVE support.
INFO:faiss.loader:Could not load library with SVE support due to:
ModuleNotFoundError("No module named 'faiss.swigfaiss_sve'")
INFO:faiss.loader:Loading faiss.
INFO:faiss.loader:Loading faiss with SVE support.
INFO:faiss.loader:Could not load library with SVE support due to:
ModuleNotFoundError("No module named 'faiss.swigfaiss_sve'")
INFO:faiss.loader:Loading faiss.
INFO:faiss.loader:Loading faiss with SVE support.
INFO:faiss.loader:Could not load library with SVE support due to:
ModuleNotFoundError("No module named 'faiss.swigfaiss_sve'")
INFO:faiss.loader:Loading faiss.
INFO:faiss.loader:Successfully loaded faiss.
INFO:faiss.loader:Successfully loaded faiss.
INFO:faiss.loader:Loading faiss with SVE support.
INFO:faiss.loader:Could not load library with SVE support due to:
ModuleNotFoundError("No module named 'faiss.swigfaiss_sve'")
INFO:faiss.loader:Loading faiss.
INFO:faiss.loader:Loading faiss with SVE support.
INFO:faiss.loader:Could not load library with SVE support due to:
ModuleNotFoundError("No module named 'faiss.swigfaiss_sve'")
INFO:faiss.loader:Loading faiss.
INFO:faiss.loader:Loading faiss with SVE support.
INFO:faiss.loader:Could not load library with SVE support due to:
ModuleNotFoundError("No module named 'faiss.swigfaiss_sve'")
INFO:faiss.loader:Loading faiss.
INFO:faiss.loader:Successfully loaded faiss.
INFO:faiss.loader:Successfully loaded faiss.
INFO:faiss.loader:Loading faiss with SVE support.
INFO:faiss.loader:Could not load library with SVE support due to:
ModuleNotFoundError("No module named 'faiss.swigfaiss_sve'")
INFO:faiss.loader:Loading faiss.
INFO:faiss.loader:Successfully loaded faiss.
INFO:faiss.loader:Successfully loaded faiss.
INFO:faiss.loader:Loading faiss with SVE support.
INFO:faiss.loader:Could not load library with SVE support due to:
ModuleNotFoundError("No module named 'faiss.swigfaiss_sve'")
INFO:faiss.loader:Loading faiss.
INFO:faiss.loader:Successfully loaded faiss.
INFO:faiss.loader:Successfully loaded faiss.
INFO:faiss.loader:Successfully loaded faiss.
INFO:faiss.loader:Successfully loaded faiss.
INFO:faiss.loader:Successfully loaded faiss.
INFO:faiss.loader:Successfully loaded faiss.
INFO:faiss.loader:Successfully loaded faiss.
INFO:faiss.loader:Successfully loaded faiss.
INFO:faiss.loader:Successfully loaded faiss.
[NeMo W 2026-03-30 06:49:51 nemo_logging:405] /usr/local/lib/python3.12/dist-packages/pydub/utils.py:170: RuntimeWarning: Couldn't find ffmpeg or avconv - defaulting to ffmpeg, but may not work
      warn("Couldn't find ffmpeg or avconv - defaulting to ffmpeg, but may not work", RuntimeWarning)
    
INFO:datasets:PyTorch version 2.7.0a0+7c8ec84dab.nv25.3 available.
INFO:datasets:PyTorch version 2.7.0a0+7c8ec84dab.nv25.3 available.
INFO:datasets:PyTorch version 2.7.0a0+7c8ec84dab.nv25.3 available.
INFO:datasets:PyTorch version 2.7.0a0+7c8ec84dab.nv25.3 available.
INFO:datasets:Polars version 1.21.0 available.
INFO:datasets:Polars version 1.21.0 available.
INFO:datasets:Polars version 1.21.0 available.
INFO:datasets:Polars version 1.21.0 available.
INFO:datasets:PyTorch version 2.7.0a0+7c8ec84dab.nv25.3 available.
INFO:datasets:PyTorch version 2.7.0a0+7c8ec84dab.nv25.3 available.
INFO:datasets:PyTorch version 2.7.0a0+7c8ec84dab.nv25.3 available.
INFO:datasets:PyTorch version 2.7.0a0+7c8ec84dab.nv25.3 available.
INFO:datasets:Polars version 1.21.0 available.
INFO:datasets:Polars version 1.21.0 available.
INFO:datasets:Polars version 1.21.0 available.
INFO:datasets:Polars version 1.21.0 available.
INFO:datasets:PyTorch version 2.7.0a0+7c8ec84dab.nv25.3 available.
INFO:datasets:PyTorch version 2.7.0a0+7c8ec84dab.nv25.3 available.
INFO:datasets:PyTorch version 2.7.0a0+7c8ec84dab.nv25.3 available.
INFO:datasets:PyTorch version 2.7.0a0+7c8ec84dab.nv25.3 available.
INFO:datasets:Polars version 1.21.0 available.
INFO:datasets:Polars version 1.21.0 available.
INFO:datasets:Polars version 1.21.0 available.
INFO:datasets:Polars version 1.21.0 available.
INFO:datasets:PyTorch version 2.7.0a0+7c8ec84dab.nv25.3 available.
INFO:datasets:PyTorch version 2.7.0a0+7c8ec84dab.nv25.3 available.
INFO:datasets:PyTorch version 2.7.0a0+7c8ec84dab.nv25.3 available.
INFO:datasets:PyTorch version 2.7.0a0+7c8ec84dab.nv25.3 available.
INFO:datasets:Polars version 1.21.0 available.
INFO:datasets:Polars version 1.21.0 available.
INFO:datasets:Polars version 1.21.0 available.
INFO:datasets:Polars version 1.21.0 available.
INFO:datasets:PyTorch version 2.7.0a0+7c8ec84dab.nv25.3 available.
INFO:datasets:PyTorch version 2.7.0a0+7c8ec84dab.nv25.3 available.
INFO:datasets:PyTorch version 2.7.0a0+7c8ec84dab.nv25.3 available.
INFO:datasets:PyTorch version 2.7.0a0+7c8ec84dab.nv25.3 available.
INFO:datasets:Polars version 1.21.0 available.
INFO:datasets:Polars version 1.21.0 available.
INFO:datasets:Polars version 1.21.0 available.
INFO:datasets:Polars version 1.21.0 available.
INFO:datasets:PyTorch version 2.7.0a0+7c8ec84dab.nv25.3 available.
INFO:datasets:PyTorch version 2.7.0a0+7c8ec84dab.nv25.3 available.
INFO:datasets:PyTorch version 2.7.0a0+7c8ec84dab.nv25.3 available.
INFO:datasets:PyTorch version 2.7.0a0+7c8ec84dab.nv25.3 available.
INFO:datasets:Polars version 1.21.0 available.
INFO:datasets:Polars version 1.21.0 available.
INFO:datasets:Polars version 1.21.0 available.
INFO:datasets:Polars version 1.21.0 available.
INFO:datasets:PyTorch version 2.7.0a0+7c8ec84dab.nv25.3 available.
INFO:datasets:PyTorch version 2.7.0a0+7c8ec84dab.nv25.3 available.
INFO:datasets:PyTorch version 2.7.0a0+7c8ec84dab.nv25.3 available.
INFO:datasets:PyTorch version 2.7.0a0+7c8ec84dab.nv25.3 available.
INFO:datasets:Polars version 1.21.0 available.
INFO:datasets:Polars version 1.21.0 available.
INFO:datasets:Polars version 1.21.0 available.
INFO:datasets:Polars version 1.21.0 available.
INFO:datasets:PyTorch version 2.7.0a0+7c8ec84dab.nv25.3 available.
INFO:datasets:PyTorch version 2.7.0a0+7c8ec84dab.nv25.3 available.
INFO:datasets:PyTorch version 2.7.0a0+7c8ec84dab.nv25.3 available.
INFO:datasets:PyTorch version 2.7.0a0+7c8ec84dab.nv25.3 available.
INFO:datasets:Polars version 1.21.0 available.
INFO:datasets:Polars version 1.21.0 available.
INFO:datasets:Polars version 1.21.0 available.
INFO:datasets:Polars version 1.21.0 available.
INFO:utils:{'data_path': '/work/datasets/AI/tokens_luciole_phase1', 'total_tokens': 3002228277248, 'train': [{'name': 'claire_open_en_text_document', 'weight': 29003.0}, {'name': 'claire_open_fr_text_document', 'weight': 92129.0}, {'name': 'common-corpus_bnl-newspapers-1841-1879_fr_text_document', 'weight': 66237.0}, {'name': 'common-corpus_eurlex_multi_text_document', 'weight': 3601664.0}, {'name': 'common-corpus_gatt-library_multi_text_document', 'weight': 41322.0}, {'name': 'common-corpus_oecd_multi_text_document', 'weight': 121969.0}, {'name': 'common-corpus_tedeutenders_multi_text_document', 'weight': 31276.0}, {'name': 'common-corpus_wto_multi_text_document', 'weight': 577279.0}, {'name': 'common-pile_arxiv-abstracts_en_text_document', 'weight': 140138.0}, {'name': 'common-pile_arxiv-papers_en_text_document', 'weight': 1299034.0}, {'name': 'common-pile_biodiversity-heritage-library_en_text_document', 'weight': 107772.0}, {'name': 'common-pile_caselaw-access-project_en_text_document', 'weight': 929697.0}, {'name': 'common-pile_doab_en_text_document', 'weight': 712786.0}, {'name': 'common-pile_foodista_en_text_document', 'weight': 5603.0}, {'name': 'common-pile_github-archive_en_text_document', 'weight': 2244221.0}, {'name': 'common-pile_library-of-congress_en_text_document', 'weight': 101533.0}, {'name': 'common-pile_libretexts_en_text_document', 'weight': 21049.0}, {'name': 'common-pile_news_en_text_document', 'weight': 14354.0}, {'name': 'common-pile_oercommons_en_text_document', 'weight': 2748.0}, {'name': 'common-pile_peS2o_en_text_document', 'weight': 10166525.0}, {'name': 'common-pile_pre-1929-books_en_text_document', 'weight': 531517.0}, {'name': 'common-pile_pressbooks_en_text_document', 'weight': 31891.0}, {'name': 'common-pile_public-domain-review_en_text_document', 'weight': 382.0}, {'name': 'common-pile_pubmed_en_text_document', 'weight': 1869301.0}, {'name': 'common-pile_python-enhancement-proposals_en_text_document', 'weight': 652.0}, {'name': 'common-pile_regulations_en_text_document', 'weight': 266173.0}, {'name': 'common-pile_stackexchange_en_text_document', 'weight': 4985359.0}, {'name': 'common-pile_ubuntu-irc_en_text_document', 'weight': 482830.0}, {'name': 'common-pile_youtube_en_text_document', 'weight': 204765.0}, {'name': 'croissant-aligned_aligned_text_document', 'weight': 11618464.0}, {'name': 'culturax_fr_text_document_ratio1.30_phase0', 'weight': 57012131.0}, {'name': 'dclm-dolmino_en_text_document_ratio0.75_phase0', 'weight': 93003263.0}, {'name': 'europarl_aligned_text_document', 'weight': 215607.0}, {'name': 'europarl_multi_text_document', 'weight': 99752.0}, {'name': 'eurovoc_filtered_multi_text_document', 'weight': 2150091.0}, {'name': 'fineweb-edu_en_text_document_ratio0.75_phase0', 'weight': 214754282.0}, {'name': 'fineweb2_ar_text_document_ratio0.50_phase0', 'weight': 3350461.0}, {'name': 'fineweb2_ca_text_document_ratio0.05_phase0', 'weight': 92529.0}, {'name': 'fineweb2_de_text_document_ratio0.50_phase0', 'weight': 27173931.0}, {'name': 'fineweb2_es_text_document_ratio0.50_phase0', 'weight': 24393496.0}, {'name': 'fineweb2_fr_text_document_ratio1.30_phase0', 'weight': 50038822.0}, {'name': 'fineweb2_it_text_document_ratio0.50_phase0', 'weight': 13377940.0}, {'name': 'fineweb2_nl_text_document_ratio0.50_phase0', 'weight': 7435763.0}, {'name': 'fineweb2_pt_text_document_ratio0.50_phase0', 'weight': 9800040.0}, {'name': 'fineweb2_regional_text_document', 'weight': 2132152.0}, {'name': 'gallica_monographies_fr_text_document', 'weight': 5842786.0}, {'name': 'gallica_press_fr_text_document', 'weight': 22850320.0}, {'name': 'gutenberg_de_text_document', 'weight': 42330.0}, {'name': 'gutenberg_en_text_document', 'weight': 1187655.0}, {'name': 'gutenberg_es_text_document', 'weight': 21778.0}, {'name': 'gutenberg_fr_text_document', 'weight': 91991.0}, {'name': 'gutenberg_it_text_document', 'weight': 29909.0}, {'name': 'gutenberg_nl_text_document', 'weight': 24430.0}, {'name': 'gutenberg_pt_text_document', 'weight': 9241.0}, {'name': 'hal-cea_full-filtered_fr_text_document', 'weight': 7828031.0}, {'name': 'hplt2_fr_text_document_ratio1.30_phase0', 'weight': 70401931.0}, {'name': 'insee_fr_text_document', 'weight': 55377.0}, {'name': 'math-pile_math_text_document', 'weight': 2345197.0}, {'name': 'opendata_fr_text_document', 'weight': 2749409.0}, {'name': 'parlement_fr_text_document', 'weight': 282826.0}, {'name': 'starcoder-data_code_text_document', 'weight': 62922795.0}, {'name': 'theses_fr_text_document', 'weight': 3239718.0}, {'name': 'wikimedia-vikidia_ar_text_document', 'weight': 265451.0}, {'name': 'wikimedia-vikidia_ca_text_document_ratio0.20_phase0', 'weight': 58530.0}, {'name': 'wikimedia-vikidia_de_text_document', 'weight': 1098595.0}, {'name': 'wikimedia-vikidia_en_text_document', 'weight': 2882825.0}, {'name': 'wikimedia-vikidia_es_text_document', 'weight': 631843.0}, {'name': 'wikimedia-vikidia_fr_text_document', 'weight': 1276052.0}, {'name': 'wikimedia-vikidia_it_text_document', 'weight': 654077.0}, {'name': 'wikimedia-vikidia_pt_text_document', 'weight': 304392.0}, {'name': 'wikimedia-vikidia_regional_text_document', 'weight': 119234.0}, {'name': 'wikimedia_nl_text_document', 'weight': 345319.0}, {'name': 'youtube_fr_text_document', 'weight': 76194.0}]}
INFO:__main__:Using CLI tokenizer override: /work/p26037/barman/tokenizer_128k-arab-regional_v2
INFO:__main__:Global batch size: 1024
INFO:__main__:Sequence length: 4096
INFO:__main__:Tokens per batch: 4194304
INFO:__main__:Total tokens in datamix: 3002228277248
INFO:__main__:Global training/LR horizon (from --max_steps): 715788
INFO:__main__:Patched megatron.core.optimizer (accepted params: {'config', 'lr_mult', 'use_gloo_process_groups', 'scale_lr_cond', 'model_chunks', 'no_weight_decay_cond'})
INFO:utils:{'data_path': '/work/datasets/AI/tokens_luciole_phase1', 'total_tokens': 3002228277248, 'train': [{'name': 'claire_open_en_text_document', 'weight': 29003.0}, {'name': 'claire_open_fr_text_document', 'weight': 92129.0}, {'name': 'common-corpus_bnl-newspapers-1841-1879_fr_text_document', 'weight': 66237.0}, {'name': 'common-corpus_eurlex_multi_text_document', 'weight': 3601664.0}, {'name': 'common-corpus_gatt-library_multi_text_document', 'weight': 41322.0}, {'name': 'common-corpus_oecd_multi_text_document', 'weight': 121969.0}, {'name': 'common-corpus_tedeutenders_multi_text_document', 'weight': 31276.0}, {'name': 'common-corpus_wto_multi_text_document', 'weight': 577279.0}, {'name': 'common-pile_arxiv-abstracts_en_text_document', 'weight': 140138.0}, {'name': 'common-pile_arxiv-papers_en_text_document', 'weight': 1299034.0}, {'name': 'common-pile_biodiversity-heritage-library_en_text_document', 'weight': 107772.0}, {'name': 'common-pile_caselaw-access-project_en_text_document', 'weight': 929697.0}, {'name': 'common-pile_doab_en_text_document', 'weight': 712786.0}, {'name': 'common-pile_foodista_en_text_document', 'weight': 5603.0}, {'name': 'common-pile_github-archive_en_text_document', 'weight': 2244221.0}, {'name': 'common-pile_library-of-congress_en_text_document', 'weight': 101533.0}, {'name': 'common-pile_libretexts_en_text_document', 'weight': 21049.0}, {'name': 'common-pile_news_en_text_document', 'weight': 14354.0}, {'name': 'common-pile_oercommons_en_text_document', 'weight': 2748.0}, {'name': 'common-pile_peS2o_en_text_document', 'weight': 10166525.0}, {'name': 'common-pile_pre-1929-books_en_text_document', 'weight': 531517.0}, {'name': 'common-pile_pressbooks_en_text_document', 'weight': 31891.0}, {'name': 'common-pile_public-domain-review_en_text_document', 'weight': 382.0}, {'name': 'common-pile_pubmed_en_text_document', 'weight': 1869301.0}, {'name': 'common-pile_python-enhancement-proposals_en_text_document', 'weight': 652.0}, {'name': 'common-pile_regulations_en_text_document', 'weight': 266173.0}, {'name': 'common-pile_stackexchange_en_text_document', 'weight': 4985359.0}, {'name': 'common-pile_ubuntu-irc_en_text_document', 'weight': 482830.0}, {'name': 'common-pile_youtube_en_text_document', 'weight': 204765.0}, {'name': 'croissant-aligned_aligned_text_document', 'weight': 11618464.0}, {'name': 'culturax_fr_text_document_ratio1.30_phase0', 'weight': 57012131.0}, {'name': 'dclm-dolmino_en_text_document_ratio0.75_phase0', 'weight': 93003263.0}, {'name': 'europarl_aligned_text_document', 'weight': 215607.0}, {'name': 'europarl_multi_text_document', 'weight': 99752.0}, {'name': 'eurovoc_filtered_multi_text_document', 'weight': 2150091.0}, {'name': 'fineweb-edu_en_text_document_ratio0.75_phase0', 'weight': 214754282.0}, {'name': 'fineweb2_ar_text_document_ratio0.50_phase0', 'weight': 3350461.0}, {'name': 'fineweb2_ca_text_document_ratio0.05_phase0', 'weight': 92529.0}, {'name': 'fineweb2_de_text_document_ratio0.50_phase0', 'weight': 27173931.0}, {'name': 'fineweb2_es_text_document_ratio0.50_phase0', 'weight': 24393496.0}, {'name': 'fineweb2_fr_text_document_ratio1.30_phase0', 'weight': 50038822.0}, {'name': 'fineweb2_it_text_document_ratio0.50_phase0', 'weight': 13377940.0}, {'name': 'fineweb2_nl_text_document_ratio0.50_phase0', 'weight': 7435763.0}, {'name': 'fineweb2_pt_text_document_ratio0.50_phase0', 'weight': 9800040.0}, {'name': 'fineweb2_regional_text_document', 'weight': 2132152.0}, {'name': 'gallica_monographies_fr_text_document', 'weight': 5842786.0}, {'name': 'gallica_press_fr_text_document', 'weight': 22850320.0}, {'name': 'gutenberg_de_text_document', 'weight': 42330.0}, {'name': 'gutenberg_en_text_document', 'weight': 1187655.0}, {'name': 'gutenberg_es_text_document', 'weight': 21778.0}, {'name': 'gutenberg_fr_text_document', 'weight': 91991.0}, {'name': 'gutenberg_it_text_document', 'weight': 29909.0}, {'name': 'gutenberg_nl_text_document', 'weight': 24430.0}, {'name': 'gutenberg_pt_text_document', 'weight': 9241.0}, {'name': 'hal-cea_full-filtered_fr_text_document', 'weight': 7828031.0}, {'name': 'hplt2_fr_text_document_ratio1.30_phase0', 'weight': 70401931.0}, {'name': 'insee_fr_text_document', 'weight': 55377.0}, {'name': 'math-pile_math_text_document', 'weight': 2345197.0}, {'name': 'opendata_fr_text_document', 'weight': 2749409.0}, {'name': 'parlement_fr_text_document', 'weight': 282826.0}, {'name': 'starcoder-data_code_text_document', 'weight': 62922795.0}, {'name': 'theses_fr_text_document', 'weight': 3239718.0}, {'name': 'wikimedia-vikidia_ar_text_document', 'weight': 265451.0}, {'name': 'wikimedia-vikidia_ca_text_document_ratio0.20_phase0', 'weight': 58530.0}, {'name': 'wikimedia-vikidia_de_text_document', 'weight': 1098595.0}, {'name': 'wikimedia-vikidia_en_text_document', 'weight': 2882825.0}, {'name': 'wikimedia-vikidia_es_text_document', 'weight': 631843.0}, {'name': 'wikimedia-vikidia_fr_text_document', 'weight': 1276052.0}, {'name': 'wikimedia-vikidia_it_text_document', 'weight': 654077.0}, {'name': 'wikimedia-vikidia_pt_text_document', 'weight': 304392.0}, {'name': 'wikimedia-vikidia_regional_text_document', 'weight': 119234.0}, {'name': 'wikimedia_nl_text_document', 'weight': 345319.0}, {'name': 'youtube_fr_text_document', 'weight': 76194.0}]}
INFO:__main__:Using CLI tokenizer override: /work/p26037/barman/tokenizer_128k-arab-regional_v2
INFO:__main__:Global batch size: 1024
INFO:__main__:Sequence length: 4096
INFO:__main__:Tokens per batch: 4194304
INFO:__main__:Total tokens in datamix: 3002228277248
INFO:__main__:Global training/LR horizon (from --max_steps): 715788
INFO:__main__:Patched megatron.core.optimizer (accepted params: {'scale_lr_cond', 'lr_mult', 'config', 'use_gloo_process_groups', 'model_chunks', 'no_weight_decay_cond'})
INFO:utils:{'data_path': '/work/datasets/AI/tokens_luciole_phase1', 'total_tokens': 3002228277248, 'train': [{'name': 'claire_open_en_text_document', 'weight': 29003.0}, {'name': 'claire_open_fr_text_document', 'weight': 92129.0}, {'name': 'common-corpus_bnl-newspapers-1841-1879_fr_text_document', 'weight': 66237.0}, {'name': 'common-corpus_eurlex_multi_text_document', 'weight': 3601664.0}, {'name': 'common-corpus_gatt-library_multi_text_document', 'weight': 41322.0}, {'name': 'common-corpus_oecd_multi_text_document', 'weight': 121969.0}, {'name': 'common-corpus_tedeutenders_multi_text_document', 'weight': 31276.0}, {'name': 'common-corpus_wto_multi_text_document', 'weight': 577279.0}, {'name': 'common-pile_arxiv-abstracts_en_text_document', 'weight': 140138.0}, {'name': 'common-pile_arxiv-papers_en_text_document', 'weight': 1299034.0}, {'name': 'common-pile_biodiversity-heritage-library_en_text_document', 'weight': 107772.0}, {'name': 'common-pile_caselaw-access-project_en_text_document', 'weight': 929697.0}, {'name': 'common-pile_doab_en_text_document', 'weight': 712786.0}, {'name': 'common-pile_foodista_en_text_document', 'weight': 5603.0}, {'name': 'common-pile_github-archive_en_text_document', 'weight': 2244221.0}, {'name': 'common-pile_library-of-congress_en_text_document', 'weight': 101533.0}, {'name': 'common-pile_libretexts_en_text_document', 'weight': 21049.0}, {'name': 'common-pile_news_en_text_document', 'weight': 14354.0}, {'name': 'common-pile_oercommons_en_text_document', 'weight': 2748.0}, {'name': 'common-pile_peS2o_en_text_document', 'weight': 10166525.0}, {'name': 'common-pile_pre-1929-books_en_text_document', 'weight': 531517.0}, {'name': 'common-pile_pressbooks_en_text_document', 'weight': 31891.0}, {'name': 'common-pile_public-domain-review_en_text_document', 'weight': 382.0}, {'name': 'common-pile_pubmed_en_text_document', 'weight': 1869301.0}, {'name': 'common-pile_python-enhancement-proposals_en_text_document', 'weight': 652.0}, {'name': 'common-pile_regulations_en_text_document', 'weight': 266173.0}, {'name': 'common-pile_stackexchange_en_text_document', 'weight': 4985359.0}, {'name': 'common-pile_ubuntu-irc_en_text_document', 'weight': 482830.0}, {'name': 'common-pile_youtube_en_text_document', 'weight': 204765.0}, {'name': 'croissant-aligned_aligned_text_document', 'weight': 11618464.0}, {'name': 'culturax_fr_text_document_ratio1.30_phase0', 'weight': 57012131.0}, {'name': 'dclm-dolmino_en_text_document_ratio0.75_phase0', 'weight': 93003263.0}, {'name': 'europarl_aligned_text_document', 'weight': 215607.0}, {'name': 'europarl_multi_text_document', 'weight': 99752.0}, {'name': 'eurovoc_filtered_multi_text_document', 'weight': 2150091.0}, {'name': 'fineweb-edu_en_text_document_ratio0.75_phase0', 'weight': 214754282.0}, {'name': 'fineweb2_ar_text_document_ratio0.50_phase0', 'weight': 3350461.0}, {'name': 'fineweb2_ca_text_document_ratio0.05_phase0', 'weight': 92529.0}, {'name': 'fineweb2_de_text_document_ratio0.50_phase0', 'weight': 27173931.0}, {'name': 'fineweb2_es_text_document_ratio0.50_phase0', 'weight': 24393496.0}, {'name': 'fineweb2_fr_text_document_ratio1.30_phase0', 'weight': 50038822.0}, {'name': 'fineweb2_it_text_document_ratio0.50_phase0', 'weight': 13377940.0}, {'name': 'fineweb2_nl_text_document_ratio0.50_phase0', 'weight': 7435763.0}, {'name': 'fineweb2_pt_text_document_ratio0.50_phase0', 'weight': 9800040.0}, {'name': 'fineweb2_regional_text_document', 'weight': 2132152.0}, {'name': 'gallica_monographies_fr_text_document', 'weight': 5842786.0}, {'name': 'gallica_press_fr_text_document', 'weight': 22850320.0}, {'name': 'gutenberg_de_text_document', 'weight': 42330.0}, {'name': 'gutenberg_en_text_document', 'weight': 1187655.0}, {'name': 'gutenberg_es_text_document', 'weight': 21778.0}, {'name': 'gutenberg_fr_text_document', 'weight': 91991.0}, {'name': 'gutenberg_it_text_document', 'weight': 29909.0}, {'name': 'gutenberg_nl_text_document', 'weight': 24430.0}, {'name': 'gutenberg_pt_text_document', 'weight': 9241.0}, {'name': 'hal-cea_full-filtered_fr_text_document', 'weight': 7828031.0}, {'name': 'hplt2_fr_text_document_ratio1.30_phase0', 'weight': 70401931.0}, {'name': 'insee_fr_text_document', 'weight': 55377.0}, {'name': 'math-pile_math_text_document', 'weight': 2345197.0}, {'name': 'opendata_fr_text_document', 'weight': 2749409.0}, {'name': 'parlement_fr_text_document', 'weight': 282826.0}, {'name': 'starcoder-data_code_text_document', 'weight': 62922795.0}, {'name': 'theses_fr_text_document', 'weight': 3239718.0}, {'name': 'wikimedia-vikidia_ar_text_document', 'weight': 265451.0}, {'name': 'wikimedia-vikidia_ca_text_document_ratio0.20_phase0', 'weight': 58530.0}, {'name': 'wikimedia-vikidia_de_text_document', 'weight': 1098595.0}, {'name': 'wikimedia-vikidia_en_text_document', 'weight': 2882825.0}, {'name': 'wikimedia-vikidia_es_text_document', 'weight': 631843.0}, {'name': 'wikimedia-vikidia_fr_text_document', 'weight': 1276052.0}, {'name': 'wikimedia-vikidia_it_text_document', 'weight': 654077.0}, {'name': 'wikimedia-vikidia_pt_text_document', 'weight': 304392.0}, {'name': 'wikimedia-vikidia_regional_text_document', 'weight': 119234.0}, {'name': 'wikimedia_nl_text_document', 'weight': 345319.0}, {'name': 'youtube_fr_text_document', 'weight': 76194.0}]}
INFO:__main__:Using CLI tokenizer override: /work/p26037/barman/tokenizer_128k-arab-regional_v2
INFO:__main__:Global batch size: 1024
INFO:__main__:Sequence length: 4096
INFO:__main__:Tokens per batch: 4194304
INFO:__main__:Total tokens in datamix: 3002228277248
INFO:__main__:Global training/LR horizon (from --max_steps): 715788
INFO:__main__:Patched megatron.core.optimizer (accepted params: {'scale_lr_cond', 'config', 'use_gloo_process_groups', 'no_weight_decay_cond', 'model_chunks', 'lr_mult'})
INFO:utils:{'data_path': '/work/datasets/AI/tokens_luciole_phase1', 'total_tokens': 3002228277248, 'train': [{'name': 'claire_open_en_text_document', 'weight': 29003.0}, {'name': 'claire_open_fr_text_document', 'weight': 92129.0}, {'name': 'common-corpus_bnl-newspapers-1841-1879_fr_text_document', 'weight': 66237.0}, {'name': 'common-corpus_eurlex_multi_text_document', 'weight': 3601664.0}, {'name': 'common-corpus_gatt-library_multi_text_document', 'weight': 41322.0}, {'name': 'common-corpus_oecd_multi_text_document', 'weight': 121969.0}, {'name': 'common-corpus_tedeutenders_multi_text_document', 'weight': 31276.0}, {'name': 'common-corpus_wto_multi_text_document', 'weight': 577279.0}, {'name': 'common-pile_arxiv-abstracts_en_text_document', 'weight': 140138.0}, {'name': 'common-pile_arxiv-papers_en_text_document', 'weight': 1299034.0}, {'name': 'common-pile_biodiversity-heritage-library_en_text_document', 'weight': 107772.0}, {'name': 'common-pile_caselaw-access-project_en_text_document', 'weight': 929697.0}, {'name': 'common-pile_doab_en_text_document', 'weight': 712786.0}, {'name': 'common-pile_foodista_en_text_document', 'weight': 5603.0}, {'name': 'common-pile_github-archive_en_text_document', 'weight': 2244221.0}, {'name': 'common-pile_library-of-congress_en_text_document', 'weight': 101533.0}, {'name': 'common-pile_libretexts_en_text_document', 'weight': 21049.0}, {'name': 'common-pile_news_en_text_document', 'weight': 14354.0}, {'name': 'common-pile_oercommons_en_text_document', 'weight': 2748.0}, {'name': 'common-pile_peS2o_en_text_document', 'weight': 10166525.0}, {'name': 'common-pile_pre-1929-books_en_text_document', 'weight': 531517.0}, {'name': 'common-pile_pressbooks_en_text_document', 'weight': 31891.0}, {'name': 'common-pile_public-domain-review_en_text_document', 'weight': 382.0}, {'name': 'common-pile_pubmed_en_text_document', 'weight': 1869301.0}, {'name': 'common-pile_python-enhancement-proposals_en_text_document', 'weight': 652.0}, {'name': 'common-pile_regulations_en_text_document', 'weight': 266173.0}, {'name': 'common-pile_stackexchange_en_text_document', 'weight': 4985359.0}, {'name': 'common-pile_ubuntu-irc_en_text_document', 'weight': 482830.0}, {'name': 'common-pile_youtube_en_text_document', 'weight': 204765.0}, {'name': 'croissant-aligned_aligned_text_document', 'weight': 11618464.0}, {'name': 'culturax_fr_text_document_ratio1.30_phase0', 'weight': 57012131.0}, {'name': 'dclm-dolmino_en_text_document_ratio0.75_phase0', 'weight': 93003263.0}, {'name': 'europarl_aligned_text_document', 'weight': 215607.0}, {'name': 'europarl_multi_text_document', 'weight': 99752.0}, {'name': 'eurovoc_filtered_multi_text_document', 'weight': 2150091.0}, {'name': 'fineweb-edu_en_text_document_ratio0.75_phase0', 'weight': 214754282.0}, {'name': 'fineweb2_ar_text_document_ratio0.50_phase0', 'weight': 3350461.0}, {'name': 'fineweb2_ca_text_document_ratio0.05_phase0', 'weight': 92529.0}, {'name': 'fineweb2_de_text_document_ratio0.50_phase0', 'weight': 27173931.0}, {'name': 'fineweb2_es_text_document_ratio0.50_phase0', 'weight': 24393496.0}, {'name': 'fineweb2_fr_text_document_ratio1.30_phase0', 'weight': 50038822.0}, {'name': 'fineweb2_it_text_document_ratio0.50_phase0', 'weight': 13377940.0}, {'name': 'fineweb2_nl_text_document_ratio0.50_phase0', 'weight': 7435763.0}, {'name': 'fineweb2_pt_text_document_ratio0.50_phase0', 'weight': 9800040.0}, {'name': 'fineweb2_regional_text_document', 'weight': 2132152.0}, {'name': 'gallica_monographies_fr_text_document', 'weight': 5842786.0}, {'name': 'gallica_press_fr_text_document', 'weight': 22850320.0}, {'name': 'gutenberg_de_text_document', 'weight': 42330.0}, {'name': 'gutenberg_en_text_document', 'weight': 1187655.0}, {'name': 'gutenberg_es_text_document', 'weight': 21778.0}, {'name': 'gutenberg_fr_text_document', 'weight': 91991.0}, {'name': 'gutenberg_it_text_document', 'weight': 29909.0}, {'name': 'gutenberg_nl_text_document', 'weight': 24430.0}, {'name': 'gutenberg_pt_text_document', 'weight': 9241.0}, {'name': 'hal-cea_full-filtered_fr_text_document', 'weight': 7828031.0}, {'name': 'hplt2_fr_text_document_ratio1.30_phase0', 'weight': 70401931.0}, {'name': 'insee_fr_text_document', 'weight': 55377.0}, {'name': 'math-pile_math_text_document', 'weight': 2345197.0}, {'name': 'opendata_fr_text_document', 'weight': 2749409.0}, {'name': 'parlement_fr_text_document', 'weight': 282826.0}, {'name': 'starcoder-data_code_text_document', 'weight': 62922795.0}, {'name': 'theses_fr_text_document', 'weight': 3239718.0}, {'name': 'wikimedia-vikidia_ar_text_document', 'weight': 265451.0}, {'name': 'wikimedia-vikidia_ca_text_document_ratio0.20_phase0', 'weight': 58530.0}, {'name': 'wikimedia-vikidia_de_text_document', 'weight': 1098595.0}, {'name': 'wikimedia-vikidia_en_text_document', 'weight': 2882825.0}, {'name': 'wikimedia-vikidia_es_text_document', 'weight': 631843.0}, {'name': 'wikimedia-vikidia_fr_text_document', 'weight': 1276052.0}, {'name': 'wikimedia-vikidia_it_text_document', 'weight': 654077.0}, {'name': 'wikimedia-vikidia_pt_text_document', 'weight': 304392.0}, {'name': 'wikimedia-vikidia_regional_text_document', 'weight': 119234.0}, {'name': 'wikimedia_nl_text_document', 'weight': 345319.0}, {'name': 'youtube_fr_text_document', 'weight': 76194.0}]}
INFO:__main__:Using CLI tokenizer override: /work/p26037/barman/tokenizer_128k-arab-regional_v2
INFO:__main__:Global batch size: 1024
INFO:__main__:Sequence length: 4096
INFO:__main__:Tokens per batch: 4194304
INFO:__main__:Total tokens in datamix: 3002228277248
INFO:__main__:Global training/LR horizon (from --max_steps): 715788
INFO:__main__:Patched megatron.core.optimizer (accepted params: {'lr_mult', 'use_gloo_process_groups', 'config', 'model_chunks', 'no_weight_decay_cond', 'scale_lr_cond'})
INFO:utils:{'data_path': '/work/datasets/AI/tokens_luciole_phase1', 'total_tokens': 3002228277248, 'train': [{'name': 'claire_open_en_text_document', 'weight': 29003.0}, {'name': 'claire_open_fr_text_document', 'weight': 92129.0}, {'name': 'common-corpus_bnl-newspapers-1841-1879_fr_text_document', 'weight': 66237.0}, {'name': 'common-corpus_eurlex_multi_text_document', 'weight': 3601664.0}, {'name': 'common-corpus_gatt-library_multi_text_document', 'weight': 41322.0}, {'name': 'common-corpus_oecd_multi_text_document', 'weight': 121969.0}, {'name': 'common-corpus_tedeutenders_multi_text_document', 'weight': 31276.0}, {'name': 'common-corpus_wto_multi_text_document', 'weight': 577279.0}, {'name': 'common-pile_arxiv-abstracts_en_text_document', 'weight': 140138.0}, {'name': 'common-pile_arxiv-papers_en_text_document', 'weight': 1299034.0}, {'name': 'common-pile_biodiversity-heritage-library_en_text_document', 'weight': 107772.0}, {'name': 'common-pile_caselaw-access-project_en_text_document', 'weight': 929697.0}, {'name': 'common-pile_doab_en_text_document', 'weight': 712786.0}, {'name': 'common-pile_foodista_en_text_document', 'weight': 5603.0}, {'name': 'common-pile_github-archive_en_text_document', 'weight': 2244221.0}, {'name': 'common-pile_library-of-congress_en_text_document', 'weight': 101533.0}, {'name': 'common-pile_libretexts_en_text_document', 'weight': 21049.0}, {'name': 'common-pile_news_en_text_document', 'weight': 14354.0}, {'name': 'common-pile_oercommons_en_text_document', 'weight': 2748.0}, {'name': 'common-pile_peS2o_en_text_document', 'weight': 10166525.0}, {'name': 'common-pile_pre-1929-books_en_text_document', 'weight': 531517.0}, {'name': 'common-pile_pressbooks_en_text_document', 'weight': 31891.0}, {'name': 'common-pile_public-domain-review_en_text_document', 'weight': 382.0}, {'name': 'common-pile_pubmed_en_text_document', 'weight': 1869301.0}, {'name': 'common-pile_python-enhancement-proposals_en_text_document', 'weight': 652.0}, {'name': 'common-pile_regulations_en_text_document', 'weight': 266173.0}, {'name': 'common-pile_stackexchange_en_text_document', 'weight': 4985359.0}, {'name': 'common-pile_ubuntu-irc_en_text_document', 'weight': 482830.0}, {'name': 'common-pile_youtube_en_text_document', 'weight': 204765.0}, {'name': 'croissant-aligned_aligned_text_document', 'weight': 11618464.0}, {'name': 'culturax_fr_text_document_ratio1.30_phase0', 'weight': 57012131.0}, {'name': 'dclm-dolmino_en_text_document_ratio0.75_phase0', 'weight': 93003263.0}, {'name': 'europarl_aligned_text_document', 'weight': 215607.0}, {'name': 'europarl_multi_text_document', 'weight': 99752.0}, {'name': 'eurovoc_filtered_multi_text_document', 'weight': 2150091.0}, {'name': 'fineweb-edu_en_text_document_ratio0.75_phase0', 'weight': 214754282.0}, {'name': 'fineweb2_ar_text_document_ratio0.50_phase0', 'weight': 3350461.0}, {'name': 'fineweb2_ca_text_document_ratio0.05_phase0', 'weight': 92529.0}, {'name': 'fineweb2_de_text_document_ratio0.50_phase0', 'weight': 27173931.0}, {'name': 'fineweb2_es_text_document_ratio0.50_phase0', 'weight': 24393496.0}, {'name': 'fineweb2_fr_text_document_ratio1.30_phase0', 'weight': 50038822.0}, {'name': 'fineweb2_it_text_document_ratio0.50_phase0', 'weight': 13377940.0}, {'name': 'fineweb2_nl_text_document_ratio0.50_phase0', 'weight': 7435763.0}, {'name': 'fineweb2_pt_text_document_ratio0.50_phase0', 'weight': 9800040.0}, {'name': 'fineweb2_regional_text_document', 'weight': 2132152.0}, {'name': 'gallica_monographies_fr_text_document', 'weight': 5842786.0}, {'name': 'gallica_press_fr_text_document', 'weight': 22850320.0}, {'name': 'gutenberg_de_text_document', 'weight': 42330.0}, {'name': 'gutenberg_en_text_document', 'weight': 1187655.0}, {'name': 'gutenberg_es_text_document', 'weight': 21778.0}, {'name': 'gutenberg_fr_text_document', 'weight': 91991.0}, {'name': 'gutenberg_it_text_document', 'weight': 29909.0}, {'name': 'gutenberg_nl_text_document', 'weight': 24430.0}, {'name': 'gutenberg_pt_text_document', 'weight': 9241.0}, {'name': 'hal-cea_full-filtered_fr_text_document', 'weight': 7828031.0}, {'name': 'hplt2_fr_text_document_ratio1.30_phase0', 'weight': 70401931.0}, {'name': 'insee_fr_text_document', 'weight': 55377.0}, {'name': 'math-pile_math_text_document', 'weight': 2345197.0}, {'name': 'opendata_fr_text_document', 'weight': 2749409.0}, {'name': 'parlement_fr_text_document', 'weight': 282826.0}, {'name': 'starcoder-data_code_text_document', 'weight': 62922795.0}, {'name': 'theses_fr_text_document', 'weight': 3239718.0}, {'name': 'wikimedia-vikidia_ar_text_document', 'weight': 265451.0}, {'name': 'wikimedia-vikidia_ca_text_document_ratio0.20_phase0', 'weight': 58530.0}, {'name': 'wikimedia-vikidia_de_text_document', 'weight': 1098595.0}, {'name': 'wikimedia-vikidia_en_text_document', 'weight': 2882825.0}, {'name': 'wikimedia-vikidia_es_text_document', 'weight': 631843.0}, {'name': 'wikimedia-vikidia_fr_text_document', 'weight': 1276052.0}, {'name': 'wikimedia-vikidia_it_text_document', 'weight': 654077.0}, {'name': 'wikimedia-vikidia_pt_text_document', 'weight': 304392.0}, {'name': 'wikimedia-vikidia_regional_text_document', 'weight': 119234.0}, {'name': 'wikimedia_nl_text_document', 'weight': 345319.0}, {'name': 'youtube_fr_text_document', 'weight': 76194.0}]}
INFO:__main__:Using CLI tokenizer override: /work/p26037/barman/tokenizer_128k-arab-regional_v2
INFO:__main__:Global batch size: 1024
INFO:__main__:Sequence length: 4096
INFO:__main__:Tokens per batch: 4194304
INFO:__main__:Total tokens in datamix: 3002228277248
INFO:__main__:Global training/LR horizon (from --max_steps): 715788
INFO:__main__:Patched megatron.core.optimizer (accepted params: {'no_weight_decay_cond', 'scale_lr_cond', 'use_gloo_process_groups', 'lr_mult', 'model_chunks', 'config'})
INFO:utils:{'data_path': '/work/datasets/AI/tokens_luciole_phase1', 'total_tokens': 3002228277248, 'train': [{'name': 'claire_open_en_text_document', 'weight': 29003.0}, {'name': 'claire_open_fr_text_document', 'weight': 92129.0}, {'name': 'common-corpus_bnl-newspapers-1841-1879_fr_text_document', 'weight': 66237.0}, {'name': 'common-corpus_eurlex_multi_text_document', 'weight': 3601664.0}, {'name': 'common-corpus_gatt-library_multi_text_document', 'weight': 41322.0}, {'name': 'common-corpus_oecd_multi_text_document', 'weight': 121969.0}, {'name': 'common-corpus_tedeutenders_multi_text_document', 'weight': 31276.0}, {'name': 'common-corpus_wto_multi_text_document', 'weight': 577279.0}, {'name': 'common-pile_arxiv-abstracts_en_text_document', 'weight': 140138.0}, {'name': 'common-pile_arxiv-papers_en_text_document', 'weight': 1299034.0}, {'name': 'common-pile_biodiversity-heritage-library_en_text_document', 'weight': 107772.0}, {'name': 'common-pile_caselaw-access-project_en_text_document', 'weight': 929697.0}, {'name': 'common-pile_doab_en_text_document', 'weight': 712786.0}, {'name': 'common-pile_foodista_en_text_document', 'weight': 5603.0}, {'name': 'common-pile_github-archive_en_text_document', 'weight': 2244221.0}, {'name': 'common-pile_library-of-congress_en_text_document', 'weight': 101533.0}, {'name': 'common-pile_libretexts_en_text_document', 'weight': 21049.0}, {'name': 'common-pile_news_en_text_document', 'weight': 14354.0}, {'name': 'common-pile_oercommons_en_text_document', 'weight': 2748.0}, {'name': 'common-pile_peS2o_en_text_document', 'weight': 10166525.0}, {'name': 'common-pile_pre-1929-books_en_text_document', 'weight': 531517.0}, {'name': 'common-pile_pressbooks_en_text_document', 'weight': 31891.0}, {'name': 'common-pile_public-domain-review_en_text_document', 'weight': 382.0}, {'name': 'common-pile_pubmed_en_text_document', 'weight': 1869301.0}, {'name': 'common-pile_python-enhancement-proposals_en_text_document', 'weight': 652.0}, {'name': 'common-pile_regulations_en_text_document', 'weight': 266173.0}, {'name': 'common-pile_stackexchange_en_text_document', 'weight': 4985359.0}, {'name': 'common-pile_ubuntu-irc_en_text_document', 'weight': 482830.0}, {'name': 'common-pile_youtube_en_text_document', 'weight': 204765.0}, {'name': 'croissant-aligned_aligned_text_document', 'weight': 11618464.0}, {'name': 'culturax_fr_text_document_ratio1.30_phase0', 'weight': 57012131.0}, {'name': 'dclm-dolmino_en_text_document_ratio0.75_phase0', 'weight': 93003263.0}, {'name': 'europarl_aligned_text_document', 'weight': 215607.0}, {'name': 'europarl_multi_text_document', 'weight': 99752.0}, {'name': 'eurovoc_filtered_multi_text_document', 'weight': 2150091.0}, {'name': 'fineweb-edu_en_text_document_ratio0.75_phase0', 'weight': 214754282.0}, {'name': 'fineweb2_ar_text_document_ratio0.50_phase0', 'weight': 3350461.0}, {'name': 'fineweb2_ca_text_document_ratio0.05_phase0', 'weight': 92529.0}, {'name': 'fineweb2_de_text_document_ratio0.50_phase0', 'weight': 27173931.0}, {'name': 'fineweb2_es_text_document_ratio0.50_phase0', 'weight': 24393496.0}, {'name': 'fineweb2_fr_text_document_ratio1.30_phase0', 'weight': 50038822.0}, {'name': 'fineweb2_it_text_document_ratio0.50_phase0', 'weight': 13377940.0}, {'name': 'fineweb2_nl_text_document_ratio0.50_phase0', 'weight': 7435763.0}, {'name': 'fineweb2_pt_text_document_ratio0.50_phase0', 'weight': 9800040.0}, {'name': 'fineweb2_regional_text_document', 'weight': 2132152.0}, {'name': 'gallica_monographies_fr_text_document', 'weight': 5842786.0}, {'name': 'gallica_press_fr_text_document', 'weight': 22850320.0}, {'name': 'gutenberg_de_text_document', 'weight': 42330.0}, {'name': 'gutenberg_en_text_document', 'weight': 1187655.0}, {'name': 'gutenberg_es_text_document', 'weight': 21778.0}, {'name': 'gutenberg_fr_text_document', 'weight': 91991.0}, {'name': 'gutenberg_it_text_document', 'weight': 29909.0}, {'name': 'gutenberg_nl_text_document', 'weight': 24430.0}, {'name': 'gutenberg_pt_text_document', 'weight': 9241.0}, {'name': 'hal-cea_full-filtered_fr_text_document', 'weight': 7828031.0}, {'name': 'hplt2_fr_text_document_ratio1.30_phase0', 'weight': 70401931.0}, {'name': 'insee_fr_text_document', 'weight': 55377.0}, {'name': 'math-pile_math_text_document', 'weight': 2345197.0}, {'name': 'opendata_fr_text_document', 'weight': 2749409.0}, {'name': 'parlement_fr_text_document', 'weight': 282826.0}, {'name': 'starcoder-data_code_text_document', 'weight': 62922795.0}, {'name': 'theses_fr_text_document', 'weight': 3239718.0}, {'name': 'wikimedia-vikidia_ar_text_document', 'weight': 265451.0}, {'name': 'wikimedia-vikidia_ca_text_document_ratio0.20_phase0', 'weight': 58530.0}, {'name': 'wikimedia-vikidia_de_text_document', 'weight': 1098595.0}, {'name': 'wikimedia-vikidia_en_text_document', 'weight': 2882825.0}, {'name': 'wikimedia-vikidia_es_text_document', 'weight': 631843.0}, {'name': 'wikimedia-vikidia_fr_text_document', 'weight': 1276052.0}, {'name': 'wikimedia-vikidia_it_text_document', 'weight': 654077.0}, {'name': 'wikimedia-vikidia_pt_text_document', 'weight': 304392.0}, {'name': 'wikimedia-vikidia_regional_text_document', 'weight': 119234.0}, {'name': 'wikimedia_nl_text_document', 'weight': 345319.0}, {'name': 'youtube_fr_text_document', 'weight': 76194.0}]}
INFO:__main__:Using CLI tokenizer override: /work/p26037/barman/tokenizer_128k-arab-regional_v2
INFO:__main__:Global batch size: 1024
INFO:__main__:Sequence length: 4096
INFO:__main__:Tokens per batch: 4194304
INFO:__main__:Total tokens in datamix: 3002228277248
INFO:__main__:Global training/LR horizon (from --max_steps): 715788
INFO:__main__:Patched megatron.core.optimizer (accepted params: {'scale_lr_cond', 'use_gloo_process_groups', 'lr_mult', 'model_chunks', 'no_weight_decay_cond', 'config'})
INFO:utils:{'data_path': '/work/datasets/AI/tokens_luciole_phase1', 'total_tokens': 3002228277248, 'train': [{'name': 'claire_open_en_text_document', 'weight': 29003.0}, {'name': 'claire_open_fr_text_document', 'weight': 92129.0}, {'name': 'common-corpus_bnl-newspapers-1841-1879_fr_text_document', 'weight': 66237.0}, {'name': 'common-corpus_eurlex_multi_text_document', 'weight': 3601664.0}, {'name': 'common-corpus_gatt-library_multi_text_document', 'weight': 41322.0}, {'name': 'common-corpus_oecd_multi_text_document', 'weight': 121969.0}, {'name': 'common-corpus_tedeutenders_multi_text_document', 'weight': 31276.0}, {'name': 'common-corpus_wto_multi_text_document', 'weight': 577279.0}, {'name': 'common-pile_arxiv-abstracts_en_text_document', 'weight': 140138.0}, {'name': 'common-pile_arxiv-papers_en_text_document', 'weight': 1299034.0}, {'name': 'common-pile_biodiversity-heritage-library_en_text_document', 'weight': 107772.0}, {'name': 'common-pile_caselaw-access-project_en_text_document', 'weight': 929697.0}, {'name': 'common-pile_doab_en_text_document', 'weight': 712786.0}, {'name': 'common-pile_foodista_en_text_document', 'weight': 5603.0}, {'name': 'common-pile_github-archive_en_text_document', 'weight': 2244221.0}, {'name': 'common-pile_library-of-congress_en_text_document', 'weight': 101533.0}, {'name': 'common-pile_libretexts_en_text_document', 'weight': 21049.0}, {'name': 'common-pile_news_en_text_document', 'weight': 14354.0}, {'name': 'common-pile_oercommons_en_text_document', 'weight': 2748.0}, {'name': 'common-pile_peS2o_en_text_document', 'weight': 10166525.0}, {'name': 'common-pile_pre-1929-books_en_text_document', 'weight': 531517.0}, {'name': 'common-pile_pressbooks_en_text_document', 'weight': 31891.0}, {'name': 'common-pile_public-domain-review_en_text_document', 'weight': 382.0}, {'name': 'common-pile_pubmed_en_text_document', 'weight': 1869301.0}, {'name': 'common-pile_python-enhancement-proposals_en_text_document', 'weight': 652.0}, {'name': 'common-pile_regulations_en_text_document', 'weight': 266173.0}, {'name': 'common-pile_stackexchange_en_text_document', 'weight': 4985359.0}, {'name': 'common-pile_ubuntu-irc_en_text_document', 'weight': 482830.0}, {'name': 'common-pile_youtube_en_text_document', 'weight': 204765.0}, {'name': 'croissant-aligned_aligned_text_document', 'weight': 11618464.0}, {'name': 'culturax_fr_text_document_ratio1.30_phase0', 'weight': 57012131.0}, {'name': 'dclm-dolmino_en_text_document_ratio0.75_phase0', 'weight': 93003263.0}, {'name': 'europarl_aligned_text_document', 'weight': 215607.0}, {'name': 'europarl_multi_text_document', 'weight': 99752.0}, {'name': 'eurovoc_filtered_multi_text_document', 'weight': 2150091.0}, {'name': 'fineweb-edu_en_text_document_ratio0.75_phase0', 'weight': 214754282.0}, {'name': 'fineweb2_ar_text_document_ratio0.50_phase0', 'weight': 3350461.0}, {'name': 'fineweb2_ca_text_document_ratio0.05_phase0', 'weight': 92529.0}, {'name': 'fineweb2_de_text_document_ratio0.50_phase0', 'weight': 27173931.0}, {'name': 'fineweb2_es_text_document_ratio0.50_phase0', 'weight': 24393496.0}, {'name': 'fineweb2_fr_text_document_ratio1.30_phase0', 'weight': 50038822.0}, {'name': 'fineweb2_it_text_document_ratio0.50_phase0', 'weight': 13377940.0}, {'name': 'fineweb2_nl_text_document_ratio0.50_phase0', 'weight': 7435763.0}, {'name': 'fineweb2_pt_text_document_ratio0.50_phase0', 'weight': 9800040.0}, {'name': 'fineweb2_regional_text_document', 'weight': 2132152.0}, {'name': 'gallica_monographies_fr_text_document', 'weight': 5842786.0}, {'name': 'gallica_press_fr_text_document', 'weight': 22850320.0}, {'name': 'gutenberg_de_text_document', 'weight': 42330.0}, {'name': 'gutenberg_en_text_document', 'weight': 1187655.0}, {'name': 'gutenberg_es_text_document', 'weight': 21778.0}, {'name': 'gutenberg_fr_text_document', 'weight': 91991.0}, {'name': 'gutenberg_it_text_document', 'weight': 29909.0}, {'name': 'gutenberg_nl_text_document', 'weight': 24430.0}, {'name': 'gutenberg_pt_text_document', 'weight': 9241.0}, {'name': 'hal-cea_full-filtered_fr_text_document', 'weight': 7828031.0}, {'name': 'hplt2_fr_text_document_ratio1.30_phase0', 'weight': 70401931.0}, {'name': 'insee_fr_text_document', 'weight': 55377.0}, {'name': 'math-pile_math_text_document', 'weight': 2345197.0}, {'name': 'opendata_fr_text_document', 'weight': 2749409.0}, {'name': 'parlement_fr_text_document', 'weight': 282826.0}, {'name': 'starcoder-data_code_text_document', 'weight': 62922795.0}, {'name': 'theses_fr_text_document', 'weight': 3239718.0}, {'name': 'wikimedia-vikidia_ar_text_document', 'weight': 265451.0}, {'name': 'wikimedia-vikidia_ca_text_document_ratio0.20_phase0', 'weight': 58530.0}, {'name': 'wikimedia-vikidia_de_text_document', 'weight': 1098595.0}, {'name': 'wikimedia-vikidia_en_text_document', 'weight': 2882825.0}, {'name': 'wikimedia-vikidia_es_text_document', 'weight': 631843.0}, {'name': 'wikimedia-vikidia_fr_text_document', 'weight': 1276052.0}, {'name': 'wikimedia-vikidia_it_text_document', 'weight': 654077.0}, {'name': 'wikimedia-vikidia_pt_text_document', 'weight': 304392.0}, {'name': 'wikimedia-vikidia_regional_text_document', 'weight': 119234.0}, {'name': 'wikimedia_nl_text_document', 'weight': 345319.0}, {'name': 'youtube_fr_text_document', 'weight': 76194.0}]}
INFO:__main__:Using CLI tokenizer override: /work/p26037/barman/tokenizer_128k-arab-regional_v2
INFO:__main__:Global batch size: 1024
INFO:__main__:Sequence length: 4096
INFO:__main__:Tokens per batch: 4194304
INFO:__main__:Total tokens in datamix: 3002228277248
INFO:__main__:Global training/LR horizon (from --max_steps): 715788
INFO:__main__:Patched megatron.core.optimizer (accepted params: {'no_weight_decay_cond', 'scale_lr_cond', 'lr_mult', 'model_chunks', 'use_gloo_process_groups', 'config'})
INFO:utils:{'data_path': '/work/datasets/AI/tokens_luciole_phase1', 'total_tokens': 3002228277248, 'train': [{'name': 'claire_open_en_text_document', 'weight': 29003.0}, {'name': 'claire_open_fr_text_document', 'weight': 92129.0}, {'name': 'common-corpus_bnl-newspapers-1841-1879_fr_text_document', 'weight': 66237.0}, {'name': 'common-corpus_eurlex_multi_text_document', 'weight': 3601664.0}, {'name': 'common-corpus_gatt-library_multi_text_document', 'weight': 41322.0}, {'name': 'common-corpus_oecd_multi_text_document', 'weight': 121969.0}, {'name': 'common-corpus_tedeutenders_multi_text_document', 'weight': 31276.0}, {'name': 'common-corpus_wto_multi_text_document', 'weight': 577279.0}, {'name': 'common-pile_arxiv-abstracts_en_text_document', 'weight': 140138.0}, {'name': 'common-pile_arxiv-papers_en_text_document', 'weight': 1299034.0}, {'name': 'common-pile_biodiversity-heritage-library_en_text_document', 'weight': 107772.0}, {'name': 'common-pile_caselaw-access-project_en_text_document', 'weight': 929697.0}, {'name': 'common-pile_doab_en_text_document', 'weight': 712786.0}, {'name': 'common-pile_foodista_en_text_document', 'weight': 5603.0}, {'name': 'common-pile_github-archive_en_text_document', 'weight': 2244221.0}, {'name': 'common-pile_library-of-congress_en_text_document', 'weight': 101533.0}, {'name': 'common-pile_libretexts_en_text_document', 'weight': 21049.0}, {'name': 'common-pile_news_en_text_document', 'weight': 14354.0}, {'name': 'common-pile_oercommons_en_text_document', 'weight': 2748.0}, {'name': 'common-pile_peS2o_en_text_document', 'weight': 10166525.0}, {'name': 'common-pile_pre-1929-books_en_text_document', 'weight': 531517.0}, {'name': 'common-pile_pressbooks_en_text_document', 'weight': 31891.0}, {'name': 'common-pile_public-domain-review_en_text_document', 'weight': 382.0}, {'name': 'common-pile_pubmed_en_text_document', 'weight': 1869301.0}, {'name': 'common-pile_python-enhancement-proposals_en_text_document', 'weight': 652.0}, {'name': 'common-pile_regulations_en_text_document', 'weight': 266173.0}, {'name': 'common-pile_stackexchange_en_text_document', 'weight': 4985359.0}, {'name': 'common-pile_ubuntu-irc_en_text_document', 'weight': 482830.0}, {'name': 'common-pile_youtube_en_text_document', 'weight': 204765.0}, {'name': 'croissant-aligned_aligned_text_document', 'weight': 11618464.0}, {'name': 'culturax_fr_text_document_ratio1.30_phase0', 'weight': 57012131.0}, {'name': 'dclm-dolmino_en_text_document_ratio0.75_phase0', 'weight': 93003263.0}, {'name': 'europarl_aligned_text_document', 'weight': 215607.0}, {'name': 'europarl_multi_text_document', 'weight': 99752.0}, {'name': 'eurovoc_filtered_multi_text_document', 'weight': 2150091.0}, {'name': 'fineweb-edu_en_text_document_ratio0.75_phase0', 'weight': 214754282.0}, {'name': 'fineweb2_ar_text_document_ratio0.50_phase0', 'weight': 3350461.0}, {'name': 'fineweb2_ca_text_document_ratio0.05_phase0', 'weight': 92529.0}, {'name': 'fineweb2_de_text_document_ratio0.50_phase0', 'weight': 27173931.0}, {'name': 'fineweb2_es_text_document_ratio0.50_phase0', 'weight': 24393496.0}, {'name': 'fineweb2_fr_text_document_ratio1.30_phase0', 'weight': 50038822.0}, {'name': 'fineweb2_it_text_document_ratio0.50_phase0', 'weight': 13377940.0}, {'name': 'fineweb2_nl_text_document_ratio0.50_phase0', 'weight': 7435763.0}, {'name': 'fineweb2_pt_text_document_ratio0.50_phase0', 'weight': 9800040.0}, {'name': 'fineweb2_regional_text_document', 'weight': 2132152.0}, {'name': 'gallica_monographies_fr_text_document', 'weight': 5842786.0}, {'name': 'gallica_press_fr_text_document', 'weight': 22850320.0}, {'name': 'gutenberg_de_text_document', 'weight': 42330.0}, {'name': 'gutenberg_en_text_document', 'weight': 1187655.0}, {'name': 'gutenberg_es_text_document', 'weight': 21778.0}, {'name': 'gutenberg_fr_text_document', 'weight': 91991.0}, {'name': 'gutenberg_it_text_document', 'weight': 29909.0}, {'name': 'gutenberg_nl_text_document', 'weight': 24430.0}, {'name': 'gutenberg_pt_text_document', 'weight': 9241.0}, {'name': 'hal-cea_full-filtered_fr_text_document', 'weight': 7828031.0}, {'name': 'hplt2_fr_text_document_ratio1.30_phase0', 'weight': 70401931.0}, {'name': 'insee_fr_text_document', 'weight': 55377.0}, {'name': 'math-pile_math_text_document', 'weight': 2345197.0}, {'name': 'opendata_fr_text_document', 'weight': 2749409.0}, {'name': 'parlement_fr_text_document', 'weight': 282826.0}, {'name': 'starcoder-data_code_text_document', 'weight': 62922795.0}, {'name': 'theses_fr_text_document', 'weight': 3239718.0}, {'name': 'wikimedia-vikidia_ar_text_document', 'weight': 265451.0}, {'name': 'wikimedia-vikidia_ca_text_document_ratio0.20_phase0', 'weight': 58530.0}, {'name': 'wikimedia-vikidia_de_text_document', 'weight': 1098595.0}, {'name': 'wikimedia-vikidia_en_text_document', 'weight': 2882825.0}, {'name': 'wikimedia-vikidia_es_text_document', 'weight': 631843.0}, {'name': 'wikimedia-vikidia_fr_text_document', 'weight': 1276052.0}, {'name': 'wikimedia-vikidia_it_text_document', 'weight': 654077.0}, {'name': 'wikimedia-vikidia_pt_text_document', 'weight': 304392.0}, {'name': 'wikimedia-vikidia_regional_text_document', 'weight': 119234.0}, {'name': 'wikimedia_nl_text_document', 'weight': 345319.0}, {'name': 'youtube_fr_text_document', 'weight': 76194.0}]}
INFO:__main__:Using CLI tokenizer override: /work/p26037/barman/tokenizer_128k-arab-regional_v2
INFO:__main__:Global batch size: 1024
INFO:__main__:Sequence length: 4096
INFO:__main__:Tokens per batch: 4194304
INFO:__main__:Total tokens in datamix: 3002228277248
INFO:__main__:Global training/LR horizon (from --max_steps): 715788
INFO:__main__:Patched megatron.core.optimizer (accepted params: {'no_weight_decay_cond', 'scale_lr_cond', 'model_chunks', 'use_gloo_process_groups', 'config', 'lr_mult'})
INFO:utils:{'data_path': '/work/datasets/AI/tokens_luciole_phase1', 'total_tokens': 3002228277248, 'train': [{'name': 'claire_open_en_text_document', 'weight': 29003.0}, {'name': 'claire_open_fr_text_document', 'weight': 92129.0}, {'name': 'common-corpus_bnl-newspapers-1841-1879_fr_text_document', 'weight': 66237.0}, {'name': 'common-corpus_eurlex_multi_text_document', 'weight': 3601664.0}, {'name': 'common-corpus_gatt-library_multi_text_document', 'weight': 41322.0}, {'name': 'common-corpus_oecd_multi_text_document', 'weight': 121969.0}, {'name': 'common-corpus_tedeutenders_multi_text_document', 'weight': 31276.0}, {'name': 'common-corpus_wto_multi_text_document', 'weight': 577279.0}, {'name': 'common-pile_arxiv-abstracts_en_text_document', 'weight': 140138.0}, {'name': 'common-pile_arxiv-papers_en_text_document', 'weight': 1299034.0}, {'name': 'common-pile_biodiversity-heritage-library_en_text_document', 'weight': 107772.0}, {'name': 'common-pile_caselaw-access-project_en_text_document', 'weight': 929697.0}, {'name': 'common-pile_doab_en_text_document', 'weight': 712786.0}, {'name': 'common-pile_foodista_en_text_document', 'weight': 5603.0}, {'name': 'common-pile_github-archive_en_text_document', 'weight': 2244221.0}, {'name': 'common-pile_library-of-congress_en_text_document', 'weight': 101533.0}, {'name': 'common-pile_libretexts_en_text_document', 'weight': 21049.0}, {'name': 'common-pile_news_en_text_document', 'weight': 14354.0}, {'name': 'common-pile_oercommons_en_text_document', 'weight': 2748.0}, {'name': 'common-pile_peS2o_en_text_document', 'weight': 10166525.0}, {'name': 'common-pile_pre-1929-books_en_text_document', 'weight': 531517.0}, {'name': 'common-pile_pressbooks_en_text_document', 'weight': 31891.0}, {'name': 'common-pile_public-domain-review_en_text_document', 'weight': 382.0}, {'name': 'common-pile_pubmed_en_text_document', 'weight': 1869301.0}, {'name': 'common-pile_python-enhancement-proposals_en_text_document', 'weight': 652.0}, {'name': 'common-pile_regulations_en_text_document', 'weight': 266173.0}, {'name': 'common-pile_stackexchange_en_text_document', 'weight': 4985359.0}, {'name': 'common-pile_ubuntu-irc_en_text_document', 'weight': 482830.0}, {'name': 'common-pile_youtube_en_text_document', 'weight': 204765.0}, {'name': 'croissant-aligned_aligned_text_document', 'weight': 11618464.0}, {'name': 'culturax_fr_text_document_ratio1.30_phase0', 'weight': 57012131.0}, {'name': 'dclm-dolmino_en_text_document_ratio0.75_phase0', 'weight': 93003263.0}, {'name': 'europarl_aligned_text_document', 'weight': 215607.0}, {'name': 'europarl_multi_text_document', 'weight': 99752.0}, {'name': 'eurovoc_filtered_multi_text_document', 'weight': 2150091.0}, {'name': 'fineweb-edu_en_text_document_ratio0.75_phase0', 'weight': 214754282.0}, {'name': 'fineweb2_ar_text_document_ratio0.50_phase0', 'weight': 3350461.0}, {'name': 'fineweb2_ca_text_document_ratio0.05_phase0', 'weight': 92529.0}, {'name': 'fineweb2_de_text_document_ratio0.50_phase0', 'weight': 27173931.0}, {'name': 'fineweb2_es_text_document_ratio0.50_phase0', 'weight': 24393496.0}, {'name': 'fineweb2_fr_text_document_ratio1.30_phase0', 'weight': 50038822.0}, {'name': 'fineweb2_it_text_document_ratio0.50_phase0', 'weight': 13377940.0}, {'name': 'fineweb2_nl_text_document_ratio0.50_phase0', 'weight': 7435763.0}, {'name': 'fineweb2_pt_text_document_ratio0.50_phase0', 'weight': 9800040.0}, {'name': 'fineweb2_regional_text_document', 'weight': 2132152.0}, {'name': 'gallica_monographies_fr_text_document', 'weight': 5842786.0}, {'name': 'gallica_press_fr_text_document', 'weight': 22850320.0}, {'name': 'gutenberg_de_text_document', 'weight': 42330.0}, {'name': 'gutenberg_en_text_document', 'weight': 1187655.0}, {'name': 'gutenberg_es_text_document', 'weight': 21778.0}, {'name': 'gutenberg_fr_text_document', 'weight': 91991.0}, {'name': 'gutenberg_it_text_document', 'weight': 29909.0}, {'name': 'gutenberg_nl_text_document', 'weight': 24430.0}, {'name': 'gutenberg_pt_text_document', 'weight': 9241.0}, {'name': 'hal-cea_full-filtered_fr_text_document', 'weight': 7828031.0}, {'name': 'hplt2_fr_text_document_ratio1.30_phase0', 'weight': 70401931.0}, {'name': 'insee_fr_text_document', 'weight': 55377.0}, {'name': 'math-pile_math_text_document', 'weight': 2345197.0}, {'name': 'opendata_fr_text_document', 'weight': 2749409.0}, {'name': 'parlement_fr_text_document', 'weight': 282826.0}, {'name': 'starcoder-data_code_text_document', 'weight': 62922795.0}, {'name': 'theses_fr_text_document', 'weight': 3239718.0}, {'name': 'wikimedia-vikidia_ar_text_document', 'weight': 265451.0}, {'name': 'wikimedia-vikidia_ca_text_document_ratio0.20_phase0', 'weight': 58530.0}, {'name': 'wikimedia-vikidia_de_text_document', 'weight': 1098595.0}, {'name': 'wikimedia-vikidia_en_text_document', 'weight': 2882825.0}, {'name': 'wikimedia-vikidia_es_text_document', 'weight': 631843.0}, {'name': 'wikimedia-vikidia_fr_text_document', 'weight': 1276052.0}, {'name': 'wikimedia-vikidia_it_text_document', 'weight': 654077.0}, {'name': 'wikimedia-vikidia_pt_text_document', 'weight': 304392.0}, {'name': 'wikimedia-vikidia_regional_text_document', 'weight': 119234.0}, {'name': 'wikimedia_nl_text_document', 'weight': 345319.0}, {'name': 'youtube_fr_text_document', 'weight': 76194.0}]}
INFO:__main__:Using CLI tokenizer override: /work/p26037/barman/tokenizer_128k-arab-regional_v2
INFO:__main__:Global batch size: 1024
INFO:__main__:Sequence length: 4096
INFO:__main__:Tokens per batch: 4194304
INFO:__main__:Total tokens in datamix: 3002228277248
INFO:__main__:Global training/LR horizon (from --max_steps): 715788
INFO:__main__:Patched megatron.core.optimizer (accepted params: {'scale_lr_cond', 'config', 'use_gloo_process_groups', 'model_chunks', 'lr_mult', 'no_weight_decay_cond'})
INFO:utils:{'data_path': '/work/datasets/AI/tokens_luciole_phase1', 'total_tokens': 3002228277248, 'train': [{'name': 'claire_open_en_text_document', 'weight': 29003.0}, {'name': 'claire_open_fr_text_document', 'weight': 92129.0}, {'name': 'common-corpus_bnl-newspapers-1841-1879_fr_text_document', 'weight': 66237.0}, {'name': 'common-corpus_eurlex_multi_text_document', 'weight': 3601664.0}, {'name': 'common-corpus_gatt-library_multi_text_document', 'weight': 41322.0}, {'name': 'common-corpus_oecd_multi_text_document', 'weight': 121969.0}, {'name': 'common-corpus_tedeutenders_multi_text_document', 'weight': 31276.0}, {'name': 'common-corpus_wto_multi_text_document', 'weight': 577279.0}, {'name': 'common-pile_arxiv-abstracts_en_text_document', 'weight': 140138.0}, {'name': 'common-pile_arxiv-papers_en_text_document', 'weight': 1299034.0}, {'name': 'common-pile_biodiversity-heritage-library_en_text_document', 'weight': 107772.0}, {'name': 'common-pile_caselaw-access-project_en_text_document', 'weight': 929697.0}, {'name': 'common-pile_doab_en_text_document', 'weight': 712786.0}, {'name': 'common-pile_foodista_en_text_document', 'weight': 5603.0}, {'name': 'common-pile_github-archive_en_text_document', 'weight': 2244221.0}, {'name': 'common-pile_library-of-congress_en_text_document', 'weight': 101533.0}, {'name': 'common-pile_libretexts_en_text_document', 'weight': 21049.0}, {'name': 'common-pile_news_en_text_document', 'weight': 14354.0}, {'name': 'common-pile_oercommons_en_text_document', 'weight': 2748.0}, {'name': 'common-pile_peS2o_en_text_document', 'weight': 10166525.0}, {'name': 'common-pile_pre-1929-books_en_text_document', 'weight': 531517.0}, {'name': 'common-pile_pressbooks_en_text_document', 'weight': 31891.0}, {'name': 'common-pile_public-domain-review_en_text_document', 'weight': 382.0}, {'name': 'common-pile_pubmed_en_text_document', 'weight': 1869301.0}, {'name': 'common-pile_python-enhancement-proposals_en_text_document', 'weight': 652.0}, {'name': 'common-pile_regulations_en_text_document', 'weight': 266173.0}, {'name': 'common-pile_stackexchange_en_text_document', 'weight': 4985359.0}, {'name': 'common-pile_ubuntu-irc_en_text_document', 'weight': 482830.0}, {'name': 'common-pile_youtube_en_text_document', 'weight': 204765.0}, {'name': 'croissant-aligned_aligned_text_document', 'weight': 11618464.0}, {'name': 'culturax_fr_text_document_ratio1.30_phase0', 'weight': 57012131.0}, {'name': 'dclm-dolmino_en_text_document_ratio0.75_phase0', 'weight': 93003263.0}, {'name': 'europarl_aligned_text_document', 'weight': 215607.0}, {'name': 'europarl_multi_text_document', 'weight': 99752.0}, {'name': 'eurovoc_filtered_multi_text_document', 'weight': 2150091.0}, {'name': 'fineweb-edu_en_text_document_ratio0.75_phase0', 'weight': 214754282.0}, {'name': 'fineweb2_ar_text_document_ratio0.50_phase0', 'weight': 3350461.0}, {'name': 'fineweb2_ca_text_document_ratio0.05_phase0', 'weight': 92529.0}, {'name': 'fineweb2_de_text_document_ratio0.50_phase0', 'weight': 27173931.0}, {'name': 'fineweb2_es_text_document_ratio0.50_phase0', 'weight': 24393496.0}, {'name': 'fineweb2_fr_text_document_ratio1.30_phase0', 'weight': 50038822.0}, {'name': 'fineweb2_it_text_document_ratio0.50_phase0', 'weight': 13377940.0}, {'name': 'fineweb2_nl_text_document_ratio0.50_phase0', 'weight': 7435763.0}, {'name': 'fineweb2_pt_text_document_ratio0.50_phase0', 'weight': 9800040.0}, {'name': 'fineweb2_regional_text_document', 'weight': 2132152.0}, {'name': 'gallica_monographies_fr_text_document', 'weight': 5842786.0}, {'name': 'gallica_press_fr_text_document', 'weight': 22850320.0}, {'name': 'gutenberg_de_text_document', 'weight': 42330.0}, {'name': 'gutenberg_en_text_document', 'weight': 1187655.0}, {'name': 'gutenberg_es_text_document', 'weight': 21778.0}, {'name': 'gutenberg_fr_text_document', 'weight': 91991.0}, {'name': 'gutenberg_it_text_document', 'weight': 29909.0}, {'name': 'gutenberg_nl_text_document', 'weight': 24430.0}, {'name': 'gutenberg_pt_text_document', 'weight': 9241.0}, {'name': 'hal-cea_full-filtered_fr_text_document', 'weight': 7828031.0}, {'name': 'hplt2_fr_text_document_ratio1.30_phase0', 'weight': 70401931.0}, {'name': 'insee_fr_text_document', 'weight': 55377.0}, {'name': 'math-pile_math_text_document', 'weight': 2345197.0}, {'name': 'opendata_fr_text_document', 'weight': 2749409.0}, {'name': 'parlement_fr_text_document', 'weight': 282826.0}, {'name': 'starcoder-data_code_text_document', 'weight': 62922795.0}, {'name': 'theses_fr_text_document', 'weight': 3239718.0}, {'name': 'wikimedia-vikidia_ar_text_document', 'weight': 265451.0}, {'name': 'wikimedia-vikidia_ca_text_document_ratio0.20_phase0', 'weight': 58530.0}, {'name': 'wikimedia-vikidia_de_text_document', 'weight': 1098595.0}, {'name': 'wikimedia-vikidia_en_text_document', 'weight': 2882825.0}, {'name': 'wikimedia-vikidia_es_text_document', 'weight': 631843.0}, {'name': 'wikimedia-vikidia_fr_text_document', 'weight': 1276052.0}, {'name': 'wikimedia-vikidia_it_text_document', 'weight': 654077.0}, {'name': 'wikimedia-vikidia_pt_text_document', 'weight': 304392.0}, {'name': 'wikimedia-vikidia_regional_text_document', 'weight': 119234.0}, {'name': 'wikimedia_nl_text_document', 'weight': 345319.0}, {'name': 'youtube_fr_text_document', 'weight': 76194.0}]}
INFO:__main__:Using CLI tokenizer override: /work/p26037/barman/tokenizer_128k-arab-regional_v2
INFO:__main__:Global batch size: 1024
INFO:__main__:Sequence length: 4096
INFO:__main__:Tokens per batch: 4194304
INFO:__main__:Total tokens in datamix: 3002228277248
INFO:__main__:Global training/LR horizon (from --max_steps): 715788
INFO:__main__:Patched megatron.core.optimizer (accepted params: {'config', 'lr_mult', 'use_gloo_process_groups', 'scale_lr_cond', 'model_chunks', 'no_weight_decay_cond'})
[NeMo I 2026-03-30 06:50:02 nemo_logging:393] Getting HuggingFace AutoTokenizer with pretrained_model_name: /work/p26037/barman/tokenizer_128k-arab-regional_v2, vocab_file: None, merges_files: None, special_tokens_dict: {}, and use_fast: True
INFO:utils:{'data_path': '/work/datasets/AI/tokens_luciole_phase1', 'total_tokens': 3002228277248, 'train': [{'name': 'claire_open_en_text_document', 'weight': 29003.0}, {'name': 'claire_open_fr_text_document', 'weight': 92129.0}, {'name': 'common-corpus_bnl-newspapers-1841-1879_fr_text_document', 'weight': 66237.0}, {'name': 'common-corpus_eurlex_multi_text_document', 'weight': 3601664.0}, {'name': 'common-corpus_gatt-library_multi_text_document', 'weight': 41322.0}, {'name': 'common-corpus_oecd_multi_text_document', 'weight': 121969.0}, {'name': 'common-corpus_tedeutenders_multi_text_document', 'weight': 31276.0}, {'name': 'common-corpus_wto_multi_text_document', 'weight': 577279.0}, {'name': 'common-pile_arxiv-abstracts_en_text_document', 'weight': 140138.0}, {'name': 'common-pile_arxiv-papers_en_text_document', 'weight': 1299034.0}, {'name': 'common-pile_biodiversity-heritage-library_en_text_document', 'weight': 107772.0}, {'name': 'common-pile_caselaw-access-project_en_text_document', 'weight': 929697.0}, {'name': 'common-pile_doab_en_text_document', 'weight': 712786.0}, {'name': 'common-pile_foodista_en_text_document', 'weight': 5603.0}, {'name': 'common-pile_github-archive_en_text_document', 'weight': 2244221.0}, {'name': 'common-pile_library-of-congress_en_text_document', 'weight': 101533.0}, {'name': 'common-pile_libretexts_en_text_document', 'weight': 21049.0}, {'name': 'common-pile_news_en_text_document', 'weight': 14354.0}, {'name': 'common-pile_oercommons_en_text_document', 'weight': 2748.0}, {'name': 'common-pile_peS2o_en_text_document', 'weight': 10166525.0}, {'name': 'common-pile_pre-1929-books_en_text_document', 'weight': 531517.0}, {'name': 'common-pile_pressbooks_en_text_document', 'weight': 31891.0}, {'name': 'common-pile_public-domain-review_en_text_document', 'weight': 382.0}, {'name': 'common-pile_pubmed_en_text_document', 'weight': 1869301.0}, {'name': 'common-pile_python-enhancement-proposals_en_text_document', 'weight': 652.0}, {'name': 'common-pile_regulations_en_text_document', 'weight': 266173.0}, {'name': 'common-pile_stackexchange_en_text_document', 'weight': 4985359.0}, {'name': 'common-pile_ubuntu-irc_en_text_document', 'weight': 482830.0}, {'name': 'common-pile_youtube_en_text_document', 'weight': 204765.0}, {'name': 'croissant-aligned_aligned_text_document', 'weight': 11618464.0}, {'name': 'culturax_fr_text_document_ratio1.30_phase0', 'weight': 57012131.0}, {'name': 'dclm-dolmino_en_text_document_ratio0.75_phase0', 'weight': 93003263.0}, {'name': 'europarl_aligned_text_document', 'weight': 215607.0}, {'name': 'europarl_multi_text_document', 'weight': 99752.0}, {'name': 'eurovoc_filtered_multi_text_document', 'weight': 2150091.0}, {'name': 'fineweb-edu_en_text_document_ratio0.75_phase0', 'weight': 214754282.0}, {'name': 'fineweb2_ar_text_document_ratio0.50_phase0', 'weight': 3350461.0}, {'name': 'fineweb2_ca_text_document_ratio0.05_phase0', 'weight': 92529.0}, {'name': 'fineweb2_de_text_document_ratio0.50_phase0', 'weight': 27173931.0}, {'name': 'fineweb2_es_text_document_ratio0.50_phase0', 'weight': 24393496.0}, {'name': 'fineweb2_fr_text_document_ratio1.30_phase0', 'weight': 50038822.0}, {'name': 'fineweb2_it_text_document_ratio0.50_phase0', 'weight': 13377940.0}, {'name': 'fineweb2_nl_text_document_ratio0.50_phase0', 'weight': 7435763.0}, {'name': 'fineweb2_pt_text_document_ratio0.50_phase0', 'weight': 9800040.0}, {'name': 'fineweb2_regional_text_document', 'weight': 2132152.0}, {'name': 'gallica_monographies_fr_text_document', 'weight': 5842786.0}, {'name': 'gallica_press_fr_text_document', 'weight': 22850320.0}, {'name': 'gutenberg_de_text_document', 'weight': 42330.0}, {'name': 'gutenberg_en_text_document', 'weight': 1187655.0}, {'name': 'gutenberg_es_text_document', 'weight': 21778.0}, {'name': 'gutenberg_fr_text_document', 'weight': 91991.0}, {'name': 'gutenberg_it_text_document', 'weight': 29909.0}, {'name': 'gutenberg_nl_text_document', 'weight': 24430.0}, {'name': 'gutenberg_pt_text_document', 'weight': 9241.0}, {'name': 'hal-cea_full-filtered_fr_text_document', 'weight': 7828031.0}, {'name': 'hplt2_fr_text_document_ratio1.30_phase0', 'weight': 70401931.0}, {'name': 'insee_fr_text_document', 'weight': 55377.0}, {'name': 'math-pile_math_text_document', 'weight': 2345197.0}, {'name': 'opendata_fr_text_document', 'weight': 2749409.0}, {'name': 'parlement_fr_text_document', 'weight': 282826.0}, {'name': 'starcoder-data_code_text_document', 'weight': 62922795.0}, {'name': 'theses_fr_text_document', 'weight': 3239718.0}, {'name': 'wikimedia-vikidia_ar_text_document', 'weight': 265451.0}, {'name': 'wikimedia-vikidia_ca_text_document_ratio0.20_phase0', 'weight': 58530.0}, {'name': 'wikimedia-vikidia_de_text_document', 'weight': 1098595.0}, {'name': 'wikimedia-vikidia_en_text_document', 'weight': 2882825.0}, {'name': 'wikimedia-vikidia_es_text_document', 'weight': 631843.0}, {'name': 'wikimedia-vikidia_fr_text_document', 'weight': 1276052.0}, {'name': 'wikimedia-vikidia_it_text_document', 'weight': 654077.0}, {'name': 'wikimedia-vikidia_pt_text_document', 'weight': 304392.0}, {'name': 'wikimedia-vikidia_regional_text_document', 'weight': 119234.0}, {'name': 'wikimedia_nl_text_document', 'weight': 345319.0}, {'name': 'youtube_fr_text_document', 'weight': 76194.0}]}
INFO:__main__:Using CLI tokenizer override: /work/p26037/barman/tokenizer_128k-arab-regional_v2
INFO:__main__:Global batch size: 1024
INFO:__main__:Sequence length: 4096
INFO:__main__:Tokens per batch: 4194304
INFO:__main__:Total tokens in datamix: 3002228277248
INFO:__main__:Global training/LR horizon (from --max_steps): 715788
INFO:__main__:Patched megatron.core.optimizer (accepted params: {'use_gloo_process_groups', 'no_weight_decay_cond', 'lr_mult', 'config', 'scale_lr_cond', 'model_chunks'})
INFO:utils:{'data_path': '/work/datasets/AI/tokens_luciole_phase1', 'total_tokens': 3002228277248, 'train': [{'name': 'claire_open_en_text_document', 'weight': 29003.0}, {'name': 'claire_open_fr_text_document', 'weight': 92129.0}, {'name': 'common-corpus_bnl-newspapers-1841-1879_fr_text_document', 'weight': 66237.0}, {'name': 'common-corpus_eurlex_multi_text_document', 'weight': 3601664.0}, {'name': 'common-corpus_gatt-library_multi_text_document', 'weight': 41322.0}, {'name': 'common-corpus_oecd_multi_text_document', 'weight': 121969.0}, {'name': 'common-corpus_tedeutenders_multi_text_document', 'weight': 31276.0}, {'name': 'common-corpus_wto_multi_text_document', 'weight': 577279.0}, {'name': 'common-pile_arxiv-abstracts_en_text_document', 'weight': 140138.0}, {'name': 'common-pile_arxiv-papers_en_text_document', 'weight': 1299034.0}, {'name': 'common-pile_biodiversity-heritage-library_en_text_document', 'weight': 107772.0}, {'name': 'common-pile_caselaw-access-project_en_text_document', 'weight': 929697.0}, {'name': 'common-pile_doab_en_text_document', 'weight': 712786.0}, {'name': 'common-pile_foodista_en_text_document', 'weight': 5603.0}, {'name': 'common-pile_github-archive_en_text_document', 'weight': 2244221.0}, {'name': 'common-pile_library-of-congress_en_text_document', 'weight': 101533.0}, {'name': 'common-pile_libretexts_en_text_document', 'weight': 21049.0}, {'name': 'common-pile_news_en_text_document', 'weight': 14354.0}, {'name': 'common-pile_oercommons_en_text_document', 'weight': 2748.0}, {'name': 'common-pile_peS2o_en_text_document', 'weight': 10166525.0}, {'name': 'common-pile_pre-1929-books_en_text_document', 'weight': 531517.0}, {'name': 'common-pile_pressbooks_en_text_document', 'weight': 31891.0}, {'name': 'common-pile_public-domain-review_en_text_document', 'weight': 382.0}, {'name': 'common-pile_pubmed_en_text_document', 'weight': 1869301.0}, {'name': 'common-pile_python-enhancement-proposals_en_text_document', 'weight': 652.0}, {'name': 'common-pile_regulations_en_text_document', 'weight': 266173.0}, {'name': 'common-pile_stackexchange_en_text_document', 'weight': 4985359.0}, {'name': 'common-pile_ubuntu-irc_en_text_document', 'weight': 482830.0}, {'name': 'common-pile_youtube_en_text_document', 'weight': 204765.0}, {'name': 'croissant-aligned_aligned_text_document', 'weight': 11618464.0}, {'name': 'culturax_fr_text_document_ratio1.30_phase0', 'weight': 57012131.0}, {'name': 'dclm-dolmino_en_text_document_ratio0.75_phase0', 'weight': 93003263.0}, {'name': 'europarl_aligned_text_document', 'weight': 215607.0}, {'name': 'europarl_multi_text_document', 'weight': 99752.0}, {'name': 'eurovoc_filtered_multi_text_document', 'weight': 2150091.0}, {'name': 'fineweb-edu_en_text_document_ratio0.75_phase0', 'weight': 214754282.0}, {'name': 'fineweb2_ar_text_document_ratio0.50_phase0', 'weight': 3350461.0}, {'name': 'fineweb2_ca_text_document_ratio0.05_phase0', 'weight': 92529.0}, {'name': 'fineweb2_de_text_document_ratio0.50_phase0', 'weight': 27173931.0}, {'name': 'fineweb2_es_text_document_ratio0.50_phase0', 'weight': 24393496.0}, {'name': 'fineweb2_fr_text_document_ratio1.30_phase0', 'weight': 50038822.0}, {'name': 'fineweb2_it_text_document_ratio0.50_phase0', 'weight': 13377940.0}, {'name': 'fineweb2_nl_text_document_ratio0.50_phase0', 'weight': 7435763.0}, {'name': 'fineweb2_pt_text_document_ratio0.50_phase0', 'weight': 9800040.0}, {'name': 'fineweb2_regional_text_document', 'weight': 2132152.0}, {'name': 'gallica_monographies_fr_text_document', 'weight': 5842786.0}, {'name': 'gallica_press_fr_text_document', 'weight': 22850320.0}, {'name': 'gutenberg_de_text_document', 'weight': 42330.0}, {'name': 'gutenberg_en_text_document', 'weight': 1187655.0}, {'name': 'gutenberg_es_text_document', 'weight': 21778.0}, {'name': 'gutenberg_fr_text_document', 'weight': 91991.0}, {'name': 'gutenberg_it_text_document', 'weight': 29909.0}, {'name': 'gutenberg_nl_text_document', 'weight': 24430.0}, {'name': 'gutenberg_pt_text_document', 'weight': 9241.0}, {'name': 'hal-cea_full-filtered_fr_text_document', 'weight': 7828031.0}, {'name': 'hplt2_fr_text_document_ratio1.30_phase0', 'weight': 70401931.0}, {'name': 'insee_fr_text_document', 'weight': 55377.0}, {'name': 'math-pile_math_text_document', 'weight': 2345197.0}, {'name': 'opendata_fr_text_document', 'weight': 2749409.0}, {'name': 'parlement_fr_text_document', 'weight': 282826.0}, {'name': 'starcoder-data_code_text_document', 'weight': 62922795.0}, {'name': 'theses_fr_text_document', 'weight': 3239718.0}, {'name': 'wikimedia-vikidia_ar_text_document', 'weight': 265451.0}, {'name': 'wikimedia-vikidia_ca_text_document_ratio0.20_phase0', 'weight': 58530.0}, {'name': 'wikimedia-vikidia_de_text_document', 'weight': 1098595.0}, {'name': 'wikimedia-vikidia_en_text_document', 'weight': 2882825.0}, {'name': 'wikimedia-vikidia_es_text_document', 'weight': 631843.0}, {'name': 'wikimedia-vikidia_fr_text_document', 'weight': 1276052.0}, {'name': 'wikimedia-vikidia_it_text_document', 'weight': 654077.0}, {'name': 'wikimedia-vikidia_pt_text_document', 'weight': 304392.0}, {'name': 'wikimedia-vikidia_regional_text_document', 'weight': 119234.0}, {'name': 'wikimedia_nl_text_document', 'weight': 345319.0}, {'name': 'youtube_fr_text_document', 'weight': 76194.0}]}
INFO:__main__:Using CLI tokenizer override: /work/p26037/barman/tokenizer_128k-arab-regional_v2
INFO:__main__:Global batch size: 1024
INFO:__main__:Sequence length: 4096
INFO:__main__:Tokens per batch: 4194304
INFO:__main__:Total tokens in datamix: 3002228277248
INFO:__main__:Global training/LR horizon (from --max_steps): 715788
INFO:__main__:Patched megatron.core.optimizer (accepted params: {'no_weight_decay_cond', 'model_chunks', 'config', 'use_gloo_process_groups', 'scale_lr_cond', 'lr_mult'})
INFO:utils:{'data_path': '/work/datasets/AI/tokens_luciole_phase1', 'total_tokens': 3002228277248, 'train': [{'name': 'claire_open_en_text_document', 'weight': 29003.0}, {'name': 'claire_open_fr_text_document', 'weight': 92129.0}, {'name': 'common-corpus_bnl-newspapers-1841-1879_fr_text_document', 'weight': 66237.0}, {'name': 'common-corpus_eurlex_multi_text_document', 'weight': 3601664.0}, {'name': 'common-corpus_gatt-library_multi_text_document', 'weight': 41322.0}, {'name': 'common-corpus_oecd_multi_text_document', 'weight': 121969.0}, {'name': 'common-corpus_tedeutenders_multi_text_document', 'weight': 31276.0}, {'name': 'common-corpus_wto_multi_text_document', 'weight': 577279.0}, {'name': 'common-pile_arxiv-abstracts_en_text_document', 'weight': 140138.0}, {'name': 'common-pile_arxiv-papers_en_text_document', 'weight': 1299034.0}, {'name': 'common-pile_biodiversity-heritage-library_en_text_document', 'weight': 107772.0}, {'name': 'common-pile_caselaw-access-project_en_text_document', 'weight': 929697.0}, {'name': 'common-pile_doab_en_text_document', 'weight': 712786.0}, {'name': 'common-pile_foodista_en_text_document', 'weight': 5603.0}, {'name': 'common-pile_github-archive_en_text_document', 'weight': 2244221.0}, {'name': 'common-pile_library-of-congress_en_text_document', 'weight': 101533.0}, {'name': 'common-pile_libretexts_en_text_document', 'weight': 21049.0}, {'name': 'common-pile_news_en_text_document', 'weight': 14354.0}, {'name': 'common-pile_oercommons_en_text_document', 'weight': 2748.0}, {'name': 'common-pile_peS2o_en_text_document', 'weight': 10166525.0}, {'name': 'common-pile_pre-1929-books_en_text_document', 'weight': 531517.0}, {'name': 'common-pile_pressbooks_en_text_document', 'weight': 31891.0}, {'name': 'common-pile_public-domain-review_en_text_document', 'weight': 382.0}, {'name': 'common-pile_pubmed_en_text_document', 'weight': 1869301.0}, {'name': 'common-pile_python-enhancement-proposals_en_text_document', 'weight': 652.0}, {'name': 'common-pile_regulations_en_text_document', 'weight': 266173.0}, {'name': 'common-pile_stackexchange_en_text_document', 'weight': 4985359.0}, {'name': 'common-pile_ubuntu-irc_en_text_document', 'weight': 482830.0}, {'name': 'common-pile_youtube_en_text_document', 'weight': 204765.0}, {'name': 'croissant-aligned_aligned_text_document', 'weight': 11618464.0}, {'name': 'culturax_fr_text_document_ratio1.30_phase0', 'weight': 57012131.0}, {'name': 'dclm-dolmino_en_text_document_ratio0.75_phase0', 'weight': 93003263.0}, {'name': 'europarl_aligned_text_document', 'weight': 215607.0}, {'name': 'europarl_multi_text_document', 'weight': 99752.0}, {'name': 'eurovoc_filtered_multi_text_document', 'weight': 2150091.0}, {'name': 'fineweb-edu_en_text_document_ratio0.75_phase0', 'weight': 214754282.0}, {'name': 'fineweb2_ar_text_document_ratio0.50_phase0', 'weight': 3350461.0}, {'name': 'fineweb2_ca_text_document_ratio0.05_phase0', 'weight': 92529.0}, {'name': 'fineweb2_de_text_document_ratio0.50_phase0', 'weight': 27173931.0}, {'name': 'fineweb2_es_text_document_ratio0.50_phase0', 'weight': 24393496.0}, {'name': 'fineweb2_fr_text_document_ratio1.30_phase0', 'weight': 50038822.0}, {'name': 'fineweb2_it_text_document_ratio0.50_phase0', 'weight': 13377940.0}, {'name': 'fineweb2_nl_text_document_ratio0.50_phase0', 'weight': 7435763.0}, {'name': 'fineweb2_pt_text_document_ratio0.50_phase0', 'weight': 9800040.0}, {'name': 'fineweb2_regional_text_document', 'weight': 2132152.0}, {'name': 'gallica_monographies_fr_text_document', 'weight': 5842786.0}, {'name': 'gallica_press_fr_text_document', 'weight': 22850320.0}, {'name': 'gutenberg_de_text_document', 'weight': 42330.0}, {'name': 'gutenberg_en_text_document', 'weight': 1187655.0}, {'name': 'gutenberg_es_text_document', 'weight': 21778.0}, {'name': 'gutenberg_fr_text_document', 'weight': 91991.0}, {'name': 'gutenberg_it_text_document', 'weight': 29909.0}, {'name': 'gutenberg_nl_text_document', 'weight': 24430.0}, {'name': 'gutenberg_pt_text_document', 'weight': 9241.0}, {'name': 'hal-cea_full-filtered_fr_text_document', 'weight': 7828031.0}, {'name': 'hplt2_fr_text_document_ratio1.30_phase0', 'weight': 70401931.0}, {'name': 'insee_fr_text_document', 'weight': 55377.0}, {'name': 'math-pile_math_text_document', 'weight': 2345197.0}, {'name': 'opendata_fr_text_document', 'weight': 2749409.0}, {'name': 'parlement_fr_text_document', 'weight': 282826.0}, {'name': 'starcoder-data_code_text_document', 'weight': 62922795.0}, {'name': 'theses_fr_text_document', 'weight': 3239718.0}, {'name': 'wikimedia-vikidia_ar_text_document', 'weight': 265451.0}, {'name': 'wikimedia-vikidia_ca_text_document_ratio0.20_phase0', 'weight': 58530.0}, {'name': 'wikimedia-vikidia_de_text_document', 'weight': 1098595.0}, {'name': 'wikimedia-vikidia_en_text_document', 'weight': 2882825.0}, {'name': 'wikimedia-vikidia_es_text_document', 'weight': 631843.0}, {'name': 'wikimedia-vikidia_fr_text_document', 'weight': 1276052.0}, {'name': 'wikimedia-vikidia_it_text_document', 'weight': 654077.0}, {'name': 'wikimedia-vikidia_pt_text_document', 'weight': 304392.0}, {'name': 'wikimedia-vikidia_regional_text_document', 'weight': 119234.0}, {'name': 'wikimedia_nl_text_document', 'weight': 345319.0}, {'name': 'youtube_fr_text_document', 'weight': 76194.0}]}
INFO:__main__:Using CLI tokenizer override: /work/p26037/barman/tokenizer_128k-arab-regional_v2
INFO:__main__:Global batch size: 1024
INFO:__main__:Sequence length: 4096
INFO:__main__:Tokens per batch: 4194304
INFO:__main__:Total tokens in datamix: 3002228277248
INFO:__main__:Global training/LR horizon (from --max_steps): 715788
INFO:__main__:Patched megatron.core.optimizer (accepted params: {'no_weight_decay_cond', 'use_gloo_process_groups', 'scale_lr_cond', 'lr_mult', 'config', 'model_chunks'})
INFO:utils:{'data_path': '/work/datasets/AI/tokens_luciole_phase1', 'total_tokens': 3002228277248, 'train': [{'name': 'claire_open_en_text_document', 'weight': 29003.0}, {'name': 'claire_open_fr_text_document', 'weight': 92129.0}, {'name': 'common-corpus_bnl-newspapers-1841-1879_fr_text_document', 'weight': 66237.0}, {'name': 'common-corpus_eurlex_multi_text_document', 'weight': 3601664.0}, {'name': 'common-corpus_gatt-library_multi_text_document', 'weight': 41322.0}, {'name': 'common-corpus_oecd_multi_text_document', 'weight': 121969.0}, {'name': 'common-corpus_tedeutenders_multi_text_document', 'weight': 31276.0}, {'name': 'common-corpus_wto_multi_text_document', 'weight': 577279.0}, {'name': 'common-pile_arxiv-abstracts_en_text_document', 'weight': 140138.0}, {'name': 'common-pile_arxiv-papers_en_text_document', 'weight': 1299034.0}, {'name': 'common-pile_biodiversity-heritage-library_en_text_document', 'weight': 107772.0}, {'name': 'common-pile_caselaw-access-project_en_text_document', 'weight': 929697.0}, {'name': 'common-pile_doab_en_text_document', 'weight': 712786.0}, {'name': 'common-pile_foodista_en_text_document', 'weight': 5603.0}, {'name': 'common-pile_github-archive_en_text_document', 'weight': 2244221.0}, {'name': 'common-pile_library-of-congress_en_text_document', 'weight': 101533.0}, {'name': 'common-pile_libretexts_en_text_document', 'weight': 21049.0}, {'name': 'common-pile_news_en_text_document', 'weight': 14354.0}, {'name': 'common-pile_oercommons_en_text_document', 'weight': 2748.0}, {'name': 'common-pile_peS2o_en_text_document', 'weight': 10166525.0}, {'name': 'common-pile_pre-1929-books_en_text_document', 'weight': 531517.0}, {'name': 'common-pile_pressbooks_en_text_document', 'weight': 31891.0}, {'name': 'common-pile_public-domain-review_en_text_document', 'weight': 382.0}, {'name': 'common-pile_pubmed_en_text_document', 'weight': 1869301.0}, {'name': 'common-pile_python-enhancement-proposals_en_text_document', 'weight': 652.0}, {'name': 'common-pile_regulations_en_text_document', 'weight': 266173.0}, {'name': 'common-pile_stackexchange_en_text_document', 'weight': 4985359.0}, {'name': 'common-pile_ubuntu-irc_en_text_document', 'weight': 482830.0}, {'name': 'common-pile_youtube_en_text_document', 'weight': 204765.0}, {'name': 'croissant-aligned_aligned_text_document', 'weight': 11618464.0}, {'name': 'culturax_fr_text_document_ratio1.30_phase0', 'weight': 57012131.0}, {'name': 'dclm-dolmino_en_text_document_ratio0.75_phase0', 'weight': 93003263.0}, {'name': 'europarl_aligned_text_document', 'weight': 215607.0}, {'name': 'europarl_multi_text_document', 'weight': 99752.0}, {'name': 'eurovoc_filtered_multi_text_document', 'weight': 2150091.0}, {'name': 'fineweb-edu_en_text_document_ratio0.75_phase0', 'weight': 214754282.0}, {'name': 'fineweb2_ar_text_document_ratio0.50_phase0', 'weight': 3350461.0}, {'name': 'fineweb2_ca_text_document_ratio0.05_phase0', 'weight': 92529.0}, {'name': 'fineweb2_de_text_document_ratio0.50_phase0', 'weight': 27173931.0}, {'name': 'fineweb2_es_text_document_ratio0.50_phase0', 'weight': 24393496.0}, {'name': 'fineweb2_fr_text_document_ratio1.30_phase0', 'weight': 50038822.0}, {'name': 'fineweb2_it_text_document_ratio0.50_phase0', 'weight': 13377940.0}, {'name': 'fineweb2_nl_text_document_ratio0.50_phase0', 'weight': 7435763.0}, {'name': 'fineweb2_pt_text_document_ratio0.50_phase0', 'weight': 9800040.0}, {'name': 'fineweb2_regional_text_document', 'weight': 2132152.0}, {'name': 'gallica_monographies_fr_text_document', 'weight': 5842786.0}, {'name': 'gallica_press_fr_text_document', 'weight': 22850320.0}, {'name': 'gutenberg_de_text_document', 'weight': 42330.0}, {'name': 'gutenberg_en_text_document', 'weight': 1187655.0}, {'name': 'gutenberg_es_text_document', 'weight': 21778.0}, {'name': 'gutenberg_fr_text_document', 'weight': 91991.0}, {'name': 'gutenberg_it_text_document', 'weight': 29909.0}, {'name': 'gutenberg_nl_text_document', 'weight': 24430.0}, {'name': 'gutenberg_pt_text_document', 'weight': 9241.0}, {'name': 'hal-cea_full-filtered_fr_text_document', 'weight': 7828031.0}, {'name': 'hplt2_fr_text_document_ratio1.30_phase0', 'weight': 70401931.0}, {'name': 'insee_fr_text_document', 'weight': 55377.0}, {'name': 'math-pile_math_text_document', 'weight': 2345197.0}, {'name': 'opendata_fr_text_document', 'weight': 2749409.0}, {'name': 'parlement_fr_text_document', 'weight': 282826.0}, {'name': 'starcoder-data_code_text_document', 'weight': 62922795.0}, {'name': 'theses_fr_text_document', 'weight': 3239718.0}, {'name': 'wikimedia-vikidia_ar_text_document', 'weight': 265451.0}, {'name': 'wikimedia-vikidia_ca_text_document_ratio0.20_phase0', 'weight': 58530.0}, {'name': 'wikimedia-vikidia_de_text_document', 'weight': 1098595.0}, {'name': 'wikimedia-vikidia_en_text_document', 'weight': 2882825.0}, {'name': 'wikimedia-vikidia_es_text_document', 'weight': 631843.0}, {'name': 'wikimedia-vikidia_fr_text_document', 'weight': 1276052.0}, {'name': 'wikimedia-vikidia_it_text_document', 'weight': 654077.0}, {'name': 'wikimedia-vikidia_pt_text_document', 'weight': 304392.0}, {'name': 'wikimedia-vikidia_regional_text_document', 'weight': 119234.0}, {'name': 'wikimedia_nl_text_document', 'weight': 345319.0}, {'name': 'youtube_fr_text_document', 'weight': 76194.0}]}
INFO:__main__:Using CLI tokenizer override: /work/p26037/barman/tokenizer_128k-arab-regional_v2
INFO:__main__:Global batch size: 1024
INFO:__main__:Sequence length: 4096
INFO:__main__:Tokens per batch: 4194304
INFO:__main__:Total tokens in datamix: 3002228277248
INFO:__main__:Global training/LR horizon (from --max_steps): 715788
INFO:__main__:Patched megatron.core.optimizer (accepted params: {'lr_mult', 'scale_lr_cond', 'no_weight_decay_cond', 'use_gloo_process_groups', 'model_chunks', 'config'})
INFO:utils:{'data_path': '/work/datasets/AI/tokens_luciole_phase1', 'total_tokens': 3002228277248, 'train': [{'name': 'claire_open_en_text_document', 'weight': 29003.0}, {'name': 'claire_open_fr_text_document', 'weight': 92129.0}, {'name': 'common-corpus_bnl-newspapers-1841-1879_fr_text_document', 'weight': 66237.0}, {'name': 'common-corpus_eurlex_multi_text_document', 'weight': 3601664.0}, {'name': 'common-corpus_gatt-library_multi_text_document', 'weight': 41322.0}, {'name': 'common-corpus_oecd_multi_text_document', 'weight': 121969.0}, {'name': 'common-corpus_tedeutenders_multi_text_document', 'weight': 31276.0}, {'name': 'common-corpus_wto_multi_text_document', 'weight': 577279.0}, {'name': 'common-pile_arxiv-abstracts_en_text_document', 'weight': 140138.0}, {'name': 'common-pile_arxiv-papers_en_text_document', 'weight': 1299034.0}, {'name': 'common-pile_biodiversity-heritage-library_en_text_document', 'weight': 107772.0}, {'name': 'common-pile_caselaw-access-project_en_text_document', 'weight': 929697.0}, {'name': 'common-pile_doab_en_text_document', 'weight': 712786.0}, {'name': 'common-pile_foodista_en_text_document', 'weight': 5603.0}, {'name': 'common-pile_github-archive_en_text_document', 'weight': 2244221.0}, {'name': 'common-pile_library-of-congress_en_text_document', 'weight': 101533.0}, {'name': 'common-pile_libretexts_en_text_document', 'weight': 21049.0}, {'name': 'common-pile_news_en_text_document', 'weight': 14354.0}, {'name': 'common-pile_oercommons_en_text_document', 'weight': 2748.0}, {'name': 'common-pile_peS2o_en_text_document', 'weight': 10166525.0}, {'name': 'common-pile_pre-1929-books_en_text_document', 'weight': 531517.0}, {'name': 'common-pile_pressbooks_en_text_document', 'weight': 31891.0}, {'name': 'common-pile_public-domain-review_en_text_document', 'weight': 382.0}, {'name': 'common-pile_pubmed_en_text_document', 'weight': 1869301.0}, {'name': 'common-pile_python-enhancement-proposals_en_text_document', 'weight': 652.0}, {'name': 'common-pile_regulations_en_text_document', 'weight': 266173.0}, {'name': 'common-pile_stackexchange_en_text_document', 'weight': 4985359.0}, {'name': 'common-pile_ubuntu-irc_en_text_document', 'weight': 482830.0}, {'name': 'common-pile_youtube_en_text_document', 'weight': 204765.0}, {'name': 'croissant-aligned_aligned_text_document', 'weight': 11618464.0}, {'name': 'culturax_fr_text_document_ratio1.30_phase0', 'weight': 57012131.0}, {'name': 'dclm-dolmino_en_text_document_ratio0.75_phase0', 'weight': 93003263.0}, {'name': 'europarl_aligned_text_document', 'weight': 215607.0}, {'name': 'europarl_multi_text_document', 'weight': 99752.0}, {'name': 'eurovoc_filtered_multi_text_document', 'weight': 2150091.0}, {'name': 'fineweb-edu_en_text_document_ratio0.75_phase0', 'weight': 214754282.0}, {'name': 'fineweb2_ar_text_document_ratio0.50_phase0', 'weight': 3350461.0}, {'name': 'fineweb2_ca_text_document_ratio0.05_phase0', 'weight': 92529.0}, {'name': 'fineweb2_de_text_document_ratio0.50_phase0', 'weight': 27173931.0}, {'name': 'fineweb2_es_text_document_ratio0.50_phase0', 'weight': 24393496.0}, {'name': 'fineweb2_fr_text_document_ratio1.30_phase0', 'weight': 50038822.0}, {'name': 'fineweb2_it_text_document_ratio0.50_phase0', 'weight': 13377940.0}, {'name': 'fineweb2_nl_text_document_ratio0.50_phase0', 'weight': 7435763.0}, {'name': 'fineweb2_pt_text_document_ratio0.50_phase0', 'weight': 9800040.0}, {'name': 'fineweb2_regional_text_document', 'weight': 2132152.0}, {'name': 'gallica_monographies_fr_text_document', 'weight': 5842786.0}, {'name': 'gallica_press_fr_text_document', 'weight': 22850320.0}, {'name': 'gutenberg_de_text_document', 'weight': 42330.0}, {'name': 'gutenberg_en_text_document', 'weight': 1187655.0}, {'name': 'gutenberg_es_text_document', 'weight': 21778.0}, {'name': 'gutenberg_fr_text_document', 'weight': 91991.0}, {'name': 'gutenberg_it_text_document', 'weight': 29909.0}, {'name': 'gutenberg_nl_text_document', 'weight': 24430.0}, {'name': 'gutenberg_pt_text_document', 'weight': 9241.0}, {'name': 'hal-cea_full-filtered_fr_text_document', 'weight': 7828031.0}, {'name': 'hplt2_fr_text_document_ratio1.30_phase0', 'weight': 70401931.0}, {'name': 'insee_fr_text_document', 'weight': 55377.0}, {'name': 'math-pile_math_text_document', 'weight': 2345197.0}, {'name': 'opendata_fr_text_document', 'weight': 2749409.0}, {'name': 'parlement_fr_text_document', 'weight': 282826.0}, {'name': 'starcoder-data_code_text_document', 'weight': 62922795.0}, {'name': 'theses_fr_text_document', 'weight': 3239718.0}, {'name': 'wikimedia-vikidia_ar_text_document', 'weight': 265451.0}, {'name': 'wikimedia-vikidia_ca_text_document_ratio0.20_phase0', 'weight': 58530.0}, {'name': 'wikimedia-vikidia_de_text_document', 'weight': 1098595.0}, {'name': 'wikimedia-vikidia_en_text_document', 'weight': 2882825.0}, {'name': 'wikimedia-vikidia_es_text_document', 'weight': 631843.0}, {'name': 'wikimedia-vikidia_fr_text_document', 'weight': 1276052.0}, {'name': 'wikimedia-vikidia_it_text_document', 'weight': 654077.0}, {'name': 'wikimedia-vikidia_pt_text_document', 'weight': 304392.0}, {'name': 'wikimedia-vikidia_regional_text_document', 'weight': 119234.0}, {'name': 'wikimedia_nl_text_document', 'weight': 345319.0}, {'name': 'youtube_fr_text_document', 'weight': 76194.0}]}
INFO:__main__:Using CLI tokenizer override: /work/p26037/barman/tokenizer_128k-arab-regional_v2
INFO:__main__:Global batch size: 1024
INFO:__main__:Sequence length: 4096
INFO:__main__:Tokens per batch: 4194304
INFO:__main__:Total tokens in datamix: 3002228277248
INFO:__main__:Global training/LR horizon (from --max_steps): 715788
INFO:__main__:Patched megatron.core.optimizer (accepted params: {'config', 'model_chunks', 'no_weight_decay_cond', 'scale_lr_cond', 'lr_mult', 'use_gloo_process_groups'})
INFO:utils:{'data_path': '/work/datasets/AI/tokens_luciole_phase1', 'total_tokens': 3002228277248, 'train': [{'name': 'claire_open_en_text_document', 'weight': 29003.0}, {'name': 'claire_open_fr_text_document', 'weight': 92129.0}, {'name': 'common-corpus_bnl-newspapers-1841-1879_fr_text_document', 'weight': 66237.0}, {'name': 'common-corpus_eurlex_multi_text_document', 'weight': 3601664.0}, {'name': 'common-corpus_gatt-library_multi_text_document', 'weight': 41322.0}, {'name': 'common-corpus_oecd_multi_text_document', 'weight': 121969.0}, {'name': 'common-corpus_tedeutenders_multi_text_document', 'weight': 31276.0}, {'name': 'common-corpus_wto_multi_text_document', 'weight': 577279.0}, {'name': 'common-pile_arxiv-abstracts_en_text_document', 'weight': 140138.0}, {'name': 'common-pile_arxiv-papers_en_text_document', 'weight': 1299034.0}, {'name': 'common-pile_biodiversity-heritage-library_en_text_document', 'weight': 107772.0}, {'name': 'common-pile_caselaw-access-project_en_text_document', 'weight': 929697.0}, {'name': 'common-pile_doab_en_text_document', 'weight': 712786.0}, {'name': 'common-pile_foodista_en_text_document', 'weight': 5603.0}, {'name': 'common-pile_github-archive_en_text_document', 'weight': 2244221.0}, {'name': 'common-pile_library-of-congress_en_text_document', 'weight': 101533.0}, {'name': 'common-pile_libretexts_en_text_document', 'weight': 21049.0}, {'name': 'common-pile_news_en_text_document', 'weight': 14354.0}, {'name': 'common-pile_oercommons_en_text_document', 'weight': 2748.0}, {'name': 'common-pile_peS2o_en_text_document', 'weight': 10166525.0}, {'name': 'common-pile_pre-1929-books_en_text_document', 'weight': 531517.0}, {'name': 'common-pile_pressbooks_en_text_document', 'weight': 31891.0}, {'name': 'common-pile_public-domain-review_en_text_document', 'weight': 382.0}, {'name': 'common-pile_pubmed_en_text_document', 'weight': 1869301.0}, {'name': 'common-pile_python-enhancement-proposals_en_text_document', 'weight': 652.0}, {'name': 'common-pile_regulations_en_text_document', 'weight': 266173.0}, {'name': 'common-pile_stackexchange_en_text_document', 'weight': 4985359.0}, {'name': 'common-pile_ubuntu-irc_en_text_document', 'weight': 482830.0}, {'name': 'common-pile_youtube_en_text_document', 'weight': 204765.0}, {'name': 'croissant-aligned_aligned_text_document', 'weight': 11618464.0}, {'name': 'culturax_fr_text_document_ratio1.30_phase0', 'weight': 57012131.0}, {'name': 'dclm-dolmino_en_text_document_ratio0.75_phase0', 'weight': 93003263.0}, {'name': 'europarl_aligned_text_document', 'weight': 215607.0}, {'name': 'europarl_multi_text_document', 'weight': 99752.0}, {'name': 'eurovoc_filtered_multi_text_document', 'weight': 2150091.0}, {'name': 'fineweb-edu_en_text_document_ratio0.75_phase0', 'weight': 214754282.0}, {'name': 'fineweb2_ar_text_document_ratio0.50_phase0', 'weight': 3350461.0}, {'name': 'fineweb2_ca_text_document_ratio0.05_phase0', 'weight': 92529.0}, {'name': 'fineweb2_de_text_document_ratio0.50_phase0', 'weight': 27173931.0}, {'name': 'fineweb2_es_text_document_ratio0.50_phase0', 'weight': 24393496.0}, {'name': 'fineweb2_fr_text_document_ratio1.30_phase0', 'weight': 50038822.0}, {'name': 'fineweb2_it_text_document_ratio0.50_phase0', 'weight': 13377940.0}, {'name': 'fineweb2_nl_text_document_ratio0.50_phase0', 'weight': 7435763.0}, {'name': 'fineweb2_pt_text_document_ratio0.50_phase0', 'weight': 9800040.0}, {'name': 'fineweb2_regional_text_document', 'weight': 2132152.0}, {'name': 'gallica_monographies_fr_text_document', 'weight': 5842786.0}, {'name': 'gallica_press_fr_text_document', 'weight': 22850320.0}, {'name': 'gutenberg_de_text_document', 'weight': 42330.0}, {'name': 'gutenberg_en_text_document', 'weight': 1187655.0}, {'name': 'gutenberg_es_text_document', 'weight': 21778.0}, {'name': 'gutenberg_fr_text_document', 'weight': 91991.0}, {'name': 'gutenberg_it_text_document', 'weight': 29909.0}, {'name': 'gutenberg_nl_text_document', 'weight': 24430.0}, {'name': 'gutenberg_pt_text_document', 'weight': 9241.0}, {'name': 'hal-cea_full-filtered_fr_text_document', 'weight': 7828031.0}, {'name': 'hplt2_fr_text_document_ratio1.30_phase0', 'weight': 70401931.0}, {'name': 'insee_fr_text_document', 'weight': 55377.0}, {'name': 'math-pile_math_text_document', 'weight': 2345197.0}, {'name': 'opendata_fr_text_document', 'weight': 2749409.0}, {'name': 'parlement_fr_text_document', 'weight': 282826.0}, {'name': 'starcoder-data_code_text_document', 'weight': 62922795.0}, {'name': 'theses_fr_text_document', 'weight': 3239718.0}, {'name': 'wikimedia-vikidia_ar_text_document', 'weight': 265451.0}, {'name': 'wikimedia-vikidia_ca_text_document_ratio0.20_phase0', 'weight': 58530.0}, {'name': 'wikimedia-vikidia_de_text_document', 'weight': 1098595.0}, {'name': 'wikimedia-vikidia_en_text_document', 'weight': 2882825.0}, {'name': 'wikimedia-vikidia_es_text_document', 'weight': 631843.0}, {'name': 'wikimedia-vikidia_fr_text_document', 'weight': 1276052.0}, {'name': 'wikimedia-vikidia_it_text_document', 'weight': 654077.0}, {'name': 'wikimedia-vikidia_pt_text_document', 'weight': 304392.0}, {'name': 'wikimedia-vikidia_regional_text_document', 'weight': 119234.0}, {'name': 'wikimedia_nl_text_document', 'weight': 345319.0}, {'name': 'youtube_fr_text_document', 'weight': 76194.0}]}
INFO:__main__:Using CLI tokenizer override: /work/p26037/barman/tokenizer_128k-arab-regional_v2
INFO:__main__:Global batch size: 1024
INFO:__main__:Sequence length: 4096
INFO:__main__:Tokens per batch: 4194304
INFO:__main__:Total tokens in datamix: 3002228277248
INFO:__main__:Global training/LR horizon (from --max_steps): 715788
INFO:__main__:Patched megatron.core.optimizer (accepted params: {'config', 'lr_mult', 'no_weight_decay_cond', 'model_chunks', 'use_gloo_process_groups', 'scale_lr_cond'})
INFO:__main__:SSA Triton: Using fused Triton SSA FlashAttention triton (n=1.50, b=0.80, compiled_bda=True)
INFO:__main__:SSA Triton: force_contiguous_qkv=True
INFO:utils:{'data_path': '/work/datasets/AI/tokens_luciole_phase1', 'total_tokens': 3002228277248, 'train': [{'name': 'claire_open_en_text_document', 'weight': 29003.0}, {'name': 'claire_open_fr_text_document', 'weight': 92129.0}, {'name': 'common-corpus_bnl-newspapers-1841-1879_fr_text_document', 'weight': 66237.0}, {'name': 'common-corpus_eurlex_multi_text_document', 'weight': 3601664.0}, {'name': 'common-corpus_gatt-library_multi_text_document', 'weight': 41322.0}, {'name': 'common-corpus_oecd_multi_text_document', 'weight': 121969.0}, {'name': 'common-corpus_tedeutenders_multi_text_document', 'weight': 31276.0}, {'name': 'common-corpus_wto_multi_text_document', 'weight': 577279.0}, {'name': 'common-pile_arxiv-abstracts_en_text_document', 'weight': 140138.0}, {'name': 'common-pile_arxiv-papers_en_text_document', 'weight': 1299034.0}, {'name': 'common-pile_biodiversity-heritage-library_en_text_document', 'weight': 107772.0}, {'name': 'common-pile_caselaw-access-project_en_text_document', 'weight': 929697.0}, {'name': 'common-pile_doab_en_text_document', 'weight': 712786.0}, {'name': 'common-pile_foodista_en_text_document', 'weight': 5603.0}, {'name': 'common-pile_github-archive_en_text_document', 'weight': 2244221.0}, {'name': 'common-pile_library-of-congress_en_text_document', 'weight': 101533.0}, {'name': 'common-pile_libretexts_en_text_document', 'weight': 21049.0}, {'name': 'common-pile_news_en_text_document', 'weight': 14354.0}, {'name': 'common-pile_oercommons_en_text_document', 'weight': 2748.0}, {'name': 'common-pile_peS2o_en_text_document', 'weight': 10166525.0}, {'name': 'common-pile_pre-1929-books_en_text_document', 'weight': 531517.0}, {'name': 'common-pile_pressbooks_en_text_document', 'weight': 31891.0}, {'name': 'common-pile_public-domain-review_en_text_document', 'weight': 382.0}, {'name': 'common-pile_pubmed_en_text_document', 'weight': 1869301.0}, {'name': 'common-pile_python-enhancement-proposals_en_text_document', 'weight': 652.0}, {'name': 'common-pile_regulations_en_text_document', 'weight': 266173.0}, {'name': 'common-pile_stackexchange_en_text_document', 'weight': 4985359.0}, {'name': 'common-pile_ubuntu-irc_en_text_document', 'weight': 482830.0}, {'name': 'common-pile_youtube_en_text_document', 'weight': 204765.0}, {'name': 'croissant-aligned_aligned_text_document', 'weight': 11618464.0}, {'name': 'culturax_fr_text_document_ratio1.30_phase0', 'weight': 57012131.0}, {'name': 'dclm-dolmino_en_text_document_ratio0.75_phase0', 'weight': 93003263.0}, {'name': 'europarl_aligned_text_document', 'weight': 215607.0}, {'name': 'europarl_multi_text_document', 'weight': 99752.0}, {'name': 'eurovoc_filtered_multi_text_document', 'weight': 2150091.0}, {'name': 'fineweb-edu_en_text_document_ratio0.75_phase0', 'weight': 214754282.0}, {'name': 'fineweb2_ar_text_document_ratio0.50_phase0', 'weight': 3350461.0}, {'name': 'fineweb2_ca_text_document_ratio0.05_phase0', 'weight': 92529.0}, {'name': 'fineweb2_de_text_document_ratio0.50_phase0', 'weight': 27173931.0}, {'name': 'fineweb2_es_text_document_ratio0.50_phase0', 'weight': 24393496.0}, {'name': 'fineweb2_fr_text_document_ratio1.30_phase0', 'weight': 50038822.0}, {'name': 'fineweb2_it_text_document_ratio0.50_phase0', 'weight': 13377940.0}, {'name': 'fineweb2_nl_text_document_ratio0.50_phase0', 'weight': 7435763.0}, {'name': 'fineweb2_pt_text_document_ratio0.50_phase0', 'weight': 9800040.0}, {'name': 'fineweb2_regional_text_document', 'weight': 2132152.0}, {'name': 'gallica_monographies_fr_text_document', 'weight': 5842786.0}, {'name': 'gallica_press_fr_text_document', 'weight': 22850320.0}, {'name': 'gutenberg_de_text_document', 'weight': 42330.0}, {'name': 'gutenberg_en_text_document', 'weight': 1187655.0}, {'name': 'gutenberg_es_text_document', 'weight': 21778.0}, {'name': 'gutenberg_fr_text_document', 'weight': 91991.0}, {'name': 'gutenberg_it_text_document', 'weight': 29909.0}, {'name': 'gutenberg_nl_text_document', 'weight': 24430.0}, {'name': 'gutenberg_pt_text_document', 'weight': 9241.0}, {'name': 'hal-cea_full-filtered_fr_text_document', 'weight': 7828031.0}, {'name': 'hplt2_fr_text_document_ratio1.30_phase0', 'weight': 70401931.0}, {'name': 'insee_fr_text_document', 'weight': 55377.0}, {'name': 'math-pile_math_text_document', 'weight': 2345197.0}, {'name': 'opendata_fr_text_document', 'weight': 2749409.0}, {'name': 'parlement_fr_text_document', 'weight': 282826.0}, {'name': 'starcoder-data_code_text_document', 'weight': 62922795.0}, {'name': 'theses_fr_text_document', 'weight': 3239718.0}, {'name': 'wikimedia-vikidia_ar_text_document', 'weight': 265451.0}, {'name': 'wikimedia-vikidia_ca_text_document_ratio0.20_phase0', 'weight': 58530.0}, {'name': 'wikimedia-vikidia_de_text_document', 'weight': 1098595.0}, {'name': 'wikimedia-vikidia_en_text_document', 'weight': 2882825.0}, {'name': 'wikimedia-vikidia_es_text_document', 'weight': 631843.0}, {'name': 'wikimedia-vikidia_fr_text_document', 'weight': 1276052.0}, {'name': 'wikimedia-vikidia_it_text_document', 'weight': 654077.0}, {'name': 'wikimedia-vikidia_pt_text_document', 'weight': 304392.0}, {'name': 'wikimedia-vikidia_regional_text_document', 'weight': 119234.0}, {'name': 'wikimedia_nl_text_document', 'weight': 345319.0}, {'name': 'youtube_fr_text_document', 'weight': 76194.0}]}
INFO:__main__:Using CLI tokenizer override: /work/p26037/barman/tokenizer_128k-arab-regional_v2
INFO:__main__:Global batch size: 1024
INFO:__main__:Sequence length: 4096
INFO:__main__:Tokens per batch: 4194304
INFO:__main__:Total tokens in datamix: 3002228277248
INFO:__main__:Global training/LR horizon (from --max_steps): 715788
INFO:__main__:Patched megatron.core.optimizer (accepted params: {'lr_mult', 'model_chunks', 'use_gloo_process_groups', 'config', 'scale_lr_cond', 'no_weight_decay_cond'})
INFO:utils:{'data_path': '/work/datasets/AI/tokens_luciole_phase1', 'total_tokens': 3002228277248, 'train': [{'name': 'claire_open_en_text_document', 'weight': 29003.0}, {'name': 'claire_open_fr_text_document', 'weight': 92129.0}, {'name': 'common-corpus_bnl-newspapers-1841-1879_fr_text_document', 'weight': 66237.0}, {'name': 'common-corpus_eurlex_multi_text_document', 'weight': 3601664.0}, {'name': 'common-corpus_gatt-library_multi_text_document', 'weight': 41322.0}, {'name': 'common-corpus_oecd_multi_text_document', 'weight': 121969.0}, {'name': 'common-corpus_tedeutenders_multi_text_document', 'weight': 31276.0}, {'name': 'common-corpus_wto_multi_text_document', 'weight': 577279.0}, {'name': 'common-pile_arxiv-abstracts_en_text_document', 'weight': 140138.0}, {'name': 'common-pile_arxiv-papers_en_text_document', 'weight': 1299034.0}, {'name': 'common-pile_biodiversity-heritage-library_en_text_document', 'weight': 107772.0}, {'name': 'common-pile_caselaw-access-project_en_text_document', 'weight': 929697.0}, {'name': 'common-pile_doab_en_text_document', 'weight': 712786.0}, {'name': 'common-pile_foodista_en_text_document', 'weight': 5603.0}, {'name': 'common-pile_github-archive_en_text_document', 'weight': 2244221.0}, {'name': 'common-pile_library-of-congress_en_text_document', 'weight': 101533.0}, {'name': 'common-pile_libretexts_en_text_document', 'weight': 21049.0}, {'name': 'common-pile_news_en_text_document', 'weight': 14354.0}, {'name': 'common-pile_oercommons_en_text_document', 'weight': 2748.0}, {'name': 'common-pile_peS2o_en_text_document', 'weight': 10166525.0}, {'name': 'common-pile_pre-1929-books_en_text_document', 'weight': 531517.0}, {'name': 'common-pile_pressbooks_en_text_document', 'weight': 31891.0}, {'name': 'common-pile_public-domain-review_en_text_document', 'weight': 382.0}, {'name': 'common-pile_pubmed_en_text_document', 'weight': 1869301.0}, {'name': 'common-pile_python-enhancement-proposals_en_text_document', 'weight': 652.0}, {'name': 'common-pile_regulations_en_text_document', 'weight': 266173.0}, {'name': 'common-pile_stackexchange_en_text_document', 'weight': 4985359.0}, {'name': 'common-pile_ubuntu-irc_en_text_document', 'weight': 482830.0}, {'name': 'common-pile_youtube_en_text_document', 'weight': 204765.0}, {'name': 'croissant-aligned_aligned_text_document', 'weight': 11618464.0}, {'name': 'culturax_fr_text_document_ratio1.30_phase0', 'weight': 57012131.0}, {'name': 'dclm-dolmino_en_text_document_ratio0.75_phase0', 'weight': 93003263.0}, {'name': 'europarl_aligned_text_document', 'weight': 215607.0}, {'name': 'europarl_multi_text_document', 'weight': 99752.0}, {'name': 'eurovoc_filtered_multi_text_document', 'weight': 2150091.0}, {'name': 'fineweb-edu_en_text_document_ratio0.75_phase0', 'weight': 214754282.0}, {'name': 'fineweb2_ar_text_document_ratio0.50_phase0', 'weight': 3350461.0}, {'name': 'fineweb2_ca_text_document_ratio0.05_phase0', 'weight': 92529.0}, {'name': 'fineweb2_de_text_document_ratio0.50_phase0', 'weight': 27173931.0}, {'name': 'fineweb2_es_text_document_ratio0.50_phase0', 'weight': 24393496.0}, {'name': 'fineweb2_fr_text_document_ratio1.30_phase0', 'weight': 50038822.0}, {'name': 'fineweb2_it_text_document_ratio0.50_phase0', 'weight': 13377940.0}, {'name': 'fineweb2_nl_text_document_ratio0.50_phase0', 'weight': 7435763.0}, {'name': 'fineweb2_pt_text_document_ratio0.50_phase0', 'weight': 9800040.0}, {'name': 'fineweb2_regional_text_document', 'weight': 2132152.0}, {'name': 'gallica_monographies_fr_text_document', 'weight': 5842786.0}, {'name': 'gallica_press_fr_text_document', 'weight': 22850320.0}, {'name': 'gutenberg_de_text_document', 'weight': 42330.0}, {'name': 'gutenberg_en_text_document', 'weight': 1187655.0}, {'name': 'gutenberg_es_text_document', 'weight': 21778.0}, {'name': 'gutenberg_fr_text_document', 'weight': 91991.0}, {'name': 'gutenberg_it_text_document', 'weight': 29909.0}, {'name': 'gutenberg_nl_text_document', 'weight': 24430.0}, {'name': 'gutenberg_pt_text_document', 'weight': 9241.0}, {'name': 'hal-cea_full-filtered_fr_text_document', 'weight': 7828031.0}, {'name': 'hplt2_fr_text_document_ratio1.30_phase0', 'weight': 70401931.0}, {'name': 'insee_fr_text_document', 'weight': 55377.0}, {'name': 'math-pile_math_text_document', 'weight': 2345197.0}, {'name': 'opendata_fr_text_document', 'weight': 2749409.0}, {'name': 'parlement_fr_text_document', 'weight': 282826.0}, {'name': 'starcoder-data_code_text_document', 'weight': 62922795.0}, {'name': 'theses_fr_text_document', 'weight': 3239718.0}, {'name': 'wikimedia-vikidia_ar_text_document', 'weight': 265451.0}, {'name': 'wikimedia-vikidia_ca_text_document_ratio0.20_phase0', 'weight': 58530.0}, {'name': 'wikimedia-vikidia_de_text_document', 'weight': 1098595.0}, {'name': 'wikimedia-vikidia_en_text_document', 'weight': 2882825.0}, {'name': 'wikimedia-vikidia_es_text_document', 'weight': 631843.0}, {'name': 'wikimedia-vikidia_fr_text_document', 'weight': 1276052.0}, {'name': 'wikimedia-vikidia_it_text_document', 'weight': 654077.0}, {'name': 'wikimedia-vikidia_pt_text_document', 'weight': 304392.0}, {'name': 'wikimedia-vikidia_regional_text_document', 'weight': 119234.0}, {'name': 'wikimedia_nl_text_document', 'weight': 345319.0}, {'name': 'youtube_fr_text_document', 'weight': 76194.0}]}
INFO:__main__:SSA Triton: Using fused Triton SSA FlashAttention triton (n=1.50, b=0.80, compiled_bda=True)
INFO:__main__:Using CLI tokenizer override: /work/p26037/barman/tokenizer_128k-arab-regional_v2
INFO:__main__:SSA Triton: force_contiguous_qkv=True
INFO:__main__:Global batch size: 1024
INFO:__main__:Sequence length: 4096
INFO:__main__:Tokens per batch: 4194304
INFO:__main__:Total tokens in datamix: 3002228277248
INFO:__main__:Global training/LR horizon (from --max_steps): 715788
INFO:__main__:Patched megatron.core.optimizer (accepted params: {'use_gloo_process_groups', 'no_weight_decay_cond', 'lr_mult', 'scale_lr_cond', 'model_chunks', 'config'})
INFO:utils:{'data_path': '/work/datasets/AI/tokens_luciole_phase1', 'total_tokens': 3002228277248, 'train': [{'name': 'claire_open_en_text_document', 'weight': 29003.0}, {'name': 'claire_open_fr_text_document', 'weight': 92129.0}, {'name': 'common-corpus_bnl-newspapers-1841-1879_fr_text_document', 'weight': 66237.0}, {'name': 'common-corpus_eurlex_multi_text_document', 'weight': 3601664.0}, {'name': 'common-corpus_gatt-library_multi_text_document', 'weight': 41322.0}, {'name': 'common-corpus_oecd_multi_text_document', 'weight': 121969.0}, {'name': 'common-corpus_tedeutenders_multi_text_document', 'weight': 31276.0}, {'name': 'common-corpus_wto_multi_text_document', 'weight': 577279.0}, {'name': 'common-pile_arxiv-abstracts_en_text_document', 'weight': 140138.0}, {'name': 'common-pile_arxiv-papers_en_text_document', 'weight': 1299034.0}, {'name': 'common-pile_biodiversity-heritage-library_en_text_document', 'weight': 107772.0}, {'name': 'common-pile_caselaw-access-project_en_text_document', 'weight': 929697.0}, {'name': 'common-pile_doab_en_text_document', 'weight': 712786.0}, {'name': 'common-pile_foodista_en_text_document', 'weight': 5603.0}, {'name': 'common-pile_github-archive_en_text_document', 'weight': 2244221.0}, {'name': 'common-pile_library-of-congress_en_text_document', 'weight': 101533.0}, {'name': 'common-pile_libretexts_en_text_document', 'weight': 21049.0}, {'name': 'common-pile_news_en_text_document', 'weight': 14354.0}, {'name': 'common-pile_oercommons_en_text_document', 'weight': 2748.0}, {'name': 'common-pile_peS2o_en_text_document', 'weight': 10166525.0}, {'name': 'common-pile_pre-1929-books_en_text_document', 'weight': 531517.0}, {'name': 'common-pile_pressbooks_en_text_document', 'weight': 31891.0}, {'name': 'common-pile_public-domain-review_en_text_document', 'weight': 382.0}, {'name': 'common-pile_pubmed_en_text_document', 'weight': 1869301.0}, {'name': 'common-pile_python-enhancement-proposals_en_text_document', 'weight': 652.0}, {'name': 'common-pile_regulations_en_text_document', 'weight': 266173.0}, {'name': 'common-pile_stackexchange_en_text_document', 'weight': 4985359.0}, {'name': 'common-pile_ubuntu-irc_en_text_document', 'weight': 482830.0}, {'name': 'common-pile_youtube_en_text_document', 'weight': 204765.0}, {'name': 'croissant-aligned_aligned_text_document', 'weight': 11618464.0}, {'name': 'culturax_fr_text_document_ratio1.30_phase0', 'weight': 57012131.0}, {'name': 'dclm-dolmino_en_text_document_ratio0.75_phase0', 'weight': 93003263.0}, {'name': 'europarl_aligned_text_document', 'weight': 215607.0}, {'name': 'europarl_multi_text_document', 'weight': 99752.0}, {'name': 'eurovoc_filtered_multi_text_document', 'weight': 2150091.0}, {'name': 'fineweb-edu_en_text_document_ratio0.75_phase0', 'weight': 214754282.0}, {'name': 'fineweb2_ar_text_document_ratio0.50_phase0', 'weight': 3350461.0}, {'name': 'fineweb2_ca_text_document_ratio0.05_phase0', 'weight': 92529.0}, {'name': 'fineweb2_de_text_document_ratio0.50_phase0', 'weight': 27173931.0}, {'name': 'fineweb2_es_text_document_ratio0.50_phase0', 'weight': 24393496.0}, {'name': 'fineweb2_fr_text_document_ratio1.30_phase0', 'weight': 50038822.0}, {'name': 'fineweb2_it_text_document_ratio0.50_phase0', 'weight': 13377940.0}, {'name': 'fineweb2_nl_text_document_ratio0.50_phase0', 'weight': 7435763.0}, {'name': 'fineweb2_pt_text_document_ratio0.50_phase0', 'weight': 9800040.0}, {'name': 'fineweb2_regional_text_document', 'weight': 2132152.0}, {'name': 'gallica_monographies_fr_text_document', 'weight': 5842786.0}, {'name': 'gallica_press_fr_text_document', 'weight': 22850320.0}, {'name': 'gutenberg_de_text_document', 'weight': 42330.0}, {'name': 'gutenberg_en_text_document', 'weight': 1187655.0}, {'name': 'gutenberg_es_text_document', 'weight': 21778.0}, {'name': 'gutenberg_fr_text_document', 'weight': 91991.0}, {'name': 'gutenberg_it_text_document', 'weight': 29909.0}, {'name': 'gutenberg_nl_text_document', 'weight': 24430.0}, {'name': 'gutenberg_pt_text_document', 'weight': 9241.0}, {'name': 'hal-cea_full-filtered_fr_text_document', 'weight': 7828031.0}, {'name': 'hplt2_fr_text_document_ratio1.30_phase0', 'weight': 70401931.0}, {'name': 'insee_fr_text_document', 'weight': 55377.0}, {'name': 'math-pile_math_text_document', 'weight': 2345197.0}, {'name': 'opendata_fr_text_document', 'weight': 2749409.0}, {'name': 'parlement_fr_text_document', 'weight': 282826.0}, {'name': 'starcoder-data_code_text_document', 'weight': 62922795.0}, {'name': 'theses_fr_text_document', 'weight': 3239718.0}, {'name': 'wikimedia-vikidia_ar_text_document', 'weight': 265451.0}, {'name': 'wikimedia-vikidia_ca_text_document_ratio0.20_phase0', 'weight': 58530.0}, {'name': 'wikimedia-vikidia_de_text_document', 'weight': 1098595.0}, {'name': 'wikimedia-vikidia_en_text_document', 'weight': 2882825.0}, {'name': 'wikimedia-vikidia_es_text_document', 'weight': 631843.0}, {'name': 'wikimedia-vikidia_fr_text_document', 'weight': 1276052.0}, {'name': 'wikimedia-vikidia_it_text_document', 'weight': 654077.0}, {'name': 'wikimedia-vikidia_pt_text_document', 'weight': 304392.0}, {'name': 'wikimedia-vikidia_regional_text_document', 'weight': 119234.0}, {'name': 'wikimedia_nl_text_document', 'weight': 345319.0}, {'name': 'youtube_fr_text_document', 'weight': 76194.0}]}
INFO:__main__:SSA Triton: Using fused Triton SSA FlashAttention triton (n=1.50, b=0.80, compiled_bda=True)
INFO:__main__:Using CLI tokenizer override: /work/p26037/barman/tokenizer_128k-arab-regional_v2
INFO:__main__:SSA Triton: force_contiguous_qkv=True
INFO:__main__:Global batch size: 1024
INFO:__main__:Sequence length: 4096
INFO:__main__:Tokens per batch: 4194304
INFO:__main__:Total tokens in datamix: 3002228277248
INFO:__main__:Global training/LR horizon (from --max_steps): 715788
INFO:__main__:Patched megatron.core.optimizer (accepted params: {'lr_mult', 'model_chunks', 'no_weight_decay_cond', 'scale_lr_cond', 'config', 'use_gloo_process_groups'})
INFO:__main__:SSA Triton: Using fused Triton SSA FlashAttention triton (n=1.50, b=0.80, compiled_bda=True)
INFO:utils:{'data_path': '/work/datasets/AI/tokens_luciole_phase1', 'total_tokens': 3002228277248, 'train': [{'name': 'claire_open_en_text_document', 'weight': 29003.0}, {'name': 'claire_open_fr_text_document', 'weight': 92129.0}, {'name': 'common-corpus_bnl-newspapers-1841-1879_fr_text_document', 'weight': 66237.0}, {'name': 'common-corpus_eurlex_multi_text_document', 'weight': 3601664.0}, {'name': 'common-corpus_gatt-library_multi_text_document', 'weight': 41322.0}, {'name': 'common-corpus_oecd_multi_text_document', 'weight': 121969.0}, {'name': 'common-corpus_tedeutenders_multi_text_document', 'weight': 31276.0}, {'name': 'common-corpus_wto_multi_text_document', 'weight': 577279.0}, {'name': 'common-pile_arxiv-abstracts_en_text_document', 'weight': 140138.0}, {'name': 'common-pile_arxiv-papers_en_text_document', 'weight': 1299034.0}, {'name': 'common-pile_biodiversity-heritage-library_en_text_document', 'weight': 107772.0}, {'name': 'common-pile_caselaw-access-project_en_text_document', 'weight': 929697.0}INFO:__main__:SSA Triton: force_contiguous_qkv=True
, {'name': 'common-pile_doab_en_text_document', 'weight': 712786.0}, {'name': 'common-pile_foodista_en_text_document', 'weight': 5603.0}, {'name': 'common-pile_github-archive_en_text_document', 'weight': 2244221.0}, {'name': 'common-pile_library-of-congress_en_text_document', 'weight': 101533.0}, {'name': 'common-pile_libretexts_en_text_document', 'weight': 21049.0}, {'name': 'common-pile_news_en_text_document', 'weight': 14354.0}, {'name': 'common-pile_oercommons_en_text_document', 'weight': 2748.0}, {'name': 'common-pile_peS2o_en_text_document', 'weight': 10166525.0}, {'name': 'common-pile_pre-1929-books_en_text_document', 'weight': 531517.0}, {'name': 'common-pile_pressbooks_en_text_document', 'weight': 31891.0}, {'name': 'common-pile_public-domain-review_en_text_document', 'weight': 382.0}, {'name': 'common-pile_pubmed_en_text_document', 'weight': 1869301.0}, {'name': 'common-pile_python-enhancement-proposals_en_text_document', 'weight': 652.0}, {'name': 'common-pile_regulations_en_text_document', 'weight': 266173.0}, {'name': 'common-pile_stackexchange_en_text_document', 'weight': 4985359.0}, {'name': 'common-pile_ubuntu-irc_en_text_document', 'weight': 482830.0}, {'name': 'common-pile_youtube_en_text_document', 'weight': 204765.0}, {'name': 'croissant-aligned_aligned_text_document', 'weight': 11618464.0}, {'name': 'culturax_fr_text_document_ratio1.30_phase0', 'weight': 57012131.0}, {'name': 'dclm-dolmino_en_text_document_ratio0.75_phase0', 'weight': 93003263.0}, {'name': 'europarl_aligned_text_document', 'weight': 215607.0}, {'name': 'europarl_multi_text_document', 'weight': 99752.0}, {'name': 'eurovoc_filtered_multi_text_document', 'weight': 2150091.0}, {'name': 'fineweb-edu_en_text_document_ratio0.75_phase0', 'weight': 214754282.0}, {'name': 'fineweb2_ar_text_document_ratio0.50_phase0', 'weight': 3350461.0}, {'name': 'fineweb2_ca_text_document_ratio0.05_phase0', 'weight': 92529.0}, {'name': 'fineweb2_de_text_document_ratio0.50_phase0', 'weight': 27173931.0}, {'name': 'fineweb2_es_text_document_ratio0.50_phase0', 'weight': 24393496.0}, {'name': 'fineweb2_fr_text_document_ratio1.30_phase0', 'weight': 50038822.0}, {'name': 'fineweb2_it_text_document_ratio0.50_phase0', 'weight': 13377940.0}, {'name': 'fineweb2_nl_text_document_ratio0.50_phase0', 'weight': 7435763.0}, {'name': 'fineweb2_pt_text_document_ratio0.50_phase0', 'weight': 9800040.0}, {'name': 'fineweb2_regional_text_document', 'weight': 2132152.0}, {'name': 'gallica_monographies_fr_text_document', 'weight': 5842786.0}, {'name': 'gallica_press_fr_text_document', 'weight': 22850320.0}, {'name': 'gutenberg_de_text_document', 'weight': 42330.0}, {'name': 'gutenberg_en_text_document', 'weight': 1187655.0}, {'name': 'gutenberg_es_text_document', 'weight': 21778.0}, {'name': 'gutenberg_fr_text_document', 'weight': 91991.0}, {'name': 'gutenberg_it_text_document', 'weight': 29909.0}, {'name': 'gutenberg_nl_text_document', 'weight': 24430.0}, {'name': 'gutenberg_pt_text_document', 'weight': 9241.0}, {'name': 'hal-cea_full-filtered_fr_text_document', 'weight': 7828031.0}, {'name': 'hplt2_fr_text_document_ratio1.30_phase0', 'weight': 70401931.0}, {'name': 'insee_fr_text_document', 'weight': 55377.0}, {'name': 'math-pile_math_text_document', 'weight': 2345197.0}, {'name': 'opendata_fr_text_document', 'weight': 2749409.0}, {'name': 'parlement_fr_text_document', 'weight': 282826.0}, {'name': 'starcoder-data_code_text_document', 'weight': 62922795.0}, {'name': 'theses_fr_text_document', 'weight': 3239718.0}, {'name': 'wikimedia-vikidia_ar_text_document', 'weight': 265451.0}, {'name': 'wikimedia-vikidia_ca_text_document_ratio0.20_phase0', 'weight': 58530.0}, {'name': 'wikimedia-vikidia_de_text_document', 'weight': 1098595.0}, {'name': 'wikimedia-vikidia_en_text_document', 'weight': 2882825.0}, {'name': 'wikimedia-vikidia_es_text_document', 'weight': 631843.0}, {'name': 'wikimedia-vikidia_fr_text_document', 'weight': 1276052.0}, {'name': 'wikimedia-vikidia_it_text_document', 'weight': 654077.0}, {'name': 'wikimedia-vikidia_pt_text_document', 'weight': 304392.0}, {'name': 'wikimedia-vikidia_regional_text_document', 'weight': 119234.0}, {'name': 'wikimedia_nl_text_document', 'weight': 345319.0}, {'name': 'youtube_fr_text_document', 'weight': 76194.0}]}
INFO:__main__:Using CLI tokenizer override: /work/p26037/barman/tokenizer_128k-arab-regional_v2
INFO:__main__:Global batch size: 1024
INFO:__main__:Sequence length: 4096
INFO:__main__:Tokens per batch: 4194304
INFO:__main__:Total tokens in datamix: 3002228277248
INFO:__main__:Global training/LR horizon (from --max_steps): 715788
INFO:__main__:Patched megatron.core.optimizer (accepted params: {'scale_lr_cond', 'model_chunks', 'config', 'use_gloo_process_groups', 'no_weight_decay_cond', 'lr_mult'})
INFO:utils:{'data_path': '/work/datasets/AI/tokens_luciole_phase1', 'total_tokens': 3002228277248, 'train': [{'name': 'claire_open_en_text_document', 'weight': 29003.0}, {'name': 'claire_open_fr_text_document', 'weight': 92129.0}, {'name': 'common-corpus_bnl-newspapers-1841-1879_fr_text_document', 'weight': 66237.0}, {'name': 'common-corpus_eurlex_multi_text_document', 'weight': 3601664.0}, {'name': 'common-corpus_gatt-library_multi_text_document', 'weight': 41322.0}, {'name': 'common-corpus_oecd_multi_text_document', 'weight': 121969.0}, {'name': 'common-corpus_tedeutenders_multi_text_document', 'weight': 31276.0}, {'name': 'common-corpus_wto_multi_text_document', 'weight': 577279.0}, {'name': 'common-pile_arxiv-abstracts_en_text_document', 'weight': 140138.0}, {'name': 'common-pile_arxiv-papers_en_text_document', 'weight': 1299034.0}, {'name': 'common-pile_biodiversity-heritage-library_en_text_document', 'weight': 107772.0}, {'name': 'common-pile_caselaw-access-project_en_text_document', 'weight': 929697.0}, {'name': 'common-pile_doab_en_text_document', 'weight': 712786.0}, {'name': 'common-pile_foodista_en_text_document', 'weight': 5603.0}, {'name': 'common-pile_github-archive_en_text_document', 'weight': 2244221.0}, {'name': 'common-pile_library-of-congress_en_text_document', 'weight': 101533.0}, {'name': 'common-pile_libretexts_en_text_document', 'weight': 21049.0}, {'name': 'common-pile_news_en_text_document', 'weight': 14354.0}, {'name': 'common-pile_oercommons_en_text_document', 'weight': 2748.0}, {'name': 'common-pile_peS2o_en_text_document', 'weight': 10166525.0}, {'name': 'common-pile_pre-1929-books_en_text_document', 'weight': 531517.0}, {'name': 'common-pile_pressbooks_en_text_document', 'weight': 31891.0}, {'name': 'common-pile_public-domain-review_en_text_document', 'weight': 382.0}, {'name': 'common-pile_pubmed_en_text_document', 'weight': 1869301.0}, {'name': 'common-pile_python-enhancement-proposals_en_text_document', 'weight': 652.0}, {'name': 'common-pile_regulations_en_text_document', 'weight': 266173.0}, {'name': 'common-pile_stackexchange_en_text_document', 'weight': 4985359.0}, {'name': 'common-pile_ubuntu-irc_en_text_document', 'weight': 482830.0}, {'name': 'common-pile_youtube_en_text_document', 'weight': 204765.0}, {'name': 'croissant-aligned_aligned_text_document', 'weight': 11618464.0}, {'name': 'culturax_fr_text_document_ratio1.30_phase0', 'weight': 57012131.0}, {'name': 'dclm-dolmino_en_text_document_ratio0.75_phase0', 'weight': 93003263.0}, {'name': 'europarl_aligned_text_document', 'weight': 215607.0}, {'name': 'europarl_multi_text_document', 'weight': 99752.0}, {'name': 'eurovoc_filtered_multi_text_document', 'weight': 2150091.0}, {'name': 'fineweb-edu_en_text_document_ratio0.75_phase0', 'weight': 214754282.0}, {'name': 'fineweb2_ar_text_document_ratio0.50_phase0', 'weight': 3350461.0}, {'name': 'fineweb2_ca_text_document_ratio0.05_phase0', 'weight': 92529.0}, {'name': 'fineweb2_de_text_document_ratio0.50_phase0', 'weight': 27173931.0}, {'name': 'fineweb2_es_text_document_ratio0.50_pINFO:__main__:Detected checkpoint at step 25499
hase0', 'weight': 24393496.0}, {'name': 'fineweb2_fr_text_document_ratio1.30_phase0', 'weight': 50038822.0}, {'name': 'fineweb2_it_text_document_ratio0.50_phase0', 'weight': 13377940.0}, {'name': 'fineweb2_nl_text_document_ratio0.50_phase0', 'weight': 7435763.0}, {'name': 'fineweb2_pt_text_document_ratio0.50_phase0', 'weight': 9800040.0}, {'name': 'fineweb2_regional_text_document', 'weight': 2132152.0}, {'name': 'gallica_monographies_fr_text_document', 'weight': 5842786.0}, {'name': 'gallica_press_fr_text_document', 'weight': 22850320.0}, {'name': 'gutenberg_de_text_document', 'weight': 42330.0}, {'name': 'gutenberg_en_text_document', 'weight': 1187655.0}, {'name': 'gutenberg_es_text_document', 'weight': 21778.0}, {'name': 'gutenberg_fr_text_document', 'weight': 91991.0}, {'name': 'gutenberg_it_text_document', 'weight': 29909.0}, {'name': 'gutenberg_nl_text_document', 'weight': 24430.0}, {'name': 'gutenberg_pt_text_document', 'weight': 9241.0}, {'name': 'hal-cea_full-filtered_fr_text_document', 'weight': 7828031.0}, {'name': 'hplt2_fr_text_document_ratio1.30_phase0', 'weight': 70401931.0}, {'name': 'insee_fr_text_document', 'weight': 55377.0}, {'name': 'math-pile_math_text_document', 'weight': 2345197.0}, {'name': 'opendata_fr_text_document', 'weight': 2749409.0}, {'name': 'parlement_fr_text_document', 'weight': 282826.0}, {'name': 'starcoder-data_code_text_document', 'weight': 62922795.0}, {'name': 'theses_fr_text_document', 'weight': 3239718.0}, {'name': 'wikimedia-vikidia_ar_text_document', 'weight': 265451.0}, {'name': 'wikimedia-vikidia_ca_text_document_ratio0.20_phase0', 'weight': 58530.0}, {'name': 'wikimedia-vikidia_de_text_document', 'weight': 1098595.0}, {'name': 'wikimedia-vikidia_en_text_document', 'weight': 2882825.0}, {'name': 'wikimedia-vikidia_es_text_document', 'weight': 631843.0}, {'name': 'wikimedia-vikidia_fr_text_document', 'weight': 1276052.0}, {'name': 'wikimedia-vikidia_it_text_document', 'weight': 654077.0}, {'name': 'wikimedia-vikidia_pt_text_document', 'weight': 304392.0}, {'name': 'wikINFO:__main__:Continuing to absolute trainer.max_steps = 715788 (remaining this run: 690289 steps)
imedia-vikidia_regional_text_document', 'weight': 119234.0}, {'name': 'wikimedia_nl_text_document', 'weight': 345319.0}, {'name': 'youtube_fr_text_document', 'weight': 76194.0}]}
INFO:__main__:Using CLI tokenizer override: /work/p26037/barman/tokenizer_128k-arab-regional_v2
INFO:__main__:Global batch size: 1024
INFO:__main__:Sequence length: 4096
INFO:__main__:Tokens per batch: 4194304
INFO:__main__:Total tokens in datamix: 3002228277248
INFO:__main__:Global training/LR horizon (from --max_steps): 715788
INFO:__main__:Patched megatron.core.optimizer (accepted params: {'lr_mult', 'config', 'use_gloo_process_groups', 'no_weight_decay_cond', 'model_chunks', 'scale_lr_cond'})
INFO:utils:{'data_path': '/work/datasets/AI/tokens_luciole_phase1', 'total_tokens': 3002228277248, 'train': [{'name': 'claire_open_en_text_document', 'weight': 29003.0}, {'name': 'claire_open_fr_text_document', 'weight': 92129.0}, {'name': 'common-corpus_bnl-newspapers-1841-1879_fr_text_document', 'weight': 66237.0}, {'name': 'common-corpus_eurlex_multi_text_document', 'weight': 3601664.0}, {'name': 'common-corpus_gatt-library_multi_text_document', 'weight': 41322.0}, {'name': 'common-corpus_oecd_multi_text_document', 'weight': 121969.0}, {'name': 'common-corpus_tedeutenders_multi_text_document', 'weight': 31276.0}, {'name': 'common-corpus_wto_multi_text_document', 'weight': 577279.0}, {'name': 'common-pile_arxiv-abstracts_en_text_document', 'weight': 140138.0}, {'name': 'common-pile_arxiv-papers_en_text_document', 'weight': 1299034.0}, {'name': 'common-pile_biodiversity-heritage-library_en_text_document', 'weight': 107772.0}, {'name': 'common-pile_caselaw-access-project_en_text_document', 'weight': 929697.0}, {'name': 'common-pile_doab_en_text_document', 'weight': 712786.0}, {'name': 'common-pile_foodista_en_text_document', 'weight': 5603.0}, {'name': 'common-pile_github-archive_en_text_document', 'weight': 2244221.0}, {'name': 'common-pile_library-of-congress_en_text_document', 'weight': 101533.0}, {'name': 'common-pile_libretexts_en_text_document', 'weight': 21049.0}, {'name': 'common-pile_news_en_text_document', 'weight': 14354.0}, {'name': 'common-pile_oercommons_en_text_document', 'weight': 2748.0}, {'name': 'common-pile_peS2o_en_text_document', 'weight': 10166525.0}, {'name': 'common-pile_pre-1929-books_en_text_document', 'weight': 531517.0}, {'name': 'common-pile_pressbooks_en_text_document', 'weight': 31891.0}, {'name': 'common-pile_public-domain-review_en_text_document', 'weight': 382.0}, {'name': 'common-pile_pubmed_en_text_document', 'weight': 1869301.0}, {'name': 'common-pile_python-enhancement-proposals_en_text_document', 'weight': 652.0}, {'name': 'common-pile_regulations_en_text_document', 'weight': 266173.0}, {'name': 'common-pile_stackexchange_en_text_document', 'weight': 4985359.0}, {'name': 'common-pile_ubuntu-irc_en_text_document', 'weight': 482830.0}, {'name': 'common-pile_youtube_en_text_document', 'weight': 204765.0}, {'name': 'croissant-aligned_aligned_text_document', 'weight': 11618464.0}, {'name': 'culturax_fr_text_document_ratio1.30_phase0', 'weight': 57012131.0}, {'name': 'dclm-dolmino_en_text_document_ratio0.75_phase0', 'weight': 93003263.0}, {'name': 'europarl_aligned_text_document', 'weight': 215607.0}, {'name': 'europarl_multi_text_document', 'weight': 99752.0}, {'name': 'eurovoc_filtered_multi_text_document', 'weight': 2150091.0}, {'name': 'fineweb-edu_en_text_document_ratio0.75_phase0', 'weight': 214754282.0}, {'name': 'fineweb2_ar_text_document_ratio0.50_phase0', 'weight': 3350461.0}, {'name': 'fineweb2_ca_text_document_ratio0.05_phase0', 'weight': 92529.0}, {'name': 'fineweb2_de_text_document_ratio0.50_phase0', 'weight': 27173931.0}, {'name': 'fineweb2_es_text_document_ratio0.50_phase0', 'weight': 24393496.0}, {'name': 'fineweb2_fr_text_document_ratio1.30_phase0', 'weight': 50038822.0}, {'name': 'fineweb2_it_text_document_ratio0.50_phase0', 'weight': 13377940.0}, {'name': 'fineweb2_nl_text_document_ratio0.50_phase0', 'weight': 7435763.0}, {'name': 'fineweb2_pt_text_document_ratio0.50_phase0', 'weight': 9800040.0}, {'name': 'fineweb2_regional_text_document', 'weight': 2132152.0}, {'name': 'gallica_monographies_fr_text_document', 'weight': 5842786.0}, {'name': 'gallica_press_fr_text_document', 'weight': 22850320.0}, {'name': 'gutenberg_de_text_document', 'weight': 42330.0}, {'name': 'gutenberg_en_text_document', 'weight': 1187655.0}, {'name': 'gutenberg_es_text_document', 'weight': 21778.0}, {'name': 'gutenberg_fr_text_document', 'weight': 91991.0}, {'name': 'gutenberg_it_text_document', 'weight': 29909.0}, {'name': 'gutenberg_nl_text_document', 'weight': 24430.0}, {'name': 'gutenberg_pt_text_document', 'weight': 9241.0}, {'name': 'hal-cea_full-filtered_fr_text_document', 'weight': 7828031.0}, {'name': 'hplt2_fr_text_document_ratio1.30_phase0', 'weight': 70401931.0}, {'name': 'insee_fr_text_document', 'weight': 55377.0}, {'name': 'math-pile_math_text_document', 'weight': 2345197.0}, {'name': 'opendata_fr_text_document', 'weight': 2749409.0}, {'name': 'parlement_fr_text_document', 'weight': 282826.0}, {'name': 'starcoder-data_code_text_document', 'weight': 62922795.0}, {'name': 'theses_fr_text_document', 'weight': 3239718.0}, {'name': 'wikimedia-vikidia_ar_text_document', 'weight': 265451.0}, {'name': 'wikimedia-vikidia_ca_text_document_ratio0.20_phase0', 'weight': 58530.0}, {'name': 'wikimedia-vikidia_de_text_document', 'weight': 1098595.0}, {'name': 'wikimedia-vikidia_en_text_document', 'weight': 2882825.0}, {'name': 'wikimedia-vikidia_es_text_document', 'weight': 631843.0}, {'name': 'wikimedia-vikidia_fr_text_document', 'weight': 1276052.0}, {'name': 'wikimedia-vikidia_it_text_document', 'weight': 654077.0}, {'name': 'wikimedia-vikidia_pt_text_document', 'weight': 304392.0}, {'name': 'wikimedia-vikidia_regional_text_document', 'weight': 119234.0}, {'name': 'wikimedia_nl_text_document', 'weight': 345319.0}, {'name': 'youtube_fr_text_document', 'weight': 76194.0}]}
INFO:__main__:Using CLI tokenizer override: /work/p26037/barman/tokenizer_128k-arab-regional_v2
INFO:__main__:Global batch size: 1024
INFO:__main__:Sequence length: 4096
INFO:__main__:Tokens per batch: 4194304
INFO:__main__:Total tokens in datamix: 3002228277248
INFO:__main__:Global training/LR horizon (from --max_steps): 715788
INFO:__main__:Patched megatron.core.optimizer (accepted params: {'scale_lr_cond', 'lr_mult', 'model_chunks', 'no_weight_decay_cond', 'use_gloo_process_groups', 'config'})
INFO:utils:{'data_path': '/work/datasets/AI/tokens_luciole_phase1', 'total_tokens': 3002228277248, 'train': [{'name': 'claire_open_en_text_document', 'weight': 29003.0}, {'name': 'claire_open_fr_text_document', 'weight': 92129.0}, {'name': 'common-corpus_bnl-newspapers-1841-1879_fr_text_document', 'weight': 66237.0}, {'name': 'common-corpus_eurlex_multi_text_document', 'weight': 3601664.0}, {'name': 'common-corpus_gatt-library_multi_text_document', 'weight': 41322.0}, {'name': 'common-corpus_oecd_multi_text_document', 'weight': 121969.0}, {'name': 'common-corpus_tedeutenders_multi_text_document', 'weight': 31276.0}, {'name': 'common-corpus_wto_multi_text_document', 'weight': 577279.0}, {'name': 'common-pile_arxiv-abstracts_en_text_document', 'weight': 140138.0}, {'name': 'common-pile_arxiv-papers_en_text_document', 'weight': 1299034.0}, {'name': 'common-pile_biodiversity-heritage-library_en_text_document', 'weight': 107772.0}, {'name': 'common-pile_caselaw-access-project_en_text_document', 'weight': 929697.0}, {'name': 'common-pile_doab_en_text_document', 'weight': 712786.0}, {'name': 'common-pile_foodista_en_text_document', 'weight': 5603.0}, {'name': 'common-pile_github-archive_en_text_document', 'weight': 2244221.0}, {'name': 'common-pile_library-of-congress_en_text_document', 'weight': 101533.0}, {'name': 'common-pile_libretexts_en_text_document', 'weight': 21049.0}, {'name': 'common-pile_news_en_text_document', 'weight': 14354.0}, {'name': 'common-pile_oercommons_en_text_document', 'weight': 2748.0}, {'name': 'common-pile_peS2o_en_text_document', 'weight': 10166525.0}, {'name': 'common-pile_pre-1929-books_en_text_document', 'weight': 531517.0}, {'name': 'common-pile_pressbooks_en_text_document', 'weight': 31891.0}, {'name': 'common-pile_public-domain-review_en_text_document', 'weight': 382.0}, {'name': 'common-pile_pubmed_en_text_document', 'weight': 1869301.0}, {'name': 'common-pile_python-enhancement-proposals_en_text_document', 'weight': 652.0}, {'name': 'common-pile_regulations_en_text_document', 'weight': 266173.0}, {'name': 'common-pile_stackexchange_en_text_document', 'weight': 4985359.0}, {'name': 'common-pile_ubuntu-irc_en_text_document', 'weight': 482830.0}, {'name': 'common-pile_youtube_en_text_document', 'weight': 204765.0}, {'name': 'croissant-aligned_aligned_text_document', 'weight': 11618464.0}, {'name': 'culturax_fr_text_document_ratio1.30_phase0', 'weight': 57012131.0}, {'name': 'dclm-dolmino_en_text_document_ratio0.75_phase0', 'weight': 93003263.0}, {'name': 'europarl_aligned_text_document', 'weight': 215607.0}, {'name': 'europarl_multi_text_document', 'weight': 99752.0}, {'name': 'eurovoc_filtered_multi_text_document', 'weight': 2150091.0}, {'name': 'fineweb-edu_en_text_document_ratio0.75_phase0', 'weight': 214754282.0}, {'name': 'fineweb2_ar_text_document_ratio0.50_phase0', 'weight': 3350461.0}, {'name': 'fineweb2_ca_text_document_ratio0.05_phase0', 'weight': 92529.0}, {'name': 'fineweb2_de_text_document_ratio0.50_phase0', 'weight': 27173931.0}, {'name': 'fineweb2_es_text_document_ratio0.50_phase0', 'weight': 24393496.0}, {'name': 'fineweb2_fr_text_document_ratio1.30_phase0', 'weight': 50038822.0}, {'name': 'fineweb2_it_text_document_ratio0.50_phase0', 'weight': 13377940.0}, {'name': 'fineweb2_nl_text_document_ratio0.50_phase0', 'weight': 7435763.0}, {'name': 'fineweb2_pt_text_document_ratio0.50_phase0', 'weight': 9800040.0}, {'name': 'fineweb2_regional_text_document', 'weight': 2132152.0}, {'name': 'gallica_monographies_fr_text_document', 'weight': 5842786.0}, {'name': 'gallica_press_fr_text_document', 'weight': 22850320.0}, {'name': 'gutenberg_de_text_document', 'weight': 42330.0}, {'name': 'gutenberg_en_text_document', 'weight': 1187655.0}, {'name': 'gutenberg_es_text_document', 'weight': 21778.0}, {'name': 'gutenberg_fr_text_document', 'weight': 91991.0}, {'name': 'gutenberg_it_text_document', 'weight': 29909.0}, {'name': 'gutenberg_nl_text_document', 'weight': 24430.0}, {'name': 'gutenberg_pt_text_document', 'weight': 9241.0}, {'name': 'hal-cea_full-filtered_fr_text_document', 'weight': 7828031.0}, {'name': 'hplt2_fr_text_document_ratio1.30_phase0', 'weight': 70401931.0}, {'name': 'insee_fr_text_document', 'weight': 55377.0}, {'name': 'math-pile_math_text_document', 'weight': 2345197.0}, {'name': 'opendata_fr_text_document', 'weight': 2749409.0}, {'name': 'parlement_fr_text_document', 'weight': 282826.0}, {'name': 'starcoder-data_code_text_document', 'weight': 62922795.0}, {'name': 'theses_fr_text_document', 'weight': 3239718.0}, {'name': 'wikimedia-vikidia_ar_text_document', 'weight': 265451.0}, {'name': 'wikimedia-vikidia_ca_text_document_ratio0.20_phase0', 'weight': 58530.0}, {'name': 'wikimedia-vikidia_de_text_document', 'weight': 1098595.0}, {'name': 'wikimedia-vikidia_en_text_document', 'weight': 2882825.0}, {'name': 'wikimedia-vikidia_es_text_document', 'weight': 631843.0}, {'name': 'wikimedia-vikidia_fr_text_document', 'weight': 1276052.0}, {'name': 'wikimedia-vikidia_it_text_document', 'weight': 654077.0}, {'name': 'wikimedia-vikidia_pt_text_document', 'weight': 304392.0}, {'name': 'wikimedia-vikidia_regional_text_document', 'weight': 119234.0}, {'name': 'wikimedia_nl_text_document', 'weight': 345319.0}, {'name': 'youtube_fr_text_document', 'weight': 76194.0}]}
INFO:__main__:Using CLI tokenizer override: /work/p26037/barman/tokenizer_128k-arab-regional_v2
INFO:__main__:Global batch size: 1024
INFO:__main__:Sequence length: 4096
INFO:__main__:Tokens per batch: 4194304
INFO:__main__:Total tokens in datamix: 3002228277248
INFO:__main__:Global training/LR horizon (from --max_steps): 715788
INFO:__main__:Patched megatron.core.optimizer (accepted params: {'model_chunks', 'config', 'use_gloo_process_groups', 'no_weight_decay_cond', 'lr_mult', 'scale_lr_cond'})
INFO:utils:{'data_path': '/work/datasets/AI/tokens_luciole_phase1', 'total_tokens': 3002228277248, 'train': [{'name': 'claire_open_en_text_document', 'weight': 29003.0}, {'name': 'claire_open_fr_text_document', 'weight': 92129.0}, {'name': 'common-corpus_bnl-newspapers-1841-1879_fr_text_document', 'weight': 66237.0}, {'name': 'common-corpus_eurlex_multi_text_document', 'weight': 3601664.0}, {'name': 'common-corpus_gatt-library_multi_text_document', 'weight': 41322.0}, {'name': 'common-corpus_oecd_multi_text_document', 'weight': 121969.0}, {'name': 'common-corpus_tedeutenders_multi_text_document', 'weight': 31276.0}, {'name': 'common-corpus_wto_multi_text_document', 'weight': 577279.0}, {'name': 'common-pile_arxiv-abstracts_en_text_document', 'weight': 140138.0}, {'name': 'common-pile_arxiv-papers_en_text_document', 'weight': 1299034.0}, {'name': 'common-pile_biodiversity-heritage-library_en_text_document', 'weight': 107772.0}, {'name': 'common-pile_caselaw-access-project_en_text_document', 'weight': 929697.0}, {'name': 'common-pile_doab_en_text_document', 'weight': 712786.0}, {'name': 'common-pile_foodista_en_text_document', 'weight': 5603.0}, {'name': 'common-pile_github-archive_en_text_document', 'weight': 2244221.0}, {'name': 'common-pile_library-of-congress_en_text_document', 'weight': 101533.0}, {'name': 'common-pile_libretexts_en_text_document', 'weight': 21049.0}, {'name': 'common-pile_news_en_text_document', 'weight': 14354.0}, {'name': 'common-pile_oercommons_en_text_document', 'weight': 2748.0}, {'name': 'common-pile_peS2o_en_text_document', 'weight': 10166525.0}, {'name': 'common-pile_pre-1929-books_en_text_document', 'weight': 531517.0}, {'name': 'common-pile_pressbooks_en_text_document', 'weight': 31891.0}, {'name': 'common-pile_public-domain-review_en_text_document', 'weight': 382.0}, {'name': 'common-pile_pubmed_en_text_document', 'weight': 1869301.0}, {'name': 'common-pile_python-enhancement-proposals_en_text_document', 'weight': 652.0}, {'name': 'common-pile_regulations_en_text_document', 'weight': 266173.0}, {'name': 'common-pile_stackexchange_en_text_document', 'weight': 4985359.0}, {'name': 'common-pile_ubuntu-irc_en_text_document', 'weight': 482830.0}, {'name': 'common-pile_youtube_en_text_document', 'weight': 204765.0}, {'name': 'croissant-aligned_aligned_text_document', 'weight': 11618464.0}, {'name': 'culturax_fr_text_document_ratio1.30_phase0', 'weight': 57012131.0}, {'name': 'dclm-dolmino_en_text_document_ratio0.75_phase0', 'weight': 93003263.0}, {'name': 'europarl_aligned_text_document', 'weight': 215607.0}, {'name': 'europarl_multi_text_document', 'weight': 99752.0}, {'name': 'eurovoc_filtered_multi_text_document', 'weight': 2150091.0}, {'name': 'fineweb-edu_en_text_document_ratio0.75_phase0', 'weight': 214754282.0}, {'name': 'fineweb2_ar_text_document_ratio0.50_phase0', 'weight': 3350461.0}, {'name': 'fineweb2_ca_text_document_ratio0.05_phase0', 'weight': 92529.0}, {'name': 'fineweb2_de_text_document_ratio0.50_phase0', 'weight': 27173931.0}, {'name': 'fineweb2_es_text_document_ratio0.50_phase0', 'weight': 24393496.0}, {'name': 'fineweb2_fr_text_document_ratio1.30_phase0', 'weight': 50038822.0}, {'name': 'fineweb2_it_text_document_ratio0.50_phase0', 'weight': 13377940.0}, {'name': 'fineweb2_nl_text_document_ratio0.50_phase0', 'weight': 7435763.0}, {'name': 'fineweb2_pt_text_document_ratio0.50_phase0', 'weight': 9800040.0}, {'name': 'fineweb2_regional_text_document', 'weight': 2132152.0}, {'name': 'gallica_monographies_fr_text_document', 'weight': 5842786.0}, {'name': 'gallica_press_fr_text_document', 'weight': 22850320.0}, {'name': 'gutenberg_de_text_document', 'weight': 42330.0}, {'name': 'gutenberg_en_text_document', 'weight': 1187655.0}, {'name': 'gutenberg_es_text_document', 'weight': 21778.0}, {'name': 'gutenberg_fr_text_document', 'weight': 91991.0}, {'name': 'gutenberg_it_text_document', 'weight': 29909.0}, {'name': 'gutenberg_nl_text_document', 'weight': 24430.0}, {'name': 'gutenberg_pt_text_document', 'weight': 9241.0}, {'name': 'hal-cea_full-filtered_fr_text_document', 'weight': 7828031.0}, {'name': 'hplt2_fr_text_document_ratio1.30_phase0', 'weight': 70401931.0}, {'name': 'insee_fr_text_document', 'weight': 55377.0}, {'name': 'math-pile_math_text_document', 'weight': 2345197.0}, {'name': 'opendata_fr_text_document', 'weight': 2749409.0}, {'name': 'parlement_fr_text_document', 'weight': 282826.0}, {'name': 'starcoder-data_code_text_document', 'weight': 62922795.0}, {'name': 'theses_fr_text_document', 'weight': 3239718.0}, {'name': 'wikimedia-vikidia_ar_text_document', 'weight': 265451.0}, {'name': 'wikimedia-vikidia_ca_text_document_ratio0.20_phase0', 'weight': 58530.0}, {'name': 'wikimedia-vikidia_de_text_document', 'weight': 1098595.0}, {'name': 'wikimedia-vikidia_en_text_document', 'weight': 2882825.0}, {'name': 'wikimedia-vikidia_es_text_document', 'weight': 631843.0}, {'name': 'wikimedia-vikidia_fr_text_document', 'weight': 1276052.0}, {'name': 'wikimedia-vikidia_it_text_document', 'weight': 654077.0}, {'name': 'wikimedia-vikidia_pt_text_document', 'weight': 304392.0}, {'name': 'wikimedia-vikidia_regional_text_document', 'weight': 119234.0}, {'name': 'wikimedia_nl_text_document', 'weight': 345319.0}, {'name': 'youtube_fr_text_document', 'weight': 76194.0}]}
INFO:__main__:Detected checkpoint at step 25499
INFO:__main__:Continuing to absolute trainer.max_steps = 715788 (remaining this run: 690289 steps)
INFO:__main__:Using CLI tokenizer override: /work/p26037/barman/tokenizer_128k-arab-regional_v2
INFO:__main__:Global batch size: 1024
INFO:__main__:Sequence length: 4096
INFO:__main__:Tokens per batch: 4194304
INFO:__main__:Total tokens in datamix: 3002228277248
INFO:__main__:Global training/LR horizon (from --max_steps): 715788
INFO:__main__:Patched megatron.core.optimizer (accepted params: {'config', 'lr_mult', 'model_chunks', 'scale_lr_cond', 'no_weight_decay_cond', 'use_gloo_process_groups'})
INFO:__main__:Detected checkpoint at step 25499
INFO:__main__:Continuing to absolute trainer.max_steps = 715788 (remaining this run: 690289 steps)
INFO:__main__:Detected checkpoint at step 25499
INFO:__main__:Continuing to absolute trainer.max_steps = 715788 (remaining this run: 690289 steps)
INFO:utils:{'data_path': '/work/datasets/AI/tokens_luciole_phase1', 'total_tokens': 3002228277248, 'train': [{'name': 'claire_open_en_text_document', 'weight': 29003.0}, {'name': 'claire_open_fr_text_document', 'weight': 92129.0}, {'name': 'common-corpus_bnl-newspapers-1841-1879_fr_text_document', 'weight': 66237.0}, {'name': 'common-corpus_eurlex_multi_text_document', 'weight': 3601664.0}, {'name': 'common-corpus_gatt-library_multi_text_document', 'weight': 41322.0}, {'name': 'common-corpus_oecd_multi_text_document', 'weight': 121969.0}, {'name': 'common-corpus_tedeutenders_multi_text_document', 'weight': 31276.0}, {'name': 'common-corpus_wto_multi_text_document', 'weight': 577279.0}, {'name': 'common-pile_arxiv-abstracts_en_text_document', 'weight': 140138.0}, {'name': 'common-pile_arxiv-papers_en_text_document', 'weight': 1299034.0}, {'name': 'common-pile_biodiversity-heritage-library_en_text_document', 'weight': 107772.0}, {'name': 'common-pile_caselaw-access-project_en_text_document', 'weight': 929697.0}, {'name': 'common-pile_doab_en_text_document', 'weight': 712786.0}, {'name': 'common-pile_foodista_en_text_document', 'weight': 5603.0}, {'name': 'common-pile_github-archive_en_text_document', 'weight': 2244221.0}, {'name': 'common-pile_library-of-congress_en_text_document', 'weight': 101533.0}, {'name': 'common-pile_libretexts_en_text_document', 'weight': 21049.0}, {'name': 'common-pile_news_en_text_document', 'weight': 14354.0}, {'name': 'common-pile_oercommons_en_text_document', 'weight': 2748.0}, {'name': 'common-pile_peS2o_en_text_document', 'weight': 10166525.0}, {'name': 'common-pile_pre-1929-books_en_text_document', 'weight': 531517.0}, {'name': 'common-pile_pressbooks_en_text_document', 'weight': 31891.0}, {'name': 'common-pile_public-domain-review_en_text_document', 'weight': 382.0}, {'name': 'common-pile_pubmed_en_text_document', 'weight': 1869301.0}, {'name': 'common-pile_python-enhancement-proposals_en_text_document', 'weight': 652.0}, {'name': 'common-pile_regulations_en_text_document', 'weight': 266173.0}, {'name': 'common-pile_stackexchange_en_text_document', 'weight': 4985359.0}, {'name': 'common-pile_ubuntu-irc_en_text_document', 'weight': 482830.0}, {'name': 'common-pile_youtube_en_text_document', 'weight': 204765.0}, {'name': 'croissant-aligned_aligned_text_document', 'weight': 11618464.0}, {'name': 'culturax_fr_text_document_ratio1.30_phase0', 'weight': 57012131.0}, {'name': 'dclm-dolmino_en_text_document_ratio0.75_phase0', 'weight': 93003263.0}, {'name': 'europarl_aligned_text_document', 'weight': 215607.0}, {'name': 'europarl_multi_text_document', 'weight': 99752.0}, {'name': 'eurovoc_filtered_multi_text_document', 'weight': 2150091.0}, {'name': 'fineweb-edu_en_text_document_ratio0.75_phase0', 'weight': 214754282.0}, {'name': 'fineweb2_ar_text_document_ratio0.50_phase0', 'weight': 3350461.0}, {'name': 'fineweb2_ca_text_document_ratio0.05_phase0', 'weight': 92529.0}, {'name': 'fineweb2_de_text_document_ratio0.50_phase0', 'weight': 27173931.0}, {'name': 'fineweb2_es_text_document_ratio0.50_phase0', 'weight': 24393496.0}, {'name': 'fineweb2_fr_text_document_ratio1.30_phase0', 'weight': 50038822.0}, {'name': 'fineweb2_it_text_document_ratio0.50_phase0', 'weight': 13377940.0}, {'name': 'fineweb2_nl_text_document_ratio0.50_phase0', 'weight': 7435763.0}, {'name': 'fineweb2_pt_text_document_ratio0.50_phase0', 'weight': 9800040.0}, {'name': 'fineweb2_regional_text_document', 'weight': 2132152.0}, {'name': 'gallica_monographies_fr_text_document', 'weight': 5842786.0}, {'name': 'gallica_press_fr_text_document', 'weight': 22850320.0}, {'name': 'gutenberg_de_text_document', 'weight': 42330.0}, {'name': 'gutenberg_en_text_document', 'weight': 1187655.0}, {'name': 'gutenberg_es_text_document', 'weight': 21778.0}, {'name': 'gutenberg_fr_text_document', 'weight': 91991.0}, {'name': 'gutenberg_it_text_document', 'weight': 29909.0}, {'name': 'gutenberg_nl_text_document', 'weight': 24430.0}, {'name': 'gutenberg_pt_text_document', 'weight': 9241.0}, {'name': 'hal-cea_full-filtered_fr_text_document', 'weight': 7828031.0}, {'name': 'hplt2_fr_text_document_ratio1.30_phase0', 'weight': 70401931.0}, {'name': 'insee_fr_text_document', 'weight': 55377.0}, {'name': 'math-pile_math_text_document', 'weight': 2345197.0}, {'name': 'opendata_fr_text_document', 'weight': 2749409.0}, {'name': 'parlement_fr_text_document', 'weight': 282826.0}, {'name': 'starcoder-data_code_text_document', 'weight': 62922795.0}, {'name': 'theses_fr_text_document', 'weight': 3239718.0}, {'name': 'wikimedia-vikidia_ar_text_document', 'weight': 265451.0}, {'name': 'wikimedia-vikidia_ca_text_document_ratio0.20_phase0', 'weight': 58530.0}, {'name': 'wikimedia-vikidia_de_text_document', 'weight': 1098595.0}, {'name': 'wikimedia-vikidia_en_text_document', 'weight': 2882825.0}, {'name': 'wikimedia-vikidia_es_text_document', 'weight': 631843.0}, {'name': 'wikimedia-vikidia_fr_text_document', 'weight': 1276052.0}, {'name': 'wikimedia-vikidia_it_text_document', 'weight': 654077.0}, {'name': 'wikimedia-vikidia_pt_text_document', 'weight': 304392.0}, {'name': 'wikimedia-vikidia_regional_text_document', 'weight': 119234.0}, {'name': 'wikimedia_nl_text_document', 'weight': 345319.0}, {'name': 'youtube_fr_text_document', 'weight': 76194.0}]}
INFO:__main__:Using CLI tokenizer override: /work/p26037/barman/tokenizer_128k-arab-regional_v2
INFO:__main__:Global batch size: 1024
INFO:__main__:Sequence length: 4096
INFO:__main__:Tokens per batch: 4194304
INFO:__main__:Total tokens in datamix: 3002228277248
INFO:__main__:Global training/LR horizon (from --max_steps): 715788
INFO:__main__:Patched megatron.core.optimizer (accepted params: {'use_gloo_process_groups', 'lr_mult', 'scale_lr_cond', 'config', 'no_weight_decay_cond', 'model_chunks'})
INFO:utils:{'data_path': '/work/datasets/AI/tokens_luciole_phase1', 'total_tokens': 3002228277248, 'train': [{'name': 'claire_open_en_text_document', 'weight': 29003.0}, {'name': 'claire_open_fr_text_document', 'weight': 92129.0}, {'name': 'common-corpus_bnl-newspapers-1841-1879_fr_text_document', 'weight': 66237.0}, {'name': 'common-corpus_eurlex_multi_text_document', 'weight': 3601664.0}, {'name': 'common-corpus_gatt-library_multi_text_document', 'weight': 41322.0}, {'name': 'common-corpus_oecd_multi_text_document', 'weight': 121969.0}, {'name': 'common-corpus_tedeutenders_multi_text_document', 'weight': 31276.0}, {'name': 'common-corpus_wto_multi_text_document', 'weight': 577279.0}, {'name': 'common-pile_arxiv-abstracts_en_text_document', 'weight': 140138.0}, {'name': 'common-pile_arxiv-papers_en_text_document', 'weight': 1299034.0}, {'name': 'common-pile_biodiversity-heritage-library_en_text_document', 'weight': 107772.0}, {'name': 'common-pile_caselaw-access-project_en_text_document', 'weight': 929697.0}, {'name': 'common-pile_doab_en_text_document', 'weight': 712786.0}, {'name': 'common-pile_foodista_en_text_document', 'weight': 5603.0}, {'name': 'common-pile_github-archive_en_text_document', 'weight': 2244221.0}, {'name': 'common-pile_library-of-congress_en_text_document', 'weight': 101533.0}, {'name': 'common-pile_libretexts_en_text_document', 'weight': 21049.0}, {'name': 'common-pile_news_en_text_document', 'weight': 14354.0}, {'name': 'common-pile_oercommons_en_text_document', 'weight': 2748.0}, {'name': 'common-pile_peS2o_en_text_document', 'weight': 10166525.0}, {'name': 'common-pile_pre-1929-books_en_text_document', 'weight': 531517.0}, {'name': 'common-pile_pressbooks_en_text_document', 'weight': 31891.0}, {'name': 'common-pile_public-domain-review_en_text_document', 'weight': 382.0}, {'name': 'common-pile_pubmed_en_text_document', 'weight': 1869301.0}, {'name': 'common-pile_python-enhancement-proposals_en_text_document', 'weight': 652.0}, {'name': 'common-pile_regulations_en_text_document', 'weight': 266173.0}, {'name': 'common-pile_stackexchange_en_text_document', 'weight': 4985359.0}, {'name': 'common-pile_ubuntu-irc_en_text_document', 'weight': 482830.0}, {'name': 'common-pile_youtube_en_text_document', 'weight': 204765.0}, {'name': 'croissant-aligned_aligned_text_document', 'weight': 11618464.0}, {'name': 'culturax_fr_text_document_ratio1.30_phase0', 'weight': 57012131.0}, {'name': 'dclm-dolmino_en_text_document_ratio0.75_phase0', 'weight': 93003263.0}, {'name': 'europarl_aligned_text_document', 'weight': 215607.0}, {'name': 'europarl_multi_text_document', 'weight': 99752.0}, {'name': 'eurovoc_filtered_multi_text_document', 'weight': 2150091.0}, {'name': 'fineweb-edu_en_text_document_ratio0.75_phase0', 'weight': 214754282.0}, {'name': 'fineweb2_ar_text_document_ratio0.50_phase0', 'weight': 3350461.0}, {'name': 'fineweb2_ca_text_document_ratio0.05_phase0', 'weight': 92529.0}, {'name': 'fineweb2_de_text_document_ratio0.50_phase0', 'weight': 27173931.0}, {'name': 'fineweb2_es_text_document_ratio0.50_phase0', 'weight': 24393496.0}, {'name': 'fineweb2_fr_text_document_ratio1.30_phase0', 'weight': 50038822.0}, {'name': 'fineweb2_it_text_document_ratio0.50_phase0', 'weight': 13377940.0}, {'name': 'fineweb2_nl_text_document_ratio0.50_phase0', 'weight': 7435763.0}, {'name': 'fineweb2_pt_text_document_ratio0.50_phase0', 'weight': 9800040.0}, {'name': 'fineweb2_regional_text_document', 'weight': 2132152.0}, {'name': 'gallica_monographies_fr_text_document', 'weight': 5842786.0}, {'name': 'gallica_press_fr_text_document', 'weight': 22850320.0}, {'name': 'gutenberg_de_text_document', 'weight': 42330.0}, {'name': 'gutenberg_en_text_document', 'weight': 1187655.0}, {'name': 'gutenberg_es_text_document', 'weight': 21778.0}, {'name': 'gutenberg_fr_text_document', 'weight': 91991.0}, {'name': 'gutenberg_it_text_document', 'weight': 29909.0}, {'name': 'gutenberg_nl_text_document', 'weight': 24430.0}, {'name': 'gutenberg_pt_text_document', 'weight': 9241.0}, {'name': 'hal-cea_full-filtered_fr_text_document', 'weight': 7828031.0}, {'name': 'hplt2_fr_text_document_ratio1.30_phase0', 'weight': 70401931.0}, {'name': 'insee_fr_text_document', 'weight': 55377.0}, {'name': 'math-pile_math_text_document', 'weight': 2345197.0}, {'name': 'opendata_fr_text_document', 'weight': 2749409.0}, {'name': 'parlement_fr_text_document', 'weight': 282826.0}, {'name': 'starcoder-data_code_text_document', 'weight': 62922795.0}, {'name': 'theses_fr_text_document', 'weight': 3239718.0}, {'name': 'wikimedia-vikidia_ar_text_document', 'weight': 265451.0}, {'name': 'wikimedia-vikidia_ca_text_document_ratio0.20_phase0', 'weight': 58530.0}, {'name': 'wikimedia-vikidia_de_text_document', 'weight': 1098595.0}, {'name': 'wikimedia-vikidia_en_text_document', 'weight': 2882825.0}, {'name': 'wikimedia-vikidia_es_text_document', 'weight': 631843.0}, {'name': 'wikimedia-vikidia_fr_text_document', 'weight': 1276052.0}, {'name': 'wikimedia-vikidia_it_text_document', 'weight': 654077.0}, {'name': 'wikimedia-vikidia_pt_text_document', 'weight': 304392.0}, {'name': 'wikimedia-vikidia_regional_text_document', 'weight': 119234.0}, {'name': 'wikimedia_nl_text_document', 'weight': 345319.0}, {'name': 'youtube_fr_text_document', 'weight': 76194.0}]}
INFO:__main__:Using CLI tokenizer override: /work/p26037/barman/tokenizer_128k-arab-regional_v2
INFO:__main__:Global batch size: 1024
INFO:__main__:Sequence length: 4096
INFO:__main__:Tokens per batch: 4194304
INFO:__main__:Total tokens in datamix: 3002228277248
INFO:__main__:Global training/LR horizon (from --max_steps): 715788
INFO:__main__:Patched megatron.core.optimizer (accepted params: {'no_weight_decay_cond', 'use_gloo_process_groups', 'scale_lr_cond', 'model_chunks', 'lr_mult', 'config'})
INFO:utils:{'data_path': '/work/datasets/AI/tokens_luciole_phase1', 'total_tokens': 3002228277248, 'train': [{'name': 'claire_open_en_text_document', 'weight': 29003.0}, {'name': 'claire_open_fr_text_document', 'weight': 92129.0}, {'name': 'common-corpus_bnl-newspapers-1841-1879_fr_text_document', 'weight': 66237.0}, {'name': 'common-corpus_eurlex_multi_text_document', 'weight': 3601664.0}, {'name': 'common-corpus_gatt-library_multi_text_document', 'weight': 41322.0}, {'name': 'common-corpus_oecd_multi_text_document', 'weight': 121969.0}, {'name': 'common-corpus_tedeutenders_multi_text_document', 'weight': 31276.0}, {'name': 'common-corpus_wto_multi_text_document', 'weight': 577279.0}, {'name': 'common-pile_arxiv-abstracts_en_text_document', 'weight': 140138.0}, {'name': 'common-pile_arxiv-papers_en_text_document', 'weight': 1299034.0}, {'name': 'common-pile_biodiversity-heritage-library_en_text_document', 'weight': 107772.0}, {'name': 'common-pile_caselaw-access-project_en_text_document', 'weight': 929697.0}, {'name': 'common-pile_doab_en_text_document', 'weight': 712786.0}, {'name': 'common-pile_foodista_en_text_document', 'weight': 5603.0}, {'name': 'common-pile_github-archive_en_text_document', 'weight': 2244221.0}, {'name': 'common-pile_library-of-congress_en_text_document', 'weight': 101533.0}, {'name': 'common-pile_libretexts_en_text_document', 'weight': 21049.0}, {'name': 'common-pile_news_en_text_document', 'weight': 14354.0}, {'name': 'common-pile_oercommons_en_text_document', 'weight': 2748.0}, {'name': 'common-pile_peS2o_en_text_document', 'weight': 10166525.0}, {'name': 'common-pile_pre-1929-books_en_text_document', 'weight': 531517.0}, {'name': 'common-pile_pressbooks_en_text_document', 'weight': 31891.0}, {'name': 'common-pile_public-domain-review_en_text_document', 'weight': 382.0}, {'name': 'common-pile_pubmed_en_text_document', 'weight': 1869301.0}, {'name': 'common-pile_python-enhancement-proposals_en_text_document', 'weight': 652.0}, {'name': 'common-pile_regulations_en_text_document', 'weight': 266173.0}, {'name': 'common-pile_stackexchange_en_text_document', 'weight': 4985359.0}, {'name': 'common-pile_ubuntu-irc_en_text_document', 'weight': 482830.0}, {'name': 'common-pile_youtube_en_text_document', 'weight': 204765.0}, {'name': 'croissant-aligned_aligned_text_document', 'weight': 11618464.0}, {'name': 'culturax_fr_text_document_ratio1.30_phase0', 'weight': 57012131.0}, {'name': 'dclm-dolmino_en_text_document_ratio0.75_phase0', 'weight': 93003263.0}, {'name': 'europarl_aligned_text_document', 'weight': 215607.0}, {'name': 'europarl_multi_text_document', 'weight': 99752.0}, {'name': 'eurovoc_filtered_multi_text_document', 'weight': 2150091.0}, {'name': 'fineweb-edu_en_text_document_ratio0.75_phase0', 'weight': 214754282.0}, {'name': 'fineweb2_ar_text_document_ratio0.50_phase0', 'weight': 3350461.0}, {'name': 'fineweb2_ca_text_document_ratio0.05_phase0', 'weight': 92529.0}, {'name': 'fineweb2_de_text_document_ratio0.50_phase0', 'weight': 27173931.0}, {'name': 'fineweb2_es_text_document_ratio0.50_phase0', 'weight': 24393496.0}, {'name': 'fineweb2_fr_text_document_ratio1.30_phase0', 'weight': 50038822.0}, {'name': 'fineweb2_it_text_document_ratio0.50_phase0', 'weight': 13377940.0}, {'name': 'fineweb2_nl_text_document_ratio0.50_phase0', 'weight': 7435763.0}, {'name': 'fineweb2_pt_text_document_ratio0.50_phase0', 'weight': 9800040.0}, {'name': 'fineweb2_regional_text_document', 'weight': 2132152.0}, {'name': 'gallica_monographies_fr_text_document', 'weight': 5842786.0}, {'name': 'gallica_press_fr_text_document', 'weight': 22850320.0}, {'name': 'gutenberg_de_text_document', 'weight': 42330.0}, {'name': 'gutenberg_en_text_document', 'weight': 1187655.0}, {'name': 'gutenberg_es_text_document', 'weight': 21778.0}, {'name': 'gutenberg_fr_text_document', 'weight': 91991.0}, {'name': 'gutenberg_it_text_document', 'weight': 29909.0}, {'name': 'gutenberg_nl_text_document', 'weight': 24430.0}, {'name': 'gutenberg_pt_text_document', 'weight': 9241.0}, {'name': 'hal-cea_full-filtered_fr_text_document', 'weight': 7828031.0}, {'name': 'hplt2_fr_text_document_ratio1.30_phase0', 'weight': 70401931.0}, {'name': 'insee_fr_text_document', 'weight': 55377.0}, {'name': 'math-pile_math_text_document', 'weight': 2345197.0}, {'name': 'opendata_fr_text_document', 'weight': 2749409.0}, {'name': 'parlement_fr_text_document', 'weight': 282826.0}, {'name': 'starcoder-data_code_text_document', 'weight': 62922795.0}, {'name': 'theses_fr_text_document', 'weight': 3239718.0}, {'name': 'wikimedia-vikidia_ar_text_document', 'weight': 265451.0}, {'name': 'wikimedia-vikidia_ca_text_document_ratio0.20_phase0', 'weight': 58530.0}, {'name': 'wikimedia-vikidia_de_text_document', 'weight': 1098595.0}, {'name': 'wikimedia-vikidia_en_text_document', 'weight': 2882825.0}, {'name': 'wikimedia-vikidia_es_text_document', 'weight': 631843.0}, {'name': 'wikimedia-vikidia_fr_text_document', 'weight': 1276052.0}, {'name': 'wikimedia-vikidia_it_text_document', 'weight': 654077.0}, {'name': 'wikimedia-vikidia_pt_text_document', 'weight': 304392.0}, {'name': 'wikimedia-vikidia_regional_text_document', 'weight': 119234.0}, {'name': 'wikimedia_nl_text_document', 'weight': 345319.0}, {'name': 'youtube_fr_text_document', 'weight': 76194.0}]}
INFO:__main__:Using CLI tokenizer override: /work/p26037/barman/tokenizer_128k-arab-regional_v2
INFO:__main__:Global batch size: 1024
INFO:__main__:Sequence length: 4096
INFO:__main__:Tokens per batch: 4194304
INFO:__main__:Total tokens in datamix: 3002228277248
INFO:__main__:Global training/LR horizon (from --max_steps): 715788
INFO:__main__:Patched megatron.core.optimizer (accepted params: {'no_weight_decay_cond', 'lr_mult', 'scale_lr_cond', 'model_chunks', 'config', 'use_gloo_process_groups'})
INFO:utils:{'data_path': '/work/datasets/AI/tokens_luciole_phase1', 'total_tokens': 3002228277248, 'train': [{'name': 'claire_open_en_text_document', 'weight': 29003.0}, {'name': 'claire_open_fr_text_document', 'weight': 92129.0}, {'name': 'common-corpus_bnl-newspapers-1841-1879_fr_text_document', 'weight': 66237.0}, {'name': 'common-corpus_eurlex_multi_text_document', 'weight': 3601664.0}, {'name': 'common-corpus_gatt-library_multi_text_document', 'weight': 41322.0}, {'name': 'common-corpus_oecd_multi_text_document', 'weight': 121969.0}, {'name': 'common-corpus_tedeutenders_multi_text_document', 'weight': 31276.0}, {'name': 'common-corpus_wto_multi_text_document', 'weight': 577279.0}, {'name': 'common-pile_arxiv-abstracts_en_text_document', 'weight': 140138.0}, {'name': 'common-pile_arxiv-papers_en_text_document', 'weight': 1299034.0}, {'name': 'common-pile_biodiversity-heritage-library_en_text_document', 'weight': 107772.0}, {'name': 'common-pile_caselaw-access-project_en_text_document', 'weight': 929697.0}, {'name': 'common-pile_doab_en_text_document', 'weight': 712786.0}, {'name': 'common-pile_foodista_en_text_document', 'weight': 5603.0}, {'name': 'common-pile_github-archive_en_text_document', 'weight': 2244221.0}, {'name': 'common-pile_library-of-congress_en_text_document', 'weight': 101533.0}, {'name': 'common-pile_libretexts_en_text_document', 'weight': 21049.0}, {'name': 'common-pile_news_en_text_document', 'weight': 14354.0}, {'name': 'common-pile_oercommons_en_text_document', 'weight': 2748.0}, {'name': 'common-pile_peS2o_en_text_document', 'weight': 10166525.0}, {'name': 'common-pile_pre-1929-books_en_text_document', 'weight': 531517.0}, {'name': 'common-pile_pressbooks_en_text_document', 'weight': 31891.0}, {'name': 'common-pile_public-domain-review_en_text_document', 'weight': 382.0}, {'name': 'common-pile_pubmed_en_text_document', 'weight': 1869301.0}, {'name': 'common-pile_python-enhancement-proposals_en_text_document', 'weight': 652.0}, {'name': 'common-pile_regulations_en_text_document', 'weight': 266173.0}, {'name': 'common-pile_stackexchange_en_text_document', 'weight': 4985359.0}, {'name': 'common-pile_ubuntu-irc_en_text_document', 'weight': 482830.0}, {'name': 'common-pile_youtube_en_text_document', 'weight': 204765.0}, {'name': 'croissant-aligned_aligned_text_document', 'weight': 11618464.0}, {'name': 'culturax_fr_text_document_ratio1.30_phase0', 'weight': 57012131.0}, {'name': 'dclm-dolmino_en_text_document_ratio0.75_phase0', 'weight': 93003263.0}, {'name': 'europarl_aligned_text_document', 'weight': 215607.0}, {'name': 'europarl_multi_text_document', 'weight': 99752.0}, {'name': 'eurovoc_filtered_multi_text_document', 'weight': 2150091.0}, {'name': 'fineweb-edu_en_text_document_ratio0.75_phase0', 'weight': 214754282.0}, {'name': 'fineweb2_ar_text_document_ratio0.50_phase0', 'weight': 3350461.0}, {'name': 'fineweb2_ca_text_document_ratio0.05_phase0', 'weight': 92529.0}, {'name': 'fineweb2_de_text_document_ratio0.50_phase0', 'weight': 27173931.0}, {'name': 'fineweb2_es_text_document_ratio0.50_phase0', 'weight': 24393496.0}, {'name': 'fineweb2_fr_text_document_ratio1.30_phase0', 'weight': 50038822.0}, {'name': 'fineweb2_it_text_document_ratio0.50_phase0', 'weight': 13377940.0}, {'name': 'fineweb2_nl_text_document_ratio0.50_phase0', 'weight': 7435763.0}, {'name': 'fineweb2_pt_text_document_ratio0.50_phase0', 'weight': 9800040.0}, {'name': 'fineweb2_regional_text_document', 'weight': 2132152.0}, {'name': 'gallica_monographies_fr_text_document', 'weight': 5842786.0}, {'name': 'gallica_press_fr_text_document', 'weight': 22850320.0}, {'name': 'gutenberg_de_text_document', 'weight': 42330.0}, {'name': 'gutenberg_en_text_document', 'weight': 1187655.0}, {'name': 'gutenberg_es_text_document', 'weight': 21778.0}, {'name': 'gutenberg_fr_text_document', 'weight': 91991.0}, {'name': 'gutenberg_it_text_document', 'weight': 29909.0}, {'name': 'gutenberg_nl_text_document', 'weight': 24430.0}, {'name': 'gutenberg_pt_text_document', 'weight': 9241.0}, {'name': 'hal-cea_full-filtered_fr_text_document', 'weight': 7828031.0}, {'name': 'hplt2_fr_text_document_ratio1.30_phase0', 'weight': 70401931.0}, {'name': 'insee_fr_text_document', 'weight': 55377.0}, {'name': 'math-pile_math_text_document', 'weight': 2345197.0}, {'name': 'opendata_fr_text_document', 'weight': 2749409.0}, {'name': 'parlement_fr_text_document', 'weight': 282826.0}, {'name': 'starcoder-data_code_text_document', 'weight': 62922795.0}, {'name': 'theses_fr_text_document', 'weight': 3239718.0}, {'name': 'wikimedia-vikidia_ar_text_document', 'weight': 265451.0}, {'name': 'wikimedia-vikidia_ca_text_document_ratio0.20_phase0', 'weight': 58530.0}, {'name': 'wikimedia-vikidia_de_text_document', 'weight': 1098595.0}, {'name': 'wikimedia-vikidia_en_text_document', 'weight': 2882825.0}, {'name': 'wikimedia-vikidia_es_text_document', 'weight': 631843.0}, {'name': 'wikimedia-vikidia_fr_text_document', 'weight': 1276052.0}, {'name': 'wikimedia-vikidia_it_text_document', 'weight': 654077.0}, {'name': 'wikimedia-vikidia_pt_text_document', 'weight': 304392.0}, {'name': 'wikimedia-vikidia_regional_text_document', 'weight': 119234.0}, {'name': 'wikimedia_nl_text_document', 'weight': 345319.0}, {'name': 'youtube_fr_text_document', 'weight': 76194.0}]}
INFO:__main__:Using CLI tokenizer override: /work/p26037/barman/tokenizer_128k-arab-regional_v2
INFO:__main__:Global batch size: 1024
INFO:__main__:Sequence length: 4096
INFO:__main__:Tokens per batch: 4194304
INFO:__main__:Total tokens in datamix: 3002228277248
INFO:__main__:Global training/LR horizon (from --max_steps): 715788
INFO:__main__:Patched megatron.core.optimizer (accepted params: {'use_gloo_process_groups', 'model_chunks', 'lr_mult', 'scale_lr_cond', 'no_weight_decay_cond', 'config'})
INFO:__main__:Detected vocab_size from tokenizer: 128000
INFO:__main__:Detected vocab_size from tokenizer: 128000
INFO:__main__:Detected vocab_size from tokenizer: 128000
INFO:__main__:Detected vocab_size from tokenizer: 128000
INFO:__main__:LR scheduler max_steps = 715788, warmup_steps = 2000, min_lr = 2.9999999999999997e-05
INFO:__main__:Skipping Triton warmup (--skip_triton_warmup).
INFO:__main__:LR scheduler max_steps = 715788, warmup_steps = 2000, min_lr = 2.9999999999999997e-05
INFO:__main__:Skipping Triton warmup (--skip_triton_warmup).
INFO:__main__:LR scheduler max_steps = 715788, warmup_steps = 2000, min_lr = 2.9999999999999997e-05
INFO:__main__:Skipping Triton warmup (--skip_triton_warmup).
INFO:utils:{'data_path': '/work/datasets/AI/tokens_luciole_phase1', 'total_tokens': 3002228277248, 'train': [{'name': 'claire_open_en_text_document', 'weight': 29003.0}, {'name': 'claire_open_fr_text_document', 'weight': 92129.0}, {'name': 'common-corpus_bnl-newspapers-1841-1879_fr_text_document', 'weight': 66237.0}, {'name': 'common-corpus_eurlex_multi_text_document', 'weight': 3601664.0}, {'name': 'common-corpus_gatt-library_multi_text_document', 'weight': 41322.0}, {'name': 'common-corpus_oecd_multi_text_document', 'weight': 121969.0}, {'name': 'common-corpus_tedeutenders_multi_text_document', 'weight': 31276.0}, {'name': 'common-corpus_wto_multi_text_document', 'weight': 577279.0}, {'name': 'common-pile_arxiv-abstracts_en_text_document', 'weight': 140138.0}, {'name': 'common-pile_arxiv-papers_en_text_document', 'weight': 1299034.0}, {'name': 'common-pile_biodiversity-heritage-library_en_text_document', 'weight': 107772.0}, {'name': 'common-pile_caselaw-access-project_en_text_document', 'weight': 929697.0}, {'name': 'common-pile_doab_en_text_document', 'weight': 712786.0}, {'name': 'common-pile_foodista_en_text_document', 'weight': 5603.0}, {'name': 'common-pile_github-archive_en_text_document', 'weight': 2244221.0}, {'name': 'common-pile_library-of-congress_en_text_document', 'weight': 101533.0}, {'name': 'common-pile_libretexts_en_text_document', 'weight': 21049.0}, {'name': 'common-pile_news_en_text_document', 'weight': 14354.0}, {'name': 'common-pile_oercommons_en_text_document', 'weight': 2748.0}, {'name': 'common-pile_peS2o_en_text_document', 'weight': 10166525.0}, {'name': 'common-pile_pre-1929-books_en_text_document', 'weight': 531517.0}, {'name': 'common-pile_pressbooks_en_text_document', 'weight': 31891.0}, {'name': 'common-pile_public-domain-review_en_text_document', 'weight': 382.0}, {'name': 'common-pile_pubmed_en_text_document', 'weight': 1869301.0}, {'name': 'common-pile_python-enhancement-proposals_en_text_document', 'weight': 652.0}, {'name': 'common-pile_regulations_en_text_document', 'weight': 266173.0}, {'name': 'common-pile_stackexchange_en_text_document', 'weight': 4985359.0}, {'name': 'common-pile_ubuntu-irc_en_text_document', 'weight': 482830.0}, {'name': 'common-pile_youtube_en_text_document', 'weight': 204765.0}, {'name': 'croissant-aligned_aligned_text_document', 'weight': 11618464.0}, {'name': 'culturax_fr_text_document_ratio1.30_phase0', 'weight': 57012131.0}, {'name': 'dclm-dolmino_en_text_document_ratio0.75_phase0', 'weight': 93003263.0}, {'name': 'europarl_aligned_text_document', 'weight': 215607.0}, {'name': 'europarl_multi_text_document', 'weight': 99752.0}, {'name': 'eurovoc_filtered_multi_text_document', 'weight': 2150091.0}, {'name': 'fineweb-edu_en_text_document_ratio0.75_phase0', 'weight': 214754282.0}, {'name': 'fineweb2_ar_text_document_ratio0.50_phase0', 'weight': 3350461.0}, {'name': 'fineweb2_ca_text_document_ratio0.05_phase0', 'weight': 92529.0}, {'name': 'fineweb2_de_text_document_ratio0.50_phase0', 'weight': 27173931.0}, {'name': 'fineweb2_es_text_document_ratio0.50_phase0', 'weight': 24393496.0}, {'name': 'fineweb2_fr_text_document_ratio1.30_phase0', 'weight': 50038822.0}, {'name': 'fineweb2_it_text_document_ratio0.50_phase0', 'weight': 13377940.0}, {'name': 'fineweb2_nl_text_document_ratio0.50_phase0', 'weight': 7435763.0}, {'name': 'fineweb2_pt_text_document_ratio0.50_phase0', 'weight': 9800040.0}, {'name': 'fineweb2_regional_text_document', 'weight': 2132152.0}, {'name': 'gallica_monographies_fr_text_document', 'weight': 5842786.0}, {'name': 'gallica_press_fr_text_document', 'weight': 22850320.0}, {'name': 'gutenberg_de_text_document', 'weight': 42330.0}, {'name': 'gutenberg_en_text_document', 'weight': 1187655.0}, {'name': 'gutenberg_es_text_document', 'weight': 21778.0}, {'name': 'gutenberg_fr_text_document', 'weight': 91991.0}, {'name': 'gutenberg_it_text_document', 'weight': 29909.0}, {'name': 'gutenberg_nl_text_document', 'weight': 24430.0}, {'name': 'gutenberg_pt_text_document', 'weight': 9241.0}, {'name': 'hal-cea_full-filtered_fr_text_document', 'weight': 7828031.0}, {'name': 'hplt2_fr_text_document_ratio1.30_phase0', 'weight': 70401931.0}, {'name': 'insee_fr_text_document', 'weight': 55377.0}, {'name': 'math-pile_math_text_document', 'weight': 2345197.0}, {'name': 'opendata_fr_text_document', 'weight': 2749409.0}, {'name': 'parlement_fr_text_document', 'weight': 282826.0}, {'name': 'starcoder-data_code_text_document', 'weight': 62922795.0}, {'name': 'theses_fr_text_document', 'weight': 3239718.0}, {'name': 'wikimedia-vikidia_ar_text_document', 'weight': 265451.0}, {'name': 'wikimedia-vikidia_ca_text_document_ratio0.20_phase0', 'weight': 58530.0}, {'name': 'wikimedia-vikidia_de_text_document', 'weight': 1098595.0}, {'name': 'wikimedia-vikidia_en_text_document', 'weight': 2882825.0}, {'name': 'wikimedia-vikidia_es_text_document', 'weight': 631843.0}, {'name': 'wikimedia-vikidia_fr_text_document', 'weight': 1276052.0}, {'name': 'wikimedia-vikidia_it_text_document', 'weight': 654077.0}, {'name': 'wikimedia-vikidia_pt_text_document', 'weight': 304392.0}, {'name': 'wikimedia-vikidia_regional_text_document', 'weight': 119234.0}, {'name': 'wikimedia_nl_text_document', 'weight': 345319.0}, {'name': 'youtube_fr_text_document', 'weight': 76194.0}]}
INFO:__main__:Using CLI tokenizer override: /work/p26037/barman/tokenizer_128k-arab-regional_v2
INFO:__main__:Global batch size: 1024
INFO:__main__:Sequence length: 4096
INFO:__main__:Tokens per batch: 4194304
INFO:__main__:Total tokens in datamix: 3002228277248
INFO:__main__:Global training/LR horizon (from --max_steps): 715788
INFO:__main__:Patched megatron.core.optimizer (accepted params: {'model_chunks', 'scale_lr_cond', 'lr_mult', 'config', 'use_gloo_process_groups', 'no_weight_decay_cond'})
INFO:utils:{'data_path': '/work/datasets/AI/tokens_luciole_phase1', 'total_tokens': 3002228277248, 'train': [{'name': 'claire_open_en_text_document', 'weight': 29003.0}, {'name': 'claire_open_fr_text_document', 'weight': 92129.0}, {'name': 'common-corpus_bnl-newspapers-1841-1879_fr_text_document', 'weight': 66237.0}, {'name': 'common-corpus_eurlex_multi_text_document', 'weight': 3601664.0}, {'name': 'common-corpus_gatt-library_multi_text_document', 'weight': 41322.0}, {'name': 'common-corpus_oecd_multi_text_document', 'weight': 121969.0}, {'name': 'common-corpus_tedeutenders_multi_text_document', 'weight': 31276.0}, {'name': 'common-corpus_wto_multi_text_document', 'weight': 577279.0}, {'name': 'common-pile_arxiv-abstracts_en_text_document', 'weight': 140138.0}, {'name': 'common-pile_arxiv-papers_en_text_document', 'weight': 1299034.0}, {'name': 'common-pile_biodiversity-heritage-library_en_text_document', 'weight': 107772.0}, {'name': 'common-pile_caselaw-access-project_en_text_document', 'weight': 929697.0}, {'name': 'common-pile_doab_en_text_document', 'weight': 712786.0}, {'name': 'common-pile_foodista_en_text_document', 'weight': 5603.0}, {'name': 'common-pile_github-archive_en_text_document', 'weight': 2244221.0}, {'name': 'common-pile_library-of-congress_en_text_document', 'weight': 101533.0}, {'name': 'common-pile_libretexts_en_text_document', 'weight': 21049.0}, {'name': 'common-pile_news_en_text_document', 'weight': 14354.0}, {'name': 'common-pile_oercommons_en_text_document', 'weight': 2748.0}, {'name': 'common-pile_peS2o_en_text_document', 'weight': 10166525.0}, {'name': 'common-pile_pre-1929-books_en_text_document', 'weight': 531517.0}, {'name': 'common-pile_pressbooks_en_text_document', 'weight': 31891.0}, {'name': 'common-pile_public-domain-review_en_text_document', 'weight': 382.0}, {'name': 'common-pile_pubmed_en_text_document', 'weight': 1869301.0}, {'name': 'common-pile_python-enhancement-proposals_en_text_document', 'weight': 652.0}, {'name': 'common-pile_regulations_en_text_document', 'weight': 266173.0}, {'name': 'common-pile_stackexchange_en_text_document', 'weight': 4985359.0}, {'name': 'common-pile_ubuntu-irc_en_text_document', 'weight': 482830.0}, {'name': 'common-pile_youtube_en_text_document', 'weight': 204765.0}, {'name': 'croissant-aligned_aligned_text_document', 'weight': 11618464.0}, {'name': 'culturax_fr_text_document_ratio1.30_phase0', 'weight': 57012131.0}, {'name': 'dclm-dolmino_en_text_document_ratio0.75_phase0', 'weight': 93003263.0}, {'name': 'europarl_aligned_text_document', 'weight': 215607.0}, {'name': 'europarl_multi_text_document', 'weight': 99752.0}, {'name': 'eurovoc_filtered_multi_text_document', 'weight': 2150091.0}, {'name': 'fineweb-edu_en_text_document_ratio0.75_phase0', 'weight': 214754282.0}, {'name': 'fineweb2_ar_text_document_ratio0.50_phase0', 'weight': 3350461.0}, {'name': 'fineweb2_ca_text_document_ratio0.05_phase0', 'weight': 92529.0}, {'name': 'fineweb2_de_text_document_ratio0.50_phase0', 'weight': 27173931.0}, {'name': 'fineweb2_es_text_document_ratio0.50_phase0', 'weight': 24393496.0}, {'name': 'fineweb2_fr_text_document_ratio1.30_phase0', 'weight': 50038822.0}, {'name': 'fineweb2_it_text_document_ratio0.50_phase0', 'weight': 13377940.0}, {'name': 'fineweb2_nl_text_document_ratio0.50_phase0', 'weight': 7435763.0}, {'name': 'fineweb2_pt_text_document_ratio0.50_phase0', 'weight': 9800040.0}, {'name': 'fineweb2_regional_text_document', 'weight': 2132152.0}, {'name': 'gallica_monographies_fr_text_document', 'weight': 5842786.0}, {'name': 'gallica_press_fr_text_document', 'weight': 22850320.0}, {'name': 'gutenberg_de_text_document', 'weight': 42330.0}, {'name': 'gutenberg_en_text_document', 'weight': 1187655.0}, {'name': 'gutenberg_es_text_document', 'weight': 21778.0}, {'name': 'gutenberg_fr_text_document', 'weight': 91991.0}, {'name': 'gutenberg_it_text_document', 'weight': 29909.0}, {'name': 'gutenberg_nl_text_document', 'weight': 24430.0}, {'name': 'gutenberg_pt_text_document', 'weight': 9241.0}, {'name': 'hal-cea_full-filtered_fr_text_document', 'weight': 7828031.0}, {'name': 'hplt2_fr_text_document_ratio1.30_phase0', 'weight': 70401931.0}, {'name': 'insee_fr_text_document', 'weight': 55377.0}, {'name': 'math-pile_math_text_document', 'weight': 2345197.0}, {'name': 'opendata_fr_text_document', 'weight': 2749409.0}, {'name': 'parlement_fr_text_document', 'weight': 282826.0}, {'name': 'starcoder-data_code_text_document', 'weight': 62922795.0}, {'name': 'theses_fr_text_document', 'weight': 3239718.0}, {'name': 'wikimedia-vikidia_ar_text_document', 'weight': 265451.0}, {'name': 'wikimedia-vikidia_ca_text_document_ratio0.20_phase0', 'weight': 58530.0}, {'name': 'wikimedia-vikidia_de_text_document', 'weight': 1098595.0}, {'name': 'wikimedia-vikidia_en_text_document', 'weight': 2882825.0}, {'name': 'wikimedia-vikidia_es_text_document', 'weight': 631843.0}, {'name': 'wikimedia-vikidia_fr_text_document', 'weight': 1276052.0}, {'name': 'wikimedia-vikidia_it_text_document', 'weight': 654077.0}, {'name': 'wikimedia-vikidia_pt_text_document', 'weight': 304392.0}, {'name': 'wikimedia-vikidia_regional_text_document', 'weight': 119234.0}, {'name': 'wikimedia_nl_text_document', 'weight': 345319.0}, {'name': 'youtube_fr_text_document', 'weight': 76194.0}]}
INFO:__main__:Using CLI tokenizer override: /work/p26037/barman/tokenizer_128k-arab-regional_v2
INFO:__main__:Global batch size: 1024
INFO:__main__:Sequence length: 4096
INFO:__main__:Tokens per batch: 4194304
INFO:__main__:Total tokens in datamix: 3002228277248
INFO:__main__:Global training/LR horizon (from --max_steps): 715788
INFO:__main__:Patched megatron.core.optimizer (accepted params: {'use_gloo_process_groups', 'scale_lr_cond', 'lr_mult', 'no_weight_decay_cond', 'config', 'model_chunks'})
INFO:utils:{'data_path': '/work/datasets/AI/tokens_luciole_phase1', 'total_tokens': 3002228277248, 'train': [{'name': 'claire_open_en_text_document', 'weight': 29003.0}, {'name': 'claire_open_fr_text_document', 'weight': 92129.0}, {'name': 'common-corpus_bnl-newspapers-1841-1879_fr_text_document', 'weight': 66237.0}, {'name': 'common-corpus_eurlex_multi_text_document', 'weight': 3601664.0}, {'name': 'common-corpus_gatt-library_multi_text_document', 'weight': 41322.0}, {'name': 'common-corpus_oecd_multi_text_document', 'weight': 121969.0}, {'name': 'common-corpus_tedeutenders_multi_text_document', 'weight': 31276.0}, {'name': 'common-corpus_wto_multi_text_document', 'weight': 577279.0}, {'name': 'common-pile_arxiv-abstracts_en_text_document', 'weight': 140138.0}, {'name': 'common-pile_arxiv-papers_en_text_document', 'weight': 1299034.0}, {'name': 'common-pile_biodiversity-heritage-library_en_text_document', 'weight': 107772.0}, {'name': 'common-pile_caselaw-access-project_en_text_document', 'weight': 929697.0}, {'name': 'common-pile_doab_en_text_document', 'weight': 712786.0}, {'name': 'common-pile_foodista_en_text_document', 'weight': 5603.0}, {'name': 'common-pile_github-archive_en_text_document', 'weight': 2244221.0}, {'name': 'common-pile_library-of-congress_en_text_document', 'weight': 101533.0}, {'name': 'common-pile_libretexts_en_text_document', 'weight': 21049.0}, {'name': 'common-pile_news_en_text_document', 'weight': 14354.0}, {'name': 'common-pile_oercommons_en_text_document', 'weight': 2748.0}, {'name': 'common-pile_peS2o_en_text_document', 'weight': 10166525.0}, {'name': 'common-pile_pre-1929-books_en_text_document', 'weight': 531517.0}, {'name': 'common-pile_pressbooks_en_text_document', 'weight': 31891.0}, {'name': 'common-pile_public-domain-review_en_text_document', 'weight': 382.0}, {'name': 'common-pile_pubmed_en_text_document', 'weight': 1869301.0}, {'name': 'common-pile_python-enhancement-proposals_en_text_document', 'weight': 652.0}, {'name': 'common-pile_regulations_en_text_document', 'weight': 266173.0}, {'name': 'common-pile_stackexchange_en_text_document', 'weight': 4985359.0}, {'name': 'common-pile_ubuntu-irc_en_text_document', 'weight': 482830.0}, {'name': 'common-pile_youtube_en_text_document', 'weight': 204765.0}, {'name': 'croissant-aligned_aligned_text_document', 'weight': 11618464.0}, {'name': 'culturax_fr_text_document_ratio1.30_phase0', 'weight': 57012131.0}, {'name': 'dclm-dolmino_en_text_document_ratio0.75_phase0', 'weight': 93003263.0}, {'name': 'europarl_aligned_text_document', 'weight': 215607.0}, {'name': 'europarl_multi_text_document', 'weight': 99752.0}, {'name': 'eurovoc_filtered_multi_text_document', 'weight': 2150091.0}, {'name': 'fineweb-edu_en_text_document_ratio0.75_phase0', 'weight': 214754282.0}, {'name': 'fineweb2_ar_text_document_ratio0.50_phase0', 'weight': 3350461.0}, {'name': 'fineweb2_ca_text_document_ratio0.05_phase0', 'weight': 92529.0}, {'name': 'fineweb2_de_text_document_ratio0.50_phase0', 'weight': 27173931.0}, {'name': 'fineweb2_es_text_document_ratio0.50_phase0', 'weight': 24393496.0}, {'name': 'fineweb2_fr_text_document_ratio1.30_phase0', 'weight': 50038822.0}, {'name': 'fineweb2_it_text_document_ratio0.50_phase0', 'weight': 13377940.0}, {'name': 'fineweb2_nl_text_document_ratio0.50_phase0', 'weight': 7435763.0}, {'name': 'fineweb2_pt_text_document_ratio0.50_phase0', 'weight': 9800040.0}, {'name': 'fineweb2_regional_text_document', 'weight': 2132152.0}, {'name': 'gallica_monographies_fr_text_document', 'weight': 5842786.0}, {'name': 'gallica_press_fr_text_document', 'weight': 22850320.0}, {'name': 'gutenberg_de_text_document', 'weight': 42330.0}, {'name': 'gutenberg_en_text_document', 'weight': 1187655.0}, {'name': 'gutenberg_es_text_document', 'weight': 21778.0}, {'name': 'gutenberg_fr_text_document', 'weight': 91991.0}, {'name': 'gutenberg_it_text_document', 'weight': 29909.0}, {'name': 'gutenberg_nl_text_document', 'weight': 24430.0}, {'name': 'gutenberg_pt_text_document', 'weight': 9241.0}, {'name': 'hal-cea_full-filtered_fr_text_document', 'weight': 7828031.0}, {'name': 'hplt2_fr_text_document_ratio1.30_phase0', 'weight': 70401931.0}, {'name': 'insee_fr_text_document', 'weight': 55377.0}, {'name': 'math-pile_math_text_document', 'weight': 2345197.0}, {'name': 'opendata_fr_text_document', 'weight': 2749409.0}, {'name': 'parlement_fr_text_document', 'weight': 282826.0}, {'name': 'starcoder-data_code_text_document', 'weight': 62922795.0}, {'name': 'theses_fr_text_document', 'weight': 3239718.0}, {'name': 'wikimedia-vikidia_ar_text_document', 'weight': 265451.0}, {'name': 'wikimedia-vikidia_ca_text_document_ratio0.20_phase0', 'weight': 58530.0}, {'name': 'wikimedia-vikidia_de_text_document', 'weight': 1098595.0}, {'name': 'wikimedia-vikidia_en_text_document', 'weight': 2882825.0}, {'name': 'wikimedia-vikidia_es_text_document', 'weight': 631843.0}, {'name': 'wikimedia-vikidia_fr_text_document', 'weight': 1276052.0}, {'name': 'wikimedia-vikidia_it_text_document', 'weight': 654077.0}, {'name': 'wikimedia-vikidia_pt_text_document', 'weight': 304392.0}, {'name': 'wikimedia-vikidia_regional_text_document', 'weight': 119234.0}, {'name': 'wikimedia_nl_text_document', 'weight': 345319.0}, {'name': 'youtube_fr_text_document', 'weight': 76194.0}]}
INFO:__main__:Using CLI tokenizer override: /work/p26037/barman/tokenizer_128k-arab-regional_v2
INFO:__main__:Global batch size: 1024
INFO:__main__:Sequence length: 4096
INFO:__main__:Tokens per batch: 4194304
INFO:__main__:Total tokens in datamix: 3002228277248
INFO:__main__:Global training/LR horizon (from --max_steps): 715788
INFO:__main__:Patched megatron.core.optimizer (accepted params: {'no_weight_decay_cond', 'scale_lr_cond', 'lr_mult', 'model_chunks', 'config', 'use_gloo_process_groups'})
INFO:utils:{'data_path': '/work/datasets/AI/tokens_luciole_phase1', 'total_tokens': 3002228277248, 'train': [{'name': 'claire_open_en_text_document', 'weight': 29003.0}, {'name': 'claire_open_fr_text_document', 'weight': 92129.0}, {'name': 'common-corpus_bnl-newspapers-1841-1879_fr_text_document', 'weight': 66237.0}, {'name': 'common-corpus_eurlex_multi_text_document', 'weight': 3601664.0}, {'name': 'common-corpus_gatt-library_multi_text_document', 'weight': 41322.0}, {'name': 'common-corpus_oecd_multi_text_document', 'weight': 121969.0}, {'name': 'common-corpus_tedeutenders_multi_text_document', 'weight': 31276.0}, {'name': 'common-corpus_wto_multi_text_document', 'weight': 577279.0}, {'name': 'common-pile_arxiv-abstracts_en_text_document', 'weight': 140138.0}, {'name': 'common-pile_arxiv-papers_en_text_document', 'weight': 1299034.0}, {'name': 'common-pile_biodiversity-heritage-library_en_text_document', 'weight': 107772.0}, {'name': 'common-pile_caselaw-access-project_en_text_document', 'weight': 929697.0}, {'name': 'common-pile_doab_en_text_document', 'weight': 712786.0}, {'name': 'common-pile_foodista_en_text_document', 'weight': 5603.0}, {'name': 'common-pile_github-archive_en_text_document', 'weight': 2244221.0}, {'name': 'common-pile_library-of-congress_en_text_document', 'weight': 101533.0}, {'name': 'common-pile_libretexts_en_text_document', 'weight': 21049.0}, {'name': 'common-pile_news_en_text_document', 'weight': 14354.0}, {'name': 'common-pile_oercommons_en_text_document', 'weight': 2748.0}, {'name': 'common-pile_peS2o_en_text_document', 'weight': 10166525.0}, {'name': 'common-pile_pre-1929-books_en_text_document', 'weight': 531517.0}, {'name': 'common-pile_pressbooks_en_text_document', 'weight': 31891.0}, {'name': 'common-pile_public-domain-review_en_text_document', 'weight': 382.0}, {'name': 'common-pile_pubmed_en_text_document', 'weight': 1869301.0}, {'name': 'common-pile_python-enhancement-proposals_en_text_document', 'weight': 652.0}, {'name': 'common-pile_regulations_en_text_document', 'weight': 266173.0}, {'name': 'common-pile_stackexchange_en_text_document', 'weight': 4985359.0}, {'name': 'common-pile_ubuntu-irc_en_text_document', 'weight': 482830.0}, {'name': 'common-pile_youtube_en_text_document', 'weight': 204765.0}, {'name': 'croissant-aligned_aligned_text_document', 'weight': 11618464.0}, {'name': 'culturax_fr_text_document_ratio1.30_phase0', 'weight': 57012131.0}, {'name': 'dclm-dolmino_en_text_document_ratio0.75_phase0', 'weight': 93003263.0}, {'name': 'europarl_aligned_text_document', 'weight': 215607.0}, {'name': 'europarl_multi_text_document', 'weight': 99752.0}, {'name': 'eurovoc_filtered_multi_text_document', 'weight': 2150091.0}, {'name': 'fineweb-edu_en_text_document_ratio0.75_phase0', 'weight': 214754282.0}, {'name': 'fineweb2_ar_text_document_ratio0.50_phase0', 'weight': 3350461.0}, {'name': 'fineweb2_ca_text_document_ratio0.05_phase0', 'weight': 92529.0}, {'name': 'fineweb2_de_text_document_ratio0.50_phase0', 'weight': 27173931.0}, {'name': 'fineweb2_es_text_document_ratio0.50_phase0', 'weight': 24393496.0}, {'name': 'fineweb2_fr_text_document_ratio1.30_phase0', 'weight': 50038822.0}, {'name': 'fineweb2_it_text_document_ratio0.50_phase0', 'weight': 13377940.0}, {'name': 'fineweb2_nl_text_document_ratio0.50_phase0', 'weight': 7435763.0}, {'name': 'fineweb2_pt_text_document_ratio0.50_phase0', 'weight': 9800040.0}, {'name': 'fineweb2_regional_text_document', 'weight': 2132152.0}, {'name': 'gallica_monographies_fr_text_document', 'weight': 5842786.0}, {'name': 'gallica_press_fr_text_document', 'weight': 22850320.0}, {'name': 'gutenberg_de_text_document', 'weight': 42330.0}, {'name': 'gutenberg_en_text_document', 'weight': 1187655.0}, {'name': 'gutenberg_es_text_document', 'weight': 21778.0}, {'name': 'gutenberg_fr_text_document', 'weight': 91991.0}, {'name': 'gutenberg_it_text_document', 'weight': 29909.0}, {'name': 'gutenberg_nl_text_document', 'weight': 24430.0}, {'name': 'gutenberg_pt_text_document', 'weight': 9241.0}, {'name': 'hal-cea_full-filtered_fr_text_document', 'weight': 7828031.0}, {'name': 'hplt2_fr_text_document_ratio1.30_phase0', 'weight': 70401931.0}, {'name': 'insee_fr_text_document', 'weight': 55377.0}, {'name': 'math-pile_math_text_document', 'weight': 2345197.0}, {'name': 'opendata_fr_text_document', 'weight': 2749409.0}, {'name': 'parlement_fr_text_document', 'weight': 282826.0}, {'name': 'starcoder-data_code_text_document', 'weight': 62922795.0}, {'name': 'theses_fr_text_document', 'weight': 3239718.0}, {'name': 'wikimedia-vikidia_ar_text_document', 'weight': 265451.0}, {'name': 'wikimedia-vikidia_ca_text_document_ratio0.20_phase0', 'weight': 58530.0}, {'name': 'wikimedia-vikidia_de_text_document', 'weight': 1098595.0}, {'name': 'wikimedia-vikidia_en_text_document', 'weight': 2882825.0}, {'name': 'wikimedia-vikidia_es_text_document', 'weight': 631843.0}, {'name': 'wikimedia-vikidia_fr_text_document', 'weight': 1276052.0}, {'name': 'wikimedia-vikidia_it_text_document', 'weight': 654077.0}, {'name': 'wikimedia-vikidia_pt_text_document', 'weight': 304392.0}, {'name': 'wikimedia-vikidia_regional_text_document', 'weight': 119234.0}, {'name': 'wikimedia_nl_text_document', 'weight': 345319.0}, {'name': 'youtube_fr_text_document', 'weight': 76194.0}]}
INFO:__main__:Using CLI tokenizer override: /work/p26037/barman/tokenizer_128k-arab-regional_v2
INFO:__main__:Global batch size: 1024
INFO:__main__:Sequence length: 4096
INFO:__main__:Tokens per batch: 4194304
INFO:__main__:Total tokens in datamix: 3002228277248
INFO:__main__:Global training/LR horizon (from --max_steps): 715788
INFO:__main__:Patched megatron.core.optimizer (accepted params: {'use_gloo_process_groups', 'no_weight_decay_cond', 'lr_mult', 'scale_lr_cond', 'model_chunks', 'config'})
INFO:__main__:LR scheduler max_steps = 715788, warmup_steps = 2000, min_lr = 2.9999999999999997e-05
INFO:__main__:Skipping Triton warmup (--skip_triton_warmup).
INFO:__main__:SSA Triton: Using fused Triton SSA FlashAttention triton (n=1.50, b=0.80, compiled_bda=True)
INFO:__main__:SSA Triton: Using fused Triton SSA FlashAttention triton (n=1.50, b=0.80, compiled_bda=True)
INFO:__main__:SSA Triton: force_contiguous_qkv=True
INFO:__main__:SSA Triton: Using fused Triton SSA FlashAttention triton (n=1.50, b=0.80, compiled_bda=True)
INFO:__main__:SSA Triton: force_contiguous_qkv=True
INFO:__main__:SSA Triton: Using fused Triton SSA FlashAttention triton (n=1.50, b=0.80, compiled_bda=True)
INFO:__main__:SSA Triton: force_contiguous_qkv=True
INFO:__main__:SSA Triton: force_contiguous_qkv=True
INFO:__main__:Detected checkpoint at step 25499
INFO:__main__:Continuing to absolute trainer.max_steps = 715788 (remaining this run: 690289 steps)
INFO:__main__:Detected checkpoint at step 25499
INFO:__main__:Continuing to absolute trainer.max_steps = 715788 (remaining this run: 690289 steps)
INFO:__main__:Detected checkpoint at step 25499
INFO:__main__:Continuing to absolute trainer.max_steps = 715788 (remaining this run: 690289 steps)
INFO:__main__:Detected checkpoint at step 25499
INFO:__main__:Continuing to absolute trainer.max_steps = 715788 (remaining this run: 690289 steps)
INFO:__main__:SSA Triton: Using fused Triton SSA FlashAttention triton (n=1.50, b=0.80, compiled_bda=True)
INFO:__main__:SSA Triton: force_contiguous_qkv=True
INFO:__main__:SSA Triton: Using fused Triton SSA FlashAttention triton (n=1.50, b=0.80, compiled_bda=True)
INFO:__main__:SSA Triton: force_contiguous_qkv=True
INFO:__main__:SSA Triton: Using fused Triton SSA FlashAttention triton (n=1.50, b=0.80, compiled_bda=True)
INFO:__main__:SSA Triton: force_contiguous_qkv=True
INFO:__main__:SSA Triton: Using fused Triton SSA FlashAttention triton (n=1.50, b=0.80, compiled_bda=True)
INFO:__main__:SSA Triton: force_contiguous_qkv=True
INFO:__main__:Detected checkpoint at step 25499
INFO:__main__:Continuing to absolute trainer.max_steps = 715788 (remaining this run: 690289 steps)
INFO:__main__:Detected checkpoint at step 25499
INFO:__main__:Continuing to absolute trainer.max_steps = 715788 (remaining this run: 690289 steps)
INFO:__main__:Detected checkpoint at step 25499
INFO:__main__:Continuing to absolute trainer.max_steps = 715788 (remaining this run: 690289 steps)
INFO:__main__:Detected checkpoint at step 25499
INFO:__main__:Continuing to absolute trainer.max_steps = 715788 (remaining this run: 690289 steps)
INFO:__main__:Detected vocab_size from tokenizer: 128000
INFO:__main__:Detected vocab_size from tokenizer: 128000
INFO:__main__:LR scheduler max_steps = 715788, warmup_steps = 2000, min_lr = 2.9999999999999997e-05
INFO:__main__:Skipping Triton warmup (--skip_triton_warmup).
INFO:__main__:Detected vocab_size from tokenizer: 128000
INFO:__main__:LR scheduler max_steps = 715788, warmup_steps = 2000, min_lr = 2.9999999999999997e-05
INFO:__main__:Skipping Triton warmup (--skip_triton_warmup).
INFO:__main__:Detected vocab_size from tokenizer: 128000
INFO:__main__:LR scheduler max_steps = 715788, warmup_steps = 2000, min_lr = 2.9999999999999997e-05
INFO:__main__:Skipping Triton warmup (--skip_triton_warmup).
INFO:__main__:LR scheduler max_steps = 715788, warmup_steps = 2000, min_lr = 2.9999999999999997e-05
INFO:__main__:Skipping Triton warmup (--skip_triton_warmup).
INFO:__main__:Detected vocab_size from tokenizer: 128000
INFO:__main__:Detected vocab_size from tokenizer: 128000
INFO:__main__:Detected vocab_size from tokenizer: 128000
INFO:__main__:Detected vocab_size from tokenizer: 128000
INFO:__main__:LR scheduler max_steps = 715788, warmup_steps = 2000, min_lr = 2.9999999999999997e-05
INFO:__main__:Skipping Triton warmup (--skip_triton_warmup).
INFO:__main__:LR scheduler max_steps = 715788, warmup_steps = 2000, min_lr = 2.9999999999999997e-05
INFO:__main__:Skipping Triton warmup (--skip_triton_warmup).
INFO:__main__:LR scheduler max_steps = 715788, warmup_steps = 2000, min_lr = 2.9999999999999997e-05
INFO:__main__:LR scheduler max_steps = 715788, warmup_steps = 2000, min_lr = 2.9999999999999997e-05
INFO:__main__:Skipping Triton warmup (--skip_triton_warmup).
INFO:__main__:SSA Triton: Using fused Triton SSA FlashAttention triton (n=1.50, b=0.80, compiled_bda=True)
INFO:__main__:SSA Triton: force_contiguous_qkv=True
INFO:__main__:SSA Triton: Using fused Triton SSA FlashAttention triton (n=1.50, b=0.80, compiled_bda=True)
INFO:__main__:SSA Triton: force_contiguous_qkv=True
INFO:__main__:SSA Triton: Using fused Triton SSA FlashAttention triton (n=1.50, b=0.80, compiled_bda=True)
INFO:__main__:SSA Triton: force_contiguous_qkv=True
INFO:__main__:Detected checkpoint at step 25499
INFO:__main__:Continuing to absolute trainer.max_steps = 715788 (remaining this run: 690289 steps)
INFO:__main__:Detected checkpoint at step 25499
INFO:__main__:Continuing to absolute trainer.max_steps = 715788 (remaining this run: 690289 steps)
INFO:__main__:Detected checkpoint at step 25499
INFO:__main__:Continuing to absolute trainer.max_steps = 715788 (remaining this run: 690289 steps)
INFO:__main__:SSA Triton: Using fused Triton SSA FlashAttention triton (n=1.50, b=0.80, compiled_bda=True)
INFO:__main__:SSA Triton: force_contiguous_qkv=True
INFO:__main__:Detected checkpoint at step 25499
INFO:__main__:Continuing to absolute trainer.max_steps = 715788 (remaining this run: 690289 steps)
INFO:__main__:Detected vocab_size from tokenizer: 128000
INFO:__main__:Detected vocab_size from tokenizer: 128000
INFO:__main__:Detected vocab_size from tokenizer: 128000
INFO:__main__:Detected vocab_size from tokenizer: 128000
INFO:__main__:LR scheduler max_steps = 715788, warmup_steps = 2000, min_lr = 2.9999999999999997e-05
INFO:__main__:Skipping Triton warmup (--skip_triton_warmup).
INFO:__main__:LR scheduler max_steps = 715788, warmup_steps = 2000, min_lr = 2.9999999999999997e-05
INFO:__main__:Skipping Triton warmup (--skip_triton_warmup).
INFO:__main__:LR scheduler max_steps = 715788, warmup_steps = 2000, min_lr = 2.9999999999999997e-05
INFO:__main__:Skipping Triton warmup (--skip_triton_warmup).
INFO:__main__:LR scheduler max_steps = 715788, warmup_steps = 2000, min_lr = 2.9999999999999997e-05
INFO:__main__:Skipping Triton warmup (--skip_triton_warmup).
INFO:utils:Config saved to /tmpdir/barman/bs1024_fullrun/outputs/job_12011/config_nemotron-1B-SSA-Triton-bs1024.json
INFO:__main__:Skipping Triton warmup (--skip_triton_warmup).
INFO:__main__:SSA Triton: Using fused Triton SSA FlashAttention triton (n=1.50, b=0.80, compiled_bda=True)
INFO:__main__:SSA Triton: force_contiguous_qkv=True
INFO:__main__:SSA Triton: Using fused Triton SSA FlashAttention triton (n=1.50, b=0.80, compiled_bda=True)
INFO:__main__:SSA Triton: force_contiguous_qkv=True
INFO:__main__:SSA Triton: Using fused Triton SSA FlashAttention triton (n=1.50, b=0.80, compiled_bda=True)
INFO:__main__:SSA Triton: force_contiguous_qkv=True
INFO:__main__:SSA Triton: Using fused Triton SSA FlashAttention triton (n=1.50, b=0.80, compiled_bda=True)
INFO:__main__:SSA Triton: force_contiguous_qkv=True
INFO:__main__:Detected checkpoint at step 25499
INFO:__main__:Continuing to absolute trainer.max_steps = 715788 (remaining this run: 690289 steps)
INFO:__main__:Detected checkpoint at step 25499
INFO:__main__:Continuing to absolute trainer.max_steps = 715788 (remaining this run: 690289 steps)
INFO:__main__:Detected checkpoint at step 25499
INFO:__main__:Continuing to absolute trainer.max_steps = 715788 (remaining this run: 690289 steps)
INFO:__main__:SSA Triton: Using fused Triton SSA FlashAttention triton (n=1.50, b=0.80, compiled_bda=True)
INFO:__main__:SSA Triton: force_contiguous_qkv=True
INFO:__main__:SSA Triton: Using fused Triton SSA FlashAttention triton (n=1.50, b=0.80, compiled_bda=True)
INFO:__main__:SSA Triton: force_contiguous_qkv=True
INFO:__main__:SSA Triton: Using fused Triton SSA FlashAttention triton (n=1.50, b=0.80, compiled_bda=True)
INFO:__main__:SSA Triton: force_contiguous_qkv=True
INFO:__main__:SSA Triton: Using fused Triton SSA FlashAttention triton (n=1.50, b=0.80, compiled_bda=True)
INFO:__main__:Detected checkpoint at step 25499
INFO:__main__:Continuing to absolute trainer.max_steps = 715788 (remaining this run: 690289 steps)
INFO:__main__:SSA Triton: force_contiguous_qkv=True
INFO:__main__:SSA Triton: Using fused Triton SSA FlashAttention triton (n=1.50, b=0.80, compiled_bda=True)
INFO:__main__:SSA Triton: force_contiguous_qkv=True
INFO:__main__:SSA Triton: Using fused Triton SSA FlashAttention triton (n=1.50, b=0.80, compiled_bda=True)
INFO:__main__:SSA Triton: force_contiguous_qkv=True
INFO:__main__:Detected checkpoint at step 25499
INFO:__main__:Continuing to absolute trainer.max_steps = 715788 (remaining this run: 690289 steps)
INFO:__main__:SSA Triton: Using fused Triton SSA FlashAttention triton (n=1.50, b=0.80, compiled_bda=True)
INFO:__main__:SSA Triton: force_contiguous_qkv=True
INFO:__main__:Detected checkpoint at step 25499
INFO:__main__:Continuing to absolute trainer.max_steps = 715788 (remaining this run: 690289 steps)
INFO:__main__:SSA Triton: Using fused Triton SSA FlashAttention triton (n=1.50, b=0.80, compiled_bda=True)
INFO:__main__:SSA Triton: force_contiguous_qkv=True
INFO:__main__:Detected checkpoint at step 25499
INFO:__main__:Continuing to absolute trainer.max_steps = 715788 (remaining this run: 690289 steps)
INFO:__main__:Detected checkpoint at step 25499
INFO:__main__:Continuing to absolute trainer.max_steps = 715788 (remaining this run: 690289 steps)
INFO:__main__:Detected checkpoint at step 25499
INFO:__main__:Continuing to absolute trainer.max_steps = 715788 (remaining this run: 690289 steps)
INFO:__main__:Detected checkpoint at step 25499
INFO:__main__:Continuing to absolute trainer.max_steps = 715788 (remaining this run: 690289 steps)
INFO:__main__:Detected checkpoint at step 25499
INFO:__main__:Continuing to absolute trainer.max_steps = 715788 (remaining this run: 690289 steps)
INFO:__main__:Detected checkpoint at step 25499
INFO:__main__:Continuing to absolute trainer.max_steps = 715788 (remaining this run: 690289 steps)
INFO:__main__:Detected vocab_size from tokenizer: 128000
INFO:__main__:Detected vocab_size from tokenizer: 128000
INFO:__main__:Detected vocab_size from tokenizer: 128000
INFO:__main__:Detected vocab_size from tokenizer: 128000
INFO:__main__:LR scheduler max_steps = 715788, warmup_steps = 2000, min_lr = 2.9999999999999997e-05
INFO:__main__:Detected vocab_size from tokenizer: 128000
INFO:__main__:Skipping Triton warmup (--skip_triton_warmup).
INFO:__main__:SSA Triton: Using fused Triton SSA FlashAttention triton (n=1.50, b=0.80, compiled_bda=True)
INFO:__main__:SSA Triton: force_contiguous_qkv=True
INFO:__main__:SSA Triton: Using fused Triton SSA FlashAttention triton (n=1.50, b=0.80, compiled_bda=True)
INFO:__main__:Detected vocab_size from tokenizer: 128000
INFO:__main__:SSA Triton: force_contiguous_qkv=True
INFO:__main__:LR scheduler max_steps = 715788, warmup_steps = 2000, min_lr = 2.9999999999999997e-05
INFO:__main__:Skipping Triton warmup (--skip_triton_warmup).
INFO:__main__:Detected vocab_size from tokenizer: 128000
INFO:__main__:SSA Triton: Using fused Triton SSA FlashAttention triton (n=1.50, b=0.80, compiled_bda=True)
INFO:__main__:SSA Triton: force_contiguous_qkv=True
INFO:__main__:SSA Triton: Using fused Triton SSA FlashAttention triton (n=1.50, b=0.80, compiled_bda=True)
INFO:__main__:SSA Triton: force_contiguous_qkv=True
INFO:__main__:Detected checkpoint at step 25499
INFO:__main__:Continuing to absolute trainer.max_steps = 715788 (remaining this run: 690289 steps)
INFO:__main__:LR scheduler max_steps = 715788, warmup_steps = 2000, min_lr = 2.9999999999999997e-05
INFO:__main__:Skipping Triton warmup (--skip_triton_warmup).
INFO:__main__:Detected vocab_size from tokenizer: 128000
INFO:__main__:Detected vocab_size from tokenizer: 128000
INFO:__main__:Detected checkpoint at step 25499
INFO:__main__:Continuing to absolute trainer.max_steps = 715788 (remaining this run: 690289 steps)
INFO:__main__:LR scheduler max_steps = 715788, warmup_steps = 2000, min_lr = 2.9999999999999997e-05
INFO:__main__:Skipping Triton warmup (--skip_triton_warmup).
INFO:__main__:LR scheduler max_steps = 715788, warmup_steps = 2000, min_lr = 2.9999999999999997e-05
INFO:__main__:Detected vocab_size from tokenizer: 128000
INFO:__main__:Skipping Triton warmup (--skip_triton_warmup).
INFO:__main__:LR scheduler max_steps = 715788, warmup_steps = 2000, min_lr = 2.9999999999999997e-05
INFO:__main__:Skipping Triton warmup (--skip_triton_warmup).
INFO:__main__:Detected checkpoint at step 25499
INFO:__main__:Continuing to absolute trainer.max_steps = 715788 (remaining this run: 690289 steps)
INFO:__main__:LR scheduler max_steps = 715788, warmup_steps = 2000, min_lr = 2.9999999999999997e-05
INFO:__main__:Skipping Triton warmup (--skip_triton_warmup).
INFO:__main__:Detected checkpoint at step 25499
INFO:__main__:Continuing to absolute trainer.max_steps = 715788 (remaining this run: 690289 steps)
INFO:__main__:LR scheduler max_steps = 715788, warmup_steps = 2000, min_lr = 2.9999999999999997e-05
INFO:__main__:Skipping Triton warmup (--skip_triton_warmup).
INFO:__main__:LR scheduler max_steps = 715788, warmup_steps = 2000, min_lr = 2.9999999999999997e-05
INFO:__main__:Skipping Triton warmup (--skip_triton_warmup).
INFO:__main__:Detected vocab_size from tokenizer: 128000
INFO:__main__:LR scheduler max_steps = 715788, warmup_steps = 2000, min_lr = 2.9999999999999997e-05
INFO:__main__:Skipping Triton warmup (--skip_triton_warmup).
INFO:__main__:Detected vocab_size from tokenizer: 128000
INFO:__main__:LR scheduler max_steps = 715788, warmup_steps = 2000, min_lr = 2.9999999999999997e-05
INFO:__main__:Skipping Triton warmup (--skip_triton_warmup).
INFO:__main__:LR scheduler max_steps = 715788, warmup_steps = 2000, min_lr = 2.9999999999999997e-05
INFO:__main__:Skipping Triton warmup (--skip_triton_warmup).
INFO:__main__:Detected vocab_size from tokenizer: 128000
INFO:__main__:Detected vocab_size from tokenizer: 128000
INFO:__main__:Detected vocab_size from tokenizer: 128000
INFO:__main__:Detected vocab_size from tokenizer: 128000
INFO:__main__:LR scheduler max_steps = 715788, warmup_steps = 2000, min_lr = 2.9999999999999997e-05
INFO:__main__:Skipping Triton warmup (--skip_triton_warmup).
INFO:__main__:LR scheduler max_steps = 715788, warmup_steps = 2000, min_lr = 2.9999999999999997e-05
INFO:__main__:Skipping Triton warmup (--skip_triton_warmup).
INFO:__main__:LR scheduler max_steps = 715788, warmup_steps = 2000, min_lr = 2.9999999999999997e-05
INFO:__main__:Skipping Triton warmup (--skip_triton_warmup).
INFO:__main__:LR scheduler max_steps = 715788, warmup_steps = 2000, min_lr = 2.9999999999999997e-05
INFO:__main__:Skipping Triton warmup (--skip_triton_warmup).
INFO:nemo.lightning.pytorch.strategies.megatron_strategy:Initializing distributed: GLOBAL_RANK: 4, MEMBER: 5/32
[W330 06:50:05.185646409 socket.cpp:755] [c10d] The client socket cannot be initialized to connect to [kairosgh10.calmip.cluster]:42585 (errno: 97 - Address family not supported by protocol).
INFO:nemo.lightning.pytorch.strategies.megatron_strategy:Initializing distributed: GLOBAL_RANK: 20, MEMBER: 21/32
[W330 06:50:05.757381727 socket.cpp:755] [c10d] The client socket cannot be initialized to connect to [kairosgh10.calmip.cluster]:42585 (errno: 97 - Address family not supported by protocol).
INFO:nemo.lightning.pytorch.strategies.megatron_strategy:Initializing distributed: GLOBAL_RANK: 6, MEMBER: 7/32
[W330 06:50:05.634476552 socket.cpp:755] [c10d] The client socket cannot be initialized to connect to [kairosgh10.calmip.cluster]:42585 (errno: 97 - Address family not supported by protocol).
INFO:nemo.lightning.pytorch.strategies.megatron_strategy:Initializing distributed: GLOBAL_RANK: 7, MEMBER: 8/32
INFO:nemo.lightning.pytorch.strategies.megatron_strategy:Initializing distributed: GLOBAL_RANK: 5, MEMBER: 6/32
[W330 06:50:05.643724098 socket.cpp:755] [c10d] The client socket cannot be initialized to connect to [kairosgh10.calmip.cluster]:42585 (errno: 97 - Address family not supported by protocol).
[W330 06:50:05.644071482 socket.cpp:755] [c10d] The client socket cannot be initialized to connect to [kairosgh10.calmip.cluster]:42585 (errno: 97 - Address family not supported by protocol).
INFO: GPU available: True (cuda), used: True
INFO:lightning.pytorch.utilities.rank_zero:GPU available: True (cuda), used: True
INFO: TPU available: False, using: 0 TPU cores
INFO:lightning.pytorch.utilities.rank_zero:TPU available: False, using: 0 TPU cores
INFO: HPU available: False, using: 0 HPUs
INFO:lightning.pytorch.utilities.rank_zero:HPU available: False, using: 0 HPUs
[NeMo W 2026-03-30 06:50:05 nemo_logging:405] No version folders would be created under the log folder as 'resume_if_exists' is enabled.
[NeMo I 2026-03-30 06:50:05 nemo_logging:393] Experiments will be logged at /tmpdir/barman/bs1024_fullrun/outputs/nemotron-1B-SSA-Triton-bs1024
[NeMo W 2026-03-30 06:50:05 nemo_logging:405] "update_logger_directory" is True. Overwriting tensorboard logger "save_dir" to /tmpdir/barman/bs1024_fullrun/outputs/tb_logs
[NeMo W 2026-03-30 06:50:05 nemo_logging:405] The Trainer already contains a ModelCheckpoint callback. This will be overwritten.
[NeMo W 2026-03-30 06:50:05 nemo_logging:405] Multiple checkpoints [PosixPath('/tmpdir/barman/bs1024_fullrun/outputs/nemotron-1B-SSA-Triton-bs1024/checkpoints/nemotron-1B-SSA-Triton-bs1024-step=0000000-last'), PosixPath('/tmpdir/barman/bs1024_fullrun/outputs/nemotron-1B-SSA-Triton-bs1024/checkpoints/nemotron-1B-SSA-Triton-bs1024-step=0025499-last')] matches *last.ckpt. Selecting one with the latest modified time.
[NeMo I 2026-03-30 06:50:05 nemo_logging:393] Fixing mis-match between ddp-config & mcore-optimizer config
[NeMo I 2026-03-30 06:50:05 nemo_logging:393] Rank 0 has data parallel group : [0, 1, 2, 3, 4, 5, 6, 7, 8, 9, 10, 11, 12, 13, 14, 15, 16, 17, 18, 19, 20, 21, 22, 23, 24, 25, 26, 27, 28, 29, 30, 31]
[NeMo I 2026-03-30 06:50:05 nemo_logging:393] Rank 0 has combined group of data parallel and context parallel : [0, 1, 2, 3, 4, 5, 6, 7, 8, 9, 10, 11, 12, 13, 14, 15, 16, 17, 18, 19, 20, 21, 22, 23, 24, 25, 26, 27, 28, 29, 30, 31]
[NeMo I 2026-03-30 06:50:05 nemo_logging:393] All data parallel group ranks with context parallel combined: [[0, 1, 2, 3, 4, 5, 6, 7, 8, 9, 10, 11, 12, 13, 14, 15, 16, 17, 18, 19, 20, 21, 22, 23, 24, 25, 26, 27, 28, 29, 30, 31]]
[NeMo I 2026-03-30 06:50:05 nemo_logging:393] Ranks 0 has data parallel rank: 0
[NeMo I 2026-03-30 06:50:05 nemo_logging:393] Rank 0 has context parallel group: [0]
[NeMo I 2026-03-30 06:50:05 nemo_logging:393] All context parallel group ranks: [[0], [1], [2], [3], [4], [5], [6], [7], [8], [9], [10], [11], [12], [13], [14], [15], [16], [17], [18], [19], [20], [21], [22], [23], [24], [25], [26], [27], [28], [29], [30], [31]]
[NeMo I 2026-03-30 06:50:05 nemo_logging:393] Ranks 0 has context parallel rank: 0
[NeMo I 2026-03-30 06:50:05 nemo_logging:393] Rank 0 has model parallel group: [0]
[NeMo I 2026-03-30 06:50:05 nemo_logging:393] All model parallel group ranks: [[0], [1], [2], [3], [4], [5], [6], [7], [8], [9], [10], [11], [12], [13], [14], [15], [16], [17], [18], [19], [20], [21], [22], [23], [24], [25], [26], [27], [28], [29], [30], [31]]
[NeMo I 2026-03-30 06:50:05 nemo_logging:393] Rank 0 has tensor model parallel group: [0]
[NeMo I 2026-03-30 06:50:05 nemo_logging:393] All tensor model parallel group ranks: [[0], [1], [2], [3], [4], [5], [6], [7], [8], [9], [10], [11], [12], [13], [14], [15], [16], [17], [18], [19], [20], [21], [22], [23], [24], [25], [26], [27], [28], [29], [30], [31]]
[NeMo I 2026-03-30 06:50:05 nemo_logging:393] Rank 0 has tensor model parallel rank: 0
[NeMo I 2026-03-30 06:50:05 nemo_logging:393] Rank 0 has pipeline model parallel group: [0]
[NeMo I 2026-03-30 06:50:05 nemo_logging:393] Rank 0 has embedding group: [0]
[NeMo I 2026-03-30 06:50:05 nemo_logging:393] All pipeline model parallel group ranks: [[0], [1], [2], [3], [4], [5], [6], [7], [8], [9], [10], [11], [12], [13], [14], [15], [16], [17], [18], [19], [20], [21], [22], [23], [24], [25], [26], [27], [28], [29], [30], [31]]
[NeMo I 2026-03-30 06:50:05 nemo_logging:393] Rank 0 has pipeline model parallel rank 0
[NeMo I 2026-03-30 06:50:05 nemo_logging:393] All embedding group ranks: [[0], [1], [2], [3], [4], [5], [6], [7], [8], [9], [10], [11], [12], [13], [14], [15], [16], [17], [18], [19], [20], [21], [22], [23], [24], [25], [26], [27], [28], [29], [30], [31]]
[NeMo I 2026-03-30 06:50:05 nemo_logging:393] Rank 0 has embedding rank: 0
INFO:nemo.lightning.pytorch.strategies.megatron_strategy:Initializing distributed: GLOBAL_RANK: 0, MEMBER: 1/32
[W330 06:50:05.554232083 socket.cpp:755] [c10d] The client socket cannot be initialized to connect to [kairosgh10.calmip.cluster]:42585 (errno: 97 - Address family not supported by protocol).
INFO: ----------------------------------------------------------------------------------------------------
distributed_backend=nccl
All distributed processes registered. Starting with 32 processes
----------------------------------------------------------------------------------------------------

INFO:lightning.pytorch.utilities.rank_zero:----------------------------------------------------------------------------------------------------
distributed_backend=nccl
All distributed processes registered. Starting with 32 processes
----------------------------------------------------------------------------------------------------

INFO:nemo.lightning.pytorch.strategies.megatron_strategy:Initializing distributed: GLOBAL_RANK: 8, MEMBER: 9/32
[W330 06:50:05.889145197 socket.cpp:755] [c10d] The client socket cannot be initialized to connect to [kairosgh10.calmip.cluster]:42585 (errno: 97 - Address family not supported by protocol).
INFO:nemo.lightning.pytorch.strategies.megatron_strategy:Initializing distributed: GLOBAL_RANK: 22, MEMBER: 23/32
INFO:nemo.lightning.pytorch.strategies.megatron_strategy:Initializing distributed: GLOBAL_RANK: 23, MEMBER: 24/32
[W330 06:50:05.263516437 socket.cpp:755] [c10d] The client socket cannot be initialized to connect to [kairosgh10.calmip.cluster]:42585 (errno: 97 - Address family not supported by protocol).
[W330 06:50:05.263853870 socket.cpp:755] [c10d] The client socket cannot be initialized to connect to [kairosgh10.calmip.cluster]:42585 (errno: 97 - Address family not supported by protocol).
INFO:nemo.lightning.pytorch.strategies.megatron_strategy:Initializing distributed: GLOBAL_RANK: 21, MEMBER: 22/32
[W330 06:50:05.277507114 socket.cpp:755] [c10d] The client socket cannot be initialized to connect to [kairosgh10.calmip.cluster]:42585 (errno: 97 - Address family not supported by protocol).
INFO:nemo.lightning.pytorch.strategies.megatron_strategy:Initializing distributed: GLOBAL_RANK: 12, MEMBER: 13/32
[W330 06:50:06.045540547 socket.cpp:755] [c10d] The client socket cannot be initialized to connect to [kairosgh10.calmip.cluster]:42585 (errno: 97 - Address family not supported by protocol).
INFO:nemo.lightning.pytorch.strategies.megatron_strategy:Initializing distributed: GLOBAL_RANK: 16, MEMBER: 17/32
[W330 06:50:06.493143078 socket.cpp:755] [c10d] The client socket cannot be initialized to connect to [kairosgh10.calmip.cluster]:42585 (errno: 97 - Address family not supported by protocol).
INFO:nemo.lightning.pytorch.strategies.megatron_strategy:Initializing distributed: GLOBAL_RANK: 3, MEMBER: 4/32
INFO:nemo.lightning.pytorch.strategies.megatron_strategy:Initializing distributed: GLOBAL_RANK: 1, MEMBER: 2/32
INFO:nemo.lightning.pytorch.strategies.megatron_strategy:Initializing distributed: GLOBAL_RANK: 2, MEMBER: 3/32
[W330 06:50:06.043584424 socket.cpp:755] [c10d] The client socket cannot be initialized to connect to [kairosgh10.calmip.cluster]:42585 (errno: 97 - Address family not supported by protocol).
[W330 06:50:06.044013663 socket.cpp:755] [c10d] The client socket cannot be initialized to connect to [kairosgh10.calmip.cluster]:42585 (errno: 97 - Address family not supported by protocol).
[W330 06:50:06.044373496 socket.cpp:755] [c10d] The client socket cannot be initialized to connect to [kairosgh10.calmip.cluster]:42585 (errno: 97 - Address family not supported by protocol).
INFO:nemo.lightning.pytorch.strategies.megatron_strategy:Initializing distributed: GLOBAL_RANK: 28, MEMBER: 29/32
[W330 06:50:06.495708083 socket.cpp:755] [c10d] The client socket cannot be initialized to connect to [kairosgh10.calmip.cluster]:42585 (errno: 97 - Address family not supported by protocol).
INFO:nemo.lightning.pytorch.strategies.megatron_strategy:Initializing distributed: GLOBAL_RANK: 10, MEMBER: 11/32
INFO:nemo.lightning.pytorch.strategies.megatron_strategy:Initializing distributed: GLOBAL_RANK: 11, MEMBER: 12/32
[W330 06:50:06.398726715 socket.cpp:755] [c10d] The client socket cannot be initialized to connect to [kairosgh10.calmip.cluster]:42585 (errno: 97 - Address family not supported by protocol).
[W330 06:50:06.399028597 socket.cpp:755] [c10d] The client socket cannot be initialized to connect to [kairosgh10.calmip.cluster]:42585 (errno: 97 - Address family not supported by protocol).
INFO:nemo.lightning.pytorch.strategies.megatron_strategy:Initializing distributed: GLOBAL_RANK: 24, MEMBER: 25/32
INFO:nemo.lightning.pytorch.strategies.megatron_strategy:Initializing distributed: GLOBAL_RANK: 9, MEMBER: 10/32
[W330 06:50:06.407584812 socket.cpp:755] [c10d] The client socket cannot be initialized to connect to [kairosgh10.calmip.cluster]:42585 (errno: 97 - Address family not supported by protocol).
[W330 06:50:06.671471258 socket.cpp:755] [c10d] The client socket cannot be initialized to connect to [kairosgh10.calmip.cluster]:42585 (errno: 97 - Address family not supported by protocol).
INFO:nemo.lightning.pytorch.strategies.megatron_strategy:Initializing distributed: GLOBAL_RANK: 15, MEMBER: 16/32
INFO:nemo.lightning.pytorch.strategies.megatron_strategy:Initializing distributed: GLOBAL_RANK: 14, MEMBER: 15/32
INFO:nemo.lightning.pytorch.strategies.megatron_strategy:Initializing distributed: GLOBAL_RANK: 13, MEMBER: 14/32
[W330 06:50:06.532055689 socket.cpp:755] [c10d] The client socket cannot be initialized to connect to [kairosgh10.calmip.cluster]:42585 (errno: 97 - Address family not supported by protocol).
[W330 06:50:06.532757881 socket.cpp:755] [c10d] The client socket cannot be initialized to connect to [kairosgh10.calmip.cluster]:42585 (errno: 97 - Address family not supported by protocol).
[W330 06:50:06.535626074 socket.cpp:755] [c10d] The client socket cannot be initialized to connect to [kairosgh10.calmip.cluster]:42585 (errno: 97 - Address family not supported by protocol).
INFO:nemo.lightning.pytorch.strategies.megatron_strategy:Initializing distributed: GLOBAL_RANK: 19, MEMBER: 20/32
INFO:nemo.lightning.pytorch.strategies.megatron_strategy:Initializing distributed: GLOBAL_RANK: 17, MEMBER: 18/32
[W330 06:50:06.987647026 socket.cpp:755] [c10d] The client socket cannot be initialized to connect to [kairosgh10.calmip.cluster]:42585 (errno: 97 - Address family not supported by protocol).
[W330 06:50:06.987990922 socket.cpp:755] [c10d] The client socket cannot be initialized to connect to [kairosgh10.calmip.cluster]:42585 (errno: 97 - Address family not supported by protocol).
INFO:nemo.lightning.pytorch.strategies.megatron_strategy:Initializing distributed: GLOBAL_RANK: 18, MEMBER: 19/32
[W330 06:50:06.997603309 socket.cpp:755] [c10d] The client socket cannot be initialized to connect to [kairosgh10.calmip.cluster]:42585 (errno: 97 - Address family not supported by protocol).
INFO:nemo.lightning.pytorch.strategies.megatron_strategy:Initializing distributed: GLOBAL_RANK: 31, MEMBER: 32/32
INFO:nemo.lightning.pytorch.strategies.megatron_strategy:Initializing distributed: GLOBAL_RANK: 29, MEMBER: 30/32
INFO:nemo.lightning.pytorch.strategies.megatron_strategy:Initializing distributed: GLOBAL_RANK: 30, MEMBER: 31/32
[W330 06:50:06.002849495 socket.cpp:755] [c10d] The client socket cannot be initialized to connect to [kairosgh10.calmip.cluster]:42585 (errno: 97 - Address family not supported by protocol).
[W330 06:50:06.003184047 socket.cpp:755] [c10d] The client socket cannot be initialized to connect to [kairosgh10.calmip.cluster]:42585 (errno: 97 - Address family not supported by protocol).
[W330 06:50:06.003488457 socket.cpp:755] [c10d] The client socket cannot be initialized to connect to [kairosgh10.calmip.cluster]:42585 (errno: 97 - Address family not supported by protocol).
INFO:nemo.lightning.pytorch.strategies.megatron_strategy:Initializing distributed: GLOBAL_RANK: 26, MEMBER: 27/32
INFO:nemo.lightning.pytorch.strategies.megatron_strategy:Initializing distributed: GLOBAL_RANK: 27, MEMBER: 28/32
[W330 06:50:06.173695651 socket.cpp:755] [c10d] The client socket cannot be initialized to connect to [kairosgh10.calmip.cluster]:42585 (errno: 97 - Address family not supported by protocol).
INFO:nemo.lightning.pytorch.strategies.megatron_strategy:Initializing distributed: GLOBAL_RANK: 25, MEMBER: 26/32
[W330 06:50:06.177807507 socket.cpp:755] [c10d] The client socket cannot be initialized to connect to [kairosgh10.calmip.cluster]:42585 (errno: 97 - Address family not supported by protocol).
[W330 06:50:06.178099885 socket.cpp:755] [c10d] The client socket cannot be initialized to connect to [kairosgh10.calmip.cluster]:42585 (errno: 97 - Address family not supported by protocol).
[NeMo I 2026-03-30 06:50:14 utils:532] Let split_matrix = [(0, 1.0), None, None]
[NeMo I 2026-03-30 06:50:14 utils:532] Building GPTDataset splits with sizes=[732966912, 0, 32768] and config=GPTDatasetConfig(random_seed=1234, sequence_length=4096, blend=[['/work/datasets/AI/tokens_luciole_phase1/claire_open_en_text_document', '/work/datasets/AI/tokens_luciole_phase1/claire_open_fr_text_document', '/work/datasets/AI/tokens_luciole_phase1/common-corpus_bnl-newspapers-1841-1879_fr_text_document', '/work/datasets/AI/tokens_luciole_phase1/common-corpus_eurlex_multi_text_document', '/work/datasets/AI/tokens_luciole_phase1/common-corpus_gatt-library_multi_text_document', '/work/datasets/AI/tokens_luciole_phase1/common-corpus_oecd_multi_text_document', '/work/datasets/AI/tokens_luciole_phase1/common-corpus_tedeutenders_multi_text_document', '/work/datasets/AI/tokens_luciole_phase1/common-corpus_wto_multi_text_document', '/work/datasets/AI/tokens_luciole_phase1/common-pile_arxiv-abstracts_en_text_document', '/work/datasets/AI/tokens_luciole_phase1/common-pile_arxiv-papers_en_text_document', '/work/datasets/AI/tokens_luciole_phase1/common-pile_biodiversity-heritage-library_en_text_document', '/work/datasets/AI/tokens_luciole_phase1/common-pile_caselaw-access-project_en_text_document', '/work/datasets/AI/tokens_luciole_phase1/common-pile_doab_en_text_document', '/work/datasets/AI/tokens_luciole_phase1/common-pile_foodista_en_text_document', '/work/datasets/AI/tokens_luciole_phase1/common-pile_github-archive_en_text_document', '/work/datasets/AI/tokens_luciole_phase1/common-pile_library-of-congress_en_text_document', '/work/datasets/AI/tokens_luciole_phase1/common-pile_libretexts_en_text_document', '/work/datasets/AI/tokens_luciole_phase1/common-pile_news_en_text_document', '/work/datasets/AI/tokens_luciole_phase1/common-pile_oercommons_en_text_document', '/work/datasets/AI/tokens_luciole_phase1/common-pile_peS2o_en_text_document', '/work/datasets/AI/tokens_luciole_phase1/common-pile_pre-1929-books_en_text_document', '/work/datasets/AI/tokens_luciole_phase1/common-pile_pressbooks_en_text_document', '/work/datasets/AI/tokens_luciole_phase1/common-pile_public-domain-review_en_text_document', '/work/datasets/AI/tokens_luciole_phase1/common-pile_pubmed_en_text_document', '/work/datasets/AI/tokens_luciole_phase1/common-pile_python-enhancement-proposals_en_text_document', '/work/datasets/AI/tokens_luciole_phase1/common-pile_regulations_en_text_document', '/work/datasets/AI/tokens_luciole_phase1/common-pile_stackexchange_en_text_document', '/work/datasets/AI/tokens_luciole_phase1/common-pile_ubuntu-irc_en_text_document', '/work/datasets/AI/tokens_luciole_phase1/common-pile_youtube_en_text_document', '/work/datasets/AI/tokens_luciole_phase1/croissant-aligned_aligned_text_document', '/work/datasets/AI/tokens_luciole_phase1/culturax_fr_text_document_ratio1.30_phase0', '/work/datasets/AI/tokens_luciole_phase1/dclm-dolmino_en_text_document_ratio0.75_phase0', '/work/datasets/AI/tokens_luciole_phase1/europarl_aligned_text_document', '/work/datasets/AI/tokens_luciole_phase1/europarl_multi_text_document', '/work/datasets/AI/tokens_luciole_phase1/eurovoc_filtered_multi_text_document', '/work/datasets/AI/tokens_luciole_phase1/fineweb-edu_en_text_document_ratio0.75_phase0', '/work/datasets/AI/tokens_luciole_phase1/fineweb2_ar_text_document_ratio0.50_phase0', '/work/datasets/AI/tokens_luciole_phase1/fineweb2_ca_text_document_ratio0.05_phase0', '/work/datasets/AI/tokens_luciole_phase1/fineweb2_de_text_document_ratio0.50_phase0', '/work/datasets/AI/tokens_luciole_phase1/fineweb2_es_text_document_ratio0.50_phase0', '/work/datasets/AI/tokens_luciole_phase1/fineweb2_fr_text_document_ratio1.30_phase0', '/work/datasets/AI/tokens_luciole_phase1/fineweb2_it_text_document_ratio0.50_phase0', '/work/datasets/AI/tokens_luciole_phase1/fineweb2_nl_text_document_ratio0.50_phase0', '/work/datasets/AI/tokens_luciole_phase1/fineweb2_pt_text_document_ratio0.50_phase0', '/work/datasets/AI/tokens_luciole_phase1/fineweb2_regional_text_document', '/work/datasets/AI/tokens_luciole_phase1/gallica_monographies_fr_text_document', '/work/datasets/AI/tokens_luciole_phase1/gallica_press_fr_text_document', '/work/datasets/AI/tokens_luciole_phase1/gutenberg_de_text_document', '/work/datasets/AI/tokens_luciole_phase1/gutenberg_en_text_document', '/work/datasets/AI/tokens_luciole_phase1/gutenberg_es_text_document', '/work/datasets/AI/tokens_luciole_phase1/gutenberg_fr_text_document', '/work/datasets/AI/tokens_luciole_phase1/gutenberg_it_text_document', '/work/datasets/AI/tokens_luciole_phase1/gutenberg_nl_text_document', '/work/datasets/AI/tokens_luciole_phase1/gutenberg_pt_text_document', '/work/datasets/AI/tokens_luciole_phase1/hal-cea_full-filtered_fr_text_document', '/work/datasets/AI/tokens_luciole_phase1/hplt2_fr_text_document_ratio1.30_phase0', '/work/datasets/AI/tokens_luciole_phase1/insee_fr_text_document', '/work/datasets/AI/tokens_luciole_phase1/math-pile_math_text_document', '/work/datasets/AI/tokens_luciole_phase1/opendata_fr_text_document', '/work/datasets/AI/tokens_luciole_phase1/parlement_fr_text_document', '/work/datasets/AI/tokens_luciole_phase1/starcoder-data_code_text_document', '/work/datasets/AI/tokens_luciole_phase1/theses_fr_text_document', '/work/datasets/AI/tokens_luciole_phase1/wikimedia-vikidia_ar_text_document', '/work/datasets/AI/tokens_luciole_phase1/wikimedia-vikidia_ca_text_document_ratio0.20_phase0', '/work/datasets/AI/tokens_luciole_phase1/wikimedia-vikidia_de_text_document', '/work/datasets/AI/tokens_luciole_phase1/wikimedia-vikidia_en_text_document', '/work/datasets/AI/tokens_luciole_phase1/wikimedia-vikidia_es_text_document', '/work/datasets/AI/tokens_luciole_phase1/wikimedia-vikidia_fr_text_document', '/work/datasets/AI/tokens_luciole_phase1/wikimedia-vikidia_it_text_document', '/work/datasets/AI/tokens_luciole_phase1/wikimedia-vikidia_pt_text_document', '/work/datasets/AI/tokens_luciole_phase1/wikimedia-vikidia_regional_text_document', '/work/datasets/AI/tokens_luciole_phase1/wikimedia_nl_text_document', '/work/datasets/AI/tokens_luciole_phase1/youtube_fr_text_document'], [29003.0, 92129.0, 66237.0, 3601664.0, 41322.0, 121969.0, 31276.0, 577279.0, 140138.0, 1299034.0, 107772.0, 929697.0, 712786.0, 5603.0, 2244221.0, 101533.0, 21049.0, 14354.0, 2748.0, 10166525.0, 531517.0, 31891.0, 382.0, 1869301.0, 652.0, 266173.0, 4985359.0, 482830.0, 204765.0, 11618464.0, 57012131.0, 93003263.0, 215607.0, 99752.0, 2150091.0, 214754282.0, 3350461.0, 92529.0, 27173931.0, 24393496.0, 50038822.0, 13377940.0, 7435763.0, 9800040.0, 2132152.0, 5842786.0, 22850320.0, 42330.0, 1187655.0, 21778.0, 91991.0, 29909.0, 24430.0, 9241.0, 7828031.0, 70401931.0, 55377.0, 2345197.0, 2749409.0, 282826.0, 62922795.0, 3239718.0, 265451.0, 58530.0, 1098595.0, 2882825.0, 631843.0, 1276052.0, 654077.0, 304392.0, 119234.0, 345319.0, 76194.0]], blend_per_split=None, split='1,0,0', split_matrix=[(0, 1.0), None, None], num_dataset_builder_threads=1, path_to_cache='/tmpdir/barman/bs1024_fullrun/outputs/index_mapping', mmap_bin_files=True, mock=False, tokenizer=<nemo.collections.common.tokenizers.huggingface.auto_tokenizer.AutoTokenizer object at 0x40046f9886b0>, reset_position_ids=False, reset_attention_mask=False, eod_mask_loss=False, create_attention_mask=False, drop_last_partial_validation_sequence=True, add_extra_token_to_sequence=True, s3_cache_path=None)
[NeMo I 2026-03-30 06:50:14 utils:532] Load the _IndexReader from /work/datasets/AI/tokens_luciole_phase1/claire_open_en_text_document.idx
[NeMo I 2026-03-30 06:50:14 utils:532] 	Extract the sequence lengths
[NeMo I 2026-03-30 06:50:14 utils:532] 	Extract the sequence pointers
[NeMo I 2026-03-30 06:50:14 utils:532] 	Extract the document indices
[NeMo I 2026-03-30 06:50:14 utils:532] > total number of sequences: 462740
[NeMo I 2026-03-30 06:50:14 utils:532] > total number of documents: 462740
[NeMo I 2026-03-30 06:50:14 utils:532] Load the GPTDataset train indices
[NeMo I 2026-03-30 06:50:14 utils:532] 	Load the document index from c278a2eb266ce1172450760e13116258-GPTDataset-train-document_index.npy
[NeMo I 2026-03-30 06:50:14 utils:532] 	Load the sample index from c278a2eb266ce1172450760e13116258-GPTDataset-train-sample_index.npy
[NeMo I 2026-03-30 06:50:14 utils:532] 	Load the shuffle index from c278a2eb266ce1172450760e13116258-GPTDataset-train-shuffle_index.npy
[NeMo I 2026-03-30 06:50:14 utils:532] > total number of samples: 58006
[NeMo I 2026-03-30 06:50:14 utils:532] Load the _IndexReader from /work/datasets/AI/tokens_luciole_phase1/claire_open_fr_text_document.idx
[NeMo I 2026-03-30 06:50:14 utils:532] 	Extract the sequence lengths
[NeMo I 2026-03-30 06:50:14 utils:532] 	Extract the sequence pointers
[NeMo I 2026-03-30 06:50:14 utils:532] 	Extract the document indices
[NeMo I 2026-03-30 06:50:14 utils:532] > total number of sequences: 14526
[NeMo I 2026-03-30 06:50:14 utils:532] > total number of documents: 14526
[NeMo I 2026-03-30 06:50:14 utils:532] Load the GPTDataset train indices
[NeMo I 2026-03-30 06:50:14 utils:532] 	Load the document index from e9e3df595a4f5c19d8afbab5002daa48-GPTDataset-train-document_index.npy
[NeMo I 2026-03-30 06:50:14 utils:532] 	Load the sample index from e9e3df595a4f5c19d8afbab5002daa48-GPTDataset-train-sample_index.npy
[NeMo I 2026-03-30 06:50:14 utils:532] 	Load the shuffle index from e9e3df595a4f5c19d8afbab5002daa48-GPTDataset-train-shuffle_index.npy
[NeMo I 2026-03-30 06:50:14 utils:532] > total number of samples: 138193
[NeMo I 2026-03-30 06:50:14 utils:532] Load the _IndexReader from /work/datasets/AI/tokens_luciole_phase1/common-corpus_bnl-newspapers-1841-1879_fr_text_document.idx
[NeMo I 2026-03-30 06:50:14 utils:532] 	Extract the sequence lengths
[NeMo I 2026-03-30 06:50:14 utils:532] 	Extract the sequence pointers
[NeMo I 2026-03-30 06:50:14 utils:532] 	Extract the document indices
[NeMo I 2026-03-30 06:50:14 utils:532] > total number of sequences: 315272
[NeMo I 2026-03-30 06:50:14 utils:532] > total number of documents: 315272
[NeMo I 2026-03-30 06:50:14 utils:532] Load the GPTDataset train indices
[NeMo I 2026-03-30 06:50:14 utils:532] 	Load the document index from bf49c6faa0d4a2569c1d2a543370fada-GPTDataset-train-document_index.npy
[NeMo I 2026-03-30 06:50:14 utils:532] 	Load the sample index from bf49c6faa0d4a2569c1d2a543370fada-GPTDataset-train-sample_index.npy
[NeMo I 2026-03-30 06:50:14 utils:532] 	Load the shuffle index from bf49c6faa0d4a2569c1d2a543370fada-GPTDataset-train-shuffle_index.npy
[NeMo I 2026-03-30 06:50:14 utils:532] > total number of samples: 132475
[NeMo I 2026-03-30 06:50:14 utils:532] Load the _IndexReader from /work/datasets/AI/tokens_luciole_phase1/common-corpus_eurlex_multi_text_document.idx
[NeMo I 2026-03-30 06:50:14 utils:532] 	Extract the sequence lengths
[NeMo I 2026-03-30 06:50:14 utils:532] 	Extract the sequence pointers
[NeMo I 2026-03-30 06:50:14 utils:532] 	Extract the document indices
[NeMo I 2026-03-30 06:50:14 utils:532] > total number of sequences: 1803972
[NeMo I 2026-03-30 06:50:14 utils:532] > total number of documents: 1803972
[NeMo I 2026-03-30 06:50:14 utils:532] Load the GPTDataset train indices
[NeMo I 2026-03-30 06:50:14 utils:532] 	Load the document index from d0e71574d22e0e9587d79d18462d5269-GPTDataset-train-document_index.npy
[NeMo I 2026-03-30 06:50:14 utils:532] 	Load the sample index from d0e71574d22e0e9587d79d18462d5269-GPTDataset-train-sample_index.npy
[NeMo I 2026-03-30 06:50:14 utils:532] 	Load the shuffle index from d0e71574d22e0e9587d79d18462d5269-GPTDataset-train-shuffle_index.npy
[NeMo I 2026-03-30 06:50:14 utils:532] > total number of samples: 7203329
[NeMo I 2026-03-30 06:50:14 utils:532] Load the _IndexReader from /work/datasets/AI/tokens_luciole_phase1/common-corpus_gatt-library_multi_text_document.idx
[NeMo I 2026-03-30 06:50:14 utils:532] 	Extract the sequence lengths
[NeMo I 2026-03-30 06:50:14 utils:532] 	Extract the sequence pointers
[NeMo I 2026-03-30 06:50:14 utils:532] 	Extract the document indices
[NeMo I 2026-03-30 06:50:14 utils:532] > total number of sequences: 55289
[NeMo I 2026-03-30 06:50:14 utils:532] > total number of documents: 55289
[NeMo I 2026-03-30 06:50:14 utils:532] Load the GPTDataset train indices
[NeMo I 2026-03-30 06:50:14 utils:532] 	Load the document index from 0e3af409956f4c7e07347f35d50e7331-GPTDataset-train-document_index.npy
[NeMo I 2026-03-30 06:50:14 utils:532] 	Load the sample index from 0e3af409956f4c7e07347f35d50e7331-GPTDataset-train-sample_index.npy
[NeMo I 2026-03-30 06:50:14 utils:532] 	Load the shuffle index from 0e3af409956f4c7e07347f35d50e7331-GPTDataset-train-shuffle_index.npy
[NeMo I 2026-03-30 06:50:14 utils:532] > total number of samples: 82644
[NeMo I 2026-03-30 06:50:14 utils:532] Load the _IndexReader from /work/datasets/AI/tokens_luciole_phase1/common-corpus_oecd_multi_text_document.idx
[NeMo I 2026-03-30 06:50:14 utils:532] 	Extract the sequence lengths
[NeMo I 2026-03-30 06:50:14 utils:532] 	Extract the sequence pointers
[NeMo I 2026-03-30 06:50:14 utils:532] 	Extract the document indices
[NeMo I 2026-03-30 06:50:14 utils:532] > total number of sequences: 68581
[NeMo I 2026-03-30 06:50:14 utils:532] > total number of documents: 68581
[NeMo I 2026-03-30 06:50:14 utils:532] Load the GPTDataset train indices
[NeMo I 2026-03-30 06:50:14 utils:532] 	Load the document index from b6cd086337313001b25df2df65dc4979-GPTDataset-train-document_index.npy
[NeMo I 2026-03-30 06:50:14 utils:532] 	Load the sample index from b6cd086337313001b25df2df65dc4979-GPTDataset-train-sample_index.npy
[NeMo I 2026-03-30 06:50:14 utils:532] 	Load the shuffle index from b6cd086337313001b25df2df65dc4979-GPTDataset-train-shuffle_index.npy
[NeMo I 2026-03-30 06:50:14 utils:532] > total number of samples: 243939
[NeMo I 2026-03-30 06:50:14 utils:532] Load the _IndexReader from /work/datasets/AI/tokens_luciole_phase1/common-corpus_tedeutenders_multi_text_document.idx
[NeMo I 2026-03-30 06:50:14 utils:532] 	Extract the sequence lengths
[NeMo I 2026-03-30 06:50:14 utils:532] 	Extract the sequence pointers
[NeMo I 2026-03-30 06:50:14 utils:532] 	Extract the document indices
[NeMo I 2026-03-30 06:50:14 utils:532] > total number of sequences: 51785
[NeMo I 2026-03-30 06:50:14 utils:532] > total number of documents: 51785
[NeMo I 2026-03-30 06:50:14 utils:532] Load the GPTDataset train indices
[NeMo I 2026-03-30 06:50:14 utils:532] 	Load the document index from a64f343cb03a044e015584691cbd866c-GPTDataset-train-document_index.npy
[NeMo I 2026-03-30 06:50:14 utils:532] 	Load the sample index from a64f343cb03a044e015584691cbd866c-GPTDataset-train-sample_index.npy
[NeMo I 2026-03-30 06:50:14 utils:532] 	Load the shuffle index from a64f343cb03a044e015584691cbd866c-GPTDataset-train-shuffle_index.npy
[NeMo I 2026-03-30 06:50:14 utils:532] > total number of samples: 62552
[NeMo I 2026-03-30 06:50:14 utils:532] Load the _IndexReader from /work/datasets/AI/tokens_luciole_phase1/common-corpus_wto_multi_text_document.idx
[NeMo I 2026-03-30 06:50:14 utils:532] 	Extract the sequence lengths
[NeMo I 2026-03-30 06:50:14 utils:532] 	Extract the sequence pointers
[NeMo I 2026-03-30 06:50:14 utils:532] 	Extract the document indices
[NeMo I 2026-03-30 06:50:14 utils:532] > total number of sequences: 644356
[NeMo I 2026-03-30 06:50:14 utils:532] > total number of documents: 644356
[NeMo I 2026-03-30 06:50:14 utils:532] Load the GPTDataset train indices
[NeMo I 2026-03-30 06:50:14 utils:532] 	Load the document index from 899999aa2e00ad0df6aa025824d3a581-GPTDataset-train-document_index.npy
[NeMo I 2026-03-30 06:50:14 utils:532] 	Load the sample index from 899999aa2e00ad0df6aa025824d3a581-GPTDataset-train-sample_index.npy
[NeMo I 2026-03-30 06:50:14 utils:532] 	Load the shuffle index from 899999aa2e00ad0df6aa025824d3a581-GPTDataset-train-shuffle_index.npy
[NeMo I 2026-03-30 06:50:14 utils:532] > total number of samples: 1154559
[NeMo I 2026-03-30 06:50:14 utils:532] Load the _IndexReader from /work/datasets/AI/tokens_luciole_phase1/common-pile_arxiv-abstracts_en_text_document.idx
[NeMo I 2026-03-30 06:50:16 utils:532] 	Extract the sequence lengths
[NeMo I 2026-03-30 06:50:16 utils:532] 	Extract the sequence pointers
[NeMo I 2026-03-30 06:50:16 utils:532] 	Extract the document indices
[NeMo I 2026-03-30 06:50:16 utils:532] > total number of sequences: 2494948
[NeMo I 2026-03-30 06:50:16 utils:532] > total number of documents: 2494948
[NeMo I 2026-03-30 06:50:16 utils:532] Load the GPTDataset train indices
[NeMo I 2026-03-30 06:50:16 utils:532] 	Load the document index from 978e5d407878da5e8c7ccb07f93574f6-GPTDataset-train-document_index.npy
[NeMo I 2026-03-30 06:50:17 utils:532] 	Load the sample index from 978e5d407878da5e8c7ccb07f93574f6-GPTDataset-train-sample_index.npy
[NeMo I 2026-03-30 06:50:17 utils:532] 	Load the shuffle index from 978e5d407878da5e8c7ccb07f93574f6-GPTDataset-train-shuffle_index.npy
[NeMo I 2026-03-30 06:50:17 utils:532] > total number of samples: 280276
[NeMo I 2026-03-30 06:50:17 utils:532] Load the _IndexReader from /work/datasets/AI/tokens_luciole_phase1/common-pile_arxiv-papers_en_text_document.idx
[NeMo I 2026-03-30 06:50:17 utils:532] 	Extract the sequence lengths
[NeMo I 2026-03-30 06:50:17 utils:532] 	Extract the sequence pointers
[NeMo I 2026-03-30 06:50:17 utils:532] 	Extract the document indices
[NeMo I 2026-03-30 06:50:17 utils:532] > total number of sequences: 265829
[NeMo I 2026-03-30 06:50:17 utils:532] > total number of documents: 265829
[NeMo I 2026-03-30 06:50:17 utils:532] Load the GPTDataset train indices
[NeMo I 2026-03-30 06:50:17 utils:532] 	Load the document index from 608896eed76c237d9c3ae1cdd7b03116-GPTDataset-train-document_index.npy
[NeMo I 2026-03-30 06:50:17 utils:532] 	Load the sample index from 608896eed76c237d9c3ae1cdd7b03116-GPTDataset-train-sample_index.npy
[NeMo I 2026-03-30 06:50:17 utils:532] 	Load the shuffle index from 608896eed76c237d9c3ae1cdd7b03116-GPTDataset-train-shuffle_index.npy
[NeMo I 2026-03-30 06:50:17 utils:532] > total number of samples: 2598069
[NeMo I 2026-03-30 06:50:17 utils:532] Load the _IndexReader from /work/datasets/AI/tokens_luciole_phase1/common-pile_biodiversity-heritage-library_en_text_document.idx
[NeMo I 2026-03-30 06:50:17 utils:532] 	Extract the sequence lengths
[NeMo I 2026-03-30 06:50:17 utils:532] 	Extract the sequence pointers
[NeMo I 2026-03-30 06:50:17 utils:532] 	Extract the document indices
[NeMo I 2026-03-30 06:50:17 utils:532] > total number of sequences: 14559324
[NeMo I 2026-03-30 06:50:17 utils:532] > total number of documents: 14559324
[NeMo I 2026-03-30 06:50:17 utils:532] Load the GPTDataset train indices
[NeMo I 2026-03-30 06:50:17 utils:532] 	Load the document index from 7c3c1c36c58a456be99aeb3129c42a47-GPTDataset-train-document_index.npy
[NeMo I 2026-03-30 06:50:17 utils:532] 	Load the sample index from 7c3c1c36c58a456be99aeb3129c42a47-GPTDataset-train-sample_index.npy
[NeMo I 2026-03-30 06:50:17 utils:532] 	Load the shuffle index from 7c3c1c36c58a456be99aeb3129c42a47-GPTDataset-train-shuffle_index.npy
[NeMo I 2026-03-30 06:50:17 utils:532] > total number of samples: 2155443
[NeMo I 2026-03-30 06:50:17 utils:532] Load the _IndexReader from /work/datasets/AI/tokens_luciole_phase1/common-pile_caselaw-access-project_en_text_document.idx
[NeMo I 2026-03-30 06:50:17 utils:532] 	Extract the sequence lengths
[NeMo I 2026-03-30 06:50:17 utils:532] 	Extract the sequence pointers
[NeMo I 2026-03-30 06:50:17 utils:532] 	Extract the document indices
[NeMo I 2026-03-30 06:50:17 utils:532] > total number of sequences: 6675458
[NeMo I 2026-03-30 06:50:17 utils:532] > total number of documents: 6675458
[NeMo I 2026-03-30 06:50:17 utils:532] Load the GPTDataset train indices
[NeMo I 2026-03-30 06:50:17 utils:532] 	Load the document index from ec105bfa9c756daba1dfd117e687d172-GPTDataset-train-document_index.npy
[NeMo I 2026-03-30 06:50:17 utils:532] 	Load the sample index from ec105bfa9c756daba1dfd117e687d172-GPTDataset-train-sample_index.npy
[NeMo I 2026-03-30 06:50:17 utils:532] 	Load the shuffle index from ec105bfa9c756daba1dfd117e687d172-GPTDataset-train-shuffle_index.npy
[NeMo I 2026-03-30 06:50:17 utils:532] > total number of samples: 4648487
[NeMo I 2026-03-30 06:50:17 utils:532] Load the _IndexReader from /work/datasets/AI/tokens_luciole_phase1/common-pile_doab_en_text_document.idx
[NeMo I 2026-03-30 06:50:17 utils:532] 	Extract the sequence lengths
[NeMo I 2026-03-30 06:50:17 utils:532] 	Extract the sequence pointers
[NeMo I 2026-03-30 06:50:17 utils:532] 	Extract the document indices
[NeMo I 2026-03-30 06:50:17 utils:532] > total number of sequences: 392508
[NeMo I 2026-03-30 06:50:17 utils:532] > total number of documents: 392508
[NeMo I 2026-03-30 06:50:17 utils:532] Load the GPTDataset train indices
[NeMo I 2026-03-30 06:50:17 utils:532] 	Load the document index from 95b255fdfe8df21733b838fde7ffb303-GPTDataset-train-document_index.npy
[NeMo I 2026-03-30 06:50:17 utils:532] 	Load the sample index from 95b255fdfe8df21733b838fde7ffb303-GPTDataset-train-sample_index.npy
[NeMo I 2026-03-30 06:50:17 utils:532] 	Load the shuffle index from 95b255fdfe8df21733b838fde7ffb303-GPTDataset-train-shuffle_index.npy
[NeMo I 2026-03-30 06:50:17 utils:532] > total number of samples: 1425572
[NeMo I 2026-03-30 06:50:17 utils:532] Load the _IndexReader from /work/datasets/AI/tokens_luciole_phase1/common-pile_foodista_en_text_document.idx
[NeMo I 2026-03-30 06:50:17 utils:532] 	Extract the sequence lengths
[NeMo I 2026-03-30 06:50:17 utils:532] 	Extract the sequence pointers
[NeMo I 2026-03-30 06:50:17 utils:532] 	Extract the document indices
[NeMo I 2026-03-30 06:50:17 utils:532] > total number of sequences: 64362
[NeMo I 2026-03-30 06:50:17 utils:532] > total number of documents: 64362
[NeMo I 2026-03-30 06:50:17 utils:532] Load the GPTDataset train indices
[NeMo I 2026-03-30 06:50:17 utils:532] 	Load the document index from ce26f4c8e127de4a3d70bf0e960f511b-GPTDataset-train-document_index.npy
[NeMo I 2026-03-30 06:50:17 utils:532] 	Load the sample index from ce26f4c8e127de4a3d70bf0e960f511b-GPTDataset-train-sample_index.npy
[NeMo I 2026-03-30 06:50:17 utils:532] 	Load the shuffle index from ce26f4c8e127de4a3d70bf0e960f511b-GPTDataset-train-shuffle_index.npy
[NeMo I 2026-03-30 06:50:17 utils:532] > total number of samples: 11206
[NeMo I 2026-03-30 06:50:17 utils:532] Load the _IndexReader from /work/datasets/AI/tokens_luciole_phase1/common-pile_github-archive_en_text_document.idx
[NeMo I 2026-03-30 06:50:17 utils:532] 	Extract the sequence lengths
[NeMo I 2026-03-30 06:50:17 utils:532] 	Extract the sequence pointers
[NeMo I 2026-03-30 06:50:17 utils:532] 	Extract the document indices
[NeMo I 2026-03-30 06:50:17 utils:532] > total number of sequences: 21453611
[NeMo I 2026-03-30 06:50:17 utils:532] > total number of documents: 21453611
[NeMo I 2026-03-30 06:50:17 utils:532] Load the GPTDataset train indices
[NeMo I 2026-03-30 06:50:17 utils:532] 	Load the document index from 24c349adb8df689f5f8e3c132574a8db-GPTDataset-train-document_index.npy
[NeMo I 2026-03-30 06:50:17 utils:532] 	Load the sample index from 24c349adb8df689f5f8e3c132574a8db-GPTDataset-train-sample_index.npy
[NeMo I 2026-03-30 06:50:17 utils:532] 	Load the shuffle index from 24c349adb8df689f5f8e3c132574a8db-GPTDataset-train-shuffle_index.npy
[NeMo I 2026-03-30 06:50:17 utils:532] > total number of samples: 4488442
[NeMo I 2026-03-30 06:50:17 utils:532] Load the _IndexReader from /work/datasets/AI/tokens_luciole_phase1/common-pile_library-of-congress_en_text_document.idx
[NeMo I 2026-03-30 06:50:17 utils:532] 	Extract the sequence lengths
[NeMo I 2026-03-30 06:50:17 utils:532] 	Extract the sequence pointers
[NeMo I 2026-03-30 06:50:17 utils:532] 	Extract the document indices
[NeMo I 2026-03-30 06:50:17 utils:532] > total number of sequences: 128517
[NeMo I 2026-03-30 06:50:17 utils:532] > total number of documents: 128517
[NeMo I 2026-03-30 06:50:17 utils:532] Load the GPTDataset train indices
[NeMo I 2026-03-30 06:50:17 utils:532] 	Load the document index from 32fcea92eadf81eda1ef5e479f98cc85-GPTDataset-train-document_index.npy
[NeMo I 2026-03-30 06:50:17 utils:532] 	Load the sample index from 32fcea92eadf81eda1ef5e479f98cc85-GPTDataset-train-sample_index.npy
[NeMo I 2026-03-30 06:50:17 utils:532] 	Load the shuffle index from 32fcea92eadf81eda1ef5e479f98cc85-GPTDataset-train-shuffle_index.npy
[NeMo I 2026-03-30 06:50:17 utils:532] > total number of samples: 2030664
[NeMo I 2026-03-30 06:50:17 utils:532] Load the _IndexReader from /work/datasets/AI/tokens_luciole_phase1/common-pile_libretexts_en_text_document.idx
[NeMo I 2026-03-30 06:50:17 utils:532] 	Extract the sequence lengths
[NeMo I 2026-03-30 06:50:17 utils:532] 	Extract the sequence pointers
[NeMo I 2026-03-30 06:50:17 utils:532] 	Extract the document indices
[NeMo I 2026-03-30 06:50:17 utils:532] > total number of sequences: 39197
[NeMo I 2026-03-30 06:50:17 utils:532] > total number of documents: 39197
[NeMo I 2026-03-30 06:50:17 utils:532] Load the GPTDataset train indices
[NeMo I 2026-03-30 06:50:17 utils:532] 	Load the document index from 59f138e65187f3a05870ceada4e6b6d4-GPTDataset-train-document_index.npy
[NeMo I 2026-03-30 06:50:17 utils:532] 	Load the sample index from 59f138e65187f3a05870ceada4e6b6d4-GPTDataset-train-sample_index.npy
[NeMo I 2026-03-30 06:50:17 utils:532] 	Load the shuffle index from 59f138e65187f3a05870ceada4e6b6d4-GPTDataset-train-shuffle_index.npy
[NeMo I 2026-03-30 06:50:17 utils:532] > total number of samples: 42098
[NeMo I 2026-03-30 06:50:17 utils:532] Load the _IndexReader from /work/datasets/AI/tokens_luciole_phase1/common-pile_news_en_text_document.idx
[NeMo I 2026-03-30 06:50:17 utils:532] 	Extract the sequence lengths
[NeMo I 2026-03-30 06:50:17 utils:532] 	Extract the sequence pointers
[NeMo I 2026-03-30 06:50:17 utils:532] 	Extract the document indices
[NeMo I 2026-03-30 06:50:17 utils:532] > total number of sequences: 124462
[NeMo I 2026-03-30 06:50:17 utils:532] > total number of documents: 124462
[NeMo I 2026-03-30 06:50:17 utils:532] Load the GPTDataset train indices
[NeMo I 2026-03-30 06:50:17 utils:532] 	Load the document index from bfa8f51461bce61153eb586fb1ecd2dc-GPTDataset-train-document_index.npy
[NeMo I 2026-03-30 06:50:17 utils:532] 	Load the sample index from bfa8f51461bce61153eb586fb1ecd2dc-GPTDataset-train-sample_index.npy
[NeMo I 2026-03-30 06:50:17 utils:532] 	Load the shuffle index from bfa8f51461bce61153eb586fb1ecd2dc-GPTDataset-train-shuffle_index.npy
[NeMo I 2026-03-30 06:50:17 utils:532] > total number of samples: 28708
[NeMo I 2026-03-30 06:50:17 utils:532] Load the _IndexReader from /work/datasets/AI/tokens_luciole_phase1/common-pile_oercommons_en_text_document.idx
[NeMo I 2026-03-30 06:50:17 utils:532] 	Extract the sequence lengths
[NeMo I 2026-03-30 06:50:17 utils:532] 	Extract the sequence pointers
[NeMo I 2026-03-30 06:50:17 utils:532] 	Extract the document indices
[NeMo I 2026-03-30 06:50:17 utils:532] > total number of sequences: 5209
[NeMo I 2026-03-30 06:50:17 utils:532] > total number of documents: 5209
[NeMo I 2026-03-30 06:50:17 utils:532] Load the GPTDataset train indices
[NeMo I 2026-03-30 06:50:17 utils:532] 	Load the document index from d84be8ded1d9263c60b37e2dd2ccae0f-GPTDataset-train-document_index.npy
[NeMo I 2026-03-30 06:50:17 utils:532] 	Load the sample index from d84be8ded1d9263c60b37e2dd2ccae0f-GPTDataset-train-sample_index.npy
[NeMo I 2026-03-30 06:50:17 utils:532] 	Load the shuffle index from d84be8ded1d9263c60b37e2dd2ccae0f-GPTDataset-train-shuffle_index.npy
[NeMo I 2026-03-30 06:50:17 utils:532] > total number of samples: 5497
[NeMo I 2026-03-30 06:50:17 utils:532] Load the _IndexReader from /work/datasets/AI/tokens_luciole_phase1/common-pile_peS2o_en_text_document.idx
[NeMo I 2026-03-30 06:50:17 utils:532] 	Extract the sequence lengths
[NeMo I 2026-03-30 06:50:17 utils:532] 	Extract the sequence pointers
[NeMo I 2026-03-30 06:50:17 utils:532] 	Extract the document indices
[NeMo I 2026-03-30 06:50:17 utils:532] > total number of sequences: 6108597
[NeMo I 2026-03-30 06:50:17 utils:532] > total number of documents: 6108597
[NeMo I 2026-03-30 06:50:17 utils:532] Load the GPTDataset train indices
[NeMo I 2026-03-30 06:50:17 utils:532] 	Load the document index from 9e039f577ccdd45b49b326fda56daf9d-GPTDataset-train-document_index.npy
[NeMo I 2026-03-30 06:50:17 utils:532] 	Load the sample index from 9e039f577ccdd45b49b326fda56daf9d-GPTDataset-train-sample_index.npy
[NeMo I 2026-03-30 06:50:17 utils:532] 	Load the shuffle index from 9e039f577ccdd45b49b326fda56daf9d-GPTDataset-train-shuffle_index.npy
[NeMo I 2026-03-30 06:50:17 utils:532] > total number of samples: 20333050
[NeMo I 2026-03-30 06:50:17 utils:532] Load the _IndexReader from /work/datasets/AI/tokens_luciole_phase1/common-pile_pre-1929-books_en_text_document.idx
[NeMo I 2026-03-30 06:50:17 utils:532] 	Extract the sequence lengths
[NeMo I 2026-03-30 06:50:17 utils:532] 	Extract the sequence pointers
[NeMo I 2026-03-30 06:50:17 utils:532] 	Extract the document indices
[NeMo I 2026-03-30 06:50:17 utils:532] > total number of sequences: 124257
[NeMo I 2026-03-30 06:50:17 utils:532] > total number of documents: 124257
[NeMo I 2026-03-30 06:50:17 utils:532] Load the GPTDataset train indices
[NeMo I 2026-03-30 06:50:17 utils:532] 	Load the document index from 74731a6e40c4ceaa81c8c96085bfd237-GPTDataset-train-document_index.npy
[NeMo I 2026-03-30 06:50:17 utils:532] 	Load the sample index from 74731a6e40c4ceaa81c8c96085bfd237-GPTDataset-train-sample_index.npy
[NeMo I 2026-03-30 06:50:17 utils:532] 	Load the shuffle index from 74731a6e40c4ceaa81c8c96085bfd237-GPTDataset-train-shuffle_index.npy
[NeMo I 2026-03-30 06:50:17 utils:532] > total number of samples: 2657587
[NeMo I 2026-03-30 06:50:17 utils:532] Load the _IndexReader from /work/datasets/AI/tokens_luciole_phase1/common-pile_pressbooks_en_text_document.idx
[NeMo I 2026-03-30 06:50:17 utils:532] 	Extract the sequence lengths
[NeMo I 2026-03-30 06:50:17 utils:532] 	Extract the sequence pointers
[NeMo I 2026-03-30 06:50:17 utils:532] 	Extract the document indices
[NeMo I 2026-03-30 06:50:17 utils:532] > total number of sequences: 53819
[NeMo I 2026-03-30 06:50:17 utils:532] > total number of documents: 53819
[NeMo I 2026-03-30 06:50:17 utils:532] Load the GPTDataset train indices
[NeMo I 2026-03-30 06:50:17 utils:532] 	Load the document index from 48e6de04e97c2a9e86d1e0a8bd74b72e-GPTDataset-train-document_index.npy
[NeMo I 2026-03-30 06:50:17 utils:532] 	Load the sample index from 48e6de04e97c2a9e86d1e0a8bd74b72e-GPTDataset-train-sample_index.npy
[NeMo I 2026-03-30 06:50:17 utils:532] 	Load the shuffle index from 48e6de04e97c2a9e86d1e0a8bd74b72e-GPTDataset-train-shuffle_index.npy
[NeMo I 2026-03-30 06:50:17 utils:532] > total number of samples: 63783
[NeMo I 2026-03-30 06:50:17 utils:532] Load the _IndexReader from /work/datasets/AI/tokens_luciole_phase1/common-pile_public-domain-review_en_text_document.idx
[NeMo I 2026-03-30 06:50:17 utils:532] 	Extract the sequence lengths
[NeMo I 2026-03-30 06:50:17 utils:532] 	Extract the sequence pointers
[NeMo I 2026-03-30 06:50:17 utils:532] 	Extract the document indices
[NeMo I 2026-03-30 06:50:17 utils:532] > total number of sequences: 1406
[NeMo I 2026-03-30 06:50:17 utils:532] > total number of documents: 1406
[NeMo I 2026-03-30 06:50:17 utils:532] Load the GPTDataset train indices
[NeMo I 2026-03-30 06:50:17 utils:532] 	Load the document index from 6f9e86b1a98763d6698d1e9954f5edd0-GPTDataset-train-document_index.npy
[NeMo I 2026-03-30 06:50:17 utils:532] 	Load the sample index from 6f9e86b1a98763d6698d1e9954f5edd0-GPTDataset-train-sample_index.npy
[NeMo I 2026-03-30 06:50:17 utils:532] 	Load the shuffle index from 6f9e86b1a98763d6698d1e9954f5edd0-GPTDataset-train-shuffle_index.npy
[NeMo I 2026-03-30 06:50:17 utils:532] > total number of samples: 765
[NeMo I 2026-03-30 06:50:17 utils:532] Load the _IndexReader from /work/datasets/AI/tokens_luciole_phase1/common-pile_pubmed_en_text_document.idx
[NeMo I 2026-03-30 06:50:17 utils:532] 	Extract the sequence lengths
[NeMo I 2026-03-30 06:50:17 utils:532] 	Extract the sequence pointers
[NeMo I 2026-03-30 06:50:17 utils:532] 	Extract the document indices
[NeMo I 2026-03-30 06:50:17 utils:532] > total number of sequences: 3775036
[NeMo I 2026-03-30 06:50:17 utils:532] > total number of documents: 3775036
[NeMo I 2026-03-30 06:50:17 utils:532] Load the GPTDataset train indices
[NeMo I 2026-03-30 06:50:17 utils:532] 	Load the document index from ed9c7e8ff0fc787ece92a31011aade01-GPTDataset-train-document_index.npy
[NeMo I 2026-03-30 06:50:17 utils:532] 	Load the sample index from ed9c7e8ff0fc787ece92a31011aade01-GPTDataset-train-sample_index.npy
[NeMo I 2026-03-30 06:50:17 utils:532] 	Load the shuffle index from ed9c7e8ff0fc787ece92a31011aade01-GPTDataset-train-shuffle_index.npy
[NeMo I 2026-03-30 06:50:17 utils:532] > total number of samples: 9346505
[NeMo I 2026-03-30 06:50:17 utils:532] Load the _IndexReader from /work/datasets/AI/tokens_luciole_phase1/common-pile_python-enhancement-proposals_en_text_document.idx
[NeMo I 2026-03-30 06:50:17 utils:532] 	Extract the sequence lengths
[NeMo I 2026-03-30 06:50:17 utils:532] 	Extract the sequence pointers
[NeMo I 2026-03-30 06:50:17 utils:532] 	Extract the document indices
[NeMo I 2026-03-30 06:50:17 utils:532] > total number of sequences: 646
[NeMo I 2026-03-30 06:50:17 utils:532] > total number of documents: 646
[NeMo I 2026-03-30 06:50:17 utils:532] Load the GPTDataset train indices
[NeMo I 2026-03-30 06:50:17 utils:532] 	Load the document index from 86d7711a29ef80b8e2382302c0d50784-GPTDataset-train-document_index.npy
[NeMo I 2026-03-30 06:50:17 utils:532] 	Load the sample index from 86d7711a29ef80b8e2382302c0d50784-GPTDataset-train-sample_index.npy
[NeMo I 2026-03-30 06:50:17 utils:532] 	Load the shuffle index from 86d7711a29ef80b8e2382302c0d50784-GPTDataset-train-shuffle_index.npy
[NeMo I 2026-03-30 06:50:17 utils:532] > total number of samples: 1305
[NeMo I 2026-03-30 06:50:17 utils:532] Load the _IndexReader from /work/datasets/AI/tokens_luciole_phase1/common-pile_regulations_en_text_document.idx
[NeMo I 2026-03-30 06:50:17 utils:532] 	Extract the sequence lengths
[NeMo I 2026-03-30 06:50:17 utils:532] 	Extract the sequence pointers
[NeMo I 2026-03-30 06:50:17 utils:532] 	Extract the document indices
[NeMo I 2026-03-30 06:50:17 utils:532] > total number of sequences: 188458
[NeMo I 2026-03-30 06:50:17 utils:532] > total number of documents: 188458
[NeMo I 2026-03-30 06:50:17 utils:532] Load the GPTDataset train indices
[NeMo I 2026-03-30 06:50:17 utils:532] 	Load the document index from 89b0a7e11cdc7ad898db82aa581381d4-GPTDataset-train-document_index.npy
[NeMo I 2026-03-30 06:50:17 utils:532] 	Load the sample index from 89b0a7e11cdc7ad898db82aa581381d4-GPTDataset-train-sample_index.npy
[NeMo I 2026-03-30 06:50:17 utils:532] 	Load the shuffle index from 89b0a7e11cdc7ad898db82aa581381d4-GPTDataset-train-shuffle_index.npy
[NeMo I 2026-03-30 06:50:17 utils:532] > total number of samples: 532346
[NeMo I 2026-03-30 06:50:17 utils:532] Load the _IndexReader from /work/datasets/AI/tokens_luciole_phase1/common-pile_stackexchange_en_text_document.idx
[NeMo I 2026-03-30 06:50:17 utils:532] 	Extract the sequence lengths
[NeMo I 2026-03-30 06:50:17 utils:532] 	Extract the sequence pointers
[NeMo I 2026-03-30 06:50:17 utils:532] 	Extract the document indices
[NeMo I 2026-03-30 06:50:17 utils:532] > total number of sequences: 27698689
[NeMo I 2026-03-30 06:50:17 utils:532] > total number of documents: 27698689
[NeMo I 2026-03-30 06:50:17 utils:532] Load the GPTDataset train indices
[NeMo I 2026-03-30 06:50:17 utils:532] 	Load the document index from 19c7ff469537bb065841354a73066c3c-GPTDataset-train-document_index.npy
[NeMo I 2026-03-30 06:50:17 utils:532] 	Load the sample index from 19c7ff469537bb065841354a73066c3c-GPTDataset-train-sample_index.npy
[NeMo I 2026-03-30 06:50:17 utils:532] 	Load the shuffle index from 19c7ff469537bb065841354a73066c3c-GPTDataset-train-shuffle_index.npy
[NeMo I 2026-03-30 06:50:17 utils:532] > total number of samples: 9970719
[NeMo I 2026-03-30 06:50:17 utils:532] Load the _IndexReader from /work/datasets/AI/tokens_luciole_phase1/common-pile_ubuntu-irc_en_text_document.idx
[NeMo I 2026-03-30 06:50:18 utils:532] 	Extract the sequence lengths
[NeMo I 2026-03-30 06:50:18 utils:532] 	Extract the sequence pointers
[NeMo I 2026-03-30 06:50:18 utils:532] 	Extract the document indices
[NeMo I 2026-03-30 06:50:18 utils:532] > total number of sequences: 214985
[NeMo I 2026-03-30 06:50:18 utils:532] > total number of documents: 214985
[NeMo I 2026-03-30 06:50:18 utils:532] Load the GPTDataset train indices
[NeMo I 2026-03-30 06:50:18 utils:532] 	Load the document index from 4d4ee5eb2bed3536cc74337a566a5bfb-GPTDataset-train-document_index.npy
[NeMo I 2026-03-30 06:50:18 utils:532] 	Load the sample index from 4d4ee5eb2bed3536cc74337a566a5bfb-GPTDataset-train-sample_index.npy
[NeMo I 2026-03-30 06:50:18 utils:532] 	Load the shuffle index from 4d4ee5eb2bed3536cc74337a566a5bfb-GPTDataset-train-shuffle_index.npy
[NeMo I 2026-03-30 06:50:18 utils:532] > total number of samples: 965661
[NeMo I 2026-03-30 06:50:18 utils:532] Load the _IndexReader from /work/datasets/AI/tokens_luciole_phase1/common-pile_youtube_en_text_document.idx
[NeMo I 2026-03-30 06:50:18 utils:532] 	Extract the sequence lengths
[NeMo I 2026-03-30 06:50:18 utils:532] 	Extract the sequence pointers
[NeMo I 2026-03-30 06:50:18 utils:532] 	Extract the document indices
[NeMo I 2026-03-30 06:50:18 utils:532] > total number of sequences: 984915
[NeMo I 2026-03-30 06:50:18 utils:532] > total number of documents: 984915
[NeMo I 2026-03-30 06:50:18 utils:532] Load the GPTDataset train indices
[NeMo I 2026-03-30 06:50:18 utils:532] 	Load the document index from eb75be21094bb4512c69e5510aa37e7e-GPTDataset-train-document_index.npy
[NeMo I 2026-03-30 06:50:18 utils:532] 	Load the sample index from eb75be21094bb4512c69e5510aa37e7e-GPTDataset-train-sample_index.npy
[NeMo I 2026-03-30 06:50:18 utils:532] 	Load the shuffle index from eb75be21094bb4512c69e5510aa37e7e-GPTDataset-train-shuffle_index.npy
[NeMo I 2026-03-30 06:50:18 utils:532] > total number of samples: 1023829
[NeMo I 2026-03-30 06:50:18 utils:532] Load the _IndexReader from /work/datasets/AI/tokens_luciole_phase1/croissant-aligned_aligned_text_document.idx
[NeMo I 2026-03-30 06:50:18 utils:532] 	Extract the sequence lengths
[NeMo I 2026-03-30 06:50:18 utils:532] 	Extract the sequence pointers
[NeMo I 2026-03-30 06:50:18 utils:532] 	Extract the document indices
[NeMo I 2026-03-30 06:50:18 utils:532] > total number of sequences: 408028865
[NeMo I 2026-03-30 06:50:18 utils:532] > total number of documents: 408028865
[NeMo I 2026-03-30 06:50:18 utils:532] Load the GPTDataset train indices
[NeMo I 2026-03-30 06:50:18 utils:532] 	Load the document index from 4599affe3f6652fa2642e4001d2d95be-GPTDataset-train-document_index.npy
[NeMo I 2026-03-30 06:50:18 utils:532] 	Load the sample index from 4599affe3f6652fa2642e4001d2d95be-GPTDataset-train-sample_index.npy
[NeMo I 2026-03-30 06:50:18 utils:532] 	Load the shuffle index from 4599affe3f6652fa2642e4001d2d95be-GPTDataset-train-shuffle_index.npy
[NeMo I 2026-03-30 06:50:18 utils:532] > total number of samples: 17427696
[NeMo I 2026-03-30 06:50:18 utils:532] Load the _IndexReader from /work/datasets/AI/tokens_luciole_phase1/culturax_fr_text_document_ratio1.30_phase0.idx
[NeMo I 2026-03-30 06:50:18 utils:532] 	Extract the sequence lengths
[NeMo I 2026-03-30 06:50:18 utils:532] 	Extract the sequence pointers
[NeMo I 2026-03-30 06:50:18 utils:532] 	Extract the document indices
[NeMo I 2026-03-30 06:50:18 utils:532] > total number of sequences: 315407250
[NeMo I 2026-03-30 06:50:18 utils:532] > total number of documents: 315407250
[NeMo I 2026-03-30 06:50:19 utils:532] Load the GPTDataset train indices
[NeMo I 2026-03-30 06:50:19 utils:532] 	Load the document index from 5b4b380cd0d2debe889f3a6e24330ee2-GPTDataset-train-document_index.npy
[NeMo I 2026-03-30 06:50:19 utils:532] 	Load the sample index from 5b4b380cd0d2debe889f3a6e24330ee2-GPTDataset-train-sample_index.npy
[NeMo I 2026-03-30 06:50:19 utils:532] 	Load the shuffle index from 5b4b380cd0d2debe889f3a6e24330ee2-GPTDataset-train-shuffle_index.npy
[NeMo I 2026-03-30 06:50:19 utils:532] > total number of samples: 114034914
[NeMo I 2026-03-30 06:50:19 utils:532] Load the _IndexReader from /work/datasets/AI/tokens_luciole_phase1/dclm-dolmino_en_text_document_ratio0.75_phase0.idx
[NeMo I 2026-03-30 06:50:19 utils:532] 	Extract the sequence lengths
[NeMo I 2026-03-30 06:50:19 utils:532] 	Extract the sequence pointers
[NeMo I 2026-03-30 06:50:19 utils:532] 	Extract the document indices
[NeMo I 2026-03-30 06:50:19 utils:532] > total number of sequences: 298566785
[NeMo I 2026-03-30 06:50:19 utils:532] > total number of documents: 298566785
[NeMo I 2026-03-30 06:50:19 utils:532] Load the GPTDataset train indices
[NeMo I 2026-03-30 06:50:19 utils:532] 	Load the document index from c39c995029d3a3bb44e5e8a1c891e319-GPTDataset-train-document_index.npy
[NeMo I 2026-03-30 06:50:19 utils:532] 	Load the sample index from c39c995029d3a3bb44e5e8a1c891e319-GPTDataset-train-sample_index.npy
[NeMo I 2026-03-30 06:50:19 utils:532] 	Load the shuffle index from c39c995029d3a3bb44e5e8a1c891e319-GPTDataset-train-shuffle_index.npy
[NeMo I 2026-03-30 06:50:19 utils:532] > total number of samples: 186006443
[NeMo I 2026-03-30 06:50:19 utils:532] Load the _IndexReader from /work/datasets/AI/tokens_luciole_phase1/europarl_aligned_text_document.idx
[NeMo I 2026-03-30 06:50:19 utils:532] 	Extract the sequence lengths
[NeMo I 2026-03-30 06:50:19 utils:532] 	Extract the sequence pointers
[NeMo I 2026-03-30 06:50:19 utils:532] 	Extract the document indices
[NeMo I 2026-03-30 06:50:19 utils:532] > total number of sequences: 11600886
[NeMo I 2026-03-30 06:50:19 utils:532] > total number of documents: 11600886
[NeMo I 2026-03-30 06:50:19 utils:532] Load the GPTDataset train indices
[NeMo I 2026-03-30 06:50:19 utils:532] 	Load the document index from 24010f92c8471bed5d674d2f54bf0a0b-GPTDataset-train-document_index.npy
[NeMo I 2026-03-30 06:50:19 utils:532] 	Load the sample index from 24010f92c8471bed5d674d2f54bf0a0b-GPTDataset-train-sample_index.npy
[NeMo I 2026-03-30 06:50:19 utils:532] 	Load the shuffle index from 24010f92c8471bed5d674d2f54bf0a0b-GPTDataset-train-shuffle_index.npy
[NeMo I 2026-03-30 06:50:19 utils:532] > total number of samples: 431215
[NeMo I 2026-03-30 06:50:19 utils:532] Load the _IndexReader from /work/datasets/AI/tokens_luciole_phase1/europarl_multi_text_document.idx
[NeMo I 2026-03-30 06:50:19 utils:532] 	Extract the sequence lengths
[NeMo I 2026-03-30 06:50:19 utils:532] 	Extract the sequence pointers
[NeMo I 2026-03-30 06:50:19 utils:532] 	Extract the document indices
[NeMo I 2026-03-30 06:50:19 utils:532] > total number of sequences: 62440
[NeMo I 2026-03-30 06:50:19 utils:532] > total number of documents: 62440
[NeMo I 2026-03-30 06:50:19 utils:532] Load the GPTDataset train indices
[NeMo I 2026-03-30 06:50:19 utils:532] 	Load the document index from cee6530401c9e273fcaa2ad66a04cc7c-GPTDataset-train-document_index.npy
[NeMo I 2026-03-30 06:50:19 utils:532] 	Load the sample index from cee6530401c9e273fcaa2ad66a04cc7c-GPTDataset-train-sample_index.npy
[NeMo I 2026-03-30 06:50:19 utils:532] 	Load the shuffle index from cee6530401c9e273fcaa2ad66a04cc7c-GPTDataset-train-shuffle_index.npy
[NeMo I 2026-03-30 06:50:19 utils:532] > total number of samples: 199504
[NeMo I 2026-03-30 06:50:19 utils:532] Load the _IndexReader from /work/datasets/AI/tokens_luciole_phase1/eurovoc_filtered_multi_text_document.idx
[NeMo I 2026-03-30 06:50:19 utils:532] 	Extract the sequence lengths
[NeMo I 2026-03-30 06:50:19 utils:532] 	Extract the sequence pointers
[NeMo I 2026-03-30 06:50:19 utils:532] 	Extract the document indices
[NeMo I 2026-03-30 06:50:19 utils:532] > total number of sequences: 1748652
[NeMo I 2026-03-30 06:50:19 utils:532] > total number of documents: 1748652
[NeMo I 2026-03-30 06:50:19 utils:532] Load the GPTDataset train indices
[NeMo I 2026-03-30 06:50:19 utils:532] 	Load the document index from c766128bdd0db889d13167a04644a908-GPTDataset-train-document_index.npy
[NeMo I 2026-03-30 06:50:20 utils:532] 	Load the sample index from c766128bdd0db889d13167a04644a908-GPTDataset-train-sample_index.npy
[NeMo I 2026-03-30 06:50:20 utils:532] 	Load the shuffle index from c766128bdd0db889d13167a04644a908-GPTDataset-train-shuffle_index.npy
[NeMo I 2026-03-30 06:50:20 utils:532] > total number of samples: 4300183
[NeMo I 2026-03-30 06:50:20 utils:532] Load the _IndexReader from /work/datasets/AI/tokens_luciole_phase1/fineweb-edu_en_text_document_ratio0.75_phase0.idx
[NeMo I 2026-03-30 06:50:20 utils:532] 	Extract the sequence lengths
[NeMo I 2026-03-30 06:50:20 utils:532] 	Extract the sequence pointers
[NeMo I 2026-03-30 06:50:20 utils:532] 	Extract the document indices
[NeMo I 2026-03-30 06:50:20 utils:532] > total number of sequences: 835116868
[NeMo I 2026-03-30 06:50:20 utils:532] > total number of documents: 835116868
[NeMo I 2026-03-30 06:50:21 utils:532] Load the GPTDataset train indices
[NeMo I 2026-03-30 06:50:21 utils:532] 	Load the document index from f1cdf8b16cd7fe4e9168345ccab9feff-GPTDataset-train-document_index.npy
[NeMo I 2026-03-30 06:50:21 utils:532] 	Load the sample index from f1cdf8b16cd7fe4e9168345ccab9feff-GPTDataset-train-sample_index.npy
[NeMo I 2026-03-30 06:50:21 utils:532] 	Load the shuffle index from f1cdf8b16cd7fe4e9168345ccab9feff-GPTDataset-train-shuffle_index.npy
[NeMo I 2026-03-30 06:50:21 utils:532] > total number of samples: 429535986
[NeMo I 2026-03-30 06:50:21 utils:532] Load the _IndexReader from /work/datasets/AI/tokens_luciole_phase1/fineweb2_ar_text_document_ratio0.50_phase0.idx
[NeMo I 2026-03-30 06:50:21 utils:532] 	Extract the sequence lengths
[NeMo I 2026-03-30 06:50:21 utils:532] 	Extract the sequence pointers
[NeMo I 2026-03-30 06:50:21 utils:532] 	Extract the document indices
[NeMo I 2026-03-30 06:50:21 utils:532] > total number of sequences: 20389602
[NeMo I 2026-03-30 06:50:21 utils:532] > total number of documents: 20389602
[NeMo I 2026-03-30 06:50:21 utils:532] Load the GPTDataset train indices
[NeMo I 2026-03-30 06:50:21 utils:532] 	Load the document index from 315209e82ee665996ec7a22a6013a09a-GPTDataset-train-document_index.npy
[NeMo I 2026-03-30 06:50:21 utils:532] 	Load the sample index from 315209e82ee665996ec7a22a6013a09a-GPTDataset-train-sample_index.npy
[NeMo I 2026-03-30 06:50:21 utils:532] 	Load the shuffle index from 315209e82ee665996ec7a22a6013a09a-GPTDataset-train-shuffle_index.npy
[NeMo I 2026-03-30 06:50:21 utils:532] > total number of samples: 6701245
[NeMo I 2026-03-30 06:50:21 utils:532] Load the _IndexReader from /work/datasets/AI/tokens_luciole_phase1/fineweb2_ca_text_document_ratio0.05_phase0.idx
[NeMo I 2026-03-30 06:50:21 utils:532] 	Extract the sequence lengths
[NeMo I 2026-03-30 06:50:21 utils:532] 	Extract the sequence pointers
[NeMo I 2026-03-30 06:50:21 utils:532] 	Extract the document indices
[NeMo I 2026-03-30 06:50:21 utils:532] > total number of sequences: 535774
[NeMo I 2026-03-30 06:50:21 utils:532] > total number of documents: 535774
[NeMo I 2026-03-30 06:50:21 utils:532] Load the GPTDataset train indices
[NeMo I 2026-03-30 06:50:21 utils:532] 	Load the document index from e4f9c375fed378be4a08cc2c1a6c42be-GPTDataset-train-document_index.npy
[NeMo I 2026-03-30 06:50:21 utils:532] 	Load the sample index from e4f9c375fed378be4a08cc2c1a6c42be-GPTDataset-train-sample_index.npy
[NeMo I 2026-03-30 06:50:21 utils:532] 	Load the shuffle index from e4f9c375fed378be4a08cc2c1a6c42be-GPTDataset-train-shuffle_index.npy
[NeMo I 2026-03-30 06:50:21 utils:532] > total number of samples: 185293
[NeMo I 2026-03-30 06:50:21 utils:532] Load the _IndexReader from /work/datasets/AI/tokens_luciole_phase1/fineweb2_de_text_document_ratio0.50_phase0.idx
[NeMo I 2026-03-30 06:50:21 utils:532] 	Extract the sequence lengths
[NeMo I 2026-03-30 06:50:21 utils:532] 	Extract the sequence pointers
[NeMo I 2026-03-30 06:50:21 utils:532] 	Extract the document indices
[NeMo I 2026-03-30 06:50:21 utils:532] > total number of sequences: 160974108
[NeMo I 2026-03-30 06:50:21 utils:532] > total number of documents: 160974108
[NeMo I 2026-03-30 06:50:21 utils:532] Load the GPTDataset train indices
[NeMo I 2026-03-30 06:50:21 utils:532] 	Load the document index from 2e92418a43da23474e457ec430818fa1-GPTDataset-train-document_index.npy
[NeMo I 2026-03-30 06:50:21 utils:532] 	Load the sample index from 2e92418a43da23474e457ec430818fa1-GPTDataset-train-sample_index.npy
[NeMo I 2026-03-30 06:50:21 utils:532] 	Load the shuffle index from 2e92418a43da23474e457ec430818fa1-GPTDataset-train-shuffle_index.npy
[NeMo I 2026-03-30 06:50:21 utils:532] > total number of samples: 54348639
[NeMo I 2026-03-30 06:50:21 utils:532] Load the _IndexReader from /work/datasets/AI/tokens_luciole_phase1/fineweb2_es_text_document_ratio0.50_phase0.idx
[NeMo I 2026-03-30 06:50:21 utils:532] 	Extract the sequence lengths
[NeMo I 2026-03-30 06:50:21 utils:532] 	Extract the sequence pointers
[NeMo I 2026-03-30 06:50:21 utils:532] 	Extract the document indices
[NeMo I 2026-03-30 06:50:21 utils:532] > total number of sequences: 141473237
[NeMo I 2026-03-30 06:50:21 utils:532] > total number of documents: 141473237
[NeMo I 2026-03-30 06:50:21 utils:532] Load the GPTDataset train indices
[NeMo I 2026-03-30 06:50:21 utils:532] 	Load the document index from fd4241fd799b5c84133a17a3bb263779-GPTDataset-train-document_index.npy
[NeMo I 2026-03-30 06:50:21 utils:532] 	Load the sample index from fd4241fd799b5c84133a17a3bb263779-GPTDataset-train-sample_index.npy
[NeMo I 2026-03-30 06:50:21 utils:532] 	Load the shuffle index from fd4241fd799b5c84133a17a3bb263779-GPTDataset-train-shuffle_index.npy
[NeMo I 2026-03-30 06:50:21 utils:532] > total number of samples: 48782622
[NeMo I 2026-03-30 06:50:21 utils:532] Load the _IndexReader from /work/datasets/AI/tokens_luciole_phase1/fineweb2_fr_text_document_ratio1.30_phase0.idx
[NeMo I 2026-03-30 06:50:22 utils:532] 	Extract the sequence lengths
[NeMo I 2026-03-30 06:50:22 utils:532] 	Extract the sequence pointers
[NeMo I 2026-03-30 06:50:22 utils:532] 	Extract the document indices
[NeMo I 2026-03-30 06:50:22 utils:532] > total number of sequences: 302262109
[NeMo I 2026-03-30 06:50:22 utils:532] > total number of documents: 302262109
[NeMo I 2026-03-30 06:50:22 utils:532] Load the GPTDataset train indices
[NeMo I 2026-03-30 06:50:22 utils:532] 	Load the document index from 033cf0e6d985fd7b205ca014a4cec730-GPTDataset-train-document_index.npy
[NeMo I 2026-03-30 06:50:22 utils:532] 	Load the sample index from 033cf0e6d985fd7b205ca014a4cec730-GPTDataset-train-sample_index.npy
[NeMo I 2026-03-30 06:50:22 utils:532] 	Load the shuffle index from 033cf0e6d985fd7b205ca014a4cec730-GPTDataset-train-shuffle_index.npy
[NeMo I 2026-03-30 06:50:22 utils:532] > total number of samples: 100072398
[NeMo I 2026-03-30 06:50:22 utils:532] Load the _IndexReader from /work/datasets/AI/tokens_luciole_phase1/fineweb2_it_text_document_ratio0.50_phase0.idx
[NeMo I 2026-03-30 06:50:22 utils:532] 	Extract the sequence lengths
[NeMo I 2026-03-30 06:50:22 utils:532] 	Extract the sequence pointers
[NeMo I 2026-03-30 06:50:22 utils:532] 	Extract the document indices
[NeMo I 2026-03-30 06:50:22 utils:532] > total number of sequences: 77577376
[NeMo I 2026-03-30 06:50:22 utils:532] > total number of documents: 77577376
[NeMo I 2026-03-30 06:50:22 utils:532] Load the GPTDataset train indices
[NeMo I 2026-03-30 06:50:22 utils:532] 	Load the document index from 1bfcfed1450cca6d4a9c9a58eea37487-GPTDataset-train-document_index.npy
[NeMo I 2026-03-30 06:50:22 utils:532] 	Load the sample index from 1bfcfed1450cca6d4a9c9a58eea37487-GPTDataset-train-sample_index.npy
[NeMo I 2026-03-30 06:50:22 utils:532] 	Load the shuffle index from 1bfcfed1450cca6d4a9c9a58eea37487-GPTDataset-train-shuffle_index.npy
[NeMo I 2026-03-30 06:50:22 utils:532] > total number of samples: 26751866
[NeMo I 2026-03-30 06:50:22 utils:532] Load the _IndexReader from /work/datasets/AI/tokens_luciole_phase1/fineweb2_nl_text_document_ratio0.50_phase0.idx
[NeMo I 2026-03-30 06:50:22 utils:532] 	Extract the sequence lengths
[NeMo I 2026-03-30 06:50:22 utils:532] 	Extract the sequence pointers
[NeMo I 2026-03-30 06:50:22 utils:532] 	Extract the document indices
[NeMo I 2026-03-30 06:50:22 utils:532] > total number of sequences: 48546971
[NeMo I 2026-03-30 06:50:22 utils:532] > total number of documents: 48546971
[NeMo I 2026-03-30 06:50:22 utils:532] Load the GPTDataset train indices
[NeMo I 2026-03-30 06:50:22 utils:532] 	Load the document index from 177f20adcb278a2a74ce337882fb654f-GPTDataset-train-document_index.npy
[NeMo I 2026-03-30 06:50:22 utils:532] 	Load the sample index from 177f20adcb278a2a74ce337882fb654f-GPTDataset-train-sample_index.npy
[NeMo I 2026-03-30 06:50:22 utils:532] 	Load the shuffle index from 177f20adcb278a2a74ce337882fb654f-GPTDataset-train-shuffle_index.npy
[NeMo I 2026-03-30 06:50:22 utils:532] > total number of samples: 14868064
[NeMo I 2026-03-30 06:50:22 utils:532] Load the _IndexReader from /work/datasets/AI/tokens_luciole_phase1/fineweb2_pt_text_document_ratio0.50_phase0.idx
[NeMo I 2026-03-30 06:50:22 utils:532] 	Extract the sequence lengths
[NeMo I 2026-03-30 06:50:22 utils:532] 	Extract the sequence pointers
[NeMo I 2026-03-30 06:50:22 utils:532] 	Extract the document indices
[NeMo I 2026-03-30 06:50:22 utils:532] > total number of sequences: 58989768
[NeMo I 2026-03-30 06:50:22 utils:532] > total number of documents: 58989768
[NeMo I 2026-03-30 06:50:23 utils:532] Load the GPTDataset train indices
[NeMo I 2026-03-30 06:50:23 utils:532] 	Load the document index from f513e3d83c262a9303910aad2c9448bb-GPTDataset-train-document_index.npy
[NeMo I 2026-03-30 06:50:23 utils:532] 	Load the sample index from f513e3d83c262a9303910aad2c9448bb-GPTDataset-train-sample_index.npy
[NeMo I 2026-03-30 06:50:23 utils:532] 	Load the shuffle index from f513e3d83c262a9303910aad2c9448bb-GPTDataset-train-shuffle_index.npy
[NeMo I 2026-03-30 06:50:23 utils:532] > total number of samples: 19600760
[NeMo I 2026-03-30 06:50:23 utils:532] Load the _IndexReader from /work/datasets/AI/tokens_luciole_phase1/fineweb2_regional_text_document.idx
[NeMo I 2026-03-30 06:50:23 utils:532] 	Extract the sequence lengths
[NeMo I 2026-03-30 06:50:23 utils:532] 	Extract the sequence pointers
[NeMo I 2026-03-30 06:50:23 utils:532] 	Extract the document indices
[NeMo I 2026-03-30 06:50:23 utils:532] > total number of sequences: 12082034
[NeMo I 2026-03-30 06:50:23 utils:532] > total number of documents: 12082034
[NeMo I 2026-03-30 06:50:23 utils:532] Load the GPTDataset train indices
[NeMo I 2026-03-30 06:50:23 utils:532] 	Load the document index from 67a248e0794ad49dc2fd06ae5726aec8-GPTDataset-train-document_index.npy
[NeMo I 2026-03-30 06:50:23 utils:532] 	Load the sample index from 67a248e0794ad49dc2fd06ae5726aec8-GPTDataset-train-sample_index.npy
[NeMo I 2026-03-30 06:50:23 utils:532] 	Load the shuffle index from 67a248e0794ad49dc2fd06ae5726aec8-GPTDataset-train-shuffle_index.npy
[NeMo I 2026-03-30 06:50:23 utils:532] > total number of samples: 4264304
[NeMo I 2026-03-30 06:50:23 utils:532] Load the _IndexReader from /work/datasets/AI/tokens_luciole_phase1/gallica_monographies_fr_text_document.idx
[NeMo I 2026-03-30 06:50:23 utils:532] 	Extract the sequence lengths
[NeMo I 2026-03-30 06:50:23 utils:532] 	Extract the sequence pointers
[NeMo I 2026-03-30 06:50:23 utils:532] 	Extract the document indices
[NeMo I 2026-03-30 06:50:23 utils:532] > total number of sequences: 279810
[NeMo I 2026-03-30 06:50:23 utils:532] > total number of documents: 279810
[NeMo I 2026-03-30 06:50:23 utils:532] Load the GPTDataset train indices
[NeMo I 2026-03-30 06:50:23 utils:532] 	Load the document index from 1cec4933bd37fa0e6c94c140459146e0-GPTDataset-train-document_index.npy
[NeMo I 2026-03-30 06:50:23 utils:532] 	Load the sample index from 1cec4933bd37fa0e6c94c140459146e0-GPTDataset-train-sample_index.npy
[NeMo I 2026-03-30 06:50:23 utils:532] 	Load the shuffle index from 1cec4933bd37fa0e6c94c140459146e0-GPTDataset-train-shuffle_index.npy
[NeMo I 2026-03-30 06:50:23 utils:532] > total number of samples: 11685572
[NeMo I 2026-03-30 06:50:23 utils:532] Load the _IndexReader from /work/datasets/AI/tokens_luciole_phase1/gallica_press_fr_text_document.idx
[NeMo I 2026-03-30 06:50:23 utils:532] 	Extract the sequence lengths
[NeMo I 2026-03-30 06:50:23 utils:532] 	Extract the sequence pointers
[NeMo I 2026-03-30 06:50:23 utils:532] 	Extract the document indices
[NeMo I 2026-03-30 06:50:23 utils:532] > total number of sequences: 2855626
[NeMo I 2026-03-30 06:50:23 utils:532] > total number of documents: 2855626
[NeMo I 2026-03-30 06:50:23 utils:532] Load the GPTDataset train indices
[NeMo I 2026-03-30 06:50:23 utils:532] 	Load the document index from 8c554953ad9c4cdd8bd7c7a66b5546a1-GPTDataset-train-document_index.npy
[NeMo I 2026-03-30 06:50:23 utils:532] 	Load the sample index from 8c554953ad9c4cdd8bd7c7a66b5546a1-GPTDataset-train-sample_index.npy
[NeMo I 2026-03-30 06:50:23 utils:532] 	Load the shuffle index from 8c554953ad9c4cdd8bd7c7a66b5546a1-GPTDataset-train-shuffle_index.npy
[NeMo I 2026-03-30 06:50:23 utils:532] > total number of samples: 45700641
[NeMo I 2026-03-30 06:50:23 utils:532] Load the _IndexReader from /work/datasets/AI/tokens_luciole_phase1/gutenberg_de_text_document.idx
[NeMo I 2026-03-30 06:50:23 utils:532] 	Extract the sequence lengths
[NeMo I 2026-03-30 06:50:23 utils:532] 	Extract the sequence pointers
[NeMo I 2026-03-30 06:50:23 utils:532] 	Extract the document indices
[NeMo I 2026-03-30 06:50:23 utils:532] > total number of sequences: 1777
[NeMo I 2026-03-30 06:50:23 utils:532] > total number of documents: 1777
[NeMo I 2026-03-30 06:50:23 utils:532] Load the GPTDataset train indices
[NeMo I 2026-03-30 06:50:23 utils:532] 	Load the document index from 9be1f51c32aec5a46598c22d8aca6df3-GPTDataset-train-document_index.npy
[NeMo I 2026-03-30 06:50:23 utils:532] 	Load the sample index from 9be1f51c32aec5a46598c22d8aca6df3-GPTDataset-train-sample_index.npy
[NeMo I 2026-03-30 06:50:23 utils:532] 	Load the shuffle index from 9be1f51c32aec5a46598c22d8aca6df3-GPTDataset-train-shuffle_index.npy
[NeMo I 2026-03-30 06:50:23 utils:532] > total number of samples: 84660
[NeMo I 2026-03-30 06:50:23 utils:532] Load the _IndexReader from /work/datasets/AI/tokens_luciole_phase1/gutenberg_en_text_document.idx
[NeMo I 2026-03-30 06:50:23 utils:532] 	Extract the sequence lengths
[NeMo I 2026-03-30 06:50:23 utils:532] 	Extract the sequence pointers
[NeMo I 2026-03-30 06:50:23 utils:532] 	Extract the document indices
[NeMo I 2026-03-30 06:50:23 utils:532] > total number of sequences: 49900
[NeMo I 2026-03-30 06:50:23 utils:532] > total number of documents: 49900
[NeMo I 2026-03-30 06:50:23 utils:532] Load the GPTDataset train indices
[NeMo I 2026-03-30 06:50:23 utils:532] 	Load the document index from 058fcf5f34b2305fd9ca19b8c120f697-GPTDataset-train-document_index.npy
[NeMo I 2026-03-30 06:50:23 utils:532] 	Load the sample index from 058fcf5f34b2305fd9ca19b8c120f697-GPTDataset-train-sample_index.npy
[NeMo I 2026-03-30 06:50:23 utils:532] 	Load the shuffle index from 058fcf5f34b2305fd9ca19b8c120f697-GPTDataset-train-shuffle_index.npy
[NeMo I 2026-03-30 06:50:23 utils:532] > total number of samples: 2375310
[NeMo I 2026-03-30 06:50:23 utils:532] Load the _IndexReader from /work/datasets/AI/tokens_luciole_phase1/gutenberg_es_text_document.idx
[NeMo I 2026-03-30 06:50:23 utils:532] 	Extract the sequence lengths
[NeMo I 2026-03-30 06:50:23 utils:532] 	Extract the sequence pointers
[NeMo I 2026-03-30 06:50:23 utils:532] 	Extract the document indices
[NeMo I 2026-03-30 06:50:23 utils:532] > total number of sequences: 759
[NeMo I 2026-03-30 06:50:23 utils:532] > total number of documents: 759
[NeMo I 2026-03-30 06:50:23 utils:532] Load the GPTDataset train indices
[NeMo I 2026-03-30 06:50:23 utils:532] 	Load the document index from c4b8ab7a08e88ef09e845f955daf65a1-GPTDataset-train-document_index.npy
[NeMo I 2026-03-30 06:50:23 utils:532] 	Load the sample index from c4b8ab7a08e88ef09e845f955daf65a1-GPTDataset-train-sample_index.npy
[NeMo I 2026-03-30 06:50:23 utils:532] 	Load the shuffle index from c4b8ab7a08e88ef09e845f955daf65a1-GPTDataset-train-shuffle_index.npy
[NeMo I 2026-03-30 06:50:23 utils:532] > total number of samples: 43557
[NeMo I 2026-03-30 06:50:23 utils:532] Load the _IndexReader from /work/datasets/AI/tokens_luciole_phase1/gutenberg_fr_text_document.idx
[NeMo I 2026-03-30 06:50:23 utils:532] 	Extract the sequence lengths
[NeMo I 2026-03-30 06:50:23 utils:532] 	Extract the sequence pointers
[NeMo I 2026-03-30 06:50:23 utils:532] 	Extract the document indices
[NeMo I 2026-03-30 06:50:23 utils:532] > total number of sequences: 3544
[NeMo I 2026-03-30 06:50:23 utils:532] > total number of documents: 3544
[NeMo I 2026-03-30 06:50:23 utils:532] Load the GPTDataset train indices
[NeMo I 2026-03-30 06:50:23 utils:532] 	Load the document index from 9f087e89d57bfb3e6e3277991b10b472-GPTDataset-train-document_index.npy
[NeMo I 2026-03-30 06:50:23 utils:532] 	Load the sample index from 9f087e89d57bfb3e6e3277991b10b472-GPTDataset-train-sample_index.npy
[NeMo I 2026-03-30 06:50:23 utils:532] 	Load the shuffle index from 9f087e89d57bfb3e6e3277991b10b472-GPTDataset-train-shuffle_index.npy
[NeMo I 2026-03-30 06:50:23 utils:532] > total number of samples: 183982
[NeMo I 2026-03-30 06:50:23 utils:532] Load the _IndexReader from /work/datasets/AI/tokens_luciole_phase1/gutenberg_it_text_document.idx
[NeMo I 2026-03-30 06:50:23 utils:532] 	Extract the sequence lengths
[NeMo I 2026-03-30 06:50:23 utils:532] 	Extract the sequence pointers
[NeMo I 2026-03-30 06:50:23 utils:532] 	Extract the document indices
[NeMo I 2026-03-30 06:50:23 utils:532] > total number of sequences: 985
[NeMo I 2026-03-30 06:50:23 utils:532] > total number of documents: 985
[NeMo I 2026-03-30 06:50:23 utils:532] Load the GPTDataset train indices
[NeMo I 2026-03-30 06:50:23 utils:532] 	Load the document index from c2f0b37cf7af0377ccba3c3ca0e9c647-GPTDataset-train-document_index.npy
[NeMo I 2026-03-30 06:50:23 utils:532] 	Load the sample index from c2f0b37cf7af0377ccba3c3ca0e9c647-GPTDataset-train-sample_index.npy
[NeMo I 2026-03-30 06:50:23 utils:532] 	Load the shuffle index from c2f0b37cf7af0377ccba3c3ca0e9c647-GPTDataset-train-shuffle_index.npy
[NeMo I 2026-03-30 06:50:23 utils:532] > total number of samples: 59818
[NeMo I 2026-03-30 06:50:23 utils:532] Load the _IndexReader from /work/datasets/AI/tokens_luciole_phase1/gutenberg_nl_text_document.idx
[NeMo I 2026-03-30 06:50:23 utils:532] 	Extract the sequence lengths
[NeMo I 2026-03-30 06:50:23 utils:532] 	Extract the sequence pointers
[NeMo I 2026-03-30 06:50:23 utils:532] 	Extract the document indices
[NeMo I 2026-03-30 06:50:23 utils:532] > total number of sequences: 993
[NeMo I 2026-03-30 06:50:23 utils:532] > total number of documents: 993
[NeMo I 2026-03-30 06:50:23 utils:532] Load the GPTDataset train indices
[NeMo I 2026-03-30 06:50:23 utils:532] 	Load the document index from c7cff01d47fc66334f11460c7418dd9f-GPTDataset-train-document_index.npy
[NeMo I 2026-03-30 06:50:23 utils:532] 	Load the sample index from c7cff01d47fc66334f11460c7418dd9f-GPTDataset-train-sample_index.npy
[NeMo I 2026-03-30 06:50:23 utils:532] 	Load the shuffle index from c7cff01d47fc66334f11460c7418dd9f-GPTDataset-train-shuffle_index.npy
[NeMo I 2026-03-30 06:50:23 utils:532] > total number of samples: 48860
[NeMo I 2026-03-30 06:50:23 utils:532] Load the _IndexReader from /work/datasets/AI/tokens_luciole_phase1/gutenberg_pt_text_document.idx
[NeMo I 2026-03-30 06:50:23 utils:532] 	Extract the sequence lengths
[NeMo I 2026-03-30 06:50:23 utils:532] 	Extract the sequence pointers
[NeMo I 2026-03-30 06:50:23 utils:532] 	Extract the document indices
[NeMo I 2026-03-30 06:50:23 utils:532] > total number of sequences: 623
[NeMo I 2026-03-30 06:50:23 utils:532] > total number of documents: 623
[NeMo I 2026-03-30 06:50:23 utils:532] Load the GPTDataset train indices
[NeMo I 2026-03-30 06:50:23 utils:532] 	Load the document index from 97bc5bf2b57b346c513c9b31618363eb-GPTDataset-train-document_index.npy
[NeMo I 2026-03-30 06:50:23 utils:532] 	Load the sample index from 97bc5bf2b57b346c513c9b31618363eb-GPTDataset-train-sample_index.npy
[NeMo I 2026-03-30 06:50:23 utils:532] 	Load the shuffle index from 97bc5bf2b57b346c513c9b31618363eb-GPTDataset-train-shuffle_index.npy
[NeMo I 2026-03-30 06:50:23 utils:532] > total number of samples: 18482
[NeMo I 2026-03-30 06:50:23 utils:532] Load the _IndexReader from /work/datasets/AI/tokens_luciole_phase1/hal-cea_full-filtered_fr_text_document.idx
[NeMo I 2026-03-30 06:50:23 utils:532] 	Extract the sequence lengths
[NeMo I 2026-03-30 06:50:23 utils:532] 	Extract the sequence pointers
[NeMo I 2026-03-30 06:50:23 utils:532] 	Extract the document indices
[NeMo I 2026-03-30 06:50:23 utils:532] > total number of sequences: 188005
[NeMo I 2026-03-30 06:50:23 utils:532] > total number of documents: 188005
[NeMo I 2026-03-30 06:50:23 utils:532] Load the GPTDataset train indices
[NeMo I 2026-03-30 06:50:23 utils:532] 	Load the document index from d660dbb8f6bdebdee35f5dcdf0d9881c-GPTDataset-train-document_index.npy
[NeMo I 2026-03-30 06:50:23 utils:532] 	Load the sample index from d660dbb8f6bdebdee35f5dcdf0d9881c-GPTDataset-train-sample_index.npy
[NeMo I 2026-03-30 06:50:23 utils:532] 	Load the shuffle index from d660dbb8f6bdebdee35f5dcdf0d9881c-GPTDataset-train-shuffle_index.npy
[NeMo I 2026-03-30 06:50:23 utils:532] > total number of samples: 11742047
[NeMo I 2026-03-30 06:50:23 utils:532] Load the _IndexReader from /work/datasets/AI/tokens_luciole_phase1/hplt2_fr_text_document_ratio1.30_phase0.idx
[NeMo I 2026-03-30 06:50:23 utils:532] 	Extract the sequence lengths
[NeMo I 2026-03-30 06:50:23 utils:532] 	Extract the sequence pointers
[NeMo I 2026-03-30 06:50:23 utils:532] 	Extract the document indices
[NeMo I 2026-03-30 06:50:23 utils:532] > total number of sequences: 335406888
[NeMo I 2026-03-30 06:50:23 utils:532] > total number of documents: 335406888
[NeMo I 2026-03-30 06:50:24 utils:532] Load the GPTDataset train indices
[NeMo I 2026-03-30 06:50:24 utils:532] 	Load the document index from fdf97e44201b6b78a63579accd0b8d0b-GPTDataset-train-document_index.npy
[NeMo I 2026-03-30 06:50:24 utils:532] 	Load the sample index from fdf97e44201b6b78a63579accd0b8d0b-GPTDataset-train-sample_index.npy
[NeMo I 2026-03-30 06:50:24 utils:532] 	Load the shuffle index from fdf97e44201b6b78a63579accd0b8d0b-GPTDataset-train-shuffle_index.npy
[NeMo I 2026-03-30 06:50:24 utils:532] > total number of samples: 140805832
[NeMo I 2026-03-30 06:50:24 utils:532] Load the _IndexReader from /work/datasets/AI/tokens_luciole_phase1/insee_fr_text_document.idx
[NeMo I 2026-03-30 06:50:24 utils:532] 	Extract the sequence lengths
[NeMo I 2026-03-30 06:50:24 utils:532] 	Extract the sequence pointers
[NeMo I 2026-03-30 06:50:24 utils:532] 	Extract the document indices
[NeMo I 2026-03-30 06:50:24 utils:532] > total number of sequences: 17175
[NeMo I 2026-03-30 06:50:24 utils:532] > total number of documents: 17175
[NeMo I 2026-03-30 06:50:24 utils:532] Load the GPTDataset train indices
[NeMo I 2026-03-30 06:50:24 utils:532] 	Load the document index from b7dff2ee9230adf44602c82bd0061f9e-GPTDataset-train-document_index.npy
[NeMo I 2026-03-30 06:50:24 utils:532] 	Load the sample index from b7dff2ee9230adf44602c82bd0061f9e-GPTDataset-train-sample_index.npy
[NeMo I 2026-03-30 06:50:24 utils:532] 	Load the shuffle index from b7dff2ee9230adf44602c82bd0061f9e-GPTDataset-train-shuffle_index.npy
[NeMo I 2026-03-30 06:50:24 utils:532] > total number of samples: 83065
[NeMo I 2026-03-30 06:50:24 utils:532] Load the _IndexReader from /work/datasets/AI/tokens_luciole_phase1/math-pile_math_text_document.idx
[NeMo I 2026-03-30 06:50:24 utils:532] 	Extract the sequence lengths
[NeMo I 2026-03-30 06:50:24 utils:532] 	Extract the sequence pointers
[NeMo I 2026-03-30 06:50:24 utils:532] 	Extract the document indices
[NeMo I 2026-03-30 06:50:24 utils:532] > total number of sequences: 729213
[NeMo I 2026-03-30 06:50:24 utils:532] > total number of documents: 729213
[NeMo I 2026-03-30 06:50:24 utils:532] Load the GPTDataset train indices
[NeMo I 2026-03-30 06:50:24 utils:532] 	Load the document index from 9d3a654a4c9bf7dec48adb15d8801fd9-GPTDataset-train-document_index.npy
[NeMo I 2026-03-30 06:50:24 utils:532] 	Load the sample index from 9d3a654a4c9bf7dec48adb15d8801fd9-GPTDataset-train-sample_index.npy
[NeMo I 2026-03-30 06:50:24 utils:532] 	Load the shuffle index from 9d3a654a4c9bf7dec48adb15d8801fd9-GPTDataset-train-shuffle_index.npy
[NeMo I 2026-03-30 06:50:24 utils:532] > total number of samples: 4690394
[NeMo I 2026-03-30 06:50:24 utils:532] Load the _IndexReader from /work/datasets/AI/tokens_luciole_phase1/opendata_fr_text_document.idx
[NeMo I 2026-03-30 06:50:24 utils:532] 	Extract the sequence lengths
[NeMo I 2026-03-30 06:50:24 utils:532] 	Extract the sequence pointers
[NeMo I 2026-03-30 06:50:24 utils:532] 	Extract the document indices
[NeMo I 2026-03-30 06:50:24 utils:532] > total number of sequences: 8078669
[NeMo I 2026-03-30 06:50:24 utils:532] > total number of documents: 8078669
[NeMo I 2026-03-30 06:50:24 utils:532] Load the GPTDataset train indices
[NeMo I 2026-03-30 06:50:24 utils:532] 	Load the document index from 26da5cfece05203abfa6930f3ee9940c-GPTDataset-train-document_index.npy
[NeMo I 2026-03-30 06:50:24 utils:532] 	Load the sample index from 26da5cfece05203abfa6930f3ee9940c-GPTDataset-train-sample_index.npy
[NeMo I 2026-03-30 06:50:24 utils:532] 	Load the shuffle index from 26da5cfece05203abfa6930f3ee9940c-GPTDataset-train-shuffle_index.npy
[NeMo I 2026-03-30 06:50:24 utils:532] > total number of samples: 4124114
[NeMo I 2026-03-30 06:50:24 utils:532] Load the _IndexReader from /work/datasets/AI/tokens_luciole_phase1/parlement_fr_text_document.idx
[NeMo I 2026-03-30 06:50:24 utils:532] 	Extract the sequence lengths
[NeMo I 2026-03-30 06:50:24 utils:532] 	Extract the sequence pointers
[NeMo I 2026-03-30 06:50:24 utils:532] 	Extract the document indices
[NeMo I 2026-03-30 06:50:24 utils:532] > total number of sequences: 2803517
[NeMo I 2026-03-30 06:50:24 utils:532] > total number of documents: 2803517
[NeMo I 2026-03-30 06:50:24 utils:532] Load the GPTDataset train indices
[NeMo I 2026-03-30 06:50:24 utils:532] 	Load the document index from 64dc7635ea30d2b0adf3425e2ea422b3-GPTDataset-train-document_index.npy
[NeMo I 2026-03-30 06:50:24 utils:532] 	Load the sample index from 64dc7635ea30d2b0adf3425e2ea422b3-GPTDataset-train-sample_index.npy
[NeMo I 2026-03-30 06:50:24 utils:532] 	Load the shuffle index from 64dc7635ea30d2b0adf3425e2ea422b3-GPTDataset-train-shuffle_index.npy
[NeMo I 2026-03-30 06:50:24 utils:532] > total number of samples: 424239
[NeMo I 2026-03-30 06:50:24 utils:532] Load the _IndexReader from /work/datasets/AI/tokens_luciole_phase1/starcoder-data_code_text_document.idx
[NeMo I 2026-03-30 06:50:24 utils:532] 	Extract the sequence lengths
[NeMo I 2026-03-30 06:50:24 utils:532] 	Extract the sequence pointers
[NeMo I 2026-03-30 06:50:24 utils:532] 	Extract the document indices
[NeMo I 2026-03-30 06:50:24 utils:532] > total number of sequences: 206642239
[NeMo I 2026-03-30 06:50:24 utils:532] > total number of documents: 206642239
[NeMo I 2026-03-30 06:50:25 utils:532] Load the GPTDataset train indices
[NeMo I 2026-03-30 06:50:25 utils:532] 	Load the document index from 2bedaa46fc6a4b7781a8040e0e8d8a23-GPTDataset-train-document_index.npy
[NeMo I 2026-03-30 06:50:25 utils:532] 	Load the sample index from 2bedaa46fc6a4b7781a8040e0e8d8a23-GPTDataset-train-sample_index.npy
[NeMo I 2026-03-30 06:50:25 utils:532] 	Load the shuffle index from 2bedaa46fc6a4b7781a8040e0e8d8a23-GPTDataset-train-shuffle_index.npy
[NeMo I 2026-03-30 06:50:25 utils:532] > total number of samples: 125845590
[NeMo I 2026-03-30 06:50:25 utils:532] Load the _IndexReader from /work/datasets/AI/tokens_luciole_phase1/theses_fr_text_document.idx
[NeMo I 2026-03-30 06:50:25 utils:532] 	Extract the sequence lengths
[NeMo I 2026-03-30 06:50:25 utils:532] 	Extract the sequence pointers
[NeMo I 2026-03-30 06:50:25 utils:532] 	Extract the document indices
[NeMo I 2026-03-30 06:50:25 utils:532] > total number of sequences: 102412
[NeMo I 2026-03-30 06:50:25 utils:532] > total number of documents: 102412
[NeMo I 2026-03-30 06:50:25 utils:532] Load the GPTDataset train indices
[NeMo I 2026-03-30 06:50:25 utils:532] 	Load the document index from e8746ea90c182b676fe66e3700a095c4-GPTDataset-train-document_index.npy
[NeMo I 2026-03-30 06:50:25 utils:532] 	Load the sample index from e8746ea90c182b676fe66e3700a095c4-GPTDataset-train-sample_index.npy
[NeMo I 2026-03-30 06:50:25 utils:532] 	Load the shuffle index from e8746ea90c182b676fe66e3700a095c4-GPTDataset-train-shuffle_index.npy
[NeMo I 2026-03-30 06:50:25 utils:532] > total number of samples: 6479437
[NeMo I 2026-03-30 06:50:25 utils:532] Load the _IndexReader from /work/datasets/AI/tokens_luciole_phase1/wikimedia-vikidia_ar_text_document.idx
[NeMo I 2026-03-30 06:50:25 utils:532] 	Extract the sequence lengths
[NeMo I 2026-03-30 06:50:25 utils:532] 	Extract the sequence pointers
[NeMo I 2026-03-30 06:50:25 utils:532] 	Extract the document indices
[NeMo I 2026-03-30 06:50:25 utils:532] > total number of sequences: 1460875
[NeMo I 2026-03-30 06:50:25 utils:532] > total number of documents: 1460875
[NeMo I 2026-03-30 06:50:25 utils:532] Load the GPTDataset train indices
[NeMo I 2026-03-30 06:50:25 utils:532] 	Load the document index from 8d608de9923f465727a0ae2e8b8d3531-GPTDataset-train-document_index.npy
[NeMo I 2026-03-30 06:50:25 utils:532] 	Load the sample index from 8d608de9923f465727a0ae2e8b8d3531-GPTDataset-train-sample_index.npy
[NeMo I 2026-03-30 06:50:25 utils:532] 	Load the shuffle index from 8d608de9923f465727a0ae2e8b8d3531-GPTDataset-train-shuffle_index.npy
[NeMo I 2026-03-30 06:50:25 utils:532] > total number of samples: 530903
[NeMo I 2026-03-30 06:50:25 utils:532] Load the _IndexReader from /work/datasets/AI/tokens_luciole_phase1/wikimedia-vikidia_ca_text_document_ratio0.20_phase0.idx
[NeMo I 2026-03-30 06:50:25 utils:532] 	Extract the sequence lengths
[NeMo I 2026-03-30 06:50:25 utils:532] 	Extract the sequence pointers
[NeMo I 2026-03-30 06:50:25 utils:532] 	Extract the document indices
[NeMo I 2026-03-30 06:50:25 utils:532] > total number of sequences: 289424
[NeMo I 2026-03-30 06:50:25 utils:532] > total number of documents: 289424
[NeMo I 2026-03-30 06:50:25 utils:532] Load the GPTDataset train indices
[NeMo I 2026-03-30 06:50:25 utils:532] 	Load the document index from 0f739d7ca0e67150f8d91704a9b19035-GPTDataset-train-document_index.npy
[NeMo I 2026-03-30 06:50:25 utils:532] 	Load the sample index from 0f739d7ca0e67150f8d91704a9b19035-GPTDataset-train-sample_index.npy
[NeMo I 2026-03-30 06:50:25 utils:532] 	Load the shuffle index from 0f739d7ca0e67150f8d91704a9b19035-GPTDataset-train-shuffle_index.npy
[NeMo I 2026-03-30 06:50:25 utils:532] > total number of samples: 117447
[NeMo I 2026-03-30 06:50:25 utils:532] Load the _IndexReader from /work/datasets/AI/tokens_luciole_phase1/wikimedia-vikidia_de_text_document.idx
[NeMo I 2026-03-30 06:50:25 utils:532] 	Extract the sequence lengths
[NeMo I 2026-03-30 06:50:25 utils:532] 	Extract the sequence pointers
[NeMo I 2026-03-30 06:50:25 utils:532] 	Extract the document indices
[NeMo I 2026-03-30 06:50:25 utils:532] > total number of sequences: 4561076
[NeMo I 2026-03-30 06:50:25 utils:532] > total number of documents: 4561076
[NeMo I 2026-03-30 06:50:25 utils:532] Load the GPTDataset train indices
[NeMo I 2026-03-30 06:50:25 utils:532] 	Load the document index from 5fa1fd0912647dd6cf40b209c842aaf5-GPTDataset-train-document_index.npy
[NeMo I 2026-03-30 06:50:25 utils:532] 	Load the sample index from 5fa1fd0912647dd6cf40b209c842aaf5-GPTDataset-train-sample_index.npy
[NeMo I 2026-03-30 06:50:25 utils:532] 	Load the shuffle index from 5fa1fd0912647dd6cf40b209c842aaf5-GPTDataset-train-shuffle_index.npy
[NeMo I 2026-03-30 06:50:25 utils:532] > total number of samples: 2197190
[NeMo I 2026-03-30 06:50:25 utils:532] Load the _IndexReader from /work/datasets/AI/tokens_luciole_phase1/wikimedia-vikidia_en_text_document.idx
[NeMo I 2026-03-30 06:50:25 utils:532] 	Extract the sequence lengths
[NeMo I 2026-03-30 06:50:25 utils:532] 	Extract the sequence pointers
[NeMo I 2026-03-30 06:50:25 utils:532] 	Extract the document indices
[NeMo I 2026-03-30 06:50:25 utils:532] > total number of sequences: 16464277
[NeMo I 2026-03-30 06:50:25 utils:532] > total number of documents: 16464277
[NeMo I 2026-03-30 06:50:25 utils:532] Load the GPTDataset train indices
[NeMo I 2026-03-30 06:50:25 utils:532] 	Load the document index from 348b14392c9b7aff9f77ce4754d54d96-GPTDataset-train-document_index.npy
[NeMo I 2026-03-30 06:50:25 utils:532] 	Load the sample index from 348b14392c9b7aff9f77ce4754d54d96-GPTDataset-train-sample_index.npy
[NeMo I 2026-03-30 06:50:25 utils:532] 	Load the shuffle index from 348b14392c9b7aff9f77ce4754d54d96-GPTDataset-train-shuffle_index.npy
[NeMo I 2026-03-30 06:50:25 utils:532] > total number of samples: 5765650
[NeMo I 2026-03-30 06:50:25 utils:532] Load the _IndexReader from /work/datasets/AI/tokens_luciole_phase1/wikimedia-vikidia_es_text_document.idx
[NeMo I 2026-03-30 06:50:25 utils:532] 	Extract the sequence lengths
[NeMo I 2026-03-30 06:50:25 utils:532] 	Extract the sequence pointers
[NeMo I 2026-03-30 06:50:25 utils:532] 	Extract the document indices
[NeMo I 2026-03-30 06:50:25 utils:532] > total number of sequences: 3065035
[NeMo I 2026-03-30 06:50:25 utils:532] > total number of documents: 3065035
[NeMo I 2026-03-30 06:50:25 utils:532] Load the GPTDataset train indices
[NeMo I 2026-03-30 06:50:25 utils:532] 	Load the document index from 49f0250198102d2eb71fda2f0bf5efaa-GPTDataset-train-document_index.npy
[NeMo I 2026-03-30 06:50:25 utils:532] 	Load the sample index from 49f0250198102d2eb71fda2f0bf5efaa-GPTDataset-train-sample_index.npy
[NeMo I 2026-03-30 06:50:25 utils:532] 	Load the shuffle index from 49f0250198102d2eb71fda2f0bf5efaa-GPTDataset-train-shuffle_index.npy
[NeMo I 2026-03-30 06:50:25 utils:532] > total number of samples: 1263687
[NeMo I 2026-03-30 06:50:25 utils:532] Load the _IndexReader from /work/datasets/AI/tokens_luciole_phase1/wikimedia-vikidia_fr_text_document.idx
[NeMo I 2026-03-30 06:50:25 utils:532] 	Extract the sequence lengths
[NeMo I 2026-03-30 06:50:25 utils:532] 	Extract the sequence pointers
[NeMo I 2026-03-30 06:50:25 utils:532] 	Extract the document indices
[NeMo I 2026-03-30 06:50:25 utils:532] > total number of sequences: 9702359
[NeMo I 2026-03-30 06:50:25 utils:532] > total number of documents: 9702359
[NeMo I 2026-03-30 06:50:25 utils:532] Load the GPTDataset train indices
[NeMo I 2026-03-30 06:50:25 utils:532] 	Load the document index from 9fc0098ebf656c628f150b58ffc1ada9-GPTDataset-train-document_index.npy
[NeMo I 2026-03-30 06:50:25 utils:532] 	Load the sample index from 9fc0098ebf656c628f150b58ffc1ada9-GPTDataset-train-sample_index.npy
[NeMo I 2026-03-30 06:50:25 utils:532] 	Load the shuffle index from 9fc0098ebf656c628f150b58ffc1ada9-GPTDataset-train-shuffle_index.npy
[NeMo I 2026-03-30 06:50:25 utils:532] > total number of samples: 2552104
[NeMo I 2026-03-30 06:50:25 utils:532] Load the _IndexReader from /work/datasets/AI/tokens_luciole_phase1/wikimedia-vikidia_it_text_document.idx
[NeMo I 2026-03-30 06:50:25 utils:532] 	Extract the sequence lengths
[NeMo I 2026-03-30 06:50:25 utils:532] 	Extract the sequence pointers
[NeMo I 2026-03-30 06:50:25 utils:532] 	Extract the document indices
[NeMo I 2026-03-30 06:50:25 utils:532] > total number of sequences: 2760467
[NeMo I 2026-03-30 06:50:25 utils:532] > total number of documents: 2760467
[NeMo I 2026-03-30 06:50:25 utils:532] Load the GPTDataset train indices
[NeMo I 2026-03-30 06:50:25 utils:532] 	Load the document index from b00b237c80ff7ed8eb4fca634961f002-GPTDataset-train-document_index.npy
[NeMo I 2026-03-30 06:50:25 utils:532] 	Load the sample index from b00b237c80ff7ed8eb4fca634961f002-GPTDataset-train-sample_index.npy
[NeMo I 2026-03-30 06:50:25 utils:532] 	Load the shuffle index from b00b237c80ff7ed8eb4fca634961f002-GPTDataset-train-shuffle_index.npy
[NeMo I 2026-03-30 06:50:25 utils:532] > total number of samples: 1308154
[NeMo I 2026-03-30 06:50:25 utils:532] Load the _IndexReader from /work/datasets/AI/tokens_luciole_phase1/wikimedia-vikidia_pt_text_document.idx
[NeMo I 2026-03-30 06:50:25 utils:532] 	Extract the sequence lengths
[NeMo I 2026-03-30 06:50:25 utils:532] 	Extract the sequence pointers
[NeMo I 2026-03-30 06:50:25 utils:532] 	Extract the document indices
[NeMo I 2026-03-30 06:50:25 utils:532] > total number of sequences: 1764890
[NeMo I 2026-03-30 06:50:25 utils:532] > total number of documents: 1764890
[NeMo I 2026-03-30 06:50:25 utils:532] Load the GPTDataset train indices
[NeMo I 2026-03-30 06:50:25 utils:532] 	Load the document index from 5308977226513f4c6a329ae7a6e70133-GPTDataset-train-document_index.npy
[NeMo I 2026-03-30 06:50:25 utils:532] 	Load the sample index from 5308977226513f4c6a329ae7a6e70133-GPTDataset-train-sample_index.npy
[NeMo I 2026-03-30 06:50:25 utils:532] 	Load the shuffle index from 5308977226513f4c6a329ae7a6e70133-GPTDataset-train-shuffle_index.npy
[NeMo I 2026-03-30 06:50:25 utils:532] > total number of samples: 608784
[NeMo I 2026-03-30 06:50:25 utils:532] Load the _IndexReader from /work/datasets/AI/tokens_luciole_phase1/wikimedia-vikidia_regional_text_document.idx
[NeMo I 2026-03-30 06:50:25 utils:532] 	Extract the sequence lengths
[NeMo I 2026-03-30 06:50:25 utils:532] 	Extract the sequence pointers
[NeMo I 2026-03-30 06:50:25 utils:532] 	Extract the document indices
[NeMo I 2026-03-30 06:50:25 utils:532] > total number of sequences: 851598
[NeMo I 2026-03-30 06:50:25 utils:532] > total number of documents: 851598
[NeMo I 2026-03-30 06:50:25 utils:532] Load the GPTDataset train indices
[NeMo I 2026-03-30 06:50:25 utils:532] 	Load the document index from 648ab9e1e4f8fc2a5fe5e2a0e2a79fe1-GPTDataset-train-document_index.npy
[NeMo I 2026-03-30 06:50:25 utils:532] 	Load the sample index from 648ab9e1e4f8fc2a5fe5e2a0e2a79fe1-GPTDataset-train-sample_index.npy
[NeMo I 2026-03-30 06:50:25 utils:532] 	Load the shuffle index from 648ab9e1e4f8fc2a5fe5e2a0e2a79fe1-GPTDataset-train-shuffle_index.npy
[NeMo I 2026-03-30 06:50:25 utils:532] > total number of samples: 238469
[NeMo I 2026-03-30 06:50:25 utils:532] Load the _IndexReader from /work/datasets/AI/tokens_luciole_phase1/wikimedia_nl_text_document.idx
[NeMo I 2026-03-30 06:50:25 utils:532] 	Extract the sequence lengths
[NeMo I 2026-03-30 06:50:25 utils:532] 	Extract the sequence pointers
[NeMo I 2026-03-30 06:50:25 utils:532] 	Extract the document indices
[NeMo I 2026-03-30 06:50:25 utils:532] > total number of sequences: 3157316
[NeMo I 2026-03-30 06:50:25 utils:532] > total number of documents: 3157316
[NeMo I 2026-03-30 06:50:25 utils:532] Load the GPTDataset train indices
[NeMo I 2026-03-30 06:50:25 utils:532] 	Load the document index from 9a8b923b7ff32c1ceec3037281de022d-GPTDataset-train-document_index.npy
[NeMo I 2026-03-30 06:50:25 utils:532] 	Load the sample index from 9a8b923b7ff32c1ceec3037281de022d-GPTDataset-train-sample_index.npy
[NeMo I 2026-03-30 06:50:25 utils:532] 	Load the shuffle index from 9a8b923b7ff32c1ceec3037281de022d-GPTDataset-train-shuffle_index.npy
[NeMo I 2026-03-30 06:50:25 utils:532] > total number of samples: 690639
[NeMo I 2026-03-30 06:50:25 utils:532] Load the _IndexReader from /work/datasets/AI/tokens_luciole_phase1/youtube_fr_text_document.idx
[NeMo I 2026-03-30 06:50:25 utils:532] 	Extract the sequence lengths
[NeMo I 2026-03-30 06:50:25 utils:532] 	Extract the sequence pointers
[NeMo I 2026-03-30 06:50:25 utils:532] 	Extract the document indices
[NeMo I 2026-03-30 06:50:25 utils:532] > total number of sequences: 37513
[NeMo I 2026-03-30 06:50:25 utils:532] > total number of documents: 37513
[NeMo I 2026-03-30 06:50:25 utils:532] Load the GPTDataset train indices
[NeMo I 2026-03-30 06:50:25 utils:532] 	Load the document index from a7d283fc0986056668fddb88a92c3aab-GPTDataset-train-document_index.npy
[NeMo I 2026-03-30 06:50:25 utils:532] 	Load the sample index from a7d283fc0986056668fddb88a92c3aab-GPTDataset-train-sample_index.npy
[NeMo I 2026-03-30 06:50:25 utils:532] 	Load the shuffle index from a7d283fc0986056668fddb88a92c3aab-GPTDataset-train-shuffle_index.npy
[NeMo I 2026-03-30 06:50:25 utils:532] > total number of samples: 152389
[NeMo I 2026-03-30 06:50:25 utils:532] Load the BlendedDataset indices
[NeMo I 2026-03-30 06:50:25 utils:532] 	Load the dataset index from /tmpdir/barman/bs1024_fullrun/outputs/index_mapping/04baff2d980ba06f7f964660fdde7898-BlendedDataset-train-dataset_index.npy
[NeMo I 2026-03-30 06:50:25 utils:532] 	Load the dataset sample index from /tmpdir/barman/bs1024_fullrun/outputs/index_mapping/04baff2d980ba06f7f964660fdde7898-BlendedDataset-train-dataset_sample_index.npy
[NeMo I 2026-03-30 06:50:36 utils:532] NumPy indices for BlendedDataset train split are fully cached, skipping verification
[NeMo I 2026-03-30 06:50:37 nemo_logging:393] Use preset vocab_size: 128000, original vocab_size: 128000, dummy tokens: 0.
INFO: LOCAL_RANK: 0 - CUDA_VISIBLE_DEVICES: [0,1,2,3]
INFO:lightning.pytorch.accelerators.cuda:LOCAL_RANK: 0 - CUDA_VISIBLE_DEVICES: [0,1,2,3]
INFO: LOCAL_RANK: 0 - CUDA_VISIBLE_DEVICES: [0,1,2,3]
INFO:lightning.pytorch.accelerators.cuda:LOCAL_RANK: 0 - CUDA_VISIBLE_DEVICES: [0,1,2,3]
INFO: LOCAL_RANK: 3 - CUDA_VISIBLE_DEVICES: [0,1,2,3]
INFO:lightning.pytorch.accelerators.cuda:LOCAL_RANK: 3 - CUDA_VISIBLE_DEVICES: [0,1,2,3]
INFO: LOCAL_RANK: 3 - CUDA_VISIBLE_DEVICES: [0,1,2,3]
INFO: LOCAL_RANK: 3 - CUDA_VISIBLE_DEVICES: [0,1,2,3]
INFO:lightning.pytorch.accelerators.cuda:LOCAL_RANK: 3 - CUDA_VISIBLE_DEVICES: [0,1,2,3]
INFO: LOCAL_RANK: 3 - CUDA_VISIBLE_DEVICES: [0,1,2,3]
INFO:lightning.pytorch.accelerators.cuda:LOCAL_RANK: 3 - CUDA_VISIBLE_DEVICES: [0,1,2,3]
INFO: LOCAL_RANK: 0 - CUDA_VISIBLE_DEVICES: [0,1,2,3]
INFO:lightning.pytorch.accelerators.cuda:LOCAL_RANK: 0 - CUDA_VISIBLE_DEVICES: [0,1,2,3]
INFO: LOCAL_RANK: 0 - CUDA_VISIBLE_DEVICES: [0,1,2,3]
INFO:lightning.pytorch.accelerators.cuda:LOCAL_RANK: 0 - CUDA_VISIBLE_DEVICES: [0,1,2,3]
INFO: LOCAL_RANK: 1 - CUDA_VISIBLE_DEVICES: [0,1,2,3]
INFO:lightning.pytorch.accelerators.cuda:LOCAL_RANK: 1 - CUDA_VISIBLE_DEVICES: [0,1,2,3]
[NeMo I 2026-03-30 06:50:37 nemo_logging:393] Copying Trainer's 'max_steps' (715788) to LR scheduler's 'max_steps'.
[NeMo I 2026-03-30 06:50:37 num_microbatches_calculator:228] setting number of microbatches to constant 8
INFO: LOCAL_RANK: 2 - CUDA_VISIBLE_DEVICES: [0,1,2,3]
INFO:lightning.pytorch.accelerators.cuda:LOCAL_RANK: 2 - CUDA_VISIBLE_DEVICES: [0,1,2,3]
INFO: LOCAL_RANK: 0 - CUDA_VISIBLE_DEVICES: [0,1,2,3]
INFO:lightning.pytorch.accelerators.cuda:LOCAL_RANK: 0 - CUDA_VISIBLE_DEVICES: [0,1,2,3]
[NeMo I 2026-03-30 06:50:37 nemo_logging:393]  > number of parameters on (tensor, pipeline) model parallel rank (0 ,0): 1319309336
INFO: LOCAL_RANK: 3 - CUDA_VISIBLE_DEVICES: [0,1,2,3]
INFO:lightning.pytorch.accelerators.cuda:LOCAL_RANK: 3 - CUDA_VISIBLE_DEVICES: [0,1,2,3]
INFO: LOCAL_RANK: 1 - CUDA_VISIBLE_DEVICES: [0,1,2,3]
INFO:lightning.pytorch.accelerators.cuda:LOCAL_RANK: 1 - CUDA_VISIBLE_DEVICES: [0,1,2,3]
INFO: LOCAL_RANK: 2 - CUDA_VISIBLE_DEVICES: [0,1,2,3]
INFO:lightning.pytorch.accelerators.cuda:LOCAL_RANK: 2 - CUDA_VISIBLE_DEVICES: [0,1,2,3]
INFO: LOCAL_RANK: 1 - CUDA_VISIBLE_DEVICES: [0,1,2,3]
INFO:lightning.pytorch.accelerators.cuda:LOCAL_RANK: 1 - CUDA_VISIBLE_DEVICES: [0,1,2,3]
INFO: LOCAL_RANK: 2 - CUDA_VISIBLE_DEVICES: [0,1,2,3]
INFO:lightning.pytorch.accelerators.cuda:LOCAL_RANK: 2 - CUDA_VISIBLE_DEVICES: [0,1,2,3]
INFO: LOCAL_RANK: 0 - CUDA_VISIBLE_DEVICES: [0,1,2,3]
INFO:lightning.pytorch.accelerators.cuda:LOCAL_RANK: 0 - CUDA_VISIBLE_DEVICES: [0,1,2,3]
INFO: LOCAL_RANK: 0 - CUDA_VISIBLE_DEVICES: [0,1,2,3]
INFO:lightning.pytorch.accelerators.cuda:LOCAL_RANK: 0 - CUDA_VISIBLE_DEVICES: [0,1,2,3]
INFO: LOCAL_RANK: 1 - CUDA_VISIBLE_DEVICES: [0,1,2,3]
INFO:lightning.pytorch.accelerators.cuda:LOCAL_RANK: 1 - CUDA_VISIBLE_DEVICES: [0,1,2,3]
INFO: LOCAL_RANK: 2 - CUDA_VISIBLE_DEVICES: [0,1,2,3]
INFO:lightning.pytorch.accelerators.cuda:LOCAL_RANK: 2 - CUDA_VISIBLE_DEVICES: [0,1,2,3]
INFO: LOCAL_RANK: 1 - CUDA_VISIBLE_DEVICES: [0,1,2,3]
INFO:lightning.pytorch.accelerators.cuda:LOCAL_RANK: 1 - CUDA_VISIBLE_DEVICES: [0,1,2,3]
INFO: LOCAL_RANK: 1 - CUDA_VISIBLE_DEVICES: [0,1,2,3]
INFO:lightning.pytorch.accelerators.cuda:LOCAL_RANK: 1 - CUDA_VISIBLE_DEVICES: [0,1,2,3]
INFO: LOCAL_RANK: 3 - CUDA_VISIBLE_DEVICES: [0,1,2,3]
INFO:lightning.pytorch.accelerators.cuda:LOCAL_RANK: 3 - CUDA_VISIBLE_DEVICES: [0,1,2,3]
INFO: LOCAL_RANK: 1 - CUDA_VISIBLE_DEVICES: [0,1,2,3]
INFO:lightning.pytorch.accelerators.cuda:LOCAL_RANK: 1 - CUDA_VISIBLE_DEVICES: [0,1,2,3]
INFO: LOCAL_RANK: 2 - CUDA_VISIBLE_DEVICES: [0,1,2,3]
INFO:lightning.pytorch.accelerators.cuda:LOCAL_RANK: 2 - CUDA_VISIBLE_DEVICES: [0,1,2,3]
INFO:lightning.pytorch.accelerators.cuda:LOCAL_RANK: 3 - CUDA_VISIBLE_DEVICES: [0,1,2,3]
INFO: LOCAL_RANK: 2 - CUDA_VISIBLE_DEVICES: [0,1,2,3]
INFO:lightning.pytorch.accelerators.cuda:LOCAL_RANK: 2 - CUDA_VISIBLE_DEVICES: [0,1,2,3]
INFO: LOCAL_RANK: 3 - CUDA_VISIBLE_DEVICES: [0,1,2,3]
INFO:lightning.pytorch.accelerators.cuda:LOCAL_RANK: 3 - CUDA_VISIBLE_DEVICES: [0,1,2,3]
INFO: LOCAL_RANK: 2 - CUDA_VISIBLE_DEVICES: [0,1,2,3]
INFO:lightning.pytorch.accelerators.cuda:LOCAL_RANK: 2 - CUDA_VISIBLE_DEVICES: [0,1,2,3]
[NeMo I 2026-03-30 06:50:37 utils:532] Setting up DistributedDataParallel with config DistributedDataParallelConfig(grad_reduce_in_fp32=True, overlap_grad_reduce=True, overlap_param_gather=True, align_param_gather=False, use_distributed_optimizer=True, num_distributed_optimizer_instances=1, check_for_nan_in_grad=True, check_for_large_grads=False, bucket_size=40000000, pad_buckets_for_high_nccl_busbw=False, average_in_collective=True, fp8_param_gather=False, use_custom_fsdp=False, data_parallel_sharding_strategy='no_shard', gradient_reduce_div_fusion=True, suggested_communication_unit_size=None, preserve_fp32_weights=True, keep_fp8_transpose_cache_when_using_custom_fsdp=False)
INFO: LOCAL_RANK: 1 - CUDA_VISIBLE_DEVICES: [0,1,2,3]
INFO:lightning.pytorch.accelerators.cuda:LOCAL_RANK: 1 - CUDA_VISIBLE_DEVICES: [0,1,2,3]
INFO: LOCAL_RANK: 0 - CUDA_VISIBLE_DEVICES: [0,1,2,3]
INFO:lightning.pytorch.accelerators.cuda:LOCAL_RANK: 0 - CUDA_VISIBLE_DEVICES: [0,1,2,3]
INFO: LOCAL_RANK: 2 - CUDA_VISIBLE_DEVICES: [0,1,2,3]
INFO:lightning.pytorch.accelerators.cuda:LOCAL_RANK: 2 - CUDA_VISIBLE_DEVICES: [0,1,2,3]
INFO: LOCAL_RANK: 3 - CUDA_VISIBLE_DEVICES: [0,1,2,3]
INFO:lightning.pytorch.accelerators.cuda:LOCAL_RANK: 3 - CUDA_VISIBLE_DEVICES: [0,1,2,3]
[NeMo I 2026-03-30 06:50:37 utils:553] Number of buckets for gradient all-reduce / reduce-scatter: 25
    Params for bucket 1 (44048384 elements, 44048384 padded size):
    	module.decoder.final_layernorm.bias
    	module.decoder.layers.23.mlp.linear_fc1.weight
    	module.decoder.final_layernorm.weight
    	module.decoder.layers.23.pre_mlp_layernorm.weight
    	module.decoder.layers.23.self_attention.linear_proj.weight
    	module.decoder.layers.23.pre_mlp_layernorm.bias
    	module.decoder.layers.23.mlp.linear_fc2.weight
    	module.decoder.layers.23.self_attention.linear_qkv.weight
    Params for bucket 2 (44048385 elements, 44048512 padded size):
    	module.decoder.layers.23.self_attention.core_attention.ssa_n_raw
    	module.decoder.layers.23.input_layernorm.bias
    	module.decoder.layers.22.mlp.linear_fc2.weight
    	module.decoder.layers.23.input_layernorm.weight
    	module.decoder.layers.22.pre_mlp_layernorm.bias
    	module.decoder.layers.22.self_attention.linear_proj.weight
    	module.decoder.layers.22.mlp.linear_fc1.weight
    	module.decoder.layers.22.pre_mlp_layernorm.weight
    	module.decoder.layers.22.self_attention.linear_qkv.weight
    Params for bucket 3 (44048385 elements, 44048512 padded size):
    	module.decoder.layers.21.mlp.linear_fc2.weight
    	module.decoder.layers.22.input_layernorm.bias
    	module.decoder.layers.21.pre_mlp_layernorm.weight
    	module.decoder.layers.21.self_attention.linear_qkv.weight
    	module.decoder.layers.22.self_attention.core_attention.ssa_n_raw
    	module.decoder.layers.21.mlp.linear_fc1.weight
    	module.decoder.layers.22.input_layernorm.weight
    	module.decoder.layers.21.pre_mlp_layernorm.bias
    	module.decoder.layers.21.self_attention.linear_proj.weight
    Params for bucket 4 (44048385 elements, 44048512 padded size):
    	module.decoder.layers.21.self_attention.core_attention.ssa_n_raw
    	module.decoder.layers.20.mlp.linear_fc2.weight
    	module.decoder.layers.21.input_layernorm.weight
    	module.decoder.layers.21.input_layernorm.bias
    	module.decoder.layers.20.pre_mlp_layernorm.bias
    	module.decoder.layers.20.self_attention.linear_proj.weight
    	module.decoder.layers.20.mlp.linear_fc1.weight
    	module.decoder.layers.20.pre_mlp_layernorm.weight
    	module.decoder.layers.20.self_attention.linear_qkv.weight
    Params for bucket 5 (44048385 elements, 44048512 padded size):
    	module.decoder.layers.20.self_attention.core_attention.ssa_n_raw
    	module.decoder.layers.19.mlp.linear_fc2.weight
    	module.decoder.layers.20.input_layernorm.weight
    	module.decoder.layers.19.pre_mlp_layernorm.bias
    	module.decoder.layers.19.self_attention.linear_qkv.weight
    	module.decoder.layers.19.self_attention.linear_proj.weight
    	module.decoder.layers.19.mlp.linear_fc1.weight
    	module.decoder.layers.20.input_layernorm.bias
    	module.decoder.layers.19.pre_mlp_layernorm.weight
    Params for bucket 6 (44048385 elements, 44048512 padded size):
    	module.decoder.layers.18.mlp.linear_fc2.weight
    	module.decoder.layers.18.mlp.linear_fc1.weight
    	module.decoder.layers.19.input_layernorm.bias
    	module.decoder.layers.18.self_attention.linear_proj.weight
    	module.decoder.layers.19.self_attention.core_attention.ssa_n_raw
    	module.decoder.layers.19.input_layernorm.weight
    	module.decoder.layers.18.pre_mlp_layernorm.bias
    	module.decoder.layers.18.pre_mlp_layernorm.weight
    	module.decoder.layers.18.self_attention.linear_qkv.weight
    Params for bucket 7 (44048385 elements, 44048512 padded size):
    	module.decoder.layers.18.self_attention.core_attention.ssa_n_raw
    	module.decoder.layers.18.input_layernorm.bias
    	module.decoder.layers.17.mlp.linear_fc2.weight
    	module.decoder.layers.17.pre_mlp_layernorm.bias
    	module.decoder.layers.17.self_attention.linear_proj.weight
    	module.decoder.layers.17.mlp.linear_fc1.weight
    	module.decoder.layers.18.input_layernorm.weight
    	module.decoder.layers.17.pre_mlp_layernorm.weight
    	module.decoder.layers.17.self_attention.linear_qkv.weight
    Params for bucket 8 (44048385 elements, 44048512 padded size):
    	module.decoder.layers.17.input_layernorm.weight
    	module.decoder.layers.16.mlp.linear_fc2.weight
    	module.decoder.layers.16.pre_mlp_layernorm.weight
    	module.decoder.layers.16.self_attention.linear_qkv.weight
    	module.decoder.layers.17.self_attention.core_attention.ssa_n_raw
    	module.decoder.layers.17.input_layernorm.bias
    	module.decoder.layers.16.mlp.linear_fc1.weight
    	module.decoder.layers.16.pre_mlp_layernorm.bias
    	module.decoder.layers.16.self_attention.linear_proj.weight
    Params for bucket 9 (44048385 elements, 44048512 padded size):
    	module.decoder.layers.16.input_layernorm.bias
    	module.decoder.layers.15.mlp.linear_fc2.weight
    	module.decoder.layers.16.input_layernorm.weight
    	module.decoder.layers.15.pre_mlp_layernorm.bias
    	module.decoder.layers.15.self_attention.linear_proj.weight
    	module.decoder.layers.16.self_attention.core_attention.ssa_n_raw
    	module.decoder.layers.15.mlp.linear_fc1.weight
    	module.decoder.layers.15.pre_mlp_layernorm.weight
    	module.decoder.layers.15.self_attention.linear_qkv.weight
    Params for bucket 10 (44048385 elements, 44048512 padded size):
    	module.decoder.layers.15.self_attention.core_attention.ssa_n_raw
    	module.decoder.layers.15.input_layernorm.weight
    	module.decoder.layers.15.input_layernorm.bias
    	module.decoder.layers.14.pre_mlp_layernorm.weight
    	module.decoder.layers.14.self_attention.linear_qkv.weight
    	module.decoder.layers.14.mlp.linear_fc1.weight
    	module.decoder.layers.14.mlp.linear_fc2.weight
    	module.decoder.layers.14.pre_mlp_layernorm.bias
    	module.decoder.layers.14.self_attention.linear_proj.weight
    Params for bucket 11 (44048385 elements, 44048512 padded size):
    	module.decoder.layers.14.self_attention.core_attention.ssa_n_raw
    	module.decoder.layers.14.input_layernorm.bias
    	module.decoder.layers.13.mlp.linear_fc1.weight
    	module.decoder.layers.13.pre_mlp_layernorm.bias
    	module.decoder.layers.13.pre_mlp_layernorm.weight
    	module.decoder.layers.13.self_attention.linear_qkv.weight
    	module.decoder.layers.14.input_layernorm.weight
    	module.decoder.layers.13.mlp.linear_fc2.weight
    	module.decoder.layers.13.self_attention.linear_proj.weight
    Params for bucket 12 (44048385 elements, 44048512 padded size):
    	module.decoder.layers.13.self_attention.core_attention.ssa_n_raw
    	module.decoder.layers.12.mlp.linear_fc1.weight
    	module.decoder.layers.13.input_layernorm.weight
    	module.decoder.layers.12.pre_mlp_layernorm.weight
    	module.decoder.layers.12.self_attention.linear_proj.weight
    	module.decoder.layers.12.mlp.linear_fc2.weight
    	module.decoder.layers.13.input_layernorm.bias
    	module.decoder.layers.12.pre_mlp_layernorm.bias
    	module.decoder.layers.12.self_attention.linear_qkv.weight
    Params for bucket 13 (44048385 elements, 44048512 padded size):
    	module.decoder.layers.12.self_attention.core_attention.ssa_n_raw
    	module.decoder.layers.12.input_layernorm.weight
    	module.decoder.layers.11.mlp.linear_fc2.weight
    	module.decoder.layers.11.self_attention.linear_proj.weight
    	module.decoder.layers.12.input_layernorm.bias
    	module.decoder.layers.11.mlp.linear_fc1.weight
    	module.decoder.layers.11.pre_mlp_layernorm.bias
    	module.decoder.layers.11.pre_mlp_layernorm.weight
    	module.decoder.layers.11.self_attention.linear_qkv.weight
    Params for bucket 14 (44048385 elements, 44048512 padded size):
    	module.decoder.layers.11.self_attention.core_attention.ssa_n_raw
    	module.decoder.layers.11.input_layernorm.bias
    	module.decoder.layers.10.mlp.linear_fc2.weight
    	module.decoder.layers.10.pre_mlp_layernorm.bias
    	module.decoder.layers.10.self_attention.linear_qkv.weight
    	module.decoder.layers.10.self_attention.linear_proj.weight
    	module.decoder.layers.10.mlp.linear_fc1.weight
    	module.decoder.layers.11.input_layernorm.weight
    	module.decoder.layers.10.pre_mlp_layernorm.weight
    Params for bucket 15 (44048385 elements, 44048512 padded size):
    	module.decoder.layers.10.input_layernorm.bias
    	module.decoder.layers.9.mlp.linear_fc1.weight
    	module.decoder.layers.9.pre_mlp_layernorm.bias
    	module.decoder.layers.9.pre_mlp_layernorm.weight
    	module.decoder.layers.9.self_attention.linear_qkv.weight
    	module.decoder.layers.10.self_attention.core_attention.ssa_n_raw
    	module.decoder.layers.10.input_layernorm.weight
    	module.decoder.layers.9.mlp.linear_fc2.weight
    	module.decoder.layers.9.self_attention.linear_proj.weight
    Params for bucket 16 (44048385 elements, 44048512 padded size):
    	module.decoder.layers.9.self_attention.core_attention.ssa_n_raw
    	module.decoder.layers.9.input_layernorm.bias
    	module.decoder.layers.8.mlp.linear_fc2.weight
    	module.decoder.layers.8.pre_mlp_layernorm.weight
    	module.decoder.layers.8.self_attention.linear_qkv.weight
    	module.decoder.layers.8.self_attention.linear_proj.weight
    	module.decoder.layers.8.mlp.linear_fc1.weight
    	module.decoder.layers.9.input_layernorm.weight
    	module.decoder.layers.8.pre_mlp_layernorm.bias
    Params for bucket 17 (44048385 elements, 44048512 padded size):
    	module.decoder.layers.8.self_attention.core_attention.ssa_n_raw
    	module.decoder.layers.8.input_layernorm.weight
    	module.decoder.layers.7.self_attention.linear_proj.weight
    	module.decoder.layers.8.input_layernorm.bias
    	module.decoder.layers.7.mlp.linear_fc1.weight
    	module.decoder.layers.7.mlp.linear_fc2.weight
    	module.decoder.layers.7.pre_mlp_layernorm.bias
    	module.decoder.layers.7.pre_mlp_layernorm.weight
    	module.decoder.layers.7.self_attention.linear_qkv.weight
    Params for bucket 18 (44048385 elements, 44048512 padded size):
    	module.decoder.layers.7.self_attention.core_attention.ssa_n_raw
    	module.decoder.layers.7.input_layernorm.weight
    	module.decoder.layers.6.mlp.linear_fc1.weight
    	module.decoder.layers.6.pre_mlp_layernorm.weight
    	module.decoder.layers.6.self_attention.linear_qkv.weight
    	module.decoder.layers.6.mlp.linear_fc2.weight
    	module.decoder.layers.7.input_layernorm.bias
    	module.decoder.layers.6.pre_mlp_layernorm.bias
    	module.decoder.layers.6.self_attention.linear_proj.weight
    Params for bucket 19 (44048385 elements, 44048512 padded size):
    	module.decoder.layers.6.self_attention.core_attention.ssa_n_raw
    	module.decoder.layers.6.input_layernorm.weight
    	module.decoder.layers.5.mlp.linear_fc2.weight
    	module.decoder.layers.6.input_layernorm.bias
    	module.decoder.layers.5.pre_mlp_layernorm.bias
    	module.decoder.layers.5.self_attention.linear_proj.weight
    	module.decoder.layers.5.mlp.linear_fc1.weight
    	module.decoder.layers.5.pre_mlp_layernorm.weight
    	module.decoder.layers.5.self_attention.linear_qkv.weight
    Params for bucket 20 (44048385 elements, 44048512 padded size):
    	module.decoder.layers.5.self_attention.core_attention.ssa_n_raw
    	module.decoder.layers.4.mlp.linear_fc1.weight
    	module.decoder.layers.5.input_layernorm.bias
    	module.decoder.layers.4.pre_mlp_layernorm.bias
    	module.decoder.layers.4.pre_mlp_layernorm.weight
    	module.decoder.layers.4.self_attention.linear_qkv.weight
    	module.decoder.layers.4.mlp.linear_fc2.weight
    	module.decoder.layers.5.input_layernorm.weight
    	module.decoder.layers.4.self_attention.linear_proj.weight
    Params for bucket 21 (44048385 elements, 44048512 padded size):
    	module.decoder.layers.3.mlp.linear_fc1.weight
    	module.decoder.layers.4.input_layernorm.bias
    	module.decoder.layers.3.pre_mlp_layernorm.bias
    	module.decoder.layers.3.pre_mlp_layernorm.weight
    	module.decoder.layers.3.self_attention.linear_qkv.weight
    	module.decoder.layers.4.self_attention.core_attention.ssa_n_raw
    	module.decoder.layers.3.mlp.linear_fc2.weight
    	module.decoder.layers.4.input_layernorm.weight
    	module.decoder.layers.3.self_attention.linear_proj.weight
    Params for bucket 22 (44048385 elements, 44048512 padded size):
    	module.decoder.layers.3.input_layernorm.bias
    	module.decoder.layers.2.mlp.linear_fc1.weight
    	module.decoder.layers.2.pre_mlp_layernorm.bias
    	module.decoder.layers.2.pre_mlp_layernorm.weight
    	module.decoder.layers.2.self_attention.linear_qkv.weight
    	module.decoder.layers.3.self_attention.core_attention.ssa_n_raw
    	module.decoder.layers.3.input_layernorm.weight
    	module.decoder.layers.2.mlp.linear_fc2.weight
    	module.decoder.layers.2.self_attention.linear_proj.weight
    Params for bucket 23 (44048385 elements, 44048512 padded size):
    	module.decoder.layers.1.mlp.linear_fc1.weight
    	module.decoder.layers.2.input_layernorm.bias
    	module.decoder.layers.1.pre_mlp_layernorm.weight
    	module.decoder.layers.1.self_attention.linear_qkv.weight
    	module.decoder.layers.2.self_attention.core_attention.ssa_n_raw
    	module.decoder.layers.1.mlp.linear_fc2.weight
    	module.decoder.layers.2.input_layernorm.weight
    	module.decoder.layers.1.pre_mlp_layernorm.bias
    	module.decoder.layers.1.self_attention.linear_proj.weight
    Params for bucket 24 (44048385 elements, 44048512 padded size):
    	module.decoder.layers.0.mlp.linear_fc2.weight
    	module.decoder.layers.1.input_layernorm.bias
    	module.decoder.layers.0.pre_mlp_layernorm.bias
    	module.decoder.layers.0.self_attention.linear_qkv.weight
    	module.decoder.layers.1.self_attention.core_attention.ssa_n_raw
    	module.decoder.layers.1.input_layernorm.weight
    	module.decoder.layers.0.mlp.linear_fc1.weight
    	module.decoder.layers.0.pre_mlp_layernorm.weight
    	module.decoder.layers.0.self_attention.linear_proj.weight
    Params for bucket 25 (262148097 elements, 262148224 padded size):
    	module.decoder.layers.0.self_attention.core_attention.ssa_n_raw
    	module.embedding.word_embeddings.weight
    	module.decoder.layers.0.input_layernorm.weight
    	module.decoder.layers.0.input_layernorm.bias
[NeMo I 2026-03-30 06:50:37 utils:532] Setting up optimizer with config OptimizerConfig(optimizer='adam', lr=0.0003, min_lr=None, decoupled_lr=None, decoupled_min_lr=None, weight_decay=0.1, fp16=False, bf16=True, params_dtype=torch.bfloat16, use_precision_aware_optimizer=False, main_grads_dtype=torch.float32, main_params_dtype=torch.float32, exp_avg_dtype=torch.float32, exp_avg_sq_dtype=torch.float32, loss_scale=None, initial_loss_scale=4294967296, min_loss_scale=1.0, loss_scale_window=1000, hysteresis=2, adam_beta1=0.9, adam_beta2=0.95, adam_eps=1e-05, sgd_momentum=0.9, use_distributed_optimizer=True, overlap_param_gather_with_optimizer_step=False, optimizer_cpu_offload=False, optimizer_offload_fraction=0.0, use_torch_optimizer_for_cpu_offload=False, overlap_cpu_optimizer_d2h_h2d=False, pin_cpu_grads=True, pin_cpu_params=True, clip_grad=1.0, log_num_zeros_in_grad=False, barrier_with_L1_time=False, timers=None, config_logger_dir='')
INFO: 
  | Name   | Type | Params | Mode 
----------------------------------------
0 | module | DDP  | 1.3 B  | train
----------------------------------------
1.3 B     Trainable params
0         Non-trainable params
1.3 B     Total params
5,277.237 Total estimated model params size (MB)
395       Modules in train mode
0         Modules in eval mode
INFO:lightning.pytorch.callbacks.model_summary:
  | Name   | Type | Params | Mode 
----------------------------------------
0 | module | DDP  | 1.3 B  | train
----------------------------------------
1.3 B     Trainable params
0         Non-trainable params
1.3 B     Total params
5,277.237 Total estimated model params size (MB)
395       Modules in train mode
0         Modules in eval mode
INFO: Restoring states from the checkpoint path at /tmpdir/barman/bs1024_fullrun/outputs/nemotron-1B-SSA-Triton-bs1024/checkpoints/nemotron-1B-SSA-Triton-bs1024-step=0025499-last/weights
INFO:lightning.pytorch.utilities.rank_zero:Restoring states from the checkpoint path at /tmpdir/barman/bs1024_fullrun/outputs/nemotron-1B-SSA-Triton-bs1024/checkpoints/nemotron-1B-SSA-Triton-bs1024-step=0025499-last/weights
[NeMo I 2026-03-30 06:50:38 nemo_logging:393] Using <megatron.core.dist_checkpointing.strategies.fully_parallel.FullyParallelLoadStrategyWrapper object at 0x43159bda9a30> dist-ckpt load strategy.
[NeMo I 2026-03-30 06:50:47 nemo_logging:393] Global Checkpoint Load : Rank : 0 : Start time : 1774846238.036s : Time spent in load_checkpoint: 9.059s
INFO: *** Loaded DataModule state dict successfully. IGNORE PTL's warning below about the dataloader not being resumable. This is warning is expected because we are handling dataloader resumption manually in NeMo. ***
INFO:lightning.pytorch.utilities.rank_zero:*** Loaded DataModule state dict successfully. IGNORE PTL's warning below about the dataloader not being resumable. This is warning is expected because we are handling dataloader resumption manually in NeMo. ***
[NeMo I 2026-03-30 06:50:47 distrib_optimizer:784] Loading distributed optimizer sharded state of type fully_sharded_model_space
INFO: Restored all states from the checkpoint at /tmpdir/barman/bs1024_fullrun/outputs/nemotron-1B-SSA-Triton-bs1024/checkpoints/nemotron-1B-SSA-Triton-bs1024-step=0025499-last/weights
INFO:lightning.pytorch.utilities.rank_zero:Restored all states from the checkpoint at /tmpdir/barman/bs1024_fullrun/outputs/nemotron-1B-SSA-Triton-bs1024/checkpoints/nemotron-1B-SSA-Triton-bs1024-step=0025499-last/weights
INFO:root:Instantiating MegatronPretrainingSampler with total_samples: 732966961 and consumed_samples: 26112000
INFO:root:Instantiating MegatronPretrainingSampler with total_samples: 732966961 and consumed_samples: 26112000
INFO:root:Instantiating MegatronPretrainingSampler with total_samples: 732966961 and consumed_samples: 26112000
INFO:root:Instantiating MegatronPretrainingSampler with total_samples: 732966961 and consumed_samples: 26112000
INFO:root:Instantiating MegatronPretrainingSampler with total_samples: 732966961 and consumed_samples: 26112000
INFO:root:Instantiating MegatronPretrainingSampler with total_samples: 732966961 and consumed_samples: 26112000
INFO:root:Instantiating MegatronPretrainingSampler with total_samples: 732966961 and consumed_samples: 26112000
INFO:root:Instantiating MegatronPretrainingSampler with total_samples: 732966961 and consumed_samples: 26112000
INFO:root:Instantiating MegatronPretrainingSampler with total_samples: 732966961 and consumed_samples: 26112000
INFO:root:Instantiating MegatronPretrainingSampler with total_samples: 732966961 and consumed_samples: 26112000
INFO:root:Instantiating MegatronPretrainingSampler with total_samples: 732966961 and consumed_samples: 26112000
INFO:root:Instantiating MegatronPretrainingSampler with total_samples: 732966961 and consumed_samples: 26112000
INFO:root:Instantiating MegatronPretrainingSampler with total_samples: 732966961 and consumed_samples: 26112000
INFO:root:Instantiating MegatronPretrainingSampler with total_samples: 732966961 and consumed_samples: 26112000
INFO:root:Instantiating MegatronPretrainingSampler with total_samples: 732966961 and consumed_samples: 26112000
INFO:root:Instantiating MegatronPretrainingSampler with total_samples: 732966961 and consumed_samples: 26112000
INFO:root:Instantiating MegatronPretrainingSampler with total_samples: 732966961 and consumed_samples: 26112000
INFO:root:Instantiating MegatronPretrainingSampler with total_samples: 732966961 and consumed_samples: 26112000
INFO:root:Instantiating MegatronPretrainingSampler with total_samples: 732966961 and consumed_samples: 26112000
INFO:root:Instantiating MegatronPretrainingSampler with total_samples: 732966961 and consumed_samples: 26112000
INFO:root:Instantiating MegatronPretrainingSampler with total_samples: 732966961 and consumed_samples: 26112000
INFO:root:Instantiating MegatronPretrainingSampler with total_samples: 732966961 and consumed_samples: 26112000
INFO:root:Instantiating MegatronPretrainingSampler with total_samples: 732966961 and consumed_samples: 26112000
INFO:root:Instantiating MegatronPretrainingSampler with total_samples: 732966961 and consumed_samples: 26112000
INFO:root:Instantiating MegatronPretrainingSampler with total_samples: 732966961 and consumed_samples: 26112000
INFO:root:Instantiating MegatronPretrainingSampler with total_samples: 732966961 and consumed_samples: 26112000
INFO:root:Instantiating MegatronPretrainingSampler with total_samples: 732966961 and consumed_samples: 26112000
INFO:root:Instantiating MegatronPretrainingSampler with total_samples: 732966961 and consumed_samples: 26112000
INFO:root:Instantiating MegatronPretrainingSampler with total_samples: 732966961 and consumed_samples: 26112000
INFO:root:Instantiating MegatronPretrainingSampler with total_samples: 732966961 and consumed_samples: 26112000
INFO:root:Instantiating MegatronPretrainingSampler with total_samples: 732966961 and consumed_samples: 26112000
INFO:root:Instantiating MegatronPretrainingSampler with total_samples: 732966961 and consumed_samples: 26112000
[NeMo W 2026-03-30 06:50:49 nemo_logging:405] /usr/local/lib/python3.12/dist-packages/lightning/pytorch/loops/training_epoch_loop.py:161: You're resuming from a checkpoint that ended before the epoch ended and your dataloader is not resumable. This can cause unreliable results if further training is done. Consider using an end-of-epoch checkpoint or make your dataloader resumable by implementing the `state_dict` / `load_state_dict` interface.
    
ERROR: ld.so: object 'libargos-core.so' from LD_PRELOAD cannot be preloaded (cannot open shared object file): ignored.
ERROR: ld.so: object 'libargos-core.so' from LD_PRELOAD cannot be preloaded (cannot open shared object file): ignored.
ERROR: ld.so: object 'libargos-core.so' from LD_PRELOAD cannot be preloaded (cannot open shared object file): ignored.
ERROR: ld.so: object 'libargos-core.so' from LD_PRELOAD cannot be preloaded (cannot open shared object file): ignored.
ERROR: ld.so: object 'libargos-agentclient.so' from LD_PRELOAD cannot be preloaded (cannot open shared object file): ignored.
ERROR: ld.so: object 'libargos-agentclient.so' from LD_PRELOAD cannot be preloaded (cannot open shared object file): ignored.
ERROR: ld.so: object 'libargos-agentclient.so' from LD_PRELOAD cannot be preloaded (cannot open shared object file): ignored.
ERROR: ld.so: object 'libargos-agentclient.so' from LD_PRELOAD cannot be preloaded (cannot open shared object file): ignored.
ERROR: ld.so: object 'libargos-core.so' from LD_PRELOAD cannot be preloaded (cannot open shared object file): ignored.
ERROR: ld.so: object 'libargos-core.so' from LD_PRELOAD cannot be preloaded (cannot open shared object file): ignored.
ERROR: ld.so: object 'libargos-core.so' from LD_PRELOAD cannot be preloaded (cannot open shared object file): ignored.
ERROR: ld.so: object 'libargos-core.so' from LD_PRELOAD cannot be preloaded (cannot open shared object file): ignored.
ERROR: ld.so: object 'libargos-agentclient.so' from LD_PRELOAD cannot be preloaded (cannot open shared object file): ignored.
ERROR: ld.so: object 'libargos-agentclient.so' from LD_PRELOAD cannot be preloaded (cannot open shared object file): ignored.
ERROR: ld.so: object 'libargos-agentclient.so' from LD_PRELOAD cannot be preloaded (cannot open shared object file): ignored.
ERROR: ld.so: object 'libargos-agentclient.so' from LD_PRELOAD cannot be preloaded (cannot open shared object file): ignored.
ERROR: ld.so: object 'libargos-core.so' from LD_PRELOAD cannot be preloaded (cannot open shared object file): ignored.
ERROR: ld.so: object 'libargos-core.so' from LD_PRELOAD cannot be preloaded (cannot open shared object file): ignored.
ERROR: ld.so: object 'libargos-core.so' from LD_PRELOAD cannot be preloaded (cannot open shared object file): ignored.
ERROR: ld.so: object 'libargos-agentclient.so' from LD_PRELOAD cannot be preloaded (cannot open shared object file): ignored.
ERROR: ld.so: object 'libargos-agentclient.so' from LD_PRELOAD cannot be preloaded (cannot open shared object file): ignored.
ERROR: ld.so: object 'libargos-agentclient.so' from LD_PRELOAD cannot be preloaded (cannot open shared object file): ignored.
ERROR: ld.so: object 'libargos-core.so' from LD_PRELOAD cannot be preloaded (cannot open shared object file): ignored.
ERROR: ld.so: object 'libargos-agentclient.so' from LD_PRELOAD cannot be preloaded (cannot open shared object file): ignored.
ERROR: ld.so: object 'libargos-core.so' from LD_PRELOAD cannot be preloaded (cannot open shared object file): ignored.
ERROR: ld.so: object 'libargos-core.so' from LD_PRELOAD cannot be preloaded (cannot open shared object file): ignored.
ERROR: ld.so: object 'libargos-core.so' from LD_PRELOAD cannot be preloaded (cannot open shared object file): ignored.
ERROR: ld.so: object 'libargos-core.so' from LD_PRELOAD cannot be preloaded (cannot open shared object file): ignored.
ERROR: ld.so: object 'libargos-agentclient.so' from LD_PRELOAD cannot be preloaded (cannot open shared object file): ignored.
ERROR: ld.so: object 'libargos-agentclient.so' from LD_PRELOAD cannot be preloaded (cannot open shared object file): ignored.
ERROR: ld.so: object 'libargos-agentclient.so' from LD_PRELOAD cannot be preloaded (cannot open shared object file): ignored.
ERROR: ld.so: object 'libargos-agentclient.so' from LD_PRELOAD cannot be preloaded (cannot open shared object file): ignored.
ERROR: ld.so: object 'libargos-core.so' from LD_PRELOAD cannot be preloaded (cannot open shared object file): ignored.
ERROR: ld.so: object 'libargos-core.so' from LD_PRELOAD cannot be preloaded (cannot open shared object file): ignored.
ERROR: ld.so: object 'libargos-core.so' from LD_PRELOAD cannot be preloaded (cannot open shared object file): ignored.
ERROR: ld.so: object 'libargos-agentclient.so' from LD_PRELOAD cannot be preloaded (cannot open shared object file): ignored.
ERROR: ld.so: object 'libargos-agentclient.so' from LD_PRELOAD cannot be preloaded (cannot open shared object file): ignored.
ERROR: ld.so: object 'libargos-core.so' from LD_PRELOAD cannot be preloaded (cannot open shared object file): ignored.
ERROR: ld.so: object 'libargos-agentclient.so' from LD_PRELOAD cannot be preloaded (cannot open shared object file): ignored.
ERROR: ld.so: object 'libargos-agentclient.so' from LD_PRELOAD cannot be preloaded (cannot open shared object file): ignored.
ERROR: ld.so: object 'libargos-core.so' from LD_PRELOAD cannot be preloaded (cannot open shared object file): ignored.
ERROR: ld.so: object 'libargos-core.so' from LD_PRELOAD cannot be preloaded (cannot open shared object file): ignored.
ERROR: ld.so: object 'libargos-core.so' from LD_PRELOAD cannot be preloaded (cannot open shared object file): ignored.
ERROR: ld.so: object 'libargos-agentclient.so' from LD_PRELOAD cannot be preloaded (cannot open shared object file): ignored.
ERROR: ld.so: object 'libargos-agentclient.so' from LD_PRELOAD cannot be preloaded (cannot open shared object file): ignored.
ERROR: ld.so: object 'libargos-agentclient.so' from LD_PRELOAD cannot be preloaded (cannot open shared object file): ignored.
ERROR: ld.so: object 'libargos-core.so' from LD_PRELOAD cannot be preloaded (cannot open shared object file): ignored.
ERROR: ld.so: object 'libargos-agentclient.so' from LD_PRELOAD cannot be preloaded (cannot open shared object file): ignored.
ERROR: ld.so: object 'libargos-core.so' from LD_PRELOAD cannot be preloaded (cannot open shared object file): ignored.
ERROR: ld.so: object 'libargos-core.so' from LD_PRELOAD cannot be preloaded (cannot open shared object file): ignored.
ERROR: ld.so: object 'libargos-agentclient.so' from LD_PRELOAD cannot be preloaded (cannot open shared object file): ignored.
ERROR: ld.so: object 'libargos-agentclient.so' from LD_PRELOAD cannot be preloaded (cannot open shared object file): ignored.
ERROR: ld.so: object 'libargos-core.so' from LD_PRELOAD cannot be preloaded (cannot open shared object file): ignored.
ERROR: ld.so: object 'libargos-agentclient.so' from LD_PRELOAD cannot be preloaded (cannot open shared object file): ignored.
ERROR: ld.so: object 'libargos-core.so' from LD_PRELOAD cannot be preloaded (cannot open shared object file): ignored.
ERROR: ld.so: object 'libargos-core.so' from LD_PRELOAD cannot be preloaded (cannot open shared object file): ignored.
ERROR: ld.so: object 'libargos-core.so' from LD_PRELOAD cannot be preloaded (cannot open shared object file): ignored.
ERROR: ld.so: object 'libargos-agentclient.so' from LD_PRELOAD cannot be preloaded (cannot open shared object file): ignored.
ERROR: ld.so: object 'libargos-agentclient.so' from LD_PRELOAD cannot be preloaded (cannot open shared object file): ignored.
ERROR: ld.so: object 'libargos-agentclient.so' from LD_PRELOAD cannot be preloaded (cannot open shared object file): ignored.
ERROR: ld.so: object 'libargos-core.so' from LD_PRELOAD cannot be preloaded (cannot open shared object file): ignored.
ERROR: ld.so: object 'libargos-agentclient.so' from LD_PRELOAD cannot be preloaded (cannot open shared object file): ignored.
ERROR: ld.so: object 'libargos-core.so' from LD_PRELOAD cannot be preloaded (cannot open shared object file): ignored.
ERROR: ld.so: object 'libargos-agentclient.so' from LD_PRELOAD cannot be preloaded (cannot open shared object file): ignored.
ERROR: ld.so: object 'libargos-core.so' from LD_PRELOAD cannot be preloaded (cannot open shared object file): ignored.
ERROR: ld.so: object 'libargos-agentclient.so' from LD_PRELOAD cannot be preloaded (cannot open shared object file): ignored.
ERROR: ld.so: object 'libargos-core.so' from LD_PRELOAD cannot be preloaded (cannot open shared object file): ignored.
ERROR: ld.so: object 'libargos-agentclient.so' from LD_PRELOAD cannot be preloaded (cannot open shared object file): ignored.
ERROR: ld.so: object 'libargos-core.so' from LD_PRELOAD cannot be preloaded (cannot open shared object file): ignored.
ERROR: ld.so: object 'libargos-agentclient.so' from LD_PRELOAD cannot be preloaded (cannot open shared object file): ignored.
ERROR: ld.so: object 'libargos-core.so' from LD_PRELOAD cannot be preloaded (cannot open shared object file): ignored.
ERROR: ld.so: object 'libargos-agentclient.so' from LD_PRELOAD cannot be preloaded (cannot open shared object file): ignored.
ERROR: ld.so: object 'libargos-core.so' from LD_PRELOAD cannot be preloaded (cannot open shared object file): ignored.
ERROR: ld.so: object 'libargos-agentclient.so' from LD_PRELOAD cannot be preloaded (cannot open shared object file): ignored.
ERROR: ld.so: object 'libargos-core.so' from LD_PRELOAD cannot be preloaded (cannot open shared object file): ignored.
ERROR: ld.so: object 'libargos-agentclient.so' from LD_PRELOAD cannot be preloaded (cannot open shared object file): ignored.
ERROR: ld.so: object 'libargos-core.so' from LD_PRELOAD cannot be preloaded (cannot open shared object file): ignored.
ERROR: ld.so: object 'libargos-core.so' from LD_PRELOAD cannot be preloaded (cannot open shared object file): ignored.
ERROR: ld.so: object 'libargos-agentclient.so' from LD_PRELOAD cannot be preloaded (cannot open shared object file): ignored.
ERROR: ld.so: object 'libargos-agentclient.so' from LD_PRELOAD cannot be preloaded (cannot open shared object file): ignored.
ERROR: ld.so: object 'libargos-core.so' from LD_PRELOAD cannot be preloaded (cannot open shared object file): ignored.
ERROR: ld.so: object 'libargos-agentclient.so' from LD_PRELOAD cannot be preloaded (cannot open shared object file): ignored.
ERROR: ld.so: object 'libargos-core.so' from LD_PRELOAD cannot be preloaded (cannot open shared object file): ignored.
ERROR: ld.so: object 'libargos-agentclient.so' from LD_PRELOAD cannot be preloaded (cannot open shared object file): ignored.
ERROR: ld.so: object 'libargos-core.so' from LD_PRELOAD cannot be preloaded (cannot open shared object file): ignored.
ERROR: ld.so: object 'libargos-agentclient.so' from LD_PRELOAD cannot be preloaded (cannot open shared object file): ignored.
ERROR: ld.so: object 'libargos-core.so' from LD_PRELOAD cannot be preloaded (cannot open shared object file): ignored.
ERROR: ld.so: object 'libargos-agentclient.so' from LD_PRELOAD cannot be preloaded (cannot open shared object file): ignored.
ERROR: ld.so: object 'libargos-core.so' from LD_PRELOAD cannot be preloaded (cannot open shared object file): ignored.
ERROR: ld.so: object 'libargos-agentclient.so' from LD_PRELOAD cannot be preloaded (cannot open shared object file): ignored.
ERROR: ld.so: object 'libargos-core.so' from LD_PRELOAD cannot be preloaded (cannot open shared object file): ignored.
ERROR: ld.so: object 'libargos-agentclient.so' from LD_PRELOAD cannot be preloaded (cannot open shared object file): ignored.
ERROR: ld.so: object 'libargos-core.so' from LD_PRELOAD cannot be preloaded (cannot open shared object file): ignored.
ERROR: ld.so: object 'libargos-agentclient.so' from LD_PRELOAD cannot be preloaded (cannot open shared object file): ignored.
ERROR: ld.so: object 'libargos-core.so' from LD_PRELOAD cannot be preloaded (cannot open shared object file): ignored.
ERROR: ld.so: object 'libargos-agentclient.so' from LD_PRELOAD cannot be preloaded (cannot open shared object file): ignored.
ERROR: ld.so: object 'libargos-core.so' from LD_PRELOAD cannot be preloaded (cannot open shared object file): ignored.
ERROR: ld.so: object 'libargos-agentclient.so' from LD_PRELOAD cannot be preloaded (cannot open shared object file): ignored.
ERROR: ld.so: object 'libargos-core.so' from LD_PRELOAD cannot be preloaded (cannot open shared object file): ignored.
ERROR: ld.so: object 'libargos-agentclient.so' from LD_PRELOAD cannot be preloaded (cannot open shared object file): ignored.
ERROR: ld.so: object 'libargos-core.so' from LD_PRELOAD cannot be preloaded (cannot open shared object file): ignored.
ERROR: ld.so: object 'libargos-agentclient.so' from LD_PRELOAD cannot be preloaded (cannot open shared object file): ignored.
ERROR: ld.so: object 'libargos-core.so' from LD_PRELOAD cannot be preloaded (cannot open shared object file): ignored.
ERROR: ld.so: object 'libargos-agentclient.so' from LD_PRELOAD cannot be preloaded (cannot open shared object file): ignored.
ERROR: ld.so: object 'libargos-core.so' from LD_PRELOAD cannot be preloaded (cannot open shared object file): ignored.
ERROR: ld.so: object 'libargos-agentclient.so' from LD_PRELOAD cannot be preloaded (cannot open shared object file): ignored.
ERROR: ld.so: object 'libargos-core.so' from LD_PRELOAD cannot be preloaded (cannot open shared object file): ignored.
ERROR: ld.so: object 'libargos-agentclient.so' from LD_PRELOAD cannot be preloaded (cannot open shared object file): ignored.
ERROR: ld.so: object 'libargos-core.so' from LD_PRELOAD cannot be preloaded (cannot open shared object file): ignored.
ERROR: ld.so: object 'libargos-agentclient.so' from LD_PRELOAD cannot be preloaded (cannot open shared object file): ignored.
ERROR: ld.so: object 'libargos-core.so' from LD_PRELOAD cannot be preloaded (cannot open shared object file): ignored.
ERROR: ld.so: object 'libargos-agentclient.so' from LD_PRELOAD cannot be preloaded (cannot open shared object file): ignored.
ERROR: ld.so: object 'libargos-core.so' from LD_PRELOAD cannot be preloaded (cannot open shared object file): ignored.
ERROR: ld.so: object 'libargos-agentclient.so' from LD_PRELOAD cannot be preloaded (cannot open shared object file): ignored.
ERROR: ld.so: object 'libargos-core.so' from LD_PRELOAD cannot be preloaded (cannot open shared object file): ignored.
ERROR: ld.so: object 'libargos-agentclient.so' from LD_PRELOAD cannot be preloaded (cannot open shared object file): ignored.
ERROR: ld.so: object 'libargos-core.so' from LD_PRELOAD cannot be preloaded (cannot open shared object file): ignored.
ERROR: ld.so: object 'libargos-agentclient.so' from LD_PRELOAD cannot be preloaded (cannot open shared object file): ignored.
ERROR: ld.so: object 'libargos-core.so' from LD_PRELOAD cannot be preloaded (cannot open shared object file): ignored.
ERROR: ld.so: object 'libargos-agentclient.so' from LD_PRELOAD cannot be preloaded (cannot open shared object file): ignored.
ERROR: ld.so: object 'libargos-core.so' from LD_PRELOAD cannot be preloaded (cannot open shared object file): ignored.
ERROR: ld.so: object 'libargos-agentclient.so' from LD_PRELOAD cannot be preloaded (cannot open shared object file): ignored.
ERROR: ld.so: object 'libargos-core.so' from LD_PRELOAD cannot be preloaded (cannot open shared object file): ignored.
ERROR: ld.so: object 'libargos-agentclient.so' from LD_PRELOAD cannot be preloaded (cannot open shared object file): ignored.
ERROR: ld.so: object 'libargos-core.so' from LD_PRELOAD cannot be preloaded (cannot open shared object file): ignored.
ERROR: ld.so: object 'libargos-agentclient.so' from LD_PRELOAD cannot be preloaded (cannot open shared object file): ignored.
ERROR: ld.so: object 'libargos-core.so' from LD_PRELOAD cannot be preloaded (cannot open shared object file): ignored.
ERROR: ld.so: object 'libargos-agentclient.so' from LD_PRELOAD cannot be preloaded (cannot open shared object file): ignored.
[NeMo W 2026-03-30 06:53:22 rerun_state_machine:1264] Implicit initialization of Rerun State Machine!
[NeMo W 2026-03-30 06:53:22 rerun_state_machine:239] RerunStateMachine initialized in mode RerunMode.DISABLED
Training epoch 1, iteration 25500/715787 | lr: 0.0002992 | consumed_samples: 26113024 | global_batch_size: 1024 | global_step: 25500 | reduced_train_loss: 2.513
Training epoch 1, iteration 25501/715787 | lr: 0.0002992 | consumed_samples: 26114048 | global_batch_size: 1024 | global_step: 25501 | reduced_train_loss: 2.511
Training epoch 1, iteration 25502/715787 | lr: 0.0002992 | consumed_samples: 26115072 | global_batch_size: 1024 | global_step: 25502 | reduced_train_loss: 2.494
Training epoch 1, iteration 25503/715787 | lr: 0.0002992 | consumed_samples: 26116096 | global_batch_size: 1024 | global_step: 25503 | reduced_train_loss: 2.5
Training epoch 1, iteration 25504/715787 | lr: 0.0002992 | consumed_samples: 26117120 | global_batch_size: 1024 | global_step: 25504 | reduced_train_loss: 2.498
Training epoch 1, iteration 25505/715787 | lr: 0.0002992 | consumed_samples: 26118144 | global_batch_size: 1024 | global_step: 25505 | reduced_train_loss: 2.519
Training epoch 1, iteration 25506/715787 | lr: 0.0002992 | consumed_samples: 26119168 | global_batch_size: 1024 | global_step: 25506 | reduced_train_loss: 2.505
Training epoch 1, iteration 25507/715787 | lr: 0.0002992 | consumed_samples: 26120192 | global_batch_size: 1024 | global_step: 25507 | reduced_train_loss: 2.513
Training epoch 1, iteration 25508/715787 | lr: 0.0002992 | consumed_samples: 26121216 | global_batch_size: 1024 | global_step: 25508 | reduced_train_loss: 2.504
Training epoch 1, iteration 25509/715787 | lr: 0.0002992 | consumed_samples: 26122240 | global_batch_size: 1024 | global_step: 25509 | reduced_train_loss: 2.507
Training epoch 1, iteration 25510/715787 | lr: 0.0002992 | consumed_samples: 26123264 | global_batch_size: 1024 | global_step: 25510 | reduced_train_loss: 2.492
Training epoch 1, iteration 25511/715787 | lr: 0.0002992 | consumed_samples: 26124288 | global_batch_size: 1024 | global_step: 25511 | reduced_train_loss: 2.499
Training epoch 1, iteration 25512/715787 | lr: 0.0002992 | consumed_samples: 26125312 | global_batch_size: 1024 | global_step: 25512 | reduced_train_loss: 2.522
Training epoch 1, iteration 25513/715787 | lr: 0.0002992 | consumed_samples: 26126336 | global_batch_size: 1024 | global_step: 25513 | reduced_train_loss: 2.492
Training epoch 1, iteration 25514/715787 | lr: 0.0002992 | consumed_samples: 26127360 | global_batch_size: 1024 | global_step: 25514 | reduced_train_loss: 2.509
Training epoch 1, iteration 25515/715787 | lr: 0.0002992 | consumed_samples: 26128384 | global_batch_size: 1024 | global_step: 25515 | reduced_train_loss: 2.506
Training epoch 1, iteration 25516/715787 | lr: 0.0002992 | consumed_samples: 26129408 | global_batch_size: 1024 | global_step: 25516 | reduced_train_loss: 2.499
Training epoch 1, iteration 25517/715787 | lr: 0.0002992 | consumed_samples: 26130432 | global_batch_size: 1024 | global_step: 25517 | reduced_train_loss: 2.492
Training epoch 1, iteration 25518/715787 | lr: 0.0002992 | consumed_samples: 26131456 | global_batch_size: 1024 | global_step: 25518 | reduced_train_loss: 2.49
Training epoch 1, iteration 25519/715787 | lr: 0.0002992 | consumed_samples: 26132480 | global_batch_size: 1024 | global_step: 25519 | reduced_train_loss: 2.5
Training epoch 1, iteration 25520/715787 | lr: 0.0002992 | consumed_samples: 26133504 | global_batch_size: 1024 | global_step: 25520 | reduced_train_loss: 2.516
Training epoch 1, iteration 25521/715787 | lr: 0.0002992 | consumed_samples: 26134528 | global_batch_size: 1024 | global_step: 25521 | reduced_train_loss: 2.501
Training epoch 1, iteration 25522/715787 | lr: 0.0002992 | consumed_samples: 26135552 | global_batch_size: 1024 | global_step: 25522 | reduced_train_loss: 2.508
Training epoch 1, iteration 25523/715787 | lr: 0.0002992 | consumed_samples: 26136576 | global_batch_size: 1024 | global_step: 25523 | reduced_train_loss: 2.519
Training epoch 1, iteration 25524/715787 | lr: 0.0002992 | consumed_samples: 26137600 | global_batch_size: 1024 | global_step: 25524 | reduced_train_loss: 2.494
Training epoch 1, iteration 25525/715787 | lr: 0.0002992 | consumed_samples: 26138624 | global_batch_size: 1024 | global_step: 25525 | reduced_train_loss: 2.51
Training epoch 1, iteration 25526/715787 | lr: 0.0002992 | consumed_samples: 26139648 | global_batch_size: 1024 | global_step: 25526 | reduced_train_loss: 2.499
Training epoch 1, iteration 25527/715787 | lr: 0.0002992 | consumed_samples: 26140672 | global_batch_size: 1024 | global_step: 25527 | reduced_train_loss: 2.493
Training epoch 1, iteration 25528/715787 | lr: 0.0002992 | consumed_samples: 26141696 | global_batch_size: 1024 | global_step: 25528 | reduced_train_loss: 2.51
Training epoch 1, iteration 25529/715787 | lr: 0.0002992 | consumed_samples: 26142720 | global_batch_size: 1024 | global_step: 25529 | reduced_train_loss: 2.489
Training epoch 1, iteration 25530/715787 | lr: 0.0002992 | consumed_samples: 26143744 | global_batch_size: 1024 | global_step: 25530 | reduced_train_loss: 2.512
Training epoch 1, iteration 25531/715787 | lr: 0.0002992 | consumed_samples: 26144768 | global_batch_size: 1024 | global_step: 25531 | reduced_train_loss: 2.504
Training epoch 1, iteration 25532/715787 | lr: 0.0002992 | consumed_samples: 26145792 | global_batch_size: 1024 | global_step: 25532 | reduced_train_loss: 2.508
Training epoch 1, iteration 25533/715787 | lr: 0.0002992 | consumed_samples: 26146816 | global_batch_size: 1024 | global_step: 25533 | reduced_train_loss: 2.498
Training epoch 1, iteration 25534/715787 | lr: 0.0002992 | consumed_samples: 26147840 | global_batch_size: 1024 | global_step: 25534 | reduced_train_loss: 2.485
Training epoch 1, iteration 25535/715787 | lr: 0.0002992 | consumed_samples: 26148864 | global_batch_size: 1024 | global_step: 25535 | reduced_train_loss: 2.494
Training epoch 1, iteration 25536/715787 | lr: 0.0002992 | consumed_samples: 26149888 | global_batch_size: 1024 | global_step: 25536 | reduced_train_loss: 2.511
Training epoch 1, iteration 25537/715787 | lr: 0.0002992 | consumed_samples: 26150912 | global_batch_size: 1024 | global_step: 25537 | reduced_train_loss: 2.507
Training epoch 1, iteration 25538/715787 | lr: 0.0002992 | consumed_samples: 26151936 | global_batch_size: 1024 | global_step: 25538 | reduced_train_loss: 2.484
Training epoch 1, iteration 25539/715787 | lr: 0.0002992 | consumed_samples: 26152960 | global_batch_size: 1024 | global_step: 25539 | reduced_train_loss: 2.498
Training epoch 1, iteration 25540/715787 | lr: 0.0002992 | consumed_samples: 26153984 | global_batch_size: 1024 | global_step: 25540 | reduced_train_loss: 2.513
Training epoch 1, iteration 25541/715787 | lr: 0.0002992 | consumed_samples: 26155008 | global_batch_size: 1024 | global_step: 25541 | reduced_train_loss: 2.503
Training epoch 1, iteration 25542/715787 | lr: 0.0002992 | consumed_samples: 26156032 | global_batch_size: 1024 | global_step: 25542 | reduced_train_loss: 2.476
Training epoch 1, iteration 25543/715787 | lr: 0.0002992 | consumed_samples: 26157056 | global_batch_size: 1024 | global_step: 25543 | reduced_train_loss: 2.503
Training epoch 1, iteration 25544/715787 | lr: 0.0002992 | consumed_samples: 26158080 | global_batch_size: 1024 | global_step: 25544 | reduced_train_loss: 2.486
Training epoch 1, iteration 25545/715787 | lr: 0.0002992 | consumed_samples: 26159104 | global_batch_size: 1024 | global_step: 25545 | reduced_train_loss: 2.53
Training epoch 1, iteration 25546/715787 | lr: 0.0002992 | consumed_samples: 26160128 | global_batch_size: 1024 | global_step: 25546 | reduced_train_loss: 2.502
Training epoch 1, iteration 25547/715787 | lr: 0.0002992 | consumed_samples: 26161152 | global_batch_size: 1024 | global_step: 25547 | reduced_train_loss: 2.505
Training epoch 1, iteration 25548/715787 | lr: 0.0002992 | consumed_samples: 26162176 | global_batch_size: 1024 | global_step: 25548 | reduced_train_loss: 2.489
Training epoch 1, iteration 25549/715787 | lr: 0.0002992 | consumed_samples: 26163200 | global_batch_size: 1024 | global_step: 25549 | reduced_train_loss: 2.485
Training epoch 1, iteration 25550/715787 | lr: 0.0002992 | consumed_samples: 26164224 | global_batch_size: 1024 | global_step: 25550 | reduced_train_loss: 2.502
Training epoch 1, iteration 25551/715787 | lr: 0.0002992 | consumed_samples: 26165248 | global_batch_size: 1024 | global_step: 25551 | reduced_train_loss: 2.517
Training epoch 1, iteration 25552/715787 | lr: 0.0002992 | consumed_samples: 26166272 | global_batch_size: 1024 | global_step: 25552 | reduced_train_loss: 2.472
Training epoch 1, iteration 25553/715787 | lr: 0.0002992 | consumed_samples: 26167296 | global_batch_size: 1024 | global_step: 25553 | reduced_train_loss: 2.505
Training epoch 1, iteration 25554/715787 | lr: 0.0002992 | consumed_samples: 26168320 | global_batch_size: 1024 | global_step: 25554 | reduced_train_loss: 2.539
Training epoch 1, iteration 25555/715787 | lr: 0.0002992 | consumed_samples: 26169344 | global_batch_size: 1024 | global_step: 25555 | reduced_train_loss: 2.499
Training epoch 1, iteration 25556/715787 | lr: 0.0002992 | consumed_samples: 26170368 | global_batch_size: 1024 | global_step: 25556 | reduced_train_loss: 2.488
Training epoch 1, iteration 25557/715787 | lr: 0.0002992 | consumed_samples: 26171392 | global_batch_size: 1024 | global_step: 25557 | reduced_train_loss: 2.5
Training epoch 1, iteration 25558/715787 | lr: 0.0002992 | consumed_samples: 26172416 | global_batch_size: 1024 | global_step: 25558 | reduced_train_loss: 2.496
Training epoch 1, iteration 25559/715787 | lr: 0.0002992 | consumed_samples: 26173440 | global_batch_size: 1024 | global_step: 25559 | reduced_train_loss: 2.505
Training epoch 1, iteration 25560/715787 | lr: 0.0002992 | consumed_samples: 26174464 | global_batch_size: 1024 | global_step: 25560 | reduced_train_loss: 2.475
Training epoch 1, iteration 25561/715787 | lr: 0.0002992 | consumed_samples: 26175488 | global_batch_size: 1024 | global_step: 25561 | reduced_train_loss: 2.516
Training epoch 1, iteration 25562/715787 | lr: 0.0002992 | consumed_samples: 26176512 | global_batch_size: 1024 | global_step: 25562 | reduced_train_loss: 2.503
Training epoch 1, iteration 25563/715787 | lr: 0.0002992 | consumed_samples: 26177536 | global_batch_size: 1024 | global_step: 25563 | reduced_train_loss: 2.499
Training epoch 1, iteration 25564/715787 | lr: 0.0002992 | consumed_samples: 26178560 | global_batch_size: 1024 | global_step: 25564 | reduced_train_loss: 2.482
Training epoch 1, iteration 25565/715787 | lr: 0.0002992 | consumed_samples: 26179584 | global_batch_size: 1024 | global_step: 25565 | reduced_train_loss: 2.498
Training epoch 1, iteration 25566/715787 | lr: 0.0002992 | consumed_samples: 26180608 | global_batch_size: 1024 | global_step: 25566 | reduced_train_loss: 2.505
Training epoch 1, iteration 25567/715787 | lr: 0.0002992 | consumed_samples: 26181632 | global_batch_size: 1024 | global_step: 25567 | reduced_train_loss: 2.489
Training epoch 1, iteration 25568/715787 | lr: 0.0002992 | consumed_samples: 26182656 | global_batch_size: 1024 | global_step: 25568 | reduced_train_loss: 2.521
Training epoch 1, iteration 25569/715787 | lr: 0.0002992 | consumed_samples: 26183680 | global_batch_size: 1024 | global_step: 25569 | reduced_train_loss: 2.492
Training epoch 1, iteration 25570/715787 | lr: 0.0002992 | consumed_samples: 26184704 | global_batch_size: 1024 | global_step: 25570 | reduced_train_loss: 2.508
Training epoch 1, iteration 25571/715787 | lr: 0.0002992 | consumed_samples: 26185728 | global_batch_size: 1024 | global_step: 25571 | reduced_train_loss: 2.505
Training epoch 1, iteration 25572/715787 | lr: 0.0002992 | consumed_samples: 26186752 | global_batch_size: 1024 | global_step: 25572 | reduced_train_loss: 2.51
Training epoch 1, iteration 25573/715787 | lr: 0.0002992 | consumed_samples: 26187776 | global_batch_size: 1024 | global_step: 25573 | reduced_train_loss: 2.487
Training epoch 1, iteration 25574/715787 | lr: 0.0002992 | consumed_samples: 26188800 | global_batch_size: 1024 | global_step: 25574 | reduced_train_loss: 2.498
Training epoch 1, iteration 25575/715787 | lr: 0.0002992 | consumed_samples: 26189824 | global_batch_size: 1024 | global_step: 25575 | reduced_train_loss: 2.516
Training epoch 1, iteration 25576/715787 | lr: 0.0002992 | consumed_samples: 26190848 | global_batch_size: 1024 | global_step: 25576 | reduced_train_loss: 2.498
Training epoch 1, iteration 25577/715787 | lr: 0.0002992 | consumed_samples: 26191872 | global_batch_size: 1024 | global_step: 25577 | reduced_train_loss: 2.511
Training epoch 1, iteration 25578/715787 | lr: 0.0002992 | consumed_samples: 26192896 | global_batch_size: 1024 | global_step: 25578 | reduced_train_loss: 2.498
Training epoch 1, iteration 25579/715787 | lr: 0.0002992 | consumed_samples: 26193920 | global_batch_size: 1024 | global_step: 25579 | reduced_train_loss: 2.484
Training epoch 1, iteration 25580/715787 | lr: 0.0002992 | consumed_samples: 26194944 | global_batch_size: 1024 | global_step: 25580 | reduced_train_loss: 2.497
Training epoch 1, iteration 25581/715787 | lr: 0.0002992 | consumed_samples: 26195968 | global_batch_size: 1024 | global_step: 25581 | reduced_train_loss: 2.501
Training epoch 1, iteration 25582/715787 | lr: 0.0002992 | consumed_samples: 26196992 | global_batch_size: 1024 | global_step: 25582 | reduced_train_loss: 2.493
Training epoch 1, iteration 25583/715787 | lr: 0.0002992 | consumed_samples: 26198016 | global_batch_size: 1024 | global_step: 25583 | reduced_train_loss: 2.522
Training epoch 1, iteration 25584/715787 | lr: 0.0002992 | consumed_samples: 26199040 | global_batch_size: 1024 | global_step: 25584 | reduced_train_loss: 2.498
Training epoch 1, iteration 25585/715787 | lr: 0.0002992 | consumed_samples: 26200064 | global_batch_size: 1024 | global_step: 25585 | reduced_train_loss: 2.506
Training epoch 1, iteration 25586/715787 | lr: 0.0002992 | consumed_samples: 26201088 | global_batch_size: 1024 | global_step: 25586 | reduced_train_loss: 2.516
Training epoch 1, iteration 25587/715787 | lr: 0.0002992 | consumed_samples: 26202112 | global_batch_size: 1024 | global_step: 25587 | reduced_train_loss: 2.504
Training epoch 1, iteration 25588/715787 | lr: 0.0002992 | consumed_samples: 26203136 | global_batch_size: 1024 | global_step: 25588 | reduced_train_loss: 2.498
Training epoch 1, iteration 25589/715787 | lr: 0.0002992 | consumed_samples: 26204160 | global_batch_size: 1024 | global_step: 25589 | reduced_train_loss: 2.515
Training epoch 1, iteration 25590/715787 | lr: 0.0002992 | consumed_samples: 26205184 | global_batch_size: 1024 | global_step: 25590 | reduced_train_loss: 2.493
Training epoch 1, iteration 25591/715787 | lr: 0.0002992 | consumed_samples: 26206208 | global_batch_size: 1024 | global_step: 25591 | reduced_train_loss: 2.514
Training epoch 1, iteration 25592/715787 | lr: 0.0002992 | consumed_samples: 26207232 | global_batch_size: 1024 | global_step: 25592 | reduced_train_loss: 2.514
Training epoch 1, iteration 25593/715787 | lr: 0.0002992 | consumed_samples: 26208256 | global_batch_size: 1024 | global_step: 25593 | reduced_train_loss: 2.491
Training epoch 1, iteration 25594/715787 | lr: 0.0002992 | consumed_samples: 26209280 | global_batch_size: 1024 | global_step: 25594 | reduced_train_loss: 2.505
Training epoch 1, iteration 25595/715787 | lr: 0.0002992 | consumed_samples: 26210304 | global_batch_size: 1024 | global_step: 25595 | reduced_train_loss: 2.512
Training epoch 1, iteration 25596/715787 | lr: 0.0002992 | consumed_samples: 26211328 | global_batch_size: 1024 | global_step: 25596 | reduced_train_loss: 2.471
Training epoch 1, iteration 25597/715787 | lr: 0.0002992 | consumed_samples: 26212352 | global_batch_size: 1024 | global_step: 25597 | reduced_train_loss: 2.498
Training epoch 1, iteration 25598/715787 | lr: 0.0002992 | consumed_samples: 26213376 | global_batch_size: 1024 | global_step: 25598 | reduced_train_loss: 2.49
[NeMo I 2026-03-30 07:11:52 nemo_logging:393] Running garbage collection at train global_step: 25600
Training epoch 1, iteration 25599/715787 | lr: 0.0002992 | consumed_samples: 26214400 | global_batch_size: 1024 | global_step: 25599 | reduced_train_loss: 2.489
Training epoch 1, iteration 25600/715787 | lr: 0.0002992 | consumed_samples: 26215424 | global_batch_size: 1024 | global_step: 25600 | reduced_train_loss: 2.491
Training epoch 1, iteration 25601/715787 | lr: 0.0002992 | consumed_samples: 26216448 | global_batch_size: 1024 | global_step: 25601 | reduced_train_loss: 2.49
Training epoch 1, iteration 25602/715787 | lr: 0.0002992 | consumed_samples: 26217472 | global_batch_size: 1024 | global_step: 25602 | reduced_train_loss: 2.485
Training epoch 1, iteration 25603/715787 | lr: 0.0002992 | consumed_samples: 26218496 | global_batch_size: 1024 | global_step: 25603 | reduced_train_loss: 2.493
Training epoch 1, iteration 25604/715787 | lr: 0.0002992 | consumed_samples: 26219520 | global_batch_size: 1024 | global_step: 25604 | reduced_train_loss: 2.496
Training epoch 1, iteration 25605/715787 | lr: 0.0002992 | consumed_samples: 26220544 | global_batch_size: 1024 | global_step: 25605 | reduced_train_loss: 2.508
Training epoch 1, iteration 25606/715787 | lr: 0.0002992 | consumed_samples: 26221568 | global_batch_size: 1024 | global_step: 25606 | reduced_train_loss: 2.491
Training epoch 1, iteration 25607/715787 | lr: 0.0002992 | consumed_samples: 26222592 | global_batch_size: 1024 | global_step: 25607 | reduced_train_loss: 2.482
Training epoch 1, iteration 25608/715787 | lr: 0.0002992 | consumed_samples: 26223616 | global_batch_size: 1024 | global_step: 25608 | reduced_train_loss: 2.507
Training epoch 1, iteration 25609/715787 | lr: 0.0002992 | consumed_samples: 26224640 | global_batch_size: 1024 | global_step: 25609 | reduced_train_loss: 2.518
Training epoch 1, iteration 25610/715787 | lr: 0.0002992 | consumed_samples: 26225664 | global_batch_size: 1024 | global_step: 25610 | reduced_train_loss: 2.498
Training epoch 1, iteration 25611/715787 | lr: 0.0002992 | consumed_samples: 26226688 | global_batch_size: 1024 | global_step: 25611 | reduced_train_loss: 2.492
Training epoch 1, iteration 25612/715787 | lr: 0.0002992 | consumed_samples: 26227712 | global_batch_size: 1024 | global_step: 25612 | reduced_train_loss: 2.5
Training epoch 1, iteration 25613/715787 | lr: 0.0002992 | consumed_samples: 26228736 | global_batch_size: 1024 | global_step: 25613 | reduced_train_loss: 2.481
Training epoch 1, iteration 25614/715787 | lr: 0.0002992 | consumed_samples: 26229760 | global_batch_size: 1024 | global_step: 25614 | reduced_train_loss: 2.486
Training epoch 1, iteration 25615/715787 | lr: 0.0002992 | consumed_samples: 26230784 | global_batch_size: 1024 | global_step: 25615 | reduced_train_loss: 2.497
Training epoch 1, iteration 25616/715787 | lr: 0.0002992 | consumed_samples: 26231808 | global_batch_size: 1024 | global_step: 25616 | reduced_train_loss: 2.504
Training epoch 1, iteration 25617/715787 | lr: 0.0002992 | consumed_samples: 26232832 | global_batch_size: 1024 | global_step: 25617 | reduced_train_loss: 2.511
Training epoch 1, iteration 25618/715787 | lr: 0.0002992 | consumed_samples: 26233856 | global_batch_size: 1024 | global_step: 25618 | reduced_train_loss: 2.496
Training epoch 1, iteration 25619/715787 | lr: 0.0002992 | consumed_samples: 26234880 | global_batch_size: 1024 | global_step: 25619 | reduced_train_loss: 2.512
Training epoch 1, iteration 25620/715787 | lr: 0.0002992 | consumed_samples: 26235904 | global_batch_size: 1024 | global_step: 25620 | reduced_train_loss: 2.499
Training epoch 1, iteration 25621/715787 | lr: 0.0002992 | consumed_samples: 26236928 | global_batch_size: 1024 | global_step: 25621 | reduced_train_loss: 2.479
Training epoch 1, iteration 25622/715787 | lr: 0.0002992 | consumed_samples: 26237952 | global_batch_size: 1024 | global_step: 25622 | reduced_train_loss: 2.493
Training epoch 1, iteration 25623/715787 | lr: 0.0002992 | consumed_samples: 26238976 | global_batch_size: 1024 | global_step: 25623 | reduced_train_loss: 2.5
Training epoch 1, iteration 25624/715787 | lr: 0.0002992 | consumed_samples: 26240000 | global_batch_size: 1024 | global_step: 25624 | reduced_train_loss: 2.504
Training epoch 1, iteration 25625/715787 | lr: 0.0002992 | consumed_samples: 26241024 | global_batch_size: 1024 | global_step: 25625 | reduced_train_loss: 2.461
Training epoch 1, iteration 25626/715787 | lr: 0.0002992 | consumed_samples: 26242048 | global_batch_size: 1024 | global_step: 25626 | reduced_train_loss: 2.507
Training epoch 1, iteration 25627/715787 | lr: 0.0002992 | consumed_samples: 26243072 | global_batch_size: 1024 | global_step: 25627 | reduced_train_loss: 2.501
Training epoch 1, iteration 25628/715787 | lr: 0.0002992 | consumed_samples: 26244096 | global_batch_size: 1024 | global_step: 25628 | reduced_train_loss: 2.487
Training epoch 1, iteration 25629/715787 | lr: 0.0002992 | consumed_samples: 26245120 | global_batch_size: 1024 | global_step: 25629 | reduced_train_loss: 2.492
Training epoch 1, iteration 25630/715787 | lr: 0.0002992 | consumed_samples: 26246144 | global_batch_size: 1024 | global_step: 25630 | reduced_train_loss: 2.508
Training epoch 1, iteration 25631/715787 | lr: 0.0002992 | consumed_samples: 26247168 | global_batch_size: 1024 | global_step: 25631 | reduced_train_loss: 2.503
Training epoch 1, iteration 25632/715787 | lr: 0.0002992 | consumed_samples: 26248192 | global_batch_size: 1024 | global_step: 25632 | reduced_train_loss: 2.486
Training epoch 1, iteration 25633/715787 | lr: 0.0002992 | consumed_samples: 26249216 | global_batch_size: 1024 | global_step: 25633 | reduced_train_loss: 2.501
Training epoch 1, iteration 25634/715787 | lr: 0.0002992 | consumed_samples: 26250240 | global_batch_size: 1024 | global_step: 25634 | reduced_train_loss: 2.483
Training epoch 1, iteration 25635/715787 | lr: 0.0002992 | consumed_samples: 26251264 | global_batch_size: 1024 | global_step: 25635 | reduced_train_loss: 2.475
Training epoch 1, iteration 25636/715787 | lr: 0.0002992 | consumed_samples: 26252288 | global_batch_size: 1024 | global_step: 25636 | reduced_train_loss: 2.518
Training epoch 1, iteration 25637/715787 | lr: 0.0002992 | consumed_samples: 26253312 | global_batch_size: 1024 | global_step: 25637 | reduced_train_loss: 2.495
Training epoch 1, iteration 25638/715787 | lr: 0.0002992 | consumed_samples: 26254336 | global_batch_size: 1024 | global_step: 25638 | reduced_train_loss: 2.487
Training epoch 1, iteration 25639/715787 | lr: 0.0002992 | consumed_samples: 26255360 | global_batch_size: 1024 | global_step: 25639 | reduced_train_loss: 2.513
Training epoch 1, iteration 25640/715787 | lr: 0.0002992 | consumed_samples: 26256384 | global_batch_size: 1024 | global_step: 25640 | reduced_train_loss: 2.517
Training epoch 1, iteration 25641/715787 | lr: 0.0002992 | consumed_samples: 26257408 | global_batch_size: 1024 | global_step: 25641 | reduced_train_loss: 2.497
Training epoch 1, iteration 25642/715787 | lr: 0.0002992 | consumed_samples: 26258432 | global_batch_size: 1024 | global_step: 25642 | reduced_train_loss: 2.511
Training epoch 1, iteration 25643/715787 | lr: 0.0002992 | consumed_samples: 26259456 | global_batch_size: 1024 | global_step: 25643 | reduced_train_loss: 2.5
Training epoch 1, iteration 25644/715787 | lr: 0.0002992 | consumed_samples: 26260480 | global_batch_size: 1024 | global_step: 25644 | reduced_train_loss: 2.502
Training epoch 1, iteration 25645/715787 | lr: 0.0002992 | consumed_samples: 26261504 | global_batch_size: 1024 | global_step: 25645 | reduced_train_loss: 2.49
Training epoch 1, iteration 25646/715787 | lr: 0.0002992 | consumed_samples: 26262528 | global_batch_size: 1024 | global_step: 25646 | reduced_train_loss: 2.488
Training epoch 1, iteration 25647/715787 | lr: 0.0002992 | consumed_samples: 26263552 | global_batch_size: 1024 | global_step: 25647 | reduced_train_loss: 2.493
Training epoch 1, iteration 25648/715787 | lr: 0.0002992 | consumed_samples: 26264576 | global_batch_size: 1024 | global_step: 25648 | reduced_train_loss: 2.503
Training epoch 1, iteration 25649/715787 | lr: 0.0002992 | consumed_samples: 26265600 | global_batch_size: 1024 | global_step: 25649 | reduced_train_loss: 2.496
Training epoch 1, iteration 25650/715787 | lr: 0.0002992 | consumed_samples: 26266624 | global_batch_size: 1024 | global_step: 25650 | reduced_train_loss: 2.489
Training epoch 1, iteration 25651/715787 | lr: 0.0002992 | consumed_samples: 26267648 | global_batch_size: 1024 | global_step: 25651 | reduced_train_loss: 2.513
Training epoch 1, iteration 25652/715787 | lr: 0.0002992 | consumed_samples: 26268672 | global_batch_size: 1024 | global_step: 25652 | reduced_train_loss: 2.49
Training epoch 1, iteration 25653/715787 | lr: 0.0002992 | consumed_samples: 26269696 | global_batch_size: 1024 | global_step: 25653 | reduced_train_loss: 2.46
Training epoch 1, iteration 25654/715787 | lr: 0.0002992 | consumed_samples: 26270720 | global_batch_size: 1024 | global_step: 25654 | reduced_train_loss: 2.485
Training epoch 1, iteration 25655/715787 | lr: 0.0002992 | consumed_samples: 26271744 | global_batch_size: 1024 | global_step: 25655 | reduced_train_loss: 2.488
Training epoch 1, iteration 25656/715787 | lr: 0.0002992 | consumed_samples: 26272768 | global_batch_size: 1024 | global_step: 25656 | reduced_train_loss: 2.491
Training epoch 1, iteration 25657/715787 | lr: 0.0002992 | consumed_samples: 26273792 | global_batch_size: 1024 | global_step: 25657 | reduced_train_loss: 2.489
Training epoch 1, iteration 25658/715787 | lr: 0.0002992 | consumed_samples: 26274816 | global_batch_size: 1024 | global_step: 25658 | reduced_train_loss: 2.516
Training epoch 1, iteration 25659/715787 | lr: 0.0002992 | consumed_samples: 26275840 | global_batch_size: 1024 | global_step: 25659 | reduced_train_loss: 2.494
Training epoch 1, iteration 25660/715787 | lr: 0.0002992 | consumed_samples: 26276864 | global_batch_size: 1024 | global_step: 25660 | reduced_train_loss: 2.485
Training epoch 1, iteration 25661/715787 | lr: 0.0002992 | consumed_samples: 26277888 | global_batch_size: 1024 | global_step: 25661 | reduced_train_loss: 2.5
Training epoch 1, iteration 25662/715787 | lr: 0.0002992 | consumed_samples: 26278912 | global_batch_size: 1024 | global_step: 25662 | reduced_train_loss: 2.506
Training epoch 1, iteration 25663/715787 | lr: 0.0002992 | consumed_samples: 26279936 | global_batch_size: 1024 | global_step: 25663 | reduced_train_loss: 2.497
Training epoch 1, iteration 25664/715787 | lr: 0.0002992 | consumed_samples: 26280960 | global_batch_size: 1024 | global_step: 25664 | reduced_train_loss: 2.502
Training epoch 1, iteration 25665/715787 | lr: 0.0002992 | consumed_samples: 26281984 | global_batch_size: 1024 | global_step: 25665 | reduced_train_loss: 2.507
Training epoch 1, iteration 25666/715787 | lr: 0.0002992 | consumed_samples: 26283008 | global_batch_size: 1024 | global_step: 25666 | reduced_train_loss: 2.494
Training epoch 1, iteration 25667/715787 | lr: 0.0002992 | consumed_samples: 26284032 | global_batch_size: 1024 | global_step: 25667 | reduced_train_loss: 2.499
Training epoch 1, iteration 25668/715787 | lr: 0.0002992 | consumed_samples: 26285056 | global_batch_size: 1024 | global_step: 25668 | reduced_train_loss: 2.502
Training epoch 1, iteration 25669/715787 | lr: 0.0002992 | consumed_samples: 26286080 | global_batch_size: 1024 | global_step: 25669 | reduced_train_loss: 2.501
Training epoch 1, iteration 25670/715787 | lr: 0.0002992 | consumed_samples: 26287104 | global_batch_size: 1024 | global_step: 25670 | reduced_train_loss: 2.499
Training epoch 1, iteration 25671/715787 | lr: 0.0002992 | consumed_samples: 26288128 | global_batch_size: 1024 | global_step: 25671 | reduced_train_loss: 2.511
Training epoch 1, iteration 25672/715787 | lr: 0.0002992 | consumed_samples: 26289152 | global_batch_size: 1024 | global_step: 25672 | reduced_train_loss: 2.499
Training epoch 1, iteration 25673/715787 | lr: 0.0002992 | consumed_samples: 26290176 | global_batch_size: 1024 | global_step: 25673 | reduced_train_loss: 2.507
Training epoch 1, iteration 25674/715787 | lr: 0.0002992 | consumed_samples: 26291200 | global_batch_size: 1024 | global_step: 25674 | reduced_train_loss: 2.495
Training epoch 1, iteration 25675/715787 | lr: 0.0002992 | consumed_samples: 26292224 | global_batch_size: 1024 | global_step: 25675 | reduced_train_loss: 2.487
Training epoch 1, iteration 25676/715787 | lr: 0.0002992 | consumed_samples: 26293248 | global_batch_size: 1024 | global_step: 25676 | reduced_train_loss: 2.501
Training epoch 1, iteration 25677/715787 | lr: 0.0002992 | consumed_samples: 26294272 | global_batch_size: 1024 | global_step: 25677 | reduced_train_loss: 2.52
Training epoch 1, iteration 25678/715787 | lr: 0.0002992 | consumed_samples: 26295296 | global_batch_size: 1024 | global_step: 25678 | reduced_train_loss: 2.486
Training epoch 1, iteration 25679/715787 | lr: 0.0002992 | consumed_samples: 26296320 | global_batch_size: 1024 | global_step: 25679 | reduced_train_loss: 2.506
Training epoch 1, iteration 25680/715787 | lr: 0.0002992 | consumed_samples: 26297344 | global_batch_size: 1024 | global_step: 25680 | reduced_train_loss: 2.497
Training epoch 1, iteration 25681/715787 | lr: 0.0002992 | consumed_samples: 26298368 | global_batch_size: 1024 | global_step: 25681 | reduced_train_loss: 2.496
Training epoch 1, iteration 25682/715787 | lr: 0.0002992 | consumed_samples: 26299392 | global_batch_size: 1024 | global_step: 25682 | reduced_train_loss: 2.49
Training epoch 1, iteration 25683/715787 | lr: 0.0002992 | consumed_samples: 26300416 | global_batch_size: 1024 | global_step: 25683 | reduced_train_loss: 2.466
Training epoch 1, iteration 25684/715787 | lr: 0.0002992 | consumed_samples: 26301440 | global_batch_size: 1024 | global_step: 25684 | reduced_train_loss: 2.508
Training epoch 1, iteration 25685/715787 | lr: 0.0002992 | consumed_samples: 26302464 | global_batch_size: 1024 | global_step: 25685 | reduced_train_loss: 2.496
Training epoch 1, iteration 25686/715787 | lr: 0.0002992 | consumed_samples: 26303488 | global_batch_size: 1024 | global_step: 25686 | reduced_train_loss: 2.497
Training epoch 1, iteration 25687/715787 | lr: 0.0002992 | consumed_samples: 26304512 | global_batch_size: 1024 | global_step: 25687 | reduced_train_loss: 2.514
Training epoch 1, iteration 25688/715787 | lr: 0.0002992 | consumed_samples: 26305536 | global_batch_size: 1024 | global_step: 25688 | reduced_train_loss: 2.497
Training epoch 1, iteration 25689/715787 | lr: 0.0002992 | consumed_samples: 26306560 | global_batch_size: 1024 | global_step: 25689 | reduced_train_loss: 2.483
Training epoch 1, iteration 25690/715787 | lr: 0.0002992 | consumed_samples: 26307584 | global_batch_size: 1024 | global_step: 25690 | reduced_train_loss: 2.504
Training epoch 1, iteration 25691/715787 | lr: 0.0002992 | consumed_samples: 26308608 | global_batch_size: 1024 | global_step: 25691 | reduced_train_loss: 2.499
Training epoch 1, iteration 25692/715787 | lr: 0.0002992 | consumed_samples: 26309632 | global_batch_size: 1024 | global_step: 25692 | reduced_train_loss: 2.512
Training epoch 1, iteration 25693/715787 | lr: 0.0002992 | consumed_samples: 26310656 | global_batch_size: 1024 | global_step: 25693 | reduced_train_loss: 2.476
Training epoch 1, iteration 25694/715787 | lr: 0.0002992 | consumed_samples: 26311680 | global_batch_size: 1024 | global_step: 25694 | reduced_train_loss: 2.478
Training epoch 1, iteration 25695/715787 | lr: 0.0002992 | consumed_samples: 26312704 | global_batch_size: 1024 | global_step: 25695 | reduced_train_loss: 2.509
Training epoch 1, iteration 25696/715787 | lr: 0.0002992 | consumed_samples: 26313728 | global_batch_size: 1024 | global_step: 25696 | reduced_train_loss: 2.481
Training epoch 1, iteration 25697/715787 | lr: 0.0002992 | consumed_samples: 26314752 | global_batch_size: 1024 | global_step: 25697 | reduced_train_loss: 2.509
Training epoch 1, iteration 25698/715787 | lr: 0.0002992 | consumed_samples: 26315776 | global_batch_size: 1024 | global_step: 25698 | reduced_train_loss: 2.485
[NeMo I 2026-03-30 07:30:51 nemo_logging:393] Running garbage collection at train global_step: 25700
Training epoch 1, iteration 25699/715787 | lr: 0.0002992 | consumed_samples: 26316800 | global_batch_size: 1024 | global_step: 25699 | reduced_train_loss: 2.507
Training epoch 1, iteration 25700/715787 | lr: 0.0002992 | consumed_samples: 26317824 | global_batch_size: 1024 | global_step: 25700 | reduced_train_loss: 2.507
Training epoch 1, iteration 25701/715787 | lr: 0.0002992 | consumed_samples: 26318848 | global_batch_size: 1024 | global_step: 25701 | reduced_train_loss: 2.496
Training epoch 1, iteration 25702/715787 | lr: 0.0002992 | consumed_samples: 26319872 | global_batch_size: 1024 | global_step: 25702 | reduced_train_loss: 2.501
Training epoch 1, iteration 25703/715787 | lr: 0.0002992 | consumed_samples: 26320896 | global_batch_size: 1024 | global_step: 25703 | reduced_train_loss: 2.499
Training epoch 1, iteration 25704/715787 | lr: 0.0002992 | consumed_samples: 26321920 | global_batch_size: 1024 | global_step: 25704 | reduced_train_loss: 2.47
Training epoch 1, iteration 25705/715787 | lr: 0.0002992 | consumed_samples: 26322944 | global_batch_size: 1024 | global_step: 25705 | reduced_train_loss: 2.487
Training epoch 1, iteration 25706/715787 | lr: 0.0002992 | consumed_samples: 26323968 | global_batch_size: 1024 | global_step: 25706 | reduced_train_loss: 2.493
Training epoch 1, iteration 25707/715787 | lr: 0.0002992 | consumed_samples: 26324992 | global_batch_size: 1024 | global_step: 25707 | reduced_train_loss: 2.505
Training epoch 1, iteration 25708/715787 | lr: 0.0002992 | consumed_samples: 26326016 | global_batch_size: 1024 | global_step: 25708 | reduced_train_loss: 2.491
Training epoch 1, iteration 25709/715787 | lr: 0.0002992 | consumed_samples: 26327040 | global_batch_size: 1024 | global_step: 25709 | reduced_train_loss: 2.493
Training epoch 1, iteration 25710/715787 | lr: 0.0002992 | consumed_samples: 26328064 | global_batch_size: 1024 | global_step: 25710 | reduced_train_loss: 2.505
Training epoch 1, iteration 25711/715787 | lr: 0.0002992 | consumed_samples: 26329088 | global_batch_size: 1024 | global_step: 25711 | reduced_train_loss: 2.473
Training epoch 1, iteration 25712/715787 | lr: 0.0002992 | consumed_samples: 26330112 | global_batch_size: 1024 | global_step: 25712 | reduced_train_loss: 2.494
Training epoch 1, iteration 25713/715787 | lr: 0.0002992 | consumed_samples: 26331136 | global_batch_size: 1024 | global_step: 25713 | reduced_train_loss: 2.504
Training epoch 1, iteration 25714/715787 | lr: 0.0002992 | consumed_samples: 26332160 | global_batch_size: 1024 | global_step: 25714 | reduced_train_loss: 2.486
Training epoch 1, iteration 25715/715787 | lr: 0.0002992 | consumed_samples: 26333184 | global_batch_size: 1024 | global_step: 25715 | reduced_train_loss: 2.506
Training epoch 1, iteration 25716/715787 | lr: 0.0002992 | consumed_samples: 26334208 | global_batch_size: 1024 | global_step: 25716 | reduced_train_loss: 2.507
Training epoch 1, iteration 25717/715787 | lr: 0.0002992 | consumed_samples: 26335232 | global_batch_size: 1024 | global_step: 25717 | reduced_train_loss: 2.496
Training epoch 1, iteration 25718/715787 | lr: 0.0002992 | consumed_samples: 26336256 | global_batch_size: 1024 | global_step: 25718 | reduced_train_loss: 2.512
Training epoch 1, iteration 25719/715787 | lr: 0.0002992 | consumed_samples: 26337280 | global_batch_size: 1024 | global_step: 25719 | reduced_train_loss: 2.503
Training epoch 1, iteration 25720/715787 | lr: 0.0002992 | consumed_samples: 26338304 | global_batch_size: 1024 | global_step: 25720 | reduced_train_loss: 2.514
Training epoch 1, iteration 25721/715787 | lr: 0.0002992 | consumed_samples: 26339328 | global_batch_size: 1024 | global_step: 25721 | reduced_train_loss: 2.502
Training epoch 1, iteration 25722/715787 | lr: 0.0002992 | consumed_samples: 26340352 | global_batch_size: 1024 | global_step: 25722 | reduced_train_loss: 2.495
Training epoch 1, iteration 25723/715787 | lr: 0.0002992 | consumed_samples: 26341376 | global_batch_size: 1024 | global_step: 25723 | reduced_train_loss: 2.504
Training epoch 1, iteration 25724/715787 | lr: 0.0002992 | consumed_samples: 26342400 | global_batch_size: 1024 | global_step: 25724 | reduced_train_loss: 2.494
Training epoch 1, iteration 25725/715787 | lr: 0.0002992 | consumed_samples: 26343424 | global_batch_size: 1024 | global_step: 25725 | reduced_train_loss: 2.511
Training epoch 1, iteration 25726/715787 | lr: 0.0002992 | consumed_samples: 26344448 | global_batch_size: 1024 | global_step: 25726 | reduced_train_loss: 2.512
Training epoch 1, iteration 25727/715787 | lr: 0.0002992 | consumed_samples: 26345472 | global_batch_size: 1024 | global_step: 25727 | reduced_train_loss: 2.488
Training epoch 1, iteration 25728/715787 | lr: 0.0002992 | consumed_samples: 26346496 | global_batch_size: 1024 | global_step: 25728 | reduced_train_loss: 2.488
Training epoch 1, iteration 25729/715787 | lr: 0.0002992 | consumed_samples: 26347520 | global_batch_size: 1024 | global_step: 25729 | reduced_train_loss: 2.503
Training epoch 1, iteration 25730/715787 | lr: 0.0002992 | consumed_samples: 26348544 | global_batch_size: 1024 | global_step: 25730 | reduced_train_loss: 2.491
Training epoch 1, iteration 25731/715787 | lr: 0.0002992 | consumed_samples: 26349568 | global_batch_size: 1024 | global_step: 25731 | reduced_train_loss: 2.491
Training epoch 1, iteration 25732/715787 | lr: 0.0002992 | consumed_samples: 26350592 | global_batch_size: 1024 | global_step: 25732 | reduced_train_loss: 2.506
Training epoch 1, iteration 25733/715787 | lr: 0.0002992 | consumed_samples: 26351616 | global_batch_size: 1024 | global_step: 25733 | reduced_train_loss: 2.517
Training epoch 1, iteration 25734/715787 | lr: 0.0002992 | consumed_samples: 26352640 | global_batch_size: 1024 | global_step: 25734 | reduced_train_loss: 2.502
Training epoch 1, iteration 25735/715787 | lr: 0.0002992 | consumed_samples: 26353664 | global_batch_size: 1024 | global_step: 25735 | reduced_train_loss: 2.502
Training epoch 1, iteration 25736/715787 | lr: 0.0002992 | consumed_samples: 26354688 | global_batch_size: 1024 | global_step: 25736 | reduced_train_loss: 2.505
Training epoch 1, iteration 25737/715787 | lr: 0.0002992 | consumed_samples: 26355712 | global_batch_size: 1024 | global_step: 25737 | reduced_train_loss: 2.49
Training epoch 1, iteration 25738/715787 | lr: 0.0002992 | consumed_samples: 26356736 | global_batch_size: 1024 | global_step: 25738 | reduced_train_loss: 2.486
Training epoch 1, iteration 25739/715787 | lr: 0.0002992 | consumed_samples: 26357760 | global_batch_size: 1024 | global_step: 25739 | reduced_train_loss: 2.47
Training epoch 1, iteration 25740/715787 | lr: 0.0002992 | consumed_samples: 26358784 | global_batch_size: 1024 | global_step: 25740 | reduced_train_loss: 2.517
Training epoch 1, iteration 25741/715787 | lr: 0.0002992 | consumed_samples: 26359808 | global_batch_size: 1024 | global_step: 25741 | reduced_train_loss: 2.495
Training epoch 1, iteration 25742/715787 | lr: 0.0002992 | consumed_samples: 26360832 | global_batch_size: 1024 | global_step: 25742 | reduced_train_loss: 2.49
Training epoch 1, iteration 25743/715787 | lr: 0.0002992 | consumed_samples: 26361856 | global_batch_size: 1024 | global_step: 25743 | reduced_train_loss: 2.487
Training epoch 1, iteration 25744/715787 | lr: 0.0002992 | consumed_samples: 26362880 | global_batch_size: 1024 | global_step: 25744 | reduced_train_loss: 2.505
Training epoch 1, iteration 25745/715787 | lr: 0.0002992 | consumed_samples: 26363904 | global_batch_size: 1024 | global_step: 25745 | reduced_train_loss: 2.497
Training epoch 1, iteration 25746/715787 | lr: 0.0002992 | consumed_samples: 26364928 | global_batch_size: 1024 | global_step: 25746 | reduced_train_loss: 2.476
Training epoch 1, iteration 25747/715787 | lr: 0.0002992 | consumed_samples: 26365952 | global_batch_size: 1024 | global_step: 25747 | reduced_train_loss: 2.512
Training epoch 1, iteration 25748/715787 | lr: 0.0002992 | consumed_samples: 26366976 | global_batch_size: 1024 | global_step: 25748 | reduced_train_loss: 2.494
Training epoch 1, iteration 25749/715787 | lr: 0.0002992 | consumed_samples: 26368000 | global_batch_size: 1024 | global_step: 25749 | reduced_train_loss: 2.511
Training epoch 1, iteration 25750/715787 | lr: 0.0002992 | consumed_samples: 26369024 | global_batch_size: 1024 | global_step: 25750 | reduced_train_loss: 2.496
Training epoch 1, iteration 25751/715787 | lr: 0.0002992 | consumed_samples: 26370048 | global_batch_size: 1024 | global_step: 25751 | reduced_train_loss: 2.492
Training epoch 1, iteration 25752/715787 | lr: 0.0002992 | consumed_samples: 26371072 | global_batch_size: 1024 | global_step: 25752 | reduced_train_loss: 2.512
Training epoch 1, iteration 25753/715787 | lr: 0.0002992 | consumed_samples: 26372096 | global_batch_size: 1024 | global_step: 25753 | reduced_train_loss: 2.487
Training epoch 1, iteration 25754/715787 | lr: 0.0002992 | consumed_samples: 26373120 | global_batch_size: 1024 | global_step: 25754 | reduced_train_loss: 2.489
Training epoch 1, iteration 25755/715787 | lr: 0.0002992 | consumed_samples: 26374144 | global_batch_size: 1024 | global_step: 25755 | reduced_train_loss: 2.48
Training epoch 1, iteration 25756/715787 | lr: 0.0002992 | consumed_samples: 26375168 | global_batch_size: 1024 | global_step: 25756 | reduced_train_loss: 2.527
Training epoch 1, iteration 25757/715787 | lr: 0.0002992 | consumed_samples: 26376192 | global_batch_size: 1024 | global_step: 25757 | reduced_train_loss: 2.488
Training epoch 1, iteration 25758/715787 | lr: 0.0002992 | consumed_samples: 26377216 | global_batch_size: 1024 | global_step: 25758 | reduced_train_loss: 2.489
Training epoch 1, iteration 25759/715787 | lr: 0.0002992 | consumed_samples: 26378240 | global_batch_size: 1024 | global_step: 25759 | reduced_train_loss: 2.499
Training epoch 1, iteration 25760/715787 | lr: 0.0002992 | consumed_samples: 26379264 | global_batch_size: 1024 | global_step: 25760 | reduced_train_loss: 2.488
Training epoch 1, iteration 25761/715787 | lr: 0.0002992 | consumed_samples: 26380288 | global_batch_size: 1024 | global_step: 25761 | reduced_train_loss: 2.495
Training epoch 1, iteration 25762/715787 | lr: 0.0002992 | consumed_samples: 26381312 | global_batch_size: 1024 | global_step: 25762 | reduced_train_loss: 2.497
Training epoch 1, iteration 25763/715787 | lr: 0.0002992 | consumed_samples: 26382336 | global_batch_size: 1024 | global_step: 25763 | reduced_train_loss: 2.506
Training epoch 1, iteration 25764/715787 | lr: 0.0002992 | consumed_samples: 26383360 | global_batch_size: 1024 | global_step: 25764 | reduced_train_loss: 2.542
Training epoch 1, iteration 25765/715787 | lr: 0.0002992 | consumed_samples: 26384384 | global_batch_size: 1024 | global_step: 25765 | reduced_train_loss: 2.505
Training epoch 1, iteration 25766/715787 | lr: 0.0002992 | consumed_samples: 26385408 | global_batch_size: 1024 | global_step: 25766 | reduced_train_loss: 2.502
Training epoch 1, iteration 25767/715787 | lr: 0.0002992 | consumed_samples: 26386432 | global_batch_size: 1024 | global_step: 25767 | reduced_train_loss: 2.499
Training epoch 1, iteration 25768/715787 | lr: 0.0002992 | consumed_samples: 26387456 | global_batch_size: 1024 | global_step: 25768 | reduced_train_loss: 2.516
Training epoch 1, iteration 25769/715787 | lr: 0.0002992 | consumed_samples: 26388480 | global_batch_size: 1024 | global_step: 25769 | reduced_train_loss: 2.492
Training epoch 1, iteration 25770/715787 | lr: 0.0002992 | consumed_samples: 26389504 | global_batch_size: 1024 | global_step: 25770 | reduced_train_loss: 2.502
Training epoch 1, iteration 25771/715787 | lr: 0.0002992 | consumed_samples: 26390528 | global_batch_size: 1024 | global_step: 25771 | reduced_train_loss: 2.523
Training epoch 1, iteration 25772/715787 | lr: 0.0002992 | consumed_samples: 26391552 | global_batch_size: 1024 | global_step: 25772 | reduced_train_loss: 2.508
Training epoch 1, iteration 25773/715787 | lr: 0.0002992 | consumed_samples: 26392576 | global_batch_size: 1024 | global_step: 25773 | reduced_train_loss: 2.497
Training epoch 1, iteration 25774/715787 | lr: 0.0002992 | consumed_samples: 26393600 | global_batch_size: 1024 | global_step: 25774 | reduced_train_loss: 2.527
Training epoch 1, iteration 25775/715787 | lr: 0.0002992 | consumed_samples: 26394624 | global_batch_size: 1024 | global_step: 25775 | reduced_train_loss: 2.498
Training epoch 1, iteration 25776/715787 | lr: 0.0002992 | consumed_samples: 26395648 | global_batch_size: 1024 | global_step: 25776 | reduced_train_loss: 2.511
Training epoch 1, iteration 25777/715787 | lr: 0.0002992 | consumed_samples: 26396672 | global_batch_size: 1024 | global_step: 25777 | reduced_train_loss: 2.491
Training epoch 1, iteration 25778/715787 | lr: 0.0002992 | consumed_samples: 26397696 | global_batch_size: 1024 | global_step: 25778 | reduced_train_loss: 2.51
Training epoch 1, iteration 25779/715787 | lr: 0.0002992 | consumed_samples: 26398720 | global_batch_size: 1024 | global_step: 25779 | reduced_train_loss: 2.49
Training epoch 1, iteration 25780/715787 | lr: 0.0002992 | consumed_samples: 26399744 | global_batch_size: 1024 | global_step: 25780 | reduced_train_loss: 2.513
Training epoch 1, iteration 25781/715787 | lr: 0.0002992 | consumed_samples: 26400768 | global_batch_size: 1024 | global_step: 25781 | reduced_train_loss: 2.496
Training epoch 1, iteration 25782/715787 | lr: 0.0002992 | consumed_samples: 26401792 | global_batch_size: 1024 | global_step: 25782 | reduced_train_loss: 2.494
Training epoch 1, iteration 25783/715787 | lr: 0.0002992 | consumed_samples: 26402816 | global_batch_size: 1024 | global_step: 25783 | reduced_train_loss: 2.508
Training epoch 1, iteration 25784/715787 | lr: 0.0002992 | consumed_samples: 26403840 | global_batch_size: 1024 | global_step: 25784 | reduced_train_loss: 2.5
Training epoch 1, iteration 25785/715787 | lr: 0.0002992 | consumed_samples: 26404864 | global_batch_size: 1024 | global_step: 25785 | reduced_train_loss: 2.495
Training epoch 1, iteration 25786/715787 | lr: 0.0002992 | consumed_samples: 26405888 | global_batch_size: 1024 | global_step: 25786 | reduced_train_loss: 2.487
Training epoch 1, iteration 25787/715787 | lr: 0.0002992 | consumed_samples: 26406912 | global_batch_size: 1024 | global_step: 25787 | reduced_train_loss: 2.522
Training epoch 1, iteration 25788/715787 | lr: 0.0002992 | consumed_samples: 26407936 | global_batch_size: 1024 | global_step: 25788 | reduced_train_loss: 2.502
Training epoch 1, iteration 25789/715787 | lr: 0.0002992 | consumed_samples: 26408960 | global_batch_size: 1024 | global_step: 25789 | reduced_train_loss: 2.499
Training epoch 1, iteration 25790/715787 | lr: 0.0002992 | consumed_samples: 26409984 | global_batch_size: 1024 | global_step: 25790 | reduced_train_loss: 2.499
Training epoch 1, iteration 25791/715787 | lr: 0.0002992 | consumed_samples: 26411008 | global_batch_size: 1024 | global_step: 25791 | reduced_train_loss: 2.504
Training epoch 1, iteration 25792/715787 | lr: 0.0002992 | consumed_samples: 26412032 | global_batch_size: 1024 | global_step: 25792 | reduced_train_loss: 2.521
Training epoch 1, iteration 25793/715787 | lr: 0.0002992 | consumed_samples: 26413056 | global_batch_size: 1024 | global_step: 25793 | reduced_train_loss: 2.484
Training epoch 1, iteration 25794/715787 | lr: 0.0002992 | consumed_samples: 26414080 | global_batch_size: 1024 | global_step: 25794 | reduced_train_loss: 2.495
Training epoch 1, iteration 25795/715787 | lr: 0.0002992 | consumed_samples: 26415104 | global_batch_size: 1024 | global_step: 25795 | reduced_train_loss: 2.475
Training epoch 1, iteration 25796/715787 | lr: 0.0002992 | consumed_samples: 26416128 | global_batch_size: 1024 | global_step: 25796 | reduced_train_loss: 2.491
Training epoch 1, iteration 25797/715787 | lr: 0.0002992 | consumed_samples: 26417152 | global_batch_size: 1024 | global_step: 25797 | reduced_train_loss: 2.506
Training epoch 1, iteration 25798/715787 | lr: 0.0002992 | consumed_samples: 26418176 | global_batch_size: 1024 | global_step: 25798 | reduced_train_loss: 2.493
[NeMo I 2026-03-30 07:48:44 nemo_logging:393] Running garbage collection at train global_step: 25800
Training epoch 1, iteration 25799/715787 | lr: 0.0002992 | consumed_samples: 26419200 | global_batch_size: 1024 | global_step: 25799 | reduced_train_loss: 2.506
Training epoch 1, iteration 25800/715787 | lr: 0.0002992 | consumed_samples: 26420224 | global_batch_size: 1024 | global_step: 25800 | reduced_train_loss: 2.486
Training epoch 1, iteration 25801/715787 | lr: 0.0002992 | consumed_samples: 26421248 | global_batch_size: 1024 | global_step: 25801 | reduced_train_loss: 2.504
Training epoch 1, iteration 25802/715787 | lr: 0.0002992 | consumed_samples: 26422272 | global_batch_size: 1024 | global_step: 25802 | reduced_train_loss: 2.464
Training epoch 1, iteration 25803/715787 | lr: 0.0002992 | consumed_samples: 26423296 | global_batch_size: 1024 | global_step: 25803 | reduced_train_loss: 2.485
Training epoch 1, iteration 25804/715787 | lr: 0.0002992 | consumed_samples: 26424320 | global_batch_size: 1024 | global_step: 25804 | reduced_train_loss: 2.488
Training epoch 1, iteration 25805/715787 | lr: 0.0002992 | consumed_samples: 26425344 | global_batch_size: 1024 | global_step: 25805 | reduced_train_loss: 2.49
Training epoch 1, iteration 25806/715787 | lr: 0.0002992 | consumed_samples: 26426368 | global_batch_size: 1024 | global_step: 25806 | reduced_train_loss: 2.513
Training epoch 1, iteration 25807/715787 | lr: 0.0002992 | consumed_samples: 26427392 | global_batch_size: 1024 | global_step: 25807 | reduced_train_loss: 2.498
Training epoch 1, iteration 25808/715787 | lr: 0.0002992 | consumed_samples: 26428416 | global_batch_size: 1024 | global_step: 25808 | reduced_train_loss: 2.505
Training epoch 1, iteration 25809/715787 | lr: 0.0002992 | consumed_samples: 26429440 | global_batch_size: 1024 | global_step: 25809 | reduced_train_loss: 2.483
Training epoch 1, iteration 25810/715787 | lr: 0.0002992 | consumed_samples: 26430464 | global_batch_size: 1024 | global_step: 25810 | reduced_train_loss: 2.489
Training epoch 1, iteration 25811/715787 | lr: 0.0002992 | consumed_samples: 26431488 | global_batch_size: 1024 | global_step: 25811 | reduced_train_loss: 2.502
Training epoch 1, iteration 25812/715787 | lr: 0.0002992 | consumed_samples: 26432512 | global_batch_size: 1024 | global_step: 25812 | reduced_train_loss: 2.484
Training epoch 1, iteration 25813/715787 | lr: 0.0002992 | consumed_samples: 26433536 | global_batch_size: 1024 | global_step: 25813 | reduced_train_loss: 2.482
Training epoch 1, iteration 25814/715787 | lr: 0.0002992 | consumed_samples: 26434560 | global_batch_size: 1024 | global_step: 25814 | reduced_train_loss: 2.486
Training epoch 1, iteration 25815/715787 | lr: 0.0002992 | consumed_samples: 26435584 | global_batch_size: 1024 | global_step: 25815 | reduced_train_loss: 2.492
Training epoch 1, iteration 25816/715787 | lr: 0.0002992 | consumed_samples: 26436608 | global_batch_size: 1024 | global_step: 25816 | reduced_train_loss: 2.472
Training epoch 1, iteration 25817/715787 | lr: 0.0002992 | consumed_samples: 26437632 | global_batch_size: 1024 | global_step: 25817 | reduced_train_loss: 2.506
Training epoch 1, iteration 25818/715787 | lr: 0.0002992 | consumed_samples: 26438656 | global_batch_size: 1024 | global_step: 25818 | reduced_train_loss: 2.511
Training epoch 1, iteration 25819/715787 | lr: 0.0002992 | consumed_samples: 26439680 | global_batch_size: 1024 | global_step: 25819 | reduced_train_loss: 2.493
Training epoch 1, iteration 25820/715787 | lr: 0.0002992 | consumed_samples: 26440704 | global_batch_size: 1024 | global_step: 25820 | reduced_train_loss: 2.502
Training epoch 1, iteration 25821/715787 | lr: 0.0002992 | consumed_samples: 26441728 | global_batch_size: 1024 | global_step: 25821 | reduced_train_loss: 2.491
Training epoch 1, iteration 25822/715787 | lr: 0.0002992 | consumed_samples: 26442752 | global_batch_size: 1024 | global_step: 25822 | reduced_train_loss: 2.499
Training epoch 1, iteration 25823/715787 | lr: 0.0002992 | consumed_samples: 26443776 | global_batch_size: 1024 | global_step: 25823 | reduced_train_loss: 2.498
Training epoch 1, iteration 25824/715787 | lr: 0.0002992 | consumed_samples: 26444800 | global_batch_size: 1024 | global_step: 25824 | reduced_train_loss: 2.481
Training epoch 1, iteration 25825/715787 | lr: 0.0002992 | consumed_samples: 26445824 | global_batch_size: 1024 | global_step: 25825 | reduced_train_loss: 2.497
Training epoch 1, iteration 25826/715787 | lr: 0.0002992 | consumed_samples: 26446848 | global_batch_size: 1024 | global_step: 25826 | reduced_train_loss: 2.479
Training epoch 1, iteration 25827/715787 | lr: 0.0002992 | consumed_samples: 26447872 | global_batch_size: 1024 | global_step: 25827 | reduced_train_loss: 2.507
Training epoch 1, iteration 25828/715787 | lr: 0.0002992 | consumed_samples: 26448896 | global_batch_size: 1024 | global_step: 25828 | reduced_train_loss: 2.476
Training epoch 1, iteration 25829/715787 | lr: 0.0002992 | consumed_samples: 26449920 | global_batch_size: 1024 | global_step: 25829 | reduced_train_loss: 2.491
Training epoch 1, iteration 25830/715787 | lr: 0.0002992 | consumed_samples: 26450944 | global_batch_size: 1024 | global_step: 25830 | reduced_train_loss: 2.493
Training epoch 1, iteration 25831/715787 | lr: 0.0002992 | consumed_samples: 26451968 | global_batch_size: 1024 | global_step: 25831 | reduced_train_loss: 2.506
Training epoch 1, iteration 25832/715787 | lr: 0.0002992 | consumed_samples: 26452992 | global_batch_size: 1024 | global_step: 25832 | reduced_train_loss: 2.526
Training epoch 1, iteration 25833/715787 | lr: 0.0002992 | consumed_samples: 26454016 | global_batch_size: 1024 | global_step: 25833 | reduced_train_loss: 2.485
Training epoch 1, iteration 25834/715787 | lr: 0.0002992 | consumed_samples: 26455040 | global_batch_size: 1024 | global_step: 25834 | reduced_train_loss: 2.485
Training epoch 1, iteration 25835/715787 | lr: 0.0002992 | consumed_samples: 26456064 | global_batch_size: 1024 | global_step: 25835 | reduced_train_loss: 2.502
Training epoch 1, iteration 25836/715787 | lr: 0.0002992 | consumed_samples: 26457088 | global_batch_size: 1024 | global_step: 25836 | reduced_train_loss: 2.508
Training epoch 1, iteration 25837/715787 | lr: 0.0002992 | consumed_samples: 26458112 | global_batch_size: 1024 | global_step: 25837 | reduced_train_loss: 2.495
Training epoch 1, iteration 25838/715787 | lr: 0.0002992 | consumed_samples: 26459136 | global_batch_size: 1024 | global_step: 25838 | reduced_train_loss: 2.48
Training epoch 1, iteration 25839/715787 | lr: 0.0002992 | consumed_samples: 26460160 | global_batch_size: 1024 | global_step: 25839 | reduced_train_loss: 2.493
Training epoch 1, iteration 25840/715787 | lr: 0.0002992 | consumed_samples: 26461184 | global_batch_size: 1024 | global_step: 25840 | reduced_train_loss: 2.503
Training epoch 1, iteration 25841/715787 | lr: 0.0002992 | consumed_samples: 26462208 | global_batch_size: 1024 | global_step: 25841 | reduced_train_loss: 2.502
Training epoch 1, iteration 25842/715787 | lr: 0.0002992 | consumed_samples: 26463232 | global_batch_size: 1024 | global_step: 25842 | reduced_train_loss: 2.51
Training epoch 1, iteration 25843/715787 | lr: 0.0002992 | consumed_samples: 26464256 | global_batch_size: 1024 | global_step: 25843 | reduced_train_loss: 2.499
Training epoch 1, iteration 25844/715787 | lr: 0.0002992 | consumed_samples: 26465280 | global_batch_size: 1024 | global_step: 25844 | reduced_train_loss: 2.486
Training epoch 1, iteration 25845/715787 | lr: 0.0002992 | consumed_samples: 26466304 | global_batch_size: 1024 | global_step: 25845 | reduced_train_loss: 2.455
Training epoch 1, iteration 25846/715787 | lr: 0.0002992 | consumed_samples: 26467328 | global_batch_size: 1024 | global_step: 25846 | reduced_train_loss: 2.499
Training epoch 1, iteration 25847/715787 | lr: 0.0002992 | consumed_samples: 26468352 | global_batch_size: 1024 | global_step: 25847 | reduced_train_loss: 2.528
Training epoch 1, iteration 25848/715787 | lr: 0.0002992 | consumed_samples: 26469376 | global_batch_size: 1024 | global_step: 25848 | reduced_train_loss: 2.517
Training epoch 1, iteration 25849/715787 | lr: 0.0002992 | consumed_samples: 26470400 | global_batch_size: 1024 | global_step: 25849 | reduced_train_loss: 2.501
Training epoch 1, iteration 25850/715787 | lr: 0.0002992 | consumed_samples: 26471424 | global_batch_size: 1024 | global_step: 25850 | reduced_train_loss: 2.483
Training epoch 1, iteration 25851/715787 | lr: 0.0002992 | consumed_samples: 26472448 | global_batch_size: 1024 | global_step: 25851 | reduced_train_loss: 2.487
Training epoch 1, iteration 25852/715787 | lr: 0.0002992 | consumed_samples: 26473472 | global_batch_size: 1024 | global_step: 25852 | reduced_train_loss: 2.501
Training epoch 1, iteration 25853/715787 | lr: 0.0002992 | consumed_samples: 26474496 | global_batch_size: 1024 | global_step: 25853 | reduced_train_loss: 2.495
Training epoch 1, iteration 25854/715787 | lr: 0.0002992 | consumed_samples: 26475520 | global_batch_size: 1024 | global_step: 25854 | reduced_train_loss: 2.49
Training epoch 1, iteration 25855/715787 | lr: 0.0002992 | consumed_samples: 26476544 | global_batch_size: 1024 | global_step: 25855 | reduced_train_loss: 2.497
Training epoch 1, iteration 25856/715787 | lr: 0.0002992 | consumed_samples: 26477568 | global_batch_size: 1024 | global_step: 25856 | reduced_train_loss: 2.507
Training epoch 1, iteration 25857/715787 | lr: 0.0002992 | consumed_samples: 26478592 | global_batch_size: 1024 | global_step: 25857 | reduced_train_loss: 2.5
Training epoch 1, iteration 25858/715787 | lr: 0.0002992 | consumed_samples: 26479616 | global_batch_size: 1024 | global_step: 25858 | reduced_train_loss: 2.487
Training epoch 1, iteration 25859/715787 | lr: 0.0002992 | consumed_samples: 26480640 | global_batch_size: 1024 | global_step: 25859 | reduced_train_loss: 2.499
Training epoch 1, iteration 25860/715787 | lr: 0.0002992 | consumed_samples: 26481664 | global_batch_size: 1024 | global_step: 25860 | reduced_train_loss: 2.482
Training epoch 1, iteration 25861/715787 | lr: 0.0002992 | consumed_samples: 26482688 | global_batch_size: 1024 | global_step: 25861 | reduced_train_loss: 2.491
Training epoch 1, iteration 25862/715787 | lr: 0.0002992 | consumed_samples: 26483712 | global_batch_size: 1024 | global_step: 25862 | reduced_train_loss: 2.508
Training epoch 1, iteration 25863/715787 | lr: 0.0002992 | consumed_samples: 26484736 | global_batch_size: 1024 | global_step: 25863 | reduced_train_loss: 2.477
Training epoch 1, iteration 25864/715787 | lr: 0.0002992 | consumed_samples: 26485760 | global_batch_size: 1024 | global_step: 25864 | reduced_train_loss: 2.507
Training epoch 1, iteration 25865/715787 | lr: 0.0002992 | consumed_samples: 26486784 | global_batch_size: 1024 | global_step: 25865 | reduced_train_loss: 2.498
Training epoch 1, iteration 25866/715787 | lr: 0.0002992 | consumed_samples: 26487808 | global_batch_size: 1024 | global_step: 25866 | reduced_train_loss: 2.481
Training epoch 1, iteration 25867/715787 | lr: 0.0002992 | consumed_samples: 26488832 | global_batch_size: 1024 | global_step: 25867 | reduced_train_loss: 2.502
Training epoch 1, iteration 25868/715787 | lr: 0.0002992 | consumed_samples: 26489856 | global_batch_size: 1024 | global_step: 25868 | reduced_train_loss: 2.491
Training epoch 1, iteration 25869/715787 | lr: 0.0002992 | consumed_samples: 26490880 | global_batch_size: 1024 | global_step: 25869 | reduced_train_loss: 2.468
Training epoch 1, iteration 25870/715787 | lr: 0.0002992 | consumed_samples: 26491904 | global_batch_size: 1024 | global_step: 25870 | reduced_train_loss: 2.517
Training epoch 1, iteration 25871/715787 | lr: 0.0002992 | consumed_samples: 26492928 | global_batch_size: 1024 | global_step: 25871 | reduced_train_loss: 2.499
Training epoch 1, iteration 25872/715787 | lr: 0.0002992 | consumed_samples: 26493952 | global_batch_size: 1024 | global_step: 25872 | reduced_train_loss: 2.49
Training epoch 1, iteration 25873/715787 | lr: 0.0002992 | consumed_samples: 26494976 | global_batch_size: 1024 | global_step: 25873 | reduced_train_loss: 2.485
Training epoch 1, iteration 25874/715787 | lr: 0.0002992 | consumed_samples: 26496000 | global_batch_size: 1024 | global_step: 25874 | reduced_train_loss: 2.48
Training epoch 1, iteration 25875/715787 | lr: 0.0002992 | consumed_samples: 26497024 | global_batch_size: 1024 | global_step: 25875 | reduced_train_loss: 2.495
Training epoch 1, iteration 25876/715787 | lr: 0.0002992 | consumed_samples: 26498048 | global_batch_size: 1024 | global_step: 25876 | reduced_train_loss: 2.496
Training epoch 1, iteration 25877/715787 | lr: 0.0002992 | consumed_samples: 26499072 | global_batch_size: 1024 | global_step: 25877 | reduced_train_loss: 2.508
Training epoch 1, iteration 25878/715787 | lr: 0.0002992 | consumed_samples: 26500096 | global_batch_size: 1024 | global_step: 25878 | reduced_train_loss: 2.488
Training epoch 1, iteration 25879/715787 | lr: 0.0002992 | consumed_samples: 26501120 | global_batch_size: 1024 | global_step: 25879 | reduced_train_loss: 2.498
Training epoch 1, iteration 25880/715787 | lr: 0.0002992 | consumed_samples: 26502144 | global_batch_size: 1024 | global_step: 25880 | reduced_train_loss: 2.51
Training epoch 1, iteration 25881/715787 | lr: 0.0002992 | consumed_samples: 26503168 | global_batch_size: 1024 | global_step: 25881 | reduced_train_loss: 2.473
Training epoch 1, iteration 25882/715787 | lr: 0.0002992 | consumed_samples: 26504192 | global_batch_size: 1024 | global_step: 25882 | reduced_train_loss: 2.478
Training epoch 1, iteration 25883/715787 | lr: 0.0002992 | consumed_samples: 26505216 | global_batch_size: 1024 | global_step: 25883 | reduced_train_loss: 2.493
Training epoch 1, iteration 25884/715787 | lr: 0.0002992 | consumed_samples: 26506240 | global_batch_size: 1024 | global_step: 25884 | reduced_train_loss: 2.492
Training epoch 1, iteration 25885/715787 | lr: 0.0002992 | consumed_samples: 26507264 | global_batch_size: 1024 | global_step: 25885 | reduced_train_loss: 2.493
Training epoch 1, iteration 25886/715787 | lr: 0.0002992 | consumed_samples: 26508288 | global_batch_size: 1024 | global_step: 25886 | reduced_train_loss: 2.503
Training epoch 1, iteration 25887/715787 | lr: 0.0002992 | consumed_samples: 26509312 | global_batch_size: 1024 | global_step: 25887 | reduced_train_loss: 2.49
Training epoch 1, iteration 25888/715787 | lr: 0.0002992 | consumed_samples: 26510336 | global_batch_size: 1024 | global_step: 25888 | reduced_train_loss: 2.495
Training epoch 1, iteration 25889/715787 | lr: 0.0002992 | consumed_samples: 26511360 | global_batch_size: 1024 | global_step: 25889 | reduced_train_loss: 2.492
Training epoch 1, iteration 25890/715787 | lr: 0.0002992 | consumed_samples: 26512384 | global_batch_size: 1024 | global_step: 25890 | reduced_train_loss: 2.509
Training epoch 1, iteration 25891/715787 | lr: 0.0002992 | consumed_samples: 26513408 | global_batch_size: 1024 | global_step: 25891 | reduced_train_loss: 2.502
Training epoch 1, iteration 25892/715787 | lr: 0.0002992 | consumed_samples: 26514432 | global_batch_size: 1024 | global_step: 25892 | reduced_train_loss: 2.502
Training epoch 1, iteration 25893/715787 | lr: 0.0002992 | consumed_samples: 26515456 | global_batch_size: 1024 | global_step: 25893 | reduced_train_loss: 2.491
Training epoch 1, iteration 25894/715787 | lr: 0.0002992 | consumed_samples: 26516480 | global_batch_size: 1024 | global_step: 25894 | reduced_train_loss: 2.485
Training epoch 1, iteration 25895/715787 | lr: 0.0002992 | consumed_samples: 26517504 | global_batch_size: 1024 | global_step: 25895 | reduced_train_loss: 2.494
Training epoch 1, iteration 25896/715787 | lr: 0.0002992 | consumed_samples: 26518528 | global_batch_size: 1024 | global_step: 25896 | reduced_train_loss: 2.48
Training epoch 1, iteration 25897/715787 | lr: 0.0002992 | consumed_samples: 26519552 | global_batch_size: 1024 | global_step: 25897 | reduced_train_loss: 2.482
Training epoch 1, iteration 25898/715787 | lr: 0.0002992 | consumed_samples: 26520576 | global_batch_size: 1024 | global_step: 25898 | reduced_train_loss: 2.505
[NeMo I 2026-03-30 08:09:18 nemo_logging:393] Running garbage collection at train global_step: 25900
Training epoch 1, iteration 25899/715787 | lr: 0.0002992 | consumed_samples: 26521600 | global_batch_size: 1024 | global_step: 25899 | reduced_train_loss: 2.502
Training epoch 1, iteration 25900/715787 | lr: 0.0002992 | consumed_samples: 26522624 | global_batch_size: 1024 | global_step: 25900 | reduced_train_loss: 2.494
Training epoch 1, iteration 25901/715787 | lr: 0.0002992 | consumed_samples: 26523648 | global_batch_size: 1024 | global_step: 25901 | reduced_train_loss: 2.504
Training epoch 1, iteration 25902/715787 | lr: 0.0002992 | consumed_samples: 26524672 | global_batch_size: 1024 | global_step: 25902 | reduced_train_loss: 2.493
Training epoch 1, iteration 25903/715787 | lr: 0.0002992 | consumed_samples: 26525696 | global_batch_size: 1024 | global_step: 25903 | reduced_train_loss: 2.513
Training epoch 1, iteration 25904/715787 | lr: 0.0002992 | consumed_samples: 26526720 | global_batch_size: 1024 | global_step: 25904 | reduced_train_loss: 2.491
Training epoch 1, iteration 25905/715787 | lr: 0.0002992 | consumed_samples: 26527744 | global_batch_size: 1024 | global_step: 25905 | reduced_train_loss: 2.491
Training epoch 1, iteration 25906/715787 | lr: 0.0002992 | consumed_samples: 26528768 | global_batch_size: 1024 | global_step: 25906 | reduced_train_loss: 2.514
Training epoch 1, iteration 25907/715787 | lr: 0.0002992 | consumed_samples: 26529792 | global_batch_size: 1024 | global_step: 25907 | reduced_train_loss: 2.476
Training epoch 1, iteration 25908/715787 | lr: 0.0002992 | consumed_samples: 26530816 | global_batch_size: 1024 | global_step: 25908 | reduced_train_loss: 2.511
Training epoch 1, iteration 25909/715787 | lr: 0.0002992 | consumed_samples: 26531840 | global_batch_size: 1024 | global_step: 25909 | reduced_train_loss: 2.476
Training epoch 1, iteration 25910/715787 | lr: 0.0002992 | consumed_samples: 26532864 | global_batch_size: 1024 | global_step: 25910 | reduced_train_loss: 2.497
Training epoch 1, iteration 25911/715787 | lr: 0.0002992 | consumed_samples: 26533888 | global_batch_size: 1024 | global_step: 25911 | reduced_train_loss: 2.473
Training epoch 1, iteration 25912/715787 | lr: 0.0002992 | consumed_samples: 26534912 | global_batch_size: 1024 | global_step: 25912 | reduced_train_loss: 2.495
Training epoch 1, iteration 25913/715787 | lr: 0.0002992 | consumed_samples: 26535936 | global_batch_size: 1024 | global_step: 25913 | reduced_train_loss: 2.494
Training epoch 1, iteration 25914/715787 | lr: 0.0002992 | consumed_samples: 26536960 | global_batch_size: 1024 | global_step: 25914 | reduced_train_loss: 2.5
Training epoch 1, iteration 25915/715787 | lr: 0.0002992 | consumed_samples: 26537984 | global_batch_size: 1024 | global_step: 25915 | reduced_train_loss: 2.497
Training epoch 1, iteration 25916/715787 | lr: 0.0002992 | consumed_samples: 26539008 | global_batch_size: 1024 | global_step: 25916 | reduced_train_loss: 2.511
Training epoch 1, iteration 25917/715787 | lr: 0.0002992 | consumed_samples: 26540032 | global_batch_size: 1024 | global_step: 25917 | reduced_train_loss: 2.492
Training epoch 1, iteration 25918/715787 | lr: 0.0002992 | consumed_samples: 26541056 | global_batch_size: 1024 | global_step: 25918 | reduced_train_loss: 2.498
Training epoch 1, iteration 25919/715787 | lr: 0.0002992 | consumed_samples: 26542080 | global_batch_size: 1024 | global_step: 25919 | reduced_train_loss: 2.507
Training epoch 1, iteration 25920/715787 | lr: 0.0002992 | consumed_samples: 26543104 | global_batch_size: 1024 | global_step: 25920 | reduced_train_loss: 2.492
Training epoch 1, iteration 25921/715787 | lr: 0.0002992 | consumed_samples: 26544128 | global_batch_size: 1024 | global_step: 25921 | reduced_train_loss: 2.517
Training epoch 1, iteration 25922/715787 | lr: 0.0002992 | consumed_samples: 26545152 | global_batch_size: 1024 | global_step: 25922 | reduced_train_loss: 2.482
Training epoch 1, iteration 25923/715787 | lr: 0.0002992 | consumed_samples: 26546176 | global_batch_size: 1024 | global_step: 25923 | reduced_train_loss: 2.502
Training epoch 1, iteration 25924/715787 | lr: 0.0002992 | consumed_samples: 26547200 | global_batch_size: 1024 | global_step: 25924 | reduced_train_loss: 2.489
Training epoch 1, iteration 25925/715787 | lr: 0.0002992 | consumed_samples: 26548224 | global_batch_size: 1024 | global_step: 25925 | reduced_train_loss: 2.505
Training epoch 1, iteration 25926/715787 | lr: 0.0002992 | consumed_samples: 26549248 | global_batch_size: 1024 | global_step: 25926 | reduced_train_loss: 2.5
Training epoch 1, iteration 25927/715787 | lr: 0.0002992 | consumed_samples: 26550272 | global_batch_size: 1024 | global_step: 25927 | reduced_train_loss: 2.496
Training epoch 1, iteration 25928/715787 | lr: 0.0002992 | consumed_samples: 26551296 | global_batch_size: 1024 | global_step: 25928 | reduced_train_loss: 2.491
Training epoch 1, iteration 25929/715787 | lr: 0.0002992 | consumed_samples: 26552320 | global_batch_size: 1024 | global_step: 25929 | reduced_train_loss: 2.511
Training epoch 1, iteration 25930/715787 | lr: 0.0002992 | consumed_samples: 26553344 | global_batch_size: 1024 | global_step: 25930 | reduced_train_loss: 2.494
Training epoch 1, iteration 25931/715787 | lr: 0.0002992 | consumed_samples: 26554368 | global_batch_size: 1024 | global_step: 25931 | reduced_train_loss: 2.485
Training epoch 1, iteration 25932/715787 | lr: 0.0002992 | consumed_samples: 26555392 | global_batch_size: 1024 | global_step: 25932 | reduced_train_loss: 2.506
Training epoch 1, iteration 25933/715787 | lr: 0.0002992 | consumed_samples: 26556416 | global_batch_size: 1024 | global_step: 25933 | reduced_train_loss: 2.491
Training epoch 1, iteration 25934/715787 | lr: 0.0002992 | consumed_samples: 26557440 | global_batch_size: 1024 | global_step: 25934 | reduced_train_loss: 2.505
Training epoch 1, iteration 25935/715787 | lr: 0.0002992 | consumed_samples: 26558464 | global_batch_size: 1024 | global_step: 25935 | reduced_train_loss: 2.485
Training epoch 1, iteration 25936/715787 | lr: 0.0002992 | consumed_samples: 26559488 | global_batch_size: 1024 | global_step: 25936 | reduced_train_loss: 2.482
Training epoch 1, iteration 25937/715787 | lr: 0.0002992 | consumed_samples: 26560512 | global_batch_size: 1024 | global_step: 25937 | reduced_train_loss: 2.51
Training epoch 1, iteration 25938/715787 | lr: 0.0002992 | consumed_samples: 26561536 | global_batch_size: 1024 | global_step: 25938 | reduced_train_loss: 2.495
Training epoch 1, iteration 25939/715787 | lr: 0.0002992 | consumed_samples: 26562560 | global_batch_size: 1024 | global_step: 25939 | reduced_train_loss: 2.499
Training epoch 1, iteration 25940/715787 | lr: 0.0002992 | consumed_samples: 26563584 | global_batch_size: 1024 | global_step: 25940 | reduced_train_loss: 2.507
Training epoch 1, iteration 25941/715787 | lr: 0.0002992 | consumed_samples: 26564608 | global_batch_size: 1024 | global_step: 25941 | reduced_train_loss: 2.512
Training epoch 1, iteration 25942/715787 | lr: 0.0002992 | consumed_samples: 26565632 | global_batch_size: 1024 | global_step: 25942 | reduced_train_loss: 2.492
Training epoch 1, iteration 25943/715787 | lr: 0.0002992 | consumed_samples: 26566656 | global_batch_size: 1024 | global_step: 25943 | reduced_train_loss: 2.486
Training epoch 1, iteration 25944/715787 | lr: 0.0002992 | consumed_samples: 26567680 | global_batch_size: 1024 | global_step: 25944 | reduced_train_loss: 2.485
Training epoch 1, iteration 25945/715787 | lr: 0.0002992 | consumed_samples: 26568704 | global_batch_size: 1024 | global_step: 25945 | reduced_train_loss: 2.495
Training epoch 1, iteration 25946/715787 | lr: 0.0002992 | consumed_samples: 26569728 | global_batch_size: 1024 | global_step: 25946 | reduced_train_loss: 2.493
Training epoch 1, iteration 25947/715787 | lr: 0.0002992 | consumed_samples: 26570752 | global_batch_size: 1024 | global_step: 25947 | reduced_train_loss: 2.484
Training epoch 1, iteration 25948/715787 | lr: 0.0002992 | consumed_samples: 26571776 | global_batch_size: 1024 | global_step: 25948 | reduced_train_loss: 2.498
Training epoch 1, iteration 25949/715787 | lr: 0.0002992 | consumed_samples: 26572800 | global_batch_size: 1024 | global_step: 25949 | reduced_train_loss: 2.482
Training epoch 1, iteration 25950/715787 | lr: 0.0002992 | consumed_samples: 26573824 | global_batch_size: 1024 | global_step: 25950 | reduced_train_loss: 2.487
Training epoch 1, iteration 25951/715787 | lr: 0.0002992 | consumed_samples: 26574848 | global_batch_size: 1024 | global_step: 25951 | reduced_train_loss: 2.464
Training epoch 1, iteration 25952/715787 | lr: 0.0002992 | consumed_samples: 26575872 | global_batch_size: 1024 | global_step: 25952 | reduced_train_loss: 2.486
Training epoch 1, iteration 25953/715787 | lr: 0.0002992 | consumed_samples: 26576896 | global_batch_size: 1024 | global_step: 25953 | reduced_train_loss: 2.488
Training epoch 1, iteration 25954/715787 | lr: 0.0002992 | consumed_samples: 26577920 | global_batch_size: 1024 | global_step: 25954 | reduced_train_loss: 2.505
Training epoch 1, iteration 25955/715787 | lr: 0.0002992 | consumed_samples: 26578944 | global_batch_size: 1024 | global_step: 25955 | reduced_train_loss: 2.481
Training epoch 1, iteration 25956/715787 | lr: 0.0002992 | consumed_samples: 26579968 | global_batch_size: 1024 | global_step: 25956 | reduced_train_loss: 2.496
Training epoch 1, iteration 25957/715787 | lr: 0.0002992 | consumed_samples: 26580992 | global_batch_size: 1024 | global_step: 25957 | reduced_train_loss: 2.478
Training epoch 1, iteration 25958/715787 | lr: 0.0002992 | consumed_samples: 26582016 | global_batch_size: 1024 | global_step: 25958 | reduced_train_loss: 2.497
Training epoch 1, iteration 25959/715787 | lr: 0.0002992 | consumed_samples: 26583040 | global_batch_size: 1024 | global_step: 25959 | reduced_train_loss: 2.496
Training epoch 1, iteration 25960/715787 | lr: 0.0002992 | consumed_samples: 26584064 | global_batch_size: 1024 | global_step: 25960 | reduced_train_loss: 2.483
Training epoch 1, iteration 25961/715787 | lr: 0.0002992 | consumed_samples: 26585088 | global_batch_size: 1024 | global_step: 25961 | reduced_train_loss: 2.494
Training epoch 1, iteration 25962/715787 | lr: 0.0002992 | consumed_samples: 26586112 | global_batch_size: 1024 | global_step: 25962 | reduced_train_loss: 2.49
Training epoch 1, iteration 25963/715787 | lr: 0.0002992 | consumed_samples: 26587136 | global_batch_size: 1024 | global_step: 25963 | reduced_train_loss: 2.514
Training epoch 1, iteration 25964/715787 | lr: 0.0002992 | consumed_samples: 26588160 | global_batch_size: 1024 | global_step: 25964 | reduced_train_loss: 2.492
Training epoch 1, iteration 25965/715787 | lr: 0.0002992 | consumed_samples: 26589184 | global_batch_size: 1024 | global_step: 25965 | reduced_train_loss: 2.495
Training epoch 1, iteration 25966/715787 | lr: 0.0002992 | consumed_samples: 26590208 | global_batch_size: 1024 | global_step: 25966 | reduced_train_loss: 2.494
Training epoch 1, iteration 25967/715787 | lr: 0.0002992 | consumed_samples: 26591232 | global_batch_size: 1024 | global_step: 25967 | reduced_train_loss: 2.517
Training epoch 1, iteration 25968/715787 | lr: 0.0002992 | consumed_samples: 26592256 | global_batch_size: 1024 | global_step: 25968 | reduced_train_loss: 2.505
Training epoch 1, iteration 25969/715787 | lr: 0.0002992 | consumed_samples: 26593280 | global_batch_size: 1024 | global_step: 25969 | reduced_train_loss: 2.479
Training epoch 1, iteration 25970/715787 | lr: 0.0002992 | consumed_samples: 26594304 | global_batch_size: 1024 | global_step: 25970 | reduced_train_loss: 2.497
Training epoch 1, iteration 25971/715787 | lr: 0.0002992 | consumed_samples: 26595328 | global_batch_size: 1024 | global_step: 25971 | reduced_train_loss: 2.489
Training epoch 1, iteration 25972/715787 | lr: 0.0002992 | consumed_samples: 26596352 | global_batch_size: 1024 | global_step: 25972 | reduced_train_loss: 2.484
Training epoch 1, iteration 25973/715787 | lr: 0.0002992 | consumed_samples: 26597376 | global_batch_size: 1024 | global_step: 25973 | reduced_train_loss: 2.486
Training epoch 1, iteration 25974/715787 | lr: 0.0002992 | consumed_samples: 26598400 | global_batch_size: 1024 | global_step: 25974 | reduced_train_loss: 2.49
Training epoch 1, iteration 25975/715787 | lr: 0.0002992 | consumed_samples: 26599424 | global_batch_size: 1024 | global_step: 25975 | reduced_train_loss: 2.495
Training epoch 1, iteration 25976/715787 | lr: 0.0002992 | consumed_samples: 26600448 | global_batch_size: 1024 | global_step: 25976 | reduced_train_loss: 2.51
Training epoch 1, iteration 25977/715787 | lr: 0.0002992 | consumed_samples: 26601472 | global_batch_size: 1024 | global_step: 25977 | reduced_train_loss: 2.512
Training epoch 1, iteration 25978/715787 | lr: 0.0002992 | consumed_samples: 26602496 | global_batch_size: 1024 | global_step: 25978 | reduced_train_loss: 2.507
Training epoch 1, iteration 25979/715787 | lr: 0.0002992 | consumed_samples: 26603520 | global_batch_size: 1024 | global_step: 25979 | reduced_train_loss: 2.487
Training epoch 1, iteration 25980/715787 | lr: 0.0002992 | consumed_samples: 26604544 | global_batch_size: 1024 | global_step: 25980 | reduced_train_loss: 2.471
Training epoch 1, iteration 25981/715787 | lr: 0.0002992 | consumed_samples: 26605568 | global_batch_size: 1024 | global_step: 25981 | reduced_train_loss: 2.495
Training epoch 1, iteration 25982/715787 | lr: 0.0002992 | consumed_samples: 26606592 | global_batch_size: 1024 | global_step: 25982 | reduced_train_loss: 2.473
Training epoch 1, iteration 25983/715787 | lr: 0.0002992 | consumed_samples: 26607616 | global_batch_size: 1024 | global_step: 25983 | reduced_train_loss: 2.508
Training epoch 1, iteration 25984/715787 | lr: 0.0002992 | consumed_samples: 26608640 | global_batch_size: 1024 | global_step: 25984 | reduced_train_loss: 2.486
Training epoch 1, iteration 25985/715787 | lr: 0.0002992 | consumed_samples: 26609664 | global_batch_size: 1024 | global_step: 25985 | reduced_train_loss: 2.503
Training epoch 1, iteration 25986/715787 | lr: 0.0002992 | consumed_samples: 26610688 | global_batch_size: 1024 | global_step: 25986 | reduced_train_loss: 2.496
Training epoch 1, iteration 25987/715787 | lr: 0.0002992 | consumed_samples: 26611712 | global_batch_size: 1024 | global_step: 25987 | reduced_train_loss: 2.486
Training epoch 1, iteration 25988/715787 | lr: 0.0002992 | consumed_samples: 26612736 | global_batch_size: 1024 | global_step: 25988 | reduced_train_loss: 2.491
Training epoch 1, iteration 25989/715787 | lr: 0.0002992 | consumed_samples: 26613760 | global_batch_size: 1024 | global_step: 25989 | reduced_train_loss: 2.509
Training epoch 1, iteration 25990/715787 | lr: 0.0002992 | consumed_samples: 26614784 | global_batch_size: 1024 | global_step: 25990 | reduced_train_loss: 2.488
Training epoch 1, iteration 25991/715787 | lr: 0.0002992 | consumed_samples: 26615808 | global_batch_size: 1024 | global_step: 25991 | reduced_train_loss: 2.506
Training epoch 1, iteration 25992/715787 | lr: 0.0002992 | consumed_samples: 26616832 | global_batch_size: 1024 | global_step: 25992 | reduced_train_loss: 2.49
Training epoch 1, iteration 25993/715787 | lr: 0.0002992 | consumed_samples: 26617856 | global_batch_size: 1024 | global_step: 25993 | reduced_train_loss: 2.488
Training epoch 1, iteration 25994/715787 | lr: 0.0002992 | consumed_samples: 26618880 | global_batch_size: 1024 | global_step: 25994 | reduced_train_loss: 2.493
Training epoch 1, iteration 25995/715787 | lr: 0.0002992 | consumed_samples: 26619904 | global_batch_size: 1024 | global_step: 25995 | reduced_train_loss: 2.481
Training epoch 1, iteration 25996/715787 | lr: 0.0002992 | consumed_samples: 26620928 | global_batch_size: 1024 | global_step: 25996 | reduced_train_loss: 2.491
Training epoch 1, iteration 25997/715787 | lr: 0.0002992 | consumed_samples: 26621952 | global_batch_size: 1024 | global_step: 25997 | reduced_train_loss: 2.475
Training epoch 1, iteration 25998/715787 | lr: 0.0002992 | consumed_samples: 26622976 | global_batch_size: 1024 | global_step: 25998 | reduced_train_loss: 2.497
[NeMo I 2026-03-30 08:27:22 nemo_logging:393] Running garbage collection at train global_step: 26000
[NeMo I 2026-03-30 08:27:24 nemo_logging:393] Step 26000 - SSA n values:
[NeMo I 2026-03-30 08:27:24 nemo_logging:393]   Layer 0: n = 2.203125
[NeMo I 2026-03-30 08:27:24 nemo_logging:393]   Layer 1: n = 2.062500
[NeMo I 2026-03-30 08:27:24 nemo_logging:393]   Layer 2: n = 2.171875
[NeMo I 2026-03-30 08:27:24 nemo_logging:393]   Layer 3: n = 2.328125
[NeMo I 2026-03-30 08:27:24 nemo_logging:393]   Layer 4: n = 2.625000
[NeMo I 2026-03-30 08:27:24 nemo_logging:393]   Layer 5: n = 3.250000
[NeMo I 2026-03-30 08:27:24 nemo_logging:393]   Layer 6: n = 3.250000
[NeMo I 2026-03-30 08:27:24 nemo_logging:393]   Layer 7: n = 3.281250
[NeMo I 2026-03-30 08:27:24 nemo_logging:393]   Layer 8: n = 2.875000
[NeMo I 2026-03-30 08:27:24 nemo_logging:393]   Layer 9: n = 2.281250
[NeMo I 2026-03-30 08:27:24 nemo_logging:393]   Layer 10: n = 2.875000
[NeMo I 2026-03-30 08:27:24 nemo_logging:393]   Layer 11: n = 2.625000
[NeMo I 2026-03-30 08:27:24 nemo_logging:393]   Layer 12: n = 2.437500
[NeMo I 2026-03-30 08:27:24 nemo_logging:393]   Layer 13: n = 2.234375
[NeMo I 2026-03-30 08:27:24 nemo_logging:393]   Layer 14: n = 2.453125
[NeMo I 2026-03-30 08:27:24 nemo_logging:393]   Layer 15: n = 2.562500
[NeMo I 2026-03-30 08:27:24 nemo_logging:393]   Layer 16: n = 2.156250
[NeMo I 2026-03-30 08:27:24 nemo_logging:393]   Layer 17: n = 2.406250
[NeMo I 2026-03-30 08:27:24 nemo_logging:393]   Layer 18: n = 1.984375
[NeMo I 2026-03-30 08:27:24 nemo_logging:393]   Layer 19: n = 1.812500
[NeMo I 2026-03-30 08:27:24 nemo_logging:393]   Layer 20: n = 1.585938
[NeMo I 2026-03-30 08:27:24 nemo_logging:393]   Layer 21: n = 1.406250
[NeMo I 2026-03-30 08:27:24 nemo_logging:393]   Layer 22: n = 0.949219
[NeMo I 2026-03-30 08:27:24 nemo_logging:393]   Layer 23: n = -3472.000000
Training epoch 1, iteration 25999/715787 | lr: 0.0002992 | consumed_samples: 26624000 | global_batch_size: 1024 | global_step: 25999 | reduced_train_loss: 2.496
INFO: Epoch 1, global step 25999: 'step' reached 25999.00000 (best 25999.00000), saving model to '/tmpdir/barman/bs1024_fullrun/outputs/nemotron-1B-SSA-Triton-bs1024/checkpoints/nemotron-1B-SSA-Triton-bs1024-step=0025999.ckpt' as top 52
INFO:lightning.pytorch.utilities.rank_zero:Epoch 1, global step 25999: 'step' reached 25999.00000 (best 25999.00000), saving model to '/tmpdir/barman/bs1024_fullrun/outputs/nemotron-1B-SSA-Triton-bs1024/checkpoints/nemotron-1B-SSA-Triton-bs1024-step=0025999.ckpt' as top 52
[NeMo I 2026-03-30 08:27:25 nemo_logging:393] Using FullyParallelSaveStrategyWrapper(torch_dist, 1) dist-ckpt save strategy.
[NeMo W 2026-03-30 08:27:29 validation:389] There is difference in the common state dict in different ranks. The differences are {1: ([], [], [(('optimizer', 0, 'optimizer', 'param_groups', 1, 'step'), <class 'int'>, <class 'int'>)]), 2: ([], [], [(('optimizer', 0, 'optimizer', 'param_groups', 1, 'step'), <class 'int'>, <class 'int'>)]), 3: ([], [], [(('optimizer', 0, 'optimizer', 'param_groups', 1, 'step'), <class 'int'>, <class 'int'>)]), 4: ([], [], [(('optimizer', 0, 'optimizer', 'param_groups', 1, 'step'), <class 'int'>, <class 'int'>)]), 5: ([], [], [(('optimizer', 0, 'optimizer', 'param_groups', 1, 'step'), <class 'int'>, <class 'int'>)]), 6: ([], [], [(('optimizer', 0, 'optimizer', 'param_groups', 1, 'step'), <class 'int'>, <class 'int'>)]), 7: ([], [], [(('optimizer', 0, 'optimizer', 'param_groups', 1, 'step'), <class 'int'>, <class 'int'>)]), 8: ([], [], [(('optimizer', 0, 'optimizer', 'param_groups', 1, 'step'), <class 'int'>, <class 'int'>)]), 9: ([], [], [(('optimizer', 0, 'optimizer', 'param_groups', 1, 'step'), <class 'int'>, <class 'int'>)]), 10: ([], [], [(('optimizer', 0, 'optimizer', 'param_groups', 1, 'step'), <class 'int'>, <class 'int'>)]), 11: ([], [], [(('optimizer', 0, 'optimizer', 'param_groups', 1, 'step'), <class 'int'>, <class 'int'>)]), 12: ([], [], [(('optimizer', 0, 'optimizer', 'param_groups', 1, 'step'), <class 'int'>, <class 'int'>)]), 13: ([], [], [(('optimizer', 0, 'optimizer', 'param_groups', 1, 'step'), <class 'int'>, <class 'int'>)]), 14: ([], [], [(('optimizer', 0, 'optimizer', 'param_groups', 1, 'step'), <class 'int'>, <class 'int'>)]), 15: ([], [], [(('optimizer', 0, 'optimizer', 'param_groups', 1, 'step'), <class 'int'>, <class 'int'>)]), 16: ([], [], [(('optimizer', 0, 'optimizer', 'param_groups', 1, 'step'), <class 'int'>, <class 'int'>)]), 17: ([], [], [(('optimizer', 0, 'optimizer', 'param_groups', 1, 'step'), <class 'int'>, <class 'int'>)]), 18: ([], [], [(('optimizer', 0, 'optimizer', 'param_groups', 1, 'step'), <class 'int'>, <class 'int'>)]), 19: ([], [], [(('optimizer', 0, 'optimizer', 'param_groups', 1, 'step'), <class 'int'>, <class 'int'>)]), 20: ([], [], [(('optimizer', 0, 'optimizer', 'param_groups', 1, 'step'), <class 'int'>, <class 'int'>)]), 21: ([], [], [(('optimizer', 0, 'optimizer', 'param_groups', 1, 'step'), <class 'int'>, <class 'int'>)]), 22: ([], [], [(('optimizer', 0, 'optimizer', 'param_groups', 1, 'step'), <class 'int'>, <class 'int'>)]), 23: ([], [], [(('optimizer', 0, 'optimizer', 'param_groups', 1, 'step'), <class 'int'>, <class 'int'>)]), 25: ([], [], [(('optimizer', 0, 'optimizer', 'param_groups', 1, 'step'), <class 'int'>, <class 'int'>)]), 26: ([], [], [(('optimizer', 0, 'optimizer', 'param_groups', 1, 'step'), <class 'int'>, <class 'int'>)]), 27: ([], [], [(('optimizer', 0, 'optimizer', 'param_groups', 1, 'step'), <class 'int'>, <class 'int'>)]), 28: ([], [], [(('optimizer', 0, 'optimizer', 'param_groups', 1, 'step'), <class 'int'>, <class 'int'>)]), 29: ([], [], [(('optimizer', 0, 'optimizer', 'param_groups', 1, 'step'), <class 'int'>, <class 'int'>)]), 30: ([], [], [(('optimizer', 0, 'optimizer', 'param_groups', 1, 'step'), <class 'int'>, <class 'int'>)]), 31: ([], [], [(('optimizer', 0, 'optimizer', 'param_groups', 1, 'step'), <class 'int'>, <class 'int'>)])}
ERROR: ld.so: object 'libargos-core.so' from LD_PRELOAD cannot be preloaded (cannot open shared object file): ignored.
ERROR: ld.so: object 'libargos-core.so' from LD_PRELOAD cannot be preloaded (cannot open shared object file): ignored.
ERROR: ld.so: object 'libargos-agentclient.so' from LD_PRELOAD cannot be preloaded (cannot open shared object file): ignored.
ERROR: ld.so: object 'libargos-agentclient.so' from LD_PRELOAD cannot be preloaded (cannot open shared object file): ignored.
ERROR: ld.so: object 'libargos-core.so' from LD_PRELOAD cannot be preloaded (cannot open shared object file): ignored.
ERROR: ld.so: object 'libargos-agentclient.so' from LD_PRELOAD cannot be preloaded (cannot open shared object file): ignored.
ERROR: ld.so: object 'libargos-core.so' from LD_PRELOAD cannot be preloaded (cannot open shared object file): ignored.
ERROR: ld.so: object 'libargos-core.so' from LD_PRELOAD cannot be preloaded (cannot open shared object file): ignored.
ERROR: ld.so: object 'libargos-agentclient.so' from LD_PRELOAD cannot be preloaded (cannot open shared object file): ignored.
ERROR: ld.so: object 'libargos-agentclient.so' from LD_PRELOAD cannot be preloaded (cannot open shared object file): ignored.
ERROR: ld.so: object 'libargos-core.so' from LD_PRELOAD cannot be preloaded (cannot open shared object file): ignored.
ERROR: ld.so: object 'libargos-agentclient.so' from LD_PRELOAD cannot be preloaded (cannot open shared object file): ignored.
ERROR: ld.so: object 'libargos-core.so' from LD_PRELOAD cannot be preloaded (cannot open shared object file): ignored.
ERROR: ld.so: object 'libargos-agentclient.so' from LD_PRELOAD cannot be preloaded (cannot open shared object file): ignored.
ERROR: ld.so: object 'libargos-core.so' from LD_PRELOAD cannot be preloaded (cannot open shared object file): ignored.
ERROR: ld.so: object 'libargos-agentclient.so' from LD_PRELOAD cannot be preloaded (cannot open shared object file): ignored.
ERROR: ld.so: object 'libargos-core.so' from LD_PRELOAD cannot be preloaded (cannot open shared object file): ignored.
ERROR: ld.so: object 'libargos-core.so' from LD_PRELOAD cannot be preloaded (cannot open shared object file): ignored.
ERROR: ld.so: object 'libargos-agentclient.so' from LD_PRELOAD cannot be preloaded (cannot open shared object file): ignored.
ERROR: ld.so: object 'libargos-agentclient.so' from LD_PRELOAD cannot be preloaded (cannot open shared object file): ignored.
ERROR: ld.so: object 'libargos-core.so' from LD_PRELOAD cannot be preloaded (cannot open shared object file): ignored.
ERROR: ld.so: object 'libargos-agentclient.so' from LD_PRELOAD cannot be preloaded (cannot open shared object file): ignored.
ERROR: ld.so: object 'libargos-core.so' from LD_PRELOAD cannot be preloaded (cannot open shared object file): ignored.
ERROR: ld.so: object 'libargos-agentclient.so' from LD_PRELOAD cannot be preloaded (cannot open shared object file): ignored.
ERROR: ld.so: object 'libargos-core.so' from LD_PRELOAD cannot be preloaded (cannot open shared object file): ignored.
ERROR: ld.so: object 'libargos-agentclient.so' from LD_PRELOAD cannot be preloaded (cannot open shared object file): ignored.
ERROR: ld.so: object 'libargos-core.so' from LD_PRELOAD cannot be preloaded (cannot open shared object file): ignored.
ERROR: ld.so: object 'libargos-core.so' from LD_PRELOAD cannot be preloaded (cannot open shared object file): ignored.
ERROR: ld.so: object 'libargos-core.so' from LD_PRELOAD cannot be preloaded (cannot open shared object file): ignored.
ERROR: ld.so: object 'libargos-agentclient.so' from LD_PRELOAD cannot be preloaded (cannot open shared object file): ignored.
ERROR: ld.so: object 'libargos-agentclient.so' from LD_PRELOAD cannot be preloaded (cannot open shared object file): ignored.
ERROR: ld.so: object 'libargos-agentclient.so' from LD_PRELOAD cannot be preloaded (cannot open shared object file): ignored.
ERROR: ld.so: object 'libargos-core.so' from LD_PRELOAD cannot be preloaded (cannot open shared object file): ignored.
ERROR: ld.so: object 'libargos-agentclient.so' from LD_PRELOAD cannot be preloaded (cannot open shared object file): ignored.
ERROR: ld.so: object 'libargos-core.so' from LD_PRELOAD cannot be preloaded (cannot open shared object file): ignored.
ERROR: ld.so: object 'libargos-agentclient.so' from LD_PRELOAD cannot be preloaded (cannot open shared object file): ignored.
ERROR: ld.so: object 'libargos-core.so' from LD_PRELOAD cannot be preloaded (cannot open shared object file): ignored.
ERROR: ld.so: object 'libargos-agentclient.so' from LD_PRELOAD cannot be preloaded (cannot open shared object file): ignored.
ERROR: ld.so: object 'libargos-core.so' from LD_PRELOAD cannot be preloaded (cannot open shared object file): ignored.
ERROR: ld.so: object 'libargos-agentclient.so' from LD_PRELOAD cannot be preloaded (cannot open shared object file): ignored.
ERROR: ld.so: object 'libargos-core.so' from LD_PRELOAD cannot be preloaded (cannot open shared object file): ignored.
ERROR: ld.so: object 'libargos-core.so' from LD_PRELOAD cannot be preloaded (cannot open shared object file): ignored.
ERROR: ld.so: object 'libargos-agentclient.so' from LD_PRELOAD cannot be preloaded (cannot open shared object file): ignored.
ERROR: ld.so: object 'libargos-agentclient.so' from LD_PRELOAD cannot be preloaded (cannot open shared object file): ignored.
ERROR: ld.so: object 'libargos-core.so' from LD_PRELOAD cannot be preloaded (cannot open shared object file): ignored.
ERROR: ld.so: object 'libargos-agentclient.so' from LD_PRELOAD cannot be preloaded (cannot open shared object file): ignored.
ERROR: ld.so: object 'libargos-core.so' from LD_PRELOAD cannot be preloaded (cannot open shared object file): ignored.
ERROR: ld.so: object 'libargos-agentclient.so' from LD_PRELOAD cannot be preloaded (cannot open shared object file): ignored.
ERROR: ld.so: object 'libargos-core.so' from LD_PRELOAD cannot be preloaded (cannot open shared object file): ignored.
ERROR: ld.so: object 'libargos-agentclient.so' from LD_PRELOAD cannot be preloaded (cannot open shared object file): ignored.
ERROR: ld.so: object 'libargos-core.so' from LD_PRELOAD cannot be preloaded (cannot open shared object file): ignored.
ERROR: ld.so: object 'libargos-agentclient.so' from LD_PRELOAD cannot be preloaded (cannot open shared object file): ignored.
ERROR: ld.so: object 'libargos-core.so' from LD_PRELOAD cannot be preloaded (cannot open shared object file): ignored.
ERROR: ld.so: object 'libargos-agentclient.so' from LD_PRELOAD cannot be preloaded (cannot open shared object file): ignored.
ERROR: ld.so: object 'libargos-core.so' from LD_PRELOAD cannot be preloaded (cannot open shared object file): ignored.
ERROR: ld.so: object 'libargos-agentclient.so' from LD_PRELOAD cannot be preloaded (cannot open shared object file): ignored.
ERROR: ld.so: object 'libargos-core.so' from LD_PRELOAD cannot be preloaded (cannot open shared object file): ignored.
ERROR: ld.so: object 'libargos-agentclient.so' from LD_PRELOAD cannot be preloaded (cannot open shared object file): ignored.
ERROR: ld.so: object 'libargos-core.so' from LD_PRELOAD cannot be preloaded (cannot open shared object file): ignored.
ERROR: ld.so: object 'libargos-agentclient.so' from LD_PRELOAD cannot be preloaded (cannot open shared object file): ignored.
ERROR: ld.so: object 'libargos-core.so' from LD_PRELOAD cannot be preloaded (cannot open shared object file): ignored.
ERROR: ld.so: object 'libargos-core.so' from LD_PRELOAD cannot be preloaded (cannot open shared object file): ignored.
ERROR: ld.so: object 'libargos-agentclient.so' from LD_PRELOAD cannot be preloaded (cannot open shared object file): ignored.
ERROR: ld.so: object 'libargos-agentclient.so' from LD_PRELOAD cannot be preloaded (cannot open shared object file): ignored.
ERROR: ld.so: object 'libargos-core.so' from LD_PRELOAD cannot be preloaded (cannot open shared object file): ignored.
ERROR: ld.so: object 'libargos-core.so' from LD_PRELOAD cannot be preloaded (cannot open shared object file): ignored.
ERROR: ld.so: object 'libargos-agentclient.so' from LD_PRELOAD cannot be preloaded (cannot open shared object file): ignored.
ERROR: ld.so: object 'libargos-agentclient.so' from LD_PRELOAD cannot be preloaded (cannot open shared object file): ignored.
ERROR: ld.so: object 'libargos-core.so' from LD_PRELOAD cannot be preloaded (cannot open shared object file): ignored.
ERROR: ld.so: object 'libargos-agentclient.so' from LD_PRELOAD cannot be preloaded (cannot open shared object file): ignored.
ERROR: ld.so: object 'libargos-core.so' from LD_PRELOAD cannot be preloaded (cannot open shared object file): ignored.
ERROR: ld.so: object 'libargos-agentclient.so' from LD_PRELOAD cannot be preloaded (cannot open shared object file): ignored.
ERROR: ld.so: object 'libargos-core.so' from LD_PRELOAD cannot be preloaded (cannot open shared object file): ignored.
ERROR: ld.so: object 'libargos-agentclient.so' from LD_PRELOAD cannot be preloaded (cannot open shared object file): ignored.
ERROR: ld.so: object 'libargos-core.so' from LD_PRELOAD cannot be preloaded (cannot open shared object file): ignored.
ERROR: ld.so: object 'libargos-core.so' from LD_PRELOAD cannot be preloaded (cannot open shared object file): ignored.
ERROR: ld.so: object 'libargos-core.so' from LD_PRELOAD cannot be preloaded (cannot open shared object file): ignored.
ERROR: ld.so: object 'libargos-agentclient.so' from LD_PRELOAD cannot be preloaded (cannot open shared object file): ignored.
ERROR: ld.so: object 'libargos-agentclient.so' from LD_PRELOAD cannot be preloaded (cannot open shared object file): ignored.
ERROR: ld.so: object 'libargos-agentclient.so' from LD_PRELOAD cannot be preloaded (cannot open shared object file): ignored.
ERROR: ld.so: object 'libargos-core.so' from LD_PRELOAD cannot be preloaded (cannot open shared object file): ignored.
ERROR: ld.so: object 'libargos-agentclient.so' from LD_PRELOAD cannot be preloaded (cannot open shared object file): ignored.
ERROR: ld.so: object 'libargos-core.so' from LD_PRELOAD cannot be preloaded (cannot open shared object file): ignored.
ERROR: ld.so: object 'libargos-core.so' from LD_PRELOAD cannot be preloaded (cannot open shared object file): ignored.
ERROR: ld.so: object 'libargos-core.so' from LD_PRELOAD cannot be preloaded (cannot open shared object file): ignored.
ERROR: ld.so: object 'libargos-agentclient.so' from LD_PRELOAD cannot be preloaded (cannot open shared object file): ignored.
ERROR: ld.so: object 'libargos-agentclient.so' from LD_PRELOAD cannot be preloaded (cannot open shared object file): ignored.
ERROR: ld.so: object 'libargos-agentclient.so' from LD_PRELOAD cannot be preloaded (cannot open shared object file): ignored.
ERROR: ld.so: object 'libargos-core.so' from LD_PRELOAD cannot be preloaded (cannot open shared object file): ignored.
ERROR: ld.so: object 'libargos-core.so' from LD_PRELOAD cannot be preloaded (cannot open shared object file): ignored.
ERROR: ld.so: object 'libargos-agentclient.so' from LD_PRELOAD cannot be preloaded (cannot open shared object file): ignored.
ERROR: ld.so: object 'libargos-agentclient.so' from LD_PRELOAD cannot be preloaded (cannot open shared object file): ignored.
ERROR: ld.so: object 'libargos-core.so' from LD_PRELOAD cannot be preloaded (cannot open shared object file): ignored.
ERROR: ld.so: object 'libargos-agentclient.so' from LD_PRELOAD cannot be preloaded (cannot open shared object file): ignored.
ERROR: ld.so: object 'libargos-core.so' from LD_PRELOAD cannot be preloaded (cannot open shared object file): ignored.
ERROR: ld.so: object 'libargos-agentclient.so' from LD_PRELOAD cannot be preloaded (cannot open shared object file): ignored.
ERROR: ld.so: object 'libargos-core.so' from LD_PRELOAD cannot be preloaded (cannot open shared object file): ignored.
ERROR: ld.so: object 'libargos-agentclient.so' from LD_PRELOAD cannot be preloaded (cannot open shared object file): ignored.
ERROR: ld.so: object 'libargos-core.so' from LD_PRELOAD cannot be preloaded (cannot open shared object file): ignored.
ERROR: ld.so: object 'libargos-core.so' from LD_PRELOAD cannot be preloaded (cannot open shared object file): ignored.
ERROR: ld.so: object 'libargos-agentclient.so' from LD_PRELOAD cannot be preloaded (cannot open shared object file): ignored.
ERROR: ld.so: object 'libargos-core.so' from LD_PRELOAD cannot be preloaded (cannot open shared object file): ignored.
ERROR: ld.so: object 'libargos-agentclient.so' from LD_PRELOAD cannot be preloaded (cannot open shared object file): ignored.
ERROR: ld.so: object 'libargos-core.so' from LD_PRELOAD cannot be preloaded (cannot open shared object file): ignored.
ERROR: ld.so: object 'libargos-agentclient.so' from LD_PRELOAD cannot be preloaded (cannot open shared object file): ignored.
ERROR: ld.so: object 'libargos-core.so' from LD_PRELOAD cannot be preloaded (cannot open shared object file): ignored.
ERROR: ld.so: object 'libargos-agentclient.so' from LD_PRELOAD cannot be preloaded (cannot open shared object file): ignored.
ERROR: ld.so: object 'libargos-core.so' from LD_PRELOAD cannot be preloaded (cannot open shared object file): ignored.
ERROR: ld.so: object 'libargos-agentclient.so' from LD_PRELOAD cannot be preloaded (cannot open shared object file): ignored.
ERROR: ld.so: object 'libargos-core.so' from LD_PRELOAD cannot be preloaded (cannot open shared object file): ignored.
ERROR: ld.so: object 'libargos-agentclient.so' from LD_PRELOAD cannot be preloaded (cannot open shared object file): ignored.
ERROR: ld.so: object 'libargos-core.so' from LD_PRELOAD cannot be preloaded (cannot open shared object file): ignored.
ERROR: ld.so: object 'libargos-agentclient.so' from LD_PRELOAD cannot be preloaded (cannot open shared object file): ignored.
ERROR: ld.so: object 'libargos-agentclient.so' from LD_PRELOAD cannot be preloaded (cannot open shared object file): ignored.
ERROR: ld.so: object 'libargos-core.so' from LD_PRELOAD cannot be preloaded (cannot open shared object file): ignored.
ERROR: ld.so: object 'libargos-agentclient.so' from LD_PRELOAD cannot be preloaded (cannot open shared object file): ignored.
ERROR: ld.so: object 'libargos-core.so' from LD_PRELOAD cannot be preloaded (cannot open shared object file): ignored.
ERROR: ld.so: object 'libargos-agentclient.so' from LD_PRELOAD cannot be preloaded (cannot open shared object file): ignored.
ERROR: ld.so: object 'libargos-core.so' from LD_PRELOAD cannot be preloaded (cannot open shared object file): ignored.
ERROR: ld.so: object 'libargos-agentclient.so' from LD_PRELOAD cannot be preloaded (cannot open shared object file): ignored.
ERROR: ld.so: object 'libargos-core.so' from LD_PRELOAD cannot be preloaded (cannot open shared object file): ignored.
ERROR: ld.so: object 'libargos-agentclient.so' from LD_PRELOAD cannot be preloaded (cannot open shared object file): ignored.
ERROR: ld.so: object 'libargos-core.so' from LD_PRELOAD cannot be preloaded (cannot open shared object file): ignored.
ERROR: ld.so: object 'libargos-agentclient.so' from LD_PRELOAD cannot be preloaded (cannot open shared object file): ignored.
ERROR: ld.so: object 'libargos-core.so' from LD_PRELOAD cannot be preloaded (cannot open shared object file): ignored.
ERROR: ld.so: object 'libargos-agentclient.so' from LD_PRELOAD cannot be preloaded (cannot open shared object file): ignored.
ERROR: ld.so: object 'libargos-core.so' from LD_PRELOAD cannot be preloaded (cannot open shared object file): ignored.
ERROR: ld.so: object 'libargos-agentclient.so' from LD_PRELOAD cannot be preloaded (cannot open shared object file): ignored.
[NeMo I 2026-03-30 08:28:06 nemo_logging:393] Global Checkpoint Save : Rank: 0 : Iteration: 25981 : Start time: 1774852045.843s : Save duration: 40.185s
[NeMo I 2026-03-30 08:28:09 nemo_logging:393] Scheduled async checkpoint save for /tmpdir/barman/bs1024_fullrun/outputs/nemotron-1B-SSA-Triton-bs1024/checkpoints/nemotron-1B-SSA-Triton-bs1024-step=0025999.ckpt
[NeMo W 2026-03-30 08:28:12 validation:389] There is difference in the common state dict in different ranks. The differences are {1: ([], [], [(('optimizer', 0, 'optimizer', 'param_groups', 1, 'step'), <class 'int'>, <class 'int'>)]), 2: ([], [], [(('optimizer', 0, 'optimizer', 'param_groups', 1, 'step'), <class 'int'>, <class 'int'>)]), 3: ([], [], [(('optimizer', 0, 'optimizer', 'param_groups', 1, 'step'), <class 'int'>, <class 'int'>)]), 4: ([], [], [(('optimizer', 0, 'optimizer', 'param_groups', 1, 'step'), <class 'int'>, <class 'int'>)]), 5: ([], [], [(('optimizer', 0, 'optimizer', 'param_groups', 1, 'step'), <class 'int'>, <class 'int'>)]), 6: ([], [], [(('optimizer', 0, 'optimizer', 'param_groups', 1, 'step'), <class 'int'>, <class 'int'>)]), 7: ([], [], [(('optimizer', 0, 'optimizer', 'param_groups', 1, 'step'), <class 'int'>, <class 'int'>)]), 8: ([], [], [(('optimizer', 0, 'optimizer', 'param_groups', 1, 'step'), <class 'int'>, <class 'int'>)]), 9: ([], [], [(('optimizer', 0, 'optimizer', 'param_groups', 1, 'step'), <class 'int'>, <class 'int'>)]), 10: ([], [], [(('optimizer', 0, 'optimizer', 'param_groups', 1, 'step'), <class 'int'>, <class 'int'>)]), 11: ([], [], [(('optimizer', 0, 'optimizer', 'param_groups', 1, 'step'), <class 'int'>, <class 'int'>)]), 12: ([], [], [(('optimizer', 0, 'optimizer', 'param_groups', 1, 'step'), <class 'int'>, <class 'int'>)]), 13: ([], [], [(('optimizer', 0, 'optimizer', 'param_groups', 1, 'step'), <class 'int'>, <class 'int'>)]), 14: ([], [], [(('optimizer', 0, 'optimizer', 'param_groups', 1, 'step'), <class 'int'>, <class 'int'>)]), 15: ([], [], [(('optimizer', 0, 'optimizer', 'param_groups', 1, 'step'), <class 'int'>, <class 'int'>)]), 16: ([], [], [(('optimizer', 0, 'optimizer', 'param_groups', 1, 'step'), <class 'int'>, <class 'int'>)]), 17: ([], [], [(('optimizer', 0, 'optimizer', 'param_groups', 1, 'step'), <class 'int'>, <class 'int'>)]), 18: ([], [], [(('optimizer', 0, 'optimizer', 'param_groups', 1, 'step'), <class 'int'>, <class 'int'>)]), 19: ([], [], [(('optimizer', 0, 'optimizer', 'param_groups', 1, 'step'), <class 'int'>, <class 'int'>)]), 20: ([], [], [(('optimizer', 0, 'optimizer', 'param_groups', 1, 'step'), <class 'int'>, <class 'int'>)]), 21: ([], [], [(('optimizer', 0, 'optimizer', 'param_groups', 1, 'step'), <class 'int'>, <class 'int'>)]), 22: ([], [], [(('optimizer', 0, 'optimizer', 'param_groups', 1, 'step'), <class 'int'>, <class 'int'>)]), 23: ([], [], [(('optimizer', 0, 'optimizer', 'param_groups', 1, 'step'), <class 'int'>, <class 'int'>)]), 25: ([], [], [(('optimizer', 0, 'optimizer', 'param_groups', 1, 'step'), <class 'int'>, <class 'int'>)]), 26: ([], [], [(('optimizer', 0, 'optimizer', 'param_groups', 1, 'step'), <class 'int'>, <class 'int'>)]), 27: ([], [], [(('optimizer', 0, 'optimizer', 'param_groups', 1, 'step'), <class 'int'>, <class 'int'>)]), 28: ([], [], [(('optimizer', 0, 'optimizer', 'param_groups', 1, 'step'), <class 'int'>, <class 'int'>)]), 29: ([], [], [(('optimizer', 0, 'optimizer', 'param_groups', 1, 'step'), <class 'int'>, <class 'int'>)]), 30: ([], [], [(('optimizer', 0, 'optimizer', 'param_groups', 1, 'step'), <class 'int'>, <class 'int'>)]), 31: ([], [], [(('optimizer', 0, 'optimizer', 'param_groups', 1, 'step'), <class 'int'>, <class 'int'>)])}
[NeMo I 2026-03-30 08:28:15 nemo_logging:393] Global Checkpoint Save : Rank: 0 : Iteration: 25981 : Start time: 1774852091.311s : Save duration: 4.011s
[NeMo I 2026-03-30 08:28:16 nemo_logging:393] Scheduled async checkpoint save for /tmpdir/barman/bs1024_fullrun/outputs/nemotron-1B-SSA-Triton-bs1024/checkpoints/nemotron-1B-SSA-Triton-bs1024-step=0025999-last.ckpt
[NeMo I 2026-03-30 08:28:17 nemo_logging:393] Successfully saved checkpoint from iteration   25981 to /tmpdir/barman/bs1024_fullrun/outputs/nemotron-1B-SSA-Triton-bs1024/checkpoints/nemotron-1B-SSA-Triton-bs1024-step=0025999.ckpt
[NeMo I 2026-03-30 08:28:17 nemo_logging:393] Async checkpoint save for step 26000 (/tmpdir/barman/bs1024_fullrun/outputs/nemotron-1B-SSA-Triton-bs1024/checkpoints/nemotron-1B-SSA-Triton-bs1024-step=0025999.ckpt) finalized successfully.
[NeMo I 2026-03-30 08:28:17 nemo_logging:393] Async finalization time took 1.255 s
Training epoch 1, iteration 26000/715787 | lr: 0.0002992 | consumed_samples: 26625024 | global_batch_size: 1024 | global_step: 26000 | reduced_train_loss: 2.494
[NeMo I 2026-03-30 08:28:28 nemo_logging:393] Successfully saved checkpoint from iteration   25981 to /tmpdir/barman/bs1024_fullrun/outputs/nemotron-1B-SSA-Triton-bs1024/checkpoints/nemotron-1B-SSA-Triton-bs1024-step=0025999-last.ckpt
[NeMo I 2026-03-30 08:28:28 nemo_logging:393] Async checkpoint save for step 26000 (/tmpdir/barman/bs1024_fullrun/outputs/nemotron-1B-SSA-Triton-bs1024/checkpoints/nemotron-1B-SSA-Triton-bs1024-step=0025999-last.ckpt) finalized successfully.
[NeMo I 2026-03-30 08:28:28 nemo_logging:393] Async finalization time took 0.737 s
Training epoch 1, iteration 26001/715787 | lr: 0.0002992 | consumed_samples: 26626048 | global_batch_size: 1024 | global_step: 26001 | reduced_train_loss: 2.495
Training epoch 1, iteration 26002/715787 | lr: 0.0002992 | consumed_samples: 26627072 | global_batch_size: 1024 | global_step: 26002 | reduced_train_loss: 2.492
Training epoch 1, iteration 26003/715787 | lr: 0.0002992 | consumed_samples: 26628096 | global_batch_size: 1024 | global_step: 26003 | reduced_train_loss: 2.497
Training epoch 1, iteration 26004/715787 | lr: 0.0002992 | consumed_samples: 26629120 | global_batch_size: 1024 | global_step: 26004 | reduced_train_loss: 2.5
Training epoch 1, iteration 26005/715787 | lr: 0.0002992 | consumed_samples: 26630144 | global_batch_size: 1024 | global_step: 26005 | reduced_train_loss: 2.51
Training epoch 1, iteration 26006/715787 | lr: 0.0002992 | consumed_samples: 26631168 | global_batch_size: 1024 | global_step: 26006 | reduced_train_loss: 2.514
Training epoch 1, iteration 26007/715787 | lr: 0.0002992 | consumed_samples: 26632192 | global_batch_size: 1024 | global_step: 26007 | reduced_train_loss: 2.493
Training epoch 1, iteration 26008/715787 | lr: 0.0002992 | consumed_samples: 26633216 | global_batch_size: 1024 | global_step: 26008 | reduced_train_loss: 2.489
Training epoch 1, iteration 26009/715787 | lr: 0.0002992 | consumed_samples: 26634240 | global_batch_size: 1024 | global_step: 26009 | reduced_train_loss: 2.492
Training epoch 1, iteration 26010/715787 | lr: 0.0002992 | consumed_samples: 26635264 | global_batch_size: 1024 | global_step: 26010 | reduced_train_loss: 2.496
Training epoch 1, iteration 26011/715787 | lr: 0.0002992 | consumed_samples: 26636288 | global_batch_size: 1024 | global_step: 26011 | reduced_train_loss: 2.495
Training epoch 1, iteration 26012/715787 | lr: 0.0002992 | consumed_samples: 26637312 | global_batch_size: 1024 | global_step: 26012 | reduced_train_loss: 2.49
Training epoch 1, iteration 26013/715787 | lr: 0.0002992 | consumed_samples: 26638336 | global_batch_size: 1024 | global_step: 26013 | reduced_train_loss: 2.476
Training epoch 1, iteration 26014/715787 | lr: 0.0002992 | consumed_samples: 26639360 | global_batch_size: 1024 | global_step: 26014 | reduced_train_loss: 2.492
Training epoch 1, iteration 26015/715787 | lr: 0.0002992 | consumed_samples: 26640384 | global_batch_size: 1024 | global_step: 26015 | reduced_train_loss: 2.503
Training epoch 1, iteration 26016/715787 | lr: 0.0002992 | consumed_samples: 26641408 | global_batch_size: 1024 | global_step: 26016 | reduced_train_loss: 2.481
Training epoch 1, iteration 26017/715787 | lr: 0.0002992 | consumed_samples: 26642432 | global_batch_size: 1024 | global_step: 26017 | reduced_train_loss: 2.492
Training epoch 1, iteration 26018/715787 | lr: 0.0002992 | consumed_samples: 26643456 | global_batch_size: 1024 | global_step: 26018 | reduced_train_loss: 2.481
Training epoch 1, iteration 26019/715787 | lr: 0.0002992 | consumed_samples: 26644480 | global_batch_size: 1024 | global_step: 26019 | reduced_train_loss: 2.496
Training epoch 1, iteration 26020/715787 | lr: 0.0002992 | consumed_samples: 26645504 | global_batch_size: 1024 | global_step: 26020 | reduced_train_loss: 2.49
Training epoch 1, iteration 26021/715787 | lr: 0.0002992 | consumed_samples: 26646528 | global_batch_size: 1024 | global_step: 26021 | reduced_train_loss: 2.484
Training epoch 1, iteration 26022/715787 | lr: 0.0002992 | consumed_samples: 26647552 | global_batch_size: 1024 | global_step: 26022 | reduced_train_loss: 2.491
Training epoch 1, iteration 26023/715787 | lr: 0.0002992 | consumed_samples: 26648576 | global_batch_size: 1024 | global_step: 26023 | reduced_train_loss: 2.504
Training epoch 1, iteration 26024/715787 | lr: 0.0002992 | consumed_samples: 26649600 | global_batch_size: 1024 | global_step: 26024 | reduced_train_loss: 2.522
Training epoch 1, iteration 26025/715787 | lr: 0.0002992 | consumed_samples: 26650624 | global_batch_size: 1024 | global_step: 26025 | reduced_train_loss: 2.482
Training epoch 1, iteration 26026/715787 | lr: 0.0002992 | consumed_samples: 26651648 | global_batch_size: 1024 | global_step: 26026 | reduced_train_loss: 2.49
Training epoch 1, iteration 26027/715787 | lr: 0.0002992 | consumed_samples: 26652672 | global_batch_size: 1024 | global_step: 26027 | reduced_train_loss: 2.5
Training epoch 1, iteration 26028/715787 | lr: 0.0002992 | consumed_samples: 26653696 | global_batch_size: 1024 | global_step: 26028 | reduced_train_loss: 2.51
Training epoch 1, iteration 26029/715787 | lr: 0.0002992 | consumed_samples: 26654720 | global_batch_size: 1024 | global_step: 26029 | reduced_train_loss: 2.51
Training epoch 1, iteration 26030/715787 | lr: 0.0002992 | consumed_samples: 26655744 | global_batch_size: 1024 | global_step: 26030 | reduced_train_loss: 2.49
Training epoch 1, iteration 26031/715787 | lr: 0.0002992 | consumed_samples: 26656768 | global_batch_size: 1024 | global_step: 26031 | reduced_train_loss: 2.477
Training epoch 1, iteration 26032/715787 | lr: 0.0002992 | consumed_samples: 26657792 | global_batch_size: 1024 | global_step: 26032 | reduced_train_loss: 2.494
Training epoch 1, iteration 26033/715787 | lr: 0.0002992 | consumed_samples: 26658816 | global_batch_size: 1024 | global_step: 26033 | reduced_train_loss: 2.485
Training epoch 1, iteration 26034/715787 | lr: 0.0002992 | consumed_samples: 26659840 | global_batch_size: 1024 | global_step: 26034 | reduced_train_loss: 2.48
Training epoch 1, iteration 26035/715787 | lr: 0.0002992 | consumed_samples: 26660864 | global_batch_size: 1024 | global_step: 26035 | reduced_train_loss: 2.499
Training epoch 1, iteration 26036/715787 | lr: 0.0002992 | consumed_samples: 26661888 | global_batch_size: 1024 | global_step: 26036 | reduced_train_loss: 2.504
Training epoch 1, iteration 26037/715787 | lr: 0.0002992 | consumed_samples: 26662912 | global_batch_size: 1024 | global_step: 26037 | reduced_train_loss: 2.536
Training epoch 1, iteration 26038/715787 | lr: 0.0002992 | consumed_samples: 26663936 | global_batch_size: 1024 | global_step: 26038 | reduced_train_loss: 2.49
Training epoch 1, iteration 26039/715787 | lr: 0.0002992 | consumed_samples: 26664960 | global_batch_size: 1024 | global_step: 26039 | reduced_train_loss: 2.502
Training epoch 1, iteration 26040/715787 | lr: 0.0002992 | consumed_samples: 26665984 | global_batch_size: 1024 | global_step: 26040 | reduced_train_loss: 2.5
Training epoch 1, iteration 26041/715787 | lr: 0.0002992 | consumed_samples: 26667008 | global_batch_size: 1024 | global_step: 26041 | reduced_train_loss: 2.487
Training epoch 1, iteration 26042/715787 | lr: 0.0002992 | consumed_samples: 26668032 | global_batch_size: 1024 | global_step: 26042 | reduced_train_loss: 2.48
Training epoch 1, iteration 26043/715787 | lr: 0.0002992 | consumed_samples: 26669056 | global_batch_size: 1024 | global_step: 26043 | reduced_train_loss: 2.497
Training epoch 1, iteration 26044/715787 | lr: 0.0002992 | consumed_samples: 26670080 | global_batch_size: 1024 | global_step: 26044 | reduced_train_loss: 2.499
Training epoch 1, iteration 26045/715787 | lr: 0.0002992 | consumed_samples: 26671104 | global_batch_size: 1024 | global_step: 26045 | reduced_train_loss: 2.508
Training epoch 1, iteration 26046/715787 | lr: 0.0002992 | consumed_samples: 26672128 | global_batch_size: 1024 | global_step: 26046 | reduced_train_loss: 2.501
Training epoch 1, iteration 26047/715787 | lr: 0.0002992 | consumed_samples: 26673152 | global_batch_size: 1024 | global_step: 26047 | reduced_train_loss: 2.492
Training epoch 1, iteration 26048/715787 | lr: 0.0002992 | consumed_samples: 26674176 | global_batch_size: 1024 | global_step: 26048 | reduced_train_loss: 2.509
Training epoch 1, iteration 26049/715787 | lr: 0.0002992 | consumed_samples: 26675200 | global_batch_size: 1024 | global_step: 26049 | reduced_train_loss: 2.489
Training epoch 1, iteration 26050/715787 | lr: 0.0002992 | consumed_samples: 26676224 | global_batch_size: 1024 | global_step: 26050 | reduced_train_loss: 2.484
Training epoch 1, iteration 26051/715787 | lr: 0.0002992 | consumed_samples: 26677248 | global_batch_size: 1024 | global_step: 26051 | reduced_train_loss: 2.512
Training epoch 1, iteration 26052/715787 | lr: 0.0002992 | consumed_samples: 26678272 | global_batch_size: 1024 | global_step: 26052 | reduced_train_loss: 2.494
Training epoch 1, iteration 26053/715787 | lr: 0.0002992 | consumed_samples: 26679296 | global_batch_size: 1024 | global_step: 26053 | reduced_train_loss: 2.473
Training epoch 1, iteration 26054/715787 | lr: 0.0002992 | consumed_samples: 26680320 | global_batch_size: 1024 | global_step: 26054 | reduced_train_loss: 2.495
Training epoch 1, iteration 26055/715787 | lr: 0.0002992 | consumed_samples: 26681344 | global_batch_size: 1024 | global_step: 26055 | reduced_train_loss: 2.516
Training epoch 1, iteration 26056/715787 | lr: 0.0002992 | consumed_samples: 26682368 | global_batch_size: 1024 | global_step: 26056 | reduced_train_loss: 2.496
Training epoch 1, iteration 26057/715787 | lr: 0.0002992 | consumed_samples: 26683392 | global_batch_size: 1024 | global_step: 26057 | reduced_train_loss: 2.486
Training epoch 1, iteration 26058/715787 | lr: 0.0002992 | consumed_samples: 26684416 | global_batch_size: 1024 | global_step: 26058 | reduced_train_loss: 2.475
Training epoch 1, iteration 26059/715787 | lr: 0.0002992 | consumed_samples: 26685440 | global_batch_size: 1024 | global_step: 26059 | reduced_train_loss: 2.478
Training epoch 1, iteration 26060/715787 | lr: 0.0002992 | consumed_samples: 26686464 | global_batch_size: 1024 | global_step: 26060 | reduced_train_loss: 2.5
Training epoch 1, iteration 26061/715787 | lr: 0.0002992 | consumed_samples: 26687488 | global_batch_size: 1024 | global_step: 26061 | reduced_train_loss: 2.487
Training epoch 1, iteration 26062/715787 | lr: 0.0002992 | consumed_samples: 26688512 | global_batch_size: 1024 | global_step: 26062 | reduced_train_loss: 2.499
Training epoch 1, iteration 26063/715787 | lr: 0.0002992 | consumed_samples: 26689536 | global_batch_size: 1024 | global_step: 26063 | reduced_train_loss: 2.487
Training epoch 1, iteration 26064/715787 | lr: 0.0002991 | consumed_samples: 26690560 | global_batch_size: 1024 | global_step: 26064 | reduced_train_loss: 2.494
Training epoch 1, iteration 26065/715787 | lr: 0.0002991 | consumed_samples: 26691584 | global_batch_size: 1024 | global_step: 26065 | reduced_train_loss: 2.492
Training epoch 1, iteration 26066/715787 | lr: 0.0002991 | consumed_samples: 26692608 | global_batch_size: 1024 | global_step: 26066 | reduced_train_loss: 2.496
Training epoch 1, iteration 26067/715787 | lr: 0.0002991 | consumed_samples: 26693632 | global_batch_size: 1024 | global_step: 26067 | reduced_train_loss: 2.487
Training epoch 1, iteration 26068/715787 | lr: 0.0002991 | consumed_samples: 26694656 | global_batch_size: 1024 | global_step: 26068 | reduced_train_loss: 2.481
Training epoch 1, iteration 26069/715787 | lr: 0.0002991 | consumed_samples: 26695680 | global_batch_size: 1024 | global_step: 26069 | reduced_train_loss: 2.498
Training epoch 1, iteration 26070/715787 | lr: 0.0002991 | consumed_samples: 26696704 | global_batch_size: 1024 | global_step: 26070 | reduced_train_loss: 2.492
Training epoch 1, iteration 26071/715787 | lr: 0.0002991 | consumed_samples: 26697728 | global_batch_size: 1024 | global_step: 26071 | reduced_train_loss: 2.476
Training epoch 1, iteration 26072/715787 | lr: 0.0002991 | consumed_samples: 26698752 | global_batch_size: 1024 | global_step: 26072 | reduced_train_loss: 2.494
Training epoch 1, iteration 26073/715787 | lr: 0.0002991 | consumed_samples: 26699776 | global_batch_size: 1024 | global_step: 26073 | reduced_train_loss: 2.489
Training epoch 1, iteration 26074/715787 | lr: 0.0002991 | consumed_samples: 26700800 | global_batch_size: 1024 | global_step: 26074 | reduced_train_loss: 2.491
Training epoch 1, iteration 26075/715787 | lr: 0.0002991 | consumed_samples: 26701824 | global_batch_size: 1024 | global_step: 26075 | reduced_train_loss: 2.495
Training epoch 1, iteration 26076/715787 | lr: 0.0002991 | consumed_samples: 26702848 | global_batch_size: 1024 | global_step: 26076 | reduced_train_loss: 2.493
Training epoch 1, iteration 26077/715787 | lr: 0.0002991 | consumed_samples: 26703872 | global_batch_size: 1024 | global_step: 26077 | reduced_train_loss: 2.494
Training epoch 1, iteration 26078/715787 | lr: 0.0002991 | consumed_samples: 26704896 | global_batch_size: 1024 | global_step: 26078 | reduced_train_loss: 2.474
Training epoch 1, iteration 26079/715787 | lr: 0.0002991 | consumed_samples: 26705920 | global_batch_size: 1024 | global_step: 26079 | reduced_train_loss: 2.474
Training epoch 1, iteration 26080/715787 | lr: 0.0002991 | consumed_samples: 26706944 | global_batch_size: 1024 | global_step: 26080 | reduced_train_loss: 2.504
Training epoch 1, iteration 26081/715787 | lr: 0.0002991 | consumed_samples: 26707968 | global_batch_size: 1024 | global_step: 26081 | reduced_train_loss: 2.495
Training epoch 1, iteration 26082/715787 | lr: 0.0002991 | consumed_samples: 26708992 | global_batch_size: 1024 | global_step: 26082 | reduced_train_loss: 2.53
Training epoch 1, iteration 26083/715787 | lr: 0.0002991 | consumed_samples: 26710016 | global_batch_size: 1024 | global_step: 26083 | reduced_train_loss: 2.52
Training epoch 1, iteration 26084/715787 | lr: 0.0002991 | consumed_samples: 26711040 | global_batch_size: 1024 | global_step: 26084 | reduced_train_loss: 2.503
Training epoch 1, iteration 26085/715787 | lr: 0.0002991 | consumed_samples: 26712064 | global_batch_size: 1024 | global_step: 26085 | reduced_train_loss: 2.528
Training epoch 1, iteration 26086/715787 | lr: 0.0002991 | consumed_samples: 26713088 | global_batch_size: 1024 | global_step: 26086 | reduced_train_loss: 2.479
Training epoch 1, iteration 26087/715787 | lr: 0.0002991 | consumed_samples: 26714112 | global_batch_size: 1024 | global_step: 26087 | reduced_train_loss: 2.545
Training epoch 1, iteration 26088/715787 | lr: 0.0002991 | consumed_samples: 26715136 | global_batch_size: 1024 | global_step: 26088 | reduced_train_loss: 2.508
Training epoch 1, iteration 26089/715787 | lr: 0.0002991 | consumed_samples: 26716160 | global_batch_size: 1024 | global_step: 26089 | reduced_train_loss: 2.515
Training epoch 1, iteration 26090/715787 | lr: 0.0002991 | consumed_samples: 26717184 | global_batch_size: 1024 | global_step: 26090 | reduced_train_loss: 2.505
Training epoch 1, iteration 26091/715787 | lr: 0.0002991 | consumed_samples: 26718208 | global_batch_size: 1024 | global_step: 26091 | reduced_train_loss: 2.51
Training epoch 1, iteration 26092/715787 | lr: 0.0002991 | consumed_samples: 26719232 | global_batch_size: 1024 | global_step: 26092 | reduced_train_loss: 2.528
Training epoch 1, iteration 26093/715787 | lr: 0.0002991 | consumed_samples: 26720256 | global_batch_size: 1024 | global_step: 26093 | reduced_train_loss: 2.515
Training epoch 1, iteration 26094/715787 | lr: 0.0002991 | consumed_samples: 26721280 | global_batch_size: 1024 | global_step: 26094 | reduced_train_loss: 2.523
Training epoch 1, iteration 26095/715787 | lr: 0.0002991 | consumed_samples: 26722304 | global_batch_size: 1024 | global_step: 26095 | reduced_train_loss: 2.524
Training epoch 1, iteration 26096/715787 | lr: 0.0002991 | consumed_samples: 26723328 | global_batch_size: 1024 | global_step: 26096 | reduced_train_loss: 2.492
Training epoch 1, iteration 26097/715787 | lr: 0.0002991 | consumed_samples: 26724352 | global_batch_size: 1024 | global_step: 26097 | reduced_train_loss: 2.485
Training epoch 1, iteration 26098/715787 | lr: 0.0002991 | consumed_samples: 26725376 | global_batch_size: 1024 | global_step: 26098 | reduced_train_loss: 2.506
[NeMo I 2026-03-30 08:47:21 nemo_logging:393] Running garbage collection at train global_step: 26100
Training epoch 1, iteration 26099/715787 | lr: 0.0002991 | consumed_samples: 26726400 | global_batch_size: 1024 | global_step: 26099 | reduced_train_loss: 2.502
Training epoch 1, iteration 26100/715787 | lr: 0.0002991 | consumed_samples: 26727424 | global_batch_size: 1024 | global_step: 26100 | reduced_train_loss: 2.509
Training epoch 1, iteration 26101/715787 | lr: 0.0002991 | consumed_samples: 26728448 | global_batch_size: 1024 | global_step: 26101 | reduced_train_loss: 2.493
Training epoch 1, iteration 26102/715787 | lr: 0.0002991 | consumed_samples: 26729472 | global_batch_size: 1024 | global_step: 26102 | reduced_train_loss: 2.515
Training epoch 1, iteration 26103/715787 | lr: 0.0002991 | consumed_samples: 26730496 | global_batch_size: 1024 | global_step: 26103 | reduced_train_loss: 2.499
Training epoch 1, iteration 26104/715787 | lr: 0.0002991 | consumed_samples: 26731520 | global_batch_size: 1024 | global_step: 26104 | reduced_train_loss: 2.513
Training epoch 1, iteration 26105/715787 | lr: 0.0002991 | consumed_samples: 26732544 | global_batch_size: 1024 | global_step: 26105 | reduced_train_loss: 2.491
Training epoch 1, iteration 26106/715787 | lr: 0.0002991 | consumed_samples: 26733568 | global_batch_size: 1024 | global_step: 26106 | reduced_train_loss: 2.503
Training epoch 1, iteration 26107/715787 | lr: 0.0002991 | consumed_samples: 26734592 | global_batch_size: 1024 | global_step: 26107 | reduced_train_loss: 2.497
Training epoch 1, iteration 26108/715787 | lr: 0.0002991 | consumed_samples: 26735616 | global_batch_size: 1024 | global_step: 26108 | reduced_train_loss: 2.505
Training epoch 1, iteration 26109/715787 | lr: 0.0002991 | consumed_samples: 26736640 | global_batch_size: 1024 | global_step: 26109 | reduced_train_loss: 2.492
[2026-03-30T08:49:21.020] error: *** JOB 12011 ON kairosgh3 CANCELLED AT 2026-03-30T08:49:21 DUE TO TIME LIMIT ***
[2026-03-30T08:49:21.021] error: *** STEP 12011.0 ON kairosgh3 CANCELLED AT 2026-03-30T08:49:21 DUE TO TIME LIMIT ***
W0330 08:49:21.021000 2464912 torch/distributed/elastic/agent/server/api.py:719] Received 15 death signal, shutting down workers
W0330 08:49:21.021000 2450713 torch/distributed/elastic/agent/server/api.py:719] Received 15 death signal, shutting down workers
W0330 08:49:21.021000 2512650 torch/distributed/elastic/agent/server/api.py:719] Received 15 death signal, shutting down workers
W0330 08:49:21.022000 2464912 torch/distributed/elastic/multiprocessing/api.py:898] Sending process 2465007 closing signal SIGTERM
srun: Job step aborted: Waiting up to 32 seconds for job step to finish.
W0330 08:49:21.022000 2450713 torch/distributed/elastic/multiprocessing/api.py:898] Sending process 2450798 closing signal SIGTERM
W0330 08:49:21.022000 2656570 torch/distributed/elastic/agent/server/api.py:719] Received 15 death signal, shutting down workers
W0330 08:49:21.022000 2512650 torch/distributed/elastic/multiprocessing/api.py:898] Sending process 2512746 closing signal SIGTERM
W0330 08:49:21.022000 3183435 torch/distributed/elastic/agent/server/api.py:719] Received 15 death signal, shutting down workers
W0330 08:49:21.022000 2464912 torch/distributed/elastic/multiprocessing/api.py:898] Sending process 2465008 closing signal SIGTERM
W0330 08:49:21.022000 2450713 torch/distributed/elastic/multiprocessing/api.py:898] Sending process 2450799 closing signal SIGTERM
W0330 08:49:21.022000 2656570 torch/distributed/elastic/multiprocessing/api.py:898] Sending process 2656654 closing signal SIGTERM
W0330 08:49:21.023000 3183435 torch/distributed/elastic/multiprocessing/api.py:898] Sending process 3183523 closing signal SIGTERM
W0330 08:49:21.023000 2512650 torch/distributed/elastic/multiprocessing/api.py:898] Sending process 2512747 closing signal SIGTERM
W0330 08:49:21.023000 2464912 torch/distributed/elastic/multiprocessing/api.py:898] Sending process 2465009 closing signal SIGTERM
W0330 08:49:21.023000 2450713 torch/distributed/elastic/multiprocessing/api.py:898] Sending process 2450800 closing signal SIGTERM
W0330 08:49:21.023000 2656570 torch/distributed/elastic/multiprocessing/api.py:898] Sending process 2656655 closing signal SIGTERM
W0330 08:49:21.023000 2512650 torch/distributed/elastic/multiprocessing/api.py:898] Sending process 2512748 closing signal SIGTERM
W0330 08:49:21.023000 3183435 torch/distributed/elastic/multiprocessing/api.py:898] Sending process 3183524 closing signal SIGTERM
W0330 08:49:21.023000 2464912 torch/distributed/elastic/multiprocessing/api.py:898] Sending process 2465010 closing signal SIGTERM
W0330 08:49:21.023000 2450713 torch/distributed/elastic/multiprocessing/api.py:898] Sending process 2450801 closing signal SIGTERM
W0330 08:49:21.023000 2656570 torch/distributed/elastic/multiprocessing/api.py:898] Sending process 2656656 closing signal SIGTERM
W0330 08:49:21.023000 2512650 torch/distributed/elastic/multiprocessing/api.py:898] Sending process 2512749 closing signal SIGTERM
W0330 08:49:21.023000 3183435 torch/distributed/elastic/multiprocessing/api.py:898] Sending process 3183525 closing signal SIGTERM
W0330 08:49:21.024000 3183435 torch/distributed/elastic/multiprocessing/api.py:898] Sending process 3183526 closing signal SIGTERM
W0330 08:49:21.024000 2921235 torch/distributed/elastic/agent/server/api.py:719] Received 15 death signal, shutting down workers
W0330 08:49:21.024000 2656570 torch/distributed/elastic/multiprocessing/api.py:898] Sending process 2656657 closing signal SIGTERM
W0330 08:49:21.024000 2921235 torch/distributed/elastic/multiprocessing/api.py:898] Sending process 2921331 closing signal SIGTERM
W0330 08:49:21.025000 2921235 torch/distributed/elastic/multiprocessing/api.py:898] Sending process 2921332 closing signal SIGTERM
