==========================================
Starting SSA Triton Training
Datamix:     /work/p26037/barman/luciole-1B/training/train/train_ssa_triton/datamix_luciole_phase1.json
Output:      /tmpdir/barman/bs1024_fullrun/outputs
Name:        nemotron-1B-SSA-Triton-bs1024
Batch size:  1024
Nodes:       4
Duration:    00:07:40:00
SSA n:       1.5
SSA b:       0.8
Kernel ver:  triton
Compile BDA: 1
Warmup step: 2000
Skip warmup: 1
Contig QKV:  1
Global max:  715788
This-run max:0
W&B:         0 (mode=offline)
==========================================
W0430 09:57:11.363000 1710645 torch/distributed/run.py:763] 
W0430 09:57:11.363000 1710645 torch/distributed/run.py:763] *****************************************
W0430 09:57:11.363000 1710645 torch/distributed/run.py:763] Setting OMP_NUM_THREADS environment variable for each process to be 1 in default, to avoid your system being overloaded, please further tune the variable for optimal performance in your application as needed. 
W0430 09:57:11.363000 1710645 torch/distributed/run.py:763] *****************************************
W0430 09:57:11.365000 3002120 torch/distributed/run.py:763] 
W0430 09:57:11.365000 3002120 torch/distributed/run.py:763] *****************************************
W0430 09:57:11.365000 3002120 torch/distributed/run.py:763] Setting OMP_NUM_THREADS environment variable for each process to be 1 in default, to avoid your system being overloaded, please further tune the variable for optimal performance in your application as needed. 
W0430 09:57:11.365000 3002120 torch/distributed/run.py:763] *****************************************
W0430 09:57:11.366000 853898 torch/distributed/run.py:763] 
W0430 09:57:11.366000 853898 torch/distributed/run.py:763] *****************************************
W0430 09:57:11.366000 853898 torch/distributed/run.py:763] Setting OMP_NUM_THREADS environment variable for each process to be 1 in default, to avoid your system being overloaded, please further tune the variable for optimal performance in your application as needed. 
W0430 09:57:11.366000 853898 torch/distributed/run.py:763] *****************************************
W0430 09:57:11.367000 1227816 torch/distributed/run.py:763] 
W0430 09:57:11.367000 1227816 torch/distributed/run.py:763] *****************************************
W0430 09:57:11.367000 1227816 torch/distributed/run.py:763] Setting OMP_NUM_THREADS environment variable for each process to be 1 in default, to avoid your system being overloaded, please further tune the variable for optimal performance in your application as needed. 
W0430 09:57:11.367000 1227816 torch/distributed/run.py:763] *****************************************
[W430 09:57:11.126342652 socket.cpp:755] [c10d] The client socket cannot be initialized to connect to [kairosgh4.calmip.cluster]:27752 (errno: 97 - Address family not supported by protocol).
[W430 09:57:11.099077851 socket.cpp:755] [c10d] The client socket cannot be initialized to connect to [kairosgh4.calmip.cluster]:27752 (errno: 97 - Address family not supported by protocol).
[W430 09:57:11.116564339 socket.cpp:755] [c10d] The client socket cannot be initialized to connect to [kairosgh4.calmip.cluster]:27752 (errno: 97 - Address family not supported by protocol).
[W430 09:57:11.605056566 socket.cpp:755] [c10d] The client socket cannot be initialized to connect to [kairosgh4.calmip.cluster]:27752 (errno: 97 - Address family not supported by protocol).
[W430 09:57:12.708018058 socket.cpp:755] [c10d] The client socket cannot be initialized to connect to [kairosgh4.calmip.cluster]:33249 (errno: 97 - Address family not supported by protocol).
[launcher] rank=3/3 | cores=216-287 | OMP_NUM_THREADS=72 | script=train_ssa_triton.py
[launcher] rank=1/3 | cores=72-143 | OMP_NUM_THREADS=72 | script=train_ssa_triton.py
[launcher] rank=2/3 | cores=144-215 | OMP_NUM_THREADS=72 | script=train_ssa_triton.py[launcher] rank=0/3 | cores=0-71 | OMP_NUM_THREADS=72 | script=train_ssa_triton.py

[launcher] rank=1/3 | cores=72-143 | OMP_NUM_THREADS=72 | script=train_ssa_triton.py
[launcher] rank=2/3 | cores=144-215 | OMP_NUM_THREADS=72 | script=train_ssa_triton.py
[launcher] rank=3/3 | cores=216-287 | OMP_NUM_THREADS=72 | script=train_ssa_triton.py[launcher] rank=0/3 | cores=0-71 | OMP_NUM_THREADS=72 | script=train_ssa_triton.py

[launcher] rank=2/3 | cores=144-215 | OMP_NUM_THREADS=72 | script=train_ssa_triton.py
[launcher] rank=1/3 | cores=72-143 | OMP_NUM_THREADS=72 | script=train_ssa_triton.py
[launcher] rank=0/3 | cores=0-71 | OMP_NUM_THREADS=72 | script=train_ssa_triton.py
[launcher] rank=3/3 | cores=216-287 | OMP_NUM_THREADS=72 | script=train_ssa_triton.py
[launcher] rank=1/3 | cores=72-143 | OMP_NUM_THREADS=72 | script=train_ssa_triton.py[launcher] rank=0/3 | cores=0-71 | OMP_NUM_THREADS=72 | script=train_ssa_triton.py

[launcher] rank=3/3 | cores=216-287 | OMP_NUM_THREADS=72 | script=train_ssa_triton.py
[launcher] rank=2/3 | cores=144-215 | OMP_NUM_THREADS=72 | script=train_ssa_triton.py
Error.  nthreads cannot be larger than environment variable "NUMEXPR_MAX_THREADS" (64)Error.  nthreads cannot be larger than environment variable "NUMEXPR_MAX_THREADS" (64)Error.  nthreads cannot be larger than environment variable "NUMEXPR_MAX_THREADS" (64)Error.  nthreads cannot be larger than environment variable "NUMEXPR_MAX_THREADS" (64)[rank: 1] Seed set to 1234
Error.  nthreads cannot be larger than environment variable "NUMEXPR_MAX_THREADS" (64)Error.  nthreads cannot be larger than environment variable "NUMEXPR_MAX_THREADS" (64)Error.  nthreads cannot be larger than environment variable "NUMEXPR_MAX_THREADS" (64)Error.  nthreads cannot be larger than environment variable "NUMEXPR_MAX_THREADS" (64)[rank: 15] Seed set to 1234
Error.  nthreads cannot be larger than environment variable "NUMEXPR_MAX_THREADS" (64)Error.  nthreads cannot be larger than environment variable "NUMEXPR_MAX_THREADS" (64)Error.  nthreads cannot be larger than environment variable "NUMEXPR_MAX_THREADS" (64)Error.  nthreads cannot be larger than environment variable "NUMEXPR_MAX_THREADS" (64)[rank: 11] Seed set to 1234
[rank: 10] Seed set to 1234
Error.  nthreads cannot be larger than environment variable "NUMEXPR_MAX_THREADS" (64)Error.  nthreads cannot be larger than environment variable "NUMEXPR_MAX_THREADS" (64)Error.  nthreads cannot be larger than environment variable "NUMEXPR_MAX_THREADS" (64)Error.  nthreads cannot be larger than environment variable "NUMEXPR_MAX_THREADS" (64)[rank: 6] Seed set to 1234
[rank: 5] Seed set to 1234
[rank: 0] Seed set to 1234
[rank: 12] Seed set to 1234
[rank: 13] Seed set to 1234
[rank: 2] Seed set to 1234
[rank: 3] Seed set to 1234
[rank: 14] Seed set to 1234
[rank: 8] Seed set to 1234
[rank: 9] Seed set to 1234
[rank: 4] Seed set to 1234
[rank: 7] Seed set to 1234
INFO:faiss.loader:Loading faiss with SVE support.
INFO:faiss.loader:Loading faiss with SVE support.
INFO:faiss.loader:Loading faiss with SVE support.
INFO:faiss.loader:Could not load library with SVE support due to:
ModuleNotFoundError("No module named 'faiss.swigfaiss_sve'")
INFO:faiss.loader:Could not load library with SVE support due to:
ModuleNotFoundError("No module named 'faiss.swigfaiss_sve'")
INFO:faiss.loader:Loading faiss.
INFO:faiss.loader:Could not load library with SVE support due to:
ModuleNotFoundError("No module named 'faiss.swigfaiss_sve'")
INFO:faiss.loader:Loading faiss.
INFO:faiss.loader:Loading faiss.
INFO:faiss.loader:Successfully loaded faiss.
INFO:faiss.loader:Successfully loaded faiss.
INFO:faiss.loader:Successfully loaded faiss.
INFO:faiss.loader:Loading faiss with SVE support.
INFO:faiss.loader:Could not load library with SVE support due to:
ModuleNotFoundError("No module named 'faiss.swigfaiss_sve'")
INFO:faiss.loader:Loading faiss.
INFO:faiss.loader:Successfully loaded faiss.
INFO:faiss.loader:Loading faiss with SVE support.
INFO:faiss.loader:Loading faiss with SVE support.
INFO:faiss.loader:Loading faiss with SVE support.
INFO:faiss.loader:Could not load library with SVE support due to:
ModuleNotFoundError("No module named 'faiss.swigfaiss_sve'")
INFO:faiss.loader:Loading faiss with SVE support.
INFO:faiss.loader:Loading faiss.
INFO:faiss.loader:Could not load library with SVE support due to:
ModuleNotFoundError("No module named 'faiss.swigfaiss_sve'")
INFO:faiss.loader:Could not load library with SVE support due to:
ModuleNotFoundError("No module named 'faiss.swigfaiss_sve'")
INFO:faiss.loader:Loading faiss.
INFO:faiss.loader:Loading faiss.
INFO:faiss.loader:Could not load library with SVE support due to:
ModuleNotFoundError("No module named 'faiss.swigfaiss_sve'")
INFO:faiss.loader:Loading faiss.
INFO:faiss.loader:Successfully loaded faiss.
INFO:faiss.loader:Successfully loaded faiss.
INFO:faiss.loader:Successfully loaded faiss.
INFO:faiss.loader:Successfully loaded faiss.
INFO:faiss.loader:Loading faiss with SVE support.
INFO:faiss.loader:Loading faiss with SVE support.
INFO:faiss.loader:Could not load library with SVE support due to:
ModuleNotFoundError("No module named 'faiss.swigfaiss_sve'")
INFO:faiss.loader:Loading faiss.
INFO:faiss.loader:Could not load library with SVE support due to:
ModuleNotFoundError("No module named 'faiss.swigfaiss_sve'")
INFO:faiss.loader:Loading faiss.
INFO:faiss.loader:Loading faiss with SVE support.
INFO:faiss.loader:Loading faiss with SVE support.
INFO:faiss.loader:Could not load library with SVE support due to:
ModuleNotFoundError("No module named 'faiss.swigfaiss_sve'")
INFO:faiss.loader:Could not load library with SVE support due to:
ModuleNotFoundError("No module named 'faiss.swigfaiss_sve'")
INFO:faiss.loader:Loading faiss.
INFO:faiss.loader:Loading faiss.
INFO:faiss.loader:Successfully loaded faiss.
INFO:faiss.loader:Successfully loaded faiss.
INFO:faiss.loader:Successfully loaded faiss.
INFO:faiss.loader:Successfully loaded faiss.
INFO:faiss.loader:Loading faiss with SVE support.
INFO:faiss.loader:Loading faiss with SVE support.
INFO:faiss.loader:Loading faiss with SVE support.
INFO:faiss.loader:Loading faiss with SVE support.
INFO:faiss.loader:Could not load library with SVE support due to:
ModuleNotFoundError("No module named 'faiss.swigfaiss_sve'")
INFO:faiss.loader:Could not load library with SVE support due to:
ModuleNotFoundError("No module named 'faiss.swigfaiss_sve'")
INFO:faiss.loader:Loading faiss.
INFO:faiss.loader:Loading faiss.
INFO:faiss.loader:Could not load library with SVE support due to:
ModuleNotFoundError("No module named 'faiss.swigfaiss_sve'")
INFO:faiss.loader:Could not load library with SVE support due to:
ModuleNotFoundError("No module named 'faiss.swigfaiss_sve'")
INFO:faiss.loader:Loading faiss.
INFO:faiss.loader:Loading faiss.
INFO:faiss.loader:Successfully loaded faiss.
INFO:faiss.loader:Successfully loaded faiss.
INFO:faiss.loader:Successfully loaded faiss.
INFO:faiss.loader:Successfully loaded faiss.
[NeMo W 2026-04-30 09:57:37 nemo_logging:405] /usr/local/lib/python3.12/dist-packages/pydub/utils.py:170: RuntimeWarning: Couldn't find ffmpeg or avconv - defaulting to ffmpeg, but may not work
      warn("Couldn't find ffmpeg or avconv - defaulting to ffmpeg, but may not work", RuntimeWarning)
    
INFO:datasets:PyTorch version 2.7.0a0+7c8ec84dab.nv25.3 available.
INFO:datasets:PyTorch version 2.7.0a0+7c8ec84dab.nv25.3 available.
INFO:datasets:PyTorch version 2.7.0a0+7c8ec84dab.nv25.3 available.
INFO:datasets:PyTorch version 2.7.0a0+7c8ec84dab.nv25.3 available.
INFO:datasets:Polars version 1.21.0 available.
INFO:datasets:Polars version 1.21.0 available.
INFO:datasets:Polars version 1.21.0 available.
INFO:datasets:Polars version 1.21.0 available.
INFO:datasets:PyTorch version 2.7.0a0+7c8ec84dab.nv25.3 available.
INFO:datasets:PyTorch version 2.7.0a0+7c8ec84dab.nv25.3 available.
INFO:datasets:PyTorch version 2.7.0a0+7c8ec84dab.nv25.3 available.
INFO:datasets:PyTorch version 2.7.0a0+7c8ec84dab.nv25.3 available.
INFO:datasets:Polars version 1.21.0 available.
INFO:datasets:Polars version 1.21.0 available.
INFO:datasets:Polars version 1.21.0 available.
INFO:datasets:Polars version 1.21.0 available.
INFO:datasets:PyTorch version 2.7.0a0+7c8ec84dab.nv25.3 available.
INFO:datasets:PyTorch version 2.7.0a0+7c8ec84dab.nv25.3 available.
INFO:datasets:PyTorch version 2.7.0a0+7c8ec84dab.nv25.3 available.
INFO:datasets:PyTorch version 2.7.0a0+7c8ec84dab.nv25.3 available.
INFO:datasets:Polars version 1.21.0 available.
INFO:datasets:Polars version 1.21.0 available.
INFO:datasets:Polars version 1.21.0 available.
INFO:datasets:Polars version 1.21.0 available.
INFO:datasets:PyTorch version 2.7.0a0+7c8ec84dab.nv25.3 available.
INFO:datasets:PyTorch version 2.7.0a0+7c8ec84dab.nv25.3 available.
INFO:datasets:PyTorch version 2.7.0a0+7c8ec84dab.nv25.3 available.
INFO:datasets:PyTorch version 2.7.0a0+7c8ec84dab.nv25.3 available.
INFO:datasets:Polars version 1.21.0 available.
INFO:datasets:Polars version 1.21.0 available.
INFO:datasets:Polars version 1.21.0 available.
INFO:datasets:Polars version 1.21.0 available.
INFO:utils:{'data_path': '/work/datasets/AI/tokens_luciole_phase1', 'total_tokens': 3002228277248, 'train': [{'name': 'claire_open_en_text_document', 'weight': 29003.0}, {'name': 'claire_open_fr_text_document', 'weight': 92129.0}, {'name': 'common-corpus_bnl-newspapers-1841-1879_fr_text_document', 'weight': 66237.0}, {'name': 'common-corpus_eurlex_multi_text_document', 'weight': 3601664.0}, {'name': 'common-corpus_gatt-library_multi_text_document', 'weight': 41322.0}, {'name': 'common-corpus_oecd_multi_text_document', 'weight': 121969.0}, {'name': 'common-corpus_tedeutenders_multi_text_document', 'weight': 31276.0}, {'name': 'common-corpus_wto_multi_text_document', 'weight': 577279.0}, {'name': 'common-pile_arxiv-abstracts_en_text_document', 'weight': 140138.0}, {'name': 'common-pile_arxiv-papers_en_text_document', 'weight': 1299034.0}, {'name': 'common-pile_biodiversity-heritage-library_en_text_document', 'weight': 107772.0}, {'name': 'common-pile_caselaw-access-project_en_text_document', 'weight': 929697.0}, {'name': 'common-pile_doab_en_text_document', 'weight': 712786.0}, {'name': 'common-pile_foodista_en_text_document', 'weight': 5603.0}, {'name': 'common-pile_github-archive_en_text_document', 'weight': 2244221.0}, {'name': 'common-pile_library-of-congress_en_text_document', 'weight': 101533.0}, {'name': 'common-pile_libretexts_en_text_document', 'weight': 21049.0}, {'name': 'common-pile_news_en_text_document', 'weight': 14354.0}, {'name': 'common-pile_oercommons_en_text_document', 'weight': 2748.0}, {'name': 'common-pile_peS2o_en_text_document', 'weight': 10166525.0}, {'name': 'common-pile_pre-1929-books_en_text_document', 'weight': 531517.0}, {'name': 'common-pile_pressbooks_en_text_document', 'weight': 31891.0}, {'name': 'common-pile_public-domain-review_en_text_document', 'weight': 382.0}, {'name': 'common-pile_pubmed_en_text_document', 'weight': 1869301.0}, {'name': 'common-pile_python-enhancement-proposals_en_text_document', 'weight': 652.0}, {'name': 'common-pile_regulations_en_text_document', 'weight': 266173.0}, {'name': 'common-pile_stackexchange_en_text_document', 'weight': 4985359.0}, {'name': 'common-pile_ubuntu-irc_en_text_document', 'weight': 482830.0}, {'name': 'common-pile_youtube_en_text_document', 'weight': 204765.0}, {'name': 'croissant-aligned_aligned_text_document', 'weight': 11618464.0}, {'name': 'culturax_fr_text_document_ratio1.30_phase0', 'weight': 57012131.0}, {'name': 'dclm-dolmino_en_text_document_ratio0.75_phase0', 'weight': 93003263.0}, {'name': 'europarl_aligned_text_document', 'weight': 215607.0}, {'name': 'europarl_multi_text_document', 'weight': 99752.0}, {'name': 'eurovoc_filtered_multi_text_document', 'weight': 2150091.0}, {'name': 'fineweb-edu_en_text_document_ratio0.75_phase0', 'weight': 214754282.0}, {'name': 'fineweb2_ar_text_document_ratio0.50_phase0', 'weight': 3350461.0}, {'name': 'fineweb2_ca_text_document_ratio0.05_phase0', 'weight': 92529.0}, {'name': 'fineweb2_de_text_document_ratio0.50_phase0', 'weight': 27173931.0}, {'name': 'fineweb2_es_text_document_ratio0.50_phase0', 'weight': 24393496.0}, {'name': 'fineweb2_fr_text_document_ratio1.30_phase0', 'weight': 50038822.0}, {'name': 'fineweb2_it_text_document_ratio0.50_phase0', 'weight': 13377940.0}, {'name': 'fineweb2_nl_text_document_ratio0.50_phase0', 'weight': 7435763.0}, {'name': 'fineweb2_pt_text_document_ratio0.50_phase0', 'weight': 9800040.0}, {'name': 'fineweb2_regional_text_document', 'weight': 2132152.0}, {'name': 'gallica_monographies_fr_text_document', 'weight': 5842786.0}, {'name': 'gallica_press_fr_text_document', 'weight': 22850320.0}, {'name': 'gutenberg_de_text_document', 'weight': 42330.0}, {'name': 'gutenberg_en_text_document', 'weight': 1187655.0}, {'name': 'gutenberg_es_text_document', 'weight': 21778.0}, {'name': 'gutenberg_fr_text_document', 'weight': 91991.0}, {'name': 'gutenberg_it_text_document', 'weight': 29909.0}, {'name': 'gutenberg_nl_text_document', 'weight': 24430.0}, {'name': 'gutenberg_pt_text_document', 'weight': 9241.0}, {'name': 'hal-cea_full-filtered_fr_text_document', 'weight': 7828031.0}, {'name': 'hplt2_fr_text_document_ratio1.30_phase0', 'weight': 70401931.0}, {'name': 'insee_fr_text_document', 'weight': 55377.0}, {'name': 'math-pile_math_text_document', 'weight': 2345197.0}, {'name': 'opendata_fr_text_document', 'weight': 2749409.0}, {'name': 'parlement_fr_text_document', 'weight': 282826.0}, {'name': 'starcoder-data_code_text_document', 'weight': 62922795.0}, {'name': 'theses_fr_text_document', 'weight': 3239718.0}, {'name': 'wikimedia-vikidia_ar_text_document', 'weight': 265451.0}, {'name': 'wikimedia-vikidia_ca_text_document_ratio0.20_phase0', 'weight': 58530.0}, {'name': 'wikimedia-vikidia_de_text_document', 'weight': 1098595.0}, {'name': 'wikimedia-vikidia_en_text_document', 'weight': 2882825.0}, {'name': 'wikimedia-vikidia_es_text_document', 'weight': 631843.0}, {'name': 'wikimedia-vikidia_fr_text_document', 'weight': 1276052.0}, {'name': 'wikimedia-vikidia_it_text_document', 'weight': 654077.0}, {'name': 'wikimedia-vikidia_pt_text_document', 'weight': 304392.0}, {'name': 'wikimedia-vikidia_regional_text_document', 'weight': 119234.0}, {'name': 'wikimedia_nl_text_document', 'weight': 345319.0}, {'name': 'youtube_fr_text_document', 'weight': 76194.0}]}
INFO:utils:{'data_path': '/work/datasets/AI/tokens_luciole_phase1', 'total_tokens': 3002228277248, 'train': [{'name': 'claire_open_en_text_document', 'weight': 29003.0}, {'name': 'claire_open_fr_text_document', 'weight': 92129.0}, {'name': 'common-corpus_bnl-newspapers-1841-1879_fr_text_document', 'weight': 66237.0}, {'name': 'common-corpus_eurlex_multi_text_document', 'weight': 3601664.0}, {'name': 'common-corpus_gatt-library_multi_text_document', 'weight': 41322.0}, {'name': 'common-corpus_oecd_multi_text_document', 'weight': 121969.0}, {'name': 'common-corpus_tedeutenders_multi_text_document', 'weight': 31276.0}, {'name': 'common-corpus_wto_multi_text_document', 'weight': 577279.0}, {'name': 'common-pile_arxiv-abstracts_en_text_document', 'weight': 140138.0}, {'name': 'common-pile_arxiv-papers_en_text_document', 'weight': 1299034.0}, {'name': 'common-pile_biodiversity-heritage-library_en_text_document', 'weight': 107772.0}, {'name': 'common-pile_caselaw-access-project_en_text_document', 'weight': 929697.0}, {'name': 'common-pile_doab_en_text_document', 'weight': 712786.0}, {'name': 'common-pile_foodista_en_text_document', 'weight': 5603.0}, {'name': 'common-pile_github-archive_en_text_document', 'weight': 2244221.0}, {'name': 'common-pile_library-of-congress_en_text_document', 'weight': 101533.0}, {'name': 'common-pile_libretexts_en_text_document', 'weight': 21049.0}, {'name': 'common-pile_news_en_text_document', 'weight': 14354.0}, {'name': 'common-pile_oercommons_en_text_document', 'weight': 2748.0}, {'name': 'common-pile_peS2o_en_text_document', 'weight': 10166525.0}, {'name': 'common-pile_pre-1929-books_en_text_document', 'weight': 531517.0}, {'name': 'common-pile_pressbooks_en_text_document', 'weight': 31891.0}, {'name': 'common-pile_public-domain-review_en_text_document', 'weight': 382.0}, {'name': 'common-pile_pubmed_en_text_document', 'weight': 1869301.0}, {'name': 'common-pile_python-enhancement-proposals_en_text_document', 'weight': 652.0}, {'name': 'common-pile_regulations_en_text_document', 'weight': 266173.0}, {'name': 'common-pile_stackexchange_en_text_document', 'weight': 4985359.0}, {'name': 'common-pile_ubuntu-irc_en_text_document', 'weight': 482830.0}, {'name': 'common-pile_youtube_en_text_document', 'weight': 204765.0}, {'name': 'croissant-aligned_aligned_text_document', 'weight': 11618464.0}, {'name': 'culturax_fr_text_document_ratio1.30_phase0', 'weight': 57012131.0}, {'name': 'dclm-dolmino_en_text_document_ratio0.75_phase0', 'weight': 93003263.0}, {'name': 'europarl_aligned_text_document', 'weight': 215607.0}, {'name': 'europarl_multi_text_document', 'weight': 99752.0}, {'name': 'eurovoc_filtered_multi_text_document', 'weight': 2150091.0}, {'name': 'fineweb-edu_en_text_document_ratio0.75_phase0', 'weight': 214754282.0}, {'name': 'fineweb2_ar_text_document_ratio0.50_phase0', 'weight': 3350461.0}, {'name': 'fineweb2_ca_text_document_ratio0.05_phase0', 'weight': 92529.0}, {'name': 'fineweb2_de_text_document_ratio0.50_phase0', 'weight': 27173931.0}, {'name': 'fineweb2_es_text_document_ratio0.50_phase0', 'weight': 24393496.0}, {'name': 'fineweb2_fr_text_document_ratio1.30_phase0', 'weight': 50038822.0}, {'name': 'fineweb2_it_text_document_ratio0.50_phase0', 'weight': 13377940.0}, {'name': 'fineweb2_nl_text_document_ratio0.50_phase0', 'weight': 7435763.0}, {'name': 'fineweb2_pt_text_document_ratio0.50_phase0', 'weight': 9800040.0}, {'name': 'fineweb2_regional_text_document', 'weight': 2132152.0}, {'name': 'gallica_monographies_fr_text_document', 'weight': 5842786.0}, {'name': 'gallica_press_fr_text_document', 'weight': 22850320.0}, {'name': 'gutenberg_de_text_document', 'weight': 42330.0}, {'name': 'gutenberg_en_text_document', 'weight': 1187655.0}, {'name': 'gutenberg_es_text_document', 'weight': 21778.0}, {'name': 'gutenberg_fr_text_document', 'weight': 91991.0}, {'name': 'gutenberg_it_text_document', 'weight': 29909.0}, {'name': 'gutenberg_nl_text_document', 'weight': 24430.0}, {'name': 'gutenberg_pt_text_document', 'weight': 9241.0}, {'name': 'hal-cea_full-filtered_fr_text_document', 'weight': 7828031.0}, {'name': 'hplt2_fr_text_document_ratio1.30_phase0', 'weight': 70401931.0}, {'name': 'insee_fr_text_document', 'weight': 55377.0}, {'name': 'math-pile_math_text_document', 'weight': 2345197.0}, {'name': 'opendata_fr_text_document', 'weight': 2749409.0}, {'name': 'parlement_fr_text_document', 'weight': 282826.0}, {'name': 'starcoder-data_code_text_document', 'weight': 62922795.0}, {'name': 'theses_fr_text_document', 'weight': 3239718.0}, {'name': 'wikimedia-vikidia_ar_text_document', 'weight': 265451.0}, {'name': 'wikimedia-vikidia_ca_text_document_ratio0.20_phase0', 'weight': 58530.0}, {'name': 'wikimedia-vikidia_de_text_document', 'weight': 1098595.0}, {'name': 'wikimedia-vikidia_en_text_document', 'weight': 2882825.0}, {'name': 'wikimedia-vikidia_es_text_document', 'weight': 631843.0}, {'name': 'wikimedia-vikidia_fr_text_document', 'weight': 1276052.0}, {'name': 'wikimedia-vikidia_it_text_document', 'weight': 654077.0}, {'name': 'wikimedia-vikidia_pt_text_document', 'weight': 304392.0}, {'name': 'wikimedia-vikidia_regional_text_document', 'weight': 119234.0}, {'name': 'wikimedia_nl_text_document', 'weight': 345319.0}, {'name': 'youtube_fr_text_document', 'weight': 76194.0}]}
INFO:utils:{'data_path': '/work/datasets/AI/tokens_luciole_phase1', 'total_tokens': 3002228277248, 'train': [{'name': 'claire_open_en_text_document', 'weight': 29003.0}, {'name': 'claire_open_fr_text_document', 'weight': 92129.0}, {'name': 'common-corpus_bnl-newspapers-1841-1879_fr_text_document', 'weight': 66237.0}, {'name': 'common-corpus_eurlex_multi_text_document', 'weight': 3601664.0}, {'name': 'common-corpus_gatt-library_multi_text_document', 'weight': 41322.0}, {'name': 'common-corpus_oecd_multi_text_document', 'weight': 121969.0}, {'name': 'common-corpus_tedeutenders_multi_text_document', 'weight': 31276.0}, {'name': 'common-corpus_wto_multi_text_document', 'weight': 577279.0}, {'name': 'common-pile_arxiv-abstracts_en_text_document', 'weight': 140138.0}, {'name': 'common-pile_arxiv-papers_en_text_document', 'weight': 1299034.0}, {'name': 'common-pile_biodiversity-heritage-library_en_text_document', 'weight': 107772.0}, {'name': 'common-pile_caselaw-access-project_en_text_document', 'weight': 929697.0}, {'name': 'common-pile_doab_en_text_document', 'weight': 712786.0}, {'name': 'common-pile_foodista_en_text_document', 'weight': 5603.0}, {'name': 'common-pile_github-archive_en_text_document', 'weight': 2244221.0}, {'name': 'common-pile_library-of-congress_en_text_document', 'weight': 101533.0}, {'name': 'common-pile_libretexts_en_text_document', 'weight': 21049.0}, {'name': 'common-pile_news_en_text_document', 'weight': 14354.0}, {'name': 'common-pile_oercommons_en_text_document', 'weight': 2748.0}, {'name': 'common-pile_peS2o_en_text_document', 'weight': 10166525.0}, {'name': 'common-pile_pre-1929-books_en_text_document', 'weight': 531517.0}, {'name': 'common-pile_pressbooks_en_text_document', 'weight': 31891.0}, {'name': 'common-pile_public-domain-review_en_text_document', 'weight': 382.0}, {'name': 'common-pile_pubmed_en_text_document', 'weight': 1869301.0}, {'name': 'common-pile_python-enhancement-proposals_en_text_document', 'weight': 652.0}, {'name': 'common-pile_regulations_en_text_document', 'weight': 266173.0}, {'name': 'common-pile_stackexchange_en_text_document', 'weight': 4985359.0}, {'name': 'common-pile_ubuntu-irc_en_text_document', 'weight': 482830.0}, {'name': 'common-pile_youtube_en_text_document', 'weight': 204765.0}, {'name': 'croissant-aligned_aligned_text_document', 'weight': 11618464.0}, {'name': 'culturax_fr_text_document_ratio1.30_phase0', 'weight': 57012131.0}, {'name': 'dclm-dolmino_en_text_document_ratio0.75_phase0', 'weight': 93003263.0}, {'name': 'europarl_aligned_text_document', 'weight': 215607.0}, {'name': 'europarl_multi_text_document', 'weight': 99752.0}, {'name': 'eurovoc_filtered_multi_text_document', 'weight': 2150091.0}, {'name': 'fineweb-edu_en_text_document_ratio0.75_phase0', 'weight': 214754282.0}, {'name': 'fineweb2_ar_text_document_ratio0.50_phase0', 'weight': 3350461.0}, {'name': 'fineweb2_ca_text_document_ratio0.05_phase0', 'weight': 92529.0}, {'name': 'fineweb2_de_text_document_ratio0.50_phase0', 'weight': 27173931.0}, {'name': 'fineweb2_es_text_document_ratio0.50_phase0', 'weight': 24393496.0}, {'name': 'fineweb2_fr_text_document_ratio1.30_phase0', 'weight': 50038822.0}, {'name': 'fineweb2_it_text_document_ratio0.50_phase0', 'weight': 13377940.0}, {'name': 'fineweb2_nl_text_document_ratio0.50_phase0', 'weight': 7435763.0}, {'name': 'fineweb2_pt_text_document_ratio0.50_phase0', 'weight': 9800040.0}, {'name': 'fineweb2_regional_text_document', 'weight': 2132152.0}, {'name': 'gallica_monographies_fr_text_document', 'weight': 5842786.0}, {'name': 'gallica_press_fr_text_document', 'weight': 22850320.0}, {'name': 'gutenberg_de_text_document', 'weight': 42330.0}, {'name': 'gutenberg_en_text_document', 'weight': 1187655.0}, {'name': 'gutenberg_es_text_document', 'weight': 21778.0}, {'name': 'gutenberg_fr_text_document', 'weight': 91991.0}, {'name': 'gutenberg_it_text_document', 'weight': 29909.0}, {'name': 'gutenberg_nl_text_document', 'weight': 24430.0}, {'name': 'gutenberg_pt_text_document', 'weight': 9241.0}, {'name': 'hal-cea_full-filtered_fr_text_document', 'weight': 7828031.0}, {'name': 'hplt2_fr_text_document_ratio1.30_phase0', 'weight': 70401931.0}, {'name': 'insee_fr_text_document', 'weight': 55377.0}, {'name': 'math-pile_math_text_document', 'weight': 2345197.0}, {'name': 'opendata_fr_text_document', 'weight': 2749409.0}, {'name': 'parlement_fr_text_document', 'weight': 282826.0}, {'name': 'starcoder-data_code_text_document', 'weight': 62922795.0}, {'name': 'theses_fr_text_document', 'weight': 3239718.0}, {'name': 'wikimedia-vikidia_ar_text_document', 'weight': 265451.0}, {'name': 'wikimedia-vikidia_ca_text_document_ratio0.20_phase0', 'weight': 58530.0}, {'name': 'wikimedia-vikidia_de_text_document', 'weight': 1098595.0}, {'name': 'wikimedia-vikidia_en_text_document', 'weight': 2882825.0}, {'name': 'wikimedia-vikidia_es_text_document', 'weight': 631843.0}, {'name': 'wikimedia-vikidia_fr_text_document', 'weight': 1276052.0}, {'name': 'wikimedia-vikidia_it_text_document', 'weight': 654077.0}, {'name': 'wikimedia-vikidia_pt_text_document', 'weight': 304392.0}, {'name': 'wikimedia-vikidia_regional_text_document', 'weight': 119234.0}, {'name': 'wikimedia_nl_text_document', 'weight': 345319.0}, {'name': 'youtube_fr_text_document', 'weight': 76194.0}]}
INFO:utils:{'data_path': '/work/datasets/AI/tokens_luciole_phase1', 'total_tokens': 3002228277248, 'train': [{'name': 'claire_open_en_text_document', 'weight': 29003.0}, {'name': 'claire_open_fr_text_document', 'weight': 92129.0}, {'name': 'common-corpus_bnl-newspapers-1841-1879_fr_text_document', 'weight': 66237.0}, {'name': 'common-corpus_eurlex_multi_text_document', 'weight': 3601664.0}, {'name': 'common-corpus_gatt-library_multi_text_document', 'weight': 41322.0}, {'name': 'common-corpus_oecd_multi_text_document', 'weight': 121969.0}, {'name': 'common-corpus_tedeutenders_multi_text_document', 'weight': 31276.0}, {'name': 'common-corpus_wto_multi_text_document', 'weight': 577279.0}, {'name': 'common-pile_arxiv-abstracts_en_text_document', 'weight': 140138.0}, {'name': 'common-pile_arxiv-papers_en_text_document', 'weight': 1299034.0}, {'name': 'common-pile_biodiversity-heritage-library_en_text_document', 'weight': 107772.0}, {'name': 'common-pile_caselaw-access-project_en_text_document', 'weight': 929697.0}, {'name': 'common-pile_doab_en_text_document', 'weight': 712786.0}, {'name': 'common-pile_foodista_en_text_document', 'weight': 5603.0}, {'name': 'common-pile_github-archive_en_text_document', 'weight': 2244221.0}, {'name': 'common-pile_library-of-congress_en_text_document', 'weight': 101533.0}, {'name': 'common-pile_libretexts_en_text_document', 'weight': 21049.0}, {'name': 'common-pile_news_en_text_document', 'weight': 14354.0}, {'name': 'common-pile_oercommons_en_text_document', 'weight': 2748.0}, {'name': 'common-pile_peS2o_en_text_document', 'weight': 10166525.0}, {'name': 'common-pile_pre-1929-books_en_text_document', 'weight': 531517.0}, {'name': 'common-pile_pressbooks_en_text_document', 'weight': 31891.0}, {'name': 'common-pile_public-domain-review_en_text_document', 'weight': 382.0}, {'name': 'common-pile_pubmed_en_text_document', 'weight': 1869301.0}, {'name': 'common-pile_python-enhancement-proposals_en_text_document', 'weight': 652.0}, {'name': 'common-pile_regulations_en_text_document', 'weight': 266173.0}, {'name': 'common-pile_stackexchange_en_text_document', 'weight': 4985359.0}, {'name': 'common-pile_ubuntu-irc_en_text_document', 'weight': 482830.0}, {'name': 'common-pile_youtube_en_text_document', 'weight': 204765.0}, {'name': 'croissant-aligned_aligned_text_document', 'weight': 11618464.0}, {'name': 'culturax_fr_text_document_ratio1.30_phase0', 'weight': 57012131.0}, {'name': 'dclm-dolmino_en_text_document_ratio0.75_phase0', 'weight': 93003263.0}, {'name': 'europarl_aligned_text_document', 'weight': 215607.0}, {'name': 'europarl_multi_text_document', 'weight': 99752.0}, {'name': 'eurovoc_filtered_multi_text_document', 'weight': 2150091.0}, {'name': 'fineweb-edu_en_text_document_ratio0.75_phase0', 'weight': 214754282.0}, {'name': 'fineweb2_ar_text_document_ratio0.50_phase0', 'weight': 3350461.0}, {'name': 'fineweb2_ca_text_document_ratio0.05_phase0', 'weight': 92529.0}, {'name': 'fineweb2_de_text_document_ratio0.50_phase0', 'weight': 27173931.0}, {'name': 'fineweb2_es_text_document_ratio0.50_phase0', 'weight': 24393496.0}, {'name': 'fineweb2_fr_text_document_ratio1.30_phase0', 'weight': 50038822.0}, {'name': 'fineweb2_it_text_document_ratio0.50_phase0', 'weight': 13377940.0}, {'name': 'fineweb2_nl_text_document_ratio0.50_phase0', 'weight': 7435763.0}, {'name': 'fineweb2_pt_text_document_ratio0.50_phase0', 'weight': 9800040.0}, {'name': 'fineweb2_regional_text_document', 'weight': 2132152.0}, {'name': 'gallica_monographies_fr_text_document', 'weight': 5842786.0}, {'name': 'gallica_press_fr_text_document', 'weight': 22850320.0}, {'name': 'gutenberg_de_text_document', 'weight': 42330.0}, {'name': 'gutenberg_en_text_document', 'weight': 1187655.0}, {'name': 'gutenberg_es_text_document', 'weight': 21778.0}, {'name': 'gutenberg_fr_text_document', 'weight': 91991.0}, {'name': 'gutenberg_it_text_document', 'weight': 29909.0}, {'name': 'gutenberg_nl_text_document', 'weight': 24430.0}, {'name': 'gutenberg_pt_text_document', 'weight': 9241.0}, {'name': 'hal-cea_full-filtered_fr_text_document', 'weight': 7828031.0}, {'name': 'hplt2_fr_text_document_ratio1.30_phase0', 'weight': 70401931.0}, {'name': 'insee_fr_text_document', 'weight': 55377.0}, {'name': 'math-pile_math_text_document', 'weight': 2345197.0}, {'name': 'opendata_fr_text_document', 'weight': 2749409.0}, {'name': 'parlement_fr_text_document', 'weight': 282826.0}, {'name': 'starcoder-data_code_text_document', 'weight': 62922795.0}, {'name': 'theses_fr_text_document', 'weight': 3239718.0}, {'name': 'wikimedia-vikidia_ar_text_document', 'weight': 265451.0}, {'name': 'wikimedia-vikidia_ca_text_document_ratio0.20_phase0', 'weight': 58530.0}, {'name': 'wikimedia-vikidia_de_text_document', 'weight': 1098595.0}, {'name': 'wikimedia-vikidia_en_text_document', 'weight': 2882825.0}, {'name': 'wikimedia-vikidia_es_text_document', 'weight': 631843.0}, {'name': 'wikimedia-vikidia_fr_text_document', 'weight': 1276052.0}, {'name': 'wikimedia-vikidia_it_text_document', 'weight': 654077.0}, {'name': 'wikimedia-vikidia_pt_text_document', 'weight': 304392.0}, {'name': 'wikimedia-vikidia_regional_text_document', 'weight': 119234.0}, {'name': 'wikimedia_nl_text_document', 'weight': 345319.0}, {'name': 'youtube_fr_text_document', 'weight': 76194.0}]}
INFO:__main__:Using CLI tokenizer override: /work/p26037/barman/tokenizer_128k-arab-regional_v2
INFO:__main__:Using CLI tokenizer override: /work/p26037/barman/tokenizer_128k-arab-regional_v2
INFO:__main__:Using CLI tokenizer override: /work/p26037/barman/tokenizer_128k-arab-regional_v2
INFO:__main__:Using CLI tokenizer override: /work/p26037/barman/tokenizer_128k-arab-regional_v2
INFO:__main__:Global batch size: 1024
INFO:__main__:Sequence length: 4096
INFO:__main__:Global batch size: 1024
INFO:__main__:Tokens per batch: 4194304
INFO:__main__:Total tokens in datamix: 3002228277248
INFO:__main__:Sequence length: 4096
INFO:__main__:Global batch size: 1024
INFO:__main__:Global training/LR horizon (from --max_steps): 715788
INFO:__main__:Tokens per batch: 4194304
INFO:__main__:Sequence length: 4096
INFO:__main__:Total tokens in datamix: 3002228277248
INFO:__main__:Global training/LR horizon (from --max_steps): 715788
INFO:__main__:Tokens per batch: 4194304
INFO:__main__:Global batch size: 1024
INFO:__main__:Total tokens in datamix: 3002228277248
INFO:__main__:Sequence length: 4096
INFO:__main__:Global training/LR horizon (from --max_steps): 715788
INFO:__main__:Tokens per batch: 4194304
INFO:__main__:Total tokens in datamix: 3002228277248
INFO:__main__:Global training/LR horizon (from --max_steps): 715788
INFO:__main__:Patched megatron.core.optimizer (accepted params: {'model_chunks', 'lr_mult', 'use_gloo_process_groups', 'config', 'no_weight_decay_cond', 'scale_lr_cond'})
INFO:__main__:Patched megatron.core.optimizer (accepted params: {'no_weight_decay_cond', 'config', 'scale_lr_cond', 'model_chunks', 'lr_mult', 'use_gloo_process_groups'})
INFO:__main__:Patched megatron.core.optimizer (accepted params: {'scale_lr_cond', 'lr_mult', 'use_gloo_process_groups', 'config', 'no_weight_decay_cond', 'model_chunks'})
INFO:__main__:Patched megatron.core.optimizer (accepted params: {'lr_mult', 'model_chunks', 'no_weight_decay_cond', 'scale_lr_cond', 'config', 'use_gloo_process_groups'})
[NeMo I 2026-04-30 09:57:41 nemo_logging:393] Getting HuggingFace AutoTokenizer with pretrained_model_name: /work/p26037/barman/tokenizer_128k-arab-regional_v2, vocab_file: None, merges_files: None, special_tokens_dict: {}, and use_fast: True
INFO:__main__:SSA Triton: Using fused Triton SSA FlashAttention triton (n=1.50, b=0.80, compiled_bda=True)
INFO:__main__:SSA Triton: force_contiguous_qkv=True
INFO:__main__:Detected checkpoint at step 341499
INFO:__main__:Continuing to absolute trainer.max_steps = 715788 (remaining this run: 374289 steps)
INFO:__main__:SSA Triton: Using fused Triton SSA FlashAttention triton (n=1.50, b=0.80, compiled_bda=True)
INFO:__main__:SSA Triton: force_contiguous_qkv=True
INFO:__main__:SSA Triton: Using fused Triton SSA FlashAttention triton (n=1.50, b=0.80, compiled_bda=True)
INFO:__main__:SSA Triton: force_contiguous_qkv=True
INFO:__main__:Detected checkpoint at step 341499
INFO:__main__:Continuing to absolute trainer.max_steps = 715788 (remaining this run: 374289 steps)
INFO:__main__:Detected checkpoint at step 341499
INFO:__main__:Continuing to absolute trainer.max_steps = 715788 (remaining this run: 374289 steps)
INFO:__main__:SSA Triton: Using fused Triton SSA FlashAttention triton (n=1.50, b=0.80, compiled_bda=True)
INFO:__main__:SSA Triton: force_contiguous_qkv=True
INFO:__main__:Detected checkpoint at step 341499
INFO:__main__:Continuing to absolute trainer.max_steps = 715788 (remaining this run: 374289 steps)
INFO:__main__:Detected vocab_size from tokenizer: 128000
INFO:__main__:LR scheduler max_steps = 715788, warmup_steps = 2000, min_lr = 2.9999999999999997e-05
INFO:__main__:Skipping Triton warmup (--skip_triton_warmup).
INFO:__main__:Detected vocab_size from tokenizer: 128000
INFO:__main__:Detected vocab_size from tokenizer: 128000
INFO:__main__:LR scheduler max_steps = 715788, warmup_steps = 2000, min_lr = 2.9999999999999997e-05
INFO:__main__:Skipping Triton warmup (--skip_triton_warmup).
INFO:__main__:LR scheduler max_steps = 715788, warmup_steps = 2000, min_lr = 2.9999999999999997e-05
INFO:__main__:Skipping Triton warmup (--skip_triton_warmup).
INFO:__main__:Detected vocab_size from tokenizer: 128000
INFO:__main__:LR scheduler max_steps = 715788, warmup_steps = 2000, min_lr = 2.9999999999999997e-05
INFO:utils:Config saved to /tmpdir/barman/bs1024_fullrun/outputs/job_17751/config_nemotron-1B-SSA-Triton-bs1024.json
INFO:__main__:Skipping Triton warmup (--skip_triton_warmup).
INFO:utils:{'data_path': '/work/datasets/AI/tokens_luciole_phase1', 'total_tokens': 3002228277248, 'train': [{'name': 'claire_open_en_text_document', 'weight': 29003.0}, {'name': 'claire_open_fr_text_document', 'weight': 92129.0}, {'name': 'common-corpus_bnl-newspapers-1841-1879_fr_text_document', 'weight': 66237.0}, {'name': 'common-corpus_eurlex_multi_text_document', 'weight': 3601664.0}, {'name': 'common-corpus_gatt-library_multi_text_document', 'weight': 41322.0}, {'name': 'common-corpus_oecd_multi_text_document', 'weight': 121969.0}, {'name': 'common-corpus_tedeutenders_multi_text_document', 'weight': 31276.0}, {'name': 'common-corpus_wto_multi_text_document', 'weight': 577279.0}, {'name': 'common-pile_arxiv-abstracts_en_text_document', 'weight': 140138.0}, {'name': 'common-pile_arxiv-papers_en_text_document', 'weight': 1299034.0}, {'name': 'common-pile_biodiversity-heritage-library_en_text_document', 'weight': 107772.0}, {'name': 'common-pile_caselaw-access-project_en_text_document', 'weight': 929697.0}, {'name': 'common-pile_doab_en_text_document', 'weight': 712786.0}, {'name': 'common-pile_foodista_en_text_document', 'weight': 5603.0}, {'name': 'common-pile_github-archive_en_text_document', 'weight': 2244221.0}, {'name': 'common-pile_library-of-congress_en_text_document', 'weight': 101533.0}, {'name': 'common-pile_libretexts_en_text_document', 'weight': 21049.0}, {'name': 'common-pile_news_en_text_document', 'weight': 14354.0}, {'name': 'common-pile_oercommons_en_text_document', 'weight': 2748.0}, {'name': 'common-pile_peS2o_en_text_document', 'weight': 10166525.0}, {'name': 'common-pile_pre-1929-books_en_text_document', 'weight': 531517.0}, {'name': 'common-pile_pressbooks_en_text_document', 'weight': 31891.0}, {'name': 'common-pile_public-domain-review_en_text_document', 'weight': 382.0}, {'name': 'common-pile_pubmed_en_text_document', 'weight': 1869301.0}, {'name': 'common-pile_python-enhancement-proposals_en_text_document', 'weight': 652.0}, {'name': 'common-pile_regulations_en_text_document', 'weight': 266173.0}, {'name': 'common-pile_stackexchange_en_text_document', 'weight': 4985359.0}, {'name': 'common-pile_ubuntu-irc_en_text_document', 'weight': 482830.0}, {'name': 'common-pile_youtube_en_text_document', 'weight': 204765.0}, {'name': 'croissant-aligned_aligned_text_document', 'weight': 11618464.0}, {'name': 'culturax_fr_text_document_ratio1.30_phase0', 'weight': 57012131.0}, {'name': 'dclm-dolmino_en_text_document_ratio0.75_phase0', 'weight': 93003263.0}, {'name': 'europarl_aligned_text_document', 'weight': 215607.0}, {'name': 'europarl_multi_text_document', 'weight': 99752.0}, {'name': 'eurovoc_filtered_multi_text_document', 'weight': 2150091.0}, {'name': 'fineweb-edu_en_text_document_ratio0.75_phase0', 'weight': 214754282.0}, {'name': 'fineweb2_ar_text_document_ratio0.50_phase0', 'weight': 3350461.0}, {'name': 'fineweb2_ca_text_document_ratio0.05_phase0', 'weight': 92529.0}, {'name': 'fineweb2_de_text_document_ratio0.50_phase0', 'weight': 27173931.0}, {'name': 'fineweb2_es_text_document_ratio0.50_phase0', 'weight': 24393496.0}, {'name': 'fineweb2_fr_text_document_ratio1.30_phase0', 'weight': 50038822.0}, {'name': 'fineweb2_it_text_document_ratio0.50_phase0', 'weight': 13377940.0}, {'name': 'fineweb2_nl_text_document_ratio0.50_phase0', 'weight': 7435763.0}, {'name': 'fineweb2_pt_text_document_ratio0.50_phase0', 'weight': 9800040.0}, {'name': 'fineweb2_regional_text_document', 'weight': 2132152.0}, {'name': 'gallica_monographies_fr_text_document', 'weight': 5842786.0}, {'name': 'gallica_press_fr_text_document', 'weight': 22850320.0}, {'name': 'gutenberg_de_text_document', 'weight': 42330.0}, {'name': 'gutenberg_en_text_document', 'weight': 1187655.0}, {'name': 'gutenberg_es_text_document', 'weight': 21778.0}, {'name': 'gutenberg_fr_text_document', 'weight': 91991.0}, {'name': 'gutenberg_it_text_document', 'weight': 29909.0}, {'name': 'gutenberg_nl_text_document', 'weight': 24430.0}, {'name': 'gutenberg_pt_text_document', 'weight': 9241.0}, {'name': 'hal-cea_full-filtered_fr_text_document', 'weight': 7828031.0}, {'name': 'hplt2_fr_text_document_ratio1.30_phase0', 'weight': 70401931.0}, {'name': 'insee_fr_text_document', 'weight': 55377.0}, {'name': 'math-pile_math_text_document', 'weight': 2345197.0}, {'name': 'opendata_fr_text_document', 'weight': 2749409.0}, {'name': 'parlement_fr_text_document', 'weight': 282826.0}, {'name': 'starcoder-data_code_text_document', 'weight': 62922795.0}, {'name': 'theses_fr_text_document', 'weight': 3239718.0}, {'name': 'wikimedia-vikidia_ar_text_document', 'weight': 265451.0}, {'name': 'wikimedia-vikidia_ca_text_document_ratio0.20_phase0', 'weight': 58530.0}, {'name': 'wikimedia-vikidia_de_text_document', 'weight': 1098595.0}, {'name': 'wikimedia-vikidia_en_text_document', 'weight': 2882825.0}, {'name': 'wikimedia-vikidia_es_text_document', 'weight': 631843.0}, {'name': 'wikimedia-vikidia_fr_text_document', 'weight': 1276052.0}, {'name': 'wikimedia-vikidia_it_text_document', 'weight': 654077.0}, {'name': 'wikimedia-vikidia_pt_text_document', 'weight': 304392.0}, {'name': 'wikimedia-vikidia_regional_text_document', 'weight': 119234.0}, {'name': 'wikimedia_nl_text_document', 'weight': 345319.0}, {'name': 'youtube_fr_text_document', 'weight': 76194.0}]}
INFO:utils:{'data_path': '/work/datasets/AI/tokens_luciole_phase1', 'total_tokens': 3002228277248, 'train': [{'name': 'claire_open_en_text_document', 'weight': 29003.0}, {'name': 'claire_open_fr_text_document', 'weight': 92129.0}, {'name': 'common-corpus_bnl-newspapers-1841-1879_fr_text_document', 'weight': 66237.0}, {'name': 'common-corpus_eurlex_multi_text_document', 'weight': 3601664.0}, {'name': 'common-corpus_gatt-library_multi_text_document', 'weight': 41322.0}, {'name': 'common-corpus_oecd_multi_text_document', 'weight': 121969.0}, {'name': 'common-corpus_tedeutenders_multi_text_document', 'weight': 31276.0}, {'name': 'common-corpus_wto_multi_text_document', 'weight': 577279.0}, {'name': 'common-pile_arxiv-abstracts_en_text_document', 'weight': 140138.0}, {'name': 'common-pile_arxiv-papers_en_text_document', 'weight': 1299034.0}, {'name': 'common-pile_biodiversity-heritage-library_en_text_document', 'weight': 107772.0}, {'name': 'common-pile_caselaw-access-project_en_text_document', 'weight': 929697.0}, {'name': 'common-pile_doab_en_text_document', 'weight': 712786.0}, {'name': 'common-pile_foodista_en_text_document', 'weight': 5603.0}, {'name': 'common-pile_github-archive_en_text_document', 'weight': 2244221.0}, {'name': 'common-pile_library-of-congress_en_text_document', 'weight': 101533.0}, {'name': 'common-pile_libretexts_en_text_document', 'weight': 21049.0}, {'name': 'common-pile_news_en_text_document', 'weight': 14354.0}, {'name': 'common-pile_oercommons_en_text_document', 'weight': 2748.0}, {'name': 'common-pile_peS2o_en_text_document', 'weight': 10166525.0}, {'name': 'common-pile_pre-1929-books_en_text_document', 'weight': 531517.0}, {'name': 'common-pile_pressbooks_en_text_document', 'weight': 31891.0}, {'name': 'common-pile_public-domain-review_en_text_document', 'weight': 382.0}, {'name': 'common-pile_pubmed_en_text_document', 'weight': 1869301.0}, {'name': 'common-pile_python-enhancement-proposals_en_text_document', 'weight': 652.0}, {'name': 'common-pile_regulations_en_text_document', 'weight': 266173.0}, {'name': 'common-pile_stackexchange_en_text_document', 'weight': 4985359.0}, {'name': 'common-pile_ubuntu-irc_en_text_document', 'weight': 482830.0}, {'name': 'common-pile_youtube_en_text_document', 'weight': 204765.0}, {'name': 'croissant-aligned_aligned_text_document', 'weight': 11618464.0}, {'name': 'culturax_fr_text_document_ratio1.30_phase0', 'weight': 57012131.0}, {'name': 'dclm-dolmino_en_text_document_ratio0.75_phase0', 'weight': 93003263.0}, {'name': 'europarl_aligned_text_document', 'weight': 215607.0}, {'name': 'europarl_multi_text_document', 'weight': 99752.0}, {'name': 'eurovoc_filtered_multi_text_document', 'weight': 2150091.0}, {'name': 'fineweb-edu_en_text_document_ratio0.75_phase0', 'weight': 214754282.0}, {'name': 'fineweb2_ar_text_document_ratio0.50_phase0', 'weight': 3350461.0}, {'name': 'fineweb2_ca_text_document_ratio0.05_phase0', 'weight': 92529.0}, {'name': 'fineweb2_de_text_document_ratio0.50_phase0', 'weight': 27173931.0}, {'name': 'fineweb2_es_text_document_ratio0.50_phase0', 'weight': 24393496.0}, {'name': 'fineweb2_fr_text_document_ratio1.30_phase0', 'weight': 50038822.0}, {'name': 'fineweb2_it_text_document_ratio0.50_phase0', 'weight': 13377940.0}, {'name': 'fineweb2_nl_text_document_ratio0.50_phase0', 'weight': 7435763.0}, {'name': 'fineweb2_pt_text_document_ratio0.50_phase0', 'weight': 9800040.0}, {'name': 'fineweb2_regional_text_document', 'weight': 2132152.0}, {'name': 'gallica_monographies_fr_text_document', 'weight': 5842786.0}, {'name': 'gallica_press_fr_text_document', 'weight': 22850320.0}, {'name': 'gutenberg_de_text_document', 'weight': 42330.0}, {'name': 'gutenberg_en_text_document', 'weight': 1187655.0}, {'name': 'gutenberg_es_text_document', 'weight': 21778.0}, {'name': 'gutenberg_fr_text_document', 'weight': 91991.0}, {'name': 'gutenberg_it_text_document', 'weight': 29909.0}, {'name': 'gutenberg_nl_text_document', 'weight': 24430.0}, {'name': 'gutenberg_pt_text_document', 'weight': 9241.0}, {'name': 'hal-cea_full-filtered_fr_text_document', 'weight': 7828031.0}, {'name': 'hplt2_fr_text_document_ratio1.30_phase0', 'weight': 70401931.0}, {'name': 'insee_fr_text_document', 'weight': 55377.0}, {'name': 'math-pile_math_text_document', 'weight': 2345197.0}, {'name': 'opendata_fr_text_document', 'weight': 2749409.0}, {'name': 'parlement_fr_text_document', 'weight': 282826.0}, {'name': 'starcoder-data_code_text_document', 'weight': 62922795.0}, {'name': 'theses_fr_text_document', 'weight': 3239718.0}, {'name': 'wikimedia-vikidia_ar_text_document', 'weight': 265451.0}, {'name': 'wikimedia-vikidia_ca_text_document_ratio0.20_phase0', 'weight': 58530.0}, {'name': 'wikimedia-vikidia_de_text_document', 'weight': 1098595.0}, {'name': 'wikimedia-vikidia_en_text_document', 'weight': 2882825.0}, {'name': 'wikimedia-vikidia_es_text_document', 'weight': 631843.0}, {'name': 'wikimedia-vikidia_fr_text_document', 'weight': 1276052.0}, {'name': 'wikimedia-vikidia_it_text_document', 'weight': 654077.0}, {'name': 'wikimedia-vikidia_pt_text_document', 'weight': 304392.0}, {'name': 'wikimedia-vikidia_regional_text_document', 'weight': 119234.0}, {'name': 'wikimedia_nl_text_document', 'weight': 345319.0}, {'name': 'youtube_fr_text_document', 'weight': 76194.0}]}
INFO:utils:{'data_path': '/work/datasets/AI/tokens_luciole_phase1', 'total_tokens': 3002228277248, 'train': [{'name': 'claire_open_en_text_document', 'weight': 29003.0}, {'name': 'claire_open_fr_text_document', 'weight': 92129.0}, {'name': 'common-corpus_bnl-newspapers-1841-1879_fr_text_document', 'weight': 66237.0}, {'name': 'common-corpus_eurlex_multi_text_document', 'weight': 3601664.0}, {'name': 'common-corpus_gatt-library_multi_text_document', 'weight': 41322.0}, {'name': 'common-corpus_oecd_multi_text_document', 'weight': 121969.0}, {'name': 'common-corpus_tedeutenders_multi_text_document', 'weight': 31276.0}, {'name': 'common-corpus_wto_multi_text_document', 'weight': 577279.0}, {'name': 'common-pile_arxiv-abstracts_en_text_document', 'weight': 140138.0}, {'name': 'common-pile_arxiv-papers_en_text_document', 'weight': 1299034.0}, {'name': 'common-pile_biodiversity-heritage-library_en_text_document', 'weight': 107772.0}, {'name': 'common-pile_caselaw-access-project_en_text_document', 'weight': 929697.0}, {'name': 'common-pile_doab_en_text_document', 'weight': 712786.0}, {'name': 'common-pile_foodista_en_text_document', 'weight': 5603.0}, {'name': 'common-pile_github-archive_en_text_document', 'weight': 2244221.0}, {'name': 'common-pile_library-of-congress_en_text_document', 'weight': 101533.0}, {'name': 'common-pile_libretexts_en_text_document', 'weight': 21049.0}, {'name': 'common-pile_news_en_text_document', 'weight': 14354.0}, {'name': 'common-pile_oercommons_en_text_document', 'weight': 2748.0}, {'name': 'common-pile_peS2o_en_text_document', 'weight': 10166525.0}, {'name': 'common-pile_pre-1929-books_en_text_document', 'weight': 531517.0}, {'name': 'common-pile_pressbooks_en_text_document', 'weight': 31891.0}, {'name': 'common-pile_public-domain-review_en_text_document', 'weight': 382.0}, {'name': 'common-pile_pubmed_en_text_document', 'weight': 1869301.0}, {'name': 'common-pile_python-enhancement-proposals_en_text_document', 'weight': 652.0}, {'name': 'common-pile_regulations_en_text_document', 'weight': 266173.0}, {'name': 'common-pile_stackexchange_en_text_document', 'weight': 4985359.0}, {'name': 'common-pile_ubuntu-irc_en_text_document', 'weight': 482830.0}, {'name': 'common-pile_youtube_en_text_document', 'weight': 204765.0}, {'name': 'croissant-aligned_aligned_text_document', 'weight': 11618464.0}, {'name': 'culturax_fr_text_document_ratio1.30_phase0', 'weight': 57012131.0}, {'name': 'dclm-dolmino_en_text_document_ratio0.75_phase0', 'weight': 93003263.0}, {'name': 'europarl_aligned_text_document', 'weight': 215607.0}, {'name': 'europarl_multi_text_document', 'weight': 99752.0}, {'name': 'eurovoc_filtered_multi_text_document', 'weight': 2150091.0}, {'name': 'fineweb-edu_en_text_document_ratio0.75_phase0', 'weight': 214754282.0}, {'name': 'fineweb2_ar_text_document_ratio0.50_phase0', 'weight': 3350461.0}, {'name': 'fineweb2_ca_text_document_ratio0.05_phase0', 'weight': 92529.0}, {'name': 'fineweb2_de_text_document_ratio0.50_phase0', 'weight': 27173931.0}, {'name': 'fineweb2_es_text_document_ratio0.50_phase0', 'weight': 24393496.0}, {'name': 'fineweb2_fr_text_document_ratio1.30_phase0', 'weight': 50038822.0}, {'name': 'fineweb2_it_text_document_ratio0.50_phase0', 'weight': 13377940.0}, {'name': 'fineweb2_nl_text_document_ratio0.50_phase0', 'weight': 7435763.0}, {'name': 'fineweb2_pt_text_document_ratio0.50_phase0', 'weight': 9800040.0}, {'name': 'fineweb2_regional_text_document', 'weight': 2132152.0}, {'name': 'gallica_monographies_fr_text_document', 'weight': 5842786.0}, {'name': 'gallica_press_fr_text_document', 'weight': 22850320.0}, {'name': 'gutenberg_de_text_document', 'weight': 42330.0}, {'name': 'gutenberg_en_text_document', 'weight': 1187655.0}, {'name': 'gutenberg_es_text_document', 'weight': 21778.0}, {'name': 'gutenberg_fr_text_document', 'weight': 91991.0}, {'name': 'gutenberg_it_text_document', 'weight': 29909.0}, {'name': 'gutenberg_nl_text_document', 'weight': 24430.0}, {'name': 'gutenberg_pt_text_document', 'weight': 9241.0}, {'name': 'hal-cea_full-filtered_fr_text_document', 'weight': 7828031.0}, {'name': 'hplt2_fr_text_document_ratio1.30_phase0', 'weight': 70401931.0}, {'name': 'insee_fr_text_document', 'weight': 55377.0}, {'name': 'math-pile_math_text_document', 'weight': 2345197.0}, {'name': 'opendata_fr_text_document', 'weight': 2749409.0}, {'name': 'parlement_fr_text_document', 'weight': 282826.0}, {'name': 'starcoder-data_code_text_document', 'weight': 62922795.0}, {'name': 'theses_fr_text_document', 'weight': 3239718.0}, {'name': 'wikimedia-vikidia_ar_text_document', 'weight': 265451.0}, {'name': 'wikimedia-vikidia_ca_text_document_ratio0.20_phase0', 'weight': 58530.0}, {'name': 'wikimedia-vikidia_de_text_document', 'weight': 1098595.0}, {'name': 'wikimedia-vikidia_en_text_document', 'weight': 2882825.0}, {'name': 'wikimedia-vikidia_es_text_document', 'weight': 631843.0}, {'name': 'wikimedia-vikidia_fr_text_document', 'weight': 1276052.0}, {'name': 'wikimedia-vikidia_it_text_document', 'weight': 654077.0}, {'name': 'wikimedia-vikidia_pt_text_document', 'weight': 304392.0}, {'name': 'wikimedia-vikidia_regional_text_document', 'weight': 119234.0}, {'name': 'wikimedia_nl_text_document', 'weight': 345319.0}, {'name': 'youtube_fr_text_document', 'weight': 76194.0}]}
INFO:utils:{'data_path': '/work/datasets/AI/tokens_luciole_phase1', 'total_tokens': 3002228277248, 'train': [{'name': 'claire_open_en_text_document', 'weight': 29003.0}, {'name': 'claire_open_fr_text_document', 'weight': 92129.0}, {'name': 'common-corpus_bnl-newspapers-1841-1879_fr_text_document', 'weight': 66237.0}, {'name': 'common-corpus_eurlex_multi_text_document', 'weight': 3601664.0}, {'name': 'common-corpus_gatt-library_multi_text_document', 'weight': 41322.0}, {'name': 'common-corpus_oecd_multi_text_document', 'weight': 121969.0}, {'name': 'common-corpus_tedeutenders_multi_text_document', 'weight': 31276.0}, {'name': 'common-corpus_wto_multi_text_document', 'weight': 577279.0}, {'name': 'common-pile_arxiv-abstracts_en_text_document', 'weight': 140138.0}, {'name': 'common-pile_arxiv-papers_en_text_document', 'weight': 1299034.0}, {'name': 'common-pile_biodiversity-heritage-library_en_text_document', 'weight': 107772.0}, {'name': 'common-pile_caselaw-access-project_en_text_document', 'weight': 929697.0}, {'name': 'common-pile_doab_en_text_document', 'weight': 712786.0}, {'name': 'common-pile_foodista_en_text_document', 'weight': 5603.0}, {'name': 'common-pile_github-archive_en_text_document', 'weight': 2244221.0}, {'name': 'common-pile_library-of-congress_en_text_document', 'weight': 101533.0}, {'name': 'common-pile_libretexts_en_text_document', 'weight': 21049.0}, {'name': 'common-pile_news_en_text_document', 'weight': 14354.0}, {'name': 'common-pile_oercommons_en_text_document', 'weight': 2748.0}, {'name': 'common-pile_peS2o_en_text_document', 'weight': 10166525.0}, {'name': 'common-pile_pre-1929-books_en_text_document', 'weight': 531517.0}, {'name': 'common-pile_pressbooks_en_text_document', 'weight': 31891.0}, {'name': 'common-pile_public-domain-review_en_text_document', 'weight': 382.0}, {'name': 'common-pile_pubmed_en_text_document', 'weight': 1869301.0}, {'name': 'common-pile_python-enhancement-proposals_en_text_document', 'weight': 652.0}, {'name': 'common-pile_regulations_en_text_document', 'weight': 266173.0}, {'name': 'common-pile_stackexchange_en_text_document', 'weight': 4985359.0}, {'name': 'common-pile_ubuntu-irc_en_text_document', 'weight': 482830.0}, {'name': 'common-pile_youtube_en_text_document', 'weight': 204765.0}, {'name': 'croissant-aligned_aligned_text_document', 'weight': 11618464.0}, {'name': 'culturax_fr_text_document_ratio1.30_phase0', 'weight': 57012131.0}, {'name': 'dclm-dolmino_en_text_document_ratio0.75_phase0', 'weight': 93003263.0}, {'name': 'europarl_aligned_text_document', 'weight': 215607.0}, {'name': 'europarl_multi_text_document', 'weight': 99752.0}, {'name': 'eurovoc_filtered_multi_text_document', 'weight': 2150091.0}, {'name': 'fineweb-edu_en_text_document_ratio0.75_phase0', 'weight': 214754282.0}, {'name': 'fineweb2_ar_text_document_ratio0.50_phase0', 'weight': 3350461.0}, {'name': 'fineweb2_ca_text_document_ratio0.05_phase0', 'weight': 92529.0}, {'name': 'fineweb2_de_text_document_ratio0.50_phase0', 'weight': 27173931.0}, {'name': 'fineweb2_es_text_document_ratio0.50_phase0', 'weight': 24393496.0}, {'name': 'fineweb2_fr_text_document_ratio1.30_phase0', 'weight': 50038822.0}, {'name': 'fineweb2_it_text_document_ratio0.50_phase0', 'weight': 13377940.0}, {'name': 'fineweb2_nl_text_document_ratio0.50_phase0', 'weight': 7435763.0}, {'name': 'fineweb2_pt_text_document_ratio0.50_phase0', 'weight': 9800040.0}, {'name': 'fineweb2_regional_text_document', 'weight': 2132152.0}, {'name': 'gallica_monographies_fr_text_document', 'weight': 5842786.0}, {'name': 'gallica_press_fr_text_document', 'weight': 22850320.0}, {'name': 'gutenberg_de_text_document', 'weight': 42330.0}, {'name': 'gutenberg_en_text_document', 'weight': 1187655.0}, {'name': 'gutenberg_es_text_document', 'weight': 21778.0}, {'name': 'gutenberg_fr_text_document', 'weight': 91991.0}, {'name': 'gutenberg_it_text_document', 'weight': 29909.0}, {'name': 'gutenberg_nl_text_document', 'weight': 24430.0}, {'name': 'gutenberg_pt_text_document', 'weight': 9241.0}, {'name': 'hal-cea_full-filtered_fr_text_document', 'weight': 7828031.0}, {'name': 'hplt2_fr_text_document_ratio1.30_phase0', 'weight': 70401931.0}, {'name': 'insee_fr_text_document', 'weight': 55377.0}, {'name': 'math-pile_math_text_document', 'weight': 2345197.0}, {'name': 'opendata_fr_text_document', 'weight': 2749409.0}, {'name': 'parlement_fr_text_document', 'weight': 282826.0}, {'name': 'starcoder-data_code_text_document', 'weight': 62922795.0}, {'name': 'theses_fr_text_document', 'weight': 3239718.0}, {'name': 'wikimedia-vikidia_ar_text_document', 'weight': 265451.0}, {'name': 'wikimedia-vikidia_ca_text_document_ratio0.20_phase0', 'weight': 58530.0}, {'name': 'wikimedia-vikidia_de_text_document', 'weight': 1098595.0}, {'name': 'wikimedia-vikidia_en_text_document', 'weight': 2882825.0}, {'name': 'wikimedia-vikidia_es_text_document', 'weight': 631843.0}, {'name': 'wikimedia-vikidia_fr_text_document', 'weight': 1276052.0}, {'name': 'wikimedia-vikidia_it_text_document', 'weight': 654077.0}, {'name': 'wikimedia-vikidia_pt_text_document', 'weight': 304392.0}, {'name': 'wikimedia-vikidia_regional_text_document', 'weight': 119234.0}, {'name': 'wikimedia_nl_text_document', 'weight': 345319.0}, {'name': 'youtube_fr_text_document', 'weight': 76194.0}]}
INFO:__main__:Using CLI tokenizer override: /work/p26037/barman/tokenizer_128k-arab-regional_v2
INFO:__main__:Using CLI tokenizer override: /work/p26037/barman/tokenizer_128k-arab-regional_v2
INFO:__main__:Using CLI tokenizer override: /work/p26037/barman/tokenizer_128k-arab-regional_v2
INFO:__main__:Using CLI tokenizer override: /work/p26037/barman/tokenizer_128k-arab-regional_v2
INFO:__main__:Global batch size: 1024
INFO:__main__:Global batch size: 1024
INFO:__main__:Sequence length: 4096
INFO:__main__:Tokens per batch: 4194304
INFO:__main__:Sequence length: 4096
INFO:__main__:Total tokens in datamix: 3002228277248
INFO:__main__:Tokens per batch: 4194304
INFO:__main__:Global training/LR horizon (from --max_steps): 715788
INFO:__main__:Total tokens in datamix: 3002228277248
INFO:__main__:Global training/LR horizon (from --max_steps): 715788
INFO:__main__:Global batch size: 1024
INFO:__main__:Global batch size: 1024
INFO:__main__:Sequence length: 4096
INFO:__main__:Sequence length: 4096
INFO:__main__:Tokens per batch: 4194304
INFO:__main__:Tokens per batch: 4194304
INFO:__main__:Total tokens in datamix: 3002228277248
INFO:__main__:Total tokens in datamix: 3002228277248
INFO:__main__:Global training/LR horizon (from --max_steps): 715788
INFO:__main__:Global training/LR horizon (from --max_steps): 715788
INFO:__main__:Patched megatron.core.optimizer (accepted params: {'no_weight_decay_cond', 'lr_mult', 'use_gloo_process_groups', 'config', 'scale_lr_cond', 'model_chunks'})
INFO:__main__:Patched megatron.core.optimizer (accepted params: {'use_gloo_process_groups', 'config', 'scale_lr_cond', 'lr_mult', 'model_chunks', 'no_weight_decay_cond'})
INFO:__main__:Patched megatron.core.optimizer (accepted params: {'model_chunks', 'scale_lr_cond', 'lr_mult', 'config', 'no_weight_decay_cond', 'use_gloo_process_groups'})
INFO:__main__:Patched megatron.core.optimizer (accepted params: {'use_gloo_process_groups', 'lr_mult', 'model_chunks', 'config', 'scale_lr_cond', 'no_weight_decay_cond'})
INFO:__main__:SSA Triton: Using fused Triton SSA FlashAttention triton (n=1.50, b=0.80, compiled_bda=True)
INFO:__main__:SSA Triton: force_contiguous_qkv=True
INFO:__main__:SSA Triton: Using fused Triton SSA FlashAttention triton (n=1.50, b=0.80, compiled_bda=True)
INFO:__main__:SSA Triton: force_contiguous_qkv=True
INFO:__main__:SSA Triton: Using fused Triton SSA FlashAttention triton (n=1.50, b=0.80, compiled_bda=True)
INFO:__main__:SSA Triton: force_contiguous_qkv=True
INFO:__main__:Detected checkpoint at step 341499
INFO:__main__:Continuing to absolute trainer.max_steps = 715788 (remaining this run: 374289 steps)
INFO:__main__:Detected checkpoint at step 341499
INFO:__main__:Continuing to absolute trainer.max_steps = 715788 (remaining this run: 374289 steps)
INFO:__main__:Detected checkpoint at step 341499
INFO:__main__:Continuing to absolute trainer.max_steps = 715788 (remaining this run: 374289 steps)
INFO:__main__:SSA Triton: Using fused Triton SSA FlashAttention triton (n=1.50, b=0.80, compiled_bda=True)
INFO:__main__:SSA Triton: force_contiguous_qkv=True
INFO: GPU available: True (cuda), used: True
INFO:lightning.pytorch.utilities.rank_zero:GPU available: True (cuda), used: True
INFO:__main__:Detected checkpoint at step 341499
INFO:__main__:Continuing to absolute trainer.max_steps = 715788 (remaining this run: 374289 steps)
INFO: TPU available: False, using: 0 TPU cores
INFO:lightning.pytorch.utilities.rank_zero:TPU available: False, using: 0 TPU cores
INFO: HPU available: False, using: 0 HPUs
INFO:lightning.pytorch.utilities.rank_zero:HPU available: False, using: 0 HPUs
[NeMo W 2026-04-30 09:57:42 nemo_logging:405] No version folders would be created under the log folder as 'resume_if_exists' is enabled.
[NeMo I 2026-04-30 09:57:42 nemo_logging:393] Experiments will be logged at /tmpdir/barman/bs1024_fullrun/outputs/nemotron-1B-SSA-Triton-bs1024
[NeMo W 2026-04-30 09:57:42 nemo_logging:405] "update_logger_directory" is True. Overwriting tensorboard logger "save_dir" to /tmpdir/barman/bs1024_fullrun/outputs/tb_logs
[NeMo W 2026-04-30 09:57:42 nemo_logging:405] The Trainer already contains a ModelCheckpoint callback. This will be overwritten.
INFO:__main__:Detected vocab_size from tokenizer: 128000
INFO:__main__:Detected vocab_size from tokenizer: 128000
INFO:__main__:Detected vocab_size from tokenizer: 128000
INFO:__main__:LR scheduler max_steps = 715788, warmup_steps = 2000, min_lr = 2.9999999999999997e-05
INFO:__main__:LR scheduler max_steps = 715788, warmup_steps = 2000, min_lr = 2.9999999999999997e-05
INFO:__main__:LR scheduler max_steps = 715788, warmup_steps = 2000, min_lr = 2.9999999999999997e-05
INFO:__main__:Skipping Triton warmup (--skip_triton_warmup).
INFO:__main__:Skipping Triton warmup (--skip_triton_warmup).
INFO:__main__:Skipping Triton warmup (--skip_triton_warmup).
INFO:__main__:Detected vocab_size from tokenizer: 128000
INFO:__main__:LR scheduler max_steps = 715788, warmup_steps = 2000, min_lr = 2.9999999999999997e-05
INFO:__main__:Skipping Triton warmup (--skip_triton_warmup).
[NeMo I 2026-04-30 09:57:42 nemo_logging:393] Fixing mis-match between ddp-config & mcore-optimizer config
[NeMo I 2026-04-30 09:57:42 nemo_logging:393] Rank 0 has data parallel group : [0, 1, 2, 3, 4, 5, 6, 7, 8, 9, 10, 11, 12, 13, 14, 15]
[NeMo I 2026-04-30 09:57:42 nemo_logging:393] Rank 0 has combined group of data parallel and context parallel : [0, 1, 2, 3, 4, 5, 6, 7, 8, 9, 10, 11, 12, 13, 14, 15]
[NeMo I 2026-04-30 09:57:42 nemo_logging:393] All data parallel group ranks with context parallel combined: [[0, 1, 2, 3, 4, 5, 6, 7, 8, 9, 10, 11, 12, 13, 14, 15]]
[NeMo I 2026-04-30 09:57:42 nemo_logging:393] Ranks 0 has data parallel rank: 0
[NeMo I 2026-04-30 09:57:42 nemo_logging:393] Rank 0 has context parallel group: [0]
[NeMo I 2026-04-30 09:57:42 nemo_logging:393] All context parallel group ranks: [[0], [1], [2], [3], [4], [5], [6], [7], [8], [9], [10], [11], [12], [13], [14], [15]]
[NeMo I 2026-04-30 09:57:42 nemo_logging:393] Ranks 0 has context parallel rank: 0
[NeMo I 2026-04-30 09:57:42 nemo_logging:393] Rank 0 has model parallel group: [0]
[NeMo I 2026-04-30 09:57:42 nemo_logging:393] All model parallel group ranks: [[0], [1], [2], [3], [4], [5], [6], [7], [8], [9], [10], [11], [12], [13], [14], [15]]
[NeMo I 2026-04-30 09:57:42 nemo_logging:393] Rank 0 has tensor model parallel group: [0]
[NeMo I 2026-04-30 09:57:42 nemo_logging:393] All tensor model parallel group ranks: [[0], [1], [2], [3], [4], [5], [6], [7], [8], [9], [10], [11], [12], [13], [14], [15]]
[NeMo I 2026-04-30 09:57:42 nemo_logging:393] Rank 0 has tensor model parallel rank: 0
[NeMo I 2026-04-30 09:57:42 nemo_logging:393] Rank 0 has pipeline model parallel group: [0]
[NeMo I 2026-04-30 09:57:42 nemo_logging:393] Rank 0 has embedding group: [0]
[NeMo I 2026-04-30 09:57:42 nemo_logging:393] All pipeline model parallel group ranks: [[0], [1], [2], [3], [4], [5], [6], [7], [8], [9], [10], [11], [12], [13], [14], [15]]
[NeMo I 2026-04-30 09:57:42 nemo_logging:393] Rank 0 has pipeline model parallel rank 0
[NeMo I 2026-04-30 09:57:42 nemo_logging:393] All embedding group ranks: [[0], [1], [2], [3], [4], [5], [6], [7], [8], [9], [10], [11], [12], [13], [14], [15]]
[NeMo I 2026-04-30 09:57:42 nemo_logging:393] Rank 0 has embedding rank: 0
INFO:nemo.lightning.pytorch.strategies.megatron_strategy:Initializing distributed: GLOBAL_RANK: 0, MEMBER: 1/16
[W430 09:57:42.505736170 socket.cpp:755] [c10d] The client socket cannot be initialized to connect to [kairosgh4.calmip.cluster]:33249 (errno: 97 - Address family not supported by protocol).
INFO: ----------------------------------------------------------------------------------------------------
distributed_backend=nccl
All distributed processes registered. Starting with 16 processes
----------------------------------------------------------------------------------------------------

INFO:lightning.pytorch.utilities.rank_zero:----------------------------------------------------------------------------------------------------
distributed_backend=nccl
All distributed processes registered. Starting with 16 processes
----------------------------------------------------------------------------------------------------

INFO:utils:{'data_path': '/work/datasets/AI/tokens_luciole_phase1', 'total_tokens': 3002228277248, 'train': [{'name': 'claire_open_en_text_document', 'weight': 29003.0}, {'name': 'claire_open_fr_text_document', 'weight': 92129.0}, {'name': 'common-corpus_bnl-newspapers-1841-1879_fr_text_document', 'weight': 66237.0}, {'name': 'common-corpus_eurlex_multi_text_document', 'weight': 3601664.0}, {'name': 'common-corpus_gatt-library_multi_text_document', 'weight': 41322.0}, {'name': 'common-corpus_oecd_multi_text_document', 'weight': 121969.0}, {'name': 'common-corpus_tedeutenders_multi_text_document', 'weight': 31276.0}, {'name': 'common-corpus_wto_multi_text_document', 'weight': 577279.0}, {'name': 'common-pile_arxiv-abstracts_en_text_document', 'weight': 140138.0}, {'name': 'common-pile_arxiv-papers_en_text_document', 'weight': 1299034.0}, {'name': 'common-pile_biodiversity-heritage-library_en_text_document', 'weight': 107772.0}, {'name': 'common-pile_caselaw-access-project_en_text_document', 'weight': 929697.0}, {'name': 'common-pile_doab_en_text_document', 'weight': 712786.0}, {'name': 'common-pile_foodista_en_text_document', 'weight': 5603.0}, {'name': 'common-pile_github-archive_en_text_document', 'weight': 2244221.0}, {'name': 'common-pile_library-of-congress_en_text_document', 'weight': 101533.0}, {'name': 'common-pile_libretexts_en_text_document', 'weight': 21049.0}, {'name': 'common-pile_news_en_text_document', 'weight': 14354.0}, {'name': 'common-pile_oercommons_en_text_document', 'weight': 2748.0}, {'name': 'common-pile_peS2o_en_text_document', 'weight': 10166525.0}, {'name': 'common-pile_pre-1929-books_en_text_document', 'weight': 531517.0}, {'name': 'common-pile_pressbooks_en_text_document', 'weight': 31891.0}, {'name': 'common-pile_public-domain-review_en_text_document', 'weight': 382.0}, {'name': 'common-pile_pubmed_en_text_document', 'weight': 1869301.0}, {'name': 'common-pile_python-enhancement-proposals_en_text_document', 'weight': 652.0}, {'name': 'common-pile_regulations_en_text_document', 'weight': 266173.0}, {'name': 'common-pile_stackexchange_en_text_document', 'weight': 4985359.0}, {'name': 'common-pile_ubuntu-irc_en_text_document', 'weight': 482830.0}, {'name': 'common-pile_youtube_en_text_document', 'weight': 204765.0}, {'name': 'croissant-aligned_aligned_text_document', 'weight': 11618464.0}, {'name': 'culturax_fr_text_document_ratio1.30_phase0', 'weight': 57012131.0}, {'name': 'dclm-dolmino_en_text_document_ratio0.75_phase0', 'weight': 93003263.0}, {'name': 'europarl_aligned_text_document', 'weight': 215607.0}, {'name': 'europarl_multi_text_document', 'weight': 99752.0}, {'name': 'eurovoc_filtered_multi_text_document', 'weight': 2150091.0}, {'name': 'fineweb-edu_en_text_document_ratio0.75_phase0', 'weight': 214754282.0}, {'name': 'fineweb2_ar_text_document_ratio0.50_phase0', 'weight': 3350461.0}, {'name': 'fineweb2_ca_text_document_ratio0.05_phase0', 'weight': 92529.0}, {'name': 'fineweb2_de_text_document_ratio0.50_phase0', 'weight': 27173931.0}, {'name': 'fineweb2_es_text_document_ratio0.50_phase0', 'weight': 24393496.0}, {'name': 'fineweb2_fr_text_document_ratio1.30_phase0', 'weight': 50038822.0}, {'name': 'fineweb2_it_text_document_ratio0.50_phase0', 'weight': 13377940.0}, {'name': 'fineweb2_nl_text_document_ratio0.50_phase0', 'weight': 7435763.0}, {'name': 'fineweb2_pt_text_document_ratio0.50_phase0', 'weight': 9800040.0}, {'name': 'fineweb2_regional_text_document', 'weight': 2132152.0}, {'name': 'gallica_monographies_fr_text_document', 'weight': 5842786.0}, {'name': 'gallica_press_fr_text_document', 'weight': 22850320.0}, {'name': 'gutenberg_de_text_document', 'weight': 42330.0}, {'name': 'gutenberg_en_text_document', 'weight': 1187655.0}, {'name': 'gutenberg_es_text_document', 'weight': 21778.0}, {'name': 'gutenberg_fr_text_document', 'weight': 91991.0}, {'name': 'gutenberg_it_text_document', 'weight': 29909.0}, {'name': 'gutenberg_nl_text_document', 'weight': 24430.0}, {'name': 'gutenberg_pt_text_document', 'weight': 9241.0}, {'name': 'hal-cea_full-filtered_fr_text_document', 'weight': 7828031.0}, {'name': 'hplt2_fr_text_document_ratio1.30_phase0', 'weight': 70401931.0}, {'name': 'insee_fr_text_document', 'weight': 55377.0}, {'name': 'math-pile_math_text_document', 'weight': 2345197.0}, {'name': 'opendata_fr_text_document', 'weight': 2749409.0}, {'name': 'parlement_fr_text_document', 'weight': 282826.0}, {'name': 'starcoder-data_code_text_document', 'weight': 62922795.0}, {'name': 'theses_fr_text_document', 'weight': 3239718.0}, {'name': 'wikimedia-vikidia_ar_text_document', 'weight': 265451.0}, {'name': 'wikimedia-vikidia_ca_text_document_ratio0.20_phase0', 'weight': 58530.0}, {'name': 'wikimedia-vikidia_de_text_document', 'weight': 1098595.0}, {'name': 'wikimedia-vikidia_en_text_document', 'weight': 2882825.0}, {'name': 'wikimedia-vikidia_es_text_document', 'weight': 631843.0}, {'name': 'wikimedia-vikidia_fr_text_document', 'weight': 1276052.0}, {'name': 'wikimedia-vikidia_it_text_document', 'weight': 654077.0}, {'name': 'wikimedia-vikidia_pt_text_document', 'weight': 304392.0}, {'name': 'wikimedia-vikidia_regional_text_document', 'weight': 119234.0}, {'name': 'wikimedia_nl_text_document', 'weight': 345319.0}, {'name': 'youtube_fr_text_document', 'weight': 76194.0}]}
INFO:utils:{'data_path': '/work/datasets/AI/tokens_luciole_phase1', 'total_tokens': 3002228277248, 'train': [{'name': 'claire_open_en_text_document', 'weight': 29003.0}, {'name': 'claire_open_fr_text_document', 'weight': 92129.0}, {'name': 'common-corpus_bnl-newspapers-1841-1879_fr_text_document', 'weight': 66237.0}, {'name': 'common-corpus_eurlex_multi_text_document', 'weight': 3601664.0}, {'name': 'common-corpus_gatt-library_multi_text_document', 'weight': 41322.0}, {'name': 'common-corpus_oecd_multi_text_document', 'weight': 121969.0}, {'name': 'common-corpus_tedeutenders_multi_text_document', 'weight': 31276.0}, {'name': 'common-corpus_wto_multi_text_document', 'weight': 577279.0}, {'name': 'common-pile_arxiv-abstracts_en_text_document', 'weight': 140138.0}, {'name': 'common-pile_arxiv-papers_en_text_document', 'weight': 1299034.0}, {'name': 'common-pile_biodiversity-heritage-library_en_text_document', 'weight': 107772.0}, {'name': 'common-pile_caselaw-access-project_en_text_document', 'weight': 929697.0}, {'name': 'common-pile_doab_en_text_document', 'weight': 712786.0}, {'name': 'common-pile_foodista_en_text_document', 'weight': 5603.0}, {'name': 'common-pile_github-archive_en_text_document', 'weight': 2244221.0}, {'name': 'common-pile_library-of-congress_en_text_document', 'weight': 101533.0}, {'name': 'common-pile_libretexts_en_text_document', 'weight': 21049.0}, {'name': 'common-pile_news_en_text_document', 'weight': 14354.0}, {'name': 'common-pile_oercommons_en_text_document', 'weight': 2748.0}, {'name': 'common-pile_peS2o_en_text_document', 'weight': 10166525.0}, {'name': 'common-pile_pre-1929-books_en_text_document', 'weight': 531517.0}, {'name': 'common-pile_pressbooks_en_text_document', 'weight': 31891.0}, {'name': 'common-pile_public-domain-review_en_text_document', 'weight': 382.0}, {'name': 'common-pile_pubmed_en_text_document', 'weight': 1869301.0}, {'name': 'common-pile_python-enhancement-proposals_en_text_document', 'weight': 652.0}, {'name': 'common-pile_regulations_en_text_document', 'weight': 266173.0}, {'name': 'common-pile_stackexchange_en_text_document', 'weight': 4985359.0}, {'name': 'common-pile_ubuntu-irc_en_text_document', 'weight': 482830.0}, {'name': 'common-pile_youtube_en_text_document', 'weight': 204765.0}, {'name': 'croissant-aligned_aligned_text_document', 'weight': 11618464.0}, {'name': 'culturax_fr_text_document_ratio1.30_phase0', 'weight': 57012131.0}, {'name': 'dclm-dolmino_en_text_document_ratio0.75_phase0', 'weight': 93003263.0}, {'name': 'europarl_aligned_text_document', 'weight': 215607.0}, {'name': 'europarl_multi_text_document', 'weight': 99752.0}, {'name': 'eurovoc_filtered_multi_text_document', 'weight': 2150091.0}, {'name': 'fineweb-edu_en_text_document_ratio0.75_phase0', 'weight': 214754282.0}, {'name': 'fineweb2_ar_text_document_ratio0.50_phase0', 'weight': 3350461.0}, {'name': 'fineweb2_ca_text_document_ratio0.05_phase0', 'weight': 92529.0}, {'name': 'fineweb2_de_text_document_ratio0.50_phase0', 'weight': 27173931.0}, {'name': 'fineweb2_es_text_document_ratio0.50_phase0', 'weight': 24393496.0}, {'name': 'fineweb2_fr_text_document_ratio1.30_phase0', 'weight': 50038822.0}, {'name': 'fineweb2_it_text_document_ratio0.50_phase0', 'weight': 13377940.0}, {'name': 'fineweb2_nl_text_document_ratio0.50_phase0', 'weight': 7435763.0}, {'name': 'fineweb2_pt_text_document_ratio0.50_phase0', 'weight': 9800040.0}, {'name': 'fineweb2_regional_text_document', 'weight': 2132152.0}, {'name': 'gallica_monographies_fr_text_document', 'weight': 5842786.0}, {'name': 'gallica_press_fr_text_document', 'weight': 22850320.0}, {'name': 'gutenberg_de_text_document', 'weight': 42330.0}, {'name': 'gutenberg_en_text_document', 'weight': 1187655.0}, {'name': 'gutenberg_es_text_document', 'weight': 21778.0}, {'name': 'gutenberg_fr_text_document', 'weight': 91991.0}, {'name': 'gutenberg_it_text_document', 'weight': 29909.0}, {'name': 'gutenberg_nl_text_document', 'weight': 24430.0}, {'name': 'gutenberg_pt_text_document', 'weight': 9241.0}, {'name': 'hal-cea_full-filtered_fr_text_document', 'weight': 7828031.0}, {'name': 'hplt2_fr_text_document_ratio1.30_phase0', 'weight': 70401931.0}, {'name': 'insee_fr_text_document', 'weight': 55377.0}, {'name': 'math-pile_math_text_document', 'weight': 2345197.0}, {'name': 'opendata_fr_text_document', 'weight': 2749409.0}, {'name': 'parlement_fr_text_document', 'weight': 282826.0}, {'name': 'starcoder-data_code_text_document', 'weight': 62922795.0}, {'name': 'theses_fr_text_document', 'weight': 3239718.0}, {'name': 'wikimedia-vikidia_ar_text_document', 'weight': 265451.0}, {'name': 'wikimedia-vikidia_ca_text_document_ratio0.20_phase0', 'weight': 58530.0}, {'name': 'wikimedia-vikidia_de_text_document', 'weight': 1098595.0}, {'name': 'wikimedia-vikidia_en_text_document', 'weight': 2882825.0}, {'name': 'wikimedia-vikidia_es_text_document', 'weight': 631843.0}, {'name': 'wikimedia-vikidia_fr_text_document', 'weight': 1276052.0}, {'name': 'wikimedia-vikidia_it_text_document', 'weight': 654077.0}, {'name': 'wikimedia-vikidia_pt_text_document', 'weight': 304392.0}, {'name': 'wikimedia-vikidia_regional_text_document', 'weight': 119234.0}, {'name': 'wikimedia_nl_text_document', 'weight': 345319.0}, {'name': 'youtube_fr_text_document', 'weight': 76194.0}]}
INFO:utils:{'data_path': '/work/datasets/AI/tokens_luciole_phase1', 'total_tokens': 3002228277248, 'train': [{'name': 'claire_open_en_text_document', 'weight': 29003.0}, {'name': 'claire_open_fr_text_document', 'weight': 92129.0}, {'name': 'common-corpus_bnl-newspapers-1841-1879_fr_text_document', 'weight': 66237.0}, {'name': 'common-corpus_eurlex_multi_text_document', 'weight': 3601664.0}, {'name': 'common-corpus_gatt-library_multi_text_document', 'weight': 41322.0}, {'name': 'common-corpus_oecd_multi_text_document', 'weight': 121969.0}, {'name': 'common-corpus_tedeutenders_multi_text_document', 'weight': 31276.0}, {'name': 'common-corpus_wto_multi_text_document', 'weight': 577279.0}, {'name': 'common-pile_arxiv-abstracts_en_text_document', 'weight': 140138.0}, {'name': 'common-pile_arxiv-papers_en_text_document', 'weight': 1299034.0}, {'name': 'common-pile_biodiversity-heritage-library_en_text_document', 'weight': 107772.0}, {'name': 'common-pile_caselaw-access-project_en_text_document', 'weight': 929697.0}, {'name': 'common-pile_doab_en_text_document', 'weight': 712786.0}, {'name': 'common-pile_foodista_en_text_document', 'weight': 5603.0}, {'name': 'common-pile_github-archive_en_text_document', 'weight': 2244221.0}, {'name': 'common-pile_library-of-congress_en_text_document', 'weight': 101533.0}, {'name': 'common-pile_libretexts_en_text_document', 'weight': 21049.0}, {'name': 'common-pile_news_en_text_document', 'weight': 14354.0}, {'name': 'common-pile_oercommons_en_text_document', 'weight': 2748.0}, {'name': 'common-pile_peS2o_en_text_document', 'weight': 10166525.0}, {'name': 'common-pile_pre-1929-books_en_text_document', 'weight': 531517.0}, {'name': 'common-pile_pressbooks_en_text_document', 'weight': 31891.0}, {'name': 'common-pile_public-domain-review_en_text_document', 'weight': 382.0}, {'name': 'common-pile_pubmed_en_text_document', 'weight': 1869301.0}, {'name': 'common-pile_python-enhancement-proposals_en_text_document', 'weight': 652.0}, {'name': 'common-pile_regulations_en_text_document', 'weight': 266173.0}, {'name': 'common-pile_stackexchange_en_text_document', 'weight': 4985359.0}, {'name': 'common-pile_ubuntu-irc_en_text_document', 'weight': 482830.0}, {'name': 'common-pile_youtube_en_text_document', 'weight': 204765.0}, {'name': 'croissant-aligned_aligned_text_document', 'weight': 11618464.0}, {'name': 'culturax_fr_text_document_ratio1.30_phase0', 'weight': 57012131.0}, {'name': 'dclm-dolmino_en_text_document_ratio0.75_phase0', 'weight': 93003263.0}, {'name': 'europarl_aligned_text_document', 'weight': 215607.0}, {'name': 'europarl_multi_text_document', 'weight': 99752.0}, {'name': 'eurovoc_filtered_multi_text_document', 'weight': 2150091.0}, {'name': 'fineweb-edu_en_text_document_ratio0.75_phase0', 'weight': 214754282.0}, {'name': 'fineweb2_ar_text_document_ratio0.50_phase0', 'weight': 3350461.0}, {'name': 'fineweb2_ca_text_document_ratio0.05_phase0', 'weight': 92529.0}, {'name': 'fineweb2_de_text_document_ratio0.50_phase0', 'weight': 27173931.0}, {'name': 'fineweb2_es_text_document_ratio0.50_phase0', 'weight': 24393496.0}, {'name': 'fineweb2_fr_text_document_ratio1.30_phase0', 'weight': 50038822.0}, {'name': 'fineweb2_it_text_document_ratio0.50_phase0', 'weight': 13377940.0}, {'name': 'fineweb2_nl_text_document_ratio0.50_phase0', 'weight': 7435763.0}, {'name': 'fineweb2_pt_text_document_ratio0.50_phase0', 'weight': 9800040.0}, {'name': 'fineweb2_regional_text_document', 'weight': 2132152.0}, {'name': 'gallica_monographies_fr_text_document', 'weight': 5842786.0}, {'name': 'gallica_press_fr_text_document', 'weight': 22850320.0}, {'name': 'gutenberg_de_text_document', 'weight': 42330.0}, {'name': 'gutenberg_en_text_document', 'weight': 1187655.0}, {'name': 'gutenberg_es_text_document', 'weight': 21778.0}, {'name': 'gutenberg_fr_text_document', 'weight': 91991.0}, {'name': 'gutenberg_it_text_document', 'weight': 29909.0}, {'name': 'gutenberg_nl_text_document', 'weight': 24430.0}, {'name': 'gutenberg_pt_text_document', 'weight': 9241.0}, {'name': 'hal-cea_full-filtered_fr_text_document', 'weight': 7828031.0}, {'name': 'hplt2_fr_text_document_ratio1.30_phase0', 'weight': 70401931.0}, {'name': 'insee_fr_text_document', 'weight': 55377.0}, {'name': 'math-pile_math_text_document', 'weight': 2345197.0}, {'name': 'opendata_fr_text_document', 'weight': 2749409.0}, {'name': 'parlement_fr_text_document', 'weight': 282826.0}, {'name': 'starcoder-data_code_text_document', 'weight': 62922795.0}, {'name': 'theses_fr_text_document', 'weight': 3239718.0}, {'name': 'wikimedia-vikidia_ar_text_document', 'weight': 265451.0}, {'name': 'wikimedia-vikidia_ca_text_document_ratio0.20_phase0', 'weight': 58530.0}, {'name': 'wikimedia-vikidia_de_text_document', 'weight': 1098595.0}, {'name': 'wikimedia-vikidia_en_text_document', 'weight': 2882825.0}, {'name': 'wikimedia-vikidia_es_text_document', 'weight': 631843.0}, {'name': 'wikimedia-vikidia_fr_text_document', 'weight': 1276052.0}, {'name': 'wikimedia-vikidia_it_text_document', 'weight': 654077.0}, {'name': 'wikimedia-vikidia_pt_text_document', 'weight': 304392.0}, {'name': 'wikimedia-vikidia_regional_text_document', 'weight': 119234.0}, {'name': 'wikimedia_nl_text_document', 'weight': 345319.0}, {'name': 'youtube_fr_text_document', 'weight': 76194.0}]}
INFO:utils:{'data_path': '/work/datasets/AI/tokens_luciole_phase1', 'total_tokens': 3002228277248, 'train': [{'name': 'claire_open_en_text_document', 'weight': 29003.0}, {'name': 'claire_open_fr_text_document', 'weight': 92129.0}, {'name': 'common-corpus_bnl-newspapers-1841-1879_fr_text_document', 'weight': 66237.0}, {'name': 'common-corpus_eurlex_multi_text_document', 'weight': 3601664.0}, {'name': 'common-corpus_gatt-library_multi_text_document', 'weight': 41322.0}, {'name': 'common-corpus_oecd_multi_text_document', 'weight': 121969.0}, {'name': 'common-corpus_tedeutenders_multi_text_document', 'weight': 31276.0}, {'name': 'common-corpus_wto_multi_text_document', 'weight': 577279.0}, {'name': 'common-pile_arxiv-abstracts_en_text_document', 'weight': 140138.0}, {'name': 'common-pile_arxiv-papers_en_text_document', 'weight': 1299034.0}, {'name': 'common-pile_biodiversity-heritage-library_en_text_document', 'weight': 107772.0}, {'name': 'common-pile_caselaw-access-project_en_text_document', 'weight': 929697.0}, {'name': 'common-pile_doab_en_text_document', 'weight': 712786.0}, {'name': 'common-pile_foodista_en_text_document', 'weight': 5603.0}, {'name': 'common-pile_github-archive_en_text_document', 'weight': 2244221.0}, {'name': 'common-pile_library-of-congress_en_text_document', 'weight': 101533.0}, {'name': 'common-pile_libretexts_en_text_document', 'weight': 21049.0}, {'name': 'common-pile_news_en_text_document', 'weight': 14354.0}, {'name': 'common-pile_oercommons_en_text_document', 'weight': 2748.0}, {'name': 'common-pile_peS2o_en_text_document', 'weight': 10166525.0}, {'name': 'common-pile_pre-1929-books_en_text_document', 'weight': 531517.0}, {'name': 'common-pile_pressbooks_en_text_document', 'weight': 31891.0}, {'name': 'common-pile_public-domain-review_en_text_document', 'weight': 382.0}, {'name': 'common-pile_pubmed_en_text_document', 'weight': 1869301.0}, {'name': 'common-pile_python-enhancement-proposals_en_text_document', 'weight': 652.0}, {'name': 'common-pile_regulations_en_text_document', 'weight': 266173.0}, {'name': 'common-pile_stackexchange_en_text_document', 'weight': 4985359.0}, {'name': 'common-pile_ubuntu-irc_en_text_document', 'weight': 482830.0}, {'name': 'common-pile_youtube_en_text_document', 'weight': 204765.0}, {'name': 'croissant-aligned_aligned_text_document', 'weight': 11618464.0}, {'name': 'culturax_fr_text_document_ratio1.30_phase0', 'weight': 57012131.0}, {'name': 'dclm-dolmino_en_text_document_ratio0.75_phase0', 'weight': 93003263.0}, {'name': 'europarl_aligned_text_document', 'weight': 215607.0}, {'name': 'europarl_multi_text_document', 'weight': 99752.0}, {'name': 'eurovoc_filtered_multi_text_document', 'weight': 2150091.0}, {'name': 'fineweb-edu_en_text_document_ratio0.75_phase0', 'weight': 214754282.0}, {'name': 'fineweb2_ar_text_document_ratio0.50_phase0', 'weight': 3350461.0}, {'name': 'fineweb2_ca_text_document_ratio0.05_phase0', 'weight': 92529.0}, {'name': 'fineweb2_de_text_document_ratio0.50_phase0', 'weight': 27173931.0}, {'name': 'fineweb2_es_text_document_ratio0.50_phase0', 'weight': 24393496.0}, {'name': 'fineweb2_fr_text_document_ratio1.30_phase0', 'weight': 50038822.0}, {'name': 'fineweb2_it_text_document_ratio0.50_phase0', 'weight': 13377940.0}, {'name': 'fineweb2_nl_text_document_ratio0.50_phase0', 'weight': 7435763.0}, {'name': 'fineweb2_pt_text_document_ratio0.50_phase0', 'weight': 9800040.0}, {'name': 'fineweb2_regional_text_document', 'weight': 2132152.0}, {'name': 'gallica_monographies_fr_text_document', 'weight': 5842786.0}, {'name': 'gallica_press_fr_text_document', 'weight': 22850320.0}, {'name': 'gutenberg_de_text_document', 'weight': 42330.0}, {'name': 'gutenberg_en_text_document', 'weight': 1187655.0}, {'name': 'gutenberg_es_text_document', 'weight': 21778.0}, {'name': 'gutenberg_fr_text_document', 'weight': 91991.0}, {'name': 'gutenberg_it_text_document', 'weight': 29909.0}, {'name': 'gutenberg_nl_text_document', 'weight': 24430.0}, {'name': 'gutenberg_pt_text_document', 'weight': 9241.0}, {'name': 'hal-cea_full-filtered_fr_text_document', 'weight': 7828031.0}, {'name': 'hplt2_fr_text_document_ratio1.30_phase0', 'weight': 70401931.0}, {'name': 'insee_fr_text_document', 'weight': 55377.0}, {'name': 'math-pile_math_text_document', 'weight': 2345197.0}, {'name': 'opendata_fr_text_document', 'weight': 2749409.0}, {'name': 'parlement_fr_text_document', 'weight': 282826.0}, {'name': 'starcoder-data_code_text_document', 'weight': 62922795.0}, {'name': 'theses_fr_text_document', 'weight': 3239718.0}, {'name': 'wikimedia-vikidia_ar_text_document', 'weight': 265451.0}, {'name': 'wikimedia-vikidia_ca_text_document_ratio0.20_phase0', 'weight': 58530.0}, {'name': 'wikimedia-vikidia_de_text_document', 'weight': 1098595.0}, {'name': 'wikimedia-vikidia_en_text_document', 'weight': 2882825.0}, {'name': 'wikimedia-vikidia_es_text_document', 'weight': 631843.0}, {'name': 'wikimedia-vikidia_fr_text_document', 'weight': 1276052.0}, {'name': 'wikimedia-vikidia_it_text_document', 'weight': 654077.0}, {'name': 'wikimedia-vikidia_pt_text_document', 'weight': 304392.0}, {'name': 'wikimedia-vikidia_regional_text_document', 'weight': 119234.0}, {'name': 'wikimedia_nl_text_document', 'weight': 345319.0}, {'name': 'youtube_fr_text_document', 'weight': 76194.0}]}
INFO:__main__:Using CLI tokenizer override: /work/p26037/barman/tokenizer_128k-arab-regional_v2
INFO:__main__:Using CLI tokenizer override: /work/p26037/barman/tokenizer_128k-arab-regional_v2
INFO:__main__:Using CLI tokenizer override: /work/p26037/barman/tokenizer_128k-arab-regional_v2
INFO:__main__:Using CLI tokenizer override: /work/p26037/barman/tokenizer_128k-arab-regional_v2
INFO:__main__:Global batch size: 1024
INFO:__main__:Global batch size: 1024
INFO:__main__:Global batch size: 1024
INFO:__main__:Sequence length: 4096
INFO:__main__:Sequence length: 4096
INFO:__main__:Tokens per batch: 4194304
INFO:__main__:Sequence length: 4096
INFO:__main__:Tokens per batch: 4194304
INFO:__main__:Total tokens in datamix: 3002228277248
INFO:__main__:Total tokens in datamix: 3002228277248
INFO:__main__:Tokens per batch: 4194304
INFO:__main__:Global training/LR horizon (from --max_steps): 715788
INFO:__main__:Global training/LR horizon (from --max_steps): 715788
INFO:__main__:Total tokens in datamix: 3002228277248
INFO:__main__:Global training/LR horizon (from --max_steps): 715788
INFO:__main__:Global batch size: 1024
INFO:__main__:Sequence length: 4096
INFO:__main__:Tokens per batch: 4194304
INFO:__main__:Total tokens in datamix: 3002228277248
INFO:__main__:Global training/LR horizon (from --max_steps): 715788
INFO:__main__:Patched megatron.core.optimizer (accepted params: {'model_chunks', 'scale_lr_cond', 'no_weight_decay_cond', 'config', 'use_gloo_process_groups', 'lr_mult'})
INFO:__main__:Patched megatron.core.optimizer (accepted params: {'use_gloo_process_groups', 'lr_mult', 'config', 'model_chunks', 'no_weight_decay_cond', 'scale_lr_cond'})
INFO:__main__:Patched megatron.core.optimizer (accepted params: {'use_gloo_process_groups', 'config', 'lr_mult', 'scale_lr_cond', 'model_chunks', 'no_weight_decay_cond'})
INFO:__main__:Patched megatron.core.optimizer (accepted params: {'use_gloo_process_groups', 'lr_mult', 'config', 'no_weight_decay_cond', 'model_chunks', 'scale_lr_cond'})
INFO:utils:{'data_path': '/work/datasets/AI/tokens_luciole_phase1', 'total_tokens': 3002228277248, 'train': [{'name': 'claire_open_en_text_document', 'weight': 29003.0}, {'name': 'claire_open_fr_text_document', 'weight': 92129.0}, {'name': 'common-corpus_bnl-newspapers-1841-1879_fr_text_document', 'weight': 66237.0}, {'name': 'common-corpus_eurlex_multi_text_document', 'weight': 3601664.0}, {'name': 'common-corpus_gatt-library_multi_text_document', 'weight': 41322.0}, {'name': 'common-corpus_oecd_multi_text_document', 'weight': 121969.0}, {'name': 'common-corpus_tedeutenders_multi_text_document', 'weight': 31276.0}, {'name': 'common-corpus_wto_multi_text_document', 'weight': 577279.0}, {'name': 'common-pile_arxiv-abstracts_en_text_document', 'weight': 140138.0}, {'name': 'common-pile_arxiv-papers_en_text_document', 'weight': 1299034.0}, {'name': 'common-pile_biodiversity-heritage-library_en_text_document', 'weight': 107772.0}, {'name': 'common-pile_caselaw-access-project_en_text_document', 'weight': 929697.0}, {'name': 'common-pile_doab_en_text_document', 'weight': 712786.0}, {'name': 'common-pile_foodista_en_text_document', 'weight': 5603.0}, {'name': 'common-pile_github-archive_en_text_document', 'weight': 2244221.0}, {'name': 'common-pile_library-of-congress_en_text_document', 'weight': 101533.0}, {'name': 'common-pile_libretexts_en_text_document', 'weight': 21049.0}, {'name': 'common-pile_news_en_text_document', 'weight': 14354.0}, {'name': 'common-pile_oercommons_en_text_document', 'weight': 2748.0}, {'name': 'common-pile_peS2o_en_text_document', 'weight': 10166525.0}, {'name': 'common-pile_pre-1929-books_en_text_document', 'weight': 531517.0}, {'name': 'common-pile_pressbooks_en_text_document', 'weight': 31891.0}, {'name': 'common-pile_public-domain-review_en_text_document', 'weight': 382.0}, {'name': 'common-pile_pubmed_en_text_document', 'weight': 1869301.0}, {'name': 'common-pile_python-enhancement-proposals_en_text_document', 'weight': 652.0}, {'name': 'common-pile_regulations_en_text_document', 'weight': 266173.0}, {'name': 'common-pile_stackexchange_en_text_document', 'weight': 4985359.0}, {'name': 'common-pile_ubuntu-irc_en_text_document', 'weight': 482830.0}, {'name': 'common-pile_youtube_en_text_document', 'weight': 204765.0}, {'name': 'croissant-aligned_aligned_text_document', 'weight': 11618464.0}, {'name': 'culturax_fr_text_document_ratio1.30_phase0', 'weight': 57012131.0}, {'name': 'dclm-dolmino_en_text_document_ratio0.75_phase0', 'weight': 93003263.0}, {'name': 'europarl_aligned_text_document', 'weight': 215607.0}, {'name': 'europarl_multi_text_document', 'weight': 99752.0}, {'name': 'eurovoc_filtered_multi_text_document', 'weight': 2150091.0}, {'name': 'fineweb-edu_en_text_document_ratio0.75_phase0', 'weight': 214754282.0}, {'name': 'fineweb2_ar_text_document_ratio0.50_phase0', 'weight': 3350461.0}, {'name': 'fineweb2_ca_text_document_ratio0.05_phase0', 'weight': 92529.0}, {'name': 'fineweb2_de_text_document_ratio0.50_phase0', 'weight': 27173931.0}, {'name': 'fineweb2_es_text_document_ratio0.50_phase0', 'weight': 24393496.0}, {'name': 'fineweb2_fr_text_document_ratio1.30_phase0', 'weight': 50038822.0}, {'name': 'fineweb2_it_text_document_ratio0.50_phase0', 'weight': 13377940.0}, {'name': 'fineweb2_nl_text_document_ratio0.50_phase0', 'weight': 7435763.0}, {'name': 'fineweb2_pt_text_document_ratio0.50_phase0', 'weight': 9800040.0}, {'name': 'fineweb2_regional_text_document', 'weight': 2132152.0}, {'name': 'gallica_monographies_fr_text_document', 'weight': 5842786.0}, {'name': 'gallica_press_fr_text_document', 'weight': 22850320.0}, {'name': 'gutenberg_de_text_document', 'weight': 42330.0}, {'name': 'gutenberg_en_text_document', 'weight': 1187655.0}, {'name': 'gutenberg_es_text_document', 'weight': 21778.0}, {'name': 'gutenberg_fr_text_document', 'weight': 91991.0}, {'name': 'gutenberg_it_text_document', 'weight': 29909.0}, {'name': 'gutenberg_nl_text_document', 'weight': 24430.0}, {'name': 'gutenberg_pt_text_document', 'weight': 9241.0}, {'name': 'hal-cea_full-filtered_fr_text_document', 'weight': 7828031.0}, {'name': 'hplt2_fr_text_document_ratio1.30_phase0', 'weight': 70401931.0}, {'name': 'insee_fr_text_document', 'weight': 55377.0}, {'name': 'math-pile_math_text_document', 'weight': 2345197.0}, {'name': 'opendata_fr_text_document', 'weight': 2749409.0}, {'name': 'parlement_fr_text_document', 'weight': 282826.0}, {'name': 'starcoder-data_code_text_document', 'weight': 62922795.0}, {'name': 'theses_fr_text_document', 'weight': 3239718.0}, {'name': 'wikimedia-vikidia_ar_text_document', 'weight': 265451.0}, {'name': 'wikimedia-vikidia_ca_text_document_ratio0.20_phase0', 'weight': 58530.0}, {'name': 'wikimedia-vikidia_de_text_document', 'weight': 1098595.0}, {'name': 'wikimedia-vikidia_en_text_document', 'weight': 2882825.0}, {'name': 'wikimedia-vikidia_es_text_document', 'weight': 631843.0}, {'name': 'wikimedia-vikidia_fr_text_document', 'weight': 1276052.0}, {'name': 'wikimedia-vikidia_it_text_document', 'weight': 654077.0}, {'name': 'wikimedia-vikidia_pt_text_document', 'weight': 304392.0}, {'name': 'wikimedia-vikidia_regional_text_document', 'weight': 119234.0}, {'name': 'wikimedia_nl_text_document', 'weight': 345319.0}, {'name': 'youtube_fr_text_document', 'weight': 76194.0}]}
INFO:utils:{'data_path': '/work/datasets/AI/tokens_luciole_phase1', 'total_tokens': 3002228277248, 'train': [{'name': 'claire_open_en_text_document', 'weight': 29003.0}, {'name': 'claire_open_fr_text_document', 'weight': 92129.0}, {'name': 'common-corpus_bnl-newspapers-1841-1879_fr_text_document', 'weight': 66237.0}, {'name': 'common-corpus_eurlex_multi_text_document', 'weight': 3601664.0}, {'name': 'common-corpus_gatt-library_multi_text_document', 'weight': 41322.0}, {'name': 'common-corpus_oecd_multi_text_document', 'weight': 121969.0}, {'name': 'common-corpus_tedeutenders_multi_text_document', 'weight': 31276.0}, {'name': 'common-corpus_wto_multi_text_document', 'weight': 577279.0}, {'name': 'common-pile_arxiv-abstracts_en_text_document', 'weight': 140138.0}, {'name': 'common-pile_arxiv-papers_en_text_document', 'weight': 1299034.0}, {'name': 'common-pile_biodiversity-heritage-library_en_text_document', 'weight': 107772.0}, {'name': 'common-pile_caselaw-access-project_en_text_document', 'weight': 929697.0}, {'name': 'common-pile_doab_en_text_document', 'weight': 712786.0}, {'name': 'common-pile_foodista_en_text_document', 'weight': 5603.0}, {'name': 'common-pile_github-archive_en_text_document', 'weight': 2244221.0}, {'name': 'common-pile_library-of-congress_en_text_document', 'weight': 101533.0}, {'name': 'common-pile_libretexts_en_text_document', 'weight': 21049.0}, {'name': 'common-pile_news_en_text_document', 'weight': 14354.0}, {'name': 'common-pile_oercommons_en_text_document', 'weight': 2748.0}, {'name': 'common-pile_peS2o_en_text_document', 'weight': 10166525.0}, {'name': 'common-pile_pre-1929-books_en_text_document', 'weight': 531517.0}, {'name': 'common-pile_pressbooks_en_text_document', 'weight': 31891.0}, {'name': 'common-pile_public-domain-review_en_text_document', 'weight': 382.0}, {'name': 'common-pile_pubmed_en_text_document', 'weight': 1869301.0}, {'name': 'common-pile_python-enhancement-proposals_en_text_document', 'weight': 652.0}, {'name': 'common-pile_regulations_en_text_document', 'weight': 266173.0}, {'name': 'common-pile_stackexchange_en_text_document', 'weight': 4985359.0}, {'name': 'common-pile_ubuntu-irc_en_text_document', 'weight': 482830.0}, {'name': 'common-pile_youtube_en_text_document', 'weight': 204765.0}, {'name': 'croissant-aligned_aligned_text_document', 'weight': 11618464.0}, {'name': 'culturax_fr_text_document_ratio1.30_phase0', 'weight': 57012131.0}, {'name': 'dclm-dolmino_en_text_document_ratio0.75_phase0', 'weight': 93003263.0}, {'name': 'europarl_aligned_text_document', 'weight': 215607.0}, {'name': 'europarl_multi_text_document', 'weight': 99752.0}, {'name': 'eurovoc_filtered_multi_text_document', 'weight': 2150091.0}, {'name': 'fineweb-edu_en_text_document_ratio0.75_phase0', 'weight': 214754282.0}, {'name': 'fineweb2_ar_text_document_ratio0.50_phase0', 'weight': 3350461.0}, {'name': 'fineweb2_ca_text_document_ratio0.05_phase0', 'weight': 92529.0}, {'name': 'fineweb2_de_text_document_ratio0.50_phase0', 'weight': 27173931.0}, {'name': 'fineweb2_es_text_document_ratio0.50_phase0', 'weight': 24393496.0}, {'name': 'fineweb2_fr_text_document_ratio1.30_phase0', 'weight': 50038822.0}, {'name': 'fineweb2_it_text_document_ratio0.50_phase0', 'weight': 13377940.0}, {'name': 'fineweb2_nl_text_document_ratio0.50_phase0', 'weight': 7435763.0}, {'name': 'fineweb2_pt_text_document_ratio0.50_phase0', 'weight': 9800040.0}, {'name': 'fineweb2_regional_text_document', 'weight': 2132152.0}, {'name': 'gallica_monographies_fr_text_document', 'weight': 5842786.0}, {'name': 'gallica_press_fr_text_document', 'weight': 22850320.0}, {'name': 'gutenberg_de_text_document', 'weight': 42330.0}, {'name': 'gutenberg_en_text_document', 'weight': 1187655.0}, {'name': 'gutenberg_es_text_document', 'weight': 21778.0}, {'name': 'gutenberg_fr_text_document', 'weight': 91991.0}, {'name': 'gutenberg_it_text_document', 'weight': 29909.0}, {'name': 'gutenberg_nl_text_document', 'weight': 24430.0}, {'name': 'gutenberg_pt_text_document', 'weight': 9241.0}, {'name': 'hal-cea_full-filtered_fr_text_document', 'weight': 7828031.0}, {'name': 'hplt2_fr_text_document_ratio1.30_phase0', 'weight': 70401931.0}, {'name': 'insee_fr_text_document', 'weight': 55377.0}, {'name': 'math-pile_math_text_document', 'weight': 2345197.0}, {'name': 'opendata_fr_text_document', 'weight': 2749409.0}, {'name': 'parlement_fr_text_document', 'weight': 282826.0}, {'name': 'starcoder-data_code_text_document', 'weight': 62922795.0}, {'name': 'theses_fr_text_document', 'weight': 3239718.0}, {'name': 'wikimedia-vikidia_ar_text_document', 'weight': 265451.0}, {'name': 'wikimedia-vikidia_ca_text_document_ratio0.20_phase0', 'weight': 58530.0}, {'name': 'wikimedia-vikidia_de_text_document', 'weight': 1098595.0}, {'name': 'wikimedia-vikidia_en_text_document', 'weight': 2882825.0}, {'name': 'wikimedia-vikidia_es_text_document', 'weight': 631843.0}, {'name': 'wikimedia-vikidia_fr_text_document', 'weight': 1276052.0}, {'name': 'wikimedia-vikidia_it_text_document', 'weight': 654077.0}, {'name': 'wikimedia-vikidia_pt_text_document', 'weight': 304392.0}, {'name': 'wikimedia-vikidia_regional_text_document', 'weight': 119234.0}, {'name': 'wikimedia_nl_text_document', 'weight': 345319.0}, {'name': 'youtube_fr_text_document', 'weight': 76194.0}]}
INFO:utils:{'data_path': '/work/datasets/AI/tokens_luciole_phase1', 'total_tokens': 3002228277248, 'train': [{'name': 'claire_open_en_text_document', 'weight': 29003.0}, {'name': 'claire_open_fr_text_document', 'weight': 92129.0}, {'name': 'common-corpus_bnl-newspapers-1841-1879_fr_text_document', 'weight': 66237.0}, {'name': 'common-corpus_eurlex_multi_text_document', 'weight': 3601664.0}, {'name': 'common-corpus_gatt-library_multi_text_document', 'weight': 41322.0}, {'name': 'common-corpus_oecd_multi_text_document', 'weight': 121969.0}, {'name': 'common-corpus_tedeutenders_multi_text_document', 'weight': 31276.0}, {'name': 'common-corpus_wto_multi_text_document', 'weight': 577279.0}, {'name': 'common-pile_arxiv-abstracts_en_text_document', 'weight': 140138.0}, {'name': 'common-pile_arxiv-papers_en_text_document', 'weight': 1299034.0}, {'name': 'common-pile_biodiversity-heritage-library_en_text_document', 'weight': 107772.0}, {'name': 'common-pile_caselaw-access-project_en_text_document', 'weight': 929697.0}, {'name': 'common-pile_doab_en_text_document', 'weight': 712786.0}, {'name': 'common-pile_foodista_en_text_document', 'weight': 5603.0}, {'name': 'common-pile_github-archive_en_text_document', 'weight': 2244221.0}, {'name': 'common-pile_library-of-congress_en_text_document', 'weight': 101533.0}, {'name': 'common-pile_libretexts_en_text_document', 'weight': 21049.0}, {'name': 'common-pile_news_en_text_document', 'weight': 14354.0}, {'name': 'common-pile_oercommons_en_text_document', 'weight': 2748.0}, {'name': 'common-pile_peS2o_en_text_document', 'weight': 10166525.0}, {'name': 'common-pile_pre-1929-books_en_text_document', 'weight': 531517.0}, {'name': 'common-pile_pressbooks_en_text_document', 'weight': 31891.0}, {'name': 'common-pile_public-domain-review_en_text_document', 'weight': 382.0}, {'name': 'common-pile_pubmed_en_text_document', 'weight': 1869301.0}, {'name': 'common-pile_python-enhancement-proposals_en_text_document', 'weight': 652.0}, {'name': 'common-pile_regulations_en_text_document', 'weight': 266173.0}, {'name': 'common-pile_stackexchange_en_text_document', 'weight': 4985359.0}, {'name': 'common-pile_ubuntu-irc_en_text_document', 'weight': 482830.0}, {'name': 'common-pile_youtube_en_text_document', 'weight': 204765.0}, {'name': 'croissant-aligned_aligned_text_document', 'weight': 11618464.0}, {'name': 'culturax_fr_text_document_ratio1.30_phase0', 'weight': 57012131.0}, {'name': 'dclm-dolmino_en_text_document_ratio0.75_phase0', 'weight': 93003263.0}, {'name': 'europarl_aligned_text_document', 'weight': 215607.0}, {'name': 'europarl_multi_text_document', 'weight': 99752.0}, {'name': 'eurovoc_filtered_multi_text_document', 'weight': 2150091.0}, {'name': 'fineweb-edu_en_text_document_ratio0.75_phase0', 'weight': 214754282.0}, {'name': 'fineweb2_ar_text_document_ratio0.50_phase0', 'weight': 3350461.0}, {'name': 'fineweb2_ca_text_document_ratio0.05_phase0', 'weight': 92529.0}, {'name': 'fineweb2_de_text_document_ratio0.50_phase0', 'weight': 27173931.0}, {'name': 'fineweb2_es_text_document_ratio0.50_phase0', 'weight': 24393496.0}, {'name': 'fineweb2_fr_text_document_ratio1.30_phase0', 'weight': 50038822.0}, {'name': 'fineweb2_it_text_document_ratio0.50_phase0', 'weight': 13377940.0}, {'name': 'fineweb2_nl_text_document_ratio0.50_phase0', 'weight': 7435763.0}, {'name': 'fineweb2_pt_text_document_ratio0.50_phase0', 'weight': 9800040.0}, {'name': 'fineweb2_regional_text_document', 'weight': 2132152.0}, {'name': 'gallica_monographies_fr_text_document', 'weight': 5842786.0}, {'name': 'gallica_press_fr_text_document', 'weight': 22850320.0}, {'name': 'gutenberg_de_text_document', 'weight': 42330.0}, {'name': 'gutenberg_en_text_document', 'weight': 1187655.0}, {'name': 'gutenberg_es_text_document', 'weight': 21778.0}, {'name': 'gutenberg_fr_text_document', 'weight': 91991.0}, {'name': 'gutenberg_it_text_document', 'weight': 29909.0}, {'name': 'gutenberg_nl_text_document', 'weight': 24430.0}, {'name': 'gutenberg_pt_text_document', 'weight': 9241.0}, {'name': 'hal-cea_full-filtered_fr_text_document', 'weight': 7828031.0}, {'name': 'hplt2_fr_text_document_ratio1.30_phase0', 'weight': 70401931.0}, {'name': 'insee_fr_text_document', 'weight': 55377.0}, {'name': 'math-pile_math_text_document', 'weight': 2345197.0}, {'name': 'opendata_fr_text_document', 'weight': 2749409.0}, {'name': 'parlement_fr_text_document', 'weight': 282826.0}, {'name': 'starcoder-data_code_text_document', 'weight': 62922795.0}, {'name': 'theses_fr_text_document', 'weight': 3239718.0}, {'name': 'wikimedia-vikidia_ar_text_document', 'weight': 265451.0}, {'name': 'wikimedia-vikidia_ca_text_document_ratio0.20_phase0', 'weight': 58530.0}, {'name': 'wikimedia-vikidia_de_text_document', 'weight': 1098595.0}, {'name': 'wikimedia-vikidia_en_text_document', 'weight': 2882825.0}, {'name': 'wikimedia-vikidia_es_text_document', 'weight': 631843.0}, {'name': 'wikimedia-vikidia_fr_text_document', 'weight': 1276052.0}, {'name': 'wikimedia-vikidia_it_text_document', 'weight': 654077.0}, {'name': 'wikimedia-vikidia_pt_text_document', 'weight': 304392.0}, {'name': 'wikimedia-vikidia_regional_text_document', 'weight': 119234.0}, {'name': 'wikimedia_nl_text_document', 'weight': 345319.0}, {'name': 'youtube_fr_text_document', 'weight': 76194.0}]}
INFO:utils:{'data_path': '/work/datasets/AI/tokens_luciole_phase1', 'total_tokens': 3002228277248, 'train': [{'name': 'claire_open_en_text_document', 'weight': 29003.0}, {'name': 'claire_open_fr_text_document', 'weight': 92129.0}, {'name': 'common-corpus_bnl-newspapers-1841-1879_fr_text_document', 'weight': 66237.0}, {'name': 'common-corpus_eurlex_multi_text_document', 'weight': 3601664.0}, {'name': 'common-corpus_gatt-library_multi_text_document', 'weight': 41322.0}, {'name': 'common-corpus_oecd_multi_text_document', 'weight': 121969.0}, {'name': 'common-corpus_tedeutenders_multi_text_document', 'weight': 31276.0}, {'name': 'common-corpus_wto_multi_text_document', 'weight': 577279.0}, {'name': 'common-pile_arxiv-abstracts_en_text_document', 'weight': 140138.0}, {'name': 'common-pile_arxiv-papers_en_text_document', 'weight': 1299034.0}, {'name': 'common-pile_biodiversity-heritage-library_en_text_document', 'weight': 107772.0}, {'name': 'common-pile_caselaw-access-project_en_text_document', 'weight': 929697.0}, {'name': 'common-pile_doab_en_text_document', 'weight': 712786.0}, {'name': 'common-pile_foodista_en_text_document', 'weight': 5603.0}, {'name': 'common-pile_github-archive_en_text_document', 'weight': 2244221.0}, {'name': 'common-pile_library-of-congress_en_text_document', 'weight': 101533.0}, {'name': 'common-pile_libretexts_en_text_document', 'weight': 21049.0}, {'name': 'common-pile_news_en_text_document', 'weight': 14354.0}, {'name': 'common-pile_oercommons_en_text_document', 'weight': 2748.0}, {'name': 'common-pile_peS2o_en_text_document', 'weight': 10166525.0}, {'name': 'common-pile_pre-1929-books_en_text_document', 'weight': 531517.0}, {'name': 'common-pile_pressbooks_en_text_document', 'weight': 31891.0}, {'name': 'common-pile_public-domain-review_en_text_document', 'weight': 382.0}, {'name': 'common-pile_pubmed_en_text_document', 'weight': 1869301.0}, {'name': 'common-pile_python-enhancement-proposals_en_text_document', 'weight': 652.0}, {'name': 'common-pile_regulations_en_text_document', 'weight': 266173.0}, {'name': 'common-pile_stackexchange_en_text_document', 'weight': 4985359.0}, {'name': 'common-pile_ubuntu-irc_en_text_document', 'weight': 482830.0}, {'name': 'common-pile_youtube_en_text_document', 'weight': 204765.0}, {'name': 'croissant-aligned_aligned_text_document', 'weight': 11618464.0}, {'name': 'culturax_fr_text_document_ratio1.30_phase0', 'weight': 57012131.0}, {'name': 'dclm-dolmino_en_text_document_ratio0.75_phase0', 'weight': 93003263.0}, {'name': 'europarl_aligned_text_document', 'weight': 215607.0}, {'name': 'europarl_multi_text_document', 'weight': 99752.0}, {'name': 'eurovoc_filtered_multi_text_document', 'weight': 2150091.0}, {'name': 'fineweb-edu_en_text_document_ratio0.75_phase0', 'weight': 214754282.0}, {'name': 'fineweb2_ar_text_document_ratio0.50_phase0', 'weight': 3350461.0}, {'name': 'fineweb2_ca_text_document_ratio0.05_phase0', 'weight': 92529.0}, {'name': 'fineweb2_de_text_document_ratio0.50_phase0', 'weight': 27173931.0}, {'name': 'fineweb2_es_text_document_ratio0.50_phase0', 'weight': 24393496.0}, {'name': 'fineweb2_fr_text_document_ratio1.30_phase0', 'weight': 50038822.0}, {'name': 'fineweb2_it_text_document_ratio0.50_phase0', 'weight': 13377940.0}, {'name': 'fineweb2_nl_text_document_ratio0.50_phase0', 'weight': 7435763.0}, {'name': 'fineweb2_pt_text_document_ratio0.50_phase0', 'weight': 9800040.0}, {'name': 'fineweb2_regional_text_document', 'weight': 2132152.0}, {'name': 'gallica_monographies_fr_text_document', 'weight': 5842786.0}, {'name': 'gallica_press_fr_text_document', 'weight': 22850320.0}, {'name': 'gutenberg_de_text_document', 'weight': 42330.0}, {'name': 'gutenberg_en_text_document', 'weight': 1187655.0}, {'name': 'gutenberg_es_text_document', 'weight': 21778.0}, {'name': 'gutenberg_fr_text_document', 'weight': 91991.0}, {'name': 'gutenberg_it_text_document', 'weight': 29909.0}, {'name': 'gutenberg_nl_text_document', 'weight': 24430.0}, {'name': 'gutenberg_pt_text_document', 'weight': 9241.0}, {'name': 'hal-cea_full-filtered_fr_text_document', 'weight': 7828031.0}, {'name': 'hplt2_fr_text_document_ratio1.30_phase0', 'weight': 70401931.0}, {'name': 'insee_fr_text_document', 'weight': 55377.0}, {'name': 'math-pile_math_text_document', 'weight': 2345197.0}, {'name': 'opendata_fr_text_document', 'weight': 2749409.0}, {'name': 'parlement_fr_text_document', 'weight': 282826.0}, {'name': 'starcoder-data_code_text_document', 'weight': 62922795.0}, {'name': 'theses_fr_text_document', 'weight': 3239718.0}, {'name': 'wikimedia-vikidia_ar_text_document', 'weight': 265451.0}, {'name': 'wikimedia-vikidia_ca_text_document_ratio0.20_phase0', 'weight': 58530.0}, {'name': 'wikimedia-vikidia_de_text_document', 'weight': 1098595.0}, {'name': 'wikimedia-vikidia_en_text_document', 'weight': 2882825.0}, {'name': 'wikimedia-vikidia_es_text_document', 'weight': 631843.0}, {'name': 'wikimedia-vikidia_fr_text_document', 'weight': 1276052.0}, {'name': 'wikimedia-vikidia_it_text_document', 'weight': 654077.0}, {'name': 'wikimedia-vikidia_pt_text_document', 'weight': 304392.0}, {'name': 'wikimedia-vikidia_regional_text_document', 'weight': 119234.0}, {'name': 'wikimedia_nl_text_document', 'weight': 345319.0}, {'name': 'youtube_fr_text_document', 'weight': 76194.0}]}
INFO:__main__:Using CLI tokenizer override: /work/p26037/barman/tokenizer_128k-arab-regional_v2
INFO:__main__:Using CLI tokenizer override: /work/p26037/barman/tokenizer_128k-arab-regional_v2
INFO:__main__:Using CLI tokenizer override: /work/p26037/barman/tokenizer_128k-arab-regional_v2
INFO:__main__:Using CLI tokenizer override: /work/p26037/barman/tokenizer_128k-arab-regional_v2
INFO:__main__:Global batch size: 1024
INFO:__main__:Sequence length: 4096
INFO:__main__:Tokens per batch: 4194304
INFO:__main__:Total tokens in datamix: 3002228277248
INFO:__main__:Global training/LR horizon (from --max_steps): 715788
INFO:__main__:Global batch size: 1024
INFO:__main__:Sequence length: 4096
INFO:__main__:Tokens per batch: 4194304
INFO:__main__:Total tokens in datamix: 3002228277248
INFO:__main__:Patched megatron.core.optimizer (accepted params: {'no_weight_decay_cond', 'use_gloo_process_groups', 'scale_lr_cond', 'model_chunks', 'lr_mult', 'config'})
INFO:__main__:Global batch size: 1024
INFO:__main__:Global training/LR horizon (from --max_steps): 715788
INFO:__main__:Sequence length: 4096
INFO:__main__:Tokens per batch: 4194304
INFO:__main__:Total tokens in datamix: 3002228277248
INFO:__main__:Global batch size: 1024
INFO:__main__:Global training/LR horizon (from --max_steps): 715788
INFO:__main__:Sequence length: 4096
INFO:__main__:Tokens per batch: 4194304
INFO:__main__:Total tokens in datamix: 3002228277248
INFO:__main__:Global training/LR horizon (from --max_steps): 715788
INFO:__main__:Patched megatron.core.optimizer (accepted params: {'lr_mult', 'config', 'model_chunks', 'use_gloo_process_groups', 'scale_lr_cond', 'no_weight_decay_cond'})
INFO:__main__:Patched megatron.core.optimizer (accepted params: {'scale_lr_cond', 'config', 'lr_mult', 'use_gloo_process_groups', 'no_weight_decay_cond', 'model_chunks'})
INFO:__main__:Patched megatron.core.optimizer (accepted params: {'lr_mult', 'config', 'model_chunks', 'scale_lr_cond', 'no_weight_decay_cond', 'use_gloo_process_groups'})
INFO:__main__:SSA Triton: Using fused Triton SSA FlashAttention triton (n=1.50, b=0.80, compiled_bda=True)
INFO:__main__:SSA Triton: force_contiguous_qkv=True
INFO:__main__:Detected checkpoint at step 341499
INFO:__main__:Continuing to absolute trainer.max_steps = 715788 (remaining this run: 374289 steps)
INFO:__main__:SSA Triton: Using fused Triton SSA FlashAttention triton (n=1.50, b=0.80, compiled_bda=True)
INFO:__main__:SSA Triton: force_contiguous_qkv=True
INFO:__main__:Detected checkpoint at step 341499
INFO:__main__:Continuing to absolute trainer.max_steps = 715788 (remaining this run: 374289 steps)
INFO:__main__:SSA Triton: Using fused Triton SSA FlashAttention triton (n=1.50, b=0.80, compiled_bda=True)
INFO:__main__:SSA Triton: force_contiguous_qkv=True
INFO:__main__:SSA Triton: Using fused Triton SSA FlashAttention triton (n=1.50, b=0.80, compiled_bda=True)
INFO:__main__:Detected checkpoint at step 341499
INFO:__main__:Continuing to absolute trainer.max_steps = 715788 (remaining this run: 374289 steps)
INFO:__main__:SSA Triton: force_contiguous_qkv=True
INFO:__main__:Detected checkpoint at step 341499
INFO:__main__:Continuing to absolute trainer.max_steps = 715788 (remaining this run: 374289 steps)
INFO:__main__:Detected vocab_size from tokenizer: 128000
INFO:__main__:LR scheduler max_steps = 715788, warmup_steps = 2000, min_lr = 2.9999999999999997e-05
INFO:__main__:Detected vocab_size from tokenizer: 128000
INFO:__main__:Skipping Triton warmup (--skip_triton_warmup).
INFO:__main__:LR scheduler max_steps = 715788, warmup_steps = 2000, min_lr = 2.9999999999999997e-05
INFO:__main__:Skipping Triton warmup (--skip_triton_warmup).
INFO:__main__:Detected vocab_size from tokenizer: 128000
INFO:__main__:Detected vocab_size from tokenizer: 128000
INFO:__main__:LR scheduler max_steps = 715788, warmup_steps = 2000, min_lr = 2.9999999999999997e-05
INFO:__main__:Skipping Triton warmup (--skip_triton_warmup).
INFO:__main__:LR scheduler max_steps = 715788, warmup_steps = 2000, min_lr = 2.9999999999999997e-05
INFO:__main__:Skipping Triton warmup (--skip_triton_warmup).
INFO:__main__:SSA Triton: Using fused Triton SSA FlashAttention triton (n=1.50, b=0.80, compiled_bda=True)
INFO:__main__:SSA Triton: force_contiguous_qkv=True
INFO:__main__:Detected checkpoint at step 341499
INFO:__main__:Continuing to absolute trainer.max_steps = 715788 (remaining this run: 374289 steps)
INFO:__main__:SSA Triton: Using fused Triton SSA FlashAttention triton (n=1.50, b=0.80, compiled_bda=True)
INFO:__main__:SSA Triton: force_contiguous_qkv=True
INFO:__main__:SSA Triton: Using fused Triton SSA FlashAttention triton (n=1.50, b=0.80, compiled_bda=True)
INFO:__main__:SSA Triton: force_contiguous_qkv=True
INFO:__main__:Detected checkpoint at step 341499
INFO:__main__:Continuing to absolute trainer.max_steps = 715788 (remaining this run: 374289 steps)
INFO:__main__:Detected checkpoint at step 341499
INFO:__main__:Continuing to absolute trainer.max_steps = 715788 (remaining this run: 374289 steps)
INFO:__main__:SSA Triton: Using fused Triton SSA FlashAttention triton (n=1.50, b=0.80, compiled_bda=True)
INFO:__main__:SSA Triton: force_contiguous_qkv=True
INFO:__main__:Detected checkpoint at step 341499
INFO:__main__:Continuing to absolute trainer.max_steps = 715788 (remaining this run: 374289 steps)
INFO:__main__:Detected vocab_size from tokenizer: 128000
INFO:__main__:LR scheduler max_steps = 715788, warmup_steps = 2000, min_lr = 2.9999999999999997e-05
INFO:__main__:Skipping Triton warmup (--skip_triton_warmup).
INFO:__main__:Detected vocab_size from tokenizer: 128000
INFO:__main__:Detected vocab_size from tokenizer: 128000
INFO:__main__:LR scheduler max_steps = 715788, warmup_steps = 2000, min_lr = 2.9999999999999997e-05
INFO:__main__:Skipping Triton warmup (--skip_triton_warmup).
INFO:__main__:LR scheduler max_steps = 715788, warmup_steps = 2000, min_lr = 2.9999999999999997e-05
INFO:__main__:Skipping Triton warmup (--skip_triton_warmup).
INFO:__main__:Detected vocab_size from tokenizer: 128000
INFO:__main__:LR scheduler max_steps = 715788, warmup_steps = 2000, min_lr = 2.9999999999999997e-05
INFO:__main__:Skipping Triton warmup (--skip_triton_warmup).
INFO:nemo.lightning.pytorch.strategies.megatron_strategy:Initializing distributed: GLOBAL_RANK: 1, MEMBER: 2/16
INFO:nemo.lightning.pytorch.strategies.megatron_strategy:Initializing distributed: GLOBAL_RANK: 2, MEMBER: 3/16
INFO:nemo.lightning.pytorch.strategies.megatron_strategy:Initializing distributed: GLOBAL_RANK: 3, MEMBER: 4/16
[W430 09:57:42.976457649 socket.cpp:755] [c10d] The client socket cannot be initialized to connect to [kairosgh4.calmip.cluster]:33249 (errno: 97 - Address family not supported by protocol).
[W430 09:57:42.978178577 socket.cpp:755] [c10d] The client socket cannot be initialized to connect to [kairosgh4.calmip.cluster]:33249 (errno: 97 - Address family not supported by protocol).
[W430 09:57:42.978359085 socket.cpp:755] [c10d] The client socket cannot be initialized to connect to [kairosgh4.calmip.cluster]:33249 (errno: 97 - Address family not supported by protocol).
INFO:nemo.lightning.pytorch.strategies.megatron_strategy:Initializing distributed: GLOBAL_RANK: 12, MEMBER: 13/16
[W430 09:57:42.515672540 socket.cpp:755] [c10d] The client socket cannot be initialized to connect to [kairosgh4.calmip.cluster]:33249 (errno: 97 - Address family not supported by protocol).
INFO:nemo.lightning.pytorch.strategies.megatron_strategy:Initializing distributed: GLOBAL_RANK: 8, MEMBER: 9/16
[W430 09:57:43.963518809 socket.cpp:755] [c10d] The client socket cannot be initialized to connect to [kairosgh4.calmip.cluster]:33249 (errno: 97 - Address family not supported by protocol).
INFO:nemo.lightning.pytorch.strategies.megatron_strategy:Initializing distributed: GLOBAL_RANK: 15, MEMBER: 16/16
INFO:nemo.lightning.pytorch.strategies.megatron_strategy:Initializing distributed: GLOBAL_RANK: 14, MEMBER: 15/16
INFO:nemo.lightning.pytorch.strategies.megatron_strategy:Initializing distributed: GLOBAL_RANK: 13, MEMBER: 14/16
[W430 09:57:43.006078932 socket.cpp:755] [c10d] The client socket cannot be initialized to connect to [kairosgh4.calmip.cluster]:33249 (errno: 97 - Address family not supported by protocol).
[W430 09:57:43.008168968 socket.cpp:755] [c10d] The client socket cannot be initialized to connect to [kairosgh4.calmip.cluster]:33249 (errno: 97 - Address family not supported by protocol).
[W430 09:57:43.008849562 socket.cpp:755] [c10d] The client socket cannot be initialized to connect to [kairosgh4.calmip.cluster]:33249 (errno: 97 - Address family not supported by protocol).
INFO:nemo.lightning.pytorch.strategies.megatron_strategy:Initializing distributed: GLOBAL_RANK: 4, MEMBER: 5/16
[W430 09:57:43.043277602 socket.cpp:755] [c10d] The client socket cannot be initialized to connect to [kairosgh4.calmip.cluster]:33249 (errno: 97 - Address family not supported by protocol).
INFO:nemo.lightning.pytorch.strategies.megatron_strategy:Initializing distributed: GLOBAL_RANK: 10, MEMBER: 11/16
INFO:nemo.lightning.pytorch.strategies.megatron_strategy:Initializing distributed: GLOBAL_RANK: 11, MEMBER: 12/16
INFO:nemo.lightning.pytorch.strategies.megatron_strategy:Initializing distributed: GLOBAL_RANK: 9, MEMBER: 10/16
[W430 09:57:43.447104515 socket.cpp:755] [c10d] The client socket cannot be initialized to connect to [kairosgh4.calmip.cluster]:33249 (errno: 97 - Address family not supported by protocol).
[W430 09:57:43.448432966 socket.cpp:755] [c10d] The client socket cannot be initialized to connect to [kairosgh4.calmip.cluster]:33249 (errno: 97 - Address family not supported by protocol).
[W430 09:57:43.448923803 socket.cpp:755] [c10d] The client socket cannot be initialized to connect to [kairosgh4.calmip.cluster]:33249 (errno: 97 - Address family not supported by protocol).
INFO:nemo.lightning.pytorch.strategies.megatron_strategy:Initializing distributed: GLOBAL_RANK: 6, MEMBER: 7/16
INFO:nemo.lightning.pytorch.strategies.megatron_strategy:Initializing distributed: GLOBAL_RANK: 5, MEMBER: 6/16
INFO:nemo.lightning.pytorch.strategies.megatron_strategy:Initializing distributed: GLOBAL_RANK: 7, MEMBER: 8/16
[W430 09:57:43.522810534 socket.cpp:755] [c10d] The client socket cannot be initialized to connect to [kairosgh4.calmip.cluster]:33249 (errno: 97 - Address family not supported by protocol).
[W430 09:57:43.522887268 socket.cpp:755] [c10d] The client socket cannot be initialized to connect to [kairosgh4.calmip.cluster]:33249 (errno: 97 - Address family not supported by protocol).
[W430 09:57:43.523103264 socket.cpp:755] [c10d] The client socket cannot be initialized to connect to [kairosgh4.calmip.cluster]:33249 (errno: 97 - Address family not supported by protocol).
[NeMo I 2026-04-30 09:57:47 utils:532] Let split_matrix = [(0, 1.0), None, None]
[NeMo I 2026-04-30 09:57:47 utils:532] Building GPTDataset splits with sizes=[732966912, 0, 32768] and config=GPTDatasetConfig(random_seed=1234, sequence_length=4096, blend=[['/work/datasets/AI/tokens_luciole_phase1/claire_open_en_text_document', '/work/datasets/AI/tokens_luciole_phase1/claire_open_fr_text_document', '/work/datasets/AI/tokens_luciole_phase1/common-corpus_bnl-newspapers-1841-1879_fr_text_document', '/work/datasets/AI/tokens_luciole_phase1/common-corpus_eurlex_multi_text_document', '/work/datasets/AI/tokens_luciole_phase1/common-corpus_gatt-library_multi_text_document', '/work/datasets/AI/tokens_luciole_phase1/common-corpus_oecd_multi_text_document', '/work/datasets/AI/tokens_luciole_phase1/common-corpus_tedeutenders_multi_text_document', '/work/datasets/AI/tokens_luciole_phase1/common-corpus_wto_multi_text_document', '/work/datasets/AI/tokens_luciole_phase1/common-pile_arxiv-abstracts_en_text_document', '/work/datasets/AI/tokens_luciole_phase1/common-pile_arxiv-papers_en_text_document', '/work/datasets/AI/tokens_luciole_phase1/common-pile_biodiversity-heritage-library_en_text_document', '/work/datasets/AI/tokens_luciole_phase1/common-pile_caselaw-access-project_en_text_document', '/work/datasets/AI/tokens_luciole_phase1/common-pile_doab_en_text_document', '/work/datasets/AI/tokens_luciole_phase1/common-pile_foodista_en_text_document', '/work/datasets/AI/tokens_luciole_phase1/common-pile_github-archive_en_text_document', '/work/datasets/AI/tokens_luciole_phase1/common-pile_library-of-congress_en_text_document', '/work/datasets/AI/tokens_luciole_phase1/common-pile_libretexts_en_text_document', '/work/datasets/AI/tokens_luciole_phase1/common-pile_news_en_text_document', '/work/datasets/AI/tokens_luciole_phase1/common-pile_oercommons_en_text_document', '/work/datasets/AI/tokens_luciole_phase1/common-pile_peS2o_en_text_document', '/work/datasets/AI/tokens_luciole_phase1/common-pile_pre-1929-books_en_text_document', '/work/datasets/AI/tokens_luciole_phase1/common-pile_pressbooks_en_text_document', '/work/datasets/AI/tokens_luciole_phase1/common-pile_public-domain-review_en_text_document', '/work/datasets/AI/tokens_luciole_phase1/common-pile_pubmed_en_text_document', '/work/datasets/AI/tokens_luciole_phase1/common-pile_python-enhancement-proposals_en_text_document', '/work/datasets/AI/tokens_luciole_phase1/common-pile_regulations_en_text_document', '/work/datasets/AI/tokens_luciole_phase1/common-pile_stackexchange_en_text_document', '/work/datasets/AI/tokens_luciole_phase1/common-pile_ubuntu-irc_en_text_document', '/work/datasets/AI/tokens_luciole_phase1/common-pile_youtube_en_text_document', '/work/datasets/AI/tokens_luciole_phase1/croissant-aligned_aligned_text_document', '/work/datasets/AI/tokens_luciole_phase1/culturax_fr_text_document_ratio1.30_phase0', '/work/datasets/AI/tokens_luciole_phase1/dclm-dolmino_en_text_document_ratio0.75_phase0', '/work/datasets/AI/tokens_luciole_phase1/europarl_aligned_text_document', '/work/datasets/AI/tokens_luciole_phase1/europarl_multi_text_document', '/work/datasets/AI/tokens_luciole_phase1/eurovoc_filtered_multi_text_document', '/work/datasets/AI/tokens_luciole_phase1/fineweb-edu_en_text_document_ratio0.75_phase0', '/work/datasets/AI/tokens_luciole_phase1/fineweb2_ar_text_document_ratio0.50_phase0', '/work/datasets/AI/tokens_luciole_phase1/fineweb2_ca_text_document_ratio0.05_phase0', '/work/datasets/AI/tokens_luciole_phase1/fineweb2_de_text_document_ratio0.50_phase0', '/work/datasets/AI/tokens_luciole_phase1/fineweb2_es_text_document_ratio0.50_phase0', '/work/datasets/AI/tokens_luciole_phase1/fineweb2_fr_text_document_ratio1.30_phase0', '/work/datasets/AI/tokens_luciole_phase1/fineweb2_it_text_document_ratio0.50_phase0', '/work/datasets/AI/tokens_luciole_phase1/fineweb2_nl_text_document_ratio0.50_phase0', '/work/datasets/AI/tokens_luciole_phase1/fineweb2_pt_text_document_ratio0.50_phase0', '/work/datasets/AI/tokens_luciole_phase1/fineweb2_regional_text_document', '/work/datasets/AI/tokens_luciole_phase1/gallica_monographies_fr_text_document', '/work/datasets/AI/tokens_luciole_phase1/gallica_press_fr_text_document', '/work/datasets/AI/tokens_luciole_phase1/gutenberg_de_text_document', '/work/datasets/AI/tokens_luciole_phase1/gutenberg_en_text_document', '/work/datasets/AI/tokens_luciole_phase1/gutenberg_es_text_document', '/work/datasets/AI/tokens_luciole_phase1/gutenberg_fr_text_document', '/work/datasets/AI/tokens_luciole_phase1/gutenberg_it_text_document', '/work/datasets/AI/tokens_luciole_phase1/gutenberg_nl_text_document', '/work/datasets/AI/tokens_luciole_phase1/gutenberg_pt_text_document', '/work/datasets/AI/tokens_luciole_phase1/hal-cea_full-filtered_fr_text_document', '/work/datasets/AI/tokens_luciole_phase1/hplt2_fr_text_document_ratio1.30_phase0', '/work/datasets/AI/tokens_luciole_phase1/insee_fr_text_document', '/work/datasets/AI/tokens_luciole_phase1/math-pile_math_text_document', '/work/datasets/AI/tokens_luciole_phase1/opendata_fr_text_document', '/work/datasets/AI/tokens_luciole_phase1/parlement_fr_text_document', '/work/datasets/AI/tokens_luciole_phase1/starcoder-data_code_text_document', '/work/datasets/AI/tokens_luciole_phase1/theses_fr_text_document', '/work/datasets/AI/tokens_luciole_phase1/wikimedia-vikidia_ar_text_document', '/work/datasets/AI/tokens_luciole_phase1/wikimedia-vikidia_ca_text_document_ratio0.20_phase0', '/work/datasets/AI/tokens_luciole_phase1/wikimedia-vikidia_de_text_document', '/work/datasets/AI/tokens_luciole_phase1/wikimedia-vikidia_en_text_document', '/work/datasets/AI/tokens_luciole_phase1/wikimedia-vikidia_es_text_document', '/work/datasets/AI/tokens_luciole_phase1/wikimedia-vikidia_fr_text_document', '/work/datasets/AI/tokens_luciole_phase1/wikimedia-vikidia_it_text_document', '/work/datasets/AI/tokens_luciole_phase1/wikimedia-vikidia_pt_text_document', '/work/datasets/AI/tokens_luciole_phase1/wikimedia-vikidia_regional_text_document', '/work/datasets/AI/tokens_luciole_phase1/wikimedia_nl_text_document', '/work/datasets/AI/tokens_luciole_phase1/youtube_fr_text_document'], [29003.0, 92129.0, 66237.0, 3601664.0, 41322.0, 121969.0, 31276.0, 577279.0, 140138.0, 1299034.0, 107772.0, 929697.0, 712786.0, 5603.0, 2244221.0, 101533.0, 21049.0, 14354.0, 2748.0, 10166525.0, 531517.0, 31891.0, 382.0, 1869301.0, 652.0, 266173.0, 4985359.0, 482830.0, 204765.0, 11618464.0, 57012131.0, 93003263.0, 215607.0, 99752.0, 2150091.0, 214754282.0, 3350461.0, 92529.0, 27173931.0, 24393496.0, 50038822.0, 13377940.0, 7435763.0, 9800040.0, 2132152.0, 5842786.0, 22850320.0, 42330.0, 1187655.0, 21778.0, 91991.0, 29909.0, 24430.0, 9241.0, 7828031.0, 70401931.0, 55377.0, 2345197.0, 2749409.0, 282826.0, 62922795.0, 3239718.0, 265451.0, 58530.0, 1098595.0, 2882825.0, 631843.0, 1276052.0, 654077.0, 304392.0, 119234.0, 345319.0, 76194.0]], blend_per_split=None, split='1,0,0', split_matrix=[(0, 1.0), None, None], num_dataset_builder_threads=1, path_to_cache='/tmpdir/barman/bs1024_fullrun/outputs/index_mapping', mmap_bin_files=True, mock=False, tokenizer=<nemo.collections.common.tokenizers.huggingface.auto_tokenizer.AutoTokenizer object at 0x4005990b0200>, reset_position_ids=False, reset_attention_mask=False, eod_mask_loss=False, create_attention_mask=False, drop_last_partial_validation_sequence=True, add_extra_token_to_sequence=True, s3_cache_path=None)
[NeMo I 2026-04-30 09:57:47 utils:532] Load the _IndexReader from /work/datasets/AI/tokens_luciole_phase1/claire_open_en_text_document.idx
[NeMo I 2026-04-30 09:57:49 utils:532] 	Extract the sequence lengths
[NeMo I 2026-04-30 09:57:49 utils:532] 	Extract the sequence pointers
[NeMo I 2026-04-30 09:57:49 utils:532] 	Extract the document indices
[NeMo I 2026-04-30 09:57:49 utils:532] > total number of sequences: 462740
[NeMo I 2026-04-30 09:57:49 utils:532] > total number of documents: 462740
[NeMo I 2026-04-30 09:57:49 utils:532] Load the GPTDataset train indices
[NeMo I 2026-04-30 09:57:49 utils:532] 	Load the document index from c278a2eb266ce1172450760e13116258-GPTDataset-train-document_index.npy
[NeMo I 2026-04-30 09:57:49 utils:532] 	Load the sample index from c278a2eb266ce1172450760e13116258-GPTDataset-train-sample_index.npy
[NeMo I 2026-04-30 09:57:49 utils:532] 	Load the shuffle index from c278a2eb266ce1172450760e13116258-GPTDataset-train-shuffle_index.npy
[NeMo I 2026-04-30 09:57:49 utils:532] > total number of samples: 58006
[NeMo I 2026-04-30 09:57:49 utils:532] Load the _IndexReader from /work/datasets/AI/tokens_luciole_phase1/claire_open_fr_text_document.idx
[NeMo I 2026-04-30 09:57:49 utils:532] 	Extract the sequence lengths
[NeMo I 2026-04-30 09:57:49 utils:532] 	Extract the sequence pointers
[NeMo I 2026-04-30 09:57:49 utils:532] 	Extract the document indices
[NeMo I 2026-04-30 09:57:49 utils:532] > total number of sequences: 14526
[NeMo I 2026-04-30 09:57:49 utils:532] > total number of documents: 14526
[NeMo I 2026-04-30 09:57:49 utils:532] Load the GPTDataset train indices
[NeMo I 2026-04-30 09:57:49 utils:532] 	Load the document index from e9e3df595a4f5c19d8afbab5002daa48-GPTDataset-train-document_index.npy
[NeMo I 2026-04-30 09:57:49 utils:532] 	Load the sample index from e9e3df595a4f5c19d8afbab5002daa48-GPTDataset-train-sample_index.npy
[NeMo I 2026-04-30 09:57:49 utils:532] 	Load the shuffle index from e9e3df595a4f5c19d8afbab5002daa48-GPTDataset-train-shuffle_index.npy
[NeMo I 2026-04-30 09:57:49 utils:532] > total number of samples: 138193
[NeMo I 2026-04-30 09:57:49 utils:532] Load the _IndexReader from /work/datasets/AI/tokens_luciole_phase1/common-corpus_bnl-newspapers-1841-1879_fr_text_document.idx
[NeMo I 2026-04-30 09:57:49 utils:532] 	Extract the sequence lengths
[NeMo I 2026-04-30 09:57:49 utils:532] 	Extract the sequence pointers
[NeMo I 2026-04-30 09:57:49 utils:532] 	Extract the document indices
[NeMo I 2026-04-30 09:57:49 utils:532] > total number of sequences: 315272
[NeMo I 2026-04-30 09:57:49 utils:532] > total number of documents: 315272
[NeMo I 2026-04-30 09:57:49 utils:532] Load the GPTDataset train indices
[NeMo I 2026-04-30 09:57:49 utils:532] 	Load the document index from bf49c6faa0d4a2569c1d2a543370fada-GPTDataset-train-document_index.npy
[NeMo I 2026-04-30 09:57:49 utils:532] 	Load the sample index from bf49c6faa0d4a2569c1d2a543370fada-GPTDataset-train-sample_index.npy
[NeMo I 2026-04-30 09:57:49 utils:532] 	Load the shuffle index from bf49c6faa0d4a2569c1d2a543370fada-GPTDataset-train-shuffle_index.npy
[NeMo I 2026-04-30 09:57:49 utils:532] > total number of samples: 132475
[NeMo I 2026-04-30 09:57:49 utils:532] Load the _IndexReader from /work/datasets/AI/tokens_luciole_phase1/common-corpus_eurlex_multi_text_document.idx
[NeMo I 2026-04-30 09:57:52 utils:532] 	Extract the sequence lengths
[NeMo I 2026-04-30 09:57:52 utils:532] 	Extract the sequence pointers
[NeMo I 2026-04-30 09:57:52 utils:532] 	Extract the document indices
[NeMo I 2026-04-30 09:57:52 utils:532] > total number of sequences: 1803972
[NeMo I 2026-04-30 09:57:52 utils:532] > total number of documents: 1803972
[NeMo I 2026-04-30 09:57:52 utils:532] Load the GPTDataset train indices
[NeMo I 2026-04-30 09:57:52 utils:532] 	Load the document index from d0e71574d22e0e9587d79d18462d5269-GPTDataset-train-document_index.npy
[NeMo I 2026-04-30 09:57:52 utils:532] 	Load the sample index from d0e71574d22e0e9587d79d18462d5269-GPTDataset-train-sample_index.npy
[NeMo I 2026-04-30 09:57:52 utils:532] 	Load the shuffle index from d0e71574d22e0e9587d79d18462d5269-GPTDataset-train-shuffle_index.npy
[NeMo I 2026-04-30 09:57:52 utils:532] > total number of samples: 7203329
[NeMo I 2026-04-30 09:57:52 utils:532] Load the _IndexReader from /work/datasets/AI/tokens_luciole_phase1/common-corpus_gatt-library_multi_text_document.idx
[NeMo I 2026-04-30 09:57:52 utils:532] 	Extract the sequence lengths
[NeMo I 2026-04-30 09:57:52 utils:532] 	Extract the sequence pointers
[NeMo I 2026-04-30 09:57:52 utils:532] 	Extract the document indices
[NeMo I 2026-04-30 09:57:52 utils:532] > total number of sequences: 55289
[NeMo I 2026-04-30 09:57:52 utils:532] > total number of documents: 55289
[NeMo I 2026-04-30 09:57:52 utils:532] Load the GPTDataset train indices
[NeMo I 2026-04-30 09:57:52 utils:532] 	Load the document index from 0e3af409956f4c7e07347f35d50e7331-GPTDataset-train-document_index.npy
[NeMo I 2026-04-30 09:57:52 utils:532] 	Load the sample index from 0e3af409956f4c7e07347f35d50e7331-GPTDataset-train-sample_index.npy
[NeMo I 2026-04-30 09:57:52 utils:532] 	Load the shuffle index from 0e3af409956f4c7e07347f35d50e7331-GPTDataset-train-shuffle_index.npy
[NeMo I 2026-04-30 09:57:52 utils:532] > total number of samples: 82644
[NeMo I 2026-04-30 09:57:52 utils:532] Load the _IndexReader from /work/datasets/AI/tokens_luciole_phase1/common-corpus_oecd_multi_text_document.idx
[NeMo I 2026-04-30 09:57:52 utils:532] 	Extract the sequence lengths
[NeMo I 2026-04-30 09:57:52 utils:532] 	Extract the sequence pointers
[NeMo I 2026-04-30 09:57:52 utils:532] 	Extract the document indices
[NeMo I 2026-04-30 09:57:52 utils:532] > total number of sequences: 68581
[NeMo I 2026-04-30 09:57:52 utils:532] > total number of documents: 68581
[NeMo I 2026-04-30 09:57:52 utils:532] Load the GPTDataset train indices
[NeMo I 2026-04-30 09:57:52 utils:532] 	Load the document index from b6cd086337313001b25df2df65dc4979-GPTDataset-train-document_index.npy
[NeMo I 2026-04-30 09:57:52 utils:532] 	Load the sample index from b6cd086337313001b25df2df65dc4979-GPTDataset-train-sample_index.npy
[NeMo I 2026-04-30 09:57:52 utils:532] 	Load the shuffle index from b6cd086337313001b25df2df65dc4979-GPTDataset-train-shuffle_index.npy
[NeMo I 2026-04-30 09:57:52 utils:532] > total number of samples: 243939
[NeMo I 2026-04-30 09:57:52 utils:532] Load the _IndexReader from /work/datasets/AI/tokens_luciole_phase1/common-corpus_tedeutenders_multi_text_document.idx
[NeMo I 2026-04-30 09:57:52 utils:532] 	Extract the sequence lengths
[NeMo I 2026-04-30 09:57:52 utils:532] 	Extract the sequence pointers
[NeMo I 2026-04-30 09:57:52 utils:532] 	Extract the document indices
[NeMo I 2026-04-30 09:57:52 utils:532] > total number of sequences: 51785
[NeMo I 2026-04-30 09:57:52 utils:532] > total number of documents: 51785
[NeMo I 2026-04-30 09:57:52 utils:532] Load the GPTDataset train indices
[NeMo I 2026-04-30 09:57:52 utils:532] 	Load the document index from a64f343cb03a044e015584691cbd866c-GPTDataset-train-document_index.npy
[NeMo I 2026-04-30 09:57:52 utils:532] 	Load the sample index from a64f343cb03a044e015584691cbd866c-GPTDataset-train-sample_index.npy
[NeMo I 2026-04-30 09:57:52 utils:532] 	Load the shuffle index from a64f343cb03a044e015584691cbd866c-GPTDataset-train-shuffle_index.npy
[NeMo I 2026-04-30 09:57:52 utils:532] > total number of samples: 62552
[NeMo I 2026-04-30 09:57:52 utils:532] Load the _IndexReader from /work/datasets/AI/tokens_luciole_phase1/common-corpus_wto_multi_text_document.idx
[NeMo I 2026-04-30 09:57:55 utils:532] 	Extract the sequence lengths
[NeMo I 2026-04-30 09:57:55 utils:532] 	Extract the sequence pointers
[NeMo I 2026-04-30 09:57:55 utils:532] 	Extract the document indices
[NeMo I 2026-04-30 09:57:55 utils:532] > total number of sequences: 644356
[NeMo I 2026-04-30 09:57:55 utils:532] > total number of documents: 644356
[NeMo I 2026-04-30 09:57:55 utils:532] Load the GPTDataset train indices
[NeMo I 2026-04-30 09:57:55 utils:532] 	Load the document index from 899999aa2e00ad0df6aa025824d3a581-GPTDataset-train-document_index.npy
[NeMo I 2026-04-30 09:57:55 utils:532] 	Load the sample index from 899999aa2e00ad0df6aa025824d3a581-GPTDataset-train-sample_index.npy
[NeMo I 2026-04-30 09:57:55 utils:532] 	Load the shuffle index from 899999aa2e00ad0df6aa025824d3a581-GPTDataset-train-shuffle_index.npy
[NeMo I 2026-04-30 09:57:55 utils:532] > total number of samples: 1154559
[NeMo I 2026-04-30 09:57:55 utils:532] Load the _IndexReader from /work/datasets/AI/tokens_luciole_phase1/common-pile_arxiv-abstracts_en_text_document.idx
[NeMo I 2026-04-30 09:57:58 utils:532] 	Extract the sequence lengths
[NeMo I 2026-04-30 09:57:58 utils:532] 	Extract the sequence pointers
[NeMo I 2026-04-30 09:57:58 utils:532] 	Extract the document indices
[NeMo I 2026-04-30 09:57:58 utils:532] > total number of sequences: 2494948
[NeMo I 2026-04-30 09:57:58 utils:532] > total number of documents: 2494948
[NeMo I 2026-04-30 09:57:58 utils:532] Load the GPTDataset train indices
[NeMo I 2026-04-30 09:57:58 utils:532] 	Load the document index from 978e5d407878da5e8c7ccb07f93574f6-GPTDataset-train-document_index.npy
[NeMo I 2026-04-30 09:57:58 utils:532] 	Load the sample index from 978e5d407878da5e8c7ccb07f93574f6-GPTDataset-train-sample_index.npy
[NeMo I 2026-04-30 09:57:58 utils:532] 	Load the shuffle index from 978e5d407878da5e8c7ccb07f93574f6-GPTDataset-train-shuffle_index.npy
[NeMo I 2026-04-30 09:57:58 utils:532] > total number of samples: 280276
[NeMo I 2026-04-30 09:57:58 utils:532] Load the _IndexReader from /work/datasets/AI/tokens_luciole_phase1/common-pile_arxiv-papers_en_text_document.idx
[NeMo I 2026-04-30 09:57:58 utils:532] 	Extract the sequence lengths
[NeMo I 2026-04-30 09:57:58 utils:532] 	Extract the sequence pointers
[NeMo I 2026-04-30 09:57:58 utils:532] 	Extract the document indices
[NeMo I 2026-04-30 09:57:58 utils:532] > total number of sequences: 265829
[NeMo I 2026-04-30 09:57:58 utils:532] > total number of documents: 265829
[NeMo I 2026-04-30 09:57:58 utils:532] Load the GPTDataset train indices
[NeMo I 2026-04-30 09:57:58 utils:532] 	Load the document index from 608896eed76c237d9c3ae1cdd7b03116-GPTDataset-train-document_index.npy
[NeMo I 2026-04-30 09:57:58 utils:532] 	Load the sample index from 608896eed76c237d9c3ae1cdd7b03116-GPTDataset-train-sample_index.npy
[NeMo I 2026-04-30 09:57:58 utils:532] 	Load the shuffle index from 608896eed76c237d9c3ae1cdd7b03116-GPTDataset-train-shuffle_index.npy
[NeMo I 2026-04-30 09:57:58 utils:532] > total number of samples: 2598069
[NeMo I 2026-04-30 09:57:58 utils:532] Load the _IndexReader from /work/datasets/AI/tokens_luciole_phase1/common-pile_biodiversity-heritage-library_en_text_document.idx
[NeMo I 2026-04-30 09:58:00 utils:532] 	Extract the sequence lengths
[NeMo I 2026-04-30 09:58:00 utils:532] 	Extract the sequence pointers
[NeMo I 2026-04-30 09:58:00 utils:532] 	Extract the document indices
[NeMo I 2026-04-30 09:58:00 utils:532] > total number of sequences: 14559324
[NeMo I 2026-04-30 09:58:00 utils:532] > total number of documents: 14559324
[NeMo I 2026-04-30 09:58:00 utils:532] Load the GPTDataset train indices
[NeMo I 2026-04-30 09:58:00 utils:532] 	Load the document index from 7c3c1c36c58a456be99aeb3129c42a47-GPTDataset-train-document_index.npy
[NeMo I 2026-04-30 09:58:00 utils:532] 	Load the sample index from 7c3c1c36c58a456be99aeb3129c42a47-GPTDataset-train-sample_index.npy
[NeMo I 2026-04-30 09:58:00 utils:532] 	Load the shuffle index from 7c3c1c36c58a456be99aeb3129c42a47-GPTDataset-train-shuffle_index.npy
[NeMo I 2026-04-30 09:58:00 utils:532] > total number of samples: 2155443
[NeMo I 2026-04-30 09:58:00 utils:532] Load the _IndexReader from /work/datasets/AI/tokens_luciole_phase1/common-pile_caselaw-access-project_en_text_document.idx
[NeMo I 2026-04-30 09:58:00 utils:532] 	Extract the sequence lengths
[NeMo I 2026-04-30 09:58:00 utils:532] 	Extract the sequence pointers
[NeMo I 2026-04-30 09:58:00 utils:532] 	Extract the document indices
[NeMo I 2026-04-30 09:58:00 utils:532] > total number of sequences: 6675458
[NeMo I 2026-04-30 09:58:00 utils:532] > total number of documents: 6675458
[NeMo I 2026-04-30 09:58:00 utils:532] Load the GPTDataset train indices
[NeMo I 2026-04-30 09:58:00 utils:532] 	Load the document index from ec105bfa9c756daba1dfd117e687d172-GPTDataset-train-document_index.npy
[NeMo I 2026-04-30 09:58:00 utils:532] 	Load the sample index from ec105bfa9c756daba1dfd117e687d172-GPTDataset-train-sample_index.npy
[NeMo I 2026-04-30 09:58:00 utils:532] 	Load the shuffle index from ec105bfa9c756daba1dfd117e687d172-GPTDataset-train-shuffle_index.npy
[NeMo I 2026-04-30 09:58:00 utils:532] > total number of samples: 4648487
[NeMo I 2026-04-30 09:58:00 utils:532] Load the _IndexReader from /work/datasets/AI/tokens_luciole_phase1/common-pile_doab_en_text_document.idx
[NeMo I 2026-04-30 09:58:03 utils:532] 	Extract the sequence lengths
[NeMo I 2026-04-30 09:58:03 utils:532] 	Extract the sequence pointers
[NeMo I 2026-04-30 09:58:03 utils:532] 	Extract the document indices
[NeMo I 2026-04-30 09:58:03 utils:532] > total number of sequences: 392508
[NeMo I 2026-04-30 09:58:03 utils:532] > total number of documents: 392508
[NeMo I 2026-04-30 09:58:03 utils:532] Load the GPTDataset train indices
[NeMo I 2026-04-30 09:58:03 utils:532] 	Load the document index from 95b255fdfe8df21733b838fde7ffb303-GPTDataset-train-document_index.npy
[NeMo I 2026-04-30 09:58:03 utils:532] 	Load the sample index from 95b255fdfe8df21733b838fde7ffb303-GPTDataset-train-sample_index.npy
[NeMo I 2026-04-30 09:58:03 utils:532] 	Load the shuffle index from 95b255fdfe8df21733b838fde7ffb303-GPTDataset-train-shuffle_index.npy
[NeMo I 2026-04-30 09:58:03 utils:532] > total number of samples: 1425572
[NeMo I 2026-04-30 09:58:03 utils:532] Load the _IndexReader from /work/datasets/AI/tokens_luciole_phase1/common-pile_foodista_en_text_document.idx
[NeMo I 2026-04-30 09:58:03 utils:532] 	Extract the sequence lengths
[NeMo I 2026-04-30 09:58:03 utils:532] 	Extract the sequence pointers
[NeMo I 2026-04-30 09:58:03 utils:532] 	Extract the document indices
[NeMo I 2026-04-30 09:58:03 utils:532] > total number of sequences: 64362
[NeMo I 2026-04-30 09:58:03 utils:532] > total number of documents: 64362
[NeMo I 2026-04-30 09:58:03 utils:532] Load the GPTDataset train indices
[NeMo I 2026-04-30 09:58:03 utils:532] 	Load the document index from ce26f4c8e127de4a3d70bf0e960f511b-GPTDataset-train-document_index.npy
[NeMo I 2026-04-30 09:58:03 utils:532] 	Load the sample index from ce26f4c8e127de4a3d70bf0e960f511b-GPTDataset-train-sample_index.npy
[NeMo I 2026-04-30 09:58:03 utils:532] 	Load the shuffle index from ce26f4c8e127de4a3d70bf0e960f511b-GPTDataset-train-shuffle_index.npy
[NeMo I 2026-04-30 09:58:03 utils:532] > total number of samples: 11206
[NeMo I 2026-04-30 09:58:03 utils:532] Load the _IndexReader from /work/datasets/AI/tokens_luciole_phase1/common-pile_github-archive_en_text_document.idx
[NeMo I 2026-04-30 09:58:03 utils:532] 	Extract the sequence lengths
[NeMo I 2026-04-30 09:58:03 utils:532] 	Extract the sequence pointers
[NeMo I 2026-04-30 09:58:03 utils:532] 	Extract the document indices
[NeMo I 2026-04-30 09:58:03 utils:532] > total number of sequences: 21453611
[NeMo I 2026-04-30 09:58:03 utils:532] > total number of documents: 21453611
[NeMo I 2026-04-30 09:58:03 utils:532] Load the GPTDataset train indices
[NeMo I 2026-04-30 09:58:03 utils:532] 	Load the document index from 24c349adb8df689f5f8e3c132574a8db-GPTDataset-train-document_index.npy
[NeMo I 2026-04-30 09:58:03 utils:532] 	Load the sample index from 24c349adb8df689f5f8e3c132574a8db-GPTDataset-train-sample_index.npy
[NeMo I 2026-04-30 09:58:03 utils:532] 	Load the shuffle index from 24c349adb8df689f5f8e3c132574a8db-GPTDataset-train-shuffle_index.npy
[NeMo I 2026-04-30 09:58:03 utils:532] > total number of samples: 4488442
[NeMo I 2026-04-30 09:58:03 utils:532] Load the _IndexReader from /work/datasets/AI/tokens_luciole_phase1/common-pile_library-of-congress_en_text_document.idx
[NeMo I 2026-04-30 09:58:03 utils:532] 	Extract the sequence lengths
[NeMo I 2026-04-30 09:58:03 utils:532] 	Extract the sequence pointers
[NeMo I 2026-04-30 09:58:03 utils:532] 	Extract the document indices
[NeMo I 2026-04-30 09:58:03 utils:532] > total number of sequences: 128517
[NeMo I 2026-04-30 09:58:03 utils:532] > total number of documents: 128517
[NeMo I 2026-04-30 09:58:03 utils:532] Load the GPTDataset train indices
[NeMo I 2026-04-30 09:58:03 utils:532] 	Load the document index from 32fcea92eadf81eda1ef5e479f98cc85-GPTDataset-train-document_index.npy
[NeMo I 2026-04-30 09:58:03 utils:532] 	Load the sample index from 32fcea92eadf81eda1ef5e479f98cc85-GPTDataset-train-sample_index.npy
[NeMo I 2026-04-30 09:58:03 utils:532] 	Load the shuffle index from 32fcea92eadf81eda1ef5e479f98cc85-GPTDataset-train-shuffle_index.npy
[NeMo I 2026-04-30 09:58:03 utils:532] > total number of samples: 2030664
[NeMo I 2026-04-30 09:58:03 utils:532] Load the _IndexReader from /work/datasets/AI/tokens_luciole_phase1/common-pile_libretexts_en_text_document.idx
[NeMo I 2026-04-30 09:58:03 utils:532] 	Extract the sequence lengths
[NeMo I 2026-04-30 09:58:03 utils:532] 	Extract the sequence pointers
[NeMo I 2026-04-30 09:58:03 utils:532] 	Extract the document indices
[NeMo I 2026-04-30 09:58:03 utils:532] > total number of sequences: 39197
[NeMo I 2026-04-30 09:58:03 utils:532] > total number of documents: 39197
[NeMo I 2026-04-30 09:58:03 utils:532] Load the GPTDataset train indices
[NeMo I 2026-04-30 09:58:03 utils:532] 	Load the document index from 59f138e65187f3a05870ceada4e6b6d4-GPTDataset-train-document_index.npy
[NeMo I 2026-04-30 09:58:03 utils:532] 	Load the sample index from 59f138e65187f3a05870ceada4e6b6d4-GPTDataset-train-sample_index.npy
[NeMo I 2026-04-30 09:58:03 utils:532] 	Load the shuffle index from 59f138e65187f3a05870ceada4e6b6d4-GPTDataset-train-shuffle_index.npy
[NeMo I 2026-04-30 09:58:03 utils:532] > total number of samples: 42098
[NeMo I 2026-04-30 09:58:03 utils:532] Load the _IndexReader from /work/datasets/AI/tokens_luciole_phase1/common-pile_news_en_text_document.idx
[NeMo I 2026-04-30 09:58:03 utils:532] 	Extract the sequence lengths
[NeMo I 2026-04-30 09:58:03 utils:532] 	Extract the sequence pointers
[NeMo I 2026-04-30 09:58:03 utils:532] 	Extract the document indices
[NeMo I 2026-04-30 09:58:03 utils:532] > total number of sequences: 124462
[NeMo I 2026-04-30 09:58:03 utils:532] > total number of documents: 124462
[NeMo I 2026-04-30 09:58:03 utils:532] Load the GPTDataset train indices
[NeMo I 2026-04-30 09:58:03 utils:532] 	Load the document index from bfa8f51461bce61153eb586fb1ecd2dc-GPTDataset-train-document_index.npy
[NeMo I 2026-04-30 09:58:04 utils:532] 	Load the sample index from bfa8f51461bce61153eb586fb1ecd2dc-GPTDataset-train-sample_index.npy
[NeMo I 2026-04-30 09:58:04 utils:532] 	Load the shuffle index from bfa8f51461bce61153eb586fb1ecd2dc-GPTDataset-train-shuffle_index.npy
[NeMo I 2026-04-30 09:58:04 utils:532] > total number of samples: 28708
[NeMo I 2026-04-30 09:58:04 utils:532] Load the _IndexReader from /work/datasets/AI/tokens_luciole_phase1/common-pile_oercommons_en_text_document.idx
[NeMo I 2026-04-30 09:58:04 utils:532] 	Extract the sequence lengths
[NeMo I 2026-04-30 09:58:04 utils:532] 	Extract the sequence pointers
[NeMo I 2026-04-30 09:58:04 utils:532] 	Extract the document indices
[NeMo I 2026-04-30 09:58:04 utils:532] > total number of sequences: 5209
[NeMo I 2026-04-30 09:58:04 utils:532] > total number of documents: 5209
[NeMo I 2026-04-30 09:58:04 utils:532] Load the GPTDataset train indices
[NeMo I 2026-04-30 09:58:04 utils:532] 	Load the document index from d84be8ded1d9263c60b37e2dd2ccae0f-GPTDataset-train-document_index.npy
[NeMo I 2026-04-30 09:58:04 utils:532] 	Load the sample index from d84be8ded1d9263c60b37e2dd2ccae0f-GPTDataset-train-sample_index.npy
[NeMo I 2026-04-30 09:58:04 utils:532] 	Load the shuffle index from d84be8ded1d9263c60b37e2dd2ccae0f-GPTDataset-train-shuffle_index.npy
[NeMo I 2026-04-30 09:58:04 utils:532] > total number of samples: 5497
[NeMo I 2026-04-30 09:58:04 utils:532] Load the _IndexReader from /work/datasets/AI/tokens_luciole_phase1/common-pile_peS2o_en_text_document.idx
[NeMo I 2026-04-30 09:58:07 utils:532] 	Extract the sequence lengths
[NeMo I 2026-04-30 09:58:07 utils:532] 	Extract the sequence pointers
[NeMo I 2026-04-30 09:58:07 utils:532] 	Extract the document indices
[NeMo I 2026-04-30 09:58:07 utils:532] > total number of sequences: 6108597
[NeMo I 2026-04-30 09:58:07 utils:532] > total number of documents: 6108597
[NeMo I 2026-04-30 09:58:07 utils:532] Load the GPTDataset train indices
[NeMo I 2026-04-30 09:58:07 utils:532] 	Load the document index from 9e039f577ccdd45b49b326fda56daf9d-GPTDataset-train-document_index.npy
[NeMo I 2026-04-30 09:58:07 utils:532] 	Load the sample index from 9e039f577ccdd45b49b326fda56daf9d-GPTDataset-train-sample_index.npy
[NeMo I 2026-04-30 09:58:07 utils:532] 	Load the shuffle index from 9e039f577ccdd45b49b326fda56daf9d-GPTDataset-train-shuffle_index.npy
[NeMo I 2026-04-30 09:58:07 utils:532] > total number of samples: 20333050
[NeMo I 2026-04-30 09:58:07 utils:532] Load the _IndexReader from /work/datasets/AI/tokens_luciole_phase1/common-pile_pre-1929-books_en_text_document.idx
[NeMo I 2026-04-30 09:58:07 utils:532] 	Extract the sequence lengths
[NeMo I 2026-04-30 09:58:07 utils:532] 	Extract the sequence pointers
[NeMo I 2026-04-30 09:58:07 utils:532] 	Extract the document indices
[NeMo I 2026-04-30 09:58:07 utils:532] > total number of sequences: 124257
[NeMo I 2026-04-30 09:58:07 utils:532] > total number of documents: 124257
[NeMo I 2026-04-30 09:58:07 utils:532] Load the GPTDataset train indices
[NeMo I 2026-04-30 09:58:07 utils:532] 	Load the document index from 74731a6e40c4ceaa81c8c96085bfd237-GPTDataset-train-document_index.npy
[NeMo I 2026-04-30 09:58:07 utils:532] 	Load the sample index from 74731a6e40c4ceaa81c8c96085bfd237-GPTDataset-train-sample_index.npy
[NeMo I 2026-04-30 09:58:07 utils:532] 	Load the shuffle index from 74731a6e40c4ceaa81c8c96085bfd237-GPTDataset-train-shuffle_index.npy
[NeMo I 2026-04-30 09:58:07 utils:532] > total number of samples: 2657587
[NeMo I 2026-04-30 09:58:07 utils:532] Load the _IndexReader from /work/datasets/AI/tokens_luciole_phase1/common-pile_pressbooks_en_text_document.idx
[NeMo I 2026-04-30 09:58:07 utils:532] 	Extract the sequence lengths
[NeMo I 2026-04-30 09:58:07 utils:532] 	Extract the sequence pointers
[NeMo I 2026-04-30 09:58:07 utils:532] 	Extract the document indices
[NeMo I 2026-04-30 09:58:07 utils:532] > total number of sequences: 53819
[NeMo I 2026-04-30 09:58:07 utils:532] > total number of documents: 53819
[NeMo I 2026-04-30 09:58:07 utils:532] Load the GPTDataset train indices
[NeMo I 2026-04-30 09:58:07 utils:532] 	Load the document index from 48e6de04e97c2a9e86d1e0a8bd74b72e-GPTDataset-train-document_index.npy
[NeMo I 2026-04-30 09:58:07 utils:532] 	Load the sample index from 48e6de04e97c2a9e86d1e0a8bd74b72e-GPTDataset-train-sample_index.npy
[NeMo I 2026-04-30 09:58:07 utils:532] 	Load the shuffle index from 48e6de04e97c2a9e86d1e0a8bd74b72e-GPTDataset-train-shuffle_index.npy
[NeMo I 2026-04-30 09:58:07 utils:532] > total number of samples: 63783
[NeMo I 2026-04-30 09:58:07 utils:532] Load the _IndexReader from /work/datasets/AI/tokens_luciole_phase1/common-pile_public-domain-review_en_text_document.idx
[NeMo I 2026-04-30 09:58:07 utils:532] 	Extract the sequence lengths
[NeMo I 2026-04-30 09:58:07 utils:532] 	Extract the sequence pointers
[NeMo I 2026-04-30 09:58:07 utils:532] 	Extract the document indices
[NeMo I 2026-04-30 09:58:07 utils:532] > total number of sequences: 1406
[NeMo I 2026-04-30 09:58:07 utils:532] > total number of documents: 1406
[NeMo I 2026-04-30 09:58:07 utils:532] Load the GPTDataset train indices
[NeMo I 2026-04-30 09:58:07 utils:532] 	Load the document index from 6f9e86b1a98763d6698d1e9954f5edd0-GPTDataset-train-document_index.npy
[NeMo I 2026-04-30 09:58:07 utils:532] 	Load the sample index from 6f9e86b1a98763d6698d1e9954f5edd0-GPTDataset-train-sample_index.npy
[NeMo I 2026-04-30 09:58:07 utils:532] 	Load the shuffle index from 6f9e86b1a98763d6698d1e9954f5edd0-GPTDataset-train-shuffle_index.npy
[NeMo I 2026-04-30 09:58:07 utils:532] > total number of samples: 765
[NeMo I 2026-04-30 09:58:07 utils:532] Load the _IndexReader from /work/datasets/AI/tokens_luciole_phase1/common-pile_pubmed_en_text_document.idx
[NeMo I 2026-04-30 09:58:09 utils:532] 	Extract the sequence lengths
[NeMo I 2026-04-30 09:58:09 utils:532] 	Extract the sequence pointers
[NeMo I 2026-04-30 09:58:09 utils:532] 	Extract the document indices
[NeMo I 2026-04-30 09:58:09 utils:532] > total number of sequences: 3775036
[NeMo I 2026-04-30 09:58:09 utils:532] > total number of documents: 3775036
[NeMo I 2026-04-30 09:58:09 utils:532] Load the GPTDataset train indices
[NeMo I 2026-04-30 09:58:09 utils:532] 	Load the document index from ed9c7e8ff0fc787ece92a31011aade01-GPTDataset-train-document_index.npy
[NeMo I 2026-04-30 09:58:09 utils:532] 	Load the sample index from ed9c7e8ff0fc787ece92a31011aade01-GPTDataset-train-sample_index.npy
[NeMo I 2026-04-30 09:58:09 utils:532] 	Load the shuffle index from ed9c7e8ff0fc787ece92a31011aade01-GPTDataset-train-shuffle_index.npy
[NeMo I 2026-04-30 09:58:09 utils:532] > total number of samples: 9346505
[NeMo I 2026-04-30 09:58:09 utils:532] Load the _IndexReader from /work/datasets/AI/tokens_luciole_phase1/common-pile_python-enhancement-proposals_en_text_document.idx
[NeMo I 2026-04-30 09:58:09 utils:532] 	Extract the sequence lengths
[NeMo I 2026-04-30 09:58:09 utils:532] 	Extract the sequence pointers
[NeMo I 2026-04-30 09:58:09 utils:532] 	Extract the document indices
[NeMo I 2026-04-30 09:58:09 utils:532] > total number of sequences: 646
[NeMo I 2026-04-30 09:58:09 utils:532] > total number of documents: 646
[NeMo I 2026-04-30 09:58:09 utils:532] Load the GPTDataset train indices
[NeMo I 2026-04-30 09:58:09 utils:532] 	Load the document index from 86d7711a29ef80b8e2382302c0d50784-GPTDataset-train-document_index.npy
[NeMo I 2026-04-30 09:58:09 utils:532] 	Load the sample index from 86d7711a29ef80b8e2382302c0d50784-GPTDataset-train-sample_index.npy
[NeMo I 2026-04-30 09:58:09 utils:532] 	Load the shuffle index from 86d7711a29ef80b8e2382302c0d50784-GPTDataset-train-shuffle_index.npy
[NeMo I 2026-04-30 09:58:09 utils:532] > total number of samples: 1305
[NeMo I 2026-04-30 09:58:09 utils:532] Load the _IndexReader from /work/datasets/AI/tokens_luciole_phase1/common-pile_regulations_en_text_document.idx
[NeMo I 2026-04-30 09:58:09 utils:532] 	Extract the sequence lengths
[NeMo I 2026-04-30 09:58:09 utils:532] 	Extract the sequence pointers
[NeMo I 2026-04-30 09:58:09 utils:532] 	Extract the document indices
[NeMo I 2026-04-30 09:58:09 utils:532] > total number of sequences: 188458
[NeMo I 2026-04-30 09:58:09 utils:532] > total number of documents: 188458
[NeMo I 2026-04-30 09:58:09 utils:532] Load the GPTDataset train indices
[NeMo I 2026-04-30 09:58:09 utils:532] 	Load the document index from 89b0a7e11cdc7ad898db82aa581381d4-GPTDataset-train-document_index.npy
[NeMo I 2026-04-30 09:58:09 utils:532] 	Load the sample index from 89b0a7e11cdc7ad898db82aa581381d4-GPTDataset-train-sample_index.npy
[NeMo I 2026-04-30 09:58:09 utils:532] 	Load the shuffle index from 89b0a7e11cdc7ad898db82aa581381d4-GPTDataset-train-shuffle_index.npy
[NeMo I 2026-04-30 09:58:09 utils:532] > total number of samples: 532346
[NeMo I 2026-04-30 09:58:09 utils:532] Load the _IndexReader from /work/datasets/AI/tokens_luciole_phase1/common-pile_stackexchange_en_text_document.idx
[NeMo I 2026-04-30 09:58:12 utils:532] 	Extract the sequence lengths
[NeMo I 2026-04-30 09:58:12 utils:532] 	Extract the sequence pointers
[NeMo I 2026-04-30 09:58:12 utils:532] 	Extract the document indices
[NeMo I 2026-04-30 09:58:12 utils:532] > total number of sequences: 27698689
[NeMo I 2026-04-30 09:58:12 utils:532] > total number of documents: 27698689
[NeMo I 2026-04-30 09:58:12 utils:532] Load the GPTDataset train indices
[NeMo I 2026-04-30 09:58:12 utils:532] 	Load the document index from 19c7ff469537bb065841354a73066c3c-GPTDataset-train-document_index.npy
[NeMo I 2026-04-30 09:58:12 utils:532] 	Load the sample index from 19c7ff469537bb065841354a73066c3c-GPTDataset-train-sample_index.npy
[NeMo I 2026-04-30 09:58:12 utils:532] 	Load the shuffle index from 19c7ff469537bb065841354a73066c3c-GPTDataset-train-shuffle_index.npy
[NeMo I 2026-04-30 09:58:12 utils:532] > total number of samples: 9970719
[NeMo I 2026-04-30 09:58:12 utils:532] Load the _IndexReader from /work/datasets/AI/tokens_luciole_phase1/common-pile_ubuntu-irc_en_text_document.idx
[NeMo I 2026-04-30 09:58:12 utils:532] 	Extract the sequence lengths
[NeMo I 2026-04-30 09:58:12 utils:532] 	Extract the sequence pointers
[NeMo I 2026-04-30 09:58:12 utils:532] 	Extract the document indices
[NeMo I 2026-04-30 09:58:12 utils:532] > total number of sequences: 214985
[NeMo I 2026-04-30 09:58:12 utils:532] > total number of documents: 214985
[NeMo I 2026-04-30 09:58:12 utils:532] Load the GPTDataset train indices
[NeMo I 2026-04-30 09:58:12 utils:532] 	Load the document index from 4d4ee5eb2bed3536cc74337a566a5bfb-GPTDataset-train-document_index.npy
[NeMo I 2026-04-30 09:58:12 utils:532] 	Load the sample index from 4d4ee5eb2bed3536cc74337a566a5bfb-GPTDataset-train-sample_index.npy
[NeMo I 2026-04-30 09:58:12 utils:532] 	Load the shuffle index from 4d4ee5eb2bed3536cc74337a566a5bfb-GPTDataset-train-shuffle_index.npy
[NeMo I 2026-04-30 09:58:12 utils:532] > total number of samples: 965661
[NeMo I 2026-04-30 09:58:12 utils:532] Load the _IndexReader from /work/datasets/AI/tokens_luciole_phase1/common-pile_youtube_en_text_document.idx
[NeMo I 2026-04-30 09:58:12 utils:532] 	Extract the sequence lengths
[NeMo I 2026-04-30 09:58:12 utils:532] 	Extract the sequence pointers
[NeMo I 2026-04-30 09:58:12 utils:532] 	Extract the document indices
[NeMo I 2026-04-30 09:58:12 utils:532] > total number of sequences: 984915
[NeMo I 2026-04-30 09:58:12 utils:532] > total number of documents: 984915
[NeMo I 2026-04-30 09:58:12 utils:532] Load the GPTDataset train indices
[NeMo I 2026-04-30 09:58:12 utils:532] 	Load the document index from eb75be21094bb4512c69e5510aa37e7e-GPTDataset-train-document_index.npy
[NeMo I 2026-04-30 09:58:12 utils:532] 	Load the sample index from eb75be21094bb4512c69e5510aa37e7e-GPTDataset-train-sample_index.npy
[NeMo I 2026-04-30 09:58:12 utils:532] 	Load the shuffle index from eb75be21094bb4512c69e5510aa37e7e-GPTDataset-train-shuffle_index.npy
[NeMo I 2026-04-30 09:58:12 utils:532] > total number of samples: 1023829
[NeMo I 2026-04-30 09:58:12 utils:532] Load the _IndexReader from /work/datasets/AI/tokens_luciole_phase1/croissant-aligned_aligned_text_document.idx
[NeMo I 2026-04-30 09:58:13 utils:532] 	Extract the sequence lengths
[NeMo I 2026-04-30 09:58:13 utils:532] 	Extract the sequence pointers
[NeMo I 2026-04-30 09:58:13 utils:532] 	Extract the document indices
[NeMo I 2026-04-30 09:58:13 utils:532] > total number of sequences: 408028865
[NeMo I 2026-04-30 09:58:13 utils:532] > total number of documents: 408028865
[NeMo I 2026-04-30 09:58:13 utils:532] Load the GPTDataset train indices
[NeMo I 2026-04-30 09:58:13 utils:532] 	Load the document index from 4599affe3f6652fa2642e4001d2d95be-GPTDataset-train-document_index.npy
[NeMo I 2026-04-30 09:58:13 utils:532] 	Load the sample index from 4599affe3f6652fa2642e4001d2d95be-GPTDataset-train-sample_index.npy
[NeMo I 2026-04-30 09:58:13 utils:532] 	Load the shuffle index from 4599affe3f6652fa2642e4001d2d95be-GPTDataset-train-shuffle_index.npy
[NeMo I 2026-04-30 09:58:13 utils:532] > total number of samples: 17427696
[NeMo I 2026-04-30 09:58:13 utils:532] Load the _IndexReader from /work/datasets/AI/tokens_luciole_phase1/culturax_fr_text_document_ratio1.30_phase0.idx
[NeMo I 2026-04-30 09:58:16 utils:532] 	Extract the sequence lengths
[NeMo I 2026-04-30 09:58:16 utils:532] 	Extract the sequence pointers
[NeMo I 2026-04-30 09:58:16 utils:532] 	Extract the document indices
[NeMo I 2026-04-30 09:58:16 utils:532] > total number of sequences: 315407250
[NeMo I 2026-04-30 09:58:16 utils:532] > total number of documents: 315407250
[NeMo I 2026-04-30 09:58:16 utils:532] Load the GPTDataset train indices
[NeMo I 2026-04-30 09:58:16 utils:532] 	Load the document index from 5b4b380cd0d2debe889f3a6e24330ee2-GPTDataset-train-document_index.npy
[NeMo I 2026-04-30 09:58:16 utils:532] 	Load the sample index from 5b4b380cd0d2debe889f3a6e24330ee2-GPTDataset-train-sample_index.npy
[NeMo I 2026-04-30 09:58:16 utils:532] 	Load the shuffle index from 5b4b380cd0d2debe889f3a6e24330ee2-GPTDataset-train-shuffle_index.npy
[NeMo I 2026-04-30 09:58:16 utils:532] > total number of samples: 114034914
[NeMo I 2026-04-30 09:58:16 utils:532] Load the _IndexReader from /work/datasets/AI/tokens_luciole_phase1/dclm-dolmino_en_text_document_ratio0.75_phase0.idx
[NeMo I 2026-04-30 09:58:16 utils:532] 	Extract the sequence lengths
[NeMo I 2026-04-30 09:58:16 utils:532] 	Extract the sequence pointers
[NeMo I 2026-04-30 09:58:16 utils:532] 	Extract the document indices
[NeMo I 2026-04-30 09:58:16 utils:532] > total number of sequences: 298566785
[NeMo I 2026-04-30 09:58:16 utils:532] > total number of documents: 298566785
[NeMo I 2026-04-30 09:58:16 utils:532] Load the GPTDataset train indices
[NeMo I 2026-04-30 09:58:16 utils:532] 	Load the document index from c39c995029d3a3bb44e5e8a1c891e319-GPTDataset-train-document_index.npy
[NeMo I 2026-04-30 09:58:16 utils:532] 	Load the sample index from c39c995029d3a3bb44e5e8a1c891e319-GPTDataset-train-sample_index.npy
[NeMo I 2026-04-30 09:58:16 utils:532] 	Load the shuffle index from c39c995029d3a3bb44e5e8a1c891e319-GPTDataset-train-shuffle_index.npy
[NeMo I 2026-04-30 09:58:16 utils:532] > total number of samples: 186006443
[NeMo I 2026-04-30 09:58:16 utils:532] Load the _IndexReader from /work/datasets/AI/tokens_luciole_phase1/europarl_aligned_text_document.idx
[NeMo I 2026-04-30 09:58:16 utils:532] 	Extract the sequence lengths
[NeMo I 2026-04-30 09:58:16 utils:532] 	Extract the sequence pointers
[NeMo I 2026-04-30 09:58:16 utils:532] 	Extract the document indices
[NeMo I 2026-04-30 09:58:16 utils:532] > total number of sequences: 11600886
[NeMo I 2026-04-30 09:58:16 utils:532] > total number of documents: 11600886
[NeMo I 2026-04-30 09:58:16 utils:532] Load the GPTDataset train indices
[NeMo I 2026-04-30 09:58:16 utils:532] 	Load the document index from 24010f92c8471bed5d674d2f54bf0a0b-GPTDataset-train-document_index.npy
[NeMo I 2026-04-30 09:58:16 utils:532] 	Load the sample index from 24010f92c8471bed5d674d2f54bf0a0b-GPTDataset-train-sample_index.npy
[NeMo I 2026-04-30 09:58:16 utils:532] 	Load the shuffle index from 24010f92c8471bed5d674d2f54bf0a0b-GPTDataset-train-shuffle_index.npy
[NeMo I 2026-04-30 09:58:16 utils:532] > total number of samples: 431215
[NeMo I 2026-04-30 09:58:16 utils:532] Load the _IndexReader from /work/datasets/AI/tokens_luciole_phase1/europarl_multi_text_document.idx
[NeMo I 2026-04-30 09:58:16 utils:532] 	Extract the sequence lengths
[NeMo I 2026-04-30 09:58:16 utils:532] 	Extract the sequence pointers
[NeMo I 2026-04-30 09:58:16 utils:532] 	Extract the document indices
[NeMo I 2026-04-30 09:58:16 utils:532] > total number of sequences: 62440
[NeMo I 2026-04-30 09:58:16 utils:532] > total number of documents: 62440
[NeMo I 2026-04-30 09:58:16 utils:532] Load the GPTDataset train indices
[NeMo I 2026-04-30 09:58:16 utils:532] 	Load the document index from cee6530401c9e273fcaa2ad66a04cc7c-GPTDataset-train-document_index.npy
[NeMo I 2026-04-30 09:58:16 utils:532] 	Load the sample index from cee6530401c9e273fcaa2ad66a04cc7c-GPTDataset-train-sample_index.npy
[NeMo I 2026-04-30 09:58:16 utils:532] 	Load the shuffle index from cee6530401c9e273fcaa2ad66a04cc7c-GPTDataset-train-shuffle_index.npy
[NeMo I 2026-04-30 09:58:16 utils:532] > total number of samples: 199504
[NeMo I 2026-04-30 09:58:16 utils:532] Load the _IndexReader from /work/datasets/AI/tokens_luciole_phase1/eurovoc_filtered_multi_text_document.idx
[NeMo I 2026-04-30 09:58:16 utils:532] 	Extract the sequence lengths
[NeMo I 2026-04-30 09:58:16 utils:532] 	Extract the sequence pointers
[NeMo I 2026-04-30 09:58:16 utils:532] 	Extract the document indices
[NeMo I 2026-04-30 09:58:16 utils:532] > total number of sequences: 1748652
[NeMo I 2026-04-30 09:58:16 utils:532] > total number of documents: 1748652
[NeMo I 2026-04-30 09:58:16 utils:532] Load the GPTDataset train indices
[NeMo I 2026-04-30 09:58:16 utils:532] 	Load the document index from c766128bdd0db889d13167a04644a908-GPTDataset-train-document_index.npy
[NeMo I 2026-04-30 09:58:17 utils:532] 	Load the sample index from c766128bdd0db889d13167a04644a908-GPTDataset-train-sample_index.npy
[NeMo I 2026-04-30 09:58:17 utils:532] 	Load the shuffle index from c766128bdd0db889d13167a04644a908-GPTDataset-train-shuffle_index.npy
[NeMo I 2026-04-30 09:58:17 utils:532] > total number of samples: 4300183
[NeMo I 2026-04-30 09:58:17 utils:532] Load the _IndexReader from /work/datasets/AI/tokens_luciole_phase1/fineweb-edu_en_text_document_ratio0.75_phase0.idx
[NeMo I 2026-04-30 09:58:18 utils:532] 	Extract the sequence lengths
[NeMo I 2026-04-30 09:58:18 utils:532] 	Extract the sequence pointers
[NeMo I 2026-04-30 09:58:18 utils:532] 	Extract the document indices
[NeMo I 2026-04-30 09:58:18 utils:532] > total number of sequences: 835116868
[NeMo I 2026-04-30 09:58:18 utils:532] > total number of documents: 835116868
[NeMo I 2026-04-30 09:58:19 utils:532] Load the GPTDataset train indices
[NeMo I 2026-04-30 09:58:19 utils:532] 	Load the document index from f1cdf8b16cd7fe4e9168345ccab9feff-GPTDataset-train-document_index.npy
[NeMo I 2026-04-30 09:58:19 utils:532] 	Load the sample index from f1cdf8b16cd7fe4e9168345ccab9feff-GPTDataset-train-sample_index.npy
[NeMo I 2026-04-30 09:58:19 utils:532] 	Load the shuffle index from f1cdf8b16cd7fe4e9168345ccab9feff-GPTDataset-train-shuffle_index.npy
[NeMo I 2026-04-30 09:58:19 utils:532] > total number of samples: 429535986
[NeMo I 2026-04-30 09:58:19 utils:532] Load the _IndexReader from /work/datasets/AI/tokens_luciole_phase1/fineweb2_ar_text_document_ratio0.50_phase0.idx
[NeMo I 2026-04-30 09:58:19 utils:532] 	Extract the sequence lengths
[NeMo I 2026-04-30 09:58:19 utils:532] 	Extract the sequence pointers
[NeMo I 2026-04-30 09:58:19 utils:532] 	Extract the document indices
[NeMo I 2026-04-30 09:58:19 utils:532] > total number of sequences: 20389602
[NeMo I 2026-04-30 09:58:19 utils:532] > total number of documents: 20389602
[NeMo I 2026-04-30 09:58:19 utils:532] Load the GPTDataset train indices
[NeMo I 2026-04-30 09:58:19 utils:532] 	Load the document index from 315209e82ee665996ec7a22a6013a09a-GPTDataset-train-document_index.npy
[NeMo I 2026-04-30 09:58:19 utils:532] 	Load the sample index from 315209e82ee665996ec7a22a6013a09a-GPTDataset-train-sample_index.npy
[NeMo I 2026-04-30 09:58:19 utils:532] 	Load the shuffle index from 315209e82ee665996ec7a22a6013a09a-GPTDataset-train-shuffle_index.npy
[NeMo I 2026-04-30 09:58:19 utils:532] > total number of samples: 6701245
[NeMo I 2026-04-30 09:58:19 utils:532] Load the _IndexReader from /work/datasets/AI/tokens_luciole_phase1/fineweb2_ca_text_document_ratio0.05_phase0.idx
[NeMo I 2026-04-30 09:58:19 utils:532] 	Extract the sequence lengths
[NeMo I 2026-04-30 09:58:19 utils:532] 	Extract the sequence pointers
[NeMo I 2026-04-30 09:58:19 utils:532] 	Extract the document indices
[NeMo I 2026-04-30 09:58:19 utils:532] > total number of sequences: 535774
[NeMo I 2026-04-30 09:58:19 utils:532] > total number of documents: 535774
[NeMo I 2026-04-30 09:58:19 utils:532] Load the GPTDataset train indices
[NeMo I 2026-04-30 09:58:19 utils:532] 	Load the document index from e4f9c375fed378be4a08cc2c1a6c42be-GPTDataset-train-document_index.npy
[NeMo I 2026-04-30 09:58:19 utils:532] 	Load the sample index from e4f9c375fed378be4a08cc2c1a6c42be-GPTDataset-train-sample_index.npy
[NeMo I 2026-04-30 09:58:19 utils:532] 	Load the shuffle index from e4f9c375fed378be4a08cc2c1a6c42be-GPTDataset-train-shuffle_index.npy
[NeMo I 2026-04-30 09:58:19 utils:532] > total number of samples: 185293
[NeMo I 2026-04-30 09:58:19 utils:532] Load the _IndexReader from /work/datasets/AI/tokens_luciole_phase1/fineweb2_de_text_document_ratio0.50_phase0.idx
[NeMo I 2026-04-30 09:58:24 utils:532] 	Extract the sequence lengths
[NeMo I 2026-04-30 09:58:24 utils:532] 	Extract the sequence pointers
[NeMo I 2026-04-30 09:58:24 utils:532] 	Extract the document indices
[NeMo I 2026-04-30 09:58:24 utils:532] > total number of sequences: 160974108
[NeMo I 2026-04-30 09:58:24 utils:532] > total number of documents: 160974108
[NeMo I 2026-04-30 09:58:24 utils:532] Load the GPTDataset train indices
[NeMo I 2026-04-30 09:58:24 utils:532] 	Load the document index from 2e92418a43da23474e457ec430818fa1-GPTDataset-train-document_index.npy
[NeMo I 2026-04-30 09:58:24 utils:532] 	Load the sample index from 2e92418a43da23474e457ec430818fa1-GPTDataset-train-sample_index.npy
[NeMo I 2026-04-30 09:58:24 utils:532] 	Load the shuffle index from 2e92418a43da23474e457ec430818fa1-GPTDataset-train-shuffle_index.npy
[NeMo I 2026-04-30 09:58:24 utils:532] > total number of samples: 54348639
[NeMo I 2026-04-30 09:58:24 utils:532] Load the _IndexReader from /work/datasets/AI/tokens_luciole_phase1/fineweb2_es_text_document_ratio0.50_phase0.idx
[NeMo I 2026-04-30 09:58:27 utils:532] 	Extract the sequence lengths
[NeMo I 2026-04-30 09:58:27 utils:532] 	Extract the sequence pointers
[NeMo I 2026-04-30 09:58:27 utils:532] 	Extract the document indices
[NeMo I 2026-04-30 09:58:27 utils:532] > total number of sequences: 141473237
[NeMo I 2026-04-30 09:58:27 utils:532] > total number of documents: 141473237
[NeMo I 2026-04-30 09:58:27 utils:532] Load the GPTDataset train indices
[NeMo I 2026-04-30 09:58:27 utils:532] 	Load the document index from fd4241fd799b5c84133a17a3bb263779-GPTDataset-train-document_index.npy
[NeMo I 2026-04-30 09:58:27 utils:532] 	Load the sample index from fd4241fd799b5c84133a17a3bb263779-GPTDataset-train-sample_index.npy
[NeMo I 2026-04-30 09:58:27 utils:532] 	Load the shuffle index from fd4241fd799b5c84133a17a3bb263779-GPTDataset-train-shuffle_index.npy
[NeMo I 2026-04-30 09:58:27 utils:532] > total number of samples: 48782622
[NeMo I 2026-04-30 09:58:27 utils:532] Load the _IndexReader from /work/datasets/AI/tokens_luciole_phase1/fineweb2_fr_text_document_ratio1.30_phase0.idx
[NeMo I 2026-04-30 09:58:27 utils:532] 	Extract the sequence lengths
[NeMo I 2026-04-30 09:58:27 utils:532] 	Extract the sequence pointers
[NeMo I 2026-04-30 09:58:27 utils:532] 	Extract the document indices
[NeMo I 2026-04-30 09:58:27 utils:532] > total number of sequences: 302262109
[NeMo I 2026-04-30 09:58:27 utils:532] > total number of documents: 302262109
[NeMo I 2026-04-30 09:58:27 utils:532] Load the GPTDataset train indices
[NeMo I 2026-04-30 09:58:27 utils:532] 	Load the document index from 033cf0e6d985fd7b205ca014a4cec730-GPTDataset-train-document_index.npy
[NeMo I 2026-04-30 09:58:27 utils:532] 	Load the sample index from 033cf0e6d985fd7b205ca014a4cec730-GPTDataset-train-sample_index.npy
[NeMo I 2026-04-30 09:58:27 utils:532] 	Load the shuffle index from 033cf0e6d985fd7b205ca014a4cec730-GPTDataset-train-shuffle_index.npy
[NeMo I 2026-04-30 09:58:27 utils:532] > total number of samples: 100072398
[NeMo I 2026-04-30 09:58:27 utils:532] Load the _IndexReader from /work/datasets/AI/tokens_luciole_phase1/fineweb2_it_text_document_ratio0.50_phase0.idx
[NeMo I 2026-04-30 09:58:31 utils:532] 	Extract the sequence lengths
[NeMo I 2026-04-30 09:58:31 utils:532] 	Extract the sequence pointers
[NeMo I 2026-04-30 09:58:31 utils:532] 	Extract the document indices
[NeMo I 2026-04-30 09:58:31 utils:532] > total number of sequences: 77577376
[NeMo I 2026-04-30 09:58:31 utils:532] > total number of documents: 77577376
[NeMo I 2026-04-30 09:58:31 utils:532] Load the GPTDataset train indices
[NeMo I 2026-04-30 09:58:31 utils:532] 	Load the document index from 1bfcfed1450cca6d4a9c9a58eea37487-GPTDataset-train-document_index.npy
[NeMo I 2026-04-30 09:58:31 utils:532] 	Load the sample index from 1bfcfed1450cca6d4a9c9a58eea37487-GPTDataset-train-sample_index.npy
[NeMo I 2026-04-30 09:58:31 utils:532] 	Load the shuffle index from 1bfcfed1450cca6d4a9c9a58eea37487-GPTDataset-train-shuffle_index.npy
[NeMo I 2026-04-30 09:58:31 utils:532] > total number of samples: 26751866
[NeMo I 2026-04-30 09:58:31 utils:532] Load the _IndexReader from /work/datasets/AI/tokens_luciole_phase1/fineweb2_nl_text_document_ratio0.50_phase0.idx
[NeMo I 2026-04-30 09:58:34 utils:532] 	Extract the sequence lengths
[NeMo I 2026-04-30 09:58:34 utils:532] 	Extract the sequence pointers
[NeMo I 2026-04-30 09:58:34 utils:532] 	Extract the document indices
[NeMo I 2026-04-30 09:58:34 utils:532] > total number of sequences: 48546971
[NeMo I 2026-04-30 09:58:34 utils:532] > total number of documents: 48546971
[NeMo I 2026-04-30 09:58:34 utils:532] Load the GPTDataset train indices
[NeMo I 2026-04-30 09:58:34 utils:532] 	Load the document index from 177f20adcb278a2a74ce337882fb654f-GPTDataset-train-document_index.npy
[NeMo I 2026-04-30 09:58:34 utils:532] 	Load the sample index from 177f20adcb278a2a74ce337882fb654f-GPTDataset-train-sample_index.npy
[NeMo I 2026-04-30 09:58:34 utils:532] 	Load the shuffle index from 177f20adcb278a2a74ce337882fb654f-GPTDataset-train-shuffle_index.npy
[NeMo I 2026-04-30 09:58:34 utils:532] > total number of samples: 14868064
[NeMo I 2026-04-30 09:58:34 utils:532] Load the _IndexReader from /work/datasets/AI/tokens_luciole_phase1/fineweb2_pt_text_document_ratio0.50_phase0.idx
[NeMo I 2026-04-30 09:58:34 utils:532] 	Extract the sequence lengths
[NeMo I 2026-04-30 09:58:34 utils:532] 	Extract the sequence pointers
[NeMo I 2026-04-30 09:58:34 utils:532] 	Extract the document indices
[NeMo I 2026-04-30 09:58:34 utils:532] > total number of sequences: 58989768
[NeMo I 2026-04-30 09:58:34 utils:532] > total number of documents: 58989768
[NeMo I 2026-04-30 09:58:34 utils:532] Load the GPTDataset train indices
[NeMo I 2026-04-30 09:58:34 utils:532] 	Load the document index from f513e3d83c262a9303910aad2c9448bb-GPTDataset-train-document_index.npy
[NeMo I 2026-04-30 09:58:34 utils:532] 	Load the sample index from f513e3d83c262a9303910aad2c9448bb-GPTDataset-train-sample_index.npy
[NeMo I 2026-04-30 09:58:34 utils:532] 	Load the shuffle index from f513e3d83c262a9303910aad2c9448bb-GPTDataset-train-shuffle_index.npy
[NeMo I 2026-04-30 09:58:34 utils:532] > total number of samples: 19600760
[NeMo I 2026-04-30 09:58:34 utils:532] Load the _IndexReader from /work/datasets/AI/tokens_luciole_phase1/fineweb2_regional_text_document.idx
[NeMo I 2026-04-30 09:58:37 utils:532] 	Extract the sequence lengths
[NeMo I 2026-04-30 09:58:37 utils:532] 	Extract the sequence pointers
[NeMo I 2026-04-30 09:58:37 utils:532] 	Extract the document indices
[NeMo I 2026-04-30 09:58:37 utils:532] > total number of sequences: 12082034
[NeMo I 2026-04-30 09:58:37 utils:532] > total number of documents: 12082034
[NeMo I 2026-04-30 09:58:37 utils:532] Load the GPTDataset train indices
[NeMo I 2026-04-30 09:58:37 utils:532] 	Load the document index from 67a248e0794ad49dc2fd06ae5726aec8-GPTDataset-train-document_index.npy
[NeMo I 2026-04-30 09:58:37 utils:532] 	Load the sample index from 67a248e0794ad49dc2fd06ae5726aec8-GPTDataset-train-sample_index.npy
[NeMo I 2026-04-30 09:58:37 utils:532] 	Load the shuffle index from 67a248e0794ad49dc2fd06ae5726aec8-GPTDataset-train-shuffle_index.npy
[NeMo I 2026-04-30 09:58:37 utils:532] > total number of samples: 4264304
[NeMo I 2026-04-30 09:58:37 utils:532] Load the _IndexReader from /work/datasets/AI/tokens_luciole_phase1/gallica_monographies_fr_text_document.idx
[NeMo I 2026-04-30 09:58:37 utils:532] 	Extract the sequence lengths
[NeMo I 2026-04-30 09:58:37 utils:532] 	Extract the sequence pointers
[NeMo I 2026-04-30 09:58:37 utils:532] 	Extract the document indices
[NeMo I 2026-04-30 09:58:37 utils:532] > total number of sequences: 279810
[NeMo I 2026-04-30 09:58:37 utils:532] > total number of documents: 279810
[NeMo I 2026-04-30 09:58:37 utils:532] Load the GPTDataset train indices
[NeMo I 2026-04-30 09:58:37 utils:532] 	Load the document index from 1cec4933bd37fa0e6c94c140459146e0-GPTDataset-train-document_index.npy
[NeMo I 2026-04-30 09:58:37 utils:532] 	Load the sample index from 1cec4933bd37fa0e6c94c140459146e0-GPTDataset-train-sample_index.npy
[NeMo I 2026-04-30 09:58:37 utils:532] 	Load the shuffle index from 1cec4933bd37fa0e6c94c140459146e0-GPTDataset-train-shuffle_index.npy
[NeMo I 2026-04-30 09:58:37 utils:532] > total number of samples: 11685572
[NeMo I 2026-04-30 09:58:37 utils:532] Load the _IndexReader from /work/datasets/AI/tokens_luciole_phase1/gallica_press_fr_text_document.idx
[NeMo I 2026-04-30 09:58:37 utils:532] 	Extract the sequence lengths
[NeMo I 2026-04-30 09:58:37 utils:532] 	Extract the sequence pointers
[NeMo I 2026-04-30 09:58:37 utils:532] 	Extract the document indices
[NeMo I 2026-04-30 09:58:37 utils:532] > total number of sequences: 2855626
[NeMo I 2026-04-30 09:58:37 utils:532] > total number of documents: 2855626
[NeMo I 2026-04-30 09:58:37 utils:532] Load the GPTDataset train indices
[NeMo I 2026-04-30 09:58:37 utils:532] 	Load the document index from 8c554953ad9c4cdd8bd7c7a66b5546a1-GPTDataset-train-document_index.npy
[NeMo I 2026-04-30 09:58:37 utils:532] 	Load the sample index from 8c554953ad9c4cdd8bd7c7a66b5546a1-GPTDataset-train-sample_index.npy
[NeMo I 2026-04-30 09:58:37 utils:532] 	Load the shuffle index from 8c554953ad9c4cdd8bd7c7a66b5546a1-GPTDataset-train-shuffle_index.npy
[NeMo I 2026-04-30 09:58:37 utils:532] > total number of samples: 45700641
[NeMo I 2026-04-30 09:58:37 utils:532] Load the _IndexReader from /work/datasets/AI/tokens_luciole_phase1/gutenberg_de_text_document.idx
[NeMo I 2026-04-30 09:58:37 utils:532] 	Extract the sequence lengths
[NeMo I 2026-04-30 09:58:37 utils:532] 	Extract the sequence pointers
[NeMo I 2026-04-30 09:58:37 utils:532] 	Extract the document indices
[NeMo I 2026-04-30 09:58:37 utils:532] > total number of sequences: 1777
[NeMo I 2026-04-30 09:58:37 utils:532] > total number of documents: 1777
[NeMo I 2026-04-30 09:58:37 utils:532] Load the GPTDataset train indices
[NeMo I 2026-04-30 09:58:37 utils:532] 	Load the document index from 9be1f51c32aec5a46598c22d8aca6df3-GPTDataset-train-document_index.npy
[NeMo I 2026-04-30 09:58:37 utils:532] 	Load the sample index from 9be1f51c32aec5a46598c22d8aca6df3-GPTDataset-train-sample_index.npy
[NeMo I 2026-04-30 09:58:37 utils:532] 	Load the shuffle index from 9be1f51c32aec5a46598c22d8aca6df3-GPTDataset-train-shuffle_index.npy
[NeMo I 2026-04-30 09:58:37 utils:532] > total number of samples: 84660
[NeMo I 2026-04-30 09:58:37 utils:532] Load the _IndexReader from /work/datasets/AI/tokens_luciole_phase1/gutenberg_en_text_document.idx
[NeMo I 2026-04-30 09:58:37 utils:532] 	Extract the sequence lengths
[NeMo I 2026-04-30 09:58:37 utils:532] 	Extract the sequence pointers
[NeMo I 2026-04-30 09:58:37 utils:532] 	Extract the document indices
[NeMo I 2026-04-30 09:58:37 utils:532] > total number of sequences: 49900
[NeMo I 2026-04-30 09:58:37 utils:532] > total number of documents: 49900
[NeMo I 2026-04-30 09:58:37 utils:532] Load the GPTDataset train indices
[NeMo I 2026-04-30 09:58:37 utils:532] 	Load the document index from 058fcf5f34b2305fd9ca19b8c120f697-GPTDataset-train-document_index.npy
[NeMo I 2026-04-30 09:58:37 utils:532] 	Load the sample index from 058fcf5f34b2305fd9ca19b8c120f697-GPTDataset-train-sample_index.npy
[NeMo I 2026-04-30 09:58:38 utils:532] 	Load the shuffle index from 058fcf5f34b2305fd9ca19b8c120f697-GPTDataset-train-shuffle_index.npy
[NeMo I 2026-04-30 09:58:38 utils:532] > total number of samples: 2375310
[NeMo I 2026-04-30 09:58:38 utils:532] Load the _IndexReader from /work/datasets/AI/tokens_luciole_phase1/gutenberg_es_text_document.idx
[NeMo I 2026-04-30 09:58:38 utils:532] 	Extract the sequence lengths
[NeMo I 2026-04-30 09:58:38 utils:532] 	Extract the sequence pointers
[NeMo I 2026-04-30 09:58:38 utils:532] 	Extract the document indices
[NeMo I 2026-04-30 09:58:38 utils:532] > total number of sequences: 759
[NeMo I 2026-04-30 09:58:38 utils:532] > total number of documents: 759
[NeMo I 2026-04-30 09:58:38 utils:532] Load the GPTDataset train indices
[NeMo I 2026-04-30 09:58:38 utils:532] 	Load the document index from c4b8ab7a08e88ef09e845f955daf65a1-GPTDataset-train-document_index.npy
[NeMo I 2026-04-30 09:58:38 utils:532] 	Load the sample index from c4b8ab7a08e88ef09e845f955daf65a1-GPTDataset-train-sample_index.npy
[NeMo I 2026-04-30 09:58:38 utils:532] 	Load the shuffle index from c4b8ab7a08e88ef09e845f955daf65a1-GPTDataset-train-shuffle_index.npy
[NeMo I 2026-04-30 09:58:38 utils:532] > total number of samples: 43557
[NeMo I 2026-04-30 09:58:38 utils:532] Load the _IndexReader from /work/datasets/AI/tokens_luciole_phase1/gutenberg_fr_text_document.idx
[NeMo I 2026-04-30 09:58:38 utils:532] 	Extract the sequence lengths
[NeMo I 2026-04-30 09:58:38 utils:532] 	Extract the sequence pointers
[NeMo I 2026-04-30 09:58:38 utils:532] 	Extract the document indices
[NeMo I 2026-04-30 09:58:38 utils:532] > total number of sequences: 3544
[NeMo I 2026-04-30 09:58:38 utils:532] > total number of documents: 3544
[NeMo I 2026-04-30 09:58:38 utils:532] Load the GPTDataset train indices
[NeMo I 2026-04-30 09:58:38 utils:532] 	Load the document index from 9f087e89d57bfb3e6e3277991b10b472-GPTDataset-train-document_index.npy
[NeMo I 2026-04-30 09:58:38 utils:532] 	Load the sample index from 9f087e89d57bfb3e6e3277991b10b472-GPTDataset-train-sample_index.npy
[NeMo I 2026-04-30 09:58:38 utils:532] 	Load the shuffle index from 9f087e89d57bfb3e6e3277991b10b472-GPTDataset-train-shuffle_index.npy
[NeMo I 2026-04-30 09:58:38 utils:532] > total number of samples: 183982
[NeMo I 2026-04-30 09:58:38 utils:532] Load the _IndexReader from /work/datasets/AI/tokens_luciole_phase1/gutenberg_it_text_document.idx
[NeMo I 2026-04-30 09:58:38 utils:532] 	Extract the sequence lengths
[NeMo I 2026-04-30 09:58:38 utils:532] 	Extract the sequence pointers
[NeMo I 2026-04-30 09:58:38 utils:532] 	Extract the document indices
[NeMo I 2026-04-30 09:58:38 utils:532] > total number of sequences: 985
[NeMo I 2026-04-30 09:58:38 utils:532] > total number of documents: 985
[NeMo I 2026-04-30 09:58:38 utils:532] Load the GPTDataset train indices
[NeMo I 2026-04-30 09:58:38 utils:532] 	Load the document index from c2f0b37cf7af0377ccba3c3ca0e9c647-GPTDataset-train-document_index.npy
[NeMo I 2026-04-30 09:58:38 utils:532] 	Load the sample index from c2f0b37cf7af0377ccba3c3ca0e9c647-GPTDataset-train-sample_index.npy
[NeMo I 2026-04-30 09:58:38 utils:532] 	Load the shuffle index from c2f0b37cf7af0377ccba3c3ca0e9c647-GPTDataset-train-shuffle_index.npy
[NeMo I 2026-04-30 09:58:38 utils:532] > total number of samples: 59818
[NeMo I 2026-04-30 09:58:38 utils:532] Load the _IndexReader from /work/datasets/AI/tokens_luciole_phase1/gutenberg_nl_text_document.idx
[NeMo I 2026-04-30 09:58:38 utils:532] 	Extract the sequence lengths
[NeMo I 2026-04-30 09:58:38 utils:532] 	Extract the sequence pointers
[NeMo I 2026-04-30 09:58:38 utils:532] 	Extract the document indices
[NeMo I 2026-04-30 09:58:38 utils:532] > total number of sequences: 993
[NeMo I 2026-04-30 09:58:38 utils:532] > total number of documents: 993
[NeMo I 2026-04-30 09:58:38 utils:532] Load the GPTDataset train indices
[NeMo I 2026-04-30 09:58:38 utils:532] 	Load the document index from c7cff01d47fc66334f11460c7418dd9f-GPTDataset-train-document_index.npy
[NeMo I 2026-04-30 09:58:38 utils:532] 	Load the sample index from c7cff01d47fc66334f11460c7418dd9f-GPTDataset-train-sample_index.npy
[NeMo I 2026-04-30 09:58:38 utils:532] 	Load the shuffle index from c7cff01d47fc66334f11460c7418dd9f-GPTDataset-train-shuffle_index.npy
[NeMo I 2026-04-30 09:58:38 utils:532] > total number of samples: 48860
[NeMo I 2026-04-30 09:58:38 utils:532] Load the _IndexReader from /work/datasets/AI/tokens_luciole_phase1/gutenberg_pt_text_document.idx
[NeMo I 2026-04-30 09:58:38 utils:532] 	Extract the sequence lengths
[NeMo I 2026-04-30 09:58:38 utils:532] 	Extract the sequence pointers
[NeMo I 2026-04-30 09:58:38 utils:532] 	Extract the document indices
[NeMo I 2026-04-30 09:58:38 utils:532] > total number of sequences: 623
[NeMo I 2026-04-30 09:58:38 utils:532] > total number of documents: 623
[NeMo I 2026-04-30 09:58:38 utils:532] Load the GPTDataset train indices
[NeMo I 2026-04-30 09:58:38 utils:532] 	Load the document index from 97bc5bf2b57b346c513c9b31618363eb-GPTDataset-train-document_index.npy
[NeMo I 2026-04-30 09:58:38 utils:532] 	Load the sample index from 97bc5bf2b57b346c513c9b31618363eb-GPTDataset-train-sample_index.npy
[NeMo I 2026-04-30 09:58:38 utils:532] 	Load the shuffle index from 97bc5bf2b57b346c513c9b31618363eb-GPTDataset-train-shuffle_index.npy
[NeMo I 2026-04-30 09:58:38 utils:532] > total number of samples: 18482
[NeMo I 2026-04-30 09:58:38 utils:532] Load the _IndexReader from /work/datasets/AI/tokens_luciole_phase1/hal-cea_full-filtered_fr_text_document.idx
[NeMo I 2026-04-30 09:58:38 utils:532] 	Extract the sequence lengths
[NeMo I 2026-04-30 09:58:38 utils:532] 	Extract the sequence pointers
[NeMo I 2026-04-30 09:58:38 utils:532] 	Extract the document indices
[NeMo I 2026-04-30 09:58:38 utils:532] > total number of sequences: 188005
[NeMo I 2026-04-30 09:58:38 utils:532] > total number of documents: 188005
[NeMo I 2026-04-30 09:58:38 utils:532] Load the GPTDataset train indices
[NeMo I 2026-04-30 09:58:38 utils:532] 	Load the document index from d660dbb8f6bdebdee35f5dcdf0d9881c-GPTDataset-train-document_index.npy
[NeMo I 2026-04-30 09:58:38 utils:532] 	Load the sample index from d660dbb8f6bdebdee35f5dcdf0d9881c-GPTDataset-train-sample_index.npy
[NeMo I 2026-04-30 09:58:38 utils:532] 	Load the shuffle index from d660dbb8f6bdebdee35f5dcdf0d9881c-GPTDataset-train-shuffle_index.npy
[NeMo I 2026-04-30 09:58:38 utils:532] > total number of samples: 11742047
[NeMo I 2026-04-30 09:58:38 utils:532] Load the _IndexReader from /work/datasets/AI/tokens_luciole_phase1/hplt2_fr_text_document_ratio1.30_phase0.idx
[NeMo I 2026-04-30 09:58:40 utils:532] 	Extract the sequence lengths
[NeMo I 2026-04-30 09:58:40 utils:532] 	Extract the sequence pointers
[NeMo I 2026-04-30 09:58:40 utils:532] 	Extract the document indices
[NeMo I 2026-04-30 09:58:40 utils:532] > total number of sequences: 335406888
[NeMo I 2026-04-30 09:58:40 utils:532] > total number of documents: 335406888
[NeMo I 2026-04-30 09:58:40 utils:532] Load the GPTDataset train indices
[NeMo I 2026-04-30 09:58:40 utils:532] 	Load the document index from fdf97e44201b6b78a63579accd0b8d0b-GPTDataset-train-document_index.npy
[NeMo I 2026-04-30 09:58:40 utils:532] 	Load the sample index from fdf97e44201b6b78a63579accd0b8d0b-GPTDataset-train-sample_index.npy
[NeMo I 2026-04-30 09:58:40 utils:532] 	Load the shuffle index from fdf97e44201b6b78a63579accd0b8d0b-GPTDataset-train-shuffle_index.npy
[NeMo I 2026-04-30 09:58:40 utils:532] > total number of samples: 140805832
[NeMo I 2026-04-30 09:58:40 utils:532] Load the _IndexReader from /work/datasets/AI/tokens_luciole_phase1/insee_fr_text_document.idx
[NeMo I 2026-04-30 09:58:40 utils:532] 	Extract the sequence lengths
[NeMo I 2026-04-30 09:58:40 utils:532] 	Extract the sequence pointers
[NeMo I 2026-04-30 09:58:40 utils:532] 	Extract the document indices
[NeMo I 2026-04-30 09:58:40 utils:532] > total number of sequences: 17175
[NeMo I 2026-04-30 09:58:40 utils:532] > total number of documents: 17175
[NeMo I 2026-04-30 09:58:40 utils:532] Load the GPTDataset train indices
[NeMo I 2026-04-30 09:58:40 utils:532] 	Load the document index from b7dff2ee9230adf44602c82bd0061f9e-GPTDataset-train-document_index.npy
[NeMo I 2026-04-30 09:58:40 utils:532] 	Load the sample index from b7dff2ee9230adf44602c82bd0061f9e-GPTDataset-train-sample_index.npy
[NeMo I 2026-04-30 09:58:40 utils:532] 	Load the shuffle index from b7dff2ee9230adf44602c82bd0061f9e-GPTDataset-train-shuffle_index.npy
[NeMo I 2026-04-30 09:58:40 utils:532] > total number of samples: 83065
[NeMo I 2026-04-30 09:58:40 utils:532] Load the _IndexReader from /work/datasets/AI/tokens_luciole_phase1/math-pile_math_text_document.idx
[NeMo I 2026-04-30 09:58:40 utils:532] 	Extract the sequence lengths
[NeMo I 2026-04-30 09:58:40 utils:532] 	Extract the sequence pointers
[NeMo I 2026-04-30 09:58:40 utils:532] 	Extract the document indices
[NeMo I 2026-04-30 09:58:40 utils:532] > total number of sequences: 729213
[NeMo I 2026-04-30 09:58:40 utils:532] > total number of documents: 729213
[NeMo I 2026-04-30 09:58:40 utils:532] Load the GPTDataset train indices
[NeMo I 2026-04-30 09:58:40 utils:532] 	Load the document index from 9d3a654a4c9bf7dec48adb15d8801fd9-GPTDataset-train-document_index.npy
[NeMo I 2026-04-30 09:58:40 utils:532] 	Load the sample index from 9d3a654a4c9bf7dec48adb15d8801fd9-GPTDataset-train-sample_index.npy
[NeMo I 2026-04-30 09:58:40 utils:532] 	Load the shuffle index from 9d3a654a4c9bf7dec48adb15d8801fd9-GPTDataset-train-shuffle_index.npy
[NeMo I 2026-04-30 09:58:40 utils:532] > total number of samples: 4690394
[NeMo I 2026-04-30 09:58:40 utils:532] Load the _IndexReader from /work/datasets/AI/tokens_luciole_phase1/opendata_fr_text_document.idx
[NeMo I 2026-04-30 09:58:41 utils:532] 	Extract the sequence lengths
[NeMo I 2026-04-30 09:58:41 utils:532] 	Extract the sequence pointers
[NeMo I 2026-04-30 09:58:41 utils:532] 	Extract the document indices
[NeMo I 2026-04-30 09:58:41 utils:532] > total number of sequences: 8078669
[NeMo I 2026-04-30 09:58:41 utils:532] > total number of documents: 8078669
[NeMo I 2026-04-30 09:58:41 utils:532] Load the GPTDataset train indices
[NeMo I 2026-04-30 09:58:41 utils:532] 	Load the document index from 26da5cfece05203abfa6930f3ee9940c-GPTDataset-train-document_index.npy
[NeMo I 2026-04-30 09:58:41 utils:532] 	Load the sample index from 26da5cfece05203abfa6930f3ee9940c-GPTDataset-train-sample_index.npy
[NeMo I 2026-04-30 09:58:41 utils:532] 	Load the shuffle index from 26da5cfece05203abfa6930f3ee9940c-GPTDataset-train-shuffle_index.npy
[NeMo I 2026-04-30 09:58:41 utils:532] > total number of samples: 4124114
[NeMo I 2026-04-30 09:58:41 utils:532] Load the _IndexReader from /work/datasets/AI/tokens_luciole_phase1/parlement_fr_text_document.idx
[NeMo I 2026-04-30 09:58:41 utils:532] 	Extract the sequence lengths
[NeMo I 2026-04-30 09:58:41 utils:532] 	Extract the sequence pointers
[NeMo I 2026-04-30 09:58:41 utils:532] 	Extract the document indices
[NeMo I 2026-04-30 09:58:41 utils:532] > total number of sequences: 2803517
[NeMo I 2026-04-30 09:58:41 utils:532] > total number of documents: 2803517
[NeMo I 2026-04-30 09:58:41 utils:532] Load the GPTDataset train indices
[NeMo I 2026-04-30 09:58:41 utils:532] 	Load the document index from 64dc7635ea30d2b0adf3425e2ea422b3-GPTDataset-train-document_index.npy
[NeMo I 2026-04-30 09:58:41 utils:532] 	Load the sample index from 64dc7635ea30d2b0adf3425e2ea422b3-GPTDataset-train-sample_index.npy
[NeMo I 2026-04-30 09:58:41 utils:532] 	Load the shuffle index from 64dc7635ea30d2b0adf3425e2ea422b3-GPTDataset-train-shuffle_index.npy
[NeMo I 2026-04-30 09:58:41 utils:532] > total number of samples: 424239
[NeMo I 2026-04-30 09:58:41 utils:532] Load the _IndexReader from /work/datasets/AI/tokens_luciole_phase1/starcoder-data_code_text_document.idx
[NeMo I 2026-04-30 09:58:41 utils:532] 	Extract the sequence lengths
[NeMo I 2026-04-30 09:58:41 utils:532] 	Extract the sequence pointers
[NeMo I 2026-04-30 09:58:41 utils:532] 	Extract the document indices
[NeMo I 2026-04-30 09:58:41 utils:532] > total number of sequences: 206642239
[NeMo I 2026-04-30 09:58:41 utils:532] > total number of documents: 206642239
[NeMo I 2026-04-30 09:58:41 utils:532] Load the GPTDataset train indices
[NeMo I 2026-04-30 09:58:41 utils:532] 	Load the document index from 2bedaa46fc6a4b7781a8040e0e8d8a23-GPTDataset-train-document_index.npy
[NeMo I 2026-04-30 09:58:41 utils:532] 	Load the sample index from 2bedaa46fc6a4b7781a8040e0e8d8a23-GPTDataset-train-sample_index.npy
[NeMo I 2026-04-30 09:58:41 utils:532] 	Load the shuffle index from 2bedaa46fc6a4b7781a8040e0e8d8a23-GPTDataset-train-shuffle_index.npy
[NeMo I 2026-04-30 09:58:41 utils:532] > total number of samples: 125845590
[NeMo I 2026-04-30 09:58:41 utils:532] Load the _IndexReader from /work/datasets/AI/tokens_luciole_phase1/theses_fr_text_document.idx
[NeMo I 2026-04-30 09:58:41 utils:532] 	Extract the sequence lengths
[NeMo I 2026-04-30 09:58:41 utils:532] 	Extract the sequence pointers
[NeMo I 2026-04-30 09:58:41 utils:532] 	Extract the document indices
[NeMo I 2026-04-30 09:58:41 utils:532] > total number of sequences: 102412
[NeMo I 2026-04-30 09:58:41 utils:532] > total number of documents: 102412
[NeMo I 2026-04-30 09:58:41 utils:532] Load the GPTDataset train indices
[NeMo I 2026-04-30 09:58:41 utils:532] 	Load the document index from e8746ea90c182b676fe66e3700a095c4-GPTDataset-train-document_index.npy
[NeMo I 2026-04-30 09:58:41 utils:532] 	Load the sample index from e8746ea90c182b676fe66e3700a095c4-GPTDataset-train-sample_index.npy
[NeMo I 2026-04-30 09:58:41 utils:532] 	Load the shuffle index from e8746ea90c182b676fe66e3700a095c4-GPTDataset-train-shuffle_index.npy
[NeMo I 2026-04-30 09:58:41 utils:532] > total number of samples: 6479437
[NeMo I 2026-04-30 09:58:41 utils:532] Load the _IndexReader from /work/datasets/AI/tokens_luciole_phase1/wikimedia-vikidia_ar_text_document.idx
[NeMo I 2026-04-30 09:58:41 utils:532] 	Extract the sequence lengths
[NeMo I 2026-04-30 09:58:41 utils:532] 	Extract the sequence pointers
[NeMo I 2026-04-30 09:58:41 utils:532] 	Extract the document indices
[NeMo I 2026-04-30 09:58:41 utils:532] > total number of sequences: 1460875
[NeMo I 2026-04-30 09:58:41 utils:532] > total number of documents: 1460875
[NeMo I 2026-04-30 09:58:41 utils:532] Load the GPTDataset train indices
[NeMo I 2026-04-30 09:58:41 utils:532] 	Load the document index from 8d608de9923f465727a0ae2e8b8d3531-GPTDataset-train-document_index.npy
[NeMo I 2026-04-30 09:58:41 utils:532] 	Load the sample index from 8d608de9923f465727a0ae2e8b8d3531-GPTDataset-train-sample_index.npy
[NeMo I 2026-04-30 09:58:41 utils:532] 	Load the shuffle index from 8d608de9923f465727a0ae2e8b8d3531-GPTDataset-train-shuffle_index.npy
[NeMo I 2026-04-30 09:58:41 utils:532] > total number of samples: 530903
[NeMo I 2026-04-30 09:58:41 utils:532] Load the _IndexReader from /work/datasets/AI/tokens_luciole_phase1/wikimedia-vikidia_ca_text_document_ratio0.20_phase0.idx
[NeMo I 2026-04-30 09:58:41 utils:532] 	Extract the sequence lengths
[NeMo I 2026-04-30 09:58:41 utils:532] 	Extract the sequence pointers
[NeMo I 2026-04-30 09:58:41 utils:532] 	Extract the document indices
[NeMo I 2026-04-30 09:58:41 utils:532] > total number of sequences: 289424
[NeMo I 2026-04-30 09:58:41 utils:532] > total number of documents: 289424
[NeMo I 2026-04-30 09:58:41 utils:532] Load the GPTDataset train indices
[NeMo I 2026-04-30 09:58:41 utils:532] 	Load the document index from 0f739d7ca0e67150f8d91704a9b19035-GPTDataset-train-document_index.npy
[NeMo I 2026-04-30 09:58:41 utils:532] 	Load the sample index from 0f739d7ca0e67150f8d91704a9b19035-GPTDataset-train-sample_index.npy
[NeMo I 2026-04-30 09:58:41 utils:532] 	Load the shuffle index from 0f739d7ca0e67150f8d91704a9b19035-GPTDataset-train-shuffle_index.npy
[NeMo I 2026-04-30 09:58:41 utils:532] > total number of samples: 117447
[NeMo I 2026-04-30 09:58:41 utils:532] Load the _IndexReader from /work/datasets/AI/tokens_luciole_phase1/wikimedia-vikidia_de_text_document.idx
[NeMo I 2026-04-30 09:58:49 utils:532] 	Extract the sequence lengths
[NeMo I 2026-04-30 09:58:49 utils:532] 	Extract the sequence pointers
[NeMo I 2026-04-30 09:58:49 utils:532] 	Extract the document indices
[NeMo I 2026-04-30 09:58:49 utils:532] > total number of sequences: 4561076
[NeMo I 2026-04-30 09:58:49 utils:532] > total number of documents: 4561076
[NeMo I 2026-04-30 09:58:49 utils:532] Load the GPTDataset train indices
[NeMo I 2026-04-30 09:58:49 utils:532] 	Load the document index from 5fa1fd0912647dd6cf40b209c842aaf5-GPTDataset-train-document_index.npy
[NeMo I 2026-04-30 09:58:49 utils:532] 	Load the sample index from 5fa1fd0912647dd6cf40b209c842aaf5-GPTDataset-train-sample_index.npy
[NeMo I 2026-04-30 09:58:49 utils:532] 	Load the shuffle index from 5fa1fd0912647dd6cf40b209c842aaf5-GPTDataset-train-shuffle_index.npy
[NeMo I 2026-04-30 09:58:49 utils:532] > total number of samples: 2197190
[NeMo I 2026-04-30 09:58:49 utils:532] Load the _IndexReader from /work/datasets/AI/tokens_luciole_phase1/wikimedia-vikidia_en_text_document.idx
[NeMo I 2026-04-30 09:58:50 utils:532] 	Extract the sequence lengths
[NeMo I 2026-04-30 09:58:50 utils:532] 	Extract the sequence pointers
[NeMo I 2026-04-30 09:58:50 utils:532] 	Extract the document indices
[NeMo I 2026-04-30 09:58:50 utils:532] > total number of sequences: 16464277
[NeMo I 2026-04-30 09:58:50 utils:532] > total number of documents: 16464277
[NeMo I 2026-04-30 09:58:50 utils:532] Load the GPTDataset train indices
[NeMo I 2026-04-30 09:58:50 utils:532] 	Load the document index from 348b14392c9b7aff9f77ce4754d54d96-GPTDataset-train-document_index.npy
[NeMo I 2026-04-30 09:58:50 utils:532] 	Load the sample index from 348b14392c9b7aff9f77ce4754d54d96-GPTDataset-train-sample_index.npy
[NeMo I 2026-04-30 09:58:50 utils:532] 	Load the shuffle index from 348b14392c9b7aff9f77ce4754d54d96-GPTDataset-train-shuffle_index.npy
[NeMo I 2026-04-30 09:58:50 utils:532] > total number of samples: 5765650
[NeMo I 2026-04-30 09:58:50 utils:532] Load the _IndexReader from /work/datasets/AI/tokens_luciole_phase1/wikimedia-vikidia_es_text_document.idx
[NeMo I 2026-04-30 09:58:50 utils:532] 	Extract the sequence lengths
[NeMo I 2026-04-30 09:58:50 utils:532] 	Extract the sequence pointers
[NeMo I 2026-04-30 09:58:50 utils:532] 	Extract the document indices
[NeMo I 2026-04-30 09:58:50 utils:532] > total number of sequences: 3065035
[NeMo I 2026-04-30 09:58:50 utils:532] > total number of documents: 3065035
[NeMo I 2026-04-30 09:58:50 utils:532] Load the GPTDataset train indices
[NeMo I 2026-04-30 09:58:50 utils:532] 	Load the document index from 49f0250198102d2eb71fda2f0bf5efaa-GPTDataset-train-document_index.npy
[NeMo I 2026-04-30 09:58:50 utils:532] 	Load the sample index from 49f0250198102d2eb71fda2f0bf5efaa-GPTDataset-train-sample_index.npy
[NeMo I 2026-04-30 09:58:50 utils:532] 	Load the shuffle index from 49f0250198102d2eb71fda2f0bf5efaa-GPTDataset-train-shuffle_index.npy
[NeMo I 2026-04-30 09:58:50 utils:532] > total number of samples: 1263687
[NeMo I 2026-04-30 09:58:50 utils:532] Load the _IndexReader from /work/datasets/AI/tokens_luciole_phase1/wikimedia-vikidia_fr_text_document.idx
[NeMo I 2026-04-30 09:58:50 utils:532] 	Extract the sequence lengths
[NeMo I 2026-04-30 09:58:50 utils:532] 	Extract the sequence pointers
[NeMo I 2026-04-30 09:58:50 utils:532] 	Extract the document indices
[NeMo I 2026-04-30 09:58:50 utils:532] > total number of sequences: 9702359
[NeMo I 2026-04-30 09:58:50 utils:532] > total number of documents: 9702359
[NeMo I 2026-04-30 09:58:50 utils:532] Load the GPTDataset train indices
[NeMo I 2026-04-30 09:58:50 utils:532] 	Load the document index from 9fc0098ebf656c628f150b58ffc1ada9-GPTDataset-train-document_index.npy
[NeMo I 2026-04-30 09:58:50 utils:532] 	Load the sample index from 9fc0098ebf656c628f150b58ffc1ada9-GPTDataset-train-sample_index.npy
[NeMo I 2026-04-30 09:58:50 utils:532] 	Load the shuffle index from 9fc0098ebf656c628f150b58ffc1ada9-GPTDataset-train-shuffle_index.npy
[NeMo I 2026-04-30 09:58:50 utils:532] > total number of samples: 2552104
[NeMo I 2026-04-30 09:58:50 utils:532] Load the _IndexReader from /work/datasets/AI/tokens_luciole_phase1/wikimedia-vikidia_it_text_document.idx
[NeMo I 2026-04-30 09:58:50 utils:532] 	Extract the sequence lengths
[NeMo I 2026-04-30 09:58:50 utils:532] 	Extract the sequence pointers
[NeMo I 2026-04-30 09:58:50 utils:532] 	Extract the document indices
[NeMo I 2026-04-30 09:58:50 utils:532] > total number of sequences: 2760467
[NeMo I 2026-04-30 09:58:50 utils:532] > total number of documents: 2760467
[NeMo I 2026-04-30 09:58:50 utils:532] Load the GPTDataset train indices
[NeMo I 2026-04-30 09:58:50 utils:532] 	Load the document index from b00b237c80ff7ed8eb4fca634961f002-GPTDataset-train-document_index.npy
[NeMo I 2026-04-30 09:58:50 utils:532] 	Load the sample index from b00b237c80ff7ed8eb4fca634961f002-GPTDataset-train-sample_index.npy
[NeMo I 2026-04-30 09:58:50 utils:532] 	Load the shuffle index from b00b237c80ff7ed8eb4fca634961f002-GPTDataset-train-shuffle_index.npy
[NeMo I 2026-04-30 09:58:50 utils:532] > total number of samples: 1308154
[NeMo I 2026-04-30 09:58:50 utils:532] Load the _IndexReader from /work/datasets/AI/tokens_luciole_phase1/wikimedia-vikidia_pt_text_document.idx
[NeMo I 2026-04-30 09:58:50 utils:532] 	Extract the sequence lengths
[NeMo I 2026-04-30 09:58:50 utils:532] 	Extract the sequence pointers
[NeMo I 2026-04-30 09:58:50 utils:532] 	Extract the document indices
[NeMo I 2026-04-30 09:58:50 utils:532] > total number of sequences: 1764890
[NeMo I 2026-04-30 09:58:50 utils:532] > total number of documents: 1764890
[NeMo I 2026-04-30 09:58:50 utils:532] Load the GPTDataset train indices
[NeMo I 2026-04-30 09:58:50 utils:532] 	Load the document index from 5308977226513f4c6a329ae7a6e70133-GPTDataset-train-document_index.npy
[NeMo I 2026-04-30 09:58:50 utils:532] 	Load the sample index from 5308977226513f4c6a329ae7a6e70133-GPTDataset-train-sample_index.npy
[NeMo I 2026-04-30 09:58:50 utils:532] 	Load the shuffle index from 5308977226513f4c6a329ae7a6e70133-GPTDataset-train-shuffle_index.npy
[NeMo I 2026-04-30 09:58:50 utils:532] > total number of samples: 608784
[NeMo I 2026-04-30 09:58:50 utils:532] Load the _IndexReader from /work/datasets/AI/tokens_luciole_phase1/wikimedia-vikidia_regional_text_document.idx
[NeMo I 2026-04-30 09:58:50 utils:532] 	Extract the sequence lengths
[NeMo I 2026-04-30 09:58:50 utils:532] 	Extract the sequence pointers
[NeMo I 2026-04-30 09:58:50 utils:532] 	Extract the document indices
[NeMo I 2026-04-30 09:58:50 utils:532] > total number of sequences: 851598
[NeMo I 2026-04-30 09:58:50 utils:532] > total number of documents: 851598
[NeMo I 2026-04-30 09:58:50 utils:532] Load the GPTDataset train indices
[NeMo I 2026-04-30 09:58:50 utils:532] 	Load the document index from 648ab9e1e4f8fc2a5fe5e2a0e2a79fe1-GPTDataset-train-document_index.npy
[NeMo I 2026-04-30 09:58:50 utils:532] 	Load the sample index from 648ab9e1e4f8fc2a5fe5e2a0e2a79fe1-GPTDataset-train-sample_index.npy
[NeMo I 2026-04-30 09:58:50 utils:532] 	Load the shuffle index from 648ab9e1e4f8fc2a5fe5e2a0e2a79fe1-GPTDataset-train-shuffle_index.npy
[NeMo I 2026-04-30 09:58:50 utils:532] > total number of samples: 238469
[NeMo I 2026-04-30 09:58:50 utils:532] Load the _IndexReader from /work/datasets/AI/tokens_luciole_phase1/wikimedia_nl_text_document.idx
[NeMo I 2026-04-30 09:58:51 utils:532] 	Extract the sequence lengths
[NeMo I 2026-04-30 09:58:51 utils:532] 	Extract the sequence pointers
[NeMo I 2026-04-30 09:58:51 utils:532] 	Extract the document indices
[NeMo I 2026-04-30 09:58:51 utils:532] > total number of sequences: 3157316
[NeMo I 2026-04-30 09:58:51 utils:532] > total number of documents: 3157316
[NeMo I 2026-04-30 09:58:51 utils:532] Load the GPTDataset train indices
[NeMo I 2026-04-30 09:58:51 utils:532] 	Load the document index from 9a8b923b7ff32c1ceec3037281de022d-GPTDataset-train-document_index.npy
[NeMo I 2026-04-30 09:58:51 utils:532] 	Load the sample index from 9a8b923b7ff32c1ceec3037281de022d-GPTDataset-train-sample_index.npy
[NeMo I 2026-04-30 09:58:51 utils:532] 	Load the shuffle index from 9a8b923b7ff32c1ceec3037281de022d-GPTDataset-train-shuffle_index.npy
[NeMo I 2026-04-30 09:58:51 utils:532] > total number of samples: 690639
[NeMo I 2026-04-30 09:58:51 utils:532] Load the _IndexReader from /work/datasets/AI/tokens_luciole_phase1/youtube_fr_text_document.idx
[NeMo I 2026-04-30 09:58:51 utils:532] 	Extract the sequence lengths
[NeMo I 2026-04-30 09:58:51 utils:532] 	Extract the sequence pointers
[NeMo I 2026-04-30 09:58:51 utils:532] 	Extract the document indices
[NeMo I 2026-04-30 09:58:51 utils:532] > total number of sequences: 37513
[NeMo I 2026-04-30 09:58:51 utils:532] > total number of documents: 37513
[NeMo I 2026-04-30 09:58:51 utils:532] Load the GPTDataset train indices
[NeMo I 2026-04-30 09:58:51 utils:532] 	Load the document index from a7d283fc0986056668fddb88a92c3aab-GPTDataset-train-document_index.npy
[NeMo I 2026-04-30 09:58:51 utils:532] 	Load the sample index from a7d283fc0986056668fddb88a92c3aab-GPTDataset-train-sample_index.npy
[NeMo I 2026-04-30 09:58:51 utils:532] 	Load the shuffle index from a7d283fc0986056668fddb88a92c3aab-GPTDataset-train-shuffle_index.npy
[NeMo I 2026-04-30 09:58:51 utils:532] > total number of samples: 152389
[NeMo I 2026-04-30 09:58:51 utils:532] Load the BlendedDataset indices
[NeMo I 2026-04-30 09:58:51 utils:532] 	Load the dataset index from /tmpdir/barman/bs1024_fullrun/outputs/index_mapping/04baff2d980ba06f7f964660fdde7898-BlendedDataset-train-dataset_index.npy
[NeMo I 2026-04-30 09:58:51 utils:532] 	Load the dataset sample index from /tmpdir/barman/bs1024_fullrun/outputs/index_mapping/04baff2d980ba06f7f964660fdde7898-BlendedDataset-train-dataset_sample_index.npy
[NeMo I 2026-04-30 09:58:54 utils:532] NumPy indices for BlendedDataset train split are fully cached, skipping verification
[NeMo I 2026-04-30 09:58:55 nemo_logging:393] Use preset vocab_size: 128000, original vocab_size: 128000, dummy tokens: 0.
INFO: LOCAL_RANK: 1 - CUDA_VISIBLE_DEVICES: [0,1,2,3]
INFO:lightning.pytorch.accelerators.cuda:LOCAL_RANK: 1 - CUDA_VISIBLE_DEVICES: [0,1,2,3]
INFO: LOCAL_RANK: 2 - CUDA_VISIBLE_DEVICES: [0,1,2,3]
INFO:lightning.pytorch.accelerators.cuda:LOCAL_RANK: 2 - CUDA_VISIBLE_DEVICES: [0,1,2,3]
INFO: LOCAL_RANK: 0 - CUDA_VISIBLE_DEVICES: [0,1,2,3]
INFO:lightning.pytorch.accelerators.cuda:LOCAL_RANK: 0 - CUDA_VISIBLE_DEVICES: [0,1,2,3]
[NeMo I 2026-04-30 09:58:55 nemo_logging:393] Copying Trainer's 'max_steps' (715788) to LR scheduler's 'max_steps'.
[NeMo I 2026-04-30 09:58:55 num_microbatches_calculator:228] setting number of microbatches to constant 16
INFO: LOCAL_RANK: 3 - CUDA_VISIBLE_DEVICES: [0,1,2,3]
INFO:lightning.pytorch.accelerators.cuda:LOCAL_RANK: 3 - CUDA_VISIBLE_DEVICES: [0,1,2,3]
INFO: LOCAL_RANK: 2 - CUDA_VISIBLE_DEVICES: [0,1,2,3]
INFO: LOCAL_RANK: 1 - CUDA_VISIBLE_DEVICES: [0,1,2,3]
INFO:lightning.pytorch.accelerators.cuda:LOCAL_RANK: 2 - CUDA_VISIBLE_DEVICES: [0,1,2,3]
INFO:lightning.pytorch.accelerators.cuda:LOCAL_RANK: 1 - CUDA_VISIBLE_DEVICES: [0,1,2,3]
INFO: LOCAL_RANK: 3 - CUDA_VISIBLE_DEVICES: [0,1,2,3]
INFO:lightning.pytorch.accelerators.cuda:LOCAL_RANK: 3 - CUDA_VISIBLE_DEVICES: [0,1,2,3]
INFO: LOCAL_RANK: 2 - CUDA_VISIBLE_DEVICES: [0,1,2,3]
INFO:lightning.pytorch.accelerators.cuda:LOCAL_RANK: 2 - CUDA_VISIBLE_DEVICES: [0,1,2,3]
INFO: LOCAL_RANK: 0 - CUDA_VISIBLE_DEVICES: [0,1,2,3]
INFO:lightning.pytorch.accelerators.cuda:LOCAL_RANK: 0 - CUDA_VISIBLE_DEVICES: [0,1,2,3]
INFO: LOCAL_RANK: 1 - CUDA_VISIBLE_DEVICES: [0,1,2,3]
INFO:lightning.pytorch.accelerators.cuda:LOCAL_RANK: 1 - CUDA_VISIBLE_DEVICES: [0,1,2,3]
INFO: LOCAL_RANK: 3 - CUDA_VISIBLE_DEVICES: [0,1,2,3]
INFO:lightning.pytorch.accelerators.cuda:LOCAL_RANK: 3 - CUDA_VISIBLE_DEVICES: [0,1,2,3]
INFO: LOCAL_RANK: 0 - CUDA_VISIBLE_DEVICES: [0,1,2,3]
INFO:lightning.pytorch.accelerators.cuda:LOCAL_RANK: 0 - CUDA_VISIBLE_DEVICES: [0,1,2,3]
INFO: LOCAL_RANK: 2 - CUDA_VISIBLE_DEVICES: [0,1,2,3]
INFO:lightning.pytorch.accelerators.cuda:LOCAL_RANK: 2 - CUDA_VISIBLE_DEVICES: [0,1,2,3]
[NeMo I 2026-04-30 09:58:55 nemo_logging:393]  > number of parameters on (tensor, pipeline) model parallel rank (0 ,0): 1319309336
INFO: LOCAL_RANK: 0 - CUDA_VISIBLE_DEVICES: [0,1,2,3]
INFO:lightning.pytorch.accelerators.cuda:LOCAL_RANK: 0 - CUDA_VISIBLE_DEVICES: [0,1,2,3]
INFO: LOCAL_RANK: 1 - CUDA_VISIBLE_DEVICES: [0,1,2,3]
INFO:lightning.pytorch.accelerators.cuda:LOCAL_RANK: 1 - CUDA_VISIBLE_DEVICES: [0,1,2,3]
INFO: LOCAL_RANK: 3 - CUDA_VISIBLE_DEVICES: [0,1,2,3]
INFO:lightning.pytorch.accelerators.cuda:LOCAL_RANK: 3 - CUDA_VISIBLE_DEVICES: [0,1,2,3]
[NeMo I 2026-04-30 09:58:55 utils:532] Setting up DistributedDataParallel with config DistributedDataParallelConfig(grad_reduce_in_fp32=True, overlap_grad_reduce=True, overlap_param_gather=True, align_param_gather=False, use_distributed_optimizer=True, num_distributed_optimizer_instances=1, check_for_nan_in_grad=True, check_for_large_grads=False, bucket_size=40000000, pad_buckets_for_high_nccl_busbw=False, average_in_collective=True, fp8_param_gather=False, use_custom_fsdp=False, data_parallel_sharding_strategy='no_shard', gradient_reduce_div_fusion=True, suggested_communication_unit_size=None, preserve_fp32_weights=True, keep_fp8_transpose_cache_when_using_custom_fsdp=False)
[NeMo I 2026-04-30 09:58:55 utils:553] Number of buckets for gradient all-reduce / reduce-scatter: 25
    Params for bucket 1 (44048384 elements, 44048384 padded size):
    	module.decoder.layers.23.pre_mlp_layernorm.bias
    	module.decoder.layers.23.mlp.linear_fc2.weight
    	module.decoder.final_layernorm.weight
    	module.decoder.layers.23.self_attention.linear_qkv.weight
    	module.decoder.layers.23.self_attention.linear_proj.weight
    	module.decoder.final_layernorm.bias
    	module.decoder.layers.23.mlp.linear_fc1.weight
    	module.decoder.layers.23.pre_mlp_layernorm.weight
    Params for bucket 2 (44048385 elements, 44048512 padded size):
    	module.decoder.layers.22.mlp.linear_fc2.weight
    	module.decoder.layers.23.input_layernorm.weight
    	module.decoder.layers.22.pre_mlp_layernorm.bias
    	module.decoder.layers.22.self_attention.linear_proj.weight
    	module.decoder.layers.23.self_attention.core_attention.ssa_n_raw
    	module.decoder.layers.23.input_layernorm.bias
    	module.decoder.layers.22.mlp.linear_fc1.weight
    	module.decoder.layers.22.pre_mlp_layernorm.weight
    	module.decoder.layers.22.self_attention.linear_qkv.weight
    Params for bucket 3 (44048385 elements, 44048512 padded size):
    	module.decoder.layers.22.self_attention.core_attention.ssa_n_raw
    	module.decoder.layers.22.input_layernorm.weight
    	module.decoder.layers.21.mlp.linear_fc1.weight
    	module.decoder.layers.22.input_layernorm.bias
    	module.decoder.layers.21.pre_mlp_layernorm.weight
    	module.decoder.layers.21.self_attention.linear_proj.weight
    	module.decoder.layers.21.mlp.linear_fc2.weight
    	module.decoder.layers.21.pre_mlp_layernorm.bias
    	module.decoder.layers.21.self_attention.linear_qkv.weight
    Params for bucket 4 (44048385 elements, 44048512 padded size):
    	module.decoder.layers.21.self_attention.core_attention.ssa_n_raw
    	module.decoder.layers.21.input_layernorm.weight
    	module.decoder.layers.20.mlp.linear_fc2.weight
    	module.decoder.layers.20.pre_mlp_layernorm.bias
    	module.decoder.layers.20.self_attention.linear_qkv.weight
    	module.decoder.layers.20.self_attention.linear_proj.weight
    	module.decoder.layers.21.input_layernorm.bias
    	module.decoder.layers.20.mlp.linear_fc1.weight
    	module.decoder.layers.20.pre_mlp_layernorm.weight
    Params for bucket 5 (44048385 elements, 44048512 padded size):
    	module.decoder.layers.19.mlp.linear_fc1.weight
    	module.decoder.layers.20.input_layernorm.weight
    	module.decoder.layers.19.pre_mlp_layernorm.bias
    	module.decoder.layers.19.pre_mlp_layernorm.weight
    	module.decoder.layers.19.self_attention.linear_qkv.weight
    	module.decoder.layers.20.self_attention.core_attention.ssa_n_raw
    	module.decoder.layers.19.mlp.linear_fc2.weight
    	module.decoder.layers.20.input_layernorm.bias
    	module.decoder.layers.19.self_attention.linear_proj.weight
    Params for bucket 6 (44048385 elements, 44048512 padded size):
    	module.decoder.layers.19.self_attention.core_attention.ssa_n_raw
    	module.decoder.layers.18.mlp.linear_fc1.weight
    	module.decoder.layers.19.input_layernorm.bias
    	module.decoder.layers.18.self_attention.linear_proj.weight
    	module.decoder.layers.18.mlp.linear_fc2.weight
    	module.decoder.layers.19.input_layernorm.weight
    	module.decoder.layers.18.pre_mlp_layernorm.bias
    	module.decoder.layers.18.pre_mlp_layernorm.weight
    	module.decoder.layers.18.self_attention.linear_qkv.weight
    Params for bucket 7 (44048385 elements, 44048512 padded size):
    	module.decoder.layers.18.self_attention.core_attention.ssa_n_raw
    	module.decoder.layers.17.mlp.linear_fc1.weight
    	module.decoder.layers.17.mlp.linear_fc2.weight
    	module.decoder.layers.18.input_layernorm.weight
    	module.decoder.layers.17.pre_mlp_layernorm.bias
    	module.decoder.layers.17.self_attention.linear_proj.weight
    	module.decoder.layers.18.input_layernorm.bias
    	module.decoder.layers.17.pre_mlp_layernorm.weight
    	module.decoder.layers.17.self_attention.linear_qkv.weight
    Params for bucket 8 (44048385 elements, 44048512 padded size):
    	module.decoder.layers.16.mlp.linear_fc2.weight
    	module.decoder.layers.17.input_layernorm.weight
    	module.decoder.layers.16.pre_mlp_layernorm.weight
    	module.decoder.layers.16.self_attention.linear_qkv.weight
    	module.decoder.layers.17.self_attention.core_attention.ssa_n_raw
    	module.decoder.layers.17.input_layernorm.bias
    	module.decoder.layers.16.mlp.linear_fc1.weight
    	module.decoder.layers.16.pre_mlp_layernorm.bias
    	module.decoder.layers.16.self_attention.linear_proj.weight
    Params for bucket 9 (44048385 elements, 44048512 padded size):
    	module.decoder.layers.16.self_attention.core_attention.ssa_n_raw
    	module.decoder.layers.16.input_layernorm.bias
    	module.decoder.layers.15.mlp.linear_fc1.weight
    	module.decoder.layers.15.mlp.linear_fc2.weight
    	module.decoder.layers.15.self_attention.linear_proj.weight
    	module.decoder.layers.16.input_layernorm.weight
    	module.decoder.layers.15.pre_mlp_layernorm.bias
    	module.decoder.layers.15.pre_mlp_layernorm.weight
    	module.decoder.layers.15.self_attention.linear_qkv.weight
    Params for bucket 10 (44048385 elements, 44048512 padded size):
    	module.decoder.layers.15.self_attention.core_attention.ssa_n_raw
    	module.decoder.layers.15.input_layernorm.weight
    	module.decoder.layers.14.mlp.linear_fc2.weight
    	module.decoder.layers.14.self_attention.linear_qkv.weight
    	module.decoder.layers.14.self_attention.linear_proj.weight
    	module.decoder.layers.14.mlp.linear_fc1.weight
    	module.decoder.layers.15.input_layernorm.bias
    	module.decoder.layers.14.pre_mlp_layernorm.bias
    	module.decoder.layers.14.pre_mlp_layernorm.weight
    Params for bucket 11 (44048385 elements, 44048512 padded size):
    	module.decoder.layers.14.self_attention.core_attention.ssa_n_raw
    	module.decoder.layers.13.mlp.linear_fc1.weight
    	module.decoder.layers.14.input_layernorm.bias
    	module.decoder.layers.13.mlp.linear_fc2.weight
    	module.decoder.layers.13.self_attention.linear_proj.weight
    	module.decoder.layers.14.input_layernorm.weight
    	module.decoder.layers.13.pre_mlp_layernorm.bias
    	module.decoder.layers.13.pre_mlp_layernorm.weight
    	module.decoder.layers.13.self_attention.linear_qkv.weight
    Params for bucket 12 (44048385 elements, 44048512 padded size):
    	module.decoder.layers.13.self_attention.core_attention.ssa_n_raw
    	module.decoder.layers.13.input_layernorm.bias
    	module.decoder.layers.13.input_layernorm.weight
    	module.decoder.layers.12.pre_mlp_layernorm.bias
    	module.decoder.layers.12.self_attention.linear_qkv.weight
    	module.decoder.layers.12.mlp.linear_fc1.weight
    	module.decoder.layers.12.mlp.linear_fc2.weight
    	module.decoder.layers.12.pre_mlp_layernorm.weight
    	module.decoder.layers.12.self_attention.linear_proj.weight
    Params for bucket 13 (44048385 elements, 44048512 padded size):
    	module.decoder.layers.12.self_attention.core_attention.ssa_n_raw
    	module.decoder.layers.12.input_layernorm.bias
    	module.decoder.layers.11.mlp.linear_fc2.weight
    	module.decoder.layers.11.pre_mlp_layernorm.weight
    	module.decoder.layers.11.self_attention.linear_qkv.weight
    	module.decoder.layers.12.input_layernorm.weight
    	module.decoder.layers.11.mlp.linear_fc1.weight
    	module.decoder.layers.11.pre_mlp_layernorm.bias
    	module.decoder.layers.11.self_attention.linear_proj.weight
    Params for bucket 14 (44048385 elements, 44048512 padded size):
    	module.decoder.layers.11.self_attention.core_attention.ssa_n_raw
    	module.decoder.layers.10.mlp.linear_fc2.weight
    	module.decoder.layers.11.input_layernorm.bias
    	module.decoder.layers.10.self_attention.linear_qkv.weight
    	module.decoder.layers.10.self_attention.linear_proj.weight
    	module.decoder.layers.10.mlp.linear_fc1.weight
    	module.decoder.layers.11.input_layernorm.weight
    	module.decoder.layers.10.pre_mlp_layernorm.bias
    	module.decoder.layers.10.pre_mlp_layernorm.weight
    Params for bucket 15 (44048385 elements, 44048512 padded size):
    	module.decoder.layers.10.self_attention.core_attention.ssa_n_raw
    	module.decoder.layers.10.input_layernorm.weight
    	module.decoder.layers.10.input_layernorm.bias
    	module.decoder.layers.9.mlp.linear_fc2.weight
    	module.decoder.layers.9.self_attention.linear_proj.weight
    	module.decoder.layers.9.mlp.linear_fc1.weight
    	module.decoder.layers.9.pre_mlp_layernorm.bias
    	module.decoder.layers.9.pre_mlp_layernorm.weight
    	module.decoder.layers.9.self_attention.linear_qkv.weight
    Params for bucket 16 (44048385 elements, 44048512 padded size):
    	module.decoder.layers.9.self_attention.core_attention.ssa_n_raw
    	module.decoder.layers.9.input_layernorm.weight
    	module.decoder.layers.8.mlp.linear_fc2.weight
    	module.decoder.layers.8.pre_mlp_layernorm.bias
    	module.decoder.layers.8.pre_mlp_layernorm.weight
    	module.decoder.layers.8.self_attention.linear_qkv.weight
    	module.decoder.layers.8.mlp.linear_fc1.weight
    	module.decoder.layers.9.input_layernorm.bias
    	module.decoder.layers.8.self_attention.linear_proj.weight
    Params for bucket 17 (44048385 elements, 44048512 padded size):
    	module.decoder.layers.8.self_attention.core_attention.ssa_n_raw
    	module.decoder.layers.8.input_layernorm.bias
    	module.decoder.layers.7.mlp.linear_fc2.weight
    	module.decoder.layers.7.self_attention.linear_qkv.weight
    	module.decoder.layers.7.self_attention.linear_proj.weight
    	module.decoder.layers.8.input_layernorm.weight
    	module.decoder.layers.7.mlp.linear_fc1.weight
    	module.decoder.layers.7.pre_mlp_layernorm.bias
    	module.decoder.layers.7.pre_mlp_layernorm.weight
    Params for bucket 18 (44048385 elements, 44048512 padded size):
    	module.decoder.layers.7.self_attention.core_attention.ssa_n_raw
    	module.decoder.layers.6.mlp.linear_fc2.weight
    	module.decoder.layers.7.input_layernorm.bias
    	module.decoder.layers.6.pre_mlp_layernorm.bias
    	module.decoder.layers.6.self_attention.linear_proj.weight
    	module.decoder.layers.6.mlp.linear_fc1.weight
    	module.decoder.layers.7.input_layernorm.weight
    	module.decoder.layers.6.pre_mlp_layernorm.weight
    	module.decoder.layers.6.self_attention.linear_qkv.weight
    Params for bucket 19 (44048385 elements, 44048512 padded size):
    	module.decoder.layers.6.input_layernorm.bias
    	module.decoder.layers.5.mlp.linear_fc2.weight
    	module.decoder.layers.6.input_layernorm.weight
    	module.decoder.layers.5.pre_mlp_layernorm.bias
    	module.decoder.layers.5.self_attention.linear_proj.weight
    	module.decoder.layers.6.self_attention.core_attention.ssa_n_raw
    	module.decoder.layers.5.mlp.linear_fc1.weight
    	module.decoder.layers.5.pre_mlp_layernorm.weight
    	module.decoder.layers.5.self_attention.linear_qkv.weight
    Params for bucket 20 (44048385 elements, 44048512 padded size):
    	module.decoder.layers.5.input_layernorm.bias
    	module.decoder.layers.4.mlp.linear_fc2.weight
    	module.decoder.layers.4.pre_mlp_layernorm.bias
    	module.decoder.layers.4.self_attention.linear_proj.weight
    	module.decoder.layers.5.self_attention.core_attention.ssa_n_raw
    	module.decoder.layers.4.mlp.linear_fc1.weight
    	module.decoder.layers.5.input_layernorm.weight
    	module.decoder.layers.4.pre_mlp_layernorm.weight
    	module.decoder.layers.4.self_attention.linear_qkv.weight
    Params for bucket 21 (44048385 elements, 44048512 padded size):
    	module.decoder.layers.3.mlp.linear_fc2.weight
    	module.decoder.layers.4.input_layernorm.bias
    	module.decoder.layers.3.pre_mlp_layernorm.bias
    	module.decoder.layers.3.self_attention.linear_proj.weight
    	module.decoder.layers.4.self_attention.core_attention.ssa_n_raw
    	module.decoder.layers.3.mlp.linear_fc1.weight
    	module.decoder.layers.4.input_layernorm.weight
    	module.decoder.layers.3.pre_mlp_layernorm.weight
    	module.decoder.layers.3.self_attention.linear_qkv.weight
    Params for bucket 22 (44048385 elements, 44048512 padded size):
    	module.decoder.layers.2.mlp.linear_fc2.weight
    	module.decoder.layers.3.input_layernorm.bias
    	module.decoder.layers.2.pre_mlp_layernorm.bias
    	module.decoder.layers.2.self_attention.linear_proj.weight
    	module.decoder.layers.3.self_attention.core_attention.ssa_n_raw
    	module.decoder.layers.3.input_layernorm.weight
    	module.decoder.layers.2.mlp.linear_fc1.weight
    	module.decoder.layers.2.pre_mlp_layernorm.weight
    	module.decoder.layers.2.self_attention.linear_qkv.weight
    Params for bucket 23 (44048385 elements, 44048512 padded size):
    	module.decoder.layers.2.input_layernorm.bias
    	module.decoder.layers.1.mlp.linear_fc2.weight
    	module.decoder.layers.1.pre_mlp_layernorm.bias
    	module.decoder.layers.1.self_attention.linear_qkv.weight
    	module.decoder.layers.1.self_attention.linear_proj.weight
    	module.decoder.layers.2.self_attention.core_attention.ssa_n_raw
    	module.decoder.layers.2.input_layernorm.weight
    	module.decoder.layers.1.mlp.linear_fc1.weight
    	module.decoder.layers.1.pre_mlp_layernorm.weight
    Params for bucket 24 (44048385 elements, 44048512 padded size):
    	module.decoder.layers.1.input_layernorm.bias
    	module.decoder.layers.0.mlp.linear_fc2.weight
    	module.decoder.layers.0.pre_mlp_layernorm.bias
    	module.decoder.layers.0.self_attention.linear_proj.weight
    	module.decoder.layers.1.self_attention.core_attention.ssa_n_raw
    	module.decoder.layers.1.input_layernorm.weight
    	module.decoder.layers.0.mlp.linear_fc1.weight
    	module.decoder.layers.0.pre_mlp_layernorm.weight
    	module.decoder.layers.0.self_attention.linear_qkv.weight
    Params for bucket 25 (262148097 elements, 262148224 padded size):
    	module.decoder.layers.0.self_attention.core_attention.ssa_n_raw
    	module.decoder.layers.0.input_layernorm.bias
    	module.decoder.layers.0.input_layernorm.weight
    	module.embedding.word_embeddings.weight
[NeMo I 2026-04-30 09:58:55 utils:532] Setting up optimizer with config OptimizerConfig(optimizer='adam', lr=0.0003, min_lr=None, decoupled_lr=None, decoupled_min_lr=None, weight_decay=0.1, fp16=False, bf16=True, params_dtype=torch.bfloat16, use_precision_aware_optimizer=False, main_grads_dtype=torch.float32, main_params_dtype=torch.float32, exp_avg_dtype=torch.float32, exp_avg_sq_dtype=torch.float32, loss_scale=None, initial_loss_scale=4294967296, min_loss_scale=1.0, loss_scale_window=1000, hysteresis=2, adam_beta1=0.9, adam_beta2=0.95, adam_eps=1e-05, sgd_momentum=0.9, use_distributed_optimizer=True, overlap_param_gather_with_optimizer_step=False, optimizer_cpu_offload=False, optimizer_offload_fraction=0.0, use_torch_optimizer_for_cpu_offload=False, overlap_cpu_optimizer_d2h_h2d=False, pin_cpu_grads=True, pin_cpu_params=True, clip_grad=1.0, log_num_zeros_in_grad=False, barrier_with_L1_time=False, timers=None, config_logger_dir='')
INFO: 
  | Name   | Type | Params | Mode 
----------------------------------------
0 | module | DDP  | 1.3 B  | train
----------------------------------------
1.3 B     Trainable params
0         Non-trainable params
1.3 B     Total params
5,277.237 Total estimated model params size (MB)
395       Modules in train mode
0         Modules in eval mode
INFO:lightning.pytorch.callbacks.model_summary:
  | Name   | Type | Params | Mode 
----------------------------------------
0 | module | DDP  | 1.3 B  | train
----------------------------------------
1.3 B     Trainable params
0         Non-trainable params
1.3 B     Total params
5,277.237 Total estimated model params size (MB)
395       Modules in train mode
0         Modules in eval mode
INFO: Restoring states from the checkpoint path at /tmpdir/barman/bs1024_fullrun/outputs/nemotron-1B-SSA-Triton-bs1024/checkpoints/nemotron-1B-SSA-Triton-bs1024-step=0341499-last/weights
INFO:lightning.pytorch.utilities.rank_zero:Restoring states from the checkpoint path at /tmpdir/barman/bs1024_fullrun/outputs/nemotron-1B-SSA-Triton-bs1024/checkpoints/nemotron-1B-SSA-Triton-bs1024-step=0341499-last/weights
[NeMo I 2026-04-30 09:58:55 nemo_logging:393] Using <megatron.core.dist_checkpointing.strategies.fully_parallel.FullyParallelLoadStrategyWrapper object at 0x43207fd64950> dist-ckpt load strategy.
[NeMo I 2026-04-30 09:58:57 nemo_logging:393] Global Checkpoint Load : Rank : 0 : Start time : 1777535935.997s : Time spent in load_checkpoint: 1.847s
INFO: *** Loaded DataModule state dict successfully. IGNORE PTL's warning below about the dataloader not being resumable. This is warning is expected because we are handling dataloader resumption manually in NeMo. ***
INFO:lightning.pytorch.utilities.rank_zero:*** Loaded DataModule state dict successfully. IGNORE PTL's warning below about the dataloader not being resumable. This is warning is expected because we are handling dataloader resumption manually in NeMo. ***
[NeMo I 2026-04-30 09:58:57 distrib_optimizer:784] Loading distributed optimizer sharded state of type fully_sharded_model_space
INFO: Restored all states from the checkpoint at /tmpdir/barman/bs1024_fullrun/outputs/nemotron-1B-SSA-Triton-bs1024/checkpoints/nemotron-1B-SSA-Triton-bs1024-step=0341499-last/weights
INFO:lightning.pytorch.utilities.rank_zero:Restored all states from the checkpoint at /tmpdir/barman/bs1024_fullrun/outputs/nemotron-1B-SSA-Triton-bs1024/checkpoints/nemotron-1B-SSA-Triton-bs1024-step=0341499-last/weights
INFO:root:Instantiating MegatronPretrainingSampler with total_samples: 732966961 and consumed_samples: 349696000
INFO:root:Instantiating MegatronPretrainingSampler with total_samples: 732966961 and consumed_samples: 349696000
INFO:root:Instantiating MegatronPretrainingSampler with total_samples: 732966961 and consumed_samples: 349696000
INFO:root:Instantiating MegatronPretrainingSampler with total_samples: 732966961 and consumed_samples: 349696000
INFO:root:Instantiating MegatronPretrainingSampler with total_samples: 732966961 and consumed_samples: 349696000
INFO:root:Instantiating MegatronPretrainingSampler with total_samples: 732966961 and consumed_samples: 349696000
INFO:root:Instantiating MegatronPretrainingSampler with total_samples: 732966961 and consumed_samples: 349696000
INFO:root:Instantiating MegatronPretrainingSampler with total_samples: 732966961 and consumed_samples: 349696000
INFO:root:Instantiating MegatronPretrainingSampler with total_samples: 732966961 and consumed_samples: 349696000
INFO:root:Instantiating MegatronPretrainingSampler with total_samples: 732966961 and consumed_samples: 349696000
INFO:root:Instantiating MegatronPretrainingSampler with total_samples: 732966961 and consumed_samples: 349696000
INFO:root:Instantiating MegatronPretrainingSampler with total_samples: 732966961 and consumed_samples: 349696000
INFO:root:Instantiating MegatronPretrainingSampler with total_samples: 732966961 and consumed_samples: 349696000
INFO:root:Instantiating MegatronPretrainingSampler with total_samples: 732966961 and consumed_samples: 349696000
INFO:root:Instantiating MegatronPretrainingSampler with total_samples: 732966961 and consumed_samples: 349696000
INFO:root:Instantiating MegatronPretrainingSampler with total_samples: 732966961 and consumed_samples: 349696000
[NeMo W 2026-04-30 09:59:25 nemo_logging:405] /usr/local/lib/python3.12/dist-packages/lightning/pytorch/loops/training_epoch_loop.py:161: You're resuming from a checkpoint that ended before the epoch ended and your dataloader is not resumable. This can cause unreliable results if further training is done. Consider using an end-of-epoch checkpoint or make your dataloader resumable by implementing the `state_dict` / `load_state_dict` interface.
    
[NeMo W 2026-04-30 10:00:38 rerun_state_machine:1264] Implicit initialization of Rerun State Machine!
[NeMo W 2026-04-30 10:00:38 rerun_state_machine:239] RerunStateMachine initialized in mode RerunMode.DISABLED
Training epoch 2, iteration 341500/715787 | lr: 0.0001749 | consumed_samples: 349697024 | global_batch_size: 1024 | global_step: 341500 | reduced_train_loss: 2.19
Training epoch 2, iteration 341501/715787 | lr: 0.0001749 | consumed_samples: 349698048 | global_batch_size: 1024 | global_step: 341501 | reduced_train_loss: 2.18
Training epoch 2, iteration 341502/715787 | lr: 0.0001749 | consumed_samples: 349699072 | global_batch_size: 1024 | global_step: 341502 | reduced_train_loss: 2.163
Training epoch 2, iteration 341503/715787 | lr: 0.0001749 | consumed_samples: 349700096 | global_batch_size: 1024 | global_step: 341503 | reduced_train_loss: 2.167
Training epoch 2, iteration 341504/715787 | lr: 0.0001749 | consumed_samples: 349701120 | global_batch_size: 1024 | global_step: 341504 | reduced_train_loss: 2.174
Training epoch 2, iteration 341505/715787 | lr: 0.0001749 | consumed_samples: 349702144 | global_batch_size: 1024 | global_step: 341505 | reduced_train_loss: 2.169
Training epoch 2, iteration 341506/715787 | lr: 0.0001749 | consumed_samples: 349703168 | global_batch_size: 1024 | global_step: 341506 | reduced_train_loss: 2.182
Training epoch 2, iteration 341507/715787 | lr: 0.0001749 | consumed_samples: 349704192 | global_batch_size: 1024 | global_step: 341507 | reduced_train_loss: 2.19
Training epoch 2, iteration 341508/715787 | lr: 0.0001749 | consumed_samples: 349705216 | global_batch_size: 1024 | global_step: 341508 | reduced_train_loss: 2.175
Training epoch 2, iteration 341509/715787 | lr: 0.0001749 | consumed_samples: 349706240 | global_batch_size: 1024 | global_step: 341509 | reduced_train_loss: 2.173
Training epoch 2, iteration 341510/715787 | lr: 0.0001749 | consumed_samples: 349707264 | global_batch_size: 1024 | global_step: 341510 | reduced_train_loss: 2.19
Training epoch 2, iteration 341511/715787 | lr: 0.0001749 | consumed_samples: 349708288 | global_batch_size: 1024 | global_step: 341511 | reduced_train_loss: 2.161
Training epoch 2, iteration 341512/715787 | lr: 0.0001749 | consumed_samples: 349709312 | global_batch_size: 1024 | global_step: 341512 | reduced_train_loss: 2.176
Training epoch 2, iteration 341513/715787 | lr: 0.0001749 | consumed_samples: 349710336 | global_batch_size: 1024 | global_step: 341513 | reduced_train_loss: 2.185
Training epoch 2, iteration 341514/715787 | lr: 0.0001749 | consumed_samples: 349711360 | global_batch_size: 1024 | global_step: 341514 | reduced_train_loss: 2.195
Training epoch 2, iteration 341515/715787 | lr: 0.0001749 | consumed_samples: 349712384 | global_batch_size: 1024 | global_step: 341515 | reduced_train_loss: 2.186
Training epoch 2, iteration 341516/715787 | lr: 0.0001749 | consumed_samples: 349713408 | global_batch_size: 1024 | global_step: 341516 | reduced_train_loss: 2.195
Training epoch 2, iteration 341517/715787 | lr: 0.0001748 | consumed_samples: 349714432 | global_batch_size: 1024 | global_step: 341517 | reduced_train_loss: 2.188
Training epoch 2, iteration 341518/715787 | lr: 0.0001748 | consumed_samples: 349715456 | global_batch_size: 1024 | global_step: 341518 | reduced_train_loss: 2.178
Training epoch 2, iteration 341519/715787 | lr: 0.0001748 | consumed_samples: 349716480 | global_batch_size: 1024 | global_step: 341519 | reduced_train_loss: 2.176
Training epoch 2, iteration 341520/715787 | lr: 0.0001748 | consumed_samples: 349717504 | global_batch_size: 1024 | global_step: 341520 | reduced_train_loss: 2.194
Training epoch 2, iteration 341521/715787 | lr: 0.0001748 | consumed_samples: 349718528 | global_batch_size: 1024 | global_step: 341521 | reduced_train_loss: 2.193
Training epoch 2, iteration 341522/715787 | lr: 0.0001748 | consumed_samples: 349719552 | global_batch_size: 1024 | global_step: 341522 | reduced_train_loss: 2.174
Training epoch 2, iteration 341523/715787 | lr: 0.0001748 | consumed_samples: 349720576 | global_batch_size: 1024 | global_step: 341523 | reduced_train_loss: 2.197
Training epoch 2, iteration 341524/715787 | lr: 0.0001748 | consumed_samples: 349721600 | global_batch_size: 1024 | global_step: 341524 | reduced_train_loss: 2.189
Training epoch 2, iteration 341525/715787 | lr: 0.0001748 | consumed_samples: 349722624 | global_batch_size: 1024 | global_step: 341525 | reduced_train_loss: 2.186
Training epoch 2, iteration 341526/715787 | lr: 0.0001748 | consumed_samples: 349723648 | global_batch_size: 1024 | global_step: 341526 | reduced_train_loss: 2.17
Training epoch 2, iteration 341527/715787 | lr: 0.0001748 | consumed_samples: 349724672 | global_batch_size: 1024 | global_step: 341527 | reduced_train_loss: 2.165
Training epoch 2, iteration 341528/715787 | lr: 0.0001748 | consumed_samples: 349725696 | global_batch_size: 1024 | global_step: 341528 | reduced_train_loss: 2.18
Training epoch 2, iteration 341529/715787 | lr: 0.0001748 | consumed_samples: 349726720 | global_batch_size: 1024 | global_step: 341529 | reduced_train_loss: 2.181
Training epoch 2, iteration 341530/715787 | lr: 0.0001748 | consumed_samples: 349727744 | global_batch_size: 1024 | global_step: 341530 | reduced_train_loss: 2.172
Training epoch 2, iteration 341531/715787 | lr: 0.0001748 | consumed_samples: 349728768 | global_batch_size: 1024 | global_step: 341531 | reduced_train_loss: 2.189
Training epoch 2, iteration 341532/715787 | lr: 0.0001748 | consumed_samples: 349729792 | global_batch_size: 1024 | global_step: 341532 | reduced_train_loss: 2.19
Training epoch 2, iteration 341533/715787 | lr: 0.0001748 | consumed_samples: 349730816 | global_batch_size: 1024 | global_step: 341533 | reduced_train_loss: 2.174
Training epoch 2, iteration 341534/715787 | lr: 0.0001748 | consumed_samples: 349731840 | global_batch_size: 1024 | global_step: 341534 | reduced_train_loss: 2.164
Training epoch 2, iteration 341535/715787 | lr: 0.0001748 | consumed_samples: 349732864 | global_batch_size: 1024 | global_step: 341535 | reduced_train_loss: 2.167
Training epoch 2, iteration 341536/715787 | lr: 0.0001748 | consumed_samples: 349733888 | global_batch_size: 1024 | global_step: 341536 | reduced_train_loss: 2.168
Training epoch 2, iteration 341537/715787 | lr: 0.0001748 | consumed_samples: 349734912 | global_batch_size: 1024 | global_step: 341537 | reduced_train_loss: 2.177
Training epoch 2, iteration 341538/715787 | lr: 0.0001748 | consumed_samples: 349735936 | global_batch_size: 1024 | global_step: 341538 | reduced_train_loss: 2.191
Training epoch 2, iteration 341539/715787 | lr: 0.0001748 | consumed_samples: 349736960 | global_batch_size: 1024 | global_step: 341539 | reduced_train_loss: 2.185
Training epoch 2, iteration 341540/715787 | lr: 0.0001748 | consumed_samples: 349737984 | global_batch_size: 1024 | global_step: 341540 | reduced_train_loss: 2.194
Training epoch 2, iteration 341541/715787 | lr: 0.0001748 | consumed_samples: 349739008 | global_batch_size: 1024 | global_step: 341541 | reduced_train_loss: 2.168
Training epoch 2, iteration 341542/715787 | lr: 0.0001748 | consumed_samples: 349740032 | global_batch_size: 1024 | global_step: 341542 | reduced_train_loss: 2.164
Training epoch 2, iteration 341543/715787 | lr: 0.0001748 | consumed_samples: 349741056 | global_batch_size: 1024 | global_step: 341543 | reduced_train_loss: 2.174
Training epoch 2, iteration 341544/715787 | lr: 0.0001748 | consumed_samples: 349742080 | global_batch_size: 1024 | global_step: 341544 | reduced_train_loss: 2.172
Training epoch 2, iteration 341545/715787 | lr: 0.0001748 | consumed_samples: 349743104 | global_batch_size: 1024 | global_step: 341545 | reduced_train_loss: 2.172
Training epoch 2, iteration 341546/715787 | lr: 0.0001748 | consumed_samples: 349744128 | global_batch_size: 1024 | global_step: 341546 | reduced_train_loss: 2.194
Training epoch 2, iteration 341547/715787 | lr: 0.0001748 | consumed_samples: 349745152 | global_batch_size: 1024 | global_step: 341547 | reduced_train_loss: 2.163
Training epoch 2, iteration 341548/715787 | lr: 0.0001748 | consumed_samples: 349746176 | global_batch_size: 1024 | global_step: 341548 | reduced_train_loss: 2.174
Training epoch 2, iteration 341549/715787 | lr: 0.0001748 | consumed_samples: 349747200 | global_batch_size: 1024 | global_step: 341549 | reduced_train_loss: 2.177
Training epoch 2, iteration 341550/715787 | lr: 0.0001748 | consumed_samples: 349748224 | global_batch_size: 1024 | global_step: 341550 | reduced_train_loss: 2.193
Training epoch 2, iteration 341551/715787 | lr: 0.0001748 | consumed_samples: 349749248 | global_batch_size: 1024 | global_step: 341551 | reduced_train_loss: 2.163
Training epoch 2, iteration 341552/715787 | lr: 0.0001748 | consumed_samples: 349750272 | global_batch_size: 1024 | global_step: 341552 | reduced_train_loss: 2.189
Training epoch 2, iteration 341553/715787 | lr: 0.0001748 | consumed_samples: 349751296 | global_batch_size: 1024 | global_step: 341553 | reduced_train_loss: 2.186
Training epoch 2, iteration 341554/715787 | lr: 0.0001748 | consumed_samples: 349752320 | global_batch_size: 1024 | global_step: 341554 | reduced_train_loss: 2.187
Training epoch 2, iteration 341555/715787 | lr: 0.0001748 | consumed_samples: 349753344 | global_batch_size: 1024 | global_step: 341555 | reduced_train_loss: 2.174
Training epoch 2, iteration 341556/715787 | lr: 0.0001748 | consumed_samples: 349754368 | global_batch_size: 1024 | global_step: 341556 | reduced_train_loss: 2.165
Training epoch 2, iteration 341557/715787 | lr: 0.0001748 | consumed_samples: 349755392 | global_batch_size: 1024 | global_step: 341557 | reduced_train_loss: 2.162
Training epoch 2, iteration 341558/715787 | lr: 0.0001748 | consumed_samples: 349756416 | global_batch_size: 1024 | global_step: 341558 | reduced_train_loss: 2.199
Training epoch 2, iteration 341559/715787 | lr: 0.0001748 | consumed_samples: 349757440 | global_batch_size: 1024 | global_step: 341559 | reduced_train_loss: 2.165
Training epoch 2, iteration 341560/715787 | lr: 0.0001748 | consumed_samples: 349758464 | global_batch_size: 1024 | global_step: 341560 | reduced_train_loss: 2.204
Training epoch 2, iteration 341561/715787 | lr: 0.0001748 | consumed_samples: 349759488 | global_batch_size: 1024 | global_step: 341561 | reduced_train_loss: 2.174
Training epoch 2, iteration 341562/715787 | lr: 0.0001748 | consumed_samples: 349760512 | global_batch_size: 1024 | global_step: 341562 | reduced_train_loss: 2.211
Training epoch 2, iteration 341563/715787 | lr: 0.0001748 | consumed_samples: 349761536 | global_batch_size: 1024 | global_step: 341563 | reduced_train_loss: 2.196
Training epoch 2, iteration 341564/715787 | lr: 0.0001748 | consumed_samples: 349762560 | global_batch_size: 1024 | global_step: 341564 | reduced_train_loss: 2.173
Training epoch 2, iteration 341565/715787 | lr: 0.0001748 | consumed_samples: 349763584 | global_batch_size: 1024 | global_step: 341565 | reduced_train_loss: 2.194
Training epoch 2, iteration 341566/715787 | lr: 0.0001748 | consumed_samples: 349764608 | global_batch_size: 1024 | global_step: 341566 | reduced_train_loss: 2.161
Training epoch 2, iteration 341567/715787 | lr: 0.0001748 | consumed_samples: 349765632 | global_batch_size: 1024 | global_step: 341567 | reduced_train_loss: 2.172
Training epoch 2, iteration 341568/715787 | lr: 0.0001748 | consumed_samples: 349766656 | global_batch_size: 1024 | global_step: 341568 | reduced_train_loss: 2.171
Training epoch 2, iteration 341569/715787 | lr: 0.0001748 | consumed_samples: 349767680 | global_batch_size: 1024 | global_step: 341569 | reduced_train_loss: 2.19
Training epoch 2, iteration 341570/715787 | lr: 0.0001748 | consumed_samples: 349768704 | global_batch_size: 1024 | global_step: 341570 | reduced_train_loss: 2.175
Training epoch 2, iteration 341571/715787 | lr: 0.0001748 | consumed_samples: 349769728 | global_batch_size: 1024 | global_step: 341571 | reduced_train_loss: 2.178
Training epoch 2, iteration 341572/715787 | lr: 0.0001748 | consumed_samples: 349770752 | global_batch_size: 1024 | global_step: 341572 | reduced_train_loss: 2.151
Training epoch 2, iteration 341573/715787 | lr: 0.0001748 | consumed_samples: 349771776 | global_batch_size: 1024 | global_step: 341573 | reduced_train_loss: 2.182
Training epoch 2, iteration 341574/715787 | lr: 0.0001748 | consumed_samples: 349772800 | global_batch_size: 1024 | global_step: 341574 | reduced_train_loss: 2.199
Training epoch 2, iteration 341575/715787 | lr: 0.0001748 | consumed_samples: 349773824 | global_batch_size: 1024 | global_step: 341575 | reduced_train_loss: 2.164
Training epoch 2, iteration 341576/715787 | lr: 0.0001748 | consumed_samples: 349774848 | global_batch_size: 1024 | global_step: 341576 | reduced_train_loss: 2.192
Training epoch 2, iteration 341577/715787 | lr: 0.0001748 | consumed_samples: 349775872 | global_batch_size: 1024 | global_step: 341577 | reduced_train_loss: 2.207
Training epoch 2, iteration 341578/715787 | lr: 0.0001748 | consumed_samples: 349776896 | global_batch_size: 1024 | global_step: 341578 | reduced_train_loss: 2.174
Training epoch 2, iteration 341579/715787 | lr: 0.0001748 | consumed_samples: 349777920 | global_batch_size: 1024 | global_step: 341579 | reduced_train_loss: 2.184
Training epoch 2, iteration 341580/715787 | lr: 0.0001748 | consumed_samples: 349778944 | global_batch_size: 1024 | global_step: 341580 | reduced_train_loss: 2.191
Training epoch 2, iteration 341581/715787 | lr: 0.0001748 | consumed_samples: 349779968 | global_batch_size: 1024 | global_step: 341581 | reduced_train_loss: 2.185
Training epoch 2, iteration 341582/715787 | lr: 0.0001748 | consumed_samples: 349780992 | global_batch_size: 1024 | global_step: 341582 | reduced_train_loss: 2.17
Training epoch 2, iteration 341583/715787 | lr: 0.0001748 | consumed_samples: 349782016 | global_batch_size: 1024 | global_step: 341583 | reduced_train_loss: 2.187
Training epoch 2, iteration 341584/715787 | lr: 0.0001748 | consumed_samples: 349783040 | global_batch_size: 1024 | global_step: 341584 | reduced_train_loss: 2.16
Training epoch 2, iteration 341585/715787 | lr: 0.0001748 | consumed_samples: 349784064 | global_batch_size: 1024 | global_step: 341585 | reduced_train_loss: 2.182
Training epoch 2, iteration 341586/715787 | lr: 0.0001748 | consumed_samples: 349785088 | global_batch_size: 1024 | global_step: 341586 | reduced_train_loss: 2.187
Training epoch 2, iteration 341587/715787 | lr: 0.0001748 | consumed_samples: 349786112 | global_batch_size: 1024 | global_step: 341587 | reduced_train_loss: 2.174
Training epoch 2, iteration 341588/715787 | lr: 0.0001748 | consumed_samples: 349787136 | global_batch_size: 1024 | global_step: 341588 | reduced_train_loss: 2.18
Training epoch 2, iteration 341589/715787 | lr: 0.0001748 | consumed_samples: 349788160 | global_batch_size: 1024 | global_step: 341589 | reduced_train_loss: 2.175
Training epoch 2, iteration 341590/715787 | lr: 0.0001748 | consumed_samples: 349789184 | global_batch_size: 1024 | global_step: 341590 | reduced_train_loss: 2.192
Training epoch 2, iteration 341591/715787 | lr: 0.0001748 | consumed_samples: 349790208 | global_batch_size: 1024 | global_step: 341591 | reduced_train_loss: 2.16
Training epoch 2, iteration 341592/715787 | lr: 0.0001748 | consumed_samples: 349791232 | global_batch_size: 1024 | global_step: 341592 | reduced_train_loss: 2.149
Training epoch 2, iteration 341593/715787 | lr: 0.0001748 | consumed_samples: 349792256 | global_batch_size: 1024 | global_step: 341593 | reduced_train_loss: 2.18
Training epoch 2, iteration 341594/715787 | lr: 0.0001748 | consumed_samples: 349793280 | global_batch_size: 1024 | global_step: 341594 | reduced_train_loss: 2.182
Training epoch 2, iteration 341595/715787 | lr: 0.0001748 | consumed_samples: 349794304 | global_batch_size: 1024 | global_step: 341595 | reduced_train_loss: 2.181
Training epoch 2, iteration 341596/715787 | lr: 0.0001748 | consumed_samples: 349795328 | global_batch_size: 1024 | global_step: 341596 | reduced_train_loss: 2.186
Training epoch 2, iteration 341597/715787 | lr: 0.0001748 | consumed_samples: 349796352 | global_batch_size: 1024 | global_step: 341597 | reduced_train_loss: 2.177
Training epoch 2, iteration 341598/715787 | lr: 0.0001748 | consumed_samples: 349797376 | global_batch_size: 1024 | global_step: 341598 | reduced_train_loss: 2.197
[NeMo I 2026-04-30 10:28:11 nemo_logging:393] Running garbage collection at train global_step: 341600
Training epoch 2, iteration 341599/715787 | lr: 0.0001748 | consumed_samples: 349798400 | global_batch_size: 1024 | global_step: 341599 | reduced_train_loss: 2.162
Training epoch 2, iteration 341600/715787 | lr: 0.0001748 | consumed_samples: 349799424 | global_batch_size: 1024 | global_step: 341600 | reduced_train_loss: 2.19
Training epoch 2, iteration 341601/715787 | lr: 0.0001748 | consumed_samples: 349800448 | global_batch_size: 1024 | global_step: 341601 | reduced_train_loss: 2.192
Training epoch 2, iteration 341602/715787 | lr: 0.0001748 | consumed_samples: 349801472 | global_batch_size: 1024 | global_step: 341602 | reduced_train_loss: 2.177
Training epoch 2, iteration 341603/715787 | lr: 0.0001748 | consumed_samples: 349802496 | global_batch_size: 1024 | global_step: 341603 | reduced_train_loss: 2.196
Training epoch 2, iteration 341604/715787 | lr: 0.0001748 | consumed_samples: 349803520 | global_batch_size: 1024 | global_step: 341604 | reduced_train_loss: 2.189
Training epoch 2, iteration 341605/715787 | lr: 0.0001748 | consumed_samples: 349804544 | global_batch_size: 1024 | global_step: 341605 | reduced_train_loss: 2.172
Training epoch 2, iteration 341606/715787 | lr: 0.0001748 | consumed_samples: 349805568 | global_batch_size: 1024 | global_step: 341606 | reduced_train_loss: 2.188
Training epoch 2, iteration 341607/715787 | lr: 0.0001748 | consumed_samples: 349806592 | global_batch_size: 1024 | global_step: 341607 | reduced_train_loss: 2.168
Training epoch 2, iteration 341608/715787 | lr: 0.0001748 | consumed_samples: 349807616 | global_batch_size: 1024 | global_step: 341608 | reduced_train_loss: 2.186
Training epoch 2, iteration 341609/715787 | lr: 0.0001748 | consumed_samples: 349808640 | global_batch_size: 1024 | global_step: 341609 | reduced_train_loss: 2.191
Training epoch 2, iteration 341610/715787 | lr: 0.0001748 | consumed_samples: 349809664 | global_batch_size: 1024 | global_step: 341610 | reduced_train_loss: 2.177
Training epoch 2, iteration 341611/715787 | lr: 0.0001748 | consumed_samples: 349810688 | global_batch_size: 1024 | global_step: 341611 | reduced_train_loss: 2.176
Training epoch 2, iteration 341612/715787 | lr: 0.0001748 | consumed_samples: 349811712 | global_batch_size: 1024 | global_step: 341612 | reduced_train_loss: 2.178
Training epoch 2, iteration 341613/715787 | lr: 0.0001748 | consumed_samples: 349812736 | global_batch_size: 1024 | global_step: 341613 | reduced_train_loss: 2.182
Training epoch 2, iteration 341614/715787 | lr: 0.0001748 | consumed_samples: 349813760 | global_batch_size: 1024 | global_step: 341614 | reduced_train_loss: 2.168
Training epoch 2, iteration 341615/715787 | lr: 0.0001748 | consumed_samples: 349814784 | global_batch_size: 1024 | global_step: 341615 | reduced_train_loss: 2.182
Training epoch 2, iteration 341616/715787 | lr: 0.0001748 | consumed_samples: 349815808 | global_batch_size: 1024 | global_step: 341616 | reduced_train_loss: 2.181
Training epoch 2, iteration 341617/715787 | lr: 0.0001748 | consumed_samples: 349816832 | global_batch_size: 1024 | global_step: 341617 | reduced_train_loss: 2.185
Training epoch 2, iteration 341618/715787 | lr: 0.0001748 | consumed_samples: 349817856 | global_batch_size: 1024 | global_step: 341618 | reduced_train_loss: 2.187
Training epoch 2, iteration 341619/715787 | lr: 0.0001748 | consumed_samples: 349818880 | global_batch_size: 1024 | global_step: 341619 | reduced_train_loss: 2.177
Training epoch 2, iteration 341620/715787 | lr: 0.0001748 | consumed_samples: 349819904 | global_batch_size: 1024 | global_step: 341620 | reduced_train_loss: 2.196
Training epoch 2, iteration 341621/715787 | lr: 0.0001748 | consumed_samples: 349820928 | global_batch_size: 1024 | global_step: 341621 | reduced_train_loss: 2.194
Training epoch 2, iteration 341622/715787 | lr: 0.0001748 | consumed_samples: 349821952 | global_batch_size: 1024 | global_step: 341622 | reduced_train_loss: 2.177
Training epoch 2, iteration 341623/715787 | lr: 0.0001748 | consumed_samples: 349822976 | global_batch_size: 1024 | global_step: 341623 | reduced_train_loss: 2.195
Training epoch 2, iteration 341624/715787 | lr: 0.0001748 | consumed_samples: 349824000 | global_batch_size: 1024 | global_step: 341624 | reduced_train_loss: 2.188
Training epoch 2, iteration 341625/715787 | lr: 0.0001748 | consumed_samples: 349825024 | global_batch_size: 1024 | global_step: 341625 | reduced_train_loss: 2.185
Training epoch 2, iteration 341626/715787 | lr: 0.0001748 | consumed_samples: 349826048 | global_batch_size: 1024 | global_step: 341626 | reduced_train_loss: 2.183
Training epoch 2, iteration 341627/715787 | lr: 0.0001748 | consumed_samples: 349827072 | global_batch_size: 1024 | global_step: 341627 | reduced_train_loss: 2.183
Training epoch 2, iteration 341628/715787 | lr: 0.0001748 | consumed_samples: 349828096 | global_batch_size: 1024 | global_step: 341628 | reduced_train_loss: 2.171
Training epoch 2, iteration 341629/715787 | lr: 0.0001748 | consumed_samples: 349829120 | global_batch_size: 1024 | global_step: 341629 | reduced_train_loss: 2.204
Training epoch 2, iteration 341630/715787 | lr: 0.0001748 | consumed_samples: 349830144 | global_batch_size: 1024 | global_step: 341630 | reduced_train_loss: 2.191
Training epoch 2, iteration 341631/715787 | lr: 0.0001748 | consumed_samples: 349831168 | global_batch_size: 1024 | global_step: 341631 | reduced_train_loss: 2.189
Training epoch 2, iteration 341632/715787 | lr: 0.0001748 | consumed_samples: 349832192 | global_batch_size: 1024 | global_step: 341632 | reduced_train_loss: 2.197
Training epoch 2, iteration 341633/715787 | lr: 0.0001748 | consumed_samples: 349833216 | global_batch_size: 1024 | global_step: 341633 | reduced_train_loss: 2.181
Training epoch 2, iteration 341634/715787 | lr: 0.0001748 | consumed_samples: 349834240 | global_batch_size: 1024 | global_step: 341634 | reduced_train_loss: 2.18
Training epoch 2, iteration 341635/715787 | lr: 0.0001748 | consumed_samples: 349835264 | global_batch_size: 1024 | global_step: 341635 | reduced_train_loss: 2.192
Training epoch 2, iteration 341636/715787 | lr: 0.0001748 | consumed_samples: 349836288 | global_batch_size: 1024 | global_step: 341636 | reduced_train_loss: 2.167
Training epoch 2, iteration 341637/715787 | lr: 0.0001748 | consumed_samples: 349837312 | global_batch_size: 1024 | global_step: 341637 | reduced_train_loss: 2.172
Training epoch 2, iteration 341638/715787 | lr: 0.0001748 | consumed_samples: 349838336 | global_batch_size: 1024 | global_step: 341638 | reduced_train_loss: 2.183
Training epoch 2, iteration 341639/715787 | lr: 0.0001748 | consumed_samples: 349839360 | global_batch_size: 1024 | global_step: 341639 | reduced_train_loss: 2.181
Training epoch 2, iteration 341640/715787 | lr: 0.0001748 | consumed_samples: 349840384 | global_batch_size: 1024 | global_step: 341640 | reduced_train_loss: 2.192
Training epoch 2, iteration 341641/715787 | lr: 0.0001748 | consumed_samples: 349841408 | global_batch_size: 1024 | global_step: 341641 | reduced_train_loss: 2.186
Training epoch 2, iteration 341642/715787 | lr: 0.0001748 | consumed_samples: 349842432 | global_batch_size: 1024 | global_step: 341642 | reduced_train_loss: 2.174
Training epoch 2, iteration 341643/715787 | lr: 0.0001748 | consumed_samples: 349843456 | global_batch_size: 1024 | global_step: 341643 | reduced_train_loss: 2.19
Training epoch 2, iteration 341644/715787 | lr: 0.0001748 | consumed_samples: 349844480 | global_batch_size: 1024 | global_step: 341644 | reduced_train_loss: 2.181
Training epoch 2, iteration 341645/715787 | lr: 0.0001748 | consumed_samples: 349845504 | global_batch_size: 1024 | global_step: 341645 | reduced_train_loss: 2.186
Training epoch 2, iteration 341646/715787 | lr: 0.0001748 | consumed_samples: 349846528 | global_batch_size: 1024 | global_step: 341646 | reduced_train_loss: 2.205
Training epoch 2, iteration 341647/715787 | lr: 0.0001748 | consumed_samples: 349847552 | global_batch_size: 1024 | global_step: 341647 | reduced_train_loss: 2.173
Training epoch 2, iteration 341648/715787 | lr: 0.0001748 | consumed_samples: 349848576 | global_batch_size: 1024 | global_step: 341648 | reduced_train_loss: 2.174
Training epoch 2, iteration 341649/715787 | lr: 0.0001748 | consumed_samples: 349849600 | global_batch_size: 1024 | global_step: 341649 | reduced_train_loss: 2.201
Training epoch 2, iteration 341650/715787 | lr: 0.0001748 | consumed_samples: 349850624 | global_batch_size: 1024 | global_step: 341650 | reduced_train_loss: 2.194
Training epoch 2, iteration 341651/715787 | lr: 0.0001748 | consumed_samples: 349851648 | global_batch_size: 1024 | global_step: 341651 | reduced_train_loss: 2.175
Training epoch 2, iteration 341652/715787 | lr: 0.0001748 | consumed_samples: 349852672 | global_batch_size: 1024 | global_step: 341652 | reduced_train_loss: 2.194
Training epoch 2, iteration 341653/715787 | lr: 0.0001748 | consumed_samples: 349853696 | global_batch_size: 1024 | global_step: 341653 | reduced_train_loss: 2.185
Training epoch 2, iteration 341654/715787 | lr: 0.0001748 | consumed_samples: 349854720 | global_batch_size: 1024 | global_step: 341654 | reduced_train_loss: 2.179
Training epoch 2, iteration 341655/715787 | lr: 0.0001748 | consumed_samples: 349855744 | global_batch_size: 1024 | global_step: 341655 | reduced_train_loss: 2.168
Training epoch 2, iteration 341656/715787 | lr: 0.0001748 | consumed_samples: 349856768 | global_batch_size: 1024 | global_step: 341656 | reduced_train_loss: 2.163
Training epoch 2, iteration 341657/715787 | lr: 0.0001748 | consumed_samples: 349857792 | global_batch_size: 1024 | global_step: 341657 | reduced_train_loss: 2.181
Training epoch 2, iteration 341658/715787 | lr: 0.0001748 | consumed_samples: 349858816 | global_batch_size: 1024 | global_step: 341658 | reduced_train_loss: 2.175
Training epoch 2, iteration 341659/715787 | lr: 0.0001748 | consumed_samples: 349859840 | global_batch_size: 1024 | global_step: 341659 | reduced_train_loss: 2.196
Training epoch 2, iteration 341660/715787 | lr: 0.0001748 | consumed_samples: 349860864 | global_batch_size: 1024 | global_step: 341660 | reduced_train_loss: 2.189
Training epoch 2, iteration 341661/715787 | lr: 0.0001748 | consumed_samples: 349861888 | global_batch_size: 1024 | global_step: 341661 | reduced_train_loss: 2.207
Training epoch 2, iteration 341662/715787 | lr: 0.0001748 | consumed_samples: 349862912 | global_batch_size: 1024 | global_step: 341662 | reduced_train_loss: 2.177
Training epoch 2, iteration 341663/715787 | lr: 0.0001748 | consumed_samples: 349863936 | global_batch_size: 1024 | global_step: 341663 | reduced_train_loss: 2.174
Training epoch 2, iteration 341664/715787 | lr: 0.0001748 | consumed_samples: 349864960 | global_batch_size: 1024 | global_step: 341664 | reduced_train_loss: 2.184
Training epoch 2, iteration 341665/715787 | lr: 0.0001748 | consumed_samples: 349865984 | global_batch_size: 1024 | global_step: 341665 | reduced_train_loss: 2.183
Training epoch 2, iteration 341666/715787 | lr: 0.0001748 | consumed_samples: 349867008 | global_batch_size: 1024 | global_step: 341666 | reduced_train_loss: 2.18
Training epoch 2, iteration 341667/715787 | lr: 0.0001748 | consumed_samples: 349868032 | global_batch_size: 1024 | global_step: 341667 | reduced_train_loss: 2.177
Training epoch 2, iteration 341668/715787 | lr: 0.0001748 | consumed_samples: 349869056 | global_batch_size: 1024 | global_step: 341668 | reduced_train_loss: 2.17
Training epoch 2, iteration 341669/715787 | lr: 0.0001748 | consumed_samples: 349870080 | global_batch_size: 1024 | global_step: 341669 | reduced_train_loss: 2.173
Training epoch 2, iteration 341670/715787 | lr: 0.0001748 | consumed_samples: 349871104 | global_batch_size: 1024 | global_step: 341670 | reduced_train_loss: 2.168
Training epoch 2, iteration 341671/715787 | lr: 0.0001748 | consumed_samples: 349872128 | global_batch_size: 1024 | global_step: 341671 | reduced_train_loss: 2.193
Training epoch 2, iteration 341672/715787 | lr: 0.0001748 | consumed_samples: 349873152 | global_batch_size: 1024 | global_step: 341672 | reduced_train_loss: 2.181
Training epoch 2, iteration 341673/715787 | lr: 0.0001748 | consumed_samples: 349874176 | global_batch_size: 1024 | global_step: 341673 | reduced_train_loss: 2.182
Training epoch 2, iteration 341674/715787 | lr: 0.0001748 | consumed_samples: 349875200 | global_batch_size: 1024 | global_step: 341674 | reduced_train_loss: 2.169
Training epoch 2, iteration 341675/715787 | lr: 0.0001748 | consumed_samples: 349876224 | global_batch_size: 1024 | global_step: 341675 | reduced_train_loss: 2.172
Training epoch 2, iteration 341676/715787 | lr: 0.0001748 | consumed_samples: 349877248 | global_batch_size: 1024 | global_step: 341676 | reduced_train_loss: 2.18
Training epoch 2, iteration 341677/715787 | lr: 0.0001748 | consumed_samples: 349878272 | global_batch_size: 1024 | global_step: 341677 | reduced_train_loss: 2.162
Training epoch 2, iteration 341678/715787 | lr: 0.0001748 | consumed_samples: 349879296 | global_batch_size: 1024 | global_step: 341678 | reduced_train_loss: 2.208
Training epoch 2, iteration 341679/715787 | lr: 0.0001748 | consumed_samples: 349880320 | global_batch_size: 1024 | global_step: 341679 | reduced_train_loss: 2.176
Training epoch 2, iteration 341680/715787 | lr: 0.0001748 | consumed_samples: 349881344 | global_batch_size: 1024 | global_step: 341680 | reduced_train_loss: 2.181
Training epoch 2, iteration 341681/715787 | lr: 0.0001748 | consumed_samples: 349882368 | global_batch_size: 1024 | global_step: 341681 | reduced_train_loss: 2.188
Training epoch 2, iteration 341682/715787 | lr: 0.0001748 | consumed_samples: 349883392 | global_batch_size: 1024 | global_step: 341682 | reduced_train_loss: 2.203
Training epoch 2, iteration 341683/715787 | lr: 0.0001748 | consumed_samples: 349884416 | global_batch_size: 1024 | global_step: 341683 | reduced_train_loss: 2.173
Training epoch 2, iteration 341684/715787 | lr: 0.0001748 | consumed_samples: 349885440 | global_batch_size: 1024 | global_step: 341684 | reduced_train_loss: 2.199
Training epoch 2, iteration 341685/715787 | lr: 0.0001748 | consumed_samples: 349886464 | global_batch_size: 1024 | global_step: 341685 | reduced_train_loss: 2.198
Training epoch 2, iteration 341686/715787 | lr: 0.0001747 | consumed_samples: 349887488 | global_batch_size: 1024 | global_step: 341686 | reduced_train_loss: 2.176
Training epoch 2, iteration 341687/715787 | lr: 0.0001747 | consumed_samples: 349888512 | global_batch_size: 1024 | global_step: 341687 | reduced_train_loss: 2.205
Training epoch 2, iteration 341688/715787 | lr: 0.0001747 | consumed_samples: 349889536 | global_batch_size: 1024 | global_step: 341688 | reduced_train_loss: 2.187
Training epoch 2, iteration 341689/715787 | lr: 0.0001747 | consumed_samples: 349890560 | global_batch_size: 1024 | global_step: 341689 | reduced_train_loss: 2.19
Training epoch 2, iteration 341690/715787 | lr: 0.0001747 | consumed_samples: 349891584 | global_batch_size: 1024 | global_step: 341690 | reduced_train_loss: 2.178
Training epoch 2, iteration 341691/715787 | lr: 0.0001747 | consumed_samples: 349892608 | global_batch_size: 1024 | global_step: 341691 | reduced_train_loss: 2.193
Training epoch 2, iteration 341692/715787 | lr: 0.0001747 | consumed_samples: 349893632 | global_batch_size: 1024 | global_step: 341692 | reduced_train_loss: 2.176
Training epoch 2, iteration 341693/715787 | lr: 0.0001747 | consumed_samples: 349894656 | global_batch_size: 1024 | global_step: 341693 | reduced_train_loss: 2.181
Training epoch 2, iteration 341694/715787 | lr: 0.0001747 | consumed_samples: 349895680 | global_batch_size: 1024 | global_step: 341694 | reduced_train_loss: 2.203
Training epoch 2, iteration 341695/715787 | lr: 0.0001747 | consumed_samples: 349896704 | global_batch_size: 1024 | global_step: 341695 | reduced_train_loss: 2.204
Training epoch 2, iteration 341696/715787 | lr: 0.0001747 | consumed_samples: 349897728 | global_batch_size: 1024 | global_step: 341696 | reduced_train_loss: 2.158
Training epoch 2, iteration 341697/715787 | lr: 0.0001747 | consumed_samples: 349898752 | global_batch_size: 1024 | global_step: 341697 | reduced_train_loss: 2.193
Training epoch 2, iteration 341698/715787 | lr: 0.0001747 | consumed_samples: 349899776 | global_batch_size: 1024 | global_step: 341698 | reduced_train_loss: 2.192
[NeMo I 2026-04-30 10:54:48 nemo_logging:393] Running garbage collection at train global_step: 341700
Training epoch 2, iteration 341699/715787 | lr: 0.0001747 | consumed_samples: 349900800 | global_batch_size: 1024 | global_step: 341699 | reduced_train_loss: 2.18
Training epoch 2, iteration 341700/715787 | lr: 0.0001747 | consumed_samples: 349901824 | global_batch_size: 1024 | global_step: 341700 | reduced_train_loss: 2.16
Training epoch 2, iteration 341701/715787 | lr: 0.0001747 | consumed_samples: 349902848 | global_batch_size: 1024 | global_step: 341701 | reduced_train_loss: 2.19
Training epoch 2, iteration 341702/715787 | lr: 0.0001747 | consumed_samples: 349903872 | global_batch_size: 1024 | global_step: 341702 | reduced_train_loss: 2.191
Training epoch 2, iteration 341703/715787 | lr: 0.0001747 | consumed_samples: 349904896 | global_batch_size: 1024 | global_step: 341703 | reduced_train_loss: 2.194
Training epoch 2, iteration 341704/715787 | lr: 0.0001747 | consumed_samples: 349905920 | global_batch_size: 1024 | global_step: 341704 | reduced_train_loss: 2.184
Training epoch 2, iteration 341705/715787 | lr: 0.0001747 | consumed_samples: 349906944 | global_batch_size: 1024 | global_step: 341705 | reduced_train_loss: 2.167
Training epoch 2, iteration 341706/715787 | lr: 0.0001747 | consumed_samples: 349907968 | global_batch_size: 1024 | global_step: 341706 | reduced_train_loss: 2.175
Training epoch 2, iteration 341707/715787 | lr: 0.0001747 | consumed_samples: 349908992 | global_batch_size: 1024 | global_step: 341707 | reduced_train_loss: 2.184
Training epoch 2, iteration 341708/715787 | lr: 0.0001747 | consumed_samples: 349910016 | global_batch_size: 1024 | global_step: 341708 | reduced_train_loss: 2.182
Training epoch 2, iteration 341709/715787 | lr: 0.0001747 | consumed_samples: 349911040 | global_batch_size: 1024 | global_step: 341709 | reduced_train_loss: 2.198
Training epoch 2, iteration 341710/715787 | lr: 0.0001747 | consumed_samples: 349912064 | global_batch_size: 1024 | global_step: 341710 | reduced_train_loss: 2.184
Training epoch 2, iteration 341711/715787 | lr: 0.0001747 | consumed_samples: 349913088 | global_batch_size: 1024 | global_step: 341711 | reduced_train_loss: 2.178
Training epoch 2, iteration 341712/715787 | lr: 0.0001747 | consumed_samples: 349914112 | global_batch_size: 1024 | global_step: 341712 | reduced_train_loss: 2.199
Training epoch 2, iteration 341713/715787 | lr: 0.0001747 | consumed_samples: 349915136 | global_batch_size: 1024 | global_step: 341713 | reduced_train_loss: 2.184
Training epoch 2, iteration 341714/715787 | lr: 0.0001747 | consumed_samples: 349916160 | global_batch_size: 1024 | global_step: 341714 | reduced_train_loss: 2.18
Training epoch 2, iteration 341715/715787 | lr: 0.0001747 | consumed_samples: 349917184 | global_batch_size: 1024 | global_step: 341715 | reduced_train_loss: 2.169
Training epoch 2, iteration 341716/715787 | lr: 0.0001747 | consumed_samples: 349918208 | global_batch_size: 1024 | global_step: 341716 | reduced_train_loss: 2.193
Training epoch 2, iteration 341717/715787 | lr: 0.0001747 | consumed_samples: 349919232 | global_batch_size: 1024 | global_step: 341717 | reduced_train_loss: 2.193
Training epoch 2, iteration 341718/715787 | lr: 0.0001747 | consumed_samples: 349920256 | global_batch_size: 1024 | global_step: 341718 | reduced_train_loss: 2.186
Training epoch 2, iteration 341719/715787 | lr: 0.0001747 | consumed_samples: 349921280 | global_batch_size: 1024 | global_step: 341719 | reduced_train_loss: 2.18
Training epoch 2, iteration 341720/715787 | lr: 0.0001747 | consumed_samples: 349922304 | global_batch_size: 1024 | global_step: 341720 | reduced_train_loss: 2.193
Training epoch 2, iteration 341721/715787 | lr: 0.0001747 | consumed_samples: 349923328 | global_batch_size: 1024 | global_step: 341721 | reduced_train_loss: 2.179
Training epoch 2, iteration 341722/715787 | lr: 0.0001747 | consumed_samples: 349924352 | global_batch_size: 1024 | global_step: 341722 | reduced_train_loss: 2.174
Training epoch 2, iteration 341723/715787 | lr: 0.0001747 | consumed_samples: 349925376 | global_batch_size: 1024 | global_step: 341723 | reduced_train_loss: 2.186
Training epoch 2, iteration 341724/715787 | lr: 0.0001747 | consumed_samples: 349926400 | global_batch_size: 1024 | global_step: 341724 | reduced_train_loss: 2.185
Training epoch 2, iteration 341725/715787 | lr: 0.0001747 | consumed_samples: 349927424 | global_batch_size: 1024 | global_step: 341725 | reduced_train_loss: 2.169
Training epoch 2, iteration 341726/715787 | lr: 0.0001747 | consumed_samples: 349928448 | global_batch_size: 1024 | global_step: 341726 | reduced_train_loss: 2.168
Training epoch 2, iteration 341727/715787 | lr: 0.0001747 | consumed_samples: 349929472 | global_batch_size: 1024 | global_step: 341727 | reduced_train_loss: 2.178
Training epoch 2, iteration 341728/715787 | lr: 0.0001747 | consumed_samples: 349930496 | global_batch_size: 1024 | global_step: 341728 | reduced_train_loss: 2.181
Training epoch 2, iteration 341729/715787 | lr: 0.0001747 | consumed_samples: 349931520 | global_batch_size: 1024 | global_step: 341729 | reduced_train_loss: 2.184
Training epoch 2, iteration 341730/715787 | lr: 0.0001747 | consumed_samples: 349932544 | global_batch_size: 1024 | global_step: 341730 | reduced_train_loss: 2.178
Training epoch 2, iteration 341731/715787 | lr: 0.0001747 | consumed_samples: 349933568 | global_batch_size: 1024 | global_step: 341731 | reduced_train_loss: 2.166
Training epoch 2, iteration 341732/715787 | lr: 0.0001747 | consumed_samples: 349934592 | global_batch_size: 1024 | global_step: 341732 | reduced_train_loss: 2.183
Training epoch 2, iteration 341733/715787 | lr: 0.0001747 | consumed_samples: 349935616 | global_batch_size: 1024 | global_step: 341733 | reduced_train_loss: 2.192
Training epoch 2, iteration 341734/715787 | lr: 0.0001747 | consumed_samples: 349936640 | global_batch_size: 1024 | global_step: 341734 | reduced_train_loss: 2.188
Training epoch 2, iteration 341735/715787 | lr: 0.0001747 | consumed_samples: 349937664 | global_batch_size: 1024 | global_step: 341735 | reduced_train_loss: 2.165
Training epoch 2, iteration 341736/715787 | lr: 0.0001747 | consumed_samples: 349938688 | global_batch_size: 1024 | global_step: 341736 | reduced_train_loss: 2.18
Training epoch 2, iteration 341737/715787 | lr: 0.0001747 | consumed_samples: 349939712 | global_batch_size: 1024 | global_step: 341737 | reduced_train_loss: 2.204
Training epoch 2, iteration 341738/715787 | lr: 0.0001747 | consumed_samples: 349940736 | global_batch_size: 1024 | global_step: 341738 | reduced_train_loss: 2.179
Training epoch 2, iteration 341739/715787 | lr: 0.0001747 | consumed_samples: 349941760 | global_batch_size: 1024 | global_step: 341739 | reduced_train_loss: 2.193
Training epoch 2, iteration 341740/715787 | lr: 0.0001747 | consumed_samples: 349942784 | global_batch_size: 1024 | global_step: 341740 | reduced_train_loss: 2.191
Training epoch 2, iteration 341741/715787 | lr: 0.0001747 | consumed_samples: 349943808 | global_batch_size: 1024 | global_step: 341741 | reduced_train_loss: 2.181
Training epoch 2, iteration 341742/715787 | lr: 0.0001747 | consumed_samples: 349944832 | global_batch_size: 1024 | global_step: 341742 | reduced_train_loss: 2.184
Training epoch 2, iteration 341743/715787 | lr: 0.0001747 | consumed_samples: 349945856 | global_batch_size: 1024 | global_step: 341743 | reduced_train_loss: 2.169
Training epoch 2, iteration 341744/715787 | lr: 0.0001747 | consumed_samples: 349946880 | global_batch_size: 1024 | global_step: 341744 | reduced_train_loss: 2.17
Training epoch 2, iteration 341745/715787 | lr: 0.0001747 | consumed_samples: 349947904 | global_batch_size: 1024 | global_step: 341745 | reduced_train_loss: 2.181
Training epoch 2, iteration 341746/715787 | lr: 0.0001747 | consumed_samples: 349948928 | global_batch_size: 1024 | global_step: 341746 | reduced_train_loss: 2.19
Training epoch 2, iteration 341747/715787 | lr: 0.0001747 | consumed_samples: 349949952 | global_batch_size: 1024 | global_step: 341747 | reduced_train_loss: 2.194
Training epoch 2, iteration 341748/715787 | lr: 0.0001747 | consumed_samples: 349950976 | global_batch_size: 1024 | global_step: 341748 | reduced_train_loss: 2.179
Training epoch 2, iteration 341749/715787 | lr: 0.0001747 | consumed_samples: 349952000 | global_batch_size: 1024 | global_step: 341749 | reduced_train_loss: 2.165
Training epoch 2, iteration 341750/715787 | lr: 0.0001747 | consumed_samples: 349953024 | global_batch_size: 1024 | global_step: 341750 | reduced_train_loss: 2.166
Training epoch 2, iteration 341751/715787 | lr: 0.0001747 | consumed_samples: 349954048 | global_batch_size: 1024 | global_step: 341751 | reduced_train_loss: 2.179
Training epoch 2, iteration 341752/715787 | lr: 0.0001747 | consumed_samples: 349955072 | global_batch_size: 1024 | global_step: 341752 | reduced_train_loss: 2.177
Training epoch 2, iteration 341753/715787 | lr: 0.0001747 | consumed_samples: 349956096 | global_batch_size: 1024 | global_step: 341753 | reduced_train_loss: 2.182
Training epoch 2, iteration 341754/715787 | lr: 0.0001747 | consumed_samples: 349957120 | global_batch_size: 1024 | global_step: 341754 | reduced_train_loss: 2.189
Training epoch 2, iteration 341755/715787 | lr: 0.0001747 | consumed_samples: 349958144 | global_batch_size: 1024 | global_step: 341755 | reduced_train_loss: 2.175
Training epoch 2, iteration 341756/715787 | lr: 0.0001747 | consumed_samples: 349959168 | global_batch_size: 1024 | global_step: 341756 | reduced_train_loss: 2.19
Training epoch 2, iteration 341757/715787 | lr: 0.0001747 | consumed_samples: 349960192 | global_batch_size: 1024 | global_step: 341757 | reduced_train_loss: 2.18
Training epoch 2, iteration 341758/715787 | lr: 0.0001747 | consumed_samples: 349961216 | global_batch_size: 1024 | global_step: 341758 | reduced_train_loss: 2.176
Training epoch 2, iteration 341759/715787 | lr: 0.0001747 | consumed_samples: 349962240 | global_batch_size: 1024 | global_step: 341759 | reduced_train_loss: 2.176
Training epoch 2, iteration 341760/715787 | lr: 0.0001747 | consumed_samples: 349963264 | global_batch_size: 1024 | global_step: 341760 | reduced_train_loss: 2.177
Training epoch 2, iteration 341761/715787 | lr: 0.0001747 | consumed_samples: 349964288 | global_batch_size: 1024 | global_step: 341761 | reduced_train_loss: 2.184
Training epoch 2, iteration 341762/715787 | lr: 0.0001747 | consumed_samples: 349965312 | global_batch_size: 1024 | global_step: 341762 | reduced_train_loss: 2.163
Training epoch 2, iteration 341763/715787 | lr: 0.0001747 | consumed_samples: 349966336 | global_batch_size: 1024 | global_step: 341763 | reduced_train_loss: 2.193
Training epoch 2, iteration 341764/715787 | lr: 0.0001747 | consumed_samples: 349967360 | global_batch_size: 1024 | global_step: 341764 | reduced_train_loss: 2.186
Training epoch 2, iteration 341765/715787 | lr: 0.0001747 | consumed_samples: 349968384 | global_batch_size: 1024 | global_step: 341765 | reduced_train_loss: 2.16
Training epoch 2, iteration 341766/715787 | lr: 0.0001747 | consumed_samples: 349969408 | global_batch_size: 1024 | global_step: 341766 | reduced_train_loss: 2.202
Training epoch 2, iteration 341767/715787 | lr: 0.0001747 | consumed_samples: 349970432 | global_batch_size: 1024 | global_step: 341767 | reduced_train_loss: 2.168
Training epoch 2, iteration 341768/715787 | lr: 0.0001747 | consumed_samples: 349971456 | global_batch_size: 1024 | global_step: 341768 | reduced_train_loss: 2.146
Training epoch 2, iteration 341769/715787 | lr: 0.0001747 | consumed_samples: 349972480 | global_batch_size: 1024 | global_step: 341769 | reduced_train_loss: 2.171
Training epoch 2, iteration 341770/715787 | lr: 0.0001747 | consumed_samples: 349973504 | global_batch_size: 1024 | global_step: 341770 | reduced_train_loss: 2.173
Training epoch 2, iteration 341771/715787 | lr: 0.0001747 | consumed_samples: 349974528 | global_batch_size: 1024 | global_step: 341771 | reduced_train_loss: 2.175
Training epoch 2, iteration 341772/715787 | lr: 0.0001747 | consumed_samples: 349975552 | global_batch_size: 1024 | global_step: 341772 | reduced_train_loss: 2.179
Training epoch 2, iteration 341773/715787 | lr: 0.0001747 | consumed_samples: 349976576 | global_batch_size: 1024 | global_step: 341773 | reduced_train_loss: 2.179
Training epoch 2, iteration 341774/715787 | lr: 0.0001747 | consumed_samples: 349977600 | global_batch_size: 1024 | global_step: 341774 | reduced_train_loss: 2.154
Training epoch 2, iteration 341775/715787 | lr: 0.0001747 | consumed_samples: 349978624 | global_batch_size: 1024 | global_step: 341775 | reduced_train_loss: 2.18
Training epoch 2, iteration 341776/715787 | lr: 0.0001747 | consumed_samples: 349979648 | global_batch_size: 1024 | global_step: 341776 | reduced_train_loss: 2.187
Training epoch 2, iteration 341777/715787 | lr: 0.0001747 | consumed_samples: 349980672 | global_batch_size: 1024 | global_step: 341777 | reduced_train_loss: 2.182
Training epoch 2, iteration 341778/715787 | lr: 0.0001747 | consumed_samples: 349981696 | global_batch_size: 1024 | global_step: 341778 | reduced_train_loss: 2.183
Training epoch 2, iteration 341779/715787 | lr: 0.0001747 | consumed_samples: 349982720 | global_batch_size: 1024 | global_step: 341779 | reduced_train_loss: 2.178
Training epoch 2, iteration 341780/715787 | lr: 0.0001747 | consumed_samples: 349983744 | global_batch_size: 1024 | global_step: 341780 | reduced_train_loss: 2.17
Training epoch 2, iteration 341781/715787 | lr: 0.0001747 | consumed_samples: 349984768 | global_batch_size: 1024 | global_step: 341781 | reduced_train_loss: 2.183
Training epoch 2, iteration 341782/715787 | lr: 0.0001747 | consumed_samples: 349985792 | global_batch_size: 1024 | global_step: 341782 | reduced_train_loss: 2.195
Training epoch 2, iteration 341783/715787 | lr: 0.0001747 | consumed_samples: 349986816 | global_batch_size: 1024 | global_step: 341783 | reduced_train_loss: 2.159
Training epoch 2, iteration 341784/715787 | lr: 0.0001747 | consumed_samples: 349987840 | global_batch_size: 1024 | global_step: 341784 | reduced_train_loss: 2.172
Training epoch 2, iteration 341785/715787 | lr: 0.0001747 | consumed_samples: 349988864 | global_batch_size: 1024 | global_step: 341785 | reduced_train_loss: 2.185
Training epoch 2, iteration 341786/715787 | lr: 0.0001747 | consumed_samples: 349989888 | global_batch_size: 1024 | global_step: 341786 | reduced_train_loss: 2.169
Training epoch 2, iteration 341787/715787 | lr: 0.0001747 | consumed_samples: 349990912 | global_batch_size: 1024 | global_step: 341787 | reduced_train_loss: 2.178
Training epoch 2, iteration 341788/715787 | lr: 0.0001747 | consumed_samples: 349991936 | global_batch_size: 1024 | global_step: 341788 | reduced_train_loss: 2.175
Training epoch 2, iteration 341789/715787 | lr: 0.0001747 | consumed_samples: 349992960 | global_batch_size: 1024 | global_step: 341789 | reduced_train_loss: 2.19
Training epoch 2, iteration 341790/715787 | lr: 0.0001747 | consumed_samples: 349993984 | global_batch_size: 1024 | global_step: 341790 | reduced_train_loss: 2.182
Training epoch 2, iteration 341791/715787 | lr: 0.0001747 | consumed_samples: 349995008 | global_batch_size: 1024 | global_step: 341791 | reduced_train_loss: 2.192
Training epoch 2, iteration 341792/715787 | lr: 0.0001747 | consumed_samples: 349996032 | global_batch_size: 1024 | global_step: 341792 | reduced_train_loss: 2.184
Training epoch 2, iteration 341793/715787 | lr: 0.0001747 | consumed_samples: 349997056 | global_batch_size: 1024 | global_step: 341793 | reduced_train_loss: 2.189
Training epoch 2, iteration 341794/715787 | lr: 0.0001747 | consumed_samples: 349998080 | global_batch_size: 1024 | global_step: 341794 | reduced_train_loss: 2.173
Training epoch 2, iteration 341795/715787 | lr: 0.0001747 | consumed_samples: 349999104 | global_batch_size: 1024 | global_step: 341795 | reduced_train_loss: 2.195
Training epoch 2, iteration 341796/715787 | lr: 0.0001747 | consumed_samples: 350000128 | global_batch_size: 1024 | global_step: 341796 | reduced_train_loss: 2.177
Training epoch 2, iteration 341797/715787 | lr: 0.0001747 | consumed_samples: 350001152 | global_batch_size: 1024 | global_step: 341797 | reduced_train_loss: 2.199
Training epoch 2, iteration 341798/715787 | lr: 0.0001747 | consumed_samples: 350002176 | global_batch_size: 1024 | global_step: 341798 | reduced_train_loss: 2.18
[NeMo I 2026-04-30 11:23:15 nemo_logging:393] Running garbage collection at train global_step: 341800
Training epoch 2, iteration 341799/715787 | lr: 0.0001747 | consumed_samples: 350003200 | global_batch_size: 1024 | global_step: 341799 | reduced_train_loss: 2.148
Training epoch 2, iteration 341800/715787 | lr: 0.0001747 | consumed_samples: 350004224 | global_batch_size: 1024 | global_step: 341800 | reduced_train_loss: 2.183
Training epoch 2, iteration 341801/715787 | lr: 0.0001747 | consumed_samples: 350005248 | global_batch_size: 1024 | global_step: 341801 | reduced_train_loss: 2.182
Training epoch 2, iteration 341802/715787 | lr: 0.0001747 | consumed_samples: 350006272 | global_batch_size: 1024 | global_step: 341802 | reduced_train_loss: 2.185
Training epoch 2, iteration 341803/715787 | lr: 0.0001747 | consumed_samples: 350007296 | global_batch_size: 1024 | global_step: 341803 | reduced_train_loss: 2.179
Training epoch 2, iteration 341804/715787 | lr: 0.0001747 | consumed_samples: 350008320 | global_batch_size: 1024 | global_step: 341804 | reduced_train_loss: 2.192
Training epoch 2, iteration 341805/715787 | lr: 0.0001747 | consumed_samples: 350009344 | global_batch_size: 1024 | global_step: 341805 | reduced_train_loss: 2.163
Training epoch 2, iteration 341806/715787 | lr: 0.0001747 | consumed_samples: 350010368 | global_batch_size: 1024 | global_step: 341806 | reduced_train_loss: 2.192
Training epoch 2, iteration 341807/715787 | lr: 0.0001747 | consumed_samples: 350011392 | global_batch_size: 1024 | global_step: 341807 | reduced_train_loss: 2.189
Training epoch 2, iteration 341808/715787 | lr: 0.0001747 | consumed_samples: 350012416 | global_batch_size: 1024 | global_step: 341808 | reduced_train_loss: 2.181
Training epoch 2, iteration 341809/715787 | lr: 0.0001747 | consumed_samples: 350013440 | global_batch_size: 1024 | global_step: 341809 | reduced_train_loss: 2.191
Training epoch 2, iteration 341810/715787 | lr: 0.0001747 | consumed_samples: 350014464 | global_batch_size: 1024 | global_step: 341810 | reduced_train_loss: 2.182
Training epoch 2, iteration 341811/715787 | lr: 0.0001747 | consumed_samples: 350015488 | global_batch_size: 1024 | global_step: 341811 | reduced_train_loss: 2.189
Training epoch 2, iteration 341812/715787 | lr: 0.0001747 | consumed_samples: 350016512 | global_batch_size: 1024 | global_step: 341812 | reduced_train_loss: 2.172
Training epoch 2, iteration 341813/715787 | lr: 0.0001747 | consumed_samples: 350017536 | global_batch_size: 1024 | global_step: 341813 | reduced_train_loss: 2.19
Training epoch 2, iteration 341814/715787 | lr: 0.0001747 | consumed_samples: 350018560 | global_batch_size: 1024 | global_step: 341814 | reduced_train_loss: 2.174
Training epoch 2, iteration 341815/715787 | lr: 0.0001747 | consumed_samples: 350019584 | global_batch_size: 1024 | global_step: 341815 | reduced_train_loss: 2.184
Training epoch 2, iteration 341816/715787 | lr: 0.0001747 | consumed_samples: 350020608 | global_batch_size: 1024 | global_step: 341816 | reduced_train_loss: 2.177
Training epoch 2, iteration 341817/715787 | lr: 0.0001747 | consumed_samples: 350021632 | global_batch_size: 1024 | global_step: 341817 | reduced_train_loss: 2.19
Training epoch 2, iteration 341818/715787 | lr: 0.0001747 | consumed_samples: 350022656 | global_batch_size: 1024 | global_step: 341818 | reduced_train_loss: 2.17
Training epoch 2, iteration 341819/715787 | lr: 0.0001747 | consumed_samples: 350023680 | global_batch_size: 1024 | global_step: 341819 | reduced_train_loss: 2.184
Training epoch 2, iteration 341820/715787 | lr: 0.0001747 | consumed_samples: 350024704 | global_batch_size: 1024 | global_step: 341820 | reduced_train_loss: 2.158
Training epoch 2, iteration 341821/715787 | lr: 0.0001747 | consumed_samples: 350025728 | global_batch_size: 1024 | global_step: 341821 | reduced_train_loss: 2.184
Training epoch 2, iteration 341822/715787 | lr: 0.0001747 | consumed_samples: 350026752 | global_batch_size: 1024 | global_step: 341822 | reduced_train_loss: 2.155
Training epoch 2, iteration 341823/715787 | lr: 0.0001747 | consumed_samples: 350027776 | global_batch_size: 1024 | global_step: 341823 | reduced_train_loss: 2.181
Training epoch 2, iteration 341824/715787 | lr: 0.0001747 | consumed_samples: 350028800 | global_batch_size: 1024 | global_step: 341824 | reduced_train_loss: 2.182
Training epoch 2, iteration 341825/715787 | lr: 0.0001747 | consumed_samples: 350029824 | global_batch_size: 1024 | global_step: 341825 | reduced_train_loss: 2.174
Training epoch 2, iteration 341826/715787 | lr: 0.0001747 | consumed_samples: 350030848 | global_batch_size: 1024 | global_step: 341826 | reduced_train_loss: 2.187
Training epoch 2, iteration 341827/715787 | lr: 0.0001747 | consumed_samples: 350031872 | global_batch_size: 1024 | global_step: 341827 | reduced_train_loss: 2.17
Training epoch 2, iteration 341828/715787 | lr: 0.0001747 | consumed_samples: 350032896 | global_batch_size: 1024 | global_step: 341828 | reduced_train_loss: 2.184
Training epoch 2, iteration 341829/715787 | lr: 0.0001747 | consumed_samples: 350033920 | global_batch_size: 1024 | global_step: 341829 | reduced_train_loss: 2.164
Training epoch 2, iteration 341830/715787 | lr: 0.0001747 | consumed_samples: 350034944 | global_batch_size: 1024 | global_step: 341830 | reduced_train_loss: 2.173
Training epoch 2, iteration 341831/715787 | lr: 0.0001747 | consumed_samples: 350035968 | global_batch_size: 1024 | global_step: 341831 | reduced_train_loss: 2.176
Training epoch 2, iteration 341832/715787 | lr: 0.0001747 | consumed_samples: 350036992 | global_batch_size: 1024 | global_step: 341832 | reduced_train_loss: 2.177
Training epoch 2, iteration 341833/715787 | lr: 0.0001747 | consumed_samples: 350038016 | global_batch_size: 1024 | global_step: 341833 | reduced_train_loss: 2.177
Training epoch 2, iteration 341834/715787 | lr: 0.0001747 | consumed_samples: 350039040 | global_batch_size: 1024 | global_step: 341834 | reduced_train_loss: 2.195
Training epoch 2, iteration 341835/715787 | lr: 0.0001747 | consumed_samples: 350040064 | global_batch_size: 1024 | global_step: 341835 | reduced_train_loss: 2.188
Training epoch 2, iteration 341836/715787 | lr: 0.0001747 | consumed_samples: 350041088 | global_batch_size: 1024 | global_step: 341836 | reduced_train_loss: 2.183
Training epoch 2, iteration 341837/715787 | lr: 0.0001747 | consumed_samples: 350042112 | global_batch_size: 1024 | global_step: 341837 | reduced_train_loss: 2.179
Training epoch 2, iteration 341838/715787 | lr: 0.0001747 | consumed_samples: 350043136 | global_batch_size: 1024 | global_step: 341838 | reduced_train_loss: 2.184
Training epoch 2, iteration 341839/715787 | lr: 0.0001747 | consumed_samples: 350044160 | global_batch_size: 1024 | global_step: 341839 | reduced_train_loss: 2.174
Training epoch 2, iteration 341840/715787 | lr: 0.0001747 | consumed_samples: 350045184 | global_batch_size: 1024 | global_step: 341840 | reduced_train_loss: 2.188
Training epoch 2, iteration 341841/715787 | lr: 0.0001747 | consumed_samples: 350046208 | global_batch_size: 1024 | global_step: 341841 | reduced_train_loss: 2.187
Training epoch 2, iteration 341842/715787 | lr: 0.0001747 | consumed_samples: 350047232 | global_batch_size: 1024 | global_step: 341842 | reduced_train_loss: 2.164
Training epoch 2, iteration 341843/715787 | lr: 0.0001747 | consumed_samples: 350048256 | global_batch_size: 1024 | global_step: 341843 | reduced_train_loss: 2.192
Training epoch 2, iteration 341844/715787 | lr: 0.0001747 | consumed_samples: 350049280 | global_batch_size: 1024 | global_step: 341844 | reduced_train_loss: 2.195
Training epoch 2, iteration 341845/715787 | lr: 0.0001747 | consumed_samples: 350050304 | global_batch_size: 1024 | global_step: 341845 | reduced_train_loss: 2.182
Training epoch 2, iteration 341846/715787 | lr: 0.0001747 | consumed_samples: 350051328 | global_batch_size: 1024 | global_step: 341846 | reduced_train_loss: 2.179
Training epoch 2, iteration 341847/715787 | lr: 0.0001747 | consumed_samples: 350052352 | global_batch_size: 1024 | global_step: 341847 | reduced_train_loss: 2.166
Training epoch 2, iteration 341848/715787 | lr: 0.0001747 | consumed_samples: 350053376 | global_batch_size: 1024 | global_step: 341848 | reduced_train_loss: 2.163
Training epoch 2, iteration 341849/715787 | lr: 0.0001747 | consumed_samples: 350054400 | global_batch_size: 1024 | global_step: 341849 | reduced_train_loss: 2.161
Training epoch 2, iteration 341850/715787 | lr: 0.0001747 | consumed_samples: 350055424 | global_batch_size: 1024 | global_step: 341850 | reduced_train_loss: 2.18
Training epoch 2, iteration 341851/715787 | lr: 0.0001747 | consumed_samples: 350056448 | global_batch_size: 1024 | global_step: 341851 | reduced_train_loss: 2.183
Training epoch 2, iteration 341852/715787 | lr: 0.0001747 | consumed_samples: 350057472 | global_batch_size: 1024 | global_step: 341852 | reduced_train_loss: 2.152
Training epoch 2, iteration 341853/715787 | lr: 0.0001747 | consumed_samples: 350058496 | global_batch_size: 1024 | global_step: 341853 | reduced_train_loss: 2.189
Training epoch 2, iteration 341854/715787 | lr: 0.0001747 | consumed_samples: 350059520 | global_batch_size: 1024 | global_step: 341854 | reduced_train_loss: 2.182
Training epoch 2, iteration 341855/715787 | lr: 0.0001746 | consumed_samples: 350060544 | global_batch_size: 1024 | global_step: 341855 | reduced_train_loss: 2.182
Training epoch 2, iteration 341856/715787 | lr: 0.0001746 | consumed_samples: 350061568 | global_batch_size: 1024 | global_step: 341856 | reduced_train_loss: 2.167
Training epoch 2, iteration 341857/715787 | lr: 0.0001746 | consumed_samples: 350062592 | global_batch_size: 1024 | global_step: 341857 | reduced_train_loss: 2.186
Training epoch 2, iteration 341858/715787 | lr: 0.0001746 | consumed_samples: 350063616 | global_batch_size: 1024 | global_step: 341858 | reduced_train_loss: 2.189
Training epoch 2, iteration 341859/715787 | lr: 0.0001746 | consumed_samples: 350064640 | global_batch_size: 1024 | global_step: 341859 | reduced_train_loss: 2.168
Training epoch 2, iteration 341860/715787 | lr: 0.0001746 | consumed_samples: 350065664 | global_batch_size: 1024 | global_step: 341860 | reduced_train_loss: 2.174
Training epoch 2, iteration 341861/715787 | lr: 0.0001746 | consumed_samples: 350066688 | global_batch_size: 1024 | global_step: 341861 | reduced_train_loss: 2.181
Training epoch 2, iteration 341862/715787 | lr: 0.0001746 | consumed_samples: 350067712 | global_batch_size: 1024 | global_step: 341862 | reduced_train_loss: 2.168
Training epoch 2, iteration 341863/715787 | lr: 0.0001746 | consumed_samples: 350068736 | global_batch_size: 1024 | global_step: 341863 | reduced_train_loss: 2.176
Training epoch 2, iteration 341864/715787 | lr: 0.0001746 | consumed_samples: 350069760 | global_batch_size: 1024 | global_step: 341864 | reduced_train_loss: 2.178
Training epoch 2, iteration 341865/715787 | lr: 0.0001746 | consumed_samples: 350070784 | global_batch_size: 1024 | global_step: 341865 | reduced_train_loss: 2.184
Training epoch 2, iteration 341866/715787 | lr: 0.0001746 | consumed_samples: 350071808 | global_batch_size: 1024 | global_step: 341866 | reduced_train_loss: 2.193
Training epoch 2, iteration 341867/715787 | lr: 0.0001746 | consumed_samples: 350072832 | global_batch_size: 1024 | global_step: 341867 | reduced_train_loss: 2.195
Training epoch 2, iteration 341868/715787 | lr: 0.0001746 | consumed_samples: 350073856 | global_batch_size: 1024 | global_step: 341868 | reduced_train_loss: 2.171
Training epoch 2, iteration 341869/715787 | lr: 0.0001746 | consumed_samples: 350074880 | global_batch_size: 1024 | global_step: 341869 | reduced_train_loss: 2.192
Training epoch 2, iteration 341870/715787 | lr: 0.0001746 | consumed_samples: 350075904 | global_batch_size: 1024 | global_step: 341870 | reduced_train_loss: 2.179
Training epoch 2, iteration 341871/715787 | lr: 0.0001746 | consumed_samples: 350076928 | global_batch_size: 1024 | global_step: 341871 | reduced_train_loss: 2.18
Training epoch 2, iteration 341872/715787 | lr: 0.0001746 | consumed_samples: 350077952 | global_batch_size: 1024 | global_step: 341872 | reduced_train_loss: 2.178
Training epoch 2, iteration 341873/715787 | lr: 0.0001746 | consumed_samples: 350078976 | global_batch_size: 1024 | global_step: 341873 | reduced_train_loss: 2.201
Training epoch 2, iteration 341874/715787 | lr: 0.0001746 | consumed_samples: 350080000 | global_batch_size: 1024 | global_step: 341874 | reduced_train_loss: 2.18
Training epoch 2, iteration 341875/715787 | lr: 0.0001746 | consumed_samples: 350081024 | global_batch_size: 1024 | global_step: 341875 | reduced_train_loss: 2.183
Training epoch 2, iteration 341876/715787 | lr: 0.0001746 | consumed_samples: 350082048 | global_batch_size: 1024 | global_step: 341876 | reduced_train_loss: 2.164
Training epoch 2, iteration 341877/715787 | lr: 0.0001746 | consumed_samples: 350083072 | global_batch_size: 1024 | global_step: 341877 | reduced_train_loss: 2.167
Training epoch 2, iteration 341878/715787 | lr: 0.0001746 | consumed_samples: 350084096 | global_batch_size: 1024 | global_step: 341878 | reduced_train_loss: 2.202
Training epoch 2, iteration 341879/715787 | lr: 0.0001746 | consumed_samples: 350085120 | global_batch_size: 1024 | global_step: 341879 | reduced_train_loss: 2.196
Training epoch 2, iteration 341880/715787 | lr: 0.0001746 | consumed_samples: 350086144 | global_batch_size: 1024 | global_step: 341880 | reduced_train_loss: 2.192
Training epoch 2, iteration 341881/715787 | lr: 0.0001746 | consumed_samples: 350087168 | global_batch_size: 1024 | global_step: 341881 | reduced_train_loss: 2.203
Training epoch 2, iteration 341882/715787 | lr: 0.0001746 | consumed_samples: 350088192 | global_batch_size: 1024 | global_step: 341882 | reduced_train_loss: 2.17
Training epoch 2, iteration 341883/715787 | lr: 0.0001746 | consumed_samples: 350089216 | global_batch_size: 1024 | global_step: 341883 | reduced_train_loss: 2.18
Training epoch 2, iteration 341884/715787 | lr: 0.0001746 | consumed_samples: 350090240 | global_batch_size: 1024 | global_step: 341884 | reduced_train_loss: 2.17
Training epoch 2, iteration 341885/715787 | lr: 0.0001746 | consumed_samples: 350091264 | global_batch_size: 1024 | global_step: 341885 | reduced_train_loss: 2.184
Training epoch 2, iteration 341886/715787 | lr: 0.0001746 | consumed_samples: 350092288 | global_batch_size: 1024 | global_step: 341886 | reduced_train_loss: 2.192
Training epoch 2, iteration 341887/715787 | lr: 0.0001746 | consumed_samples: 350093312 | global_batch_size: 1024 | global_step: 341887 | reduced_train_loss: 2.167
Training epoch 2, iteration 341888/715787 | lr: 0.0001746 | consumed_samples: 350094336 | global_batch_size: 1024 | global_step: 341888 | reduced_train_loss: 2.177
Training epoch 2, iteration 341889/715787 | lr: 0.0001746 | consumed_samples: 350095360 | global_batch_size: 1024 | global_step: 341889 | reduced_train_loss: 2.18
Training epoch 2, iteration 341890/715787 | lr: 0.0001746 | consumed_samples: 350096384 | global_batch_size: 1024 | global_step: 341890 | reduced_train_loss: 2.182
Training epoch 2, iteration 341891/715787 | lr: 0.0001746 | consumed_samples: 350097408 | global_batch_size: 1024 | global_step: 341891 | reduced_train_loss: 2.187
Training epoch 2, iteration 341892/715787 | lr: 0.0001746 | consumed_samples: 350098432 | global_batch_size: 1024 | global_step: 341892 | reduced_train_loss: 2.182
Training epoch 2, iteration 341893/715787 | lr: 0.0001746 | consumed_samples: 350099456 | global_batch_size: 1024 | global_step: 341893 | reduced_train_loss: 2.189
Training epoch 2, iteration 341894/715787 | lr: 0.0001746 | consumed_samples: 350100480 | global_batch_size: 1024 | global_step: 341894 | reduced_train_loss: 2.189
Training epoch 2, iteration 341895/715787 | lr: 0.0001746 | consumed_samples: 350101504 | global_batch_size: 1024 | global_step: 341895 | reduced_train_loss: 2.193
Training epoch 2, iteration 341896/715787 | lr: 0.0001746 | consumed_samples: 350102528 | global_batch_size: 1024 | global_step: 341896 | reduced_train_loss: 2.183
Training epoch 2, iteration 341897/715787 | lr: 0.0001746 | consumed_samples: 350103552 | global_batch_size: 1024 | global_step: 341897 | reduced_train_loss: 2.179
Training epoch 2, iteration 341898/715787 | lr: 0.0001746 | consumed_samples: 350104576 | global_batch_size: 1024 | global_step: 341898 | reduced_train_loss: 2.187
[NeMo I 2026-04-30 11:50:05 nemo_logging:393] Running garbage collection at train global_step: 341900
Training epoch 2, iteration 341899/715787 | lr: 0.0001746 | consumed_samples: 350105600 | global_batch_size: 1024 | global_step: 341899 | reduced_train_loss: 2.181
Training epoch 2, iteration 341900/715787 | lr: 0.0001746 | consumed_samples: 350106624 | global_batch_size: 1024 | global_step: 341900 | reduced_train_loss: 2.183
Training epoch 2, iteration 341901/715787 | lr: 0.0001746 | consumed_samples: 350107648 | global_batch_size: 1024 | global_step: 341901 | reduced_train_loss: 2.179
Training epoch 2, iteration 341902/715787 | lr: 0.0001746 | consumed_samples: 350108672 | global_batch_size: 1024 | global_step: 341902 | reduced_train_loss: 2.193
Training epoch 2, iteration 341903/715787 | lr: 0.0001746 | consumed_samples: 350109696 | global_batch_size: 1024 | global_step: 341903 | reduced_train_loss: 2.188
Training epoch 2, iteration 341904/715787 | lr: 0.0001746 | consumed_samples: 350110720 | global_batch_size: 1024 | global_step: 341904 | reduced_train_loss: 2.178
Training epoch 2, iteration 341905/715787 | lr: 0.0001746 | consumed_samples: 350111744 | global_batch_size: 1024 | global_step: 341905 | reduced_train_loss: 2.173
Training epoch 2, iteration 341906/715787 | lr: 0.0001746 | consumed_samples: 350112768 | global_batch_size: 1024 | global_step: 341906 | reduced_train_loss: 2.178
Training epoch 2, iteration 341907/715787 | lr: 0.0001746 | consumed_samples: 350113792 | global_batch_size: 1024 | global_step: 341907 | reduced_train_loss: 2.177
Training epoch 2, iteration 341908/715787 | lr: 0.0001746 | consumed_samples: 350114816 | global_batch_size: 1024 | global_step: 341908 | reduced_train_loss: 2.177
Training epoch 2, iteration 341909/715787 | lr: 0.0001746 | consumed_samples: 350115840 | global_batch_size: 1024 | global_step: 341909 | reduced_train_loss: 2.159
Training epoch 2, iteration 341910/715787 | lr: 0.0001746 | consumed_samples: 350116864 | global_batch_size: 1024 | global_step: 341910 | reduced_train_loss: 2.183
Training epoch 2, iteration 341911/715787 | lr: 0.0001746 | consumed_samples: 350117888 | global_batch_size: 1024 | global_step: 341911 | reduced_train_loss: 2.183
Training epoch 2, iteration 341912/715787 | lr: 0.0001746 | consumed_samples: 350118912 | global_batch_size: 1024 | global_step: 341912 | reduced_train_loss: 2.193
Training epoch 2, iteration 341913/715787 | lr: 0.0001746 | consumed_samples: 350119936 | global_batch_size: 1024 | global_step: 341913 | reduced_train_loss: 2.167
Training epoch 2, iteration 341914/715787 | lr: 0.0001746 | consumed_samples: 350120960 | global_batch_size: 1024 | global_step: 341914 | reduced_train_loss: 2.175
Training epoch 2, iteration 341915/715787 | lr: 0.0001746 | consumed_samples: 350121984 | global_batch_size: 1024 | global_step: 341915 | reduced_train_loss: 2.17
Training epoch 2, iteration 341916/715787 | lr: 0.0001746 | consumed_samples: 350123008 | global_batch_size: 1024 | global_step: 341916 | reduced_train_loss: 2.194
Training epoch 2, iteration 341917/715787 | lr: 0.0001746 | consumed_samples: 350124032 | global_batch_size: 1024 | global_step: 341917 | reduced_train_loss: 2.179
Training epoch 2, iteration 341918/715787 | lr: 0.0001746 | consumed_samples: 350125056 | global_batch_size: 1024 | global_step: 341918 | reduced_train_loss: 2.18
Training epoch 2, iteration 341919/715787 | lr: 0.0001746 | consumed_samples: 350126080 | global_batch_size: 1024 | global_step: 341919 | reduced_train_loss: 2.192
Training epoch 2, iteration 341920/715787 | lr: 0.0001746 | consumed_samples: 350127104 | global_batch_size: 1024 | global_step: 341920 | reduced_train_loss: 2.143
Training epoch 2, iteration 341921/715787 | lr: 0.0001746 | consumed_samples: 350128128 | global_batch_size: 1024 | global_step: 341921 | reduced_train_loss: 2.161
Training epoch 2, iteration 341922/715787 | lr: 0.0001746 | consumed_samples: 350129152 | global_batch_size: 1024 | global_step: 341922 | reduced_train_loss: 2.154
Training epoch 2, iteration 341923/715787 | lr: 0.0001746 | consumed_samples: 350130176 | global_batch_size: 1024 | global_step: 341923 | reduced_train_loss: 2.181
Training epoch 2, iteration 341924/715787 | lr: 0.0001746 | consumed_samples: 350131200 | global_batch_size: 1024 | global_step: 341924 | reduced_train_loss: 2.202
Training epoch 2, iteration 341925/715787 | lr: 0.0001746 | consumed_samples: 350132224 | global_batch_size: 1024 | global_step: 341925 | reduced_train_loss: 2.169
Training epoch 2, iteration 341926/715787 | lr: 0.0001746 | consumed_samples: 350133248 | global_batch_size: 1024 | global_step: 341926 | reduced_train_loss: 2.156
Training epoch 2, iteration 341927/715787 | lr: 0.0001746 | consumed_samples: 350134272 | global_batch_size: 1024 | global_step: 341927 | reduced_train_loss: 2.173
Training epoch 2, iteration 341928/715787 | lr: 0.0001746 | consumed_samples: 350135296 | global_batch_size: 1024 | global_step: 341928 | reduced_train_loss: 2.181
Training epoch 2, iteration 341929/715787 | lr: 0.0001746 | consumed_samples: 350136320 | global_batch_size: 1024 | global_step: 341929 | reduced_train_loss: 2.193
Training epoch 2, iteration 341930/715787 | lr: 0.0001746 | consumed_samples: 350137344 | global_batch_size: 1024 | global_step: 341930 | reduced_train_loss: 2.193
Training epoch 2, iteration 341931/715787 | lr: 0.0001746 | consumed_samples: 350138368 | global_batch_size: 1024 | global_step: 341931 | reduced_train_loss: 2.19
Training epoch 2, iteration 341932/715787 | lr: 0.0001746 | consumed_samples: 350139392 | global_batch_size: 1024 | global_step: 341932 | reduced_train_loss: 2.184
Training epoch 2, iteration 341933/715787 | lr: 0.0001746 | consumed_samples: 350140416 | global_batch_size: 1024 | global_step: 341933 | reduced_train_loss: 2.183
Training epoch 2, iteration 341934/715787 | lr: 0.0001746 | consumed_samples: 350141440 | global_batch_size: 1024 | global_step: 341934 | reduced_train_loss: 2.186
Training epoch 2, iteration 341935/715787 | lr: 0.0001746 | consumed_samples: 350142464 | global_batch_size: 1024 | global_step: 341935 | reduced_train_loss: 2.176
Training epoch 2, iteration 341936/715787 | lr: 0.0001746 | consumed_samples: 350143488 | global_batch_size: 1024 | global_step: 341936 | reduced_train_loss: 2.173
Training epoch 2, iteration 341937/715787 | lr: 0.0001746 | consumed_samples: 350144512 | global_batch_size: 1024 | global_step: 341937 | reduced_train_loss: 2.197
Training epoch 2, iteration 341938/715787 | lr: 0.0001746 | consumed_samples: 350145536 | global_batch_size: 1024 | global_step: 341938 | reduced_train_loss: 2.178
Training epoch 2, iteration 341939/715787 | lr: 0.0001746 | consumed_samples: 350146560 | global_batch_size: 1024 | global_step: 341939 | reduced_train_loss: 2.186
Training epoch 2, iteration 341940/715787 | lr: 0.0001746 | consumed_samples: 350147584 | global_batch_size: 1024 | global_step: 341940 | reduced_train_loss: 2.18
Training epoch 2, iteration 341941/715787 | lr: 0.0001746 | consumed_samples: 350148608 | global_batch_size: 1024 | global_step: 341941 | reduced_train_loss: 2.17
Training epoch 2, iteration 341942/715787 | lr: 0.0001746 | consumed_samples: 350149632 | global_batch_size: 1024 | global_step: 341942 | reduced_train_loss: 2.185
Training epoch 2, iteration 341943/715787 | lr: 0.0001746 | consumed_samples: 350150656 | global_batch_size: 1024 | global_step: 341943 | reduced_train_loss: 2.181
Training epoch 2, iteration 341944/715787 | lr: 0.0001746 | consumed_samples: 350151680 | global_batch_size: 1024 | global_step: 341944 | reduced_train_loss: 2.19
Training epoch 2, iteration 341945/715787 | lr: 0.0001746 | consumed_samples: 350152704 | global_batch_size: 1024 | global_step: 341945 | reduced_train_loss: 2.17
Training epoch 2, iteration 341946/715787 | lr: 0.0001746 | consumed_samples: 350153728 | global_batch_size: 1024 | global_step: 341946 | reduced_train_loss: 2.177
Training epoch 2, iteration 341947/715787 | lr: 0.0001746 | consumed_samples: 350154752 | global_batch_size: 1024 | global_step: 341947 | reduced_train_loss: 2.169
Training epoch 2, iteration 341948/715787 | lr: 0.0001746 | consumed_samples: 350155776 | global_batch_size: 1024 | global_step: 341948 | reduced_train_loss: 2.178
Training epoch 2, iteration 341949/715787 | lr: 0.0001746 | consumed_samples: 350156800 | global_batch_size: 1024 | global_step: 341949 | reduced_train_loss: 2.188
Training epoch 2, iteration 341950/715787 | lr: 0.0001746 | consumed_samples: 350157824 | global_batch_size: 1024 | global_step: 341950 | reduced_train_loss: 2.18
Training epoch 2, iteration 341951/715787 | lr: 0.0001746 | consumed_samples: 350158848 | global_batch_size: 1024 | global_step: 341951 | reduced_train_loss: 2.199
Training epoch 2, iteration 341952/715787 | lr: 0.0001746 | consumed_samples: 350159872 | global_batch_size: 1024 | global_step: 341952 | reduced_train_loss: 2.178
Training epoch 2, iteration 341953/715787 | lr: 0.0001746 | consumed_samples: 350160896 | global_batch_size: 1024 | global_step: 341953 | reduced_train_loss: 2.172
Training epoch 2, iteration 341954/715787 | lr: 0.0001746 | consumed_samples: 350161920 | global_batch_size: 1024 | global_step: 341954 | reduced_train_loss: 2.172
Training epoch 2, iteration 341955/715787 | lr: 0.0001746 | consumed_samples: 350162944 | global_batch_size: 1024 | global_step: 341955 | reduced_train_loss: 2.156
Training epoch 2, iteration 341956/715787 | lr: 0.0001746 | consumed_samples: 350163968 | global_batch_size: 1024 | global_step: 341956 | reduced_train_loss: 2.179
Training epoch 2, iteration 341957/715787 | lr: 0.0001746 | consumed_samples: 350164992 | global_batch_size: 1024 | global_step: 341957 | reduced_train_loss: 2.161
Training epoch 2, iteration 341958/715787 | lr: 0.0001746 | consumed_samples: 350166016 | global_batch_size: 1024 | global_step: 341958 | reduced_train_loss: 2.188
Training epoch 2, iteration 341959/715787 | lr: 0.0001746 | consumed_samples: 350167040 | global_batch_size: 1024 | global_step: 341959 | reduced_train_loss: 2.163
Training epoch 2, iteration 341960/715787 | lr: 0.0001746 | consumed_samples: 350168064 | global_batch_size: 1024 | global_step: 341960 | reduced_train_loss: 2.186
Training epoch 2, iteration 341961/715787 | lr: 0.0001746 | consumed_samples: 350169088 | global_batch_size: 1024 | global_step: 341961 | reduced_train_loss: 2.185
Training epoch 2, iteration 341962/715787 | lr: 0.0001746 | consumed_samples: 350170112 | global_batch_size: 1024 | global_step: 341962 | reduced_train_loss: 2.197
Training epoch 2, iteration 341963/715787 | lr: 0.0001746 | consumed_samples: 350171136 | global_batch_size: 1024 | global_step: 341963 | reduced_train_loss: 2.184
Training epoch 2, iteration 341964/715787 | lr: 0.0001746 | consumed_samples: 350172160 | global_batch_size: 1024 | global_step: 341964 | reduced_train_loss: 2.172
Training epoch 2, iteration 341965/715787 | lr: 0.0001746 | consumed_samples: 350173184 | global_batch_size: 1024 | global_step: 341965 | reduced_train_loss: 2.182
Training epoch 2, iteration 341966/715787 | lr: 0.0001746 | consumed_samples: 350174208 | global_batch_size: 1024 | global_step: 341966 | reduced_train_loss: 2.203
Training epoch 2, iteration 341967/715787 | lr: 0.0001746 | consumed_samples: 350175232 | global_batch_size: 1024 | global_step: 341967 | reduced_train_loss: 2.187
Training epoch 2, iteration 341968/715787 | lr: 0.0001746 | consumed_samples: 350176256 | global_batch_size: 1024 | global_step: 341968 | reduced_train_loss: 2.194
Training epoch 2, iteration 341969/715787 | lr: 0.0001746 | consumed_samples: 350177280 | global_batch_size: 1024 | global_step: 341969 | reduced_train_loss: 2.19
Training epoch 2, iteration 341970/715787 | lr: 0.0001746 | consumed_samples: 350178304 | global_batch_size: 1024 | global_step: 341970 | reduced_train_loss: 2.165
Training epoch 2, iteration 341971/715787 | lr: 0.0001746 | consumed_samples: 350179328 | global_batch_size: 1024 | global_step: 341971 | reduced_train_loss: 2.18
Training epoch 2, iteration 341972/715787 | lr: 0.0001746 | consumed_samples: 350180352 | global_batch_size: 1024 | global_step: 341972 | reduced_train_loss: 2.161
Training epoch 2, iteration 341973/715787 | lr: 0.0001746 | consumed_samples: 350181376 | global_batch_size: 1024 | global_step: 341973 | reduced_train_loss: 2.189
Training epoch 2, iteration 341974/715787 | lr: 0.0001746 | consumed_samples: 350182400 | global_batch_size: 1024 | global_step: 341974 | reduced_train_loss: 2.172
Training epoch 2, iteration 341975/715787 | lr: 0.0001746 | consumed_samples: 350183424 | global_batch_size: 1024 | global_step: 341975 | reduced_train_loss: 2.184
Training epoch 2, iteration 341976/715787 | lr: 0.0001746 | consumed_samples: 350184448 | global_batch_size: 1024 | global_step: 341976 | reduced_train_loss: 2.176
Training epoch 2, iteration 341977/715787 | lr: 0.0001746 | consumed_samples: 350185472 | global_batch_size: 1024 | global_step: 341977 | reduced_train_loss: 2.2
Training epoch 2, iteration 341978/715787 | lr: 0.0001746 | consumed_samples: 350186496 | global_batch_size: 1024 | global_step: 341978 | reduced_train_loss: 2.18
Training epoch 2, iteration 341979/715787 | lr: 0.0001746 | consumed_samples: 350187520 | global_batch_size: 1024 | global_step: 341979 | reduced_train_loss: 2.185
Training epoch 2, iteration 341980/715787 | lr: 0.0001746 | consumed_samples: 350188544 | global_batch_size: 1024 | global_step: 341980 | reduced_train_loss: 2.17
Training epoch 2, iteration 341981/715787 | lr: 0.0001746 | consumed_samples: 350189568 | global_batch_size: 1024 | global_step: 341981 | reduced_train_loss: 2.181
Training epoch 2, iteration 341982/715787 | lr: 0.0001746 | consumed_samples: 350190592 | global_batch_size: 1024 | global_step: 341982 | reduced_train_loss: 2.182
Training epoch 2, iteration 341983/715787 | lr: 0.0001746 | consumed_samples: 350191616 | global_batch_size: 1024 | global_step: 341983 | reduced_train_loss: 2.194
Training epoch 2, iteration 341984/715787 | lr: 0.0001746 | consumed_samples: 350192640 | global_batch_size: 1024 | global_step: 341984 | reduced_train_loss: 2.176
Training epoch 2, iteration 341985/715787 | lr: 0.0001746 | consumed_samples: 350193664 | global_batch_size: 1024 | global_step: 341985 | reduced_train_loss: 2.194
Training epoch 2, iteration 341986/715787 | lr: 0.0001746 | consumed_samples: 350194688 | global_batch_size: 1024 | global_step: 341986 | reduced_train_loss: 2.161
Training epoch 2, iteration 341987/715787 | lr: 0.0001746 | consumed_samples: 350195712 | global_batch_size: 1024 | global_step: 341987 | reduced_train_loss: 2.188
Training epoch 2, iteration 341988/715787 | lr: 0.0001746 | consumed_samples: 350196736 | global_batch_size: 1024 | global_step: 341988 | reduced_train_loss: 2.171
Training epoch 2, iteration 341989/715787 | lr: 0.0001746 | consumed_samples: 350197760 | global_batch_size: 1024 | global_step: 341989 | reduced_train_loss: 2.2
Training epoch 2, iteration 341990/715787 | lr: 0.0001746 | consumed_samples: 350198784 | global_batch_size: 1024 | global_step: 341990 | reduced_train_loss: 2.19
Training epoch 2, iteration 341991/715787 | lr: 0.0001746 | consumed_samples: 350199808 | global_batch_size: 1024 | global_step: 341991 | reduced_train_loss: 2.182
Training epoch 2, iteration 341992/715787 | lr: 0.0001746 | consumed_samples: 350200832 | global_batch_size: 1024 | global_step: 341992 | reduced_train_loss: 2.193
Training epoch 2, iteration 341993/715787 | lr: 0.0001746 | consumed_samples: 350201856 | global_batch_size: 1024 | global_step: 341993 | reduced_train_loss: 2.179
Training epoch 2, iteration 341994/715787 | lr: 0.0001746 | consumed_samples: 350202880 | global_batch_size: 1024 | global_step: 341994 | reduced_train_loss: 2.191
Training epoch 2, iteration 341995/715787 | lr: 0.0001746 | consumed_samples: 350203904 | global_batch_size: 1024 | global_step: 341995 | reduced_train_loss: 2.166
Training epoch 2, iteration 341996/715787 | lr: 0.0001746 | consumed_samples: 350204928 | global_batch_size: 1024 | global_step: 341996 | reduced_train_loss: 2.168
Training epoch 2, iteration 341997/715787 | lr: 0.0001746 | consumed_samples: 350205952 | global_batch_size: 1024 | global_step: 341997 | reduced_train_loss: 2.182
Training epoch 2, iteration 341998/715787 | lr: 0.0001746 | consumed_samples: 350206976 | global_batch_size: 1024 | global_step: 341998 | reduced_train_loss: 2.174
[NeMo I 2026-04-30 12:17:01 nemo_logging:393] Running garbage collection at train global_step: 342000
[NeMo I 2026-04-30 12:17:02 nemo_logging:393] Step 342000 - SSA n values:
[NeMo I 2026-04-30 12:17:02 nemo_logging:393]   Layer 0: n = 3.671875
[NeMo I 2026-04-30 12:17:02 nemo_logging:393]   Layer 1: n = 1.617188
[NeMo I 2026-04-30 12:17:02 nemo_logging:393]   Layer 2: n = 2.468750
[NeMo I 2026-04-30 12:17:02 nemo_logging:393]   Layer 3: n = 2.828125
[NeMo I 2026-04-30 12:17:02 nemo_logging:393]   Layer 4: n = 3.046875
[NeMo I 2026-04-30 12:17:02 nemo_logging:393]   Layer 5: n = 3.046875
[NeMo I 2026-04-30 12:17:02 nemo_logging:393]   Layer 6: n = 3.687500
[NeMo I 2026-04-30 12:17:02 nemo_logging:393]   Layer 7: n = 3.859375
[NeMo I 2026-04-30 12:17:02 nemo_logging:393]   Layer 8: n = 3.906250
[NeMo I 2026-04-30 12:17:02 nemo_logging:393]   Layer 9: n = 3.296875
[NeMo I 2026-04-30 12:17:02 nemo_logging:393]   Layer 10: n = 3.687500
[NeMo I 2026-04-30 12:17:02 nemo_logging:393]   Layer 11: n = 3.750000
[NeMo I 2026-04-30 12:17:02 nemo_logging:393]   Layer 12: n = 3.718750
[NeMo I 2026-04-30 12:17:02 nemo_logging:393]   Layer 13: n = 3.578125
[NeMo I 2026-04-30 12:17:02 nemo_logging:393]   Layer 14: n = 3.609375
[NeMo I 2026-04-30 12:17:02 nemo_logging:393]   Layer 15: n = 3.828125
[NeMo I 2026-04-30 12:17:02 nemo_logging:393]   Layer 16: n = 3.781250
[NeMo I 2026-04-30 12:17:02 nemo_logging:393]   Layer 17: n = 4.312500
[NeMo I 2026-04-30 12:17:02 nemo_logging:393]   Layer 18: n = 3.531250
[NeMo I 2026-04-30 12:17:02 nemo_logging:393]   Layer 19: n = 4.812500
[NeMo I 2026-04-30 12:17:02 nemo_logging:393]   Layer 20: n = 3.000000
[NeMo I 2026-04-30 12:17:02 nemo_logging:393]   Layer 21: n = -12.812500
[NeMo I 2026-04-30 12:17:02 nemo_logging:393]   Layer 22: n = 3.468750
[NeMo I 2026-04-30 12:17:02 nemo_logging:393]   Layer 23: n = -1512.000000
INFO: Epoch 2, global step 341999: 'step' reached 341999.00000 (best 341999.00000), saving model to '/tmpdir/barman/bs1024_fullrun/outputs/nemotron-1B-SSA-Triton-bs1024/checkpoints/nemotron-1B-SSA-Triton-bs1024-step=0341999.ckpt' as top 684
INFO:lightning.pytorch.utilities.rank_zero:Epoch 2, global step 341999: 'step' reached 341999.00000 (best 341999.00000), saving model to '/tmpdir/barman/bs1024_fullrun/outputs/nemotron-1B-SSA-Triton-bs1024/checkpoints/nemotron-1B-SSA-Triton-bs1024-step=0341999.ckpt' as top 684
Training epoch 2, iteration 341999/715787 | lr: 0.0001746 | consumed_samples: 350208000 | global_batch_size: 1024 | global_step: 341999 | reduced_train_loss: 2.175
[NeMo I 2026-04-30 12:17:02 nemo_logging:393] Using FullyParallelSaveStrategyWrapper(torch_dist, 1) dist-ckpt save strategy.
[NeMo W 2026-04-30 12:17:03 validation:389] There is difference in the common state dict in different ranks. The differences are {1: ([], [], [(('optimizer', 0, 'optimizer', 'param_groups', 1, 'step'), <class 'int'>, <class 'int'>)]), 2: ([], [], [(('optimizer', 0, 'optimizer', 'param_groups', 1, 'step'), <class 'int'>, <class 'int'>)]), 3: ([], [], [(('optimizer', 0, 'optimizer', 'param_groups', 1, 'step'), <class 'int'>, <class 'int'>)]), 4: ([], [], [(('optimizer', 0, 'optimizer', 'param_groups', 1, 'step'), <class 'int'>, <class 'int'>)]), 5: ([], [], [(('optimizer', 0, 'optimizer', 'param_groups', 1, 'step'), <class 'int'>, <class 'int'>)]), 6: ([], [], [(('optimizer', 0, 'optimizer', 'param_groups', 1, 'step'), <class 'int'>, <class 'int'>)]), 7: ([], [], [(('optimizer', 0, 'optimizer', 'param_groups', 1, 'step'), <class 'int'>, <class 'int'>)]), 8: ([], [], [(('optimizer', 0, 'optimizer', 'param_groups', 1, 'step'), <class 'int'>, <class 'int'>)]), 9: ([], [], [(('optimizer', 0, 'optimizer', 'param_groups', 1, 'step'), <class 'int'>, <class 'int'>)]), 10: ([], [], [(('optimizer', 0, 'optimizer', 'param_groups', 1, 'step'), <class 'int'>, <class 'int'>)]), 11: ([], [], [(('optimizer', 0, 'optimizer', 'param_groups', 1, 'step'), <class 'int'>, <class 'int'>)]), 13: ([], [], [(('optimizer', 0, 'optimizer', 'param_groups', 1, 'step'), <class 'int'>, <class 'int'>)]), 14: ([], [], [(('optimizer', 0, 'optimizer', 'param_groups', 1, 'step'), <class 'int'>, <class 'int'>)]), 15: ([], [], [(('optimizer', 0, 'optimizer', 'param_groups', 1, 'step'), <class 'int'>, <class 'int'>)])}
[NeMo I 2026-04-30 12:17:13 nemo_logging:393] Global Checkpoint Save : Rank: 0 : Iteration: 341932 : Start time: 1777544222.178s : Save duration: 11.398s
[NeMo I 2026-04-30 12:17:13 nemo_logging:393] Scheduled async checkpoint save for /tmpdir/barman/bs1024_fullrun/outputs/nemotron-1B-SSA-Triton-bs1024/checkpoints/nemotron-1B-SSA-Triton-bs1024-step=0341999.ckpt
Error.  nthreads cannot be larger than environment variable "NUMEXPR_MAX_THREADS" (64)Error.  nthreads cannot be larger than environment variable "NUMEXPR_MAX_THREADS" (64)Error.  nthreads cannot be larger than environment variable "NUMEXPR_MAX_THREADS" (64)Error.  nthreads cannot be larger than environment variable "NUMEXPR_MAX_THREADS" (64)[NeMo W 2026-04-30 12:17:14 validation:389] There is difference in the common state dict in different ranks. The differences are {1: ([], [], [(('optimizer', 0, 'optimizer', 'param_groups', 1, 'step'), <class 'int'>, <class 'int'>)]), 2: ([], [], [(('optimizer', 0, 'optimizer', 'param_groups', 1, 'step'), <class 'int'>, <class 'int'>)]), 3: ([], [], [(('optimizer', 0, 'optimizer', 'param_groups', 1, 'step'), <class 'int'>, <class 'int'>)]), 4: ([], [], [(('optimizer', 0, 'optimizer', 'param_groups', 1, 'step'), <class 'int'>, <class 'int'>)]), 5: ([], [], [(('optimizer', 0, 'optimizer', 'param_groups', 1, 'step'), <class 'int'>, <class 'int'>)]), 6: ([], [], [(('optimizer', 0, 'optimizer', 'param_groups', 1, 'step'), <class 'int'>, <class 'int'>)]), 7: ([], [], [(('optimizer', 0, 'optimizer', 'param_groups', 1, 'step'), <class 'int'>, <class 'int'>)]), 8: ([], [], [(('optimizer', 0, 'optimizer', 'param_groups', 1, 'step'), <class 'int'>, <class 'int'>)]), 9: ([], [], [(('optimizer', 0, 'optimizer', 'param_groups', 1, 'step'), <class 'int'>, <class 'int'>)]), 10: ([], [], [(('optimizer', 0, 'optimizer', 'param_groups', 1, 'step'), <class 'int'>, <class 'int'>)]), 11: ([], [], [(('optimizer', 0, 'optimizer', 'param_groups', 1, 'step'), <class 'int'>, <class 'int'>)]), 13: ([], [], [(('optimizer', 0, 'optimizer', 'param_groups', 1, 'step'), <class 'int'>, <class 'int'>)]), 14: ([], [], [(('optimizer', 0, 'optimizer', 'param_groups', 1, 'step'), <class 'int'>, <class 'int'>)]), 15: ([], [], [(('optimizer', 0, 'optimizer', 'param_groups', 1, 'step'), <class 'int'>, <class 'int'>)])}
[NeMo I 2026-04-30 12:17:14 nemo_logging:393] Global Checkpoint Save : Rank: 0 : Iteration: 341932 : Start time: 1777544233.952s : Save duration: 0.732s
[NeMo I 2026-04-30 12:17:14 nemo_logging:393] Scheduled async checkpoint save for /tmpdir/barman/bs1024_fullrun/outputs/nemotron-1B-SSA-Triton-bs1024/checkpoints/nemotron-1B-SSA-Triton-bs1024-step=0341999-last.ckpt
[NeMo I 2026-04-30 12:17:14 nemo_logging:393] Successfully saved checkpoint from iteration  341932 to /tmpdir/barman/bs1024_fullrun/outputs/nemotron-1B-SSA-Triton-bs1024/checkpoints/nemotron-1B-SSA-Triton-bs1024-step=0341999.ckpt
[NeMo I 2026-04-30 12:17:14 nemo_logging:393] Async checkpoint save for step 342000 (/tmpdir/barman/bs1024_fullrun/outputs/nemotron-1B-SSA-Triton-bs1024/checkpoints/nemotron-1B-SSA-Triton-bs1024-step=0341999.ckpt) finalized successfully.
[NeMo I 2026-04-30 12:17:14 nemo_logging:393] Async finalization time took 0.178 s
Training epoch 2, iteration 342000/715787 | lr: 0.0001746 | consumed_samples: 350209024 | global_batch_size: 1024 | global_step: 342000 | reduced_train_loss: 2.188
[NeMo I 2026-04-30 12:17:30 nemo_logging:393] Successfully saved checkpoint from iteration  341932 to /tmpdir/barman/bs1024_fullrun/outputs/nemotron-1B-SSA-Triton-bs1024/checkpoints/nemotron-1B-SSA-Triton-bs1024-step=0341999-last.ckpt
[NeMo I 2026-04-30 12:17:30 nemo_logging:393] Async checkpoint save for step 342000 (/tmpdir/barman/bs1024_fullrun/outputs/nemotron-1B-SSA-Triton-bs1024/checkpoints/nemotron-1B-SSA-Triton-bs1024-step=0341999-last.ckpt) finalized successfully.
[NeMo I 2026-04-30 12:17:30 nemo_logging:393] Async finalization time took 0.247 s
Training epoch 2, iteration 342001/715787 | lr: 0.0001746 | consumed_samples: 350210048 | global_batch_size: 1024 | global_step: 342001 | reduced_train_loss: 2.194
Training epoch 2, iteration 342002/715787 | lr: 0.0001746 | consumed_samples: 350211072 | global_batch_size: 1024 | global_step: 342002 | reduced_train_loss: 2.199
Training epoch 2, iteration 342003/715787 | lr: 0.0001746 | consumed_samples: 350212096 | global_batch_size: 1024 | global_step: 342003 | reduced_train_loss: 2.194
Training epoch 2, iteration 342004/715787 | lr: 0.0001746 | consumed_samples: 350213120 | global_batch_size: 1024 | global_step: 342004 | reduced_train_loss: 2.169
Training epoch 2, iteration 342005/715787 | lr: 0.0001746 | consumed_samples: 350214144 | global_batch_size: 1024 | global_step: 342005 | reduced_train_loss: 2.195
Training epoch 2, iteration 342006/715787 | lr: 0.0001746 | consumed_samples: 350215168 | global_batch_size: 1024 | global_step: 342006 | reduced_train_loss: 2.173
Training epoch 2, iteration 342007/715787 | lr: 0.0001746 | consumed_samples: 350216192 | global_batch_size: 1024 | global_step: 342007 | reduced_train_loss: 2.193
Training epoch 2, iteration 342008/715787 | lr: 0.0001746 | consumed_samples: 350217216 | global_batch_size: 1024 | global_step: 342008 | reduced_train_loss: 2.19
Training epoch 2, iteration 342009/715787 | lr: 0.0001746 | consumed_samples: 350218240 | global_batch_size: 1024 | global_step: 342009 | reduced_train_loss: 2.168
Training epoch 2, iteration 342010/715787 | lr: 0.0001746 | consumed_samples: 350219264 | global_batch_size: 1024 | global_step: 342010 | reduced_train_loss: 2.189
Training epoch 2, iteration 342011/715787 | lr: 0.0001746 | consumed_samples: 350220288 | global_batch_size: 1024 | global_step: 342011 | reduced_train_loss: 2.16
Training epoch 2, iteration 342012/715787 | lr: 0.0001746 | consumed_samples: 350221312 | global_batch_size: 1024 | global_step: 342012 | reduced_train_loss: 2.191
Training epoch 2, iteration 342013/715787 | lr: 0.0001746 | consumed_samples: 350222336 | global_batch_size: 1024 | global_step: 342013 | reduced_train_loss: 2.186
Training epoch 2, iteration 342014/715787 | lr: 0.0001746 | consumed_samples: 350223360 | global_batch_size: 1024 | global_step: 342014 | reduced_train_loss: 2.188
Training epoch 2, iteration 342015/715787 | lr: 0.0001746 | consumed_samples: 350224384 | global_batch_size: 1024 | global_step: 342015 | reduced_train_loss: 2.181
Training epoch 2, iteration 342016/715787 | lr: 0.0001746 | consumed_samples: 350225408 | global_batch_size: 1024 | global_step: 342016 | reduced_train_loss: 2.188
Training epoch 2, iteration 342017/715787 | lr: 0.0001746 | consumed_samples: 350226432 | global_batch_size: 1024 | global_step: 342017 | reduced_train_loss: 2.185
Training epoch 2, iteration 342018/715787 | lr: 0.0001746 | consumed_samples: 350227456 | global_batch_size: 1024 | global_step: 342018 | reduced_train_loss: 2.166
Training epoch 2, iteration 342019/715787 | lr: 0.0001746 | consumed_samples: 350228480 | global_batch_size: 1024 | global_step: 342019 | reduced_train_loss: 2.181
Training epoch 2, iteration 342020/715787 | lr: 0.0001746 | consumed_samples: 350229504 | global_batch_size: 1024 | global_step: 342020 | reduced_train_loss: 2.179
Training epoch 2, iteration 342021/715787 | lr: 0.0001746 | consumed_samples: 350230528 | global_batch_size: 1024 | global_step: 342021 | reduced_train_loss: 2.165
Training epoch 2, iteration 342022/715787 | lr: 0.0001746 | consumed_samples: 350231552 | global_batch_size: 1024 | global_step: 342022 | reduced_train_loss: 2.181
Training epoch 2, iteration 342023/715787 | lr: 0.0001746 | consumed_samples: 350232576 | global_batch_size: 1024 | global_step: 342023 | reduced_train_loss: 2.191
Training epoch 2, iteration 342024/715787 | lr: 0.0001746 | consumed_samples: 350233600 | global_batch_size: 1024 | global_step: 342024 | reduced_train_loss: 2.198
Training epoch 2, iteration 342025/715787 | lr: 0.0001745 | consumed_samples: 350234624 | global_batch_size: 1024 | global_step: 342025 | reduced_train_loss: 2.182
Training epoch 2, iteration 342026/715787 | lr: 0.0001745 | consumed_samples: 350235648 | global_batch_size: 1024 | global_step: 342026 | reduced_train_loss: 2.175
Training epoch 2, iteration 342027/715787 | lr: 0.0001745 | consumed_samples: 350236672 | global_batch_size: 1024 | global_step: 342027 | reduced_train_loss: 2.182
Training epoch 2, iteration 342028/715787 | lr: 0.0001745 | consumed_samples: 350237696 | global_batch_size: 1024 | global_step: 342028 | reduced_train_loss: 2.193
Training epoch 2, iteration 342029/715787 | lr: 0.0001745 | consumed_samples: 350238720 | global_batch_size: 1024 | global_step: 342029 | reduced_train_loss: 2.176
Training epoch 2, iteration 342030/715787 | lr: 0.0001745 | consumed_samples: 350239744 | global_batch_size: 1024 | global_step: 342030 | reduced_train_loss: 2.172
Training epoch 2, iteration 342031/715787 | lr: 0.0001745 | consumed_samples: 350240768 | global_batch_size: 1024 | global_step: 342031 | reduced_train_loss: 2.177
Training epoch 2, iteration 342032/715787 | lr: 0.0001745 | consumed_samples: 350241792 | global_batch_size: 1024 | global_step: 342032 | reduced_train_loss: 2.168
Training epoch 2, iteration 342033/715787 | lr: 0.0001745 | consumed_samples: 350242816 | global_batch_size: 1024 | global_step: 342033 | reduced_train_loss: 2.181
Training epoch 2, iteration 342034/715787 | lr: 0.0001745 | consumed_samples: 350243840 | global_batch_size: 1024 | global_step: 342034 | reduced_train_loss: 2.182
Training epoch 2, iteration 342035/715787 | lr: 0.0001745 | consumed_samples: 350244864 | global_batch_size: 1024 | global_step: 342035 | reduced_train_loss: 2.177
Training epoch 2, iteration 342036/715787 | lr: 0.0001745 | consumed_samples: 350245888 | global_batch_size: 1024 | global_step: 342036 | reduced_train_loss: 2.171
Training epoch 2, iteration 342037/715787 | lr: 0.0001745 | consumed_samples: 350246912 | global_batch_size: 1024 | global_step: 342037 | reduced_train_loss: 2.2
Training epoch 2, iteration 342038/715787 | lr: 0.0001745 | consumed_samples: 350247936 | global_batch_size: 1024 | global_step: 342038 | reduced_train_loss: 2.196
Training epoch 2, iteration 342039/715787 | lr: 0.0001745 | consumed_samples: 350248960 | global_batch_size: 1024 | global_step: 342039 | reduced_train_loss: 2.178
Training epoch 2, iteration 342040/715787 | lr: 0.0001745 | consumed_samples: 350249984 | global_batch_size: 1024 | global_step: 342040 | reduced_train_loss: 2.158
Training epoch 2, iteration 342041/715787 | lr: 0.0001745 | consumed_samples: 350251008 | global_batch_size: 1024 | global_step: 342041 | reduced_train_loss: 2.169
Training epoch 2, iteration 342042/715787 | lr: 0.0001745 | consumed_samples: 350252032 | global_batch_size: 1024 | global_step: 342042 | reduced_train_loss: 2.175
Training epoch 2, iteration 342043/715787 | lr: 0.0001745 | consumed_samples: 350253056 | global_batch_size: 1024 | global_step: 342043 | reduced_train_loss: 2.167
Training epoch 2, iteration 342044/715787 | lr: 0.0001745 | consumed_samples: 350254080 | global_batch_size: 1024 | global_step: 342044 | reduced_train_loss: 2.19
Training epoch 2, iteration 342045/715787 | lr: 0.0001745 | consumed_samples: 350255104 | global_batch_size: 1024 | global_step: 342045 | reduced_train_loss: 2.172
Training epoch 2, iteration 342046/715787 | lr: 0.0001745 | consumed_samples: 350256128 | global_batch_size: 1024 | global_step: 342046 | reduced_train_loss: 2.164
Training epoch 2, iteration 342047/715787 | lr: 0.0001745 | consumed_samples: 350257152 | global_batch_size: 1024 | global_step: 342047 | reduced_train_loss: 2.202
Training epoch 2, iteration 342048/715787 | lr: 0.0001745 | consumed_samples: 350258176 | global_batch_size: 1024 | global_step: 342048 | reduced_train_loss: 2.138
Training epoch 2, iteration 342049/715787 | lr: 0.0001745 | consumed_samples: 350259200 | global_batch_size: 1024 | global_step: 342049 | reduced_train_loss: 2.17
Training epoch 2, iteration 342050/715787 | lr: 0.0001745 | consumed_samples: 350260224 | global_batch_size: 1024 | global_step: 342050 | reduced_train_loss: 2.17
Training epoch 2, iteration 342051/715787 | lr: 0.0001745 | consumed_samples: 350261248 | global_batch_size: 1024 | global_step: 342051 | reduced_train_loss: 2.181
Training epoch 2, iteration 342052/715787 | lr: 0.0001745 | consumed_samples: 350262272 | global_batch_size: 1024 | global_step: 342052 | reduced_train_loss: 2.154
Training epoch 2, iteration 342053/715787 | lr: 0.0001745 | consumed_samples: 350263296 | global_batch_size: 1024 | global_step: 342053 | reduced_train_loss: 2.191
Training epoch 2, iteration 342054/715787 | lr: 0.0001745 | consumed_samples: 350264320 | global_batch_size: 1024 | global_step: 342054 | reduced_train_loss: 2.21
Training epoch 2, iteration 342055/715787 | lr: 0.0001745 | consumed_samples: 350265344 | global_batch_size: 1024 | global_step: 342055 | reduced_train_loss: 2.167
Training epoch 2, iteration 342056/715787 | lr: 0.0001745 | consumed_samples: 350266368 | global_batch_size: 1024 | global_step: 342056 | reduced_train_loss: 2.18
Training epoch 2, iteration 342057/715787 | lr: 0.0001745 | consumed_samples: 350267392 | global_batch_size: 1024 | global_step: 342057 | reduced_train_loss: 2.182
Training epoch 2, iteration 342058/715787 | lr: 0.0001745 | consumed_samples: 350268416 | global_batch_size: 1024 | global_step: 342058 | reduced_train_loss: 2.184
Training epoch 2, iteration 342059/715787 | lr: 0.0001745 | consumed_samples: 350269440 | global_batch_size: 1024 | global_step: 342059 | reduced_train_loss: 2.184
Training epoch 2, iteration 342060/715787 | lr: 0.0001745 | consumed_samples: 350270464 | global_batch_size: 1024 | global_step: 342060 | reduced_train_loss: 2.178
Training epoch 2, iteration 342061/715787 | lr: 0.0001745 | consumed_samples: 350271488 | global_batch_size: 1024 | global_step: 342061 | reduced_train_loss: 2.197
Training epoch 2, iteration 342062/715787 | lr: 0.0001745 | consumed_samples: 350272512 | global_batch_size: 1024 | global_step: 342062 | reduced_train_loss: 2.177
Training epoch 2, iteration 342063/715787 | lr: 0.0001745 | consumed_samples: 350273536 | global_batch_size: 1024 | global_step: 342063 | reduced_train_loss: 2.203
Training epoch 2, iteration 342064/715787 | lr: 0.0001745 | consumed_samples: 350274560 | global_batch_size: 1024 | global_step: 342064 | reduced_train_loss: 2.191
Training epoch 2, iteration 342065/715787 | lr: 0.0001745 | consumed_samples: 350275584 | global_batch_size: 1024 | global_step: 342065 | reduced_train_loss: 2.176
Training epoch 2, iteration 342066/715787 | lr: 0.0001745 | consumed_samples: 350276608 | global_batch_size: 1024 | global_step: 342066 | reduced_train_loss: 2.189
Training epoch 2, iteration 342067/715787 | lr: 0.0001745 | consumed_samples: 350277632 | global_batch_size: 1024 | global_step: 342067 | reduced_train_loss: 2.177
Training epoch 2, iteration 342068/715787 | lr: 0.0001745 | consumed_samples: 350278656 | global_batch_size: 1024 | global_step: 342068 | reduced_train_loss: 2.202
Training epoch 2, iteration 342069/715787 | lr: 0.0001745 | consumed_samples: 350279680 | global_batch_size: 1024 | global_step: 342069 | reduced_train_loss: 2.174
Training epoch 2, iteration 342070/715787 | lr: 0.0001745 | consumed_samples: 350280704 | global_batch_size: 1024 | global_step: 342070 | reduced_train_loss: 2.169
Training epoch 2, iteration 342071/715787 | lr: 0.0001745 | consumed_samples: 350281728 | global_batch_size: 1024 | global_step: 342071 | reduced_train_loss: 2.179
Training epoch 2, iteration 342072/715787 | lr: 0.0001745 | consumed_samples: 350282752 | global_batch_size: 1024 | global_step: 342072 | reduced_train_loss: 2.184
Training epoch 2, iteration 342073/715787 | lr: 0.0001745 | consumed_samples: 350283776 | global_batch_size: 1024 | global_step: 342073 | reduced_train_loss: 2.189
Training epoch 2, iteration 342074/715787 | lr: 0.0001745 | consumed_samples: 350284800 | global_batch_size: 1024 | global_step: 342074 | reduced_train_loss: 2.183
Training epoch 2, iteration 342075/715787 | lr: 0.0001745 | consumed_samples: 350285824 | global_batch_size: 1024 | global_step: 342075 | reduced_train_loss: 2.196
Training epoch 2, iteration 342076/715787 | lr: 0.0001745 | consumed_samples: 350286848 | global_batch_size: 1024 | global_step: 342076 | reduced_train_loss: 2.167
Training epoch 2, iteration 342077/715787 | lr: 0.0001745 | consumed_samples: 350287872 | global_batch_size: 1024 | global_step: 342077 | reduced_train_loss: 2.165
Training epoch 2, iteration 342078/715787 | lr: 0.0001745 | consumed_samples: 350288896 | global_batch_size: 1024 | global_step: 342078 | reduced_train_loss: 2.174
Training epoch 2, iteration 342079/715787 | lr: 0.0001745 | consumed_samples: 350289920 | global_batch_size: 1024 | global_step: 342079 | reduced_train_loss: 2.2
Training epoch 2, iteration 342080/715787 | lr: 0.0001745 | consumed_samples: 350290944 | global_batch_size: 1024 | global_step: 342080 | reduced_train_loss: 2.189
Training epoch 2, iteration 342081/715787 | lr: 0.0001745 | consumed_samples: 350291968 | global_batch_size: 1024 | global_step: 342081 | reduced_train_loss: 2.175
Training epoch 2, iteration 342082/715787 | lr: 0.0001745 | consumed_samples: 350292992 | global_batch_size: 1024 | global_step: 342082 | reduced_train_loss: 2.167
Training epoch 2, iteration 342083/715787 | lr: 0.0001745 | consumed_samples: 350294016 | global_batch_size: 1024 | global_step: 342083 | reduced_train_loss: 2.176
Training epoch 2, iteration 342084/715787 | lr: 0.0001745 | consumed_samples: 350295040 | global_batch_size: 1024 | global_step: 342084 | reduced_train_loss: 2.181
Training epoch 2, iteration 342085/715787 | lr: 0.0001745 | consumed_samples: 350296064 | global_batch_size: 1024 | global_step: 342085 | reduced_train_loss: 2.171
Training epoch 2, iteration 342086/715787 | lr: 0.0001745 | consumed_samples: 350297088 | global_batch_size: 1024 | global_step: 342086 | reduced_train_loss: 2.17
Training epoch 2, iteration 342087/715787 | lr: 0.0001745 | consumed_samples: 350298112 | global_batch_size: 1024 | global_step: 342087 | reduced_train_loss: 2.199
Training epoch 2, iteration 342088/715787 | lr: 0.0001745 | consumed_samples: 350299136 | global_batch_size: 1024 | global_step: 342088 | reduced_train_loss: 2.173
Training epoch 2, iteration 342089/715787 | lr: 0.0001745 | consumed_samples: 350300160 | global_batch_size: 1024 | global_step: 342089 | reduced_train_loss: 2.166
Training epoch 2, iteration 342090/715787 | lr: 0.0001745 | consumed_samples: 350301184 | global_batch_size: 1024 | global_step: 342090 | reduced_train_loss: 2.178
Training epoch 2, iteration 342091/715787 | lr: 0.0001745 | consumed_samples: 350302208 | global_batch_size: 1024 | global_step: 342091 | reduced_train_loss: 2.171
Training epoch 2, iteration 342092/715787 | lr: 0.0001745 | consumed_samples: 350303232 | global_batch_size: 1024 | global_step: 342092 | reduced_train_loss: 2.177
Training epoch 2, iteration 342093/715787 | lr: 0.0001745 | consumed_samples: 350304256 | global_batch_size: 1024 | global_step: 342093 | reduced_train_loss: 2.17
Training epoch 2, iteration 342094/715787 | lr: 0.0001745 | consumed_samples: 350305280 | global_batch_size: 1024 | global_step: 342094 | reduced_train_loss: 2.2
Training epoch 2, iteration 342095/715787 | lr: 0.0001745 | consumed_samples: 350306304 | global_batch_size: 1024 | global_step: 342095 | reduced_train_loss: 2.184
Training epoch 2, iteration 342096/715787 | lr: 0.0001745 | consumed_samples: 350307328 | global_batch_size: 1024 | global_step: 342096 | reduced_train_loss: 2.167
Training epoch 2, iteration 342097/715787 | lr: 0.0001745 | consumed_samples: 350308352 | global_batch_size: 1024 | global_step: 342097 | reduced_train_loss: 2.162
Training epoch 2, iteration 342098/715787 | lr: 0.0001745 | consumed_samples: 350309376 | global_batch_size: 1024 | global_step: 342098 | reduced_train_loss: 2.178
[NeMo I 2026-04-30 12:45:24 nemo_logging:393] Running garbage collection at train global_step: 342100
Training epoch 2, iteration 342099/715787 | lr: 0.0001745 | consumed_samples: 350310400 | global_batch_size: 1024 | global_step: 342099 | reduced_train_loss: 2.18
Training epoch 2, iteration 342100/715787 | lr: 0.0001745 | consumed_samples: 350311424 | global_batch_size: 1024 | global_step: 342100 | reduced_train_loss: 2.185
Training epoch 2, iteration 342101/715787 | lr: 0.0001745 | consumed_samples: 350312448 | global_batch_size: 1024 | global_step: 342101 | reduced_train_loss: 2.179
Training epoch 2, iteration 342102/715787 | lr: 0.0001745 | consumed_samples: 350313472 | global_batch_size: 1024 | global_step: 342102 | reduced_train_loss: 2.169
Training epoch 2, iteration 342103/715787 | lr: 0.0001745 | consumed_samples: 350314496 | global_batch_size: 1024 | global_step: 342103 | reduced_train_loss: 2.188
Training epoch 2, iteration 342104/715787 | lr: 0.0001745 | consumed_samples: 350315520 | global_batch_size: 1024 | global_step: 342104 | reduced_train_loss: 2.182
Training epoch 2, iteration 342105/715787 | lr: 0.0001745 | consumed_samples: 350316544 | global_batch_size: 1024 | global_step: 342105 | reduced_train_loss: 2.176
Training epoch 2, iteration 342106/715787 | lr: 0.0001745 | consumed_samples: 350317568 | global_batch_size: 1024 | global_step: 342106 | reduced_train_loss: 2.169
Training epoch 2, iteration 342107/715787 | lr: 0.0001745 | consumed_samples: 350318592 | global_batch_size: 1024 | global_step: 342107 | reduced_train_loss: 2.177
Training epoch 2, iteration 342108/715787 | lr: 0.0001745 | consumed_samples: 350319616 | global_batch_size: 1024 | global_step: 342108 | reduced_train_loss: 2.208
Training epoch 2, iteration 342109/715787 | lr: 0.0001745 | consumed_samples: 350320640 | global_batch_size: 1024 | global_step: 342109 | reduced_train_loss: 2.178
Training epoch 2, iteration 342110/715787 | lr: 0.0001745 | consumed_samples: 350321664 | global_batch_size: 1024 | global_step: 342110 | reduced_train_loss: 2.173
Training epoch 2, iteration 342111/715787 | lr: 0.0001745 | consumed_samples: 350322688 | global_batch_size: 1024 | global_step: 342111 | reduced_train_loss: 2.159
Training epoch 2, iteration 342112/715787 | lr: 0.0001745 | consumed_samples: 350323712 | global_batch_size: 1024 | global_step: 342112 | reduced_train_loss: 2.197
Training epoch 2, iteration 342113/715787 | lr: 0.0001745 | consumed_samples: 350324736 | global_batch_size: 1024 | global_step: 342113 | reduced_train_loss: 2.177
Training epoch 2, iteration 342114/715787 | lr: 0.0001745 | consumed_samples: 350325760 | global_batch_size: 1024 | global_step: 342114 | reduced_train_loss: 2.188
Training epoch 2, iteration 342115/715787 | lr: 0.0001745 | consumed_samples: 350326784 | global_batch_size: 1024 | global_step: 342115 | reduced_train_loss: 2.181
Training epoch 2, iteration 342116/715787 | lr: 0.0001745 | consumed_samples: 350327808 | global_batch_size: 1024 | global_step: 342116 | reduced_train_loss: 2.162
Training epoch 2, iteration 342117/715787 | lr: 0.0001745 | consumed_samples: 350328832 | global_batch_size: 1024 | global_step: 342117 | reduced_train_loss: 2.185
Training epoch 2, iteration 342118/715787 | lr: 0.0001745 | consumed_samples: 350329856 | global_batch_size: 1024 | global_step: 342118 | reduced_train_loss: 2.18
Training epoch 2, iteration 342119/715787 | lr: 0.0001745 | consumed_samples: 350330880 | global_batch_size: 1024 | global_step: 342119 | reduced_train_loss: 2.19
Training epoch 2, iteration 342120/715787 | lr: 0.0001745 | consumed_samples: 350331904 | global_batch_size: 1024 | global_step: 342120 | reduced_train_loss: 2.17
Training epoch 2, iteration 342121/715787 | lr: 0.0001745 | consumed_samples: 350332928 | global_batch_size: 1024 | global_step: 342121 | reduced_train_loss: 2.172
Training epoch 2, iteration 342122/715787 | lr: 0.0001745 | consumed_samples: 350333952 | global_batch_size: 1024 | global_step: 342122 | reduced_train_loss: 2.199
Training epoch 2, iteration 342123/715787 | lr: 0.0001745 | consumed_samples: 350334976 | global_batch_size: 1024 | global_step: 342123 | reduced_train_loss: 2.186
Training epoch 2, iteration 342124/715787 | lr: 0.0001745 | consumed_samples: 350336000 | global_batch_size: 1024 | global_step: 342124 | reduced_train_loss: 2.18
Training epoch 2, iteration 342125/715787 | lr: 0.0001745 | consumed_samples: 350337024 | global_batch_size: 1024 | global_step: 342125 | reduced_train_loss: 2.173
Training epoch 2, iteration 342126/715787 | lr: 0.0001745 | consumed_samples: 350338048 | global_batch_size: 1024 | global_step: 342126 | reduced_train_loss: 2.179
Training epoch 2, iteration 342127/715787 | lr: 0.0001745 | consumed_samples: 350339072 | global_batch_size: 1024 | global_step: 342127 | reduced_train_loss: 2.186
Training epoch 2, iteration 342128/715787 | lr: 0.0001745 | consumed_samples: 350340096 | global_batch_size: 1024 | global_step: 342128 | reduced_train_loss: 2.194
Training epoch 2, iteration 342129/715787 | lr: 0.0001745 | consumed_samples: 350341120 | global_batch_size: 1024 | global_step: 342129 | reduced_train_loss: 2.194
Training epoch 2, iteration 342130/715787 | lr: 0.0001745 | consumed_samples: 350342144 | global_batch_size: 1024 | global_step: 342130 | reduced_train_loss: 2.188
Training epoch 2, iteration 342131/715787 | lr: 0.0001745 | consumed_samples: 350343168 | global_batch_size: 1024 | global_step: 342131 | reduced_train_loss: 2.191
Training epoch 2, iteration 342132/715787 | lr: 0.0001745 | consumed_samples: 350344192 | global_batch_size: 1024 | global_step: 342132 | reduced_train_loss: 2.181
Training epoch 2, iteration 342133/715787 | lr: 0.0001745 | consumed_samples: 350345216 | global_batch_size: 1024 | global_step: 342133 | reduced_train_loss: 2.178
Training epoch 2, iteration 342134/715787 | lr: 0.0001745 | consumed_samples: 350346240 | global_batch_size: 1024 | global_step: 342134 | reduced_train_loss: 2.179
Training epoch 2, iteration 342135/715787 | lr: 0.0001745 | consumed_samples: 350347264 | global_batch_size: 1024 | global_step: 342135 | reduced_train_loss: 2.164
Training epoch 2, iteration 342136/715787 | lr: 0.0001745 | consumed_samples: 350348288 | global_batch_size: 1024 | global_step: 342136 | reduced_train_loss: 2.165
Training epoch 2, iteration 342137/715787 | lr: 0.0001745 | consumed_samples: 350349312 | global_batch_size: 1024 | global_step: 342137 | reduced_train_loss: 2.173
Training epoch 2, iteration 342138/715787 | lr: 0.0001745 | consumed_samples: 350350336 | global_batch_size: 1024 | global_step: 342138 | reduced_train_loss: 2.197
Training epoch 2, iteration 342139/715787 | lr: 0.0001745 | consumed_samples: 350351360 | global_batch_size: 1024 | global_step: 342139 | reduced_train_loss: 2.175
Training epoch 2, iteration 342140/715787 | lr: 0.0001745 | consumed_samples: 350352384 | global_batch_size: 1024 | global_step: 342140 | reduced_train_loss: 2.176
Training epoch 2, iteration 342141/715787 | lr: 0.0001745 | consumed_samples: 350353408 | global_batch_size: 1024 | global_step: 342141 | reduced_train_loss: 2.172
Training epoch 2, iteration 342142/715787 | lr: 0.0001745 | consumed_samples: 350354432 | global_batch_size: 1024 | global_step: 342142 | reduced_train_loss: 2.195
Training epoch 2, iteration 342143/715787 | lr: 0.0001745 | consumed_samples: 350355456 | global_batch_size: 1024 | global_step: 342143 | reduced_train_loss: 2.173
Training epoch 2, iteration 342144/715787 | lr: 0.0001745 | consumed_samples: 350356480 | global_batch_size: 1024 | global_step: 342144 | reduced_train_loss: 2.182
Training epoch 2, iteration 342145/715787 | lr: 0.0001745 | consumed_samples: 350357504 | global_batch_size: 1024 | global_step: 342145 | reduced_train_loss: 2.189
Training epoch 2, iteration 342146/715787 | lr: 0.0001745 | consumed_samples: 350358528 | global_batch_size: 1024 | global_step: 342146 | reduced_train_loss: 2.185
Training epoch 2, iteration 342147/715787 | lr: 0.0001745 | consumed_samples: 350359552 | global_batch_size: 1024 | global_step: 342147 | reduced_train_loss: 2.177
Training epoch 2, iteration 342148/715787 | lr: 0.0001745 | consumed_samples: 350360576 | global_batch_size: 1024 | global_step: 342148 | reduced_train_loss: 2.189
Training epoch 2, iteration 342149/715787 | lr: 0.0001745 | consumed_samples: 350361600 | global_batch_size: 1024 | global_step: 342149 | reduced_train_loss: 2.198
Training epoch 2, iteration 342150/715787 | lr: 0.0001745 | consumed_samples: 350362624 | global_batch_size: 1024 | global_step: 342150 | reduced_train_loss: 2.196
Training epoch 2, iteration 342151/715787 | lr: 0.0001745 | consumed_samples: 350363648 | global_batch_size: 1024 | global_step: 342151 | reduced_train_loss: 2.163
Training epoch 2, iteration 342152/715787 | lr: 0.0001745 | consumed_samples: 350364672 | global_batch_size: 1024 | global_step: 342152 | reduced_train_loss: 2.167
Training epoch 2, iteration 342153/715787 | lr: 0.0001745 | consumed_samples: 350365696 | global_batch_size: 1024 | global_step: 342153 | reduced_train_loss: 2.179
Training epoch 2, iteration 342154/715787 | lr: 0.0001745 | consumed_samples: 350366720 | global_batch_size: 1024 | global_step: 342154 | reduced_train_loss: 2.19
Training epoch 2, iteration 342155/715787 | lr: 0.0001745 | consumed_samples: 350367744 | global_batch_size: 1024 | global_step: 342155 | reduced_train_loss: 2.154
Training epoch 2, iteration 342156/715787 | lr: 0.0001745 | consumed_samples: 350368768 | global_batch_size: 1024 | global_step: 342156 | reduced_train_loss: 2.174
Training epoch 2, iteration 342157/715787 | lr: 0.0001745 | consumed_samples: 350369792 | global_batch_size: 1024 | global_step: 342157 | reduced_train_loss: 2.188
Training epoch 2, iteration 342158/715787 | lr: 0.0001745 | consumed_samples: 350370816 | global_batch_size: 1024 | global_step: 342158 | reduced_train_loss: 2.197
Training epoch 2, iteration 342159/715787 | lr: 0.0001745 | consumed_samples: 350371840 | global_batch_size: 1024 | global_step: 342159 | reduced_train_loss: 2.194
Training epoch 2, iteration 342160/715787 | lr: 0.0001745 | consumed_samples: 350372864 | global_batch_size: 1024 | global_step: 342160 | reduced_train_loss: 2.162
Training epoch 2, iteration 342161/715787 | lr: 0.0001745 | consumed_samples: 350373888 | global_batch_size: 1024 | global_step: 342161 | reduced_train_loss: 2.189
Training epoch 2, iteration 342162/715787 | lr: 0.0001745 | consumed_samples: 350374912 | global_batch_size: 1024 | global_step: 342162 | reduced_train_loss: 2.187
Training epoch 2, iteration 342163/715787 | lr: 0.0001745 | consumed_samples: 350375936 | global_batch_size: 1024 | global_step: 342163 | reduced_train_loss: 2.166
Training epoch 2, iteration 342164/715787 | lr: 0.0001745 | consumed_samples: 350376960 | global_batch_size: 1024 | global_step: 342164 | reduced_train_loss: 2.178
Training epoch 2, iteration 342165/715787 | lr: 0.0001745 | consumed_samples: 350377984 | global_batch_size: 1024 | global_step: 342165 | reduced_train_loss: 2.164
Training epoch 2, iteration 342166/715787 | lr: 0.0001745 | consumed_samples: 350379008 | global_batch_size: 1024 | global_step: 342166 | reduced_train_loss: 2.191
Training epoch 2, iteration 342167/715787 | lr: 0.0001745 | consumed_samples: 350380032 | global_batch_size: 1024 | global_step: 342167 | reduced_train_loss: 2.168
Training epoch 2, iteration 342168/715787 | lr: 0.0001745 | consumed_samples: 350381056 | global_batch_size: 1024 | global_step: 342168 | reduced_train_loss: 2.183
Training epoch 2, iteration 342169/715787 | lr: 0.0001745 | consumed_samples: 350382080 | global_batch_size: 1024 | global_step: 342169 | reduced_train_loss: 2.186
Training epoch 2, iteration 342170/715787 | lr: 0.0001745 | consumed_samples: 350383104 | global_batch_size: 1024 | global_step: 342170 | reduced_train_loss: 2.179
Training epoch 2, iteration 342171/715787 | lr: 0.0001745 | consumed_samples: 350384128 | global_batch_size: 1024 | global_step: 342171 | reduced_train_loss: 2.172
Training epoch 2, iteration 342172/715787 | lr: 0.0001745 | consumed_samples: 350385152 | global_batch_size: 1024 | global_step: 342172 | reduced_train_loss: 2.163
Training epoch 2, iteration 342173/715787 | lr: 0.0001745 | consumed_samples: 350386176 | global_batch_size: 1024 | global_step: 342173 | reduced_train_loss: 2.181
Training epoch 2, iteration 342174/715787 | lr: 0.0001745 | consumed_samples: 350387200 | global_batch_size: 1024 | global_step: 342174 | reduced_train_loss: 2.189
Training epoch 2, iteration 342175/715787 | lr: 0.0001745 | consumed_samples: 350388224 | global_batch_size: 1024 | global_step: 342175 | reduced_train_loss: 2.177
Training epoch 2, iteration 342176/715787 | lr: 0.0001745 | consumed_samples: 350389248 | global_batch_size: 1024 | global_step: 342176 | reduced_train_loss: 2.183
Training epoch 2, iteration 342177/715787 | lr: 0.0001745 | consumed_samples: 350390272 | global_batch_size: 1024 | global_step: 342177 | reduced_train_loss: 2.17
Training epoch 2, iteration 342178/715787 | lr: 0.0001745 | consumed_samples: 350391296 | global_batch_size: 1024 | global_step: 342178 | reduced_train_loss: 2.187
Training epoch 2, iteration 342179/715787 | lr: 0.0001745 | consumed_samples: 350392320 | global_batch_size: 1024 | global_step: 342179 | reduced_train_loss: 2.183
Training epoch 2, iteration 342180/715787 | lr: 0.0001745 | consumed_samples: 350393344 | global_batch_size: 1024 | global_step: 342180 | reduced_train_loss: 2.171
Training epoch 2, iteration 342181/715787 | lr: 0.0001745 | consumed_samples: 350394368 | global_batch_size: 1024 | global_step: 342181 | reduced_train_loss: 2.159
Training epoch 2, iteration 342182/715787 | lr: 0.0001745 | consumed_samples: 350395392 | global_batch_size: 1024 | global_step: 342182 | reduced_train_loss: 2.184
Training epoch 2, iteration 342183/715787 | lr: 0.0001745 | consumed_samples: 350396416 | global_batch_size: 1024 | global_step: 342183 | reduced_train_loss: 2.172
Training epoch 2, iteration 342184/715787 | lr: 0.0001745 | consumed_samples: 350397440 | global_batch_size: 1024 | global_step: 342184 | reduced_train_loss: 2.187
Training epoch 2, iteration 342185/715787 | lr: 0.0001745 | consumed_samples: 350398464 | global_batch_size: 1024 | global_step: 342185 | reduced_train_loss: 2.185
Training epoch 2, iteration 342186/715787 | lr: 0.0001745 | consumed_samples: 350399488 | global_batch_size: 1024 | global_step: 342186 | reduced_train_loss: 2.175
Training epoch 2, iteration 342187/715787 | lr: 0.0001745 | consumed_samples: 350400512 | global_batch_size: 1024 | global_step: 342187 | reduced_train_loss: 2.175
Training epoch 2, iteration 342188/715787 | lr: 0.0001745 | consumed_samples: 350401536 | global_batch_size: 1024 | global_step: 342188 | reduced_train_loss: 2.18
Training epoch 2, iteration 342189/715787 | lr: 0.0001745 | consumed_samples: 350402560 | global_batch_size: 1024 | global_step: 342189 | reduced_train_loss: 2.169
Training epoch 2, iteration 342190/715787 | lr: 0.0001745 | consumed_samples: 350403584 | global_batch_size: 1024 | global_step: 342190 | reduced_train_loss: 2.185
Training epoch 2, iteration 342191/715787 | lr: 0.0001745 | consumed_samples: 350404608 | global_batch_size: 1024 | global_step: 342191 | reduced_train_loss: 2.186
Training epoch 2, iteration 342192/715787 | lr: 0.0001745 | consumed_samples: 350405632 | global_batch_size: 1024 | global_step: 342192 | reduced_train_loss: 2.191
Training epoch 2, iteration 342193/715787 | lr: 0.0001745 | consumed_samples: 350406656 | global_batch_size: 1024 | global_step: 342193 | reduced_train_loss: 2.193
Training epoch 2, iteration 342194/715787 | lr: 0.0001744 | consumed_samples: 350407680 | global_batch_size: 1024 | global_step: 342194 | reduced_train_loss: 2.187
Training epoch 2, iteration 342195/715787 | lr: 0.0001744 | consumed_samples: 350408704 | global_batch_size: 1024 | global_step: 342195 | reduced_train_loss: 2.203
Training epoch 2, iteration 342196/715787 | lr: 0.0001744 | consumed_samples: 350409728 | global_batch_size: 1024 | global_step: 342196 | reduced_train_loss: 2.185
Training epoch 2, iteration 342197/715787 | lr: 0.0001744 | consumed_samples: 350410752 | global_batch_size: 1024 | global_step: 342197 | reduced_train_loss: 2.162
Training epoch 2, iteration 342198/715787 | lr: 0.0001744 | consumed_samples: 350411776 | global_batch_size: 1024 | global_step: 342198 | reduced_train_loss: 2.169
[NeMo I 2026-04-30 13:12:23 nemo_logging:393] Running garbage collection at train global_step: 342200
Training epoch 2, iteration 342199/715787 | lr: 0.0001744 | consumed_samples: 350412800 | global_batch_size: 1024 | global_step: 342199 | reduced_train_loss: 2.2
Training epoch 2, iteration 342200/715787 | lr: 0.0001744 | consumed_samples: 350413824 | global_batch_size: 1024 | global_step: 342200 | reduced_train_loss: 2.185
Training epoch 2, iteration 342201/715787 | lr: 0.0001744 | consumed_samples: 350414848 | global_batch_size: 1024 | global_step: 342201 | reduced_train_loss: 2.185
Training epoch 2, iteration 342202/715787 | lr: 0.0001744 | consumed_samples: 350415872 | global_batch_size: 1024 | global_step: 342202 | reduced_train_loss: 2.187
Training epoch 2, iteration 342203/715787 | lr: 0.0001744 | consumed_samples: 350416896 | global_batch_size: 1024 | global_step: 342203 | reduced_train_loss: 2.174
Training epoch 2, iteration 342204/715787 | lr: 0.0001744 | consumed_samples: 350417920 | global_batch_size: 1024 | global_step: 342204 | reduced_train_loss: 2.182
Training epoch 2, iteration 342205/715787 | lr: 0.0001744 | consumed_samples: 350418944 | global_batch_size: 1024 | global_step: 342205 | reduced_train_loss: 2.184
Training epoch 2, iteration 342206/715787 | lr: 0.0001744 | consumed_samples: 350419968 | global_batch_size: 1024 | global_step: 342206 | reduced_train_loss: 2.188
Training epoch 2, iteration 342207/715787 | lr: 0.0001744 | consumed_samples: 350420992 | global_batch_size: 1024 | global_step: 342207 | reduced_train_loss: 2.184
Training epoch 2, iteration 342208/715787 | lr: 0.0001744 | consumed_samples: 350422016 | global_batch_size: 1024 | global_step: 342208 | reduced_train_loss: 2.164
Training epoch 2, iteration 342209/715787 | lr: 0.0001744 | consumed_samples: 350423040 | global_batch_size: 1024 | global_step: 342209 | reduced_train_loss: 2.187
Training epoch 2, iteration 342210/715787 | lr: 0.0001744 | consumed_samples: 350424064 | global_batch_size: 1024 | global_step: 342210 | reduced_train_loss: 2.181
Training epoch 2, iteration 342211/715787 | lr: 0.0001744 | consumed_samples: 350425088 | global_batch_size: 1024 | global_step: 342211 | reduced_train_loss: 2.19
Training epoch 2, iteration 342212/715787 | lr: 0.0001744 | consumed_samples: 350426112 | global_batch_size: 1024 | global_step: 342212 | reduced_train_loss: 2.197
Training epoch 2, iteration 342213/715787 | lr: 0.0001744 | consumed_samples: 350427136 | global_batch_size: 1024 | global_step: 342213 | reduced_train_loss: 2.168
Training epoch 2, iteration 342214/715787 | lr: 0.0001744 | consumed_samples: 350428160 | global_batch_size: 1024 | global_step: 342214 | reduced_train_loss: 2.177
Training epoch 2, iteration 342215/715787 | lr: 0.0001744 | consumed_samples: 350429184 | global_batch_size: 1024 | global_step: 342215 | reduced_train_loss: 2.192
Training epoch 2, iteration 342216/715787 | lr: 0.0001744 | consumed_samples: 350430208 | global_batch_size: 1024 | global_step: 342216 | reduced_train_loss: 2.179
Training epoch 2, iteration 342217/715787 | lr: 0.0001744 | consumed_samples: 350431232 | global_batch_size: 1024 | global_step: 342217 | reduced_train_loss: 2.179
Training epoch 2, iteration 342218/715787 | lr: 0.0001744 | consumed_samples: 350432256 | global_batch_size: 1024 | global_step: 342218 | reduced_train_loss: 2.173
Training epoch 2, iteration 342219/715787 | lr: 0.0001744 | consumed_samples: 350433280 | global_batch_size: 1024 | global_step: 342219 | reduced_train_loss: 2.173
Training epoch 2, iteration 342220/715787 | lr: 0.0001744 | consumed_samples: 350434304 | global_batch_size: 1024 | global_step: 342220 | reduced_train_loss: 2.17
Training epoch 2, iteration 342221/715787 | lr: 0.0001744 | consumed_samples: 350435328 | global_batch_size: 1024 | global_step: 342221 | reduced_train_loss: 2.191
Training epoch 2, iteration 342222/715787 | lr: 0.0001744 | consumed_samples: 350436352 | global_batch_size: 1024 | global_step: 342222 | reduced_train_loss: 2.177
Training epoch 2, iteration 342223/715787 | lr: 0.0001744 | consumed_samples: 350437376 | global_batch_size: 1024 | global_step: 342223 | reduced_train_loss: 2.169
Training epoch 2, iteration 342224/715787 | lr: 0.0001744 | consumed_samples: 350438400 | global_batch_size: 1024 | global_step: 342224 | reduced_train_loss: 2.165
Training epoch 2, iteration 342225/715787 | lr: 0.0001744 | consumed_samples: 350439424 | global_batch_size: 1024 | global_step: 342225 | reduced_train_loss: 2.192
Training epoch 2, iteration 342226/715787 | lr: 0.0001744 | consumed_samples: 350440448 | global_batch_size: 1024 | global_step: 342226 | reduced_train_loss: 2.191
Training epoch 2, iteration 342227/715787 | lr: 0.0001744 | consumed_samples: 350441472 | global_batch_size: 1024 | global_step: 342227 | reduced_train_loss: 2.153
Training epoch 2, iteration 342228/715787 | lr: 0.0001744 | consumed_samples: 350442496 | global_batch_size: 1024 | global_step: 342228 | reduced_train_loss: 2.179
Training epoch 2, iteration 342229/715787 | lr: 0.0001744 | consumed_samples: 350443520 | global_batch_size: 1024 | global_step: 342229 | reduced_train_loss: 2.179
Training epoch 2, iteration 342230/715787 | lr: 0.0001744 | consumed_samples: 350444544 | global_batch_size: 1024 | global_step: 342230 | reduced_train_loss: 2.169
Training epoch 2, iteration 342231/715787 | lr: 0.0001744 | consumed_samples: 350445568 | global_batch_size: 1024 | global_step: 342231 | reduced_train_loss: 2.18
Training epoch 2, iteration 342232/715787 | lr: 0.0001744 | consumed_samples: 350446592 | global_batch_size: 1024 | global_step: 342232 | reduced_train_loss: 2.171
Training epoch 2, iteration 342233/715787 | lr: 0.0001744 | consumed_samples: 350447616 | global_batch_size: 1024 | global_step: 342233 | reduced_train_loss: 2.194
Training epoch 2, iteration 342234/715787 | lr: 0.0001744 | consumed_samples: 350448640 | global_batch_size: 1024 | global_step: 342234 | reduced_train_loss: 2.162
Training epoch 2, iteration 342235/715787 | lr: 0.0001744 | consumed_samples: 350449664 | global_batch_size: 1024 | global_step: 342235 | reduced_train_loss: 2.176
Training epoch 2, iteration 342236/715787 | lr: 0.0001744 | consumed_samples: 350450688 | global_batch_size: 1024 | global_step: 342236 | reduced_train_loss: 2.172
Training epoch 2, iteration 342237/715787 | lr: 0.0001744 | consumed_samples: 350451712 | global_batch_size: 1024 | global_step: 342237 | reduced_train_loss: 2.182
Training epoch 2, iteration 342238/715787 | lr: 0.0001744 | consumed_samples: 350452736 | global_batch_size: 1024 | global_step: 342238 | reduced_train_loss: 2.186
Training epoch 2, iteration 342239/715787 | lr: 0.0001744 | consumed_samples: 350453760 | global_batch_size: 1024 | global_step: 342239 | reduced_train_loss: 2.194
Training epoch 2, iteration 342240/715787 | lr: 0.0001744 | consumed_samples: 350454784 | global_batch_size: 1024 | global_step: 342240 | reduced_train_loss: 2.177
Training epoch 2, iteration 342241/715787 | lr: 0.0001744 | consumed_samples: 350455808 | global_batch_size: 1024 | global_step: 342241 | reduced_train_loss: 2.187
Training epoch 2, iteration 342242/715787 | lr: 0.0001744 | consumed_samples: 350456832 | global_batch_size: 1024 | global_step: 342242 | reduced_train_loss: 2.198
Training epoch 2, iteration 342243/715787 | lr: 0.0001744 | consumed_samples: 350457856 | global_batch_size: 1024 | global_step: 342243 | reduced_train_loss: 2.203
Training epoch 2, iteration 342244/715787 | lr: 0.0001744 | consumed_samples: 350458880 | global_batch_size: 1024 | global_step: 342244 | reduced_train_loss: 2.173
Training epoch 2, iteration 342245/715787 | lr: 0.0001744 | consumed_samples: 350459904 | global_batch_size: 1024 | global_step: 342245 | reduced_train_loss: 2.189
Training epoch 2, iteration 342246/715787 | lr: 0.0001744 | consumed_samples: 350460928 | global_batch_size: 1024 | global_step: 342246 | reduced_train_loss: 2.178
Training epoch 2, iteration 342247/715787 | lr: 0.0001744 | consumed_samples: 350461952 | global_batch_size: 1024 | global_step: 342247 | reduced_train_loss: 2.212
Training epoch 2, iteration 342248/715787 | lr: 0.0001744 | consumed_samples: 350462976 | global_batch_size: 1024 | global_step: 342248 | reduced_train_loss: 2.179
Training epoch 2, iteration 342249/715787 | lr: 0.0001744 | consumed_samples: 350464000 | global_batch_size: 1024 | global_step: 342249 | reduced_train_loss: 2.193
Training epoch 2, iteration 342250/715787 | lr: 0.0001744 | consumed_samples: 350465024 | global_batch_size: 1024 | global_step: 342250 | reduced_train_loss: 2.191
Training epoch 2, iteration 342251/715787 | lr: 0.0001744 | consumed_samples: 350466048 | global_batch_size: 1024 | global_step: 342251 | reduced_train_loss: 2.193
Training epoch 2, iteration 342252/715787 | lr: 0.0001744 | consumed_samples: 350467072 | global_batch_size: 1024 | global_step: 342252 | reduced_train_loss: 2.166
Training epoch 2, iteration 342253/715787 | lr: 0.0001744 | consumed_samples: 350468096 | global_batch_size: 1024 | global_step: 342253 | reduced_train_loss: 2.174
Training epoch 2, iteration 342254/715787 | lr: 0.0001744 | consumed_samples: 350469120 | global_batch_size: 1024 | global_step: 342254 | reduced_train_loss: 2.172
Training epoch 2, iteration 342255/715787 | lr: 0.0001744 | consumed_samples: 350470144 | global_batch_size: 1024 | global_step: 342255 | reduced_train_loss: 2.195
Training epoch 2, iteration 342256/715787 | lr: 0.0001744 | consumed_samples: 350471168 | global_batch_size: 1024 | global_step: 342256 | reduced_train_loss: 2.182
Training epoch 2, iteration 342257/715787 | lr: 0.0001744 | consumed_samples: 350472192 | global_batch_size: 1024 | global_step: 342257 | reduced_train_loss: 2.183
Training epoch 2, iteration 342258/715787 | lr: 0.0001744 | consumed_samples: 350473216 | global_batch_size: 1024 | global_step: 342258 | reduced_train_loss: 2.179
Training epoch 2, iteration 342259/715787 | lr: 0.0001744 | consumed_samples: 350474240 | global_batch_size: 1024 | global_step: 342259 | reduced_train_loss: 2.217
Training epoch 2, iteration 342260/715787 | lr: 0.0001744 | consumed_samples: 350475264 | global_batch_size: 1024 | global_step: 342260 | reduced_train_loss: 2.17
Training epoch 2, iteration 342261/715787 | lr: 0.0001744 | consumed_samples: 350476288 | global_batch_size: 1024 | global_step: 342261 | reduced_train_loss: 2.171
Training epoch 2, iteration 342262/715787 | lr: 0.0001744 | consumed_samples: 350477312 | global_batch_size: 1024 | global_step: 342262 | reduced_train_loss: 2.17
Training epoch 2, iteration 342263/715787 | lr: 0.0001744 | consumed_samples: 350478336 | global_batch_size: 1024 | global_step: 342263 | reduced_train_loss: 2.19
Training epoch 2, iteration 342264/715787 | lr: 0.0001744 | consumed_samples: 350479360 | global_batch_size: 1024 | global_step: 342264 | reduced_train_loss: 2.181
Training epoch 2, iteration 342265/715787 | lr: 0.0001744 | consumed_samples: 350480384 | global_batch_size: 1024 | global_step: 342265 | reduced_train_loss: 2.167
Training epoch 2, iteration 342266/715787 | lr: 0.0001744 | consumed_samples: 350481408 | global_batch_size: 1024 | global_step: 342266 | reduced_train_loss: 2.193
Training epoch 2, iteration 342267/715787 | lr: 0.0001744 | consumed_samples: 350482432 | global_batch_size: 1024 | global_step: 342267 | reduced_train_loss: 2.166
Training epoch 2, iteration 342268/715787 | lr: 0.0001744 | consumed_samples: 350483456 | global_batch_size: 1024 | global_step: 342268 | reduced_train_loss: 2.166
Training epoch 2, iteration 342269/715787 | lr: 0.0001744 | consumed_samples: 350484480 | global_batch_size: 1024 | global_step: 342269 | reduced_train_loss: 2.171
Training epoch 2, iteration 342270/715787 | lr: 0.0001744 | consumed_samples: 350485504 | global_batch_size: 1024 | global_step: 342270 | reduced_train_loss: 2.205
Training epoch 2, iteration 342271/715787 | lr: 0.0001744 | consumed_samples: 350486528 | global_batch_size: 1024 | global_step: 342271 | reduced_train_loss: 2.166
Training epoch 2, iteration 342272/715787 | lr: 0.0001744 | consumed_samples: 350487552 | global_batch_size: 1024 | global_step: 342272 | reduced_train_loss: 2.167
Training epoch 2, iteration 342273/715787 | lr: 0.0001744 | consumed_samples: 350488576 | global_batch_size: 1024 | global_step: 342273 | reduced_train_loss: 2.186
Training epoch 2, iteration 342274/715787 | lr: 0.0001744 | consumed_samples: 350489600 | global_batch_size: 1024 | global_step: 342274 | reduced_train_loss: 2.16
Training epoch 2, iteration 342275/715787 | lr: 0.0001744 | consumed_samples: 350490624 | global_batch_size: 1024 | global_step: 342275 | reduced_train_loss: 2.18
Training epoch 2, iteration 342276/715787 | lr: 0.0001744 | consumed_samples: 350491648 | global_batch_size: 1024 | global_step: 342276 | reduced_train_loss: 2.184
Training epoch 2, iteration 342277/715787 | lr: 0.0001744 | consumed_samples: 350492672 | global_batch_size: 1024 | global_step: 342277 | reduced_train_loss: 2.167
Training epoch 2, iteration 342278/715787 | lr: 0.0001744 | consumed_samples: 350493696 | global_batch_size: 1024 | global_step: 342278 | reduced_train_loss: 2.179
Training epoch 2, iteration 342279/715787 | lr: 0.0001744 | consumed_samples: 350494720 | global_batch_size: 1024 | global_step: 342279 | reduced_train_loss: 2.172
Training epoch 2, iteration 342280/715787 | lr: 0.0001744 | consumed_samples: 350495744 | global_batch_size: 1024 | global_step: 342280 | reduced_train_loss: 2.163
Training epoch 2, iteration 342281/715787 | lr: 0.0001744 | consumed_samples: 350496768 | global_batch_size: 1024 | global_step: 342281 | reduced_train_loss: 2.189
Training epoch 2, iteration 342282/715787 | lr: 0.0001744 | consumed_samples: 350497792 | global_batch_size: 1024 | global_step: 342282 | reduced_train_loss: 2.203
Training epoch 2, iteration 342283/715787 | lr: 0.0001744 | consumed_samples: 350498816 | global_batch_size: 1024 | global_step: 342283 | reduced_train_loss: 2.165
Training epoch 2, iteration 342284/715787 | lr: 0.0001744 | consumed_samples: 350499840 | global_batch_size: 1024 | global_step: 342284 | reduced_train_loss: 2.172
Training epoch 2, iteration 342285/715787 | lr: 0.0001744 | consumed_samples: 350500864 | global_batch_size: 1024 | global_step: 342285 | reduced_train_loss: 2.183
Training epoch 2, iteration 342286/715787 | lr: 0.0001744 | consumed_samples: 350501888 | global_batch_size: 1024 | global_step: 342286 | reduced_train_loss: 2.171
Training epoch 2, iteration 342287/715787 | lr: 0.0001744 | consumed_samples: 350502912 | global_batch_size: 1024 | global_step: 342287 | reduced_train_loss: 2.177
Training epoch 2, iteration 342288/715787 | lr: 0.0001744 | consumed_samples: 350503936 | global_batch_size: 1024 | global_step: 342288 | reduced_train_loss: 2.165
Training epoch 2, iteration 342289/715787 | lr: 0.0001744 | consumed_samples: 350504960 | global_batch_size: 1024 | global_step: 342289 | reduced_train_loss: 2.183
Training epoch 2, iteration 342290/715787 | lr: 0.0001744 | consumed_samples: 350505984 | global_batch_size: 1024 | global_step: 342290 | reduced_train_loss: 2.169
Training epoch 2, iteration 342291/715787 | lr: 0.0001744 | consumed_samples: 350507008 | global_batch_size: 1024 | global_step: 342291 | reduced_train_loss: 2.172
Training epoch 2, iteration 342292/715787 | lr: 0.0001744 | consumed_samples: 350508032 | global_batch_size: 1024 | global_step: 342292 | reduced_train_loss: 2.181
Training epoch 2, iteration 342293/715787 | lr: 0.0001744 | consumed_samples: 350509056 | global_batch_size: 1024 | global_step: 342293 | reduced_train_loss: 2.169
Training epoch 2, iteration 342294/715787 | lr: 0.0001744 | consumed_samples: 350510080 | global_batch_size: 1024 | global_step: 342294 | reduced_train_loss: 2.162
Training epoch 2, iteration 342295/715787 | lr: 0.0001744 | consumed_samples: 350511104 | global_batch_size: 1024 | global_step: 342295 | reduced_train_loss: 2.18
Training epoch 2, iteration 342296/715787 | lr: 0.0001744 | consumed_samples: 350512128 | global_batch_size: 1024 | global_step: 342296 | reduced_train_loss: 2.191
Training epoch 2, iteration 342297/715787 | lr: 0.0001744 | consumed_samples: 350513152 | global_batch_size: 1024 | global_step: 342297 | reduced_train_loss: 2.161
Training epoch 2, iteration 342298/715787 | lr: 0.0001744 | consumed_samples: 350514176 | global_batch_size: 1024 | global_step: 342298 | reduced_train_loss: 2.195
[NeMo I 2026-04-30 13:40:55 nemo_logging:393] Running garbage collection at train global_step: 342300
Training epoch 2, iteration 342299/715787 | lr: 0.0001744 | consumed_samples: 350515200 | global_batch_size: 1024 | global_step: 342299 | reduced_train_loss: 2.197
Training epoch 2, iteration 342300/715787 | lr: 0.0001744 | consumed_samples: 350516224 | global_batch_size: 1024 | global_step: 342300 | reduced_train_loss: 2.197
Training epoch 2, iteration 342301/715787 | lr: 0.0001744 | consumed_samples: 350517248 | global_batch_size: 1024 | global_step: 342301 | reduced_train_loss: 2.177
Training epoch 2, iteration 342302/715787 | lr: 0.0001744 | consumed_samples: 350518272 | global_batch_size: 1024 | global_step: 342302 | reduced_train_loss: 2.189
Training epoch 2, iteration 342303/715787 | lr: 0.0001744 | consumed_samples: 350519296 | global_batch_size: 1024 | global_step: 342303 | reduced_train_loss: 2.18
Training epoch 2, iteration 342304/715787 | lr: 0.0001744 | consumed_samples: 350520320 | global_batch_size: 1024 | global_step: 342304 | reduced_train_loss: 2.176
Training epoch 2, iteration 342305/715787 | lr: 0.0001744 | consumed_samples: 350521344 | global_batch_size: 1024 | global_step: 342305 | reduced_train_loss: 2.197
Training epoch 2, iteration 342306/715787 | lr: 0.0001744 | consumed_samples: 350522368 | global_batch_size: 1024 | global_step: 342306 | reduced_train_loss: 2.186
Training epoch 2, iteration 342307/715787 | lr: 0.0001744 | consumed_samples: 350523392 | global_batch_size: 1024 | global_step: 342307 | reduced_train_loss: 2.194
Training epoch 2, iteration 342308/715787 | lr: 0.0001744 | consumed_samples: 350524416 | global_batch_size: 1024 | global_step: 342308 | reduced_train_loss: 2.172
Training epoch 2, iteration 342309/715787 | lr: 0.0001744 | consumed_samples: 350525440 | global_batch_size: 1024 | global_step: 342309 | reduced_train_loss: 2.16
Training epoch 2, iteration 342310/715787 | lr: 0.0001744 | consumed_samples: 350526464 | global_batch_size: 1024 | global_step: 342310 | reduced_train_loss: 2.177
Training epoch 2, iteration 342311/715787 | lr: 0.0001744 | consumed_samples: 350527488 | global_batch_size: 1024 | global_step: 342311 | reduced_train_loss: 2.193
Training epoch 2, iteration 342312/715787 | lr: 0.0001744 | consumed_samples: 350528512 | global_batch_size: 1024 | global_step: 342312 | reduced_train_loss: 2.184
Training epoch 2, iteration 342313/715787 | lr: 0.0001744 | consumed_samples: 350529536 | global_batch_size: 1024 | global_step: 342313 | reduced_train_loss: 2.185
Training epoch 2, iteration 342314/715787 | lr: 0.0001744 | consumed_samples: 350530560 | global_batch_size: 1024 | global_step: 342314 | reduced_train_loss: 2.209
Training epoch 2, iteration 342315/715787 | lr: 0.0001744 | consumed_samples: 350531584 | global_batch_size: 1024 | global_step: 342315 | reduced_train_loss: 2.175
Training epoch 2, iteration 342316/715787 | lr: 0.0001744 | consumed_samples: 350532608 | global_batch_size: 1024 | global_step: 342316 | reduced_train_loss: 2.181
Training epoch 2, iteration 342317/715787 | lr: 0.0001744 | consumed_samples: 350533632 | global_batch_size: 1024 | global_step: 342317 | reduced_train_loss: 2.188
Training epoch 2, iteration 342318/715787 | lr: 0.0001744 | consumed_samples: 350534656 | global_batch_size: 1024 | global_step: 342318 | reduced_train_loss: 2.163
Training epoch 2, iteration 342319/715787 | lr: 0.0001744 | consumed_samples: 350535680 | global_batch_size: 1024 | global_step: 342319 | reduced_train_loss: 2.178
Training epoch 2, iteration 342320/715787 | lr: 0.0001744 | consumed_samples: 350536704 | global_batch_size: 1024 | global_step: 342320 | reduced_train_loss: 2.181
Training epoch 2, iteration 342321/715787 | lr: 0.0001744 | consumed_samples: 350537728 | global_batch_size: 1024 | global_step: 342321 | reduced_train_loss: 2.186
Training epoch 2, iteration 342322/715787 | lr: 0.0001744 | consumed_samples: 350538752 | global_batch_size: 1024 | global_step: 342322 | reduced_train_loss: 2.162
Training epoch 2, iteration 342323/715787 | lr: 0.0001744 | consumed_samples: 350539776 | global_batch_size: 1024 | global_step: 342323 | reduced_train_loss: 2.169
Training epoch 2, iteration 342324/715787 | lr: 0.0001744 | consumed_samples: 350540800 | global_batch_size: 1024 | global_step: 342324 | reduced_train_loss: 2.171
Training epoch 2, iteration 342325/715787 | lr: 0.0001744 | consumed_samples: 350541824 | global_batch_size: 1024 | global_step: 342325 | reduced_train_loss: 2.18
Training epoch 2, iteration 342326/715787 | lr: 0.0001744 | consumed_samples: 350542848 | global_batch_size: 1024 | global_step: 342326 | reduced_train_loss: 2.188
Training epoch 2, iteration 342327/715787 | lr: 0.0001744 | consumed_samples: 350543872 | global_batch_size: 1024 | global_step: 342327 | reduced_train_loss: 2.204
Training epoch 2, iteration 342328/715787 | lr: 0.0001744 | consumed_samples: 350544896 | global_batch_size: 1024 | global_step: 342328 | reduced_train_loss: 2.169
Training epoch 2, iteration 342329/715787 | lr: 0.0001744 | consumed_samples: 350545920 | global_batch_size: 1024 | global_step: 342329 | reduced_train_loss: 2.185
Training epoch 2, iteration 342330/715787 | lr: 0.0001744 | consumed_samples: 350546944 | global_batch_size: 1024 | global_step: 342330 | reduced_train_loss: 2.198
Training epoch 2, iteration 342331/715787 | lr: 0.0001744 | consumed_samples: 350547968 | global_batch_size: 1024 | global_step: 342331 | reduced_train_loss: 2.173
Training epoch 2, iteration 342332/715787 | lr: 0.0001744 | consumed_samples: 350548992 | global_batch_size: 1024 | global_step: 342332 | reduced_train_loss: 2.192
Training epoch 2, iteration 342333/715787 | lr: 0.0001744 | consumed_samples: 350550016 | global_batch_size: 1024 | global_step: 342333 | reduced_train_loss: 2.188
Training epoch 2, iteration 342334/715787 | lr: 0.0001744 | consumed_samples: 350551040 | global_batch_size: 1024 | global_step: 342334 | reduced_train_loss: 2.2
Training epoch 2, iteration 342335/715787 | lr: 0.0001744 | consumed_samples: 350552064 | global_batch_size: 1024 | global_step: 342335 | reduced_train_loss: 2.177
Training epoch 2, iteration 342336/715787 | lr: 0.0001744 | consumed_samples: 350553088 | global_batch_size: 1024 | global_step: 342336 | reduced_train_loss: 2.17
Training epoch 2, iteration 342337/715787 | lr: 0.0001744 | consumed_samples: 350554112 | global_batch_size: 1024 | global_step: 342337 | reduced_train_loss: 2.191
Training epoch 2, iteration 342338/715787 | lr: 0.0001744 | consumed_samples: 350555136 | global_batch_size: 1024 | global_step: 342338 | reduced_train_loss: 2.189
Training epoch 2, iteration 342339/715787 | lr: 0.0001744 | consumed_samples: 350556160 | global_batch_size: 1024 | global_step: 342339 | reduced_train_loss: 2.172
Training epoch 2, iteration 342340/715787 | lr: 0.0001744 | consumed_samples: 350557184 | global_batch_size: 1024 | global_step: 342340 | reduced_train_loss: 2.189
Training epoch 2, iteration 342341/715787 | lr: 0.0001744 | consumed_samples: 350558208 | global_batch_size: 1024 | global_step: 342341 | reduced_train_loss: 2.185
Training epoch 2, iteration 342342/715787 | lr: 0.0001744 | consumed_samples: 350559232 | global_batch_size: 1024 | global_step: 342342 | reduced_train_loss: 2.186
Training epoch 2, iteration 342343/715787 | lr: 0.0001744 | consumed_samples: 350560256 | global_batch_size: 1024 | global_step: 342343 | reduced_train_loss: 2.176
Training epoch 2, iteration 342344/715787 | lr: 0.0001744 | consumed_samples: 350561280 | global_batch_size: 1024 | global_step: 342344 | reduced_train_loss: 2.182
Training epoch 2, iteration 342345/715787 | lr: 0.0001744 | consumed_samples: 350562304 | global_batch_size: 1024 | global_step: 342345 | reduced_train_loss: 2.175
Training epoch 2, iteration 342346/715787 | lr: 0.0001744 | consumed_samples: 350563328 | global_batch_size: 1024 | global_step: 342346 | reduced_train_loss: 2.187
Training epoch 2, iteration 342347/715787 | lr: 0.0001744 | consumed_samples: 350564352 | global_batch_size: 1024 | global_step: 342347 | reduced_train_loss: 2.188
Training epoch 2, iteration 342348/715787 | lr: 0.0001744 | consumed_samples: 350565376 | global_batch_size: 1024 | global_step: 342348 | reduced_train_loss: 2.174
Training epoch 2, iteration 342349/715787 | lr: 0.0001744 | consumed_samples: 350566400 | global_batch_size: 1024 | global_step: 342349 | reduced_train_loss: 2.182
Training epoch 2, iteration 342350/715787 | lr: 0.0001744 | consumed_samples: 350567424 | global_batch_size: 1024 | global_step: 342350 | reduced_train_loss: 2.169
Training epoch 2, iteration 342351/715787 | lr: 0.0001744 | consumed_samples: 350568448 | global_batch_size: 1024 | global_step: 342351 | reduced_train_loss: 2.181
Training epoch 2, iteration 342352/715787 | lr: 0.0001744 | consumed_samples: 350569472 | global_batch_size: 1024 | global_step: 342352 | reduced_train_loss: 2.174
Training epoch 2, iteration 342353/715787 | lr: 0.0001744 | consumed_samples: 350570496 | global_batch_size: 1024 | global_step: 342353 | reduced_train_loss: 2.186
Training epoch 2, iteration 342354/715787 | lr: 0.0001744 | consumed_samples: 350571520 | global_batch_size: 1024 | global_step: 342354 | reduced_train_loss: 2.168
Training epoch 2, iteration 342355/715787 | lr: 0.0001744 | consumed_samples: 350572544 | global_batch_size: 1024 | global_step: 342355 | reduced_train_loss: 2.198
Training epoch 2, iteration 342356/715787 | lr: 0.0001744 | consumed_samples: 350573568 | global_batch_size: 1024 | global_step: 342356 | reduced_train_loss: 2.166
Training epoch 2, iteration 342357/715787 | lr: 0.0001744 | consumed_samples: 350574592 | global_batch_size: 1024 | global_step: 342357 | reduced_train_loss: 2.176
Training epoch 2, iteration 342358/715787 | lr: 0.0001744 | consumed_samples: 350575616 | global_batch_size: 1024 | global_step: 342358 | reduced_train_loss: 2.172
Training epoch 2, iteration 342359/715787 | lr: 0.0001744 | consumed_samples: 350576640 | global_batch_size: 1024 | global_step: 342359 | reduced_train_loss: 2.164
Training epoch 2, iteration 342360/715787 | lr: 0.0001744 | consumed_samples: 350577664 | global_batch_size: 1024 | global_step: 342360 | reduced_train_loss: 2.19
Training epoch 2, iteration 342361/715787 | lr: 0.0001744 | consumed_samples: 350578688 | global_batch_size: 1024 | global_step: 342361 | reduced_train_loss: 2.19
Training epoch 2, iteration 342362/715787 | lr: 0.0001744 | consumed_samples: 350579712 | global_batch_size: 1024 | global_step: 342362 | reduced_train_loss: 2.178
Training epoch 2, iteration 342363/715787 | lr: 0.0001743 | consumed_samples: 350580736 | global_batch_size: 1024 | global_step: 342363 | reduced_train_loss: 2.171
Training epoch 2, iteration 342364/715787 | lr: 0.0001743 | consumed_samples: 350581760 | global_batch_size: 1024 | global_step: 342364 | reduced_train_loss: 2.19
Training epoch 2, iteration 342365/715787 | lr: 0.0001743 | consumed_samples: 350582784 | global_batch_size: 1024 | global_step: 342365 | reduced_train_loss: 2.176
Training epoch 2, iteration 342366/715787 | lr: 0.0001743 | consumed_samples: 350583808 | global_batch_size: 1024 | global_step: 342366 | reduced_train_loss: 2.16
Training epoch 2, iteration 342367/715787 | lr: 0.0001743 | consumed_samples: 350584832 | global_batch_size: 1024 | global_step: 342367 | reduced_train_loss: 2.183
Training epoch 2, iteration 342368/715787 | lr: 0.0001743 | consumed_samples: 350585856 | global_batch_size: 1024 | global_step: 342368 | reduced_train_loss: 2.189
Training epoch 2, iteration 342369/715787 | lr: 0.0001743 | consumed_samples: 350586880 | global_batch_size: 1024 | global_step: 342369 | reduced_train_loss: 2.184
Training epoch 2, iteration 342370/715787 | lr: 0.0001743 | consumed_samples: 350587904 | global_batch_size: 1024 | global_step: 342370 | reduced_train_loss: 2.179
Training epoch 2, iteration 342371/715787 | lr: 0.0001743 | consumed_samples: 350588928 | global_batch_size: 1024 | global_step: 342371 | reduced_train_loss: 2.195
Training epoch 2, iteration 342372/715787 | lr: 0.0001743 | consumed_samples: 350589952 | global_batch_size: 1024 | global_step: 342372 | reduced_train_loss: 2.192
Training epoch 2, iteration 342373/715787 | lr: 0.0001743 | consumed_samples: 350590976 | global_batch_size: 1024 | global_step: 342373 | reduced_train_loss: 2.18
Training epoch 2, iteration 342374/715787 | lr: 0.0001743 | consumed_samples: 350592000 | global_batch_size: 1024 | global_step: 342374 | reduced_train_loss: 2.202
Training epoch 2, iteration 342375/715787 | lr: 0.0001743 | consumed_samples: 350593024 | global_batch_size: 1024 | global_step: 342375 | reduced_train_loss: 2.184
Training epoch 2, iteration 342376/715787 | lr: 0.0001743 | consumed_samples: 350594048 | global_batch_size: 1024 | global_step: 342376 | reduced_train_loss: 2.176
Training epoch 2, iteration 342377/715787 | lr: 0.0001743 | consumed_samples: 350595072 | global_batch_size: 1024 | global_step: 342377 | reduced_train_loss: 2.16
Training epoch 2, iteration 342378/715787 | lr: 0.0001743 | consumed_samples: 350596096 | global_batch_size: 1024 | global_step: 342378 | reduced_train_loss: 2.173
Training epoch 2, iteration 342379/715787 | lr: 0.0001743 | consumed_samples: 350597120 | global_batch_size: 1024 | global_step: 342379 | reduced_train_loss: 2.183
Training epoch 2, iteration 342380/715787 | lr: 0.0001743 | consumed_samples: 350598144 | global_batch_size: 1024 | global_step: 342380 | reduced_train_loss: 2.199
Training epoch 2, iteration 342381/715787 | lr: 0.0001743 | consumed_samples: 350599168 | global_batch_size: 1024 | global_step: 342381 | reduced_train_loss: 2.183
Training epoch 2, iteration 342382/715787 | lr: 0.0001743 | consumed_samples: 350600192 | global_batch_size: 1024 | global_step: 342382 | reduced_train_loss: 2.15
Training epoch 2, iteration 342383/715787 | lr: 0.0001743 | consumed_samples: 350601216 | global_batch_size: 1024 | global_step: 342383 | reduced_train_loss: 2.176
Training epoch 2, iteration 342384/715787 | lr: 0.0001743 | consumed_samples: 350602240 | global_batch_size: 1024 | global_step: 342384 | reduced_train_loss: 2.178
Training epoch 2, iteration 342385/715787 | lr: 0.0001743 | consumed_samples: 350603264 | global_batch_size: 1024 | global_step: 342385 | reduced_train_loss: 2.182
Training epoch 2, iteration 342386/715787 | lr: 0.0001743 | consumed_samples: 350604288 | global_batch_size: 1024 | global_step: 342386 | reduced_train_loss: 2.165
Training epoch 2, iteration 342387/715787 | lr: 0.0001743 | consumed_samples: 350605312 | global_batch_size: 1024 | global_step: 342387 | reduced_train_loss: 2.188
Training epoch 2, iteration 342388/715787 | lr: 0.0001743 | consumed_samples: 350606336 | global_batch_size: 1024 | global_step: 342388 | reduced_train_loss: 2.183
Training epoch 2, iteration 342389/715787 | lr: 0.0001743 | consumed_samples: 350607360 | global_batch_size: 1024 | global_step: 342389 | reduced_train_loss: 2.181
Training epoch 2, iteration 342390/715787 | lr: 0.0001743 | consumed_samples: 350608384 | global_batch_size: 1024 | global_step: 342390 | reduced_train_loss: 2.187
Training epoch 2, iteration 342391/715787 | lr: 0.0001743 | consumed_samples: 350609408 | global_batch_size: 1024 | global_step: 342391 | reduced_train_loss: 2.18
Training epoch 2, iteration 342392/715787 | lr: 0.0001743 | consumed_samples: 350610432 | global_batch_size: 1024 | global_step: 342392 | reduced_train_loss: 2.179
Training epoch 2, iteration 342393/715787 | lr: 0.0001743 | consumed_samples: 350611456 | global_batch_size: 1024 | global_step: 342393 | reduced_train_loss: 2.175
Training epoch 2, iteration 342394/715787 | lr: 0.0001743 | consumed_samples: 350612480 | global_batch_size: 1024 | global_step: 342394 | reduced_train_loss: 2.178
Training epoch 2, iteration 342395/715787 | lr: 0.0001743 | consumed_samples: 350613504 | global_batch_size: 1024 | global_step: 342395 | reduced_train_loss: 2.169
Training epoch 2, iteration 342396/715787 | lr: 0.0001743 | consumed_samples: 350614528 | global_batch_size: 1024 | global_step: 342396 | reduced_train_loss: 2.175
Training epoch 2, iteration 342397/715787 | lr: 0.0001743 | consumed_samples: 350615552 | global_batch_size: 1024 | global_step: 342397 | reduced_train_loss: 2.19
Training epoch 2, iteration 342398/715787 | lr: 0.0001743 | consumed_samples: 350616576 | global_batch_size: 1024 | global_step: 342398 | reduced_train_loss: 2.189
[NeMo I 2026-04-30 14:07:34 nemo_logging:393] Running garbage collection at train global_step: 342400
Training epoch 2, iteration 342399/715787 | lr: 0.0001743 | consumed_samples: 350617600 | global_batch_size: 1024 | global_step: 342399 | reduced_train_loss: 2.174
Training epoch 2, iteration 342400/715787 | lr: 0.0001743 | consumed_samples: 350618624 | global_batch_size: 1024 | global_step: 342400 | reduced_train_loss: 2.172
Training epoch 2, iteration 342401/715787 | lr: 0.0001743 | consumed_samples: 350619648 | global_batch_size: 1024 | global_step: 342401 | reduced_train_loss: 2.186
Training epoch 2, iteration 342402/715787 | lr: 0.0001743 | consumed_samples: 350620672 | global_batch_size: 1024 | global_step: 342402 | reduced_train_loss: 2.177
Training epoch 2, iteration 342403/715787 | lr: 0.0001743 | consumed_samples: 350621696 | global_batch_size: 1024 | global_step: 342403 | reduced_train_loss: 2.174
Training epoch 2, iteration 342404/715787 | lr: 0.0001743 | consumed_samples: 350622720 | global_batch_size: 1024 | global_step: 342404 | reduced_train_loss: 2.176
Training epoch 2, iteration 342405/715787 | lr: 0.0001743 | consumed_samples: 350623744 | global_batch_size: 1024 | global_step: 342405 | reduced_train_loss: 2.181
Training epoch 2, iteration 342406/715787 | lr: 0.0001743 | consumed_samples: 350624768 | global_batch_size: 1024 | global_step: 342406 | reduced_train_loss: 2.171
Training epoch 2, iteration 342407/715787 | lr: 0.0001743 | consumed_samples: 350625792 | global_batch_size: 1024 | global_step: 342407 | reduced_train_loss: 2.185
Training epoch 2, iteration 342408/715787 | lr: 0.0001743 | consumed_samples: 350626816 | global_batch_size: 1024 | global_step: 342408 | reduced_train_loss: 2.178
Training epoch 2, iteration 342409/715787 | lr: 0.0001743 | consumed_samples: 350627840 | global_batch_size: 1024 | global_step: 342409 | reduced_train_loss: 2.166
Training epoch 2, iteration 342410/715787 | lr: 0.0001743 | consumed_samples: 350628864 | global_batch_size: 1024 | global_step: 342410 | reduced_train_loss: 2.166
Training epoch 2, iteration 342411/715787 | lr: 0.0001743 | consumed_samples: 350629888 | global_batch_size: 1024 | global_step: 342411 | reduced_train_loss: 2.178
Training epoch 2, iteration 342412/715787 | lr: 0.0001743 | consumed_samples: 350630912 | global_batch_size: 1024 | global_step: 342412 | reduced_train_loss: 2.185
Training epoch 2, iteration 342413/715787 | lr: 0.0001743 | consumed_samples: 350631936 | global_batch_size: 1024 | global_step: 342413 | reduced_train_loss: 2.172
Training epoch 2, iteration 342414/715787 | lr: 0.0001743 | consumed_samples: 350632960 | global_batch_size: 1024 | global_step: 342414 | reduced_train_loss: 2.173
Training epoch 2, iteration 342415/715787 | lr: 0.0001743 | consumed_samples: 350633984 | global_batch_size: 1024 | global_step: 342415 | reduced_train_loss: 2.171
Training epoch 2, iteration 342416/715787 | lr: 0.0001743 | consumed_samples: 350635008 | global_batch_size: 1024 | global_step: 342416 | reduced_train_loss: 2.205
Training epoch 2, iteration 342417/715787 | lr: 0.0001743 | consumed_samples: 350636032 | global_batch_size: 1024 | global_step: 342417 | reduced_train_loss: 2.203
Training epoch 2, iteration 342418/715787 | lr: 0.0001743 | consumed_samples: 350637056 | global_batch_size: 1024 | global_step: 342418 | reduced_train_loss: 2.186
Training epoch 2, iteration 342419/715787 | lr: 0.0001743 | consumed_samples: 350638080 | global_batch_size: 1024 | global_step: 342419 | reduced_train_loss: 2.182
Training epoch 2, iteration 342420/715787 | lr: 0.0001743 | consumed_samples: 350639104 | global_batch_size: 1024 | global_step: 342420 | reduced_train_loss: 2.177
Training epoch 2, iteration 342421/715787 | lr: 0.0001743 | consumed_samples: 350640128 | global_batch_size: 1024 | global_step: 342421 | reduced_train_loss: 2.191
Training epoch 2, iteration 342422/715787 | lr: 0.0001743 | consumed_samples: 350641152 | global_batch_size: 1024 | global_step: 342422 | reduced_train_loss: 2.192
Training epoch 2, iteration 342423/715787 | lr: 0.0001743 | consumed_samples: 350642176 | global_batch_size: 1024 | global_step: 342423 | reduced_train_loss: 2.173
Training epoch 2, iteration 342424/715787 | lr: 0.0001743 | consumed_samples: 350643200 | global_batch_size: 1024 | global_step: 342424 | reduced_train_loss: 2.188
Training epoch 2, iteration 342425/715787 | lr: 0.0001743 | consumed_samples: 350644224 | global_batch_size: 1024 | global_step: 342425 | reduced_train_loss: 2.186
Training epoch 2, iteration 342426/715787 | lr: 0.0001743 | consumed_samples: 350645248 | global_batch_size: 1024 | global_step: 342426 | reduced_train_loss: 2.168
Training epoch 2, iteration 342427/715787 | lr: 0.0001743 | consumed_samples: 350646272 | global_batch_size: 1024 | global_step: 342427 | reduced_train_loss: 2.183
Training epoch 2, iteration 342428/715787 | lr: 0.0001743 | consumed_samples: 350647296 | global_batch_size: 1024 | global_step: 342428 | reduced_train_loss: 2.182
Training epoch 2, iteration 342429/715787 | lr: 0.0001743 | consumed_samples: 350648320 | global_batch_size: 1024 | global_step: 342429 | reduced_train_loss: 2.184
Training epoch 2, iteration 342430/715787 | lr: 0.0001743 | consumed_samples: 350649344 | global_batch_size: 1024 | global_step: 342430 | reduced_train_loss: 2.169
Training epoch 2, iteration 342431/715787 | lr: 0.0001743 | consumed_samples: 350650368 | global_batch_size: 1024 | global_step: 342431 | reduced_train_loss: 2.174
Training epoch 2, iteration 342432/715787 | lr: 0.0001743 | consumed_samples: 350651392 | global_batch_size: 1024 | global_step: 342432 | reduced_train_loss: 2.188
Training epoch 2, iteration 342433/715787 | lr: 0.0001743 | consumed_samples: 350652416 | global_batch_size: 1024 | global_step: 342433 | reduced_train_loss: 2.191
Training epoch 2, iteration 342434/715787 | lr: 0.0001743 | consumed_samples: 350653440 | global_batch_size: 1024 | global_step: 342434 | reduced_train_loss: 2.159
Training epoch 2, iteration 342435/715787 | lr: 0.0001743 | consumed_samples: 350654464 | global_batch_size: 1024 | global_step: 342435 | reduced_train_loss: 2.168
Training epoch 2, iteration 342436/715787 | lr: 0.0001743 | consumed_samples: 350655488 | global_batch_size: 1024 | global_step: 342436 | reduced_train_loss: 2.175
Training epoch 2, iteration 342437/715787 | lr: 0.0001743 | consumed_samples: 350656512 | global_batch_size: 1024 | global_step: 342437 | reduced_train_loss: 2.181
Training epoch 2, iteration 342438/715787 | lr: 0.0001743 | consumed_samples: 350657536 | global_batch_size: 1024 | global_step: 342438 | reduced_train_loss: 2.175
Training epoch 2, iteration 342439/715787 | lr: 0.0001743 | consumed_samples: 350658560 | global_batch_size: 1024 | global_step: 342439 | reduced_train_loss: 2.183
Training epoch 2, iteration 342440/715787 | lr: 0.0001743 | consumed_samples: 350659584 | global_batch_size: 1024 | global_step: 342440 | reduced_train_loss: 2.184
Training epoch 2, iteration 342441/715787 | lr: 0.0001743 | consumed_samples: 350660608 | global_batch_size: 1024 | global_step: 342441 | reduced_train_loss: 2.167
Training epoch 2, iteration 342442/715787 | lr: 0.0001743 | consumed_samples: 350661632 | global_batch_size: 1024 | global_step: 342442 | reduced_train_loss: 2.166
Training epoch 2, iteration 342443/715787 | lr: 0.0001743 | consumed_samples: 350662656 | global_batch_size: 1024 | global_step: 342443 | reduced_train_loss: 2.176
Training epoch 2, iteration 342444/715787 | lr: 0.0001743 | consumed_samples: 350663680 | global_batch_size: 1024 | global_step: 342444 | reduced_train_loss: 2.182
Training epoch 2, iteration 342445/715787 | lr: 0.0001743 | consumed_samples: 350664704 | global_batch_size: 1024 | global_step: 342445 | reduced_train_loss: 2.191
Training epoch 2, iteration 342446/715787 | lr: 0.0001743 | consumed_samples: 350665728 | global_batch_size: 1024 | global_step: 342446 | reduced_train_loss: 2.185
Training epoch 2, iteration 342447/715787 | lr: 0.0001743 | consumed_samples: 350666752 | global_batch_size: 1024 | global_step: 342447 | reduced_train_loss: 2.205
Training epoch 2, iteration 342448/715787 | lr: 0.0001743 | consumed_samples: 350667776 | global_batch_size: 1024 | global_step: 342448 | reduced_train_loss: 2.176
Training epoch 2, iteration 342449/715787 | lr: 0.0001743 | consumed_samples: 350668800 | global_batch_size: 1024 | global_step: 342449 | reduced_train_loss: 2.191
Training epoch 2, iteration 342450/715787 | lr: 0.0001743 | consumed_samples: 350669824 | global_batch_size: 1024 | global_step: 342450 | reduced_train_loss: 2.182
Training epoch 2, iteration 342451/715787 | lr: 0.0001743 | consumed_samples: 350670848 | global_batch_size: 1024 | global_step: 342451 | reduced_train_loss: 2.176
Training epoch 2, iteration 342452/715787 | lr: 0.0001743 | consumed_samples: 350671872 | global_batch_size: 1024 | global_step: 342452 | reduced_train_loss: 2.18
Training epoch 2, iteration 342453/715787 | lr: 0.0001743 | consumed_samples: 350672896 | global_batch_size: 1024 | global_step: 342453 | reduced_train_loss: 2.196
Training epoch 2, iteration 342454/715787 | lr: 0.0001743 | consumed_samples: 350673920 | global_batch_size: 1024 | global_step: 342454 | reduced_train_loss: 2.19
Training epoch 2, iteration 342455/715787 | lr: 0.0001743 | consumed_samples: 350674944 | global_batch_size: 1024 | global_step: 342455 | reduced_train_loss: 2.184
Training epoch 2, iteration 342456/715787 | lr: 0.0001743 | consumed_samples: 350675968 | global_batch_size: 1024 | global_step: 342456 | reduced_train_loss: 2.178
Training epoch 2, iteration 342457/715787 | lr: 0.0001743 | consumed_samples: 350676992 | global_batch_size: 1024 | global_step: 342457 | reduced_train_loss: 2.19
Training epoch 2, iteration 342458/715787 | lr: 0.0001743 | consumed_samples: 350678016 | global_batch_size: 1024 | global_step: 342458 | reduced_train_loss: 2.171
Training epoch 2, iteration 342459/715787 | lr: 0.0001743 | consumed_samples: 350679040 | global_batch_size: 1024 | global_step: 342459 | reduced_train_loss: 2.172
Training epoch 2, iteration 342460/715787 | lr: 0.0001743 | consumed_samples: 350680064 | global_batch_size: 1024 | global_step: 342460 | reduced_train_loss: 2.18
Training epoch 2, iteration 342461/715787 | lr: 0.0001743 | consumed_samples: 350681088 | global_batch_size: 1024 | global_step: 342461 | reduced_train_loss: 2.181
Training epoch 2, iteration 342462/715787 | lr: 0.0001743 | consumed_samples: 350682112 | global_batch_size: 1024 | global_step: 342462 | reduced_train_loss: 2.174
Training epoch 2, iteration 342463/715787 | lr: 0.0001743 | consumed_samples: 350683136 | global_batch_size: 1024 | global_step: 342463 | reduced_train_loss: 2.182
Training epoch 2, iteration 342464/715787 | lr: 0.0001743 | consumed_samples: 350684160 | global_batch_size: 1024 | global_step: 342464 | reduced_train_loss: 2.172
Training epoch 2, iteration 342465/715787 | lr: 0.0001743 | consumed_samples: 350685184 | global_batch_size: 1024 | global_step: 342465 | reduced_train_loss: 2.17
Training epoch 2, iteration 342466/715787 | lr: 0.0001743 | consumed_samples: 350686208 | global_batch_size: 1024 | global_step: 342466 | reduced_train_loss: 2.164
Training epoch 2, iteration 342467/715787 | lr: 0.0001743 | consumed_samples: 350687232 | global_batch_size: 1024 | global_step: 342467 | reduced_train_loss: 2.177
Training epoch 2, iteration 342468/715787 | lr: 0.0001743 | consumed_samples: 350688256 | global_batch_size: 1024 | global_step: 342468 | reduced_train_loss: 2.152
Training epoch 2, iteration 342469/715787 | lr: 0.0001743 | consumed_samples: 350689280 | global_batch_size: 1024 | global_step: 342469 | reduced_train_loss: 2.171
Training epoch 2, iteration 342470/715787 | lr: 0.0001743 | consumed_samples: 350690304 | global_batch_size: 1024 | global_step: 342470 | reduced_train_loss: 2.167
Training epoch 2, iteration 342471/715787 | lr: 0.0001743 | consumed_samples: 350691328 | global_batch_size: 1024 | global_step: 342471 | reduced_train_loss: 2.168
Training epoch 2, iteration 342472/715787 | lr: 0.0001743 | consumed_samples: 350692352 | global_batch_size: 1024 | global_step: 342472 | reduced_train_loss: 2.18
Training epoch 2, iteration 342473/715787 | lr: 0.0001743 | consumed_samples: 350693376 | global_batch_size: 1024 | global_step: 342473 | reduced_train_loss: 2.192
Training epoch 2, iteration 342474/715787 | lr: 0.0001743 | consumed_samples: 350694400 | global_batch_size: 1024 | global_step: 342474 | reduced_train_loss: 2.199
Training epoch 2, iteration 342475/715787 | lr: 0.0001743 | consumed_samples: 350695424 | global_batch_size: 1024 | global_step: 342475 | reduced_train_loss: 2.191
Training epoch 2, iteration 342476/715787 | lr: 0.0001743 | consumed_samples: 350696448 | global_batch_size: 1024 | global_step: 342476 | reduced_train_loss: 2.167
Training epoch 2, iteration 342477/715787 | lr: 0.0001743 | consumed_samples: 350697472 | global_batch_size: 1024 | global_step: 342477 | reduced_train_loss: 2.188
Training epoch 2, iteration 342478/715787 | lr: 0.0001743 | consumed_samples: 350698496 | global_batch_size: 1024 | global_step: 342478 | reduced_train_loss: 2.182
Training epoch 2, iteration 342479/715787 | lr: 0.0001743 | consumed_samples: 350699520 | global_batch_size: 1024 | global_step: 342479 | reduced_train_loss: 2.179
Training epoch 2, iteration 342480/715787 | lr: 0.0001743 | consumed_samples: 350700544 | global_batch_size: 1024 | global_step: 342480 | reduced_train_loss: 2.181
Training epoch 2, iteration 342481/715787 | lr: 0.0001743 | consumed_samples: 350701568 | global_batch_size: 1024 | global_step: 342481 | reduced_train_loss: 2.198
Training epoch 2, iteration 342482/715787 | lr: 0.0001743 | consumed_samples: 350702592 | global_batch_size: 1024 | global_step: 342482 | reduced_train_loss: 2.174
Training epoch 2, iteration 342483/715787 | lr: 0.0001743 | consumed_samples: 350703616 | global_batch_size: 1024 | global_step: 342483 | reduced_train_loss: 2.184
Training epoch 2, iteration 342484/715787 | lr: 0.0001743 | consumed_samples: 350704640 | global_batch_size: 1024 | global_step: 342484 | reduced_train_loss: 2.183
Training epoch 2, iteration 342485/715787 | lr: 0.0001743 | consumed_samples: 350705664 | global_batch_size: 1024 | global_step: 342485 | reduced_train_loss: 2.178
Training epoch 2, iteration 342486/715787 | lr: 0.0001743 | consumed_samples: 350706688 | global_batch_size: 1024 | global_step: 342486 | reduced_train_loss: 2.184
Training epoch 2, iteration 342487/715787 | lr: 0.0001743 | consumed_samples: 350707712 | global_batch_size: 1024 | global_step: 342487 | reduced_train_loss: 2.162
Training epoch 2, iteration 342488/715787 | lr: 0.0001743 | consumed_samples: 350708736 | global_batch_size: 1024 | global_step: 342488 | reduced_train_loss: 2.17
Training epoch 2, iteration 342489/715787 | lr: 0.0001743 | consumed_samples: 350709760 | global_batch_size: 1024 | global_step: 342489 | reduced_train_loss: 2.188
Training epoch 2, iteration 342490/715787 | lr: 0.0001743 | consumed_samples: 350710784 | global_batch_size: 1024 | global_step: 342490 | reduced_train_loss: 2.183
Training epoch 2, iteration 342491/715787 | lr: 0.0001743 | consumed_samples: 350711808 | global_batch_size: 1024 | global_step: 342491 | reduced_train_loss: 2.185
Training epoch 2, iteration 342492/715787 | lr: 0.0001743 | consumed_samples: 350712832 | global_batch_size: 1024 | global_step: 342492 | reduced_train_loss: 2.182
Training epoch 2, iteration 342493/715787 | lr: 0.0001743 | consumed_samples: 350713856 | global_batch_size: 1024 | global_step: 342493 | reduced_train_loss: 2.188
Training epoch 2, iteration 342494/715787 | lr: 0.0001743 | consumed_samples: 350714880 | global_batch_size: 1024 | global_step: 342494 | reduced_train_loss: 2.172
Training epoch 2, iteration 342495/715787 | lr: 0.0001743 | consumed_samples: 350715904 | global_batch_size: 1024 | global_step: 342495 | reduced_train_loss: 2.186
Training epoch 2, iteration 342496/715787 | lr: 0.0001743 | consumed_samples: 350716928 | global_batch_size: 1024 | global_step: 342496 | reduced_train_loss: 2.19
Training epoch 2, iteration 342497/715787 | lr: 0.0001743 | consumed_samples: 350717952 | global_batch_size: 1024 | global_step: 342497 | reduced_train_loss: 2.186
Training epoch 2, iteration 342498/715787 | lr: 0.0001743 | consumed_samples: 350718976 | global_batch_size: 1024 | global_step: 342498 | reduced_train_loss: 2.172
[NeMo I 2026-04-30 14:34:58 nemo_logging:393] Running garbage collection at train global_step: 342500
[NeMo I 2026-04-30 14:34:58 nemo_logging:393] Step 342500 - SSA n values:
[NeMo I 2026-04-30 14:34:58 nemo_logging:393]   Layer 0: n = 3.671875
[NeMo I 2026-04-30 14:34:58 nemo_logging:393]   Layer 1: n = 1.617188
[NeMo I 2026-04-30 14:34:58 nemo_logging:393]   Layer 2: n = 2.468750
[NeMo I 2026-04-30 14:34:58 nemo_logging:393]   Layer 3: n = 2.828125
[NeMo I 2026-04-30 14:34:58 nemo_logging:393]   Layer 4: n = 3.046875
[NeMo I 2026-04-30 14:34:58 nemo_logging:393]   Layer 5: n = 3.046875
[NeMo I 2026-04-30 14:34:58 nemo_logging:393]   Layer 6: n = 3.687500
[NeMo I 2026-04-30 14:34:58 nemo_logging:393]   Layer 7: n = 3.859375
[NeMo I 2026-04-30 14:34:58 nemo_logging:393]   Layer 8: n = 3.890625
[NeMo I 2026-04-30 14:34:58 nemo_logging:393]   Layer 9: n = 3.281250
[NeMo I 2026-04-30 14:34:58 nemo_logging:393]   Layer 10: n = 3.687500
[NeMo I 2026-04-30 14:34:58 nemo_logging:393]   Layer 11: n = 3.750000
[NeMo I 2026-04-30 14:34:58 nemo_logging:393]   Layer 12: n = 3.718750
[NeMo I 2026-04-30 14:34:58 nemo_logging:393]   Layer 13: n = 3.578125
[NeMo I 2026-04-30 14:34:58 nemo_logging:393]   Layer 14: n = 3.609375
[NeMo I 2026-04-30 14:34:58 nemo_logging:393]   Layer 15: n = 3.828125
[NeMo I 2026-04-30 14:34:58 nemo_logging:393]   Layer 16: n = 3.781250
[NeMo I 2026-04-30 14:34:58 nemo_logging:393]   Layer 17: n = 4.312500
[NeMo I 2026-04-30 14:34:58 nemo_logging:393]   Layer 18: n = 3.531250
[NeMo I 2026-04-30 14:34:58 nemo_logging:393]   Layer 19: n = 4.812500
[NeMo I 2026-04-30 14:34:58 nemo_logging:393]   Layer 20: n = 3.000000
[NeMo I 2026-04-30 14:34:58 nemo_logging:393]   Layer 21: n = -12.687500
[NeMo I 2026-04-30 14:34:58 nemo_logging:393]   Layer 22: n = 3.468750
[NeMo I 2026-04-30 14:34:58 nemo_logging:393]   Layer 23: n = -1504.000000
INFO: Epoch 2, global step 342499: 'step' reached 342499.00000 (best 342499.00000), saving model to '/tmpdir/barman/bs1024_fullrun/outputs/nemotron-1B-SSA-Triton-bs1024/checkpoints/nemotron-1B-SSA-Triton-bs1024-step=0342499.ckpt' as top 685
INFO:lightning.pytorch.utilities.rank_zero:Epoch 2, global step 342499: 'step' reached 342499.00000 (best 342499.00000), saving model to '/tmpdir/barman/bs1024_fullrun/outputs/nemotron-1B-SSA-Triton-bs1024/checkpoints/nemotron-1B-SSA-Triton-bs1024-step=0342499.ckpt' as top 685
[NeMo W 2026-04-30 14:34:59 validation:389] There is difference in the common state dict in different ranks. The differences are {1: ([], [], [(('optimizer', 0, 'optimizer', 'param_groups', 1, 'step'), <class 'int'>, <class 'int'>)]), 2: ([], [], [(('optimizer', 0, 'optimizer', 'param_groups', 1, 'step'), <class 'int'>, <class 'int'>)]), 3: ([], [], [(('optimizer', 0, 'optimizer', 'param_groups', 1, 'step'), <class 'int'>, <class 'int'>)]), 4: ([], [], [(('optimizer', 0, 'optimizer', 'param_groups', 1, 'step'), <class 'int'>, <class 'int'>)]), 5: ([], [], [(('optimizer', 0, 'optimizer', 'param_groups', 1, 'step'), <class 'int'>, <class 'int'>)]), 6: ([], [], [(('optimizer', 0, 'optimizer', 'param_groups', 1, 'step'), <class 'int'>, <class 'int'>)]), 7: ([], [], [(('optimizer', 0, 'optimizer', 'param_groups', 1, 'step'), <class 'int'>, <class 'int'>)]), 8: ([], [], [(('optimizer', 0, 'optimizer', 'param_groups', 1, 'step'), <class 'int'>, <class 'int'>)]), 9: ([], [], [(('optimizer', 0, 'optimizer', 'param_groups', 1, 'step'), <class 'int'>, <class 'int'>)]), 10: ([], [], [(('optimizer', 0, 'optimizer', 'param_groups', 1, 'step'), <class 'int'>, <class 'int'>)]), 11: ([], [], [(('optimizer', 0, 'optimizer', 'param_groups', 1, 'step'), <class 'int'>, <class 'int'>)]), 13: ([], [], [(('optimizer', 0, 'optimizer', 'param_groups', 1, 'step'), <class 'int'>, <class 'int'>)]), 14: ([], [], [(('optimizer', 0, 'optimizer', 'param_groups', 1, 'step'), <class 'int'>, <class 'int'>)]), 15: ([], [], [(('optimizer', 0, 'optimizer', 'param_groups', 1, 'step'), <class 'int'>, <class 'int'>)])}
Training epoch 2, iteration 342499/715787 | lr: 0.0001743 | consumed_samples: 350720000 | global_batch_size: 1024 | global_step: 342499 | reduced_train_loss: 2.185
[NeMo I 2026-04-30 14:34:59 nemo_logging:393] Global Checkpoint Save : Rank: 0 : Iteration: 342432 : Start time: 1777552498.641s : Save duration: 0.777s
[NeMo I 2026-04-30 14:34:59 nemo_logging:393] Scheduled async checkpoint save for /tmpdir/barman/bs1024_fullrun/outputs/nemotron-1B-SSA-Triton-bs1024/checkpoints/nemotron-1B-SSA-Triton-bs1024-step=0342499.ckpt
[NeMo W 2026-04-30 14:35:00 validation:389] There is difference in the common state dict in different ranks. The differences are {1: ([], [], [(('optimizer', 0, 'optimizer', 'param_groups', 1, 'step'), <class 'int'>, <class 'int'>)]), 2: ([], [], [(('optimizer', 0, 'optimizer', 'param_groups', 1, 'step'), <class 'int'>, <class 'int'>)]), 3: ([], [], [(('optimizer', 0, 'optimizer', 'param_groups', 1, 'step'), <class 'int'>, <class 'int'>)]), 4: ([], [], [(('optimizer', 0, 'optimizer', 'param_groups', 1, 'step'), <class 'int'>, <class 'int'>)]), 5: ([], [], [(('optimizer', 0, 'optimizer', 'param_groups', 1, 'step'), <class 'int'>, <class 'int'>)]), 6: ([], [], [(('optimizer', 0, 'optimizer', 'param_groups', 1, 'step'), <class 'int'>, <class 'int'>)]), 7: ([], [], [(('optimizer', 0, 'optimizer', 'param_groups', 1, 'step'), <class 'int'>, <class 'int'>)]), 8: ([], [], [(('optimizer', 0, 'optimizer', 'param_groups', 1, 'step'), <class 'int'>, <class 'int'>)]), 9: ([], [], [(('optimizer', 0, 'optimizer', 'param_groups', 1, 'step'), <class 'int'>, <class 'int'>)]), 10: ([], [], [(('optimizer', 0, 'optimizer', 'param_groups', 1, 'step'), <class 'int'>, <class 'int'>)]), 11: ([], [], [(('optimizer', 0, 'optimizer', 'param_groups', 1, 'step'), <class 'int'>, <class 'int'>)]), 13: ([], [], [(('optimizer', 0, 'optimizer', 'param_groups', 1, 'step'), <class 'int'>, <class 'int'>)]), 14: ([], [], [(('optimizer', 0, 'optimizer', 'param_groups', 1, 'step'), <class 'int'>, <class 'int'>)]), 15: ([], [], [(('optimizer', 0, 'optimizer', 'param_groups', 1, 'step'), <class 'int'>, <class 'int'>)])}
[NeMo I 2026-04-30 14:35:00 nemo_logging:393] Global Checkpoint Save : Rank: 0 : Iteration: 342432 : Start time: 1777552499.671s : Save duration: 0.837s
[NeMo I 2026-04-30 14:35:00 nemo_logging:393] Scheduled async checkpoint save for /tmpdir/barman/bs1024_fullrun/outputs/nemotron-1B-SSA-Triton-bs1024/checkpoints/nemotron-1B-SSA-Triton-bs1024-step=0342499-last.ckpt
[NeMo I 2026-04-30 14:35:00 nemo_logging:393] Successfully saved checkpoint from iteration  342432 to /tmpdir/barman/bs1024_fullrun/outputs/nemotron-1B-SSA-Triton-bs1024/checkpoints/nemotron-1B-SSA-Triton-bs1024-step=0342499.ckpt
[NeMo I 2026-04-30 14:35:00 nemo_logging:393] Async checkpoint save for step 342500 (/tmpdir/barman/bs1024_fullrun/outputs/nemotron-1B-SSA-Triton-bs1024/checkpoints/nemotron-1B-SSA-Triton-bs1024-step=0342499.ckpt) finalized successfully.
[NeMo I 2026-04-30 14:35:00 nemo_logging:393] Async finalization time took 0.080 s
Training epoch 2, iteration 342500/715787 | lr: 0.0001743 | consumed_samples: 350721024 | global_batch_size: 1024 | global_step: 342500 | reduced_train_loss: 2.195
[NeMo I 2026-04-30 14:35:16 nemo_logging:393] Successfully saved checkpoint from iteration  342432 to /tmpdir/barman/bs1024_fullrun/outputs/nemotron-1B-SSA-Triton-bs1024/checkpoints/nemotron-1B-SSA-Triton-bs1024-step=0342499-last.ckpt
[NeMo I 2026-04-30 14:35:16 nemo_logging:393] Async checkpoint save for step 342500 (/tmpdir/barman/bs1024_fullrun/outputs/nemotron-1B-SSA-Triton-bs1024/checkpoints/nemotron-1B-SSA-Triton-bs1024-step=0342499-last.ckpt) finalized successfully.
[NeMo I 2026-04-30 14:35:16 nemo_logging:393] Async finalization time took 0.088 s
Training epoch 2, iteration 342501/715787 | lr: 0.0001743 | consumed_samples: 350722048 | global_batch_size: 1024 | global_step: 342501 | reduced_train_loss: 2.186
Training epoch 2, iteration 342502/715787 | lr: 0.0001743 | consumed_samples: 350723072 | global_batch_size: 1024 | global_step: 342502 | reduced_train_loss: 2.187
Training epoch 2, iteration 342503/715787 | lr: 0.0001743 | consumed_samples: 350724096 | global_batch_size: 1024 | global_step: 342503 | reduced_train_loss: 2.161
Training epoch 2, iteration 342504/715787 | lr: 0.0001743 | consumed_samples: 350725120 | global_batch_size: 1024 | global_step: 342504 | reduced_train_loss: 2.175
Training epoch 2, iteration 342505/715787 | lr: 0.0001743 | consumed_samples: 350726144 | global_batch_size: 1024 | global_step: 342505 | reduced_train_loss: 2.197
Training epoch 2, iteration 342506/715787 | lr: 0.0001743 | consumed_samples: 350727168 | global_batch_size: 1024 | global_step: 342506 | reduced_train_loss: 2.183
Training epoch 2, iteration 342507/715787 | lr: 0.0001743 | consumed_samples: 350728192 | global_batch_size: 1024 | global_step: 342507 | reduced_train_loss: 2.191
Training epoch 2, iteration 342508/715787 | lr: 0.0001743 | consumed_samples: 350729216 | global_batch_size: 1024 | global_step: 342508 | reduced_train_loss: 2.173
Training epoch 2, iteration 342509/715787 | lr: 0.0001743 | consumed_samples: 350730240 | global_batch_size: 1024 | global_step: 342509 | reduced_train_loss: 2.158
Training epoch 2, iteration 342510/715787 | lr: 0.0001743 | consumed_samples: 350731264 | global_batch_size: 1024 | global_step: 342510 | reduced_train_loss: 2.179
Training epoch 2, iteration 342511/715787 | lr: 0.0001743 | consumed_samples: 350732288 | global_batch_size: 1024 | global_step: 342511 | reduced_train_loss: 2.169
Training epoch 2, iteration 342512/715787 | lr: 0.0001743 | consumed_samples: 350733312 | global_batch_size: 1024 | global_step: 342512 | reduced_train_loss: 2.174
Training epoch 2, iteration 342513/715787 | lr: 0.0001743 | consumed_samples: 350734336 | global_batch_size: 1024 | global_step: 342513 | reduced_train_loss: 2.18
Training epoch 2, iteration 342514/715787 | lr: 0.0001743 | consumed_samples: 350735360 | global_batch_size: 1024 | global_step: 342514 | reduced_train_loss: 2.188
Training epoch 2, iteration 342515/715787 | lr: 0.0001743 | consumed_samples: 350736384 | global_batch_size: 1024 | global_step: 342515 | reduced_train_loss: 2.171
Training epoch 2, iteration 342516/715787 | lr: 0.0001743 | consumed_samples: 350737408 | global_batch_size: 1024 | global_step: 342516 | reduced_train_loss: 2.199
Training epoch 2, iteration 342517/715787 | lr: 0.0001743 | consumed_samples: 350738432 | global_batch_size: 1024 | global_step: 342517 | reduced_train_loss: 2.178
Training epoch 2, iteration 342518/715787 | lr: 0.0001743 | consumed_samples: 350739456 | global_batch_size: 1024 | global_step: 342518 | reduced_train_loss: 2.165
Training epoch 2, iteration 342519/715787 | lr: 0.0001743 | consumed_samples: 350740480 | global_batch_size: 1024 | global_step: 342519 | reduced_train_loss: 2.185
Training epoch 2, iteration 342520/715787 | lr: 0.0001743 | consumed_samples: 350741504 | global_batch_size: 1024 | global_step: 342520 | reduced_train_loss: 2.188
Training epoch 2, iteration 342521/715787 | lr: 0.0001743 | consumed_samples: 350742528 | global_batch_size: 1024 | global_step: 342521 | reduced_train_loss: 2.157
Training epoch 2, iteration 342522/715787 | lr: 0.0001743 | consumed_samples: 350743552 | global_batch_size: 1024 | global_step: 342522 | reduced_train_loss: 2.179
Training epoch 2, iteration 342523/715787 | lr: 0.0001743 | consumed_samples: 350744576 | global_batch_size: 1024 | global_step: 342523 | reduced_train_loss: 2.193
Training epoch 2, iteration 342524/715787 | lr: 0.0001743 | consumed_samples: 350745600 | global_batch_size: 1024 | global_step: 342524 | reduced_train_loss: 2.165
Training epoch 2, iteration 342525/715787 | lr: 0.0001743 | consumed_samples: 350746624 | global_batch_size: 1024 | global_step: 342525 | reduced_train_loss: 2.182
Training epoch 2, iteration 342526/715787 | lr: 0.0001743 | consumed_samples: 350747648 | global_batch_size: 1024 | global_step: 342526 | reduced_train_loss: 2.179
Training epoch 2, iteration 342527/715787 | lr: 0.0001743 | consumed_samples: 350748672 | global_batch_size: 1024 | global_step: 342527 | reduced_train_loss: 2.162
Training epoch 2, iteration 342528/715787 | lr: 0.0001743 | consumed_samples: 350749696 | global_batch_size: 1024 | global_step: 342528 | reduced_train_loss: 2.164
Training epoch 2, iteration 342529/715787 | lr: 0.0001743 | consumed_samples: 350750720 | global_batch_size: 1024 | global_step: 342529 | reduced_train_loss: 2.161
Training epoch 2, iteration 342530/715787 | lr: 0.0001743 | consumed_samples: 350751744 | global_batch_size: 1024 | global_step: 342530 | reduced_train_loss: 2.18
Training epoch 2, iteration 342531/715787 | lr: 0.0001743 | consumed_samples: 350752768 | global_batch_size: 1024 | global_step: 342531 | reduced_train_loss: 2.195
Training epoch 2, iteration 342532/715787 | lr: 0.0001742 | consumed_samples: 350753792 | global_batch_size: 1024 | global_step: 342532 | reduced_train_loss: 2.195
Training epoch 2, iteration 342533/715787 | lr: 0.0001742 | consumed_samples: 350754816 | global_batch_size: 1024 | global_step: 342533 | reduced_train_loss: 2.186
Training epoch 2, iteration 342534/715787 | lr: 0.0001742 | consumed_samples: 350755840 | global_batch_size: 1024 | global_step: 342534 | reduced_train_loss: 2.181
Training epoch 2, iteration 342535/715787 | lr: 0.0001742 | consumed_samples: 350756864 | global_batch_size: 1024 | global_step: 342535 | reduced_train_loss: 2.186
Training epoch 2, iteration 342536/715787 | lr: 0.0001742 | consumed_samples: 350757888 | global_batch_size: 1024 | global_step: 342536 | reduced_train_loss: 2.184
Training epoch 2, iteration 342537/715787 | lr: 0.0001742 | consumed_samples: 350758912 | global_batch_size: 1024 | global_step: 342537 | reduced_train_loss: 2.178
Training epoch 2, iteration 342538/715787 | lr: 0.0001742 | consumed_samples: 350759936 | global_batch_size: 1024 | global_step: 342538 | reduced_train_loss: 2.195
Training epoch 2, iteration 342539/715787 | lr: 0.0001742 | consumed_samples: 350760960 | global_batch_size: 1024 | global_step: 342539 | reduced_train_loss: 2.194
Training epoch 2, iteration 342540/715787 | lr: 0.0001742 | consumed_samples: 350761984 | global_batch_size: 1024 | global_step: 342540 | reduced_train_loss: 2.187
Training epoch 2, iteration 342541/715787 | lr: 0.0001742 | consumed_samples: 350763008 | global_batch_size: 1024 | global_step: 342541 | reduced_train_loss: 2.185
Training epoch 2, iteration 342542/715787 | lr: 0.0001742 | consumed_samples: 350764032 | global_batch_size: 1024 | global_step: 342542 | reduced_train_loss: 2.173
Training epoch 2, iteration 342543/715787 | lr: 0.0001742 | consumed_samples: 350765056 | global_batch_size: 1024 | global_step: 342543 | reduced_train_loss: 2.181
Training epoch 2, iteration 342544/715787 | lr: 0.0001742 | consumed_samples: 350766080 | global_batch_size: 1024 | global_step: 342544 | reduced_train_loss: 2.188
Training epoch 2, iteration 342545/715787 | lr: 0.0001742 | consumed_samples: 350767104 | global_batch_size: 1024 | global_step: 342545 | reduced_train_loss: 2.179
Training epoch 2, iteration 342546/715787 | lr: 0.0001742 | consumed_samples: 350768128 | global_batch_size: 1024 | global_step: 342546 | reduced_train_loss: 2.168
Training epoch 2, iteration 342547/715787 | lr: 0.0001742 | consumed_samples: 350769152 | global_batch_size: 1024 | global_step: 342547 | reduced_train_loss: 2.187
Training epoch 2, iteration 342548/715787 | lr: 0.0001742 | consumed_samples: 350770176 | global_batch_size: 1024 | global_step: 342548 | reduced_train_loss: 2.191
Training epoch 2, iteration 342549/715787 | lr: 0.0001742 | consumed_samples: 350771200 | global_batch_size: 1024 | global_step: 342549 | reduced_train_loss: 2.178
Training epoch 2, iteration 342550/715787 | lr: 0.0001742 | consumed_samples: 350772224 | global_batch_size: 1024 | global_step: 342550 | reduced_train_loss: 2.166
Training epoch 2, iteration 342551/715787 | lr: 0.0001742 | consumed_samples: 350773248 | global_batch_size: 1024 | global_step: 342551 | reduced_train_loss: 2.166
Training epoch 2, iteration 342552/715787 | lr: 0.0001742 | consumed_samples: 350774272 | global_batch_size: 1024 | global_step: 342552 | reduced_train_loss: 2.19
Training epoch 2, iteration 342553/715787 | lr: 0.0001742 | consumed_samples: 350775296 | global_batch_size: 1024 | global_step: 342553 | reduced_train_loss: 2.187
Training epoch 2, iteration 342554/715787 | lr: 0.0001742 | consumed_samples: 350776320 | global_batch_size: 1024 | global_step: 342554 | reduced_train_loss: 2.189
Training epoch 2, iteration 342555/715787 | lr: 0.0001742 | consumed_samples: 350777344 | global_batch_size: 1024 | global_step: 342555 | reduced_train_loss: 2.161
Training epoch 2, iteration 342556/715787 | lr: 0.0001742 | consumed_samples: 350778368 | global_batch_size: 1024 | global_step: 342556 | reduced_train_loss: 2.189
Training epoch 2, iteration 342557/715787 | lr: 0.0001742 | consumed_samples: 350779392 | global_batch_size: 1024 | global_step: 342557 | reduced_train_loss: 2.175
Training epoch 2, iteration 342558/715787 | lr: 0.0001742 | consumed_samples: 350780416 | global_batch_size: 1024 | global_step: 342558 | reduced_train_loss: 2.177
Training epoch 2, iteration 342559/715787 | lr: 0.0001742 | consumed_samples: 350781440 | global_batch_size: 1024 | global_step: 342559 | reduced_train_loss: 2.185
Training epoch 2, iteration 342560/715787 | lr: 0.0001742 | consumed_samples: 350782464 | global_batch_size: 1024 | global_step: 342560 | reduced_train_loss: 2.178
Training epoch 2, iteration 342561/715787 | lr: 0.0001742 | consumed_samples: 350783488 | global_batch_size: 1024 | global_step: 342561 | reduced_train_loss: 2.189
Training epoch 2, iteration 342562/715787 | lr: 0.0001742 | consumed_samples: 350784512 | global_batch_size: 1024 | global_step: 342562 | reduced_train_loss: 2.181
Training epoch 2, iteration 342563/715787 | lr: 0.0001742 | consumed_samples: 350785536 | global_batch_size: 1024 | global_step: 342563 | reduced_train_loss: 2.18
Training epoch 2, iteration 342564/715787 | lr: 0.0001742 | consumed_samples: 350786560 | global_batch_size: 1024 | global_step: 342564 | reduced_train_loss: 2.167
Training epoch 2, iteration 342565/715787 | lr: 0.0001742 | consumed_samples: 350787584 | global_batch_size: 1024 | global_step: 342565 | reduced_train_loss: 2.186
Training epoch 2, iteration 342566/715787 | lr: 0.0001742 | consumed_samples: 350788608 | global_batch_size: 1024 | global_step: 342566 | reduced_train_loss: 2.178
Training epoch 2, iteration 342567/715787 | lr: 0.0001742 | consumed_samples: 350789632 | global_batch_size: 1024 | global_step: 342567 | reduced_train_loss: 2.167
Training epoch 2, iteration 342568/715787 | lr: 0.0001742 | consumed_samples: 350790656 | global_batch_size: 1024 | global_step: 342568 | reduced_train_loss: 2.178
Training epoch 2, iteration 342569/715787 | lr: 0.0001742 | consumed_samples: 350791680 | global_batch_size: 1024 | global_step: 342569 | reduced_train_loss: 2.192
Training epoch 2, iteration 342570/715787 | lr: 0.0001742 | consumed_samples: 350792704 | global_batch_size: 1024 | global_step: 342570 | reduced_train_loss: 2.17
Training epoch 2, iteration 342571/715787 | lr: 0.0001742 | consumed_samples: 350793728 | global_batch_size: 1024 | global_step: 342571 | reduced_train_loss: 2.179
Training epoch 2, iteration 342572/715787 | lr: 0.0001742 | consumed_samples: 350794752 | global_batch_size: 1024 | global_step: 342572 | reduced_train_loss: 2.185
Training epoch 2, iteration 342573/715787 | lr: 0.0001742 | consumed_samples: 350795776 | global_batch_size: 1024 | global_step: 342573 | reduced_train_loss: 2.202
Training epoch 2, iteration 342574/715787 | lr: 0.0001742 | consumed_samples: 350796800 | global_batch_size: 1024 | global_step: 342574 | reduced_train_loss: 2.179
Training epoch 2, iteration 342575/715787 | lr: 0.0001742 | consumed_samples: 350797824 | global_batch_size: 1024 | global_step: 342575 | reduced_train_loss: 2.183
Training epoch 2, iteration 342576/715787 | lr: 0.0001742 | consumed_samples: 350798848 | global_batch_size: 1024 | global_step: 342576 | reduced_train_loss: 2.197
Training epoch 2, iteration 342577/715787 | lr: 0.0001742 | consumed_samples: 350799872 | global_batch_size: 1024 | global_step: 342577 | reduced_train_loss: 2.171
Training epoch 2, iteration 342578/715787 | lr: 0.0001742 | consumed_samples: 350800896 | global_batch_size: 1024 | global_step: 342578 | reduced_train_loss: 2.211
Training epoch 2, iteration 342579/715787 | lr: 0.0001742 | consumed_samples: 350801920 | global_batch_size: 1024 | global_step: 342579 | reduced_train_loss: 2.181
Training epoch 2, iteration 342580/715787 | lr: 0.0001742 | consumed_samples: 350802944 | global_batch_size: 1024 | global_step: 342580 | reduced_train_loss: 2.176
Training epoch 2, iteration 342581/715787 | lr: 0.0001742 | consumed_samples: 350803968 | global_batch_size: 1024 | global_step: 342581 | reduced_train_loss: 2.181
Training epoch 2, iteration 342582/715787 | lr: 0.0001742 | consumed_samples: 350804992 | global_batch_size: 1024 | global_step: 342582 | reduced_train_loss: 2.186
Training epoch 2, iteration 342583/715787 | lr: 0.0001742 | consumed_samples: 350806016 | global_batch_size: 1024 | global_step: 342583 | reduced_train_loss: 2.178
Training epoch 2, iteration 342584/715787 | lr: 0.0001742 | consumed_samples: 350807040 | global_batch_size: 1024 | global_step: 342584 | reduced_train_loss: 2.176
Training epoch 2, iteration 342585/715787 | lr: 0.0001742 | consumed_samples: 350808064 | global_batch_size: 1024 | global_step: 342585 | reduced_train_loss: 2.17
Training epoch 2, iteration 342586/715787 | lr: 0.0001742 | consumed_samples: 350809088 | global_batch_size: 1024 | global_step: 342586 | reduced_train_loss: 2.161
Training epoch 2, iteration 342587/715787 | lr: 0.0001742 | consumed_samples: 350810112 | global_batch_size: 1024 | global_step: 342587 | reduced_train_loss: 2.18
Training epoch 2, iteration 342588/715787 | lr: 0.0001742 | consumed_samples: 350811136 | global_batch_size: 1024 | global_step: 342588 | reduced_train_loss: 2.175
Training epoch 2, iteration 342589/715787 | lr: 0.0001742 | consumed_samples: 350812160 | global_batch_size: 1024 | global_step: 342589 | reduced_train_loss: 2.191
Training epoch 2, iteration 342590/715787 | lr: 0.0001742 | consumed_samples: 350813184 | global_batch_size: 1024 | global_step: 342590 | reduced_train_loss: 2.157
Training epoch 2, iteration 342591/715787 | lr: 0.0001742 | consumed_samples: 350814208 | global_batch_size: 1024 | global_step: 342591 | reduced_train_loss: 2.193
Training epoch 2, iteration 342592/715787 | lr: 0.0001742 | consumed_samples: 350815232 | global_batch_size: 1024 | global_step: 342592 | reduced_train_loss: 2.177
Training epoch 2, iteration 342593/715787 | lr: 0.0001742 | consumed_samples: 350816256 | global_batch_size: 1024 | global_step: 342593 | reduced_train_loss: 2.188
Training epoch 2, iteration 342594/715787 | lr: 0.0001742 | consumed_samples: 350817280 | global_batch_size: 1024 | global_step: 342594 | reduced_train_loss: 2.172
Training epoch 2, iteration 342595/715787 | lr: 0.0001742 | consumed_samples: 350818304 | global_batch_size: 1024 | global_step: 342595 | reduced_train_loss: 2.182
Training epoch 2, iteration 342596/715787 | lr: 0.0001742 | consumed_samples: 350819328 | global_batch_size: 1024 | global_step: 342596 | reduced_train_loss: 2.171
Training epoch 2, iteration 342597/715787 | lr: 0.0001742 | consumed_samples: 350820352 | global_batch_size: 1024 | global_step: 342597 | reduced_train_loss: 2.178
Training epoch 2, iteration 342598/715787 | lr: 0.0001742 | consumed_samples: 350821376 | global_batch_size: 1024 | global_step: 342598 | reduced_train_loss: 2.177
[NeMo I 2026-04-30 15:00:40 nemo_logging:393] Running garbage collection at train global_step: 342600
Training epoch 2, iteration 342599/715787 | lr: 0.0001742 | consumed_samples: 350822400 | global_batch_size: 1024 | global_step: 342599 | reduced_train_loss: 2.173
Training epoch 2, iteration 342600/715787 | lr: 0.0001742 | consumed_samples: 350823424 | global_batch_size: 1024 | global_step: 342600 | reduced_train_loss: 2.169
Training epoch 2, iteration 342601/715787 | lr: 0.0001742 | consumed_samples: 350824448 | global_batch_size: 1024 | global_step: 342601 | reduced_train_loss: 2.191
Training epoch 2, iteration 342602/715787 | lr: 0.0001742 | consumed_samples: 350825472 | global_batch_size: 1024 | global_step: 342602 | reduced_train_loss: 2.177
Training epoch 2, iteration 342603/715787 | lr: 0.0001742 | consumed_samples: 350826496 | global_batch_size: 1024 | global_step: 342603 | reduced_train_loss: 2.195
Training epoch 2, iteration 342604/715787 | lr: 0.0001742 | consumed_samples: 350827520 | global_batch_size: 1024 | global_step: 342604 | reduced_train_loss: 2.193
Training epoch 2, iteration 342605/715787 | lr: 0.0001742 | consumed_samples: 350828544 | global_batch_size: 1024 | global_step: 342605 | reduced_train_loss: 2.179
Training epoch 2, iteration 342606/715787 | lr: 0.0001742 | consumed_samples: 350829568 | global_batch_size: 1024 | global_step: 342606 | reduced_train_loss: 2.158
Training epoch 2, iteration 342607/715787 | lr: 0.0001742 | consumed_samples: 350830592 | global_batch_size: 1024 | global_step: 342607 | reduced_train_loss: 2.177
Training epoch 2, iteration 342608/715787 | lr: 0.0001742 | consumed_samples: 350831616 | global_batch_size: 1024 | global_step: 342608 | reduced_train_loss: 2.187
Training epoch 2, iteration 342609/715787 | lr: 0.0001742 | consumed_samples: 350832640 | global_batch_size: 1024 | global_step: 342609 | reduced_train_loss: 2.174
Training epoch 2, iteration 342610/715787 | lr: 0.0001742 | consumed_samples: 350833664 | global_batch_size: 1024 | global_step: 342610 | reduced_train_loss: 2.17
Training epoch 2, iteration 342611/715787 | lr: 0.0001742 | consumed_samples: 350834688 | global_batch_size: 1024 | global_step: 342611 | reduced_train_loss: 2.176
Training epoch 2, iteration 342612/715787 | lr: 0.0001742 | consumed_samples: 350835712 | global_batch_size: 1024 | global_step: 342612 | reduced_train_loss: 2.179
Training epoch 2, iteration 342613/715787 | lr: 0.0001742 | consumed_samples: 350836736 | global_batch_size: 1024 | global_step: 342613 | reduced_train_loss: 2.177
Training epoch 2, iteration 342614/715787 | lr: 0.0001742 | consumed_samples: 350837760 | global_batch_size: 1024 | global_step: 342614 | reduced_train_loss: 2.174
Training epoch 2, iteration 342615/715787 | lr: 0.0001742 | consumed_samples: 350838784 | global_batch_size: 1024 | global_step: 342615 | reduced_train_loss: 2.18
Training epoch 2, iteration 342616/715787 | lr: 0.0001742 | consumed_samples: 350839808 | global_batch_size: 1024 | global_step: 342616 | reduced_train_loss: 2.169
Training epoch 2, iteration 342617/715787 | lr: 0.0001742 | consumed_samples: 350840832 | global_batch_size: 1024 | global_step: 342617 | reduced_train_loss: 2.172
Training epoch 2, iteration 342618/715787 | lr: 0.0001742 | consumed_samples: 350841856 | global_batch_size: 1024 | global_step: 342618 | reduced_train_loss: 2.165
Training epoch 2, iteration 342619/715787 | lr: 0.0001742 | consumed_samples: 350842880 | global_batch_size: 1024 | global_step: 342619 | reduced_train_loss: 2.173
Training epoch 2, iteration 342620/715787 | lr: 0.0001742 | consumed_samples: 350843904 | global_batch_size: 1024 | global_step: 342620 | reduced_train_loss: 2.174
Training epoch 2, iteration 342621/715787 | lr: 0.0001742 | consumed_samples: 350844928 | global_batch_size: 1024 | global_step: 342621 | reduced_train_loss: 2.2
Training epoch 2, iteration 342622/715787 | lr: 0.0001742 | consumed_samples: 350845952 | global_batch_size: 1024 | global_step: 342622 | reduced_train_loss: 2.18
Training epoch 2, iteration 342623/715787 | lr: 0.0001742 | consumed_samples: 350846976 | global_batch_size: 1024 | global_step: 342623 | reduced_train_loss: 2.182
Training epoch 2, iteration 342624/715787 | lr: 0.0001742 | consumed_samples: 350848000 | global_batch_size: 1024 | global_step: 342624 | reduced_train_loss: 2.163
Training epoch 2, iteration 342625/715787 | lr: 0.0001742 | consumed_samples: 350849024 | global_batch_size: 1024 | global_step: 342625 | reduced_train_loss: 2.191
Training epoch 2, iteration 342626/715787 | lr: 0.0001742 | consumed_samples: 350850048 | global_batch_size: 1024 | global_step: 342626 | reduced_train_loss: 2.178
Training epoch 2, iteration 342627/715787 | lr: 0.0001742 | consumed_samples: 350851072 | global_batch_size: 1024 | global_step: 342627 | reduced_train_loss: 2.182
Training epoch 2, iteration 342628/715787 | lr: 0.0001742 | consumed_samples: 350852096 | global_batch_size: 1024 | global_step: 342628 | reduced_train_loss: 2.183
Training epoch 2, iteration 342629/715787 | lr: 0.0001742 | consumed_samples: 350853120 | global_batch_size: 1024 | global_step: 342629 | reduced_train_loss: 2.192
Training epoch 2, iteration 342630/715787 | lr: 0.0001742 | consumed_samples: 350854144 | global_batch_size: 1024 | global_step: 342630 | reduced_train_loss: 2.183
Training epoch 2, iteration 342631/715787 | lr: 0.0001742 | consumed_samples: 350855168 | global_batch_size: 1024 | global_step: 342631 | reduced_train_loss: 2.198
Training epoch 2, iteration 342632/715787 | lr: 0.0001742 | consumed_samples: 350856192 | global_batch_size: 1024 | global_step: 342632 | reduced_train_loss: 2.193
Training epoch 2, iteration 342633/715787 | lr: 0.0001742 | consumed_samples: 350857216 | global_batch_size: 1024 | global_step: 342633 | reduced_train_loss: 2.174
Training epoch 2, iteration 342634/715787 | lr: 0.0001742 | consumed_samples: 350858240 | global_batch_size: 1024 | global_step: 342634 | reduced_train_loss: 2.198
Training epoch 2, iteration 342635/715787 | lr: 0.0001742 | consumed_samples: 350859264 | global_batch_size: 1024 | global_step: 342635 | reduced_train_loss: 2.16
Training epoch 2, iteration 342636/715787 | lr: 0.0001742 | consumed_samples: 350860288 | global_batch_size: 1024 | global_step: 342636 | reduced_train_loss: 2.188
Training epoch 2, iteration 342637/715787 | lr: 0.0001742 | consumed_samples: 350861312 | global_batch_size: 1024 | global_step: 342637 | reduced_train_loss: 2.186
Training epoch 2, iteration 342638/715787 | lr: 0.0001742 | consumed_samples: 350862336 | global_batch_size: 1024 | global_step: 342638 | reduced_train_loss: 2.184
Training epoch 2, iteration 342639/715787 | lr: 0.0001742 | consumed_samples: 350863360 | global_batch_size: 1024 | global_step: 342639 | reduced_train_loss: 2.183
Training epoch 2, iteration 342640/715787 | lr: 0.0001742 | consumed_samples: 350864384 | global_batch_size: 1024 | global_step: 342640 | reduced_train_loss: 2.184
Training epoch 2, iteration 342641/715787 | lr: 0.0001742 | consumed_samples: 350865408 | global_batch_size: 1024 | global_step: 342641 | reduced_train_loss: 2.187
Training epoch 2, iteration 342642/715787 | lr: 0.0001742 | consumed_samples: 350866432 | global_batch_size: 1024 | global_step: 342642 | reduced_train_loss: 2.167
Training epoch 2, iteration 342643/715787 | lr: 0.0001742 | consumed_samples: 350867456 | global_batch_size: 1024 | global_step: 342643 | reduced_train_loss: 2.193
Training epoch 2, iteration 342644/715787 | lr: 0.0001742 | consumed_samples: 350868480 | global_batch_size: 1024 | global_step: 342644 | reduced_train_loss: 2.203
Training epoch 2, iteration 342645/715787 | lr: 0.0001742 | consumed_samples: 350869504 | global_batch_size: 1024 | global_step: 342645 | reduced_train_loss: 2.176
Training epoch 2, iteration 342646/715787 | lr: 0.0001742 | consumed_samples: 350870528 | global_batch_size: 1024 | global_step: 342646 | reduced_train_loss: 2.166
Training epoch 2, iteration 342647/715787 | lr: 0.0001742 | consumed_samples: 350871552 | global_batch_size: 1024 | global_step: 342647 | reduced_train_loss: 2.19
Training epoch 2, iteration 342648/715787 | lr: 0.0001742 | consumed_samples: 350872576 | global_batch_size: 1024 | global_step: 342648 | reduced_train_loss: 2.188
Training epoch 2, iteration 342649/715787 | lr: 0.0001742 | consumed_samples: 350873600 | global_batch_size: 1024 | global_step: 342649 | reduced_train_loss: 2.175
Training epoch 2, iteration 342650/715787 | lr: 0.0001742 | consumed_samples: 350874624 | global_batch_size: 1024 | global_step: 342650 | reduced_train_loss: 2.195
Training epoch 2, iteration 342651/715787 | lr: 0.0001742 | consumed_samples: 350875648 | global_batch_size: 1024 | global_step: 342651 | reduced_train_loss: 2.176
Training epoch 2, iteration 342652/715787 | lr: 0.0001742 | consumed_samples: 350876672 | global_batch_size: 1024 | global_step: 342652 | reduced_train_loss: 2.172
Training epoch 2, iteration 342653/715787 | lr: 0.0001742 | consumed_samples: 350877696 | global_batch_size: 1024 | global_step: 342653 | reduced_train_loss: 2.184
Training epoch 2, iteration 342654/715787 | lr: 0.0001742 | consumed_samples: 350878720 | global_batch_size: 1024 | global_step: 342654 | reduced_train_loss: 2.18
Training epoch 2, iteration 342655/715787 | lr: 0.0001742 | consumed_samples: 350879744 | global_batch_size: 1024 | global_step: 342655 | reduced_train_loss: 2.196
Training epoch 2, iteration 342656/715787 | lr: 0.0001742 | consumed_samples: 350880768 | global_batch_size: 1024 | global_step: 342656 | reduced_train_loss: 2.162
Training epoch 2, iteration 342657/715787 | lr: 0.0001742 | consumed_samples: 350881792 | global_batch_size: 1024 | global_step: 342657 | reduced_train_loss: 2.168
Training epoch 2, iteration 342658/715787 | lr: 0.0001742 | consumed_samples: 350882816 | global_batch_size: 1024 | global_step: 342658 | reduced_train_loss: 2.189
Training epoch 2, iteration 342659/715787 | lr: 0.0001742 | consumed_samples: 350883840 | global_batch_size: 1024 | global_step: 342659 | reduced_train_loss: 2.178
Training epoch 2, iteration 342660/715787 | lr: 0.0001742 | consumed_samples: 350884864 | global_batch_size: 1024 | global_step: 342660 | reduced_train_loss: 2.18
Training epoch 2, iteration 342661/715787 | lr: 0.0001742 | consumed_samples: 350885888 | global_batch_size: 1024 | global_step: 342661 | reduced_train_loss: 2.167
Training epoch 2, iteration 342662/715787 | lr: 0.0001742 | consumed_samples: 350886912 | global_batch_size: 1024 | global_step: 342662 | reduced_train_loss: 2.177
Training epoch 2, iteration 342663/715787 | lr: 0.0001742 | consumed_samples: 350887936 | global_batch_size: 1024 | global_step: 342663 | reduced_train_loss: 2.157
Training epoch 2, iteration 342664/715787 | lr: 0.0001742 | consumed_samples: 350888960 | global_batch_size: 1024 | global_step: 342664 | reduced_train_loss: 2.161
Training epoch 2, iteration 342665/715787 | lr: 0.0001742 | consumed_samples: 350889984 | global_batch_size: 1024 | global_step: 342665 | reduced_train_loss: 2.184
Training epoch 2, iteration 342666/715787 | lr: 0.0001742 | consumed_samples: 350891008 | global_batch_size: 1024 | global_step: 342666 | reduced_train_loss: 2.194
Training epoch 2, iteration 342667/715787 | lr: 0.0001742 | consumed_samples: 350892032 | global_batch_size: 1024 | global_step: 342667 | reduced_train_loss: 2.187
Training epoch 2, iteration 342668/715787 | lr: 0.0001742 | consumed_samples: 350893056 | global_batch_size: 1024 | global_step: 342668 | reduced_train_loss: 2.19
Training epoch 2, iteration 342669/715787 | lr: 0.0001742 | consumed_samples: 350894080 | global_batch_size: 1024 | global_step: 342669 | reduced_train_loss: 2.194
Training epoch 2, iteration 342670/715787 | lr: 0.0001742 | consumed_samples: 350895104 | global_batch_size: 1024 | global_step: 342670 | reduced_train_loss: 2.154
Training epoch 2, iteration 342671/715787 | lr: 0.0001742 | consumed_samples: 350896128 | global_batch_size: 1024 | global_step: 342671 | reduced_train_loss: 2.175
Training epoch 2, iteration 342672/715787 | lr: 0.0001742 | consumed_samples: 350897152 | global_batch_size: 1024 | global_step: 342672 | reduced_train_loss: 2.179
Training epoch 2, iteration 342673/715787 | lr: 0.0001742 | consumed_samples: 350898176 | global_batch_size: 1024 | global_step: 342673 | reduced_train_loss: 2.195
Training epoch 2, iteration 342674/715787 | lr: 0.0001742 | consumed_samples: 350899200 | global_batch_size: 1024 | global_step: 342674 | reduced_train_loss: 2.176
Training epoch 2, iteration 342675/715787 | lr: 0.0001742 | consumed_samples: 350900224 | global_batch_size: 1024 | global_step: 342675 | reduced_train_loss: 2.169
Training epoch 2, iteration 342676/715787 | lr: 0.0001742 | consumed_samples: 350901248 | global_batch_size: 1024 | global_step: 342676 | reduced_train_loss: 2.183
Training epoch 2, iteration 342677/715787 | lr: 0.0001742 | consumed_samples: 350902272 | global_batch_size: 1024 | global_step: 342677 | reduced_train_loss: 2.19
Training epoch 2, iteration 342678/715787 | lr: 0.0001742 | consumed_samples: 350903296 | global_batch_size: 1024 | global_step: 342678 | reduced_train_loss: 2.19
Training epoch 2, iteration 342679/715787 | lr: 0.0001742 | consumed_samples: 350904320 | global_batch_size: 1024 | global_step: 342679 | reduced_train_loss: 2.174
Training epoch 2, iteration 342680/715787 | lr: 0.0001742 | consumed_samples: 350905344 | global_batch_size: 1024 | global_step: 342680 | reduced_train_loss: 2.176
Training epoch 2, iteration 342681/715787 | lr: 0.0001742 | consumed_samples: 350906368 | global_batch_size: 1024 | global_step: 342681 | reduced_train_loss: 2.178
Training epoch 2, iteration 342682/715787 | lr: 0.0001742 | consumed_samples: 350907392 | global_batch_size: 1024 | global_step: 342682 | reduced_train_loss: 2.174
Training epoch 2, iteration 342683/715787 | lr: 0.0001742 | consumed_samples: 350908416 | global_batch_size: 1024 | global_step: 342683 | reduced_train_loss: 2.183
Training epoch 2, iteration 342684/715787 | lr: 0.0001742 | consumed_samples: 350909440 | global_batch_size: 1024 | global_step: 342684 | reduced_train_loss: 2.174
Training epoch 2, iteration 342685/715787 | lr: 0.0001742 | consumed_samples: 350910464 | global_batch_size: 1024 | global_step: 342685 | reduced_train_loss: 2.163
Training epoch 2, iteration 342686/715787 | lr: 0.0001742 | consumed_samples: 350911488 | global_batch_size: 1024 | global_step: 342686 | reduced_train_loss: 2.185
Training epoch 2, iteration 342687/715787 | lr: 0.0001742 | consumed_samples: 350912512 | global_batch_size: 1024 | global_step: 342687 | reduced_train_loss: 2.171
Training epoch 2, iteration 342688/715787 | lr: 0.0001742 | consumed_samples: 350913536 | global_batch_size: 1024 | global_step: 342688 | reduced_train_loss: 2.152
Training epoch 2, iteration 342689/715787 | lr: 0.0001742 | consumed_samples: 350914560 | global_batch_size: 1024 | global_step: 342689 | reduced_train_loss: 2.167
Training epoch 2, iteration 342690/715787 | lr: 0.0001742 | consumed_samples: 350915584 | global_batch_size: 1024 | global_step: 342690 | reduced_train_loss: 2.167
Training epoch 2, iteration 342691/715787 | lr: 0.0001742 | consumed_samples: 350916608 | global_batch_size: 1024 | global_step: 342691 | reduced_train_loss: 2.177
Training epoch 2, iteration 342692/715787 | lr: 0.0001742 | consumed_samples: 350917632 | global_batch_size: 1024 | global_step: 342692 | reduced_train_loss: 2.165
Training epoch 2, iteration 342693/715787 | lr: 0.0001742 | consumed_samples: 350918656 | global_batch_size: 1024 | global_step: 342693 | reduced_train_loss: 2.179
Training epoch 2, iteration 342694/715787 | lr: 0.0001742 | consumed_samples: 350919680 | global_batch_size: 1024 | global_step: 342694 | reduced_train_loss: 2.193
Training epoch 2, iteration 342695/715787 | lr: 0.0001742 | consumed_samples: 350920704 | global_batch_size: 1024 | global_step: 342695 | reduced_train_loss: 2.172
Training epoch 2, iteration 342696/715787 | lr: 0.0001742 | consumed_samples: 350921728 | global_batch_size: 1024 | global_step: 342696 | reduced_train_loss: 2.184
Training epoch 2, iteration 342697/715787 | lr: 0.0001742 | consumed_samples: 350922752 | global_batch_size: 1024 | global_step: 342697 | reduced_train_loss: 2.181
Training epoch 2, iteration 342698/715787 | lr: 0.0001742 | consumed_samples: 350923776 | global_batch_size: 1024 | global_step: 342698 | reduced_train_loss: 2.197
[NeMo I 2026-04-30 15:29:09 nemo_logging:393] Running garbage collection at train global_step: 342700
Training epoch 2, iteration 342699/715787 | lr: 0.0001742 | consumed_samples: 350924800 | global_batch_size: 1024 | global_step: 342699 | reduced_train_loss: 2.173
Training epoch 2, iteration 342700/715787 | lr: 0.0001742 | consumed_samples: 350925824 | global_batch_size: 1024 | global_step: 342700 | reduced_train_loss: 2.2
Training epoch 2, iteration 342701/715787 | lr: 0.0001741 | consumed_samples: 350926848 | global_batch_size: 1024 | global_step: 342701 | reduced_train_loss: 2.18
Training epoch 2, iteration 342702/715787 | lr: 0.0001741 | consumed_samples: 350927872 | global_batch_size: 1024 | global_step: 342702 | reduced_train_loss: 2.161
Training epoch 2, iteration 342703/715787 | lr: 0.0001741 | consumed_samples: 350928896 | global_batch_size: 1024 | global_step: 342703 | reduced_train_loss: 2.193
Training epoch 2, iteration 342704/715787 | lr: 0.0001741 | consumed_samples: 350929920 | global_batch_size: 1024 | global_step: 342704 | reduced_train_loss: 2.172
Training epoch 2, iteration 342705/715787 | lr: 0.0001741 | consumed_samples: 350930944 | global_batch_size: 1024 | global_step: 342705 | reduced_train_loss: 2.189
Training epoch 2, iteration 342706/715787 | lr: 0.0001741 | consumed_samples: 350931968 | global_batch_size: 1024 | global_step: 342706 | reduced_train_loss: 2.162
Training epoch 2, iteration 342707/715787 | lr: 0.0001741 | consumed_samples: 350932992 | global_batch_size: 1024 | global_step: 342707 | reduced_train_loss: 2.173
Training epoch 2, iteration 342708/715787 | lr: 0.0001741 | consumed_samples: 350934016 | global_batch_size: 1024 | global_step: 342708 | reduced_train_loss: 2.186
Training epoch 2, iteration 342709/715787 | lr: 0.0001741 | consumed_samples: 350935040 | global_batch_size: 1024 | global_step: 342709 | reduced_train_loss: 2.179
Training epoch 2, iteration 342710/715787 | lr: 0.0001741 | consumed_samples: 350936064 | global_batch_size: 1024 | global_step: 342710 | reduced_train_loss: 2.173
Training epoch 2, iteration 342711/715787 | lr: 0.0001741 | consumed_samples: 350937088 | global_batch_size: 1024 | global_step: 342711 | reduced_train_loss: 2.188
Training epoch 2, iteration 342712/715787 | lr: 0.0001741 | consumed_samples: 350938112 | global_batch_size: 1024 | global_step: 342712 | reduced_train_loss: 2.189
Training epoch 2, iteration 342713/715787 | lr: 0.0001741 | consumed_samples: 350939136 | global_batch_size: 1024 | global_step: 342713 | reduced_train_loss: 2.172
Training epoch 2, iteration 342714/715787 | lr: 0.0001741 | consumed_samples: 350940160 | global_batch_size: 1024 | global_step: 342714 | reduced_train_loss: 2.193
Training epoch 2, iteration 342715/715787 | lr: 0.0001741 | consumed_samples: 350941184 | global_batch_size: 1024 | global_step: 342715 | reduced_train_loss: 2.188
Training epoch 2, iteration 342716/715787 | lr: 0.0001741 | consumed_samples: 350942208 | global_batch_size: 1024 | global_step: 342716 | reduced_train_loss: 2.18
Training epoch 2, iteration 342717/715787 | lr: 0.0001741 | consumed_samples: 350943232 | global_batch_size: 1024 | global_step: 342717 | reduced_train_loss: 2.184
Training epoch 2, iteration 342718/715787 | lr: 0.0001741 | consumed_samples: 350944256 | global_batch_size: 1024 | global_step: 342718 | reduced_train_loss: 2.198
Training epoch 2, iteration 342719/715787 | lr: 0.0001741 | consumed_samples: 350945280 | global_batch_size: 1024 | global_step: 342719 | reduced_train_loss: 2.195
Training epoch 2, iteration 342720/715787 | lr: 0.0001741 | consumed_samples: 350946304 | global_batch_size: 1024 | global_step: 342720 | reduced_train_loss: 2.181
Training epoch 2, iteration 342721/715787 | lr: 0.0001741 | consumed_samples: 350947328 | global_batch_size: 1024 | global_step: 342721 | reduced_train_loss: 2.186
Training epoch 2, iteration 342722/715787 | lr: 0.0001741 | consumed_samples: 350948352 | global_batch_size: 1024 | global_step: 342722 | reduced_train_loss: 2.189
Training epoch 2, iteration 342723/715787 | lr: 0.0001741 | consumed_samples: 350949376 | global_batch_size: 1024 | global_step: 342723 | reduced_train_loss: 2.182
Training epoch 2, iteration 342724/715787 | lr: 0.0001741 | consumed_samples: 350950400 | global_batch_size: 1024 | global_step: 342724 | reduced_train_loss: 2.17
Training epoch 2, iteration 342725/715787 | lr: 0.0001741 | consumed_samples: 350951424 | global_batch_size: 1024 | global_step: 342725 | reduced_train_loss: 2.185
Training epoch 2, iteration 342726/715787 | lr: 0.0001741 | consumed_samples: 350952448 | global_batch_size: 1024 | global_step: 342726 | reduced_train_loss: 2.176
Training epoch 2, iteration 342727/715787 | lr: 0.0001741 | consumed_samples: 350953472 | global_batch_size: 1024 | global_step: 342727 | reduced_train_loss: 2.174
Training epoch 2, iteration 342728/715787 | lr: 0.0001741 | consumed_samples: 350954496 | global_batch_size: 1024 | global_step: 342728 | reduced_train_loss: 2.182
Training epoch 2, iteration 342729/715787 | lr: 0.0001741 | consumed_samples: 350955520 | global_batch_size: 1024 | global_step: 342729 | reduced_train_loss: 2.185
Training epoch 2, iteration 342730/715787 | lr: 0.0001741 | consumed_samples: 350956544 | global_batch_size: 1024 | global_step: 342730 | reduced_train_loss: 2.162
Training epoch 2, iteration 342731/715787 | lr: 0.0001741 | consumed_samples: 350957568 | global_batch_size: 1024 | global_step: 342731 | reduced_train_loss: 2.187
Training epoch 2, iteration 342732/715787 | lr: 0.0001741 | consumed_samples: 350958592 | global_batch_size: 1024 | global_step: 342732 | reduced_train_loss: 2.204
Training epoch 2, iteration 342733/715787 | lr: 0.0001741 | consumed_samples: 350959616 | global_batch_size: 1024 | global_step: 342733 | reduced_train_loss: 2.186
Training epoch 2, iteration 342734/715787 | lr: 0.0001741 | consumed_samples: 350960640 | global_batch_size: 1024 | global_step: 342734 | reduced_train_loss: 2.183
Training epoch 2, iteration 342735/715787 | lr: 0.0001741 | consumed_samples: 350961664 | global_batch_size: 1024 | global_step: 342735 | reduced_train_loss: 2.189
Training epoch 2, iteration 342736/715787 | lr: 0.0001741 | consumed_samples: 350962688 | global_batch_size: 1024 | global_step: 342736 | reduced_train_loss: 2.186
Training epoch 2, iteration 342737/715787 | lr: 0.0001741 | consumed_samples: 350963712 | global_batch_size: 1024 | global_step: 342737 | reduced_train_loss: 2.167
Training epoch 2, iteration 342738/715787 | lr: 0.0001741 | consumed_samples: 350964736 | global_batch_size: 1024 | global_step: 342738 | reduced_train_loss: 2.18
Training epoch 2, iteration 342739/715787 | lr: 0.0001741 | consumed_samples: 350965760 | global_batch_size: 1024 | global_step: 342739 | reduced_train_loss: 2.176
Training epoch 2, iteration 342740/715787 | lr: 0.0001741 | consumed_samples: 350966784 | global_batch_size: 1024 | global_step: 342740 | reduced_train_loss: 2.186
Training epoch 2, iteration 342741/715787 | lr: 0.0001741 | consumed_samples: 350967808 | global_batch_size: 1024 | global_step: 342741 | reduced_train_loss: 2.173
Training epoch 2, iteration 342742/715787 | lr: 0.0001741 | consumed_samples: 350968832 | global_batch_size: 1024 | global_step: 342742 | reduced_train_loss: 2.181
Training epoch 2, iteration 342743/715787 | lr: 0.0001741 | consumed_samples: 350969856 | global_batch_size: 1024 | global_step: 342743 | reduced_train_loss: 2.188
Training epoch 2, iteration 342744/715787 | lr: 0.0001741 | consumed_samples: 350970880 | global_batch_size: 1024 | global_step: 342744 | reduced_train_loss: 2.183
Training epoch 2, iteration 342745/715787 | lr: 0.0001741 | consumed_samples: 350971904 | global_batch_size: 1024 | global_step: 342745 | reduced_train_loss: 2.164
Training epoch 2, iteration 342746/715787 | lr: 0.0001741 | consumed_samples: 350972928 | global_batch_size: 1024 | global_step: 342746 | reduced_train_loss: 2.21
Training epoch 2, iteration 342747/715787 | lr: 0.0001741 | consumed_samples: 350973952 | global_batch_size: 1024 | global_step: 342747 | reduced_train_loss: 2.178
Training epoch 2, iteration 342748/715787 | lr: 0.0001741 | consumed_samples: 350974976 | global_batch_size: 1024 | global_step: 342748 | reduced_train_loss: 2.198
Training epoch 2, iteration 342749/715787 | lr: 0.0001741 | consumed_samples: 350976000 | global_batch_size: 1024 | global_step: 342749 | reduced_train_loss: 2.191
Training epoch 2, iteration 342750/715787 | lr: 0.0001741 | consumed_samples: 350977024 | global_batch_size: 1024 | global_step: 342750 | reduced_train_loss: 2.183
Training epoch 2, iteration 342751/715787 | lr: 0.0001741 | consumed_samples: 350978048 | global_batch_size: 1024 | global_step: 342751 | reduced_train_loss: 2.173
Training epoch 2, iteration 342752/715787 | lr: 0.0001741 | consumed_samples: 350979072 | global_batch_size: 1024 | global_step: 342752 | reduced_train_loss: 2.176
Training epoch 2, iteration 342753/715787 | lr: 0.0001741 | consumed_samples: 350980096 | global_batch_size: 1024 | global_step: 342753 | reduced_train_loss: 2.19
Training epoch 2, iteration 342754/715787 | lr: 0.0001741 | consumed_samples: 350981120 | global_batch_size: 1024 | global_step: 342754 | reduced_train_loss: 2.182
Training epoch 2, iteration 342755/715787 | lr: 0.0001741 | consumed_samples: 350982144 | global_batch_size: 1024 | global_step: 342755 | reduced_train_loss: 2.175
Training epoch 2, iteration 342756/715787 | lr: 0.0001741 | consumed_samples: 350983168 | global_batch_size: 1024 | global_step: 342756 | reduced_train_loss: 2.175
Training epoch 2, iteration 342757/715787 | lr: 0.0001741 | consumed_samples: 350984192 | global_batch_size: 1024 | global_step: 342757 | reduced_train_loss: 2.185
Training epoch 2, iteration 342758/715787 | lr: 0.0001741 | consumed_samples: 350985216 | global_batch_size: 1024 | global_step: 342758 | reduced_train_loss: 2.183
Training epoch 2, iteration 342759/715787 | lr: 0.0001741 | consumed_samples: 350986240 | global_batch_size: 1024 | global_step: 342759 | reduced_train_loss: 2.175
Training epoch 2, iteration 342760/715787 | lr: 0.0001741 | consumed_samples: 350987264 | global_batch_size: 1024 | global_step: 342760 | reduced_train_loss: 2.181
Training epoch 2, iteration 342761/715787 | lr: 0.0001741 | consumed_samples: 350988288 | global_batch_size: 1024 | global_step: 342761 | reduced_train_loss: 2.182
Training epoch 2, iteration 342762/715787 | lr: 0.0001741 | consumed_samples: 350989312 | global_batch_size: 1024 | global_step: 342762 | reduced_train_loss: 2.169
Training epoch 2, iteration 342763/715787 | lr: 0.0001741 | consumed_samples: 350990336 | global_batch_size: 1024 | global_step: 342763 | reduced_train_loss: 2.178
Training epoch 2, iteration 342764/715787 | lr: 0.0001741 | consumed_samples: 350991360 | global_batch_size: 1024 | global_step: 342764 | reduced_train_loss: 2.191
Training epoch 2, iteration 342765/715787 | lr: 0.0001741 | consumed_samples: 350992384 | global_batch_size: 1024 | global_step: 342765 | reduced_train_loss: 2.204
Training epoch 2, iteration 342766/715787 | lr: 0.0001741 | consumed_samples: 350993408 | global_batch_size: 1024 | global_step: 342766 | reduced_train_loss: 2.161
Training epoch 2, iteration 342767/715787 | lr: 0.0001741 | consumed_samples: 350994432 | global_batch_size: 1024 | global_step: 342767 | reduced_train_loss: 2.182
Training epoch 2, iteration 342768/715787 | lr: 0.0001741 | consumed_samples: 350995456 | global_batch_size: 1024 | global_step: 342768 | reduced_train_loss: 2.17
Training epoch 2, iteration 342769/715787 | lr: 0.0001741 | consumed_samples: 350996480 | global_batch_size: 1024 | global_step: 342769 | reduced_train_loss: 2.197
Training epoch 2, iteration 342770/715787 | lr: 0.0001741 | consumed_samples: 350997504 | global_batch_size: 1024 | global_step: 342770 | reduced_train_loss: 2.163
Training epoch 2, iteration 342771/715787 | lr: 0.0001741 | consumed_samples: 350998528 | global_batch_size: 1024 | global_step: 342771 | reduced_train_loss: 2.193
Training epoch 2, iteration 342772/715787 | lr: 0.0001741 | consumed_samples: 350999552 | global_batch_size: 1024 | global_step: 342772 | reduced_train_loss: 2.189
Training epoch 2, iteration 342773/715787 | lr: 0.0001741 | consumed_samples: 351000576 | global_batch_size: 1024 | global_step: 342773 | reduced_train_loss: 2.185
Training epoch 2, iteration 342774/715787 | lr: 0.0001741 | consumed_samples: 351001600 | global_batch_size: 1024 | global_step: 342774 | reduced_train_loss: 2.185
Training epoch 2, iteration 342775/715787 | lr: 0.0001741 | consumed_samples: 351002624 | global_batch_size: 1024 | global_step: 342775 | reduced_train_loss: 2.21
Training epoch 2, iteration 342776/715787 | lr: 0.0001741 | consumed_samples: 351003648 | global_batch_size: 1024 | global_step: 342776 | reduced_train_loss: 2.189
Training epoch 2, iteration 342777/715787 | lr: 0.0001741 | consumed_samples: 351004672 | global_batch_size: 1024 | global_step: 342777 | reduced_train_loss: 2.188
Training epoch 2, iteration 342778/715787 | lr: 0.0001741 | consumed_samples: 351005696 | global_batch_size: 1024 | global_step: 342778 | reduced_train_loss: 2.181
Training epoch 2, iteration 342779/715787 | lr: 0.0001741 | consumed_samples: 351006720 | global_batch_size: 1024 | global_step: 342779 | reduced_train_loss: 2.205
Training epoch 2, iteration 342780/715787 | lr: 0.0001741 | consumed_samples: 351007744 | global_batch_size: 1024 | global_step: 342780 | reduced_train_loss: 2.167
Training epoch 2, iteration 342781/715787 | lr: 0.0001741 | consumed_samples: 351008768 | global_batch_size: 1024 | global_step: 342781 | reduced_train_loss: 2.184
Training epoch 2, iteration 342782/715787 | lr: 0.0001741 | consumed_samples: 351009792 | global_batch_size: 1024 | global_step: 342782 | reduced_train_loss: 2.182
Training epoch 2, iteration 342783/715787 | lr: 0.0001741 | consumed_samples: 351010816 | global_batch_size: 1024 | global_step: 342783 | reduced_train_loss: 2.172
Training epoch 2, iteration 342784/715787 | lr: 0.0001741 | consumed_samples: 351011840 | global_batch_size: 1024 | global_step: 342784 | reduced_train_loss: 2.177
Training epoch 2, iteration 342785/715787 | lr: 0.0001741 | consumed_samples: 351012864 | global_batch_size: 1024 | global_step: 342785 | reduced_train_loss: 2.19
Training epoch 2, iteration 342786/715787 | lr: 0.0001741 | consumed_samples: 351013888 | global_batch_size: 1024 | global_step: 342786 | reduced_train_loss: 2.18
Training epoch 2, iteration 342787/715787 | lr: 0.0001741 | consumed_samples: 351014912 | global_batch_size: 1024 | global_step: 342787 | reduced_train_loss: 2.172
Training epoch 2, iteration 342788/715787 | lr: 0.0001741 | consumed_samples: 351015936 | global_batch_size: 1024 | global_step: 342788 | reduced_train_loss: 2.17
Training epoch 2, iteration 342789/715787 | lr: 0.0001741 | consumed_samples: 351016960 | global_batch_size: 1024 | global_step: 342789 | reduced_train_loss: 2.18
Training epoch 2, iteration 342790/715787 | lr: 0.0001741 | consumed_samples: 351017984 | global_batch_size: 1024 | global_step: 342790 | reduced_train_loss: 2.211
Training epoch 2, iteration 342791/715787 | lr: 0.0001741 | consumed_samples: 351019008 | global_batch_size: 1024 | global_step: 342791 | reduced_train_loss: 2.172
Training epoch 2, iteration 342792/715787 | lr: 0.0001741 | consumed_samples: 351020032 | global_batch_size: 1024 | global_step: 342792 | reduced_train_loss: 2.178
Training epoch 2, iteration 342793/715787 | lr: 0.0001741 | consumed_samples: 351021056 | global_batch_size: 1024 | global_step: 342793 | reduced_train_loss: 2.183
Training epoch 2, iteration 342794/715787 | lr: 0.0001741 | consumed_samples: 351022080 | global_batch_size: 1024 | global_step: 342794 | reduced_train_loss: 2.177
Training epoch 2, iteration 342795/715787 | lr: 0.0001741 | consumed_samples: 351023104 | global_batch_size: 1024 | global_step: 342795 | reduced_train_loss: 2.17
Training epoch 2, iteration 342796/715787 | lr: 0.0001741 | consumed_samples: 351024128 | global_batch_size: 1024 | global_step: 342796 | reduced_train_loss: 2.196
Training epoch 2, iteration 342797/715787 | lr: 0.0001741 | consumed_samples: 351025152 | global_batch_size: 1024 | global_step: 342797 | reduced_train_loss: 2.178
Training epoch 2, iteration 342798/715787 | lr: 0.0001741 | consumed_samples: 351026176 | global_batch_size: 1024 | global_step: 342798 | reduced_train_loss: 2.159
[NeMo I 2026-04-30 15:56:31 nemo_logging:393] Running garbage collection at train global_step: 342800
Training epoch 2, iteration 342799/715787 | lr: 0.0001741 | consumed_samples: 351027200 | global_batch_size: 1024 | global_step: 342799 | reduced_train_loss: 2.205
Training epoch 2, iteration 342800/715787 | lr: 0.0001741 | consumed_samples: 351028224 | global_batch_size: 1024 | global_step: 342800 | reduced_train_loss: 2.169
Training epoch 2, iteration 342801/715787 | lr: 0.0001741 | consumed_samples: 351029248 | global_batch_size: 1024 | global_step: 342801 | reduced_train_loss: 2.175
Training epoch 2, iteration 342802/715787 | lr: 0.0001741 | consumed_samples: 351030272 | global_batch_size: 1024 | global_step: 342802 | reduced_train_loss: 2.187
Training epoch 2, iteration 342803/715787 | lr: 0.0001741 | consumed_samples: 351031296 | global_batch_size: 1024 | global_step: 342803 | reduced_train_loss: 2.193
Training epoch 2, iteration 342804/715787 | lr: 0.0001741 | consumed_samples: 351032320 | global_batch_size: 1024 | global_step: 342804 | reduced_train_loss: 2.194
Training epoch 2, iteration 342805/715787 | lr: 0.0001741 | consumed_samples: 351033344 | global_batch_size: 1024 | global_step: 342805 | reduced_train_loss: 2.159
Training epoch 2, iteration 342806/715787 | lr: 0.0001741 | consumed_samples: 351034368 | global_batch_size: 1024 | global_step: 342806 | reduced_train_loss: 2.194
Training epoch 2, iteration 342807/715787 | lr: 0.0001741 | consumed_samples: 351035392 | global_batch_size: 1024 | global_step: 342807 | reduced_train_loss: 2.169
Training epoch 2, iteration 342808/715787 | lr: 0.0001741 | consumed_samples: 351036416 | global_batch_size: 1024 | global_step: 342808 | reduced_train_loss: 2.187
Training epoch 2, iteration 342809/715787 | lr: 0.0001741 | consumed_samples: 351037440 | global_batch_size: 1024 | global_step: 342809 | reduced_train_loss: 2.197
Training epoch 2, iteration 342810/715787 | lr: 0.0001741 | consumed_samples: 351038464 | global_batch_size: 1024 | global_step: 342810 | reduced_train_loss: 2.171
Training epoch 2, iteration 342811/715787 | lr: 0.0001741 | consumed_samples: 351039488 | global_batch_size: 1024 | global_step: 342811 | reduced_train_loss: 2.17
Training epoch 2, iteration 342812/715787 | lr: 0.0001741 | consumed_samples: 351040512 | global_batch_size: 1024 | global_step: 342812 | reduced_train_loss: 2.187
Training epoch 2, iteration 342813/715787 | lr: 0.0001741 | consumed_samples: 351041536 | global_batch_size: 1024 | global_step: 342813 | reduced_train_loss: 2.19
Training epoch 2, iteration 342814/715787 | lr: 0.0001741 | consumed_samples: 351042560 | global_batch_size: 1024 | global_step: 342814 | reduced_train_loss: 2.159
Training epoch 2, iteration 342815/715787 | lr: 0.0001741 | consumed_samples: 351043584 | global_batch_size: 1024 | global_step: 342815 | reduced_train_loss: 2.166
Training epoch 2, iteration 342816/715787 | lr: 0.0001741 | consumed_samples: 351044608 | global_batch_size: 1024 | global_step: 342816 | reduced_train_loss: 2.183
Training epoch 2, iteration 342817/715787 | lr: 0.0001741 | consumed_samples: 351045632 | global_batch_size: 1024 | global_step: 342817 | reduced_train_loss: 2.176
Training epoch 2, iteration 342818/715787 | lr: 0.0001741 | consumed_samples: 351046656 | global_batch_size: 1024 | global_step: 342818 | reduced_train_loss: 2.163
Training epoch 2, iteration 342819/715787 | lr: 0.0001741 | consumed_samples: 351047680 | global_batch_size: 1024 | global_step: 342819 | reduced_train_loss: 2.167
Training epoch 2, iteration 342820/715787 | lr: 0.0001741 | consumed_samples: 351048704 | global_batch_size: 1024 | global_step: 342820 | reduced_train_loss: 2.16
Training epoch 2, iteration 342821/715787 | lr: 0.0001741 | consumed_samples: 351049728 | global_batch_size: 1024 | global_step: 342821 | reduced_train_loss: 2.182
Training epoch 2, iteration 342822/715787 | lr: 0.0001741 | consumed_samples: 351050752 | global_batch_size: 1024 | global_step: 342822 | reduced_train_loss: 2.188
Training epoch 2, iteration 342823/715787 | lr: 0.0001741 | consumed_samples: 351051776 | global_batch_size: 1024 | global_step: 342823 | reduced_train_loss: 2.171
Training epoch 2, iteration 342824/715787 | lr: 0.0001741 | consumed_samples: 351052800 | global_batch_size: 1024 | global_step: 342824 | reduced_train_loss: 2.174
Training epoch 2, iteration 342825/715787 | lr: 0.0001741 | consumed_samples: 351053824 | global_batch_size: 1024 | global_step: 342825 | reduced_train_loss: 2.189
Training epoch 2, iteration 342826/715787 | lr: 0.0001741 | consumed_samples: 351054848 | global_batch_size: 1024 | global_step: 342826 | reduced_train_loss: 2.188
Training epoch 2, iteration 342827/715787 | lr: 0.0001741 | consumed_samples: 351055872 | global_batch_size: 1024 | global_step: 342827 | reduced_train_loss: 2.171
Training epoch 2, iteration 342828/715787 | lr: 0.0001741 | consumed_samples: 351056896 | global_batch_size: 1024 | global_step: 342828 | reduced_train_loss: 2.187
Training epoch 2, iteration 342829/715787 | lr: 0.0001741 | consumed_samples: 351057920 | global_batch_size: 1024 | global_step: 342829 | reduced_train_loss: 2.167
Training epoch 2, iteration 342830/715787 | lr: 0.0001741 | consumed_samples: 351058944 | global_batch_size: 1024 | global_step: 342830 | reduced_train_loss: 2.175
Training epoch 2, iteration 342831/715787 | lr: 0.0001741 | consumed_samples: 351059968 | global_batch_size: 1024 | global_step: 342831 | reduced_train_loss: 2.178
Training epoch 2, iteration 342832/715787 | lr: 0.0001741 | consumed_samples: 351060992 | global_batch_size: 1024 | global_step: 342832 | reduced_train_loss: 2.183
Training epoch 2, iteration 342833/715787 | lr: 0.0001741 | consumed_samples: 351062016 | global_batch_size: 1024 | global_step: 342833 | reduced_train_loss: 2.195
Training epoch 2, iteration 342834/715787 | lr: 0.0001741 | consumed_samples: 351063040 | global_batch_size: 1024 | global_step: 342834 | reduced_train_loss: 2.178
Training epoch 2, iteration 342835/715787 | lr: 0.0001741 | consumed_samples: 351064064 | global_batch_size: 1024 | global_step: 342835 | reduced_train_loss: 2.185
Training epoch 2, iteration 342836/715787 | lr: 0.0001741 | consumed_samples: 351065088 | global_batch_size: 1024 | global_step: 342836 | reduced_train_loss: 2.173
Training epoch 2, iteration 342837/715787 | lr: 0.0001741 | consumed_samples: 351066112 | global_batch_size: 1024 | global_step: 342837 | reduced_train_loss: 2.183
Training epoch 2, iteration 342838/715787 | lr: 0.0001741 | consumed_samples: 351067136 | global_batch_size: 1024 | global_step: 342838 | reduced_train_loss: 2.176
Training epoch 2, iteration 342839/715787 | lr: 0.0001741 | consumed_samples: 351068160 | global_batch_size: 1024 | global_step: 342839 | reduced_train_loss: 2.18
Training epoch 2, iteration 342840/715787 | lr: 0.0001741 | consumed_samples: 351069184 | global_batch_size: 1024 | global_step: 342840 | reduced_train_loss: 2.156
Training epoch 2, iteration 342841/715787 | lr: 0.0001741 | consumed_samples: 351070208 | global_batch_size: 1024 | global_step: 342841 | reduced_train_loss: 2.205
Training epoch 2, iteration 342842/715787 | lr: 0.0001741 | consumed_samples: 351071232 | global_batch_size: 1024 | global_step: 342842 | reduced_train_loss: 2.179
Training epoch 2, iteration 342843/715787 | lr: 0.0001741 | consumed_samples: 351072256 | global_batch_size: 1024 | global_step: 342843 | reduced_train_loss: 2.169
Training epoch 2, iteration 342844/715787 | lr: 0.0001741 | consumed_samples: 351073280 | global_batch_size: 1024 | global_step: 342844 | reduced_train_loss: 2.179
Training epoch 2, iteration 342845/715787 | lr: 0.0001741 | consumed_samples: 351074304 | global_batch_size: 1024 | global_step: 342845 | reduced_train_loss: 2.19
Training epoch 2, iteration 342846/715787 | lr: 0.0001741 | consumed_samples: 351075328 | global_batch_size: 1024 | global_step: 342846 | reduced_train_loss: 2.184
Training epoch 2, iteration 342847/715787 | lr: 0.0001741 | consumed_samples: 351076352 | global_batch_size: 1024 | global_step: 342847 | reduced_train_loss: 2.184
Training epoch 2, iteration 342848/715787 | lr: 0.0001741 | consumed_samples: 351077376 | global_batch_size: 1024 | global_step: 342848 | reduced_train_loss: 2.159
Training epoch 2, iteration 342849/715787 | lr: 0.0001741 | consumed_samples: 351078400 | global_batch_size: 1024 | global_step: 342849 | reduced_train_loss: 2.172
Training epoch 2, iteration 342850/715787 | lr: 0.0001741 | consumed_samples: 351079424 | global_batch_size: 1024 | global_step: 342850 | reduced_train_loss: 2.171
Training epoch 2, iteration 342851/715787 | lr: 0.0001741 | consumed_samples: 351080448 | global_batch_size: 1024 | global_step: 342851 | reduced_train_loss: 2.189
Training epoch 2, iteration 342852/715787 | lr: 0.0001741 | consumed_samples: 351081472 | global_batch_size: 1024 | global_step: 342852 | reduced_train_loss: 2.198
Training epoch 2, iteration 342853/715787 | lr: 0.0001741 | consumed_samples: 351082496 | global_batch_size: 1024 | global_step: 342853 | reduced_train_loss: 2.168
Training epoch 2, iteration 342854/715787 | lr: 0.0001741 | consumed_samples: 351083520 | global_batch_size: 1024 | global_step: 342854 | reduced_train_loss: 2.18
Training epoch 2, iteration 342855/715787 | lr: 0.0001741 | consumed_samples: 351084544 | global_batch_size: 1024 | global_step: 342855 | reduced_train_loss: 2.178
Training epoch 2, iteration 342856/715787 | lr: 0.0001741 | consumed_samples: 351085568 | global_batch_size: 1024 | global_step: 342856 | reduced_train_loss: 2.169
Training epoch 2, iteration 342857/715787 | lr: 0.0001741 | consumed_samples: 351086592 | global_batch_size: 1024 | global_step: 342857 | reduced_train_loss: 2.184
Training epoch 2, iteration 342858/715787 | lr: 0.0001741 | consumed_samples: 351087616 | global_batch_size: 1024 | global_step: 342858 | reduced_train_loss: 2.167
Training epoch 2, iteration 342859/715787 | lr: 0.0001741 | consumed_samples: 351088640 | global_batch_size: 1024 | global_step: 342859 | reduced_train_loss: 2.188
Training epoch 2, iteration 342860/715787 | lr: 0.0001741 | consumed_samples: 351089664 | global_batch_size: 1024 | global_step: 342860 | reduced_train_loss: 2.166
Training epoch 2, iteration 342861/715787 | lr: 0.0001741 | consumed_samples: 351090688 | global_batch_size: 1024 | global_step: 342861 | reduced_train_loss: 2.18
Training epoch 2, iteration 342862/715787 | lr: 0.0001741 | consumed_samples: 351091712 | global_batch_size: 1024 | global_step: 342862 | reduced_train_loss: 2.173
Training epoch 2, iteration 342863/715787 | lr: 0.0001741 | consumed_samples: 351092736 | global_batch_size: 1024 | global_step: 342863 | reduced_train_loss: 2.193
Training epoch 2, iteration 342864/715787 | lr: 0.0001741 | consumed_samples: 351093760 | global_batch_size: 1024 | global_step: 342864 | reduced_train_loss: 2.194
Training epoch 2, iteration 342865/715787 | lr: 0.0001741 | consumed_samples: 351094784 | global_batch_size: 1024 | global_step: 342865 | reduced_train_loss: 2.178
Training epoch 2, iteration 342866/715787 | lr: 0.0001741 | consumed_samples: 351095808 | global_batch_size: 1024 | global_step: 342866 | reduced_train_loss: 2.182
Training epoch 2, iteration 342867/715787 | lr: 0.0001741 | consumed_samples: 351096832 | global_batch_size: 1024 | global_step: 342867 | reduced_train_loss: 2.173
Training epoch 2, iteration 342868/715787 | lr: 0.0001741 | consumed_samples: 351097856 | global_batch_size: 1024 | global_step: 342868 | reduced_train_loss: 2.164
Training epoch 2, iteration 342869/715787 | lr: 0.0001741 | consumed_samples: 351098880 | global_batch_size: 1024 | global_step: 342869 | reduced_train_loss: 2.168
Training epoch 2, iteration 342870/715787 | lr: 0.000174 | consumed_samples: 351099904 | global_batch_size: 1024 | global_step: 342870 | reduced_train_loss: 2.176
Training epoch 2, iteration 342871/715787 | lr: 0.000174 | consumed_samples: 351100928 | global_batch_size: 1024 | global_step: 342871 | reduced_train_loss: 2.176
Training epoch 2, iteration 342872/715787 | lr: 0.000174 | consumed_samples: 351101952 | global_batch_size: 1024 | global_step: 342872 | reduced_train_loss: 2.186
Training epoch 2, iteration 342873/715787 | lr: 0.000174 | consumed_samples: 351102976 | global_batch_size: 1024 | global_step: 342873 | reduced_train_loss: 2.167
Training epoch 2, iteration 342874/715787 | lr: 0.000174 | consumed_samples: 351104000 | global_batch_size: 1024 | global_step: 342874 | reduced_train_loss: 2.187
Training epoch 2, iteration 342875/715787 | lr: 0.000174 | consumed_samples: 351105024 | global_batch_size: 1024 | global_step: 342875 | reduced_train_loss: 2.17
Training epoch 2, iteration 342876/715787 | lr: 0.000174 | consumed_samples: 351106048 | global_batch_size: 1024 | global_step: 342876 | reduced_train_loss: 2.186
Training epoch 2, iteration 342877/715787 | lr: 0.000174 | consumed_samples: 351107072 | global_batch_size: 1024 | global_step: 342877 | reduced_train_loss: 2.179
Training epoch 2, iteration 342878/715787 | lr: 0.000174 | consumed_samples: 351108096 | global_batch_size: 1024 | global_step: 342878 | reduced_train_loss: 2.198
Training epoch 2, iteration 342879/715787 | lr: 0.000174 | consumed_samples: 351109120 | global_batch_size: 1024 | global_step: 342879 | reduced_train_loss: 2.177
Training epoch 2, iteration 342880/715787 | lr: 0.000174 | consumed_samples: 351110144 | global_batch_size: 1024 | global_step: 342880 | reduced_train_loss: 2.179
Training epoch 2, iteration 342881/715787 | lr: 0.000174 | consumed_samples: 351111168 | global_batch_size: 1024 | global_step: 342881 | reduced_train_loss: 2.195
Training epoch 2, iteration 342882/715787 | lr: 0.000174 | consumed_samples: 351112192 | global_batch_size: 1024 | global_step: 342882 | reduced_train_loss: 2.175
Training epoch 2, iteration 342883/715787 | lr: 0.000174 | consumed_samples: 351113216 | global_batch_size: 1024 | global_step: 342883 | reduced_train_loss: 2.183
Training epoch 2, iteration 342884/715787 | lr: 0.000174 | consumed_samples: 351114240 | global_batch_size: 1024 | global_step: 342884 | reduced_train_loss: 2.176
Training epoch 2, iteration 342885/715787 | lr: 0.000174 | consumed_samples: 351115264 | global_batch_size: 1024 | global_step: 342885 | reduced_train_loss: 2.179
Training epoch 2, iteration 342886/715787 | lr: 0.000174 | consumed_samples: 351116288 | global_batch_size: 1024 | global_step: 342886 | reduced_train_loss: 2.187
Training epoch 2, iteration 342887/715787 | lr: 0.000174 | consumed_samples: 351117312 | global_batch_size: 1024 | global_step: 342887 | reduced_train_loss: 2.192
Training epoch 2, iteration 342888/715787 | lr: 0.000174 | consumed_samples: 351118336 | global_batch_size: 1024 | global_step: 342888 | reduced_train_loss: 2.18
Training epoch 2, iteration 342889/715787 | lr: 0.000174 | consumed_samples: 351119360 | global_batch_size: 1024 | global_step: 342889 | reduced_train_loss: 2.196
Training epoch 2, iteration 342890/715787 | lr: 0.000174 | consumed_samples: 351120384 | global_batch_size: 1024 | global_step: 342890 | reduced_train_loss: 2.162
Training epoch 2, iteration 342891/715787 | lr: 0.000174 | consumed_samples: 351121408 | global_batch_size: 1024 | global_step: 342891 | reduced_train_loss: 2.153
Training epoch 2, iteration 342892/715787 | lr: 0.000174 | consumed_samples: 351122432 | global_batch_size: 1024 | global_step: 342892 | reduced_train_loss: 2.176
Training epoch 2, iteration 342893/715787 | lr: 0.000174 | consumed_samples: 351123456 | global_batch_size: 1024 | global_step: 342893 | reduced_train_loss: 2.191
Training epoch 2, iteration 342894/715787 | lr: 0.000174 | consumed_samples: 351124480 | global_batch_size: 1024 | global_step: 342894 | reduced_train_loss: 2.178
Training epoch 2, iteration 342895/715787 | lr: 0.000174 | consumed_samples: 351125504 | global_batch_size: 1024 | global_step: 342895 | reduced_train_loss: 2.176
Training epoch 2, iteration 342896/715787 | lr: 0.000174 | consumed_samples: 351126528 | global_batch_size: 1024 | global_step: 342896 | reduced_train_loss: 2.195
Training epoch 2, iteration 342897/715787 | lr: 0.000174 | consumed_samples: 351127552 | global_batch_size: 1024 | global_step: 342897 | reduced_train_loss: 2.183
Training epoch 2, iteration 342898/715787 | lr: 0.000174 | consumed_samples: 351128576 | global_batch_size: 1024 | global_step: 342898 | reduced_train_loss: 2.164
[NeMo I 2026-04-30 16:24:43 nemo_logging:393] Running garbage collection at train global_step: 342900
Training epoch 2, iteration 342899/715787 | lr: 0.000174 | consumed_samples: 351129600 | global_batch_size: 1024 | global_step: 342899 | reduced_train_loss: 2.193
Training epoch 2, iteration 342900/715787 | lr: 0.000174 | consumed_samples: 351130624 | global_batch_size: 1024 | global_step: 342900 | reduced_train_loss: 2.182
Training epoch 2, iteration 342901/715787 | lr: 0.000174 | consumed_samples: 351131648 | global_batch_size: 1024 | global_step: 342901 | reduced_train_loss: 2.188
Training epoch 2, iteration 342902/715787 | lr: 0.000174 | consumed_samples: 351132672 | global_batch_size: 1024 | global_step: 342902 | reduced_train_loss: 2.175
Training epoch 2, iteration 342903/715787 | lr: 0.000174 | consumed_samples: 351133696 | global_batch_size: 1024 | global_step: 342903 | reduced_train_loss: 2.192
Training epoch 2, iteration 342904/715787 | lr: 0.000174 | consumed_samples: 351134720 | global_batch_size: 1024 | global_step: 342904 | reduced_train_loss: 2.175
Training epoch 2, iteration 342905/715787 | lr: 0.000174 | consumed_samples: 351135744 | global_batch_size: 1024 | global_step: 342905 | reduced_train_loss: 2.198
Training epoch 2, iteration 342906/715787 | lr: 0.000174 | consumed_samples: 351136768 | global_batch_size: 1024 | global_step: 342906 | reduced_train_loss: 2.197
Training epoch 2, iteration 342907/715787 | lr: 0.000174 | consumed_samples: 351137792 | global_batch_size: 1024 | global_step: 342907 | reduced_train_loss: 2.171
Training epoch 2, iteration 342908/715787 | lr: 0.000174 | consumed_samples: 351138816 | global_batch_size: 1024 | global_step: 342908 | reduced_train_loss: 2.175
Training epoch 2, iteration 342909/715787 | lr: 0.000174 | consumed_samples: 351139840 | global_batch_size: 1024 | global_step: 342909 | reduced_train_loss: 2.194
Training epoch 2, iteration 342910/715787 | lr: 0.000174 | consumed_samples: 351140864 | global_batch_size: 1024 | global_step: 342910 | reduced_train_loss: 2.178
Training epoch 2, iteration 342911/715787 | lr: 0.000174 | consumed_samples: 351141888 | global_batch_size: 1024 | global_step: 342911 | reduced_train_loss: 2.184
Training epoch 2, iteration 342912/715787 | lr: 0.000174 | consumed_samples: 351142912 | global_batch_size: 1024 | global_step: 342912 | reduced_train_loss: 2.184
Training epoch 2, iteration 342913/715787 | lr: 0.000174 | consumed_samples: 351143936 | global_batch_size: 1024 | global_step: 342913 | reduced_train_loss: 2.178
Training epoch 2, iteration 342914/715787 | lr: 0.000174 | consumed_samples: 351144960 | global_batch_size: 1024 | global_step: 342914 | reduced_train_loss: 2.168
Training epoch 2, iteration 342915/715787 | lr: 0.000174 | consumed_samples: 351145984 | global_batch_size: 1024 | global_step: 342915 | reduced_train_loss: 2.176
Training epoch 2, iteration 342916/715787 | lr: 0.000174 | consumed_samples: 351147008 | global_batch_size: 1024 | global_step: 342916 | reduced_train_loss: 2.173
Training epoch 2, iteration 342917/715787 | lr: 0.000174 | consumed_samples: 351148032 | global_batch_size: 1024 | global_step: 342917 | reduced_train_loss: 2.175
Training epoch 2, iteration 342918/715787 | lr: 0.000174 | consumed_samples: 351149056 | global_batch_size: 1024 | global_step: 342918 | reduced_train_loss: 2.186
Training epoch 2, iteration 342919/715787 | lr: 0.000174 | consumed_samples: 351150080 | global_batch_size: 1024 | global_step: 342919 | reduced_train_loss: 2.196
Training epoch 2, iteration 342920/715787 | lr: 0.000174 | consumed_samples: 351151104 | global_batch_size: 1024 | global_step: 342920 | reduced_train_loss: 2.185
Training epoch 2, iteration 342921/715787 | lr: 0.000174 | consumed_samples: 351152128 | global_batch_size: 1024 | global_step: 342921 | reduced_train_loss: 2.171
Training epoch 2, iteration 342922/715787 | lr: 0.000174 | consumed_samples: 351153152 | global_batch_size: 1024 | global_step: 342922 | reduced_train_loss: 2.184
Training epoch 2, iteration 342923/715787 | lr: 0.000174 | consumed_samples: 351154176 | global_batch_size: 1024 | global_step: 342923 | reduced_train_loss: 2.176
Training epoch 2, iteration 342924/715787 | lr: 0.000174 | consumed_samples: 351155200 | global_batch_size: 1024 | global_step: 342924 | reduced_train_loss: 2.186
Training epoch 2, iteration 342925/715787 | lr: 0.000174 | consumed_samples: 351156224 | global_batch_size: 1024 | global_step: 342925 | reduced_train_loss: 2.17
Training epoch 2, iteration 342926/715787 | lr: 0.000174 | consumed_samples: 351157248 | global_batch_size: 1024 | global_step: 342926 | reduced_train_loss: 2.196
Training epoch 2, iteration 342927/715787 | lr: 0.000174 | consumed_samples: 351158272 | global_batch_size: 1024 | global_step: 342927 | reduced_train_loss: 2.182
Training epoch 2, iteration 342928/715787 | lr: 0.000174 | consumed_samples: 351159296 | global_batch_size: 1024 | global_step: 342928 | reduced_train_loss: 2.161
Training epoch 2, iteration 342929/715787 | lr: 0.000174 | consumed_samples: 351160320 | global_batch_size: 1024 | global_step: 342929 | reduced_train_loss: 2.175
Training epoch 2, iteration 342930/715787 | lr: 0.000174 | consumed_samples: 351161344 | global_batch_size: 1024 | global_step: 342930 | reduced_train_loss: 2.183
Training epoch 2, iteration 342931/715787 | lr: 0.000174 | consumed_samples: 351162368 | global_batch_size: 1024 | global_step: 342931 | reduced_train_loss: 2.176
Training epoch 2, iteration 342932/715787 | lr: 0.000174 | consumed_samples: 351163392 | global_batch_size: 1024 | global_step: 342932 | reduced_train_loss: 2.17
Training epoch 2, iteration 342933/715787 | lr: 0.000174 | consumed_samples: 351164416 | global_batch_size: 1024 | global_step: 342933 | reduced_train_loss: 2.175
Training epoch 2, iteration 342934/715787 | lr: 0.000174 | consumed_samples: 351165440 | global_batch_size: 1024 | global_step: 342934 | reduced_train_loss: 2.174
Training epoch 2, iteration 342935/715787 | lr: 0.000174 | consumed_samples: 351166464 | global_batch_size: 1024 | global_step: 342935 | reduced_train_loss: 2.18
Training epoch 2, iteration 342936/715787 | lr: 0.000174 | consumed_samples: 351167488 | global_batch_size: 1024 | global_step: 342936 | reduced_train_loss: 2.17
Training epoch 2, iteration 342937/715787 | lr: 0.000174 | consumed_samples: 351168512 | global_batch_size: 1024 | global_step: 342937 | reduced_train_loss: 2.184
Training epoch 2, iteration 342938/715787 | lr: 0.000174 | consumed_samples: 351169536 | global_batch_size: 1024 | global_step: 342938 | reduced_train_loss: 2.173
Training epoch 2, iteration 342939/715787 | lr: 0.000174 | consumed_samples: 351170560 | global_batch_size: 1024 | global_step: 342939 | reduced_train_loss: 2.184
Training epoch 2, iteration 342940/715787 | lr: 0.000174 | consumed_samples: 351171584 | global_batch_size: 1024 | global_step: 342940 | reduced_train_loss: 2.166
Training epoch 2, iteration 342941/715787 | lr: 0.000174 | consumed_samples: 351172608 | global_batch_size: 1024 | global_step: 342941 | reduced_train_loss: 2.193
Training epoch 2, iteration 342942/715787 | lr: 0.000174 | consumed_samples: 351173632 | global_batch_size: 1024 | global_step: 342942 | reduced_train_loss: 2.167
Training epoch 2, iteration 342943/715787 | lr: 0.000174 | consumed_samples: 351174656 | global_batch_size: 1024 | global_step: 342943 | reduced_train_loss: 2.173
Training epoch 2, iteration 342944/715787 | lr: 0.000174 | consumed_samples: 351175680 | global_batch_size: 1024 | global_step: 342944 | reduced_train_loss: 2.175
Training epoch 2, iteration 342945/715787 | lr: 0.000174 | consumed_samples: 351176704 | global_batch_size: 1024 | global_step: 342945 | reduced_train_loss: 2.172
Training epoch 2, iteration 342946/715787 | lr: 0.000174 | consumed_samples: 351177728 | global_batch_size: 1024 | global_step: 342946 | reduced_train_loss: 2.19
Training epoch 2, iteration 342947/715787 | lr: 0.000174 | consumed_samples: 351178752 | global_batch_size: 1024 | global_step: 342947 | reduced_train_loss: 2.18
Training epoch 2, iteration 342948/715787 | lr: 0.000174 | consumed_samples: 351179776 | global_batch_size: 1024 | global_step: 342948 | reduced_train_loss: 2.191
Training epoch 2, iteration 342949/715787 | lr: 0.000174 | consumed_samples: 351180800 | global_batch_size: 1024 | global_step: 342949 | reduced_train_loss: 2.167
Training epoch 2, iteration 342950/715787 | lr: 0.000174 | consumed_samples: 351181824 | global_batch_size: 1024 | global_step: 342950 | reduced_train_loss: 2.169
Training epoch 2, iteration 342951/715787 | lr: 0.000174 | consumed_samples: 351182848 | global_batch_size: 1024 | global_step: 342951 | reduced_train_loss: 2.18
Training epoch 2, iteration 342952/715787 | lr: 0.000174 | consumed_samples: 351183872 | global_batch_size: 1024 | global_step: 342952 | reduced_train_loss: 2.2
Training epoch 2, iteration 342953/715787 | lr: 0.000174 | consumed_samples: 351184896 | global_batch_size: 1024 | global_step: 342953 | reduced_train_loss: 2.185
Training epoch 2, iteration 342954/715787 | lr: 0.000174 | consumed_samples: 351185920 | global_batch_size: 1024 | global_step: 342954 | reduced_train_loss: 2.175
Training epoch 2, iteration 342955/715787 | lr: 0.000174 | consumed_samples: 351186944 | global_batch_size: 1024 | global_step: 342955 | reduced_train_loss: 2.179
Training epoch 2, iteration 342956/715787 | lr: 0.000174 | consumed_samples: 351187968 | global_batch_size: 1024 | global_step: 342956 | reduced_train_loss: 2.174
Training epoch 2, iteration 342957/715787 | lr: 0.000174 | consumed_samples: 351188992 | global_batch_size: 1024 | global_step: 342957 | reduced_train_loss: 2.218
Training epoch 2, iteration 342958/715787 | lr: 0.000174 | consumed_samples: 351190016 | global_batch_size: 1024 | global_step: 342958 | reduced_train_loss: 2.173
Training epoch 2, iteration 342959/715787 | lr: 0.000174 | consumed_samples: 351191040 | global_batch_size: 1024 | global_step: 342959 | reduced_train_loss: 2.173
Training epoch 2, iteration 342960/715787 | lr: 0.000174 | consumed_samples: 351192064 | global_batch_size: 1024 | global_step: 342960 | reduced_train_loss: 2.172
Training epoch 2, iteration 342961/715787 | lr: 0.000174 | consumed_samples: 351193088 | global_batch_size: 1024 | global_step: 342961 | reduced_train_loss: 2.192
Training epoch 2, iteration 342962/715787 | lr: 0.000174 | consumed_samples: 351194112 | global_batch_size: 1024 | global_step: 342962 | reduced_train_loss: 2.18
Training epoch 2, iteration 342963/715787 | lr: 0.000174 | consumed_samples: 351195136 | global_batch_size: 1024 | global_step: 342963 | reduced_train_loss: 2.162
Training epoch 2, iteration 342964/715787 | lr: 0.000174 | consumed_samples: 351196160 | global_batch_size: 1024 | global_step: 342964 | reduced_train_loss: 2.164
Training epoch 2, iteration 342965/715787 | lr: 0.000174 | consumed_samples: 351197184 | global_batch_size: 1024 | global_step: 342965 | reduced_train_loss: 2.171
Training epoch 2, iteration 342966/715787 | lr: 0.000174 | consumed_samples: 351198208 | global_batch_size: 1024 | global_step: 342966 | reduced_train_loss: 2.187
Training epoch 2, iteration 342967/715787 | lr: 0.000174 | consumed_samples: 351199232 | global_batch_size: 1024 | global_step: 342967 | reduced_train_loss: 2.188
Training epoch 2, iteration 342968/715787 | lr: 0.000174 | consumed_samples: 351200256 | global_batch_size: 1024 | global_step: 342968 | reduced_train_loss: 2.171
Training epoch 2, iteration 342969/715787 | lr: 0.000174 | consumed_samples: 351201280 | global_batch_size: 1024 | global_step: 342969 | reduced_train_loss: 2.177
Training epoch 2, iteration 342970/715787 | lr: 0.000174 | consumed_samples: 351202304 | global_batch_size: 1024 | global_step: 342970 | reduced_train_loss: 2.172
Training epoch 2, iteration 342971/715787 | lr: 0.000174 | consumed_samples: 351203328 | global_batch_size: 1024 | global_step: 342971 | reduced_train_loss: 2.183
Training epoch 2, iteration 342972/715787 | lr: 0.000174 | consumed_samples: 351204352 | global_batch_size: 1024 | global_step: 342972 | reduced_train_loss: 2.191
Training epoch 2, iteration 342973/715787 | lr: 0.000174 | consumed_samples: 351205376 | global_batch_size: 1024 | global_step: 342973 | reduced_train_loss: 2.187
Training epoch 2, iteration 342974/715787 | lr: 0.000174 | consumed_samples: 351206400 | global_batch_size: 1024 | global_step: 342974 | reduced_train_loss: 2.196
Training epoch 2, iteration 342975/715787 | lr: 0.000174 | consumed_samples: 351207424 | global_batch_size: 1024 | global_step: 342975 | reduced_train_loss: 2.2
Training epoch 2, iteration 342976/715787 | lr: 0.000174 | consumed_samples: 351208448 | global_batch_size: 1024 | global_step: 342976 | reduced_train_loss: 2.188
Training epoch 2, iteration 342977/715787 | lr: 0.000174 | consumed_samples: 351209472 | global_batch_size: 1024 | global_step: 342977 | reduced_train_loss: 2.192
Training epoch 2, iteration 342978/715787 | lr: 0.000174 | consumed_samples: 351210496 | global_batch_size: 1024 | global_step: 342978 | reduced_train_loss: 2.176
Training epoch 2, iteration 342979/715787 | lr: 0.000174 | consumed_samples: 351211520 | global_batch_size: 1024 | global_step: 342979 | reduced_train_loss: 2.188
Training epoch 2, iteration 342980/715787 | lr: 0.000174 | consumed_samples: 351212544 | global_batch_size: 1024 | global_step: 342980 | reduced_train_loss: 2.195
Training epoch 2, iteration 342981/715787 | lr: 0.000174 | consumed_samples: 351213568 | global_batch_size: 1024 | global_step: 342981 | reduced_train_loss: 2.196
Training epoch 2, iteration 342982/715787 | lr: 0.000174 | consumed_samples: 351214592 | global_batch_size: 1024 | global_step: 342982 | reduced_train_loss: 2.187
Training epoch 2, iteration 342983/715787 | lr: 0.000174 | consumed_samples: 351215616 | global_batch_size: 1024 | global_step: 342983 | reduced_train_loss: 2.165
Training epoch 2, iteration 342984/715787 | lr: 0.000174 | consumed_samples: 351216640 | global_batch_size: 1024 | global_step: 342984 | reduced_train_loss: 2.191
Training epoch 2, iteration 342985/715787 | lr: 0.000174 | consumed_samples: 351217664 | global_batch_size: 1024 | global_step: 342985 | reduced_train_loss: 2.185
Training epoch 2, iteration 342986/715787 | lr: 0.000174 | consumed_samples: 351218688 | global_batch_size: 1024 | global_step: 342986 | reduced_train_loss: 2.171
Training epoch 2, iteration 342987/715787 | lr: 0.000174 | consumed_samples: 351219712 | global_batch_size: 1024 | global_step: 342987 | reduced_train_loss: 2.179
Training epoch 2, iteration 342988/715787 | lr: 0.000174 | consumed_samples: 351220736 | global_batch_size: 1024 | global_step: 342988 | reduced_train_loss: 2.175
Training epoch 2, iteration 342989/715787 | lr: 0.000174 | consumed_samples: 351221760 | global_batch_size: 1024 | global_step: 342989 | reduced_train_loss: 2.204
Training epoch 2, iteration 342990/715787 | lr: 0.000174 | consumed_samples: 351222784 | global_batch_size: 1024 | global_step: 342990 | reduced_train_loss: 2.169
Training epoch 2, iteration 342991/715787 | lr: 0.000174 | consumed_samples: 351223808 | global_batch_size: 1024 | global_step: 342991 | reduced_train_loss: 2.188
Training epoch 2, iteration 342992/715787 | lr: 0.000174 | consumed_samples: 351224832 | global_batch_size: 1024 | global_step: 342992 | reduced_train_loss: 2.186
Training epoch 2, iteration 342993/715787 | lr: 0.000174 | consumed_samples: 351225856 | global_batch_size: 1024 | global_step: 342993 | reduced_train_loss: 2.195
Training epoch 2, iteration 342994/715787 | lr: 0.000174 | consumed_samples: 351226880 | global_batch_size: 1024 | global_step: 342994 | reduced_train_loss: 2.179
Training epoch 2, iteration 342995/715787 | lr: 0.000174 | consumed_samples: 351227904 | global_batch_size: 1024 | global_step: 342995 | reduced_train_loss: 2.186
Training epoch 2, iteration 342996/715787 | lr: 0.000174 | consumed_samples: 351228928 | global_batch_size: 1024 | global_step: 342996 | reduced_train_loss: 2.197
Training epoch 2, iteration 342997/715787 | lr: 0.000174 | consumed_samples: 351229952 | global_batch_size: 1024 | global_step: 342997 | reduced_train_loss: 2.189
Training epoch 2, iteration 342998/715787 | lr: 0.000174 | consumed_samples: 351230976 | global_batch_size: 1024 | global_step: 342998 | reduced_train_loss: 2.182
[NeMo I 2026-04-30 16:52:03 nemo_logging:393] Running garbage collection at train global_step: 343000
[NeMo I 2026-04-30 16:52:04 nemo_logging:393] Step 343000 - SSA n values:
[NeMo I 2026-04-30 16:52:04 nemo_logging:393]   Layer 0: n = 3.671875
[NeMo I 2026-04-30 16:52:04 nemo_logging:393]   Layer 1: n = 1.632812
[NeMo I 2026-04-30 16:52:04 nemo_logging:393]   Layer 2: n = 2.468750
[NeMo I 2026-04-30 16:52:04 nemo_logging:393]   Layer 3: n = 2.828125
[NeMo I 2026-04-30 16:52:04 nemo_logging:393]   Layer 4: n = 3.046875
[NeMo I 2026-04-30 16:52:04 nemo_logging:393]   Layer 5: n = 3.046875
[NeMo I 2026-04-30 16:52:04 nemo_logging:393]   Layer 6: n = 3.687500
[NeMo I 2026-04-30 16:52:04 nemo_logging:393]   Layer 7: n = 3.859375
[NeMo I 2026-04-30 16:52:04 nemo_logging:393]   Layer 8: n = 3.890625
[NeMo I 2026-04-30 16:52:04 nemo_logging:393]   Layer 9: n = 3.281250
[NeMo I 2026-04-30 16:52:04 nemo_logging:393]   Layer 10: n = 3.687500
[NeMo I 2026-04-30 16:52:04 nemo_logging:393]   Layer 11: n = 3.765625
[NeMo I 2026-04-30 16:52:04 nemo_logging:393]   Layer 12: n = 3.718750
[NeMo I 2026-04-30 16:52:04 nemo_logging:393]   Layer 13: n = 3.578125
[NeMo I 2026-04-30 16:52:04 nemo_logging:393]   Layer 14: n = 3.593750
[NeMo I 2026-04-30 16:52:04 nemo_logging:393]   Layer 15: n = 3.828125
[NeMo I 2026-04-30 16:52:04 nemo_logging:393]   Layer 16: n = 3.781250
[NeMo I 2026-04-30 16:52:04 nemo_logging:393]   Layer 17: n = 4.312500
[NeMo I 2026-04-30 16:52:04 nemo_logging:393]   Layer 18: n = 3.531250
[NeMo I 2026-04-30 16:52:04 nemo_logging:393]   Layer 19: n = 4.812500
[NeMo I 2026-04-30 16:52:04 nemo_logging:393]   Layer 20: n = 3.000000
[NeMo I 2026-04-30 16:52:04 nemo_logging:393]   Layer 21: n = -12.562500
[NeMo I 2026-04-30 16:52:04 nemo_logging:393]   Layer 22: n = 3.468750
[NeMo I 2026-04-30 16:52:04 nemo_logging:393]   Layer 23: n = -1488.000000
INFO: Epoch 2, global step 342999: 'step' reached 342999.00000 (best 342999.00000), saving model to '/tmpdir/barman/bs1024_fullrun/outputs/nemotron-1B-SSA-Triton-bs1024/checkpoints/nemotron-1B-SSA-Triton-bs1024-step=0342999.ckpt' as top 686
INFO:lightning.pytorch.utilities.rank_zero:Epoch 2, global step 342999: 'step' reached 342999.00000 (best 342999.00000), saving model to '/tmpdir/barman/bs1024_fullrun/outputs/nemotron-1B-SSA-Triton-bs1024/checkpoints/nemotron-1B-SSA-Triton-bs1024-step=0342999.ckpt' as top 686
[NeMo W 2026-04-30 16:52:04 validation:389] There is difference in the common state dict in different ranks. The differences are {1: ([], [], [(('optimizer', 0, 'optimizer', 'param_groups', 1, 'step'), <class 'int'>, <class 'int'>)]), 2: ([], [], [(('optimizer', 0, 'optimizer', 'param_groups', 1, 'step'), <class 'int'>, <class 'int'>)]), 3: ([], [], [(('optimizer', 0, 'optimizer', 'param_groups', 1, 'step'), <class 'int'>, <class 'int'>)]), 4: ([], [], [(('optimizer', 0, 'optimizer', 'param_groups', 1, 'step'), <class 'int'>, <class 'int'>)]), 5: ([], [], [(('optimizer', 0, 'optimizer', 'param_groups', 1, 'step'), <class 'int'>, <class 'int'>)]), 6: ([], [], [(('optimizer', 0, 'optimizer', 'param_groups', 1, 'step'), <class 'int'>, <class 'int'>)]), 7: ([], [], [(('optimizer', 0, 'optimizer', 'param_groups', 1, 'step'), <class 'int'>, <class 'int'>)]), 8: ([], [], [(('optimizer', 0, 'optimizer', 'param_groups', 1, 'step'), <class 'int'>, <class 'int'>)]), 9: ([], [], [(('optimizer', 0, 'optimizer', 'param_groups', 1, 'step'), <class 'int'>, <class 'int'>)]), 10: ([], [], [(('optimizer', 0, 'optimizer', 'param_groups', 1, 'step'), <class 'int'>, <class 'int'>)]), 11: ([], [], [(('optimizer', 0, 'optimizer', 'param_groups', 1, 'step'), <class 'int'>, <class 'int'>)]), 13: ([], [], [(('optimizer', 0, 'optimizer', 'param_groups', 1, 'step'), <class 'int'>, <class 'int'>)]), 14: ([], [], [(('optimizer', 0, 'optimizer', 'param_groups', 1, 'step'), <class 'int'>, <class 'int'>)]), 15: ([], [], [(('optimizer', 0, 'optimizer', 'param_groups', 1, 'step'), <class 'int'>, <class 'int'>)])}
Training epoch 2, iteration 342999/715787 | lr: 0.000174 | consumed_samples: 351232000 | global_batch_size: 1024 | global_step: 342999 | reduced_train_loss: 2.186
[NeMo I 2026-04-30 16:52:05 nemo_logging:393] Global Checkpoint Save : Rank: 0 : Iteration: 342932 : Start time: 1777560724.161s : Save duration: 0.846s
[NeMo I 2026-04-30 16:52:05 nemo_logging:393] Scheduled async checkpoint save for /tmpdir/barman/bs1024_fullrun/outputs/nemotron-1B-SSA-Triton-bs1024/checkpoints/nemotron-1B-SSA-Triton-bs1024-step=0342999.ckpt
[NeMo W 2026-04-30 16:52:06 validation:389] There is difference in the common state dict in different ranks. The differences are {1: ([], [], [(('optimizer', 0, 'optimizer', 'param_groups', 1, 'step'), <class 'int'>, <class 'int'>)]), 2: ([], [], [(('optimizer', 0, 'optimizer', 'param_groups', 1, 'step'), <class 'int'>, <class 'int'>)]), 3: ([], [], [(('optimizer', 0, 'optimizer', 'param_groups', 1, 'step'), <class 'int'>, <class 'int'>)]), 4: ([], [], [(('optimizer', 0, 'optimizer', 'param_groups', 1, 'step'), <class 'int'>, <class 'int'>)]), 5: ([], [], [(('optimizer', 0, 'optimizer', 'param_groups', 1, 'step'), <class 'int'>, <class 'int'>)]), 6: ([], [], [(('optimizer', 0, 'optimizer', 'param_groups', 1, 'step'), <class 'int'>, <class 'int'>)]), 7: ([], [], [(('optimizer', 0, 'optimizer', 'param_groups', 1, 'step'), <class 'int'>, <class 'int'>)]), 8: ([], [], [(('optimizer', 0, 'optimizer', 'param_groups', 1, 'step'), <class 'int'>, <class 'int'>)]), 9: ([], [], [(('optimizer', 0, 'optimizer', 'param_groups', 1, 'step'), <class 'int'>, <class 'int'>)]), 10: ([], [], [(('optimizer', 0, 'optimizer', 'param_groups', 1, 'step'), <class 'int'>, <class 'int'>)]), 11: ([], [], [(('optimizer', 0, 'optimizer', 'param_groups', 1, 'step'), <class 'int'>, <class 'int'>)]), 13: ([], [], [(('optimizer', 0, 'optimizer', 'param_groups', 1, 'step'), <class 'int'>, <class 'int'>)]), 14: ([], [], [(('optimizer', 0, 'optimizer', 'param_groups', 1, 'step'), <class 'int'>, <class 'int'>)]), 15: ([], [], [(('optimizer', 0, 'optimizer', 'param_groups', 1, 'step'), <class 'int'>, <class 'int'>)])}
[NeMo I 2026-04-30 16:52:06 nemo_logging:393] Global Checkpoint Save : Rank: 0 : Iteration: 342932 : Start time: 1777560725.811s : Save duration: 0.994s
[NeMo I 2026-04-30 16:52:06 nemo_logging:393] Scheduled async checkpoint save for /tmpdir/barman/bs1024_fullrun/outputs/nemotron-1B-SSA-Triton-bs1024/checkpoints/nemotron-1B-SSA-Triton-bs1024-step=0342999-last.ckpt
[NeMo I 2026-04-30 16:52:06 nemo_logging:393] Successfully saved checkpoint from iteration  342932 to /tmpdir/barman/bs1024_fullrun/outputs/nemotron-1B-SSA-Triton-bs1024/checkpoints/nemotron-1B-SSA-Triton-bs1024-step=0342999.ckpt
[NeMo I 2026-04-30 16:52:06 nemo_logging:393] Async checkpoint save for step 343000 (/tmpdir/barman/bs1024_fullrun/outputs/nemotron-1B-SSA-Triton-bs1024/checkpoints/nemotron-1B-SSA-Triton-bs1024-step=0342999.ckpt) finalized successfully.
[NeMo I 2026-04-30 16:52:06 nemo_logging:393] Async finalization time took 0.067 s
Training epoch 2, iteration 343000/715787 | lr: 0.000174 | consumed_samples: 351233024 | global_batch_size: 1024 | global_step: 343000 | reduced_train_loss: 2.193
[NeMo I 2026-04-30 16:52:22 nemo_logging:393] Successfully saved checkpoint from iteration  342932 to /tmpdir/barman/bs1024_fullrun/outputs/nemotron-1B-SSA-Triton-bs1024/checkpoints/nemotron-1B-SSA-Triton-bs1024-step=0342999-last.ckpt
[NeMo I 2026-04-30 16:52:22 nemo_logging:393] Async checkpoint save for step 343000 (/tmpdir/barman/bs1024_fullrun/outputs/nemotron-1B-SSA-Triton-bs1024/checkpoints/nemotron-1B-SSA-Triton-bs1024-step=0342999-last.ckpt) finalized successfully.
[NeMo I 2026-04-30 16:52:22 nemo_logging:393] Async finalization time took 0.089 s
Training epoch 2, iteration 343001/715787 | lr: 0.000174 | consumed_samples: 351234048 | global_batch_size: 1024 | global_step: 343001 | reduced_train_loss: 2.176
Training epoch 2, iteration 343002/715787 | lr: 0.000174 | consumed_samples: 351235072 | global_batch_size: 1024 | global_step: 343002 | reduced_train_loss: 2.162
Training epoch 2, iteration 343003/715787 | lr: 0.000174 | consumed_samples: 351236096 | global_batch_size: 1024 | global_step: 343003 | reduced_train_loss: 2.204
Training epoch 2, iteration 343004/715787 | lr: 0.000174 | consumed_samples: 351237120 | global_batch_size: 1024 | global_step: 343004 | reduced_train_loss: 2.167
Training epoch 2, iteration 343005/715787 | lr: 0.000174 | consumed_samples: 351238144 | global_batch_size: 1024 | global_step: 343005 | reduced_train_loss: 2.175
Training epoch 2, iteration 343006/715787 | lr: 0.000174 | consumed_samples: 351239168 | global_batch_size: 1024 | global_step: 343006 | reduced_train_loss: 2.173
Training epoch 2, iteration 343007/715787 | lr: 0.000174 | consumed_samples: 351240192 | global_batch_size: 1024 | global_step: 343007 | reduced_train_loss: 2.181
Training epoch 2, iteration 343008/715787 | lr: 0.000174 | consumed_samples: 351241216 | global_batch_size: 1024 | global_step: 343008 | reduced_train_loss: 2.182
Training epoch 2, iteration 343009/715787 | lr: 0.000174 | consumed_samples: 351242240 | global_batch_size: 1024 | global_step: 343009 | reduced_train_loss: 2.174
Training epoch 2, iteration 343010/715787 | lr: 0.000174 | consumed_samples: 351243264 | global_batch_size: 1024 | global_step: 343010 | reduced_train_loss: 2.183
Training epoch 2, iteration 343011/715787 | lr: 0.000174 | consumed_samples: 351244288 | global_batch_size: 1024 | global_step: 343011 | reduced_train_loss: 2.18
Training epoch 2, iteration 343012/715787 | lr: 0.000174 | consumed_samples: 351245312 | global_batch_size: 1024 | global_step: 343012 | reduced_train_loss: 2.175
Training epoch 2, iteration 343013/715787 | lr: 0.000174 | consumed_samples: 351246336 | global_batch_size: 1024 | global_step: 343013 | reduced_train_loss: 2.173
Training epoch 2, iteration 343014/715787 | lr: 0.000174 | consumed_samples: 351247360 | global_batch_size: 1024 | global_step: 343014 | reduced_train_loss: 2.18
Training epoch 2, iteration 343015/715787 | lr: 0.000174 | consumed_samples: 351248384 | global_batch_size: 1024 | global_step: 343015 | reduced_train_loss: 2.172
Training epoch 2, iteration 343016/715787 | lr: 0.000174 | consumed_samples: 351249408 | global_batch_size: 1024 | global_step: 343016 | reduced_train_loss: 2.185
Training epoch 2, iteration 343017/715787 | lr: 0.000174 | consumed_samples: 351250432 | global_batch_size: 1024 | global_step: 343017 | reduced_train_loss: 2.185
Training epoch 2, iteration 343018/715787 | lr: 0.000174 | consumed_samples: 351251456 | global_batch_size: 1024 | global_step: 343018 | reduced_train_loss: 2.164
Training epoch 2, iteration 343019/715787 | lr: 0.000174 | consumed_samples: 351252480 | global_batch_size: 1024 | global_step: 343019 | reduced_train_loss: 2.172
Training epoch 2, iteration 343020/715787 | lr: 0.000174 | consumed_samples: 351253504 | global_batch_size: 1024 | global_step: 343020 | reduced_train_loss: 2.18
Training epoch 2, iteration 343021/715787 | lr: 0.000174 | consumed_samples: 351254528 | global_batch_size: 1024 | global_step: 343021 | reduced_train_loss: 2.183
Training epoch 2, iteration 343022/715787 | lr: 0.000174 | consumed_samples: 351255552 | global_batch_size: 1024 | global_step: 343022 | reduced_train_loss: 2.168
Training epoch 2, iteration 343023/715787 | lr: 0.000174 | consumed_samples: 351256576 | global_batch_size: 1024 | global_step: 343023 | reduced_train_loss: 2.175
Training epoch 2, iteration 343024/715787 | lr: 0.000174 | consumed_samples: 351257600 | global_batch_size: 1024 | global_step: 343024 | reduced_train_loss: 2.169
Training epoch 2, iteration 343025/715787 | lr: 0.000174 | consumed_samples: 351258624 | global_batch_size: 1024 | global_step: 343025 | reduced_train_loss: 2.176
Training epoch 2, iteration 343026/715787 | lr: 0.000174 | consumed_samples: 351259648 | global_batch_size: 1024 | global_step: 343026 | reduced_train_loss: 2.182
Training epoch 2, iteration 343027/715787 | lr: 0.000174 | consumed_samples: 351260672 | global_batch_size: 1024 | global_step: 343027 | reduced_train_loss: 2.191
Training epoch 2, iteration 343028/715787 | lr: 0.000174 | consumed_samples: 351261696 | global_batch_size: 1024 | global_step: 343028 | reduced_train_loss: 2.159
Training epoch 2, iteration 343029/715787 | lr: 0.000174 | consumed_samples: 351262720 | global_batch_size: 1024 | global_step: 343029 | reduced_train_loss: 2.188
Training epoch 2, iteration 343030/715787 | lr: 0.000174 | consumed_samples: 351263744 | global_batch_size: 1024 | global_step: 343030 | reduced_train_loss: 2.165
Training epoch 2, iteration 343031/715787 | lr: 0.000174 | consumed_samples: 351264768 | global_batch_size: 1024 | global_step: 343031 | reduced_train_loss: 2.21
Training epoch 2, iteration 343032/715787 | lr: 0.000174 | consumed_samples: 351265792 | global_batch_size: 1024 | global_step: 343032 | reduced_train_loss: 2.163
Training epoch 2, iteration 343033/715787 | lr: 0.000174 | consumed_samples: 351266816 | global_batch_size: 1024 | global_step: 343033 | reduced_train_loss: 2.163
Training epoch 2, iteration 343034/715787 | lr: 0.000174 | consumed_samples: 351267840 | global_batch_size: 1024 | global_step: 343034 | reduced_train_loss: 2.181
Training epoch 2, iteration 343035/715787 | lr: 0.000174 | consumed_samples: 351268864 | global_batch_size: 1024 | global_step: 343035 | reduced_train_loss: 2.176
Training epoch 2, iteration 343036/715787 | lr: 0.000174 | consumed_samples: 351269888 | global_batch_size: 1024 | global_step: 343036 | reduced_train_loss: 2.178
Training epoch 2, iteration 343037/715787 | lr: 0.000174 | consumed_samples: 351270912 | global_batch_size: 1024 | global_step: 343037 | reduced_train_loss: 2.17
Training epoch 2, iteration 343038/715787 | lr: 0.000174 | consumed_samples: 351271936 | global_batch_size: 1024 | global_step: 343038 | reduced_train_loss: 2.174
Training epoch 2, iteration 343039/715787 | lr: 0.0001739 | consumed_samples: 351272960 | global_batch_size: 1024 | global_step: 343039 | reduced_train_loss: 2.165
Training epoch 2, iteration 343040/715787 | lr: 0.0001739 | consumed_samples: 351273984 | global_batch_size: 1024 | global_step: 343040 | reduced_train_loss: 2.178
Training epoch 2, iteration 343041/715787 | lr: 0.0001739 | consumed_samples: 351275008 | global_batch_size: 1024 | global_step: 343041 | reduced_train_loss: 2.182
Training epoch 2, iteration 343042/715787 | lr: 0.0001739 | consumed_samples: 351276032 | global_batch_size: 1024 | global_step: 343042 | reduced_train_loss: 2.19
Training epoch 2, iteration 343043/715787 | lr: 0.0001739 | consumed_samples: 351277056 | global_batch_size: 1024 | global_step: 343043 | reduced_train_loss: 2.186
Training epoch 2, iteration 343044/715787 | lr: 0.0001739 | consumed_samples: 351278080 | global_batch_size: 1024 | global_step: 343044 | reduced_train_loss: 2.194
Training epoch 2, iteration 343045/715787 | lr: 0.0001739 | consumed_samples: 351279104 | global_batch_size: 1024 | global_step: 343045 | reduced_train_loss: 2.189
Training epoch 2, iteration 343046/715787 | lr: 0.0001739 | consumed_samples: 351280128 | global_batch_size: 1024 | global_step: 343046 | reduced_train_loss: 2.178
Training epoch 2, iteration 343047/715787 | lr: 0.0001739 | consumed_samples: 351281152 | global_batch_size: 1024 | global_step: 343047 | reduced_train_loss: 2.168
Training epoch 2, iteration 343048/715787 | lr: 0.0001739 | consumed_samples: 351282176 | global_batch_size: 1024 | global_step: 343048 | reduced_train_loss: 2.18
Training epoch 2, iteration 343049/715787 | lr: 0.0001739 | consumed_samples: 351283200 | global_batch_size: 1024 | global_step: 343049 | reduced_train_loss: 2.167
Training epoch 2, iteration 343050/715787 | lr: 0.0001739 | consumed_samples: 351284224 | global_batch_size: 1024 | global_step: 343050 | reduced_train_loss: 2.176
Training epoch 2, iteration 343051/715787 | lr: 0.0001739 | consumed_samples: 351285248 | global_batch_size: 1024 | global_step: 343051 | reduced_train_loss: 2.183
Training epoch 2, iteration 343052/715787 | lr: 0.0001739 | consumed_samples: 351286272 | global_batch_size: 1024 | global_step: 343052 | reduced_train_loss: 2.17
Training epoch 2, iteration 343053/715787 | lr: 0.0001739 | consumed_samples: 351287296 | global_batch_size: 1024 | global_step: 343053 | reduced_train_loss: 2.195
Training epoch 2, iteration 343054/715787 | lr: 0.0001739 | consumed_samples: 351288320 | global_batch_size: 1024 | global_step: 343054 | reduced_train_loss: 2.189
Training epoch 2, iteration 343055/715787 | lr: 0.0001739 | consumed_samples: 351289344 | global_batch_size: 1024 | global_step: 343055 | reduced_train_loss: 2.176
Training epoch 2, iteration 343056/715787 | lr: 0.0001739 | consumed_samples: 351290368 | global_batch_size: 1024 | global_step: 343056 | reduced_train_loss: 2.17
Training epoch 2, iteration 343057/715787 | lr: 0.0001739 | consumed_samples: 351291392 | global_batch_size: 1024 | global_step: 343057 | reduced_train_loss: 2.179
Training epoch 2, iteration 343058/715787 | lr: 0.0001739 | consumed_samples: 351292416 | global_batch_size: 1024 | global_step: 343058 | reduced_train_loss: 2.179
Training epoch 2, iteration 343059/715787 | lr: 0.0001739 | consumed_samples: 351293440 | global_batch_size: 1024 | global_step: 343059 | reduced_train_loss: 2.18
Training epoch 2, iteration 343060/715787 | lr: 0.0001739 | consumed_samples: 351294464 | global_batch_size: 1024 | global_step: 343060 | reduced_train_loss: 2.173
Training epoch 2, iteration 343061/715787 | lr: 0.0001739 | consumed_samples: 351295488 | global_batch_size: 1024 | global_step: 343061 | reduced_train_loss: 2.137
Training epoch 2, iteration 343062/715787 | lr: 0.0001739 | consumed_samples: 351296512 | global_batch_size: 1024 | global_step: 343062 | reduced_train_loss: 2.187
Training epoch 2, iteration 343063/715787 | lr: 0.0001739 | consumed_samples: 351297536 | global_batch_size: 1024 | global_step: 343063 | reduced_train_loss: 2.181
Training epoch 2, iteration 343064/715787 | lr: 0.0001739 | consumed_samples: 351298560 | global_batch_size: 1024 | global_step: 343064 | reduced_train_loss: 2.162
Training epoch 2, iteration 343065/715787 | lr: 0.0001739 | consumed_samples: 351299584 | global_batch_size: 1024 | global_step: 343065 | reduced_train_loss: 2.165
Training epoch 2, iteration 343066/715787 | lr: 0.0001739 | consumed_samples: 351300608 | global_batch_size: 1024 | global_step: 343066 | reduced_train_loss: 2.172
Training epoch 2, iteration 343067/715787 | lr: 0.0001739 | consumed_samples: 351301632 | global_batch_size: 1024 | global_step: 343067 | reduced_train_loss: 2.177
Training epoch 2, iteration 343068/715787 | lr: 0.0001739 | consumed_samples: 351302656 | global_batch_size: 1024 | global_step: 343068 | reduced_train_loss: 2.196
Training epoch 2, iteration 343069/715787 | lr: 0.0001739 | consumed_samples: 351303680 | global_batch_size: 1024 | global_step: 343069 | reduced_train_loss: 2.162
Training epoch 2, iteration 343070/715787 | lr: 0.0001739 | consumed_samples: 351304704 | global_batch_size: 1024 | global_step: 343070 | reduced_train_loss: 2.192
Training epoch 2, iteration 343071/715787 | lr: 0.0001739 | consumed_samples: 351305728 | global_batch_size: 1024 | global_step: 343071 | reduced_train_loss: 2.166
Training epoch 2, iteration 343072/715787 | lr: 0.0001739 | consumed_samples: 351306752 | global_batch_size: 1024 | global_step: 343072 | reduced_train_loss: 2.172
Training epoch 2, iteration 343073/715787 | lr: 0.0001739 | consumed_samples: 351307776 | global_batch_size: 1024 | global_step: 343073 | reduced_train_loss: 2.158
Training epoch 2, iteration 343074/715787 | lr: 0.0001739 | consumed_samples: 351308800 | global_batch_size: 1024 | global_step: 343074 | reduced_train_loss: 2.179
Training epoch 2, iteration 343075/715787 | lr: 0.0001739 | consumed_samples: 351309824 | global_batch_size: 1024 | global_step: 343075 | reduced_train_loss: 2.183
Training epoch 2, iteration 343076/715787 | lr: 0.0001739 | consumed_samples: 351310848 | global_batch_size: 1024 | global_step: 343076 | reduced_train_loss: 2.175
Training epoch 2, iteration 343077/715787 | lr: 0.0001739 | consumed_samples: 351311872 | global_batch_size: 1024 | global_step: 343077 | reduced_train_loss: 2.186
Training epoch 2, iteration 343078/715787 | lr: 0.0001739 | consumed_samples: 351312896 | global_batch_size: 1024 | global_step: 343078 | reduced_train_loss: 2.167
Training epoch 2, iteration 343079/715787 | lr: 0.0001739 | consumed_samples: 351313920 | global_batch_size: 1024 | global_step: 343079 | reduced_train_loss: 2.189
Training epoch 2, iteration 343080/715787 | lr: 0.0001739 | consumed_samples: 351314944 | global_batch_size: 1024 | global_step: 343080 | reduced_train_loss: 2.166
Training epoch 2, iteration 343081/715787 | lr: 0.0001739 | consumed_samples: 351315968 | global_batch_size: 1024 | global_step: 343081 | reduced_train_loss: 2.19
Training epoch 2, iteration 343082/715787 | lr: 0.0001739 | consumed_samples: 351316992 | global_batch_size: 1024 | global_step: 343082 | reduced_train_loss: 2.165
Training epoch 2, iteration 343083/715787 | lr: 0.0001739 | consumed_samples: 351318016 | global_batch_size: 1024 | global_step: 343083 | reduced_train_loss: 2.173
Training epoch 2, iteration 343084/715787 | lr: 0.0001739 | consumed_samples: 351319040 | global_batch_size: 1024 | global_step: 343084 | reduced_train_loss: 2.183
Training epoch 2, iteration 343085/715787 | lr: 0.0001739 | consumed_samples: 351320064 | global_batch_size: 1024 | global_step: 343085 | reduced_train_loss: 2.172
Training epoch 2, iteration 343086/715787 | lr: 0.0001739 | consumed_samples: 351321088 | global_batch_size: 1024 | global_step: 343086 | reduced_train_loss: 2.172
Training epoch 2, iteration 343087/715787 | lr: 0.0001739 | consumed_samples: 351322112 | global_batch_size: 1024 | global_step: 343087 | reduced_train_loss: 2.148
Training epoch 2, iteration 343088/715787 | lr: 0.0001739 | consumed_samples: 351323136 | global_batch_size: 1024 | global_step: 343088 | reduced_train_loss: 2.198
Training epoch 2, iteration 343089/715787 | lr: 0.0001739 | consumed_samples: 351324160 | global_batch_size: 1024 | global_step: 343089 | reduced_train_loss: 2.182
Training epoch 2, iteration 343090/715787 | lr: 0.0001739 | consumed_samples: 351325184 | global_batch_size: 1024 | global_step: 343090 | reduced_train_loss: 2.187
Training epoch 2, iteration 343091/715787 | lr: 0.0001739 | consumed_samples: 351326208 | global_batch_size: 1024 | global_step: 343091 | reduced_train_loss: 2.181
Training epoch 2, iteration 343092/715787 | lr: 0.0001739 | consumed_samples: 351327232 | global_batch_size: 1024 | global_step: 343092 | reduced_train_loss: 2.165
Training epoch 2, iteration 343093/715787 | lr: 0.0001739 | consumed_samples: 351328256 | global_batch_size: 1024 | global_step: 343093 | reduced_train_loss: 2.178
Training epoch 2, iteration 343094/715787 | lr: 0.0001739 | consumed_samples: 351329280 | global_batch_size: 1024 | global_step: 343094 | reduced_train_loss: 2.168
Training epoch 2, iteration 343095/715787 | lr: 0.0001739 | consumed_samples: 351330304 | global_batch_size: 1024 | global_step: 343095 | reduced_train_loss: 2.179
Training epoch 2, iteration 343096/715787 | lr: 0.0001739 | consumed_samples: 351331328 | global_batch_size: 1024 | global_step: 343096 | reduced_train_loss: 2.179
Training epoch 2, iteration 343097/715787 | lr: 0.0001739 | consumed_samples: 351332352 | global_batch_size: 1024 | global_step: 343097 | reduced_train_loss: 2.179
Training epoch 2, iteration 343098/715787 | lr: 0.0001739 | consumed_samples: 351333376 | global_batch_size: 1024 | global_step: 343098 | reduced_train_loss: 2.179
[NeMo I 2026-04-30 17:18:05 nemo_logging:393] Running garbage collection at train global_step: 343100
srun: Job step aborted: Waiting up to 32 seconds for job step to finish.
[2026-04-30T17:37:07.031] error: *** JOB 17751 ON kairosgh4 CANCELLED AT 2026-04-30T17:37:07 DUE TO TIME LIMIT ***
[2026-04-30T17:37:07.032] error: *** STEP 17751.0 ON kairosgh4 CANCELLED AT 2026-04-30T17:37:07 DUE TO TIME LIMIT ***
Error.  nthreads cannot be larger than environment variable "NUMEXPR_MAX_THREADS" (64)Error.  nthreads cannot be larger than environment variable "NUMEXPR_MAX_THREADS" (64)Error.  nthreads cannot be larger than environment variable "NUMEXPR_MAX_THREADS" (64)Error.  nthreads cannot be larger than environment variable "NUMEXPR_MAX_THREADS" (64)W0430 17:37:07.034000 1710645 torch/distributed/elastic/agent/server/api.py:719] Received 15 death signal, shutting down workers
Error.  nthreads cannot be larger than environment variable "NUMEXPR_MAX_THREADS" (64)Error.  nthreads cannot be larger than environment variable "NUMEXPR_MAX_THREADS" (64)Error.  nthreads cannot be larger than environment variable "NUMEXPR_MAX_THREADS" (64)Error.  nthreads cannot be larger than environment variable "NUMEXPR_MAX_THREADS" (64)W0430 17:37:07.036000 853898 torch/distributed/elastic/agent/server/api.py:719] Received 15 death signal, shutting down workers
Error.  nthreads cannot be larger than environment variable "NUMEXPR_MAX_THREADS" (64)Error.  nthreads cannot be larger than environment variable "NUMEXPR_MAX_THREADS" (64)Error.  nthreads cannot be larger than environment variable "NUMEXPR_MAX_THREADS" (64)Error.  nthreads cannot be larger than environment variable "NUMEXPR_MAX_THREADS" (64)W0430 17:37:07.035000 3002120 torch/distributed/elastic/agent/server/api.py:719] Received 15 death signal, shutting down workers
W0430 17:37:07.040000 853898 torch/distributed/elastic/multiprocessing/api.py:898] Sending process 854042 closing signal SIGTERM
W0430 17:37:07.040000 1710645 torch/distributed/elastic/multiprocessing/api.py:898] Sending process 1710801 closing signal SIGTERM
W0430 17:37:07.040000 3002120 torch/distributed/elastic/multiprocessing/api.py:898] Sending process 3002268 closing signal SIGTERM
W0430 17:37:07.042000 1710645 torch/distributed/elastic/multiprocessing/api.py:898] Sending process 1710801 closing signal SIGTERM
W0430 17:37:07.042000 853898 torch/distributed/elastic/multiprocessing/api.py:898] Sending process 854043 closing signal SIGTERM
--- Logging error ---
W0430 17:37:07.043000 1710645 torch/distributed/elastic/multiprocessing/api.py:898] Sending process 1710802 closing signal SIGTERM
W0430 17:37:07.043000 3002120 torch/distributed/elastic/multiprocessing/api.py:898] Sending process 3002268 closing signal SIGTERM
W0430 17:37:07.044000 3002120 torch/distributed/elastic/multiprocessing/api.py:898] Sending process 3002269 closing signal SIGTERM
W0430 17:37:07.047000 853898 torch/distributed/elastic/multiprocessing/api.py:898] Sending process 854044 closing signal SIGTERM
W0430 17:37:07.047000 1710645 torch/distributed/elastic/multiprocessing/api.py:898] Sending process 1710803 closing signal SIGTERM
W0430 17:37:07.048000 3002120 torch/distributed/elastic/multiprocessing/api.py:898] Sending process 3002270 closing signal SIGTERM
W0430 17:37:07.051000 853898 torch/distributed/elastic/multiprocessing/api.py:898] Sending process 854045 closing signal SIGTERM
W0430 17:37:07.052000 3002120 torch/distributed/elastic/multiprocessing/api.py:898] Sending process 3002271 closing signal SIGTERM
Traceback (most recent call last):
  File "/usr/local/lib/python3.12/dist-packages/torch/distributed/elastic/agent/server/api.py", line 711, in run
    result = self._invoke_run(role)
             ^^^^^^^^^^^^^^^^^^^^^^
  File "/usr/local/lib/python3.12/dist-packages/torch/distributed/elastic/agent/server/api.py", line 870, in _invoke_run
    time.sleep(monitor_interval)
  File "/usr/local/lib/python3.12/dist-packages/torch/distributed/elastic/multiprocessing/api.py", line 84, in _terminate_process_handler
    raise SignalException(f"Process {os.getpid()} got signal: {sigval}", sigval=sigval)
torch.distributed.elastic.multiprocessing.api.SignalException: Process 1227816 got signal: 15

During handling of the above exception, another exception occurred:

Traceback (most recent call last):
  File "/usr/lib/python3.12/logging/__init__.py", line 1160, in emit
    msg = self.format(record)
          ^^^^^^^^^^^^^^^^^^^
  File "/usr/lib/python3.12/logging/__init__.py", line 999, in format
    return fmt.format(record)
           ^^^^^^^^^^^^^^^^^^
  File "/usr/local/lib/python3.12/dist-packages/torch/_logging/_internal.py", line 851, in format
    filepath = make_module_path_relative(record.pathname)
               ^^^^^^^^^^^^^^^^^^^^^^^^^^^^^^^^^^^^^^^^^^
  File "/usr/local/lib/python3.12/dist-packages/torch/_logging/_internal.py", line 775, in make_module_path_relative
    abs_path = pathlib.Path(abs_path).resolve()
               ^^^^^^^^^^^^^^^^^^^^^^^^^^^^^^^^
  File "/usr/lib/python3.12/pathlib.py", line 1242, in resolve
    s = self._flavour.realpath(self, strict=strict)
        ^^^^^^^^^^^^^^^^^^^^^^^^^^^^^^^^^^^^^^^^^^^
W0430 17:37:07.053000 1710645 torch/distributed/elastic/multiprocessing/api.py:898] Sending process 1710804 closing signal SIGTERM
  File "<frozen posixpath>", line 435, in realpath
  File "<frozen posixpath>", line 470, in _joinrealpath
  File "/usr/local/lib/python3.12/dist-packages/torch/distributed/elastic/multiprocessing/api.py", line 84, in _terminate_process_handler
    raise SignalException(f"Process {os.getpid()} got signal: {sigval}", sigval=sigval)
torch.distributed.elastic.multiprocessing.api.SignalException: Process 1227816 got signal: 15
Call stack:
  File "/usr/local/bin/torchrun", line 33, in <module>
    sys.exit(load_entry_point('torch==2.7.0a0+7c8ec84dab.nv25.3', 'console_scripts', 'torchrun')())
  File "/usr/local/lib/python3.12/dist-packages/torch/distributed/elastic/multiprocessing/errors/__init__.py", line 355, in wrapper
    return f(*args, **kwargs)
  File "/usr/local/lib/python3.12/dist-packages/torch/distributed/run.py", line 889, in main
    run(args)
  File "/usr/local/lib/python3.12/dist-packages/torch/distributed/run.py", line 880, in run
    elastic_launch(
  File "/usr/local/lib/python3.12/dist-packages/torch/distributed/launcher/api.py", line 139, in __call__
    return launch_agent(self._config, self._entrypoint, list(args))
  File "/usr/local/lib/python3.12/dist-packages/torch/distributed/launcher/api.py", line 261, in launch_agent
    result = agent.run()
  File "/usr/local/lib/python3.12/dist-packages/torch/distributed/elastic/metrics/api.py", line 137, in wrapper
    result = f(*args, **kwargs)
  File "/usr/local/lib/python3.12/dist-packages/torch/distributed/elastic/agent/server/api.py", line 719, in run
    logger.warning("Received %s death signal, shutting down workers", e.sigval)
Message: 'Received %s death signal, shutting down workers'
Arguments: (<Signals.SIGTERM: 15>,)
W0430 17:37:07.054000 1227816 torch/distributed/elastic/multiprocessing/api.py:898] Sending process 1227970 closing signal SIGTERM
W0430 17:37:07.058000 1227816 torch/distributed/elastic/multiprocessing/api.py:898] Sending process 1227971 closing signal SIGTERM
W0430 17:37:07.059000 853898 torch/distributed/elastic/multiprocessing/api.py:898] Sending process 854042 closing signal SIGTERM
W0430 17:37:07.062000 1227816 torch/distributed/elastic/multiprocessing/api.py:898] Sending process 1227972 closing signal SIGTERM
W0430 17:37:07.062000 853898 torch/distributed/elastic/multiprocessing/api.py:898] Sending process 854043 closing signal SIGTERM
W0430 17:37:07.063000 853898 torch/distributed/elastic/multiprocessing/api.py:898] Sending process 854044 closing signal SIGTERM
W0430 17:37:07.064000 853898 torch/distributed/elastic/multiprocessing/api.py:898] Sending process 854045 closing signal SIGTERM
W0430 17:37:07.068000 1227816 torch/distributed/elastic/multiprocessing/api.py:898] Sending process 1227973 closing signal SIGTERM
INFO: [rank: 3] Received SIGTERM: 15
INFO:lightning.pytorch.trainer.connectors.signal_connector:[rank: 3] Received SIGTERM: 15
INFO: [rank: 3] Received SIGTERM: 15
INFO:lightning.pytorch.trainer.connectors.signal_connector:[rank: 3] Received SIGTERM: 15
INFO: [rank: 0] Received SIGTERM: 15
INFO:lightning.pytorch.trainer.connectors.signal_connector:[rank: 0] Received SIGTERM: 15
INFO: [rank: 3] Received SIGTERM: 15
INFO:lightning.pytorch.trainer.connectors.signal_connector:[rank: 3] Received SIGTERM: 15
INFO: [rank: 0] Received SIGTERM: 15
INFO:lightning.pytorch.trainer.connectors.signal_connector:[rank: 0] Received SIGTERM: 15
INFO: [rank: 0] Received SIGTERM: 15
INFO:lightning.pytorch.trainer.connectors.signal_connector:[rank: 0] Received SIGTERM: 15
INFO: [rank: 2] Received SIGTERM: 15
INFO:lightning.pytorch.trainer.connectors.signal_connector:[rank: 2] Received SIGTERM: 15
INFO: [rank: 1] Received SIGTERM: 15
INFO:lightning.pytorch.trainer.connectors.signal_connector:[rank: 1] Received SIGTERM: 15
INFO: [rank: 1] Received SIGTERM: 15
INFO:lightning.pytorch.trainer.connectors.signal_connector:[rank: 1] Received SIGTERM: 15
INFO: [rank: 2] Received SIGTERM: 15
INFO:lightning.pytorch.trainer.connectors.signal_connector:[rank: 2] Received SIGTERM: 15
INFO: [rank: 2] Received SIGTERM: 15
INFO:lightning.pytorch.trainer.connectors.signal_connector:[rank: 2] Received SIGTERM: 15
INFO: [rank: 1] Received SIGTERM: 15
INFO:lightning.pytorch.trainer.connectors.signal_connector:[rank: 1] Received SIGTERM: 15
INFO: [rank: 3] Received SIGTERM: 15
INFO:lightning.pytorch.trainer.connectors.signal_connector:[rank: 3] Received SIGTERM: 15
INFO: [rank: 1] Received SIGTERM: 15
INFO:lightning.pytorch.trainer.connectors.signal_connector:[rank: 1] Received SIGTERM: 15
INFO: [rank: 0] Received SIGTERM: 15
INFO:lightning.pytorch.trainer.connectors.signal_connector:[rank: 0] Received SIGTERM: 15
INFO: [rank: 2] Received SIGTERM: 15
INFO:lightning.pytorch.trainer.connectors.signal_connector:[rank: 2] Received SIGTERM: 15
