==========================================
Starting SSA Triton Training
Datamix:     /work/p26037/barman/luciole-1B/training/train/train_ssa_triton/datamix_luciole_phase1.json
Output:      /tmpdir/barman/bs1024_fullrun/outputs
Name:        nemotron-1B-SSA-Triton-bs1024
Batch size:  1024
Nodes:       8
Duration:    00:02:00:00
SSA n:       1.5
SSA b:       0.8
Kernel ver:  triton
Compile BDA: 1
Warmup step: 2000
Skip warmup: 1
Contig QKV:  1
Global max:  715788
This-run max:0
W&B:         0 (mode=offline)
==========================================
W0331 03:13:12.633000 78100 torch/distributed/run.py:763] 
W0331 03:13:12.633000 78100 torch/distributed/run.py:763] *****************************************
W0331 03:13:12.633000 78100 torch/distributed/run.py:763] Setting OMP_NUM_THREADS environment variable for each process to be 1 in default, to avoid your system being overloaded, please further tune the variable for optimal performance in your application as needed. 
W0331 03:13:12.633000 78100 torch/distributed/run.py:763] *****************************************
[W331 03:13:12.719683456 socket.cpp:755] [c10d] The client socket cannot be initialized to connect to [kairosgh2.calmip.cluster]:22213 (errno: 97 - Address family not supported by protocol).
W0331 03:13:12.667000 73618 torch/distributed/run.py:763] 
W0331 03:13:12.667000 73618 torch/distributed/run.py:763] *****************************************
W0331 03:13:12.667000 73618 torch/distributed/run.py:763] Setting OMP_NUM_THREADS environment variable for each process to be 1 in default, to avoid your system being overloaded, please further tune the variable for optimal performance in your application as needed. 
W0331 03:13:12.667000 73618 torch/distributed/run.py:763] *****************************************
W0331 03:13:12.673000 82059 torch/distributed/run.py:763] 
W0331 03:13:12.673000 82059 torch/distributed/run.py:763] *****************************************
W0331 03:13:12.673000 82059 torch/distributed/run.py:763] Setting OMP_NUM_THREADS environment variable for each process to be 1 in default, to avoid your system being overloaded, please further tune the variable for optimal performance in your application as needed. 
W0331 03:13:12.673000 82059 torch/distributed/run.py:763] *****************************************
[W331 03:13:12.004072378 socket.cpp:755] [c10d] The client socket cannot be initialized to connect to [kairosgh2.calmip.cluster]:22213 (errno: 97 - Address family not supported by protocol).
[W331 03:13:12.486685302 socket.cpp:755] [c10d] The client socket cannot be initialized to connect to [kairosgh2.calmip.cluster]:22213 (errno: 97 - Address family not supported by protocol).
W0331 03:13:12.711000 83365 torch/distributed/run.py:763] 
W0331 03:13:12.711000 83365 torch/distributed/run.py:763] *****************************************
W0331 03:13:12.711000 83365 torch/distributed/run.py:763] Setting OMP_NUM_THREADS environment variable for each process to be 1 in default, to avoid your system being overloaded, please further tune the variable for optimal performance in your application as needed. 
W0331 03:13:12.711000 83365 torch/distributed/run.py:763] *****************************************
W0331 03:13:12.719000 442541 torch/distributed/run.py:763] 
W0331 03:13:12.719000 442541 torch/distributed/run.py:763] *****************************************
W0331 03:13:12.719000 442541 torch/distributed/run.py:763] Setting OMP_NUM_THREADS environment variable for each process to be 1 in default, to avoid your system being overloaded, please further tune the variable for optimal performance in your application as needed. 
W0331 03:13:12.719000 442541 torch/distributed/run.py:763] *****************************************
[W331 03:13:12.476840518 socket.cpp:755] [c10d] The client socket cannot be initialized to connect to [kairosgh2.calmip.cluster]:22213 (errno: 97 - Address family not supported by protocol).
[W331 03:13:12.877103470 socket.cpp:755] [c10d] The client socket cannot be initialized to connect to [kairosgh2.calmip.cluster]:22213 (errno: 97 - Address family not supported by protocol).
W0331 03:13:12.760000 74338 torch/distributed/run.py:763] 
W0331 03:13:12.760000 74338 torch/distributed/run.py:763] *****************************************
W0331 03:13:12.760000 74338 torch/distributed/run.py:763] Setting OMP_NUM_THREADS environment variable for each process to be 1 in default, to avoid your system being overloaded, please further tune the variable for optimal performance in your application as needed. 
W0331 03:13:12.760000 74338 torch/distributed/run.py:763] *****************************************
W0331 03:13:12.771000 130966 torch/distributed/run.py:763] 
W0331 03:13:12.771000 130966 torch/distributed/run.py:763] *****************************************
W0331 03:13:12.771000 130966 torch/distributed/run.py:763] Setting OMP_NUM_THREADS environment variable for each process to be 1 in default, to avoid your system being overloaded, please further tune the variable for optimal performance in your application as needed. 
W0331 03:13:12.771000 130966 torch/distributed/run.py:763] *****************************************
[W331 03:13:12.593325606 socket.cpp:755] [c10d] The client socket cannot be initialized to connect to [kairosgh2.calmip.cluster]:22213 (errno: 97 - Address family not supported by protocol).
W0331 03:13:12.781000 93530 torch/distributed/run.py:763] 
W0331 03:13:12.781000 93530 torch/distributed/run.py:763] *****************************************
W0331 03:13:12.781000 93530 torch/distributed/run.py:763] Setting OMP_NUM_THREADS environment variable for each process to be 1 in default, to avoid your system being overloaded, please further tune the variable for optimal performance in your application as needed. 
W0331 03:13:12.781000 93530 torch/distributed/run.py:763] *****************************************
[W331 03:13:12.040213289 socket.cpp:755] [c10d] The client socket cannot be initialized to connect to [kairosgh2.calmip.cluster]:22213 (errno: 97 - Address family not supported by protocol).
[W331 03:13:12.803816761 socket.cpp:755] [c10d] The client socket cannot be initialized to connect to [kairosgh2.calmip.cluster]:22213 (errno: 97 - Address family not supported by protocol).
[W331 03:13:13.650606341 socket.cpp:755] [c10d] The client socket cannot be initialized to connect to [kairosgh10.calmip.cluster]:46003 (errno: 97 - Address family not supported by protocol).
[rank: 26] Seed set to 1234
[rank: 24] Seed set to 1234
[rank: 27] Seed set to 1234
[rank: 25] Seed set to 1234
[rank: 9] Seed set to 1234
[rank: 10] Seed set to 1234
[rank: 8] Seed set to 1234
[rank: 11] Seed set to 1234
[rank: 16] Seed set to 1234
[rank: 18] Seed set to 1234
[rank: 17] Seed set to 1234
[rank: 19] Seed set to 1234
[rank: 31] Seed set to 1234
[rank: 29] Seed set to 1234
[rank: 28] Seed set to 1234
[rank: 30] Seed set to 1234
[rank: 4] Seed set to 1234
[rank: 7] Seed set to 1234
[rank: 5] Seed set to 1234
[rank: 6] Seed set to 1234
[rank: 1] Seed set to 1234
[rank: 2] Seed set to 1234
[rank: 3] Seed set to 1234
[rank: 0] Seed set to 1234
[rank: 14] Seed set to 1234
[rank: 12] Seed set to 1234
[rank: 15] Seed set to 1234
[rank: 13] Seed set to 1234
[rank: 20] Seed set to 1234
[rank: 23] Seed set to 1234
[rank: 21] Seed set to 1234
[rank: 22] Seed set to 1234
INFO:faiss.loader:Loading faiss with SVE support.
INFO:faiss.loader:Could not load library with SVE support due to:
ModuleNotFoundError("No module named 'faiss.swigfaiss_sve'")
INFO:faiss.loader:Loading faiss.
INFO:faiss.loader:Loading faiss with SVE support.
INFO:faiss.loader:Could not load library with SVE support due to:
ModuleNotFoundError("No module named 'faiss.swigfaiss_sve'")
INFO:faiss.loader:Loading faiss.
INFO:faiss.loader:Loading faiss with SVE support.
INFO:faiss.loader:Could not load library with SVE support due to:
ModuleNotFoundError("No module named 'faiss.swigfaiss_sve'")
INFO:faiss.loader:Loading faiss.
INFO:faiss.loader:Loading faiss with SVE support.
INFO:faiss.loader:Could not load library with SVE support due to:
ModuleNotFoundError("No module named 'faiss.swigfaiss_sve'")
INFO:faiss.loader:Loading faiss.
INFO:faiss.loader:Successfully loaded faiss.
INFO:faiss.loader:Successfully loaded faiss.
INFO:faiss.loader:Successfully loaded faiss.
INFO:faiss.loader:Successfully loaded faiss.
INFO:faiss.loader:Loading faiss with SVE support.
INFO:faiss.loader:Could not load library with SVE support due to:
ModuleNotFoundError("No module named 'faiss.swigfaiss_sve'")
INFO:faiss.loader:Loading faiss.
INFO:faiss.loader:Loading faiss with SVE support.
INFO:faiss.loader:Could not load library with SVE support due to:
ModuleNotFoundError("No module named 'faiss.swigfaiss_sve'")
INFO:faiss.loader:Loading faiss.
INFO:faiss.loader:Loading faiss with SVE support.
INFO:faiss.loader:Could not load library with SVE support due to:
ModuleNotFoundError("No module named 'faiss.swigfaiss_sve'")
INFO:faiss.loader:Loading faiss.
INFO:faiss.loader:Loading faiss with SVE support.
INFO:faiss.loader:Could not load library with SVE support due to:
ModuleNotFoundError("No module named 'faiss.swigfaiss_sve'")
INFO:faiss.loader:Loading faiss.
INFO:faiss.loader:Successfully loaded faiss.
INFO:faiss.loader:Successfully loaded faiss.
INFO:faiss.loader:Successfully loaded faiss.
INFO:faiss.loader:Successfully loaded faiss.
INFO:faiss.loader:Loading faiss with SVE support.
INFO:faiss.loader:Could not load library with SVE support due to:
ModuleNotFoundError("No module named 'faiss.swigfaiss_sve'")
INFO:faiss.loader:Loading faiss.
INFO:faiss.loader:Loading faiss with SVE support.
INFO:faiss.loader:Could not load library with SVE support due to:
ModuleNotFoundError("No module named 'faiss.swigfaiss_sve'")
INFO:faiss.loader:Loading faiss.
INFO:faiss.loader:Loading faiss with SVE support.
INFO:faiss.loader:Could not load library with SVE support due to:
ModuleNotFoundError("No module named 'faiss.swigfaiss_sve'")
INFO:faiss.loader:Loading faiss.
INFO:faiss.loader:Loading faiss with SVE support.
INFO:faiss.loader:Could not load library with SVE support due to:
ModuleNotFoundError("No module named 'faiss.swigfaiss_sve'")
INFO:faiss.loader:Loading faiss.
INFO:faiss.loader:Successfully loaded faiss.
INFO:faiss.loader:Successfully loaded faiss.
INFO:faiss.loader:Successfully loaded faiss.
INFO:faiss.loader:Successfully loaded faiss.
INFO:faiss.loader:Loading faiss with SVE support.
INFO:faiss.loader:Could not load library with SVE support due to:
ModuleNotFoundError("No module named 'faiss.swigfaiss_sve'")
INFO:faiss.loader:Loading faiss.
INFO:faiss.loader:Loading faiss with SVE support.
INFO:faiss.loader:Could not load library with SVE support due to:
ModuleNotFoundError("No module named 'faiss.swigfaiss_sve'")
INFO:faiss.loader:Loading faiss.
INFO:faiss.loader:Loading faiss with SVE support.
INFO:faiss.loader:Could not load library with SVE support due to:
ModuleNotFoundError("No module named 'faiss.swigfaiss_sve'")
INFO:faiss.loader:Loading faiss.
INFO:faiss.loader:Loading faiss with SVE support.
INFO:faiss.loader:Could not load library with SVE support due to:
ModuleNotFoundError("No module named 'faiss.swigfaiss_sve'")
INFO:faiss.loader:Loading faiss.
INFO:faiss.loader:Successfully loaded faiss.
INFO:faiss.loader:Successfully loaded faiss.
INFO:faiss.loader:Successfully loaded faiss.
INFO:faiss.loader:Successfully loaded faiss.
INFO:faiss.loader:Loading faiss with SVE support.
INFO:faiss.loader:Could not load library with SVE support due to:
ModuleNotFoundError("No module named 'faiss.swigfaiss_sve'")
INFO:faiss.loader:Loading faiss.
INFO:faiss.loader:Loading faiss with SVE support.
INFO:faiss.loader:Could not load library with SVE support due to:
ModuleNotFoundError("No module named 'faiss.swigfaiss_sve'")
INFO:faiss.loader:Loading faiss.
INFO:faiss.loader:Loading faiss with SVE support.
INFO:faiss.loader:Could not load library with SVE support due to:
ModuleNotFoundError("No module named 'faiss.swigfaiss_sve'")
INFO:faiss.loader:Loading faiss.
INFO:faiss.loader:Loading faiss with SVE support.
INFO:faiss.loader:Could not load library with SVE support due to:
ModuleNotFoundError("No module named 'faiss.swigfaiss_sve'")
INFO:faiss.loader:Loading faiss.
INFO:faiss.loader:Successfully loaded faiss.
INFO:faiss.loader:Successfully loaded faiss.
INFO:faiss.loader:Successfully loaded faiss.
INFO:faiss.loader:Successfully loaded faiss.
INFO:faiss.loader:Loading faiss with SVE support.
INFO:faiss.loader:Could not load library with SVE support due to:
ModuleNotFoundError("No module named 'faiss.swigfaiss_sve'")
INFO:faiss.loader:Loading faiss.
INFO:faiss.loader:Loading faiss with SVE support.
INFO:faiss.loader:Could not load library with SVE support due to:
ModuleNotFoundError("No module named 'faiss.swigfaiss_sve'")
INFO:faiss.loader:Loading faiss.
INFO:faiss.loader:Loading faiss with SVE support.
INFO:faiss.loader:Could not load library with SVE support due to:
ModuleNotFoundError("No module named 'faiss.swigfaiss_sve'")
INFO:faiss.loader:Loading faiss.
INFO:faiss.loader:Loading faiss with SVE support.
INFO:faiss.loader:Could not load library with SVE support due to:
ModuleNotFoundError("No module named 'faiss.swigfaiss_sve'")
INFO:faiss.loader:Loading faiss.
INFO:faiss.loader:Successfully loaded faiss.
INFO:faiss.loader:Successfully loaded faiss.
INFO:faiss.loader:Successfully loaded faiss.
INFO:faiss.loader:Successfully loaded faiss.
INFO:faiss.loader:Loading faiss with SVE support.
INFO:faiss.loader:Could not load library with SVE support due to:
ModuleNotFoundError("No module named 'faiss.swigfaiss_sve'")
INFO:faiss.loader:Loading faiss.
INFO:faiss.loader:Loading faiss with SVE support.
INFO:faiss.loader:Could not load library with SVE support due to:
ModuleNotFoundError("No module named 'faiss.swigfaiss_sve'")
INFO:faiss.loader:Loading faiss.
INFO:faiss.loader:Loading faiss with SVE support.
INFO:faiss.loader:Could not load library with SVE support due to:
ModuleNotFoundError("No module named 'faiss.swigfaiss_sve'")
INFO:faiss.loader:Loading faiss.
INFO:faiss.loader:Loading faiss with SVE support.
INFO:faiss.loader:Could not load library with SVE support due to:
ModuleNotFoundError("No module named 'faiss.swigfaiss_sve'")
INFO:faiss.loader:Loading faiss.
INFO:faiss.loader:Successfully loaded faiss.
INFO:faiss.loader:Successfully loaded faiss.
INFO:faiss.loader:Successfully loaded faiss.
INFO:faiss.loader:Successfully loaded faiss.
INFO:faiss.loader:Loading faiss with SVE support.
INFO:faiss.loader:Could not load library with SVE support due to:
ModuleNotFoundError("No module named 'faiss.swigfaiss_sve'")
INFO:faiss.loader:Loading faiss.
INFO:faiss.loader:Loading faiss with SVE support.
INFO:faiss.loader:Could not load library with SVE support due to:
ModuleNotFoundError("No module named 'faiss.swigfaiss_sve'")
INFO:faiss.loader:Loading faiss.
INFO:faiss.loader:Loading faiss with SVE support.
INFO:faiss.loader:Could not load library with SVE support due to:
ModuleNotFoundError("No module named 'faiss.swigfaiss_sve'")
INFO:faiss.loader:Loading faiss.
INFO:faiss.loader:Loading faiss with SVE support.
INFO:faiss.loader:Could not load library with SVE support due to:
ModuleNotFoundError("No module named 'faiss.swigfaiss_sve'")
INFO:faiss.loader:Loading faiss.
INFO:faiss.loader:Successfully loaded faiss.
INFO:faiss.loader:Successfully loaded faiss.
INFO:faiss.loader:Successfully loaded faiss.
INFO:faiss.loader:Successfully loaded faiss.
[NeMo W 2026-03-31 03:14:06 nemo_logging:405] /usr/local/lib/python3.12/dist-packages/pydub/utils.py:170: RuntimeWarning: Couldn't find ffmpeg or avconv - defaulting to ffmpeg, but may not work
      warn("Couldn't find ffmpeg or avconv - defaulting to ffmpeg, but may not work", RuntimeWarning)
    
INFO:datasets:PyTorch version 2.7.0a0+7c8ec84dab.nv25.3 available.
INFO:datasets:PyTorch version 2.7.0a0+7c8ec84dab.nv25.3 available.
INFO:datasets:PyTorch version 2.7.0a0+7c8ec84dab.nv25.3 available.
INFO:datasets:PyTorch version 2.7.0a0+7c8ec84dab.nv25.3 available.
INFO:datasets:Polars version 1.21.0 available.
INFO:datasets:Polars version 1.21.0 available.
INFO:datasets:Polars version 1.21.0 available.
INFO:datasets:Polars version 1.21.0 available.
INFO:datasets:PyTorch version 2.7.0a0+7c8ec84dab.nv25.3 available.
INFO:datasets:PyTorch version 2.7.0a0+7c8ec84dab.nv25.3 available.
INFO:datasets:PyTorch version 2.7.0a0+7c8ec84dab.nv25.3 available.
INFO:datasets:PyTorch version 2.7.0a0+7c8ec84dab.nv25.3 available.
INFO:datasets:Polars version 1.21.0 available.
INFO:datasets:Polars version 1.21.0 available.
INFO:datasets:Polars version 1.21.0 available.
INFO:datasets:Polars version 1.21.0 available.
INFO:datasets:PyTorch version 2.7.0a0+7c8ec84dab.nv25.3 available.
INFO:datasets:PyTorch version 2.7.0a0+7c8ec84dab.nv25.3 available.
INFO:datasets:PyTorch version 2.7.0a0+7c8ec84dab.nv25.3 available.
INFO:datasets:PyTorch version 2.7.0a0+7c8ec84dab.nv25.3 available.
INFO:datasets:Polars version 1.21.0 available.
INFO:datasets:Polars version 1.21.0 available.
INFO:datasets:Polars version 1.21.0 available.
INFO:datasets:Polars version 1.21.0 available.
INFO:datasets:PyTorch version 2.7.0a0+7c8ec84dab.nv25.3 available.
INFO:datasets:PyTorch version 2.7.0a0+7c8ec84dab.nv25.3 available.
INFO:datasets:PyTorch version 2.7.0a0+7c8ec84dab.nv25.3 available.
INFO:datasets:PyTorch version 2.7.0a0+7c8ec84dab.nv25.3 available.
INFO:datasets:Polars version 1.21.0 available.
INFO:datasets:Polars version 1.21.0 available.
INFO:datasets:Polars version 1.21.0 available.
INFO:datasets:Polars version 1.21.0 available.
INFO:datasets:PyTorch version 2.7.0a0+7c8ec84dab.nv25.3 available.
INFO:datasets:PyTorch version 2.7.0a0+7c8ec84dab.nv25.3 available.
INFO:datasets:PyTorch version 2.7.0a0+7c8ec84dab.nv25.3 available.
INFO:datasets:PyTorch version 2.7.0a0+7c8ec84dab.nv25.3 available.
INFO:datasets:Polars version 1.21.0 available.
INFO:datasets:Polars version 1.21.0 available.
INFO:datasets:Polars version 1.21.0 available.
INFO:datasets:Polars version 1.21.0 available.
INFO:datasets:PyTorch version 2.7.0a0+7c8ec84dab.nv25.3 available.
INFO:datasets:PyTorch version 2.7.0a0+7c8ec84dab.nv25.3 available.
INFO:datasets:PyTorch version 2.7.0a0+7c8ec84dab.nv25.3 available.
INFO:datasets:PyTorch version 2.7.0a0+7c8ec84dab.nv25.3 available.
INFO:datasets:Polars version 1.21.0 available.
INFO:datasets:Polars version 1.21.0 available.
INFO:datasets:Polars version 1.21.0 available.
INFO:datasets:Polars version 1.21.0 available.
INFO:datasets:PyTorch version 2.7.0a0+7c8ec84dab.nv25.3 available.
INFO:datasets:PyTorch version 2.7.0a0+7c8ec84dab.nv25.3 available.
INFO:datasets:PyTorch version 2.7.0a0+7c8ec84dab.nv25.3 available.
INFO:datasets:PyTorch version 2.7.0a0+7c8ec84dab.nv25.3 available.
INFO:datasets:Polars version 1.21.0 available.
INFO:datasets:Polars version 1.21.0 available.
INFO:datasets:Polars version 1.21.0 available.
INFO:datasets:Polars version 1.21.0 available.
INFO:datasets:PyTorch version 2.7.0a0+7c8ec84dab.nv25.3 available.
INFO:datasets:PyTorch version 2.7.0a0+7c8ec84dab.nv25.3 available.
INFO:datasets:PyTorch version 2.7.0a0+7c8ec84dab.nv25.3 available.
INFO:datasets:PyTorch version 2.7.0a0+7c8ec84dab.nv25.3 available.
INFO:datasets:Polars version 1.21.0 available.
INFO:datasets:Polars version 1.21.0 available.
INFO:datasets:Polars version 1.21.0 available.
INFO:datasets:Polars version 1.21.0 available.
INFO:utils:{'data_path': '/work/datasets/AI/tokens_luciole_phase1', 'total_tokens': 3002228277248, 'train': [{'name': 'claire_open_en_text_document', 'weight': 29003.0}, {'name': 'claire_open_fr_text_document', 'weight': 92129.0}, {'name': 'common-corpus_bnl-newspapers-1841-1879_fr_text_document', 'weight': 66237.0}, {'name': 'common-corpus_eurlex_multi_text_document', 'weight': 3601664.0}, {'name': 'common-corpus_gatt-library_multi_text_document', 'weight': 41322.0}, {'name': 'common-corpus_oecd_multi_text_document', 'weight': 121969.0}, {'name': 'common-corpus_tedeutenders_multi_text_document', 'weight': 31276.0}, {'name': 'common-corpus_wto_multi_text_document', 'weight': 577279.0}, {'name': 'common-pile_arxiv-abstracts_en_text_document', 'weight': 140138.0}, {'name': 'common-pile_arxiv-papers_en_text_document', 'weight': 1299034.0}, {'name': 'common-pile_biodiversity-heritage-library_en_text_document', 'weight': 107772.0}, {'name': 'common-pile_caselaw-access-project_en_text_document', 'weight': 929697.0}, {'name': 'common-pile_doab_en_text_document', 'weight': 712786.0}, {'name': 'common-pile_foodista_en_text_document', 'weight': 5603.0}, {'name': 'common-pile_github-archive_en_text_document', 'weight': 2244221.0}, {'name': 'common-pile_library-of-congress_en_text_document', 'weight': 101533.0}, {'name': 'common-pile_libretexts_en_text_document', 'weight': 21049.0}, {'name': 'common-pile_news_en_text_document', 'weight': 14354.0}, {'name': 'common-pile_oercommons_en_text_document', 'weight': 2748.0}, {'name': 'common-pile_peS2o_en_text_document', 'weight': 10166525.0}, {'name': 'common-pile_pre-1929-books_en_text_document', 'weight': 531517.0}, {'name': 'common-pile_pressbooks_en_text_document', 'weight': 31891.0}, {'name': 'common-pile_public-domain-review_en_text_document', 'weight': 382.0}, {'name': 'common-pile_pubmed_en_text_document', 'weight': 1869301.0}, {'name': 'common-pile_python-enhancement-proposals_en_text_document', 'weight': 652.0}, {'name': 'common-pile_regulations_en_text_document', 'weight': 266173.0}, {'name': 'common-pile_stackexchange_en_text_document', 'weight': 4985359.0}, {'name': 'common-pile_ubuntu-irc_en_text_document', 'weight': 482830.0}, {'name': 'common-pile_youtube_en_text_document', 'weight': 204765.0}, {'name': 'croissant-aligned_aligned_text_document', 'weight': 11618464.0}, {'name': 'culturax_fr_text_document_ratio1.30_phase0', 'weight': 57012131.0}, {'name': 'dclm-dolmino_en_text_document_ratio0.75_phase0', 'weight': 93003263.0}, {'name': 'europarl_aligned_text_document', 'weight': 215607.0}, {'name': 'europarl_multi_text_document', 'weight': 99752.0}, {'name': 'eurovoc_filtered_multi_text_document', 'weight': 2150091.0}, {'name': 'fineweb-edu_en_text_document_ratio0.75_phase0', 'weight': 214754282.0}, {'name': 'fineweb2_ar_text_document_ratio0.50_phase0', 'weight': 3350461.0}, {'name': 'fineweb2_ca_text_document_ratio0.05_phase0', 'weight': 92529.0}, {'name': 'fineweb2_de_text_document_ratio0.50_phase0', 'weight': 27173931.0}, {'name': 'fineweb2_es_text_document_ratio0.50_phase0', 'weight': 24393496.0}, {'name': 'fineweb2_fr_text_document_ratio1.30_phase0', 'weight': 50038822.0}, {'name': 'fineweb2_it_text_document_ratio0.50_phase0', 'weight': 13377940.0}, {'name': 'fineweb2_nl_text_document_ratio0.50_phase0', 'weight': 7435763.0}, {'name': 'fineweb2_pt_text_document_ratio0.50_phase0', 'weight': 9800040.0}, {'name': 'fineweb2_regional_text_document', 'weight': 2132152.0}, {'name': 'gallica_monographies_fr_text_document', 'weight': 5842786.0}, {'name': 'gallica_press_fr_text_document', 'weight': 22850320.0}, {'name': 'gutenberg_de_text_document', 'weight': 42330.0}, {'name': 'gutenberg_en_text_document', 'weight': 1187655.0}, {'name': 'gutenberg_es_text_document', 'weight': 21778.0}, {'name': 'gutenberg_fr_text_document', 'weight': 91991.0}, {'name': 'gutenberg_it_text_document', 'weight': 29909.0}, {'name': 'gutenberg_nl_text_document', 'weight': 24430.0}, {'name': 'gutenberg_pt_text_document', 'weight': 9241.0}, {'name': 'hal-cea_full-filtered_fr_text_document', 'weight': 7828031.0}, {'name': 'hplt2_fr_text_document_ratio1.30_phase0', 'weight': 70401931.0}, {'name': 'insee_fr_text_document', 'weight': 55377.0}, {'name': 'math-pile_math_text_document', 'weight': 2345197.0}, {'name': 'opendata_fr_text_document', 'weight': 2749409.0}, {'name': 'parlement_fr_text_document', 'weight': 282826.0}, {'name': 'starcoder-data_code_text_document', 'weight': 62922795.0}, {'name': 'theses_fr_text_document', 'weight': 3239718.0}, {'name': 'wikimedia-vikidia_ar_text_document', 'weight': 265451.0}, {'name': 'wikimedia-vikidia_ca_text_document_ratio0.20_phase0', 'weight': 58530.0}, {'name': 'wikimedia-vikidia_de_text_document', 'weight': 1098595.0}, {'name': 'wikimedia-vikidia_en_text_document', 'weight': 2882825.0}, {'name': 'wikimedia-vikidia_es_text_document', 'weight': 631843.0}, {'name': 'wikimedia-vikidia_fr_text_document', 'weight': 1276052.0}, {'name': 'wikimedia-vikidia_it_text_document', 'weight': 654077.0}, {'name': 'wikimedia-vikidia_pt_text_document', 'weight': 304392.0}, {'name': 'wikimedia-vikidia_regional_text_document', 'weight': 119234.0}, {'name': 'wikimedia_nl_text_document', 'weight': 345319.0}, {'name': 'youtube_fr_text_document', 'weight': 76194.0}]}
INFO:__main__:Using CLI tokenizer override: /work/p26037/barman/tokenizer_128k-arab-regional_v2
INFO:__main__:Global batch size: 1024
INFO:__main__:Sequence length: 4096
INFO:__main__:Tokens per batch: 4194304
INFO:__main__:Total tokens in datamix: 3002228277248
INFO:__main__:Global training/LR horizon (from --max_steps): 715788
INFO:__main__:Patched megatron.core.optimizer (accepted params: {'no_weight_decay_cond', 'config', 'model_chunks', 'use_gloo_process_groups', 'scale_lr_cond', 'lr_mult'})
INFO:utils:{'data_path': '/work/datasets/AI/tokens_luciole_phase1', 'total_tokens': 3002228277248, 'train': [{'name': 'claire_open_en_text_document', 'weight': 29003.0}, {'name': 'claire_open_fr_text_document', 'weight': 92129.0}, {'name': 'common-corpus_bnl-newspapers-1841-1879_fr_text_document', 'weight': 66237.0}, {'name': 'common-corpus_eurlex_multi_text_document', 'weight': 3601664.0}, {'name': 'common-corpus_gatt-library_multi_text_document', 'weight': 41322.0}, {'name': 'common-corpus_oecd_multi_text_document', 'weight': 121969.0}, {'name': 'common-corpus_tedeutenders_multi_text_document', 'weight': 31276.0}, {'name': 'common-corpus_wto_multi_text_document', 'weight': 577279.0}, {'name': 'common-pile_arxiv-abstracts_en_text_document', 'weight': 140138.0}, {'name': 'common-pile_arxiv-papers_en_text_document', 'weight': 1299034.0}, {'name': 'common-pile_biodiversity-heritage-library_en_text_document', 'weight': 107772.0}, {'name': 'common-pile_caselaw-access-project_en_text_document', 'weight': 929697.0}, {'name': 'common-pile_doab_en_text_document', 'weight': 712786.0}, {'name': 'common-pile_foodista_en_text_document', 'weight': 5603.0}, {'name': 'common-pile_github-archive_en_text_document', 'weight': 2244221.0}, {'name': 'common-pile_library-of-congress_en_text_document', 'weight': 101533.0}, {'name': 'common-pile_libretexts_en_text_document', 'weight': 21049.0}, {'name': 'common-pile_news_en_text_document', 'weight': 14354.0}, {'name': 'common-pile_oercommons_en_text_document', 'weight': 2748.0}, {'name': 'common-pile_peS2o_en_text_document', 'weight': 10166525.0}, {'name': 'common-pile_pre-1929-books_en_text_document', 'weight': 531517.0}, {'name': 'common-pile_pressbooks_en_text_document', 'weight': 31891.0}, {'name': 'common-pile_public-domain-review_en_text_document', 'weight': 382.0}, {'name': 'common-pile_pubmed_en_text_document', 'weight': 1869301.0}, {'name': 'common-pile_python-enhancement-proposals_en_text_document', 'weight': 652.0}, {'name': 'common-pile_regulations_en_text_document', 'weight': 266173.0}, {'name': 'common-pile_stackexchange_en_text_document', 'weight': 4985359.0}, {'name': 'common-pile_ubuntu-irc_en_text_document', 'weight': 482830.0}, {'name': 'common-pile_youtube_en_text_document', 'weight': 204765.0}, {'name': 'croissant-aligned_aligned_text_document', 'weight': 11618464.0}, {'name': 'culturax_fr_text_document_ratio1.30_phase0', 'weight': 57012131.0}, {'name': 'dclm-dolmino_en_text_document_ratio0.75_phase0', 'weight': 93003263.0}, {'name': 'europarl_aligned_text_document', 'weight': 215607.0}, {'name': 'europarl_multi_text_document', 'weight': 99752.0}, {'name': 'eurovoc_filtered_multi_text_document', 'weight': 2150091.0}, {'name': 'fineweb-edu_en_text_document_ratio0.75_phase0', 'weight': 214754282.0}, {'name': 'fineweb2_ar_text_document_ratio0.50_phase0', 'weight': 3350461.0}, {'name': 'fineweb2_ca_text_document_ratio0.05_phase0', 'weight': 92529.0}, {'name': 'fineweb2_de_text_document_ratio0.50_phase0', 'weight': 27173931.0}, {'name': 'fineweb2_es_text_document_ratio0.50_phase0', 'weight': 24393496.0}, {'name': 'fineweb2_fr_text_document_ratio1.30_phase0', 'weight': 50038822.0}, {'name': 'fineweb2_it_text_document_ratio0.50_phase0', 'weight': 13377940.0}, {'name': 'fineweb2_nl_text_document_ratio0.50_phase0', 'weight': 7435763.0}, {'name': 'fineweb2_pt_text_document_ratio0.50_phase0', 'weight': 9800040.0}, {'name': 'fineweb2_regional_text_document', 'weight': 2132152.0}, {'name': 'gallica_monographies_fr_text_document', 'weight': 5842786.0}, {'name': 'gallica_press_fr_text_document', 'weight': 22850320.0}, {'name': 'gutenberg_de_text_document', 'weight': 42330.0}, {'name': 'gutenberg_en_text_document', 'weight': 1187655.0}, {'name': 'gutenberg_es_text_document', 'weight': 21778.0}, {'name': 'gutenberg_fr_text_document', 'weight': 91991.0}, {'name': 'gutenberg_it_text_document', 'weight': 29909.0}, {'name': 'gutenberg_nl_text_document', 'weight': 24430.0}, {'name': 'gutenberg_pt_text_document', 'weight': 9241.0}, {'name': 'hal-cea_full-filtered_fr_text_document', 'weight': 7828031.0}, {'name': 'hplt2_fr_text_document_ratio1.30_phase0', 'weight': 70401931.0}, {'name': 'insee_fr_text_document', 'weight': 55377.0}, {'name': 'math-pile_math_text_document', 'weight': 2345197.0}, {'name': 'opendata_fr_text_document', 'weight': 2749409.0}, {'name': 'parlement_fr_text_document', 'weight': 282826.0}, {'name': 'starcoder-data_code_text_document', 'weight': 62922795.0}, {'name': 'theses_fr_text_document', 'weight': 3239718.0}, {'name': 'wikimedia-vikidia_ar_text_document', 'weight': 265451.0}, {'name': 'wikimedia-vikidia_ca_text_document_ratio0.20_phase0', 'weight': 58530.0}, {'name': 'wikimedia-vikidia_de_text_document', 'weight': 1098595.0}, {'name': 'wikimedia-vikidia_en_text_document', 'weight': 2882825.0}, {'name': 'wikimedia-vikidia_es_text_document', 'weight': 631843.0}, {'name': 'wikimedia-vikidia_fr_text_document', 'weight': 1276052.0}, {'name': 'wikimedia-vikidia_it_text_document', 'weight': 654077.0}, {'name': 'wikimedia-vikidia_pt_text_document', 'weight': 304392.0}, {'name': 'wikimedia-vikidia_regional_text_document', 'weight': 119234.0}, {'name': 'wikimedia_nl_text_document', 'weight': 345319.0}, {'name': 'youtube_fr_text_document', 'weight': 76194.0}]}
INFO:__main__:Using CLI tokenizer override: /work/p26037/barman/tokenizer_128k-arab-regional_v2
INFO:__main__:Global batch size: 1024
INFO:__main__:Sequence length: 4096
INFO:__main__:Tokens per batch: 4194304
INFO:__main__:Total tokens in datamix: 3002228277248
INFO:__main__:Global training/LR horizon (from --max_steps): 715788
INFO:__main__:Patched megatron.core.optimizer (accepted params: {'config', 'use_gloo_process_groups', 'lr_mult', 'model_chunks', 'no_weight_decay_cond', 'scale_lr_cond'})
INFO:utils:{'data_path': '/work/datasets/AI/tokens_luciole_phase1', 'total_tokens': 3002228277248, 'train': [{'name': 'claire_open_en_text_document', 'weight': 29003.0}, {'name': 'claire_open_fr_text_document', 'weight': 92129.0}, {'name': 'common-corpus_bnl-newspapers-1841-1879_fr_text_document', 'weight': 66237.0}, {'name': 'common-corpus_eurlex_multi_text_document', 'weight': 3601664.0}, {'name': 'common-corpus_gatt-library_multi_text_document', 'weight': 41322.0}, {'name': 'common-corpus_oecd_multi_text_document', 'weight': 121969.0}, {'name': 'common-corpus_tedeutenders_multi_text_document', 'weight': 31276.0}, {'name': 'common-corpus_wto_multi_text_document', 'weight': 577279.0}, {'name': 'common-pile_arxiv-abstracts_en_text_document', 'weight': 140138.0}, {'name': 'common-pile_arxiv-papers_en_text_document', 'weight': 1299034.0}, {'name': 'common-pile_biodiversity-heritage-library_en_text_document', 'weight': 107772.0}, {'name': 'common-pile_caselaw-access-project_en_text_document', 'weight': 929697.0}, {'name': 'common-pile_doab_en_text_document', 'weight': 712786.0}, {'name': 'common-pile_foodista_en_text_document', 'weight': 5603.0}, {'name': 'common-pile_github-archive_en_text_document', 'weight': 2244221.0}, {'name': 'common-pile_library-of-congress_en_text_document', 'weight': 101533.0}, {'name': 'common-pile_libretexts_en_text_document', 'weight': 21049.0}, {'name': 'common-pile_news_en_text_document', 'weight': 14354.0}, {'name': 'common-pile_oercommons_en_text_document', 'weight': 2748.0}, {'name': 'common-pile_peS2o_en_text_document', 'weight': 10166525.0}, {'name': 'common-pile_pre-1929-books_en_text_document', 'weight': 531517.0}, {'name': 'common-pile_pressbooks_en_text_document', 'weight': 31891.0}, {'name': 'common-pile_public-domain-review_en_text_document', 'weight': 382.0}, {'name': 'common-pile_pubmed_en_text_document', 'weight': 1869301.0}, {'name': 'common-pile_python-enhancement-proposals_en_text_document', 'weight': 652.0}, {'name': 'common-pile_regulations_en_text_document', 'weight': 266173.0}, {'name': 'common-pile_stackexchange_en_text_document', 'weight': 4985359.0}, {'name': 'common-pile_ubuntu-irc_en_text_document', 'weight': 482830.0}, {'name': 'common-pile_youtube_en_text_document', 'weight': 204765.0}, {'name': 'croissant-aligned_aligned_text_document', 'weight': 11618464.0}, {'name': 'culturax_fr_text_document_ratio1.30_phase0', 'weight': 57012131.0}, {'name': 'dclm-dolmino_en_text_document_ratio0.75_phase0', 'weight': 93003263.0}, {'name': 'europarl_aligned_text_document', 'weight': 215607.0}, {'name': 'europarl_multi_text_document', 'weight': 99752.0}, {'name': 'eurovoc_filtered_multi_text_document', 'weight': 2150091.0}, {'name': 'fineweb-edu_en_text_document_ratio0.75_phase0', 'weight': 214754282.0}, {'name': 'fineweb2_ar_text_document_ratio0.50_phase0', 'weight': 3350461.0}, {'name': 'fineweb2_ca_text_document_ratio0.05_phase0', 'weight': 92529.0}, {'name': 'fineweb2_de_text_document_ratio0.50_phase0', 'weight': 27173931.0}, {'name': 'fineweb2_es_text_document_ratio0.50_phase0', 'weight': 24393496.0}, {'name': 'fineweb2_fr_text_document_ratio1.30_phase0', 'weight': 50038822.0}, {'name': 'fineweb2_it_text_document_ratio0.50_phase0', 'weight': 13377940.0}, {'name': 'fineweb2_nl_text_document_ratio0.50_phase0', 'weight': 7435763.0}, {'name': 'fineweb2_pt_text_document_ratio0.50_phase0', 'weight': 9800040.0}, {'name': 'fineweb2_regional_text_document', 'weight': 2132152.0}, {'name': 'gallica_monographies_fr_text_document', 'weight': 5842786.0}, {'name': 'gallica_press_fr_text_document', 'weight': 22850320.0}, {'name': 'gutenberg_de_text_document', 'weight': 42330.0}, {'name': 'gutenberg_en_text_document', 'weight': 1187655.0}, {'name': 'gutenberg_es_text_document', 'weight': 21778.0}, {'name': 'gutenberg_fr_text_document', 'weight': 91991.0}, {'name': 'gutenberg_it_text_document', 'weight': 29909.0}, {'name': 'gutenberg_nl_text_document', 'weight': 24430.0}, {'name': 'gutenberg_pt_text_document', 'weight': 9241.0}, {'name': 'hal-cea_full-filtered_fr_text_document', 'weight': 7828031.0}, {'name': 'hplt2_fr_text_document_ratio1.30_phase0', 'weight': 70401931.0}, {'name': 'insee_fr_text_document', 'weight': 55377.0}, {'name': 'math-pile_math_text_document', 'weight': 2345197.0}, {'name': 'opendata_fr_text_document', 'weight': 2749409.0}, {'name': 'parlement_fr_text_document', 'weight': 282826.0}, {'name': 'starcoder-data_code_text_document', 'weight': 62922795.0}, {'name': 'theses_fr_text_document', 'weight': 3239718.0}, {'name': 'wikimedia-vikidia_ar_text_document', 'weight': 265451.0}, {'name': 'wikimedia-vikidia_ca_text_document_ratio0.20_phase0', 'weight': 58530.0}, {'name': 'wikimedia-vikidia_de_text_document', 'weight': 1098595.0}, {'name': 'wikimedia-vikidia_en_text_document', 'weight': 2882825.0}, {'name': 'wikimedia-vikidia_es_text_document', 'weight': 631843.0}, {'name': 'wikimedia-vikidia_fr_text_document', 'weight': 1276052.0}, {'name': 'wikimedia-vikidia_it_text_document', 'weight': 654077.0}, {'name': 'wikimedia-vikidia_pt_text_document', 'weight': 304392.0}, {'name': 'wikimedia-vikidia_regional_text_document', 'weight': 119234.0}, {'name': 'wikimedia_nl_text_document', 'weight': 345319.0}, {'name': 'youtube_fr_text_document', 'weight': 76194.0}]}
INFO:__main__:Using CLI tokenizer override: /work/p26037/barman/tokenizer_128k-arab-regional_v2
INFO:__main__:Global batch size: 1024
INFO:__main__:Sequence length: 4096
INFO:__main__:Tokens per batch: 4194304
INFO:__main__:Total tokens in datamix: 3002228277248
INFO:__main__:Global training/LR horizon (from --max_steps): 715788
INFO:__main__:Patched megatron.core.optimizer (accepted params: {'lr_mult', 'scale_lr_cond', 'config', 'use_gloo_process_groups', 'model_chunks', 'no_weight_decay_cond'})
INFO:utils:{'data_path': '/work/datasets/AI/tokens_luciole_phase1', 'total_tokens': 3002228277248, 'train': [{'name': 'claire_open_en_text_document', 'weight': 29003.0}, {'name': 'claire_open_fr_text_document', 'weight': 92129.0}, {'name': 'common-corpus_bnl-newspapers-1841-1879_fr_text_document', 'weight': 66237.0}, {'name': 'common-corpus_eurlex_multi_text_document', 'weight': 3601664.0}, {'name': 'common-corpus_gatt-library_multi_text_document', 'weight': 41322.0}, {'name': 'common-corpus_oecd_multi_text_document', 'weight': 121969.0}, {'name': 'common-corpus_tedeutenders_multi_text_document', 'weight': 31276.0}, {'name': 'common-corpus_wto_multi_text_document', 'weight': 577279.0}, {'name': 'common-pile_arxiv-abstracts_en_text_document', 'weight': 140138.0}, {'name': 'common-pile_arxiv-papers_en_text_document', 'weight': 1299034.0}, {'name': 'common-pile_biodiversity-heritage-library_en_text_document', 'weight': 107772.0}, {'name': 'common-pile_caselaw-access-project_en_text_document', 'weight': 929697.0}, {'name': 'common-pile_doab_en_text_document', 'weight': 712786.0}, {'name': 'common-pile_foodista_en_text_document', 'weight': 5603.0}, {'name': 'common-pile_github-archive_en_text_document', 'weight': 2244221.0}, {'name': 'common-pile_library-of-congress_en_text_document', 'weight': 101533.0}, {'name': 'common-pile_libretexts_en_text_document', 'weight': 21049.0}, {'name': 'common-pile_news_en_text_document', 'weight': 14354.0}, {'name': 'common-pile_oercommons_en_text_document', 'weight': 2748.0}, {'name': 'common-pile_peS2o_en_text_document', 'weight': 10166525.0}, {'name': 'common-pile_pre-1929-books_en_text_document', 'weight': 531517.0}, {'name': 'common-pile_pressbooks_en_text_document', 'weight': 31891.0}, {'name': 'common-pile_public-domain-review_en_text_document', 'weight': 382.0}, {'name': 'common-pile_pubmed_en_text_document', 'weight': 1869301.0}, {'name': 'common-pile_python-enhancement-proposals_en_text_document', 'weight': 652.0}, {'name': 'common-pile_regulations_en_text_document', 'weight': 266173.0}, {'name': 'common-pile_stackexchange_en_text_document', 'weight': 4985359.0}, {'name': 'common-pile_ubuntu-irc_en_text_document', 'weight': 482830.0}, {'name': 'common-pile_youtube_en_text_document', 'weight': 204765.0}, {'name': 'croissant-aligned_aligned_text_document', 'weight': 11618464.0}, {'name': 'culturax_fr_text_document_ratio1.30_phase0', 'weight': 57012131.0}, {'name': 'dclm-dolmino_en_text_document_ratio0.75_phase0', 'weight': 93003263.0}, {'name': 'europarl_aligned_text_document', 'weight': 215607.0}, {'name': 'europarl_multi_text_document', 'weight': 99752.0}, {'name': 'eurovoc_filtered_multi_text_document', 'weight': 2150091.0}, {'name': 'fineweb-edu_en_text_document_ratio0.75_phase0', 'weight': 214754282.0}, {'name': 'fineweb2_ar_text_document_ratio0.50_phase0', 'weight': 3350461.0}, {'name': 'fineweb2_ca_text_document_ratio0.05_phase0', 'weight': 92529.0}, {'name': 'fineweb2_de_text_document_ratio0.50_phase0', 'weight': 27173931.0}, {'name': 'fineweb2_es_text_document_ratio0.50_phase0', 'weight': 24393496.0}, {'name': 'fineweb2_fr_text_document_ratio1.30_phase0', 'weight': 50038822.0}, {'name': 'fineweb2_it_text_document_ratio0.50_phase0', 'weight': 13377940.0}, {'name': 'fineweb2_nl_text_document_ratio0.50_phase0', 'weight': 7435763.0}, {'name': 'fineweb2_pt_text_document_ratio0.50_phase0', 'weight': 9800040.0}, {'name': 'fineweb2_regional_text_document', 'weight': 2132152.0}, {'name': 'gallica_monographies_fr_text_document', 'weight': 5842786.0}, {'name': 'gallica_press_fr_text_document', 'weight': 22850320.0}, {'name': 'gutenberg_de_text_document', 'weight': 42330.0}, {'name': 'gutenberg_en_text_document', 'weight': 1187655.0}, {'name': 'gutenberg_es_text_document', 'weight': 21778.0}, {'name': 'gutenberg_fr_text_document', 'weight': 91991.0}, {'name': 'gutenberg_it_text_document', 'weight': 29909.0}, {'name': 'gutenberg_nl_text_document', 'weight': 24430.0}, {'name': 'gutenberg_pt_text_document', 'weight': 9241.0}, {'name': 'hal-cea_full-filtered_fr_text_document', 'weight': 7828031.0}, {'name': 'hplt2_fr_text_document_ratio1.30_phase0', 'weight': 70401931.0}, {'name': 'insee_fr_text_document', 'weight': 55377.0}, {'name': 'math-pile_math_text_document', 'weight': 2345197.0}, {'name': 'opendata_fr_text_document', 'weight': 2749409.0}, {'name': 'parlement_fr_text_document', 'weight': 282826.0}, {'name': 'starcoder-data_code_text_document', 'weight': 62922795.0}, {'name': 'theses_fr_text_document', 'weight': 3239718.0}, {'name': 'wikimedia-vikidia_ar_text_document', 'weight': 265451.0}, {'name': 'wikimedia-vikidia_ca_text_document_ratio0.20_phase0', 'weight': 58530.0}, {'name': 'wikimedia-vikidia_de_text_document', 'weight': 1098595.0}, {'name': 'wikimedia-vikidia_en_text_document', 'weight': 2882825.0}, {'name': 'wikimedia-vikidia_es_text_document', 'weight': 631843.0}, {'name': 'wikimedia-vikidia_fr_text_document', 'weight': 1276052.0}, {'name': 'wikimedia-vikidia_it_text_document', 'weight': 654077.0}, {'name': 'wikimedia-vikidia_pt_text_document', 'weight': 304392.0}, {'name': 'wikimedia-vikidia_regional_text_document', 'weight': 119234.0}, {'name': 'wikimedia_nl_text_document', 'weight': 345319.0}, {'name': 'youtube_fr_text_document', 'weight': 76194.0}]}
INFO:__main__:Using CLI tokenizer override: /work/p26037/barman/tokenizer_128k-arab-regional_v2
INFO:__main__:Global batch size: 1024
INFO:__main__:Sequence length: 4096
INFO:__main__:Tokens per batch: 4194304
INFO:__main__:Total tokens in datamix: 3002228277248
INFO:__main__:Global training/LR horizon (from --max_steps): 715788
INFO:__main__:Patched megatron.core.optimizer (accepted params: {'use_gloo_process_groups', 'config', 'scale_lr_cond', 'no_weight_decay_cond', 'lr_mult', 'model_chunks'})
INFO:utils:{'data_path': '/work/datasets/AI/tokens_luciole_phase1', 'total_tokens': 3002228277248, 'train': [{'name': 'claire_open_en_text_document', 'weight': 29003.0}, {'name': 'claire_open_fr_text_document', 'weight': 92129.0}, {'name': 'common-corpus_bnl-newspapers-1841-1879_fr_text_document', 'weight': 66237.0}, {'name': 'common-corpus_eurlex_multi_text_document', 'weight': 3601664.0}, {'name': 'common-corpus_gatt-library_multi_text_document', 'weight': 41322.0}, {'name': 'common-corpus_oecd_multi_text_document', 'weight': 121969.0}, {'name': 'common-corpus_tedeutenders_multi_text_document', 'weight': 31276.0}, {'name': 'common-corpus_wto_multi_text_document', 'weight': 577279.0}, {'name': 'common-pile_arxiv-abstracts_en_text_document', 'weight': 140138.0}, {'name': 'common-pile_arxiv-papers_en_text_document', 'weight': 1299034.0}, {'name': 'common-pile_biodiversity-heritage-library_en_text_document', 'weight': 107772.0}, {'name': 'common-pile_caselaw-access-project_en_text_document', 'weight': 929697.0}, {'name': 'common-pile_doab_en_text_document', 'weight': 712786.0}, {'name': 'common-pile_foodista_en_text_document', 'weight': 5603.0}, {'name': 'common-pile_github-archive_en_text_document', 'weight': 2244221.0}, {'name': 'common-pile_library-of-congress_en_text_document', 'weight': 101533.0}, {'name': 'common-pile_libretexts_en_text_document', 'weight': 21049.0}, {'name': 'common-pile_news_en_text_document', 'weight': 14354.0}, {'name': 'common-pile_oercommons_en_text_document', 'weight': 2748.0}, {'name': 'common-pile_peS2o_en_text_document', 'weight': 10166525.0}, {'name': 'common-pile_pre-1929-books_en_text_document', 'weight': 531517.0}, {'name': 'common-pile_pressbooks_en_text_document', 'weight': 31891.0}, {'name': 'common-pile_public-domain-review_en_text_document', 'weight': 382.0}, {'name': 'common-pile_pubmed_en_text_document', 'weight': 1869301.0}, {'name': 'common-pile_python-enhancement-proposals_en_text_document', 'weight': 652.0}, {'name': 'common-pile_regulations_en_text_document', 'weight': 266173.0}, {'name': 'common-pile_stackexchange_en_text_document', 'weight': 4985359.0}, {'name': 'common-pile_ubuntu-irc_en_text_document', 'weight': 482830.0}, {'name': 'common-pile_youtube_en_text_document', 'weight': 204765.0}, {'name': 'croissant-aligned_aligned_text_document', 'weight': 11618464.0}, {'name': 'culturax_fr_text_document_ratio1.30_phase0', 'weight': 57012131.0}, {'name': 'dclm-dolmino_en_text_document_ratio0.75_phase0', 'weight': 93003263.0}, {'name': 'europarl_aligned_text_document', 'weight': 215607.0}, {'name': 'europarl_multi_text_document', 'weight': 99752.0}, {'name': 'eurovoc_filtered_multi_text_document', 'weight': 2150091.0}, {'name': 'fineweb-edu_en_text_document_ratio0.75_phase0', 'weight': 214754282.0}, {'name': 'fineweb2_ar_text_document_ratio0.50_phase0', 'weight': 3350461.0}, {'name': 'fineweb2_ca_text_document_ratio0.05_phase0', 'weight': 92529.0}, {'name': 'fineweb2_de_text_document_ratio0.50_phase0', 'weight': 27173931.0}, {'name': 'fineweb2_es_text_document_ratio0.50_phase0', 'weight': 24393496.0}, {'name': 'fineweb2_fr_text_document_ratio1.30_phase0', 'weight': 50038822.0}, {'name': 'fineweb2_it_text_document_ratio0.50_phase0', 'weight': 13377940.0}, {'name': 'fineweb2_nl_text_document_ratio0.50_phase0', 'weight': 7435763.0}, {'name': 'fineweb2_pt_text_document_ratio0.50_phase0', 'weight': 9800040.0}, {'name': 'fineweb2_regional_text_document', 'weight': 2132152.0}, {'name': 'gallica_monographies_fr_text_document', 'weight': 5842786.0}, {'name': 'gallica_press_fr_text_document', 'weight': 22850320.0}, {'name': 'gutenberg_de_text_document', 'weight': 42330.0}, {'name': 'gutenberg_en_text_document', 'weight': 1187655.0}, {'name': 'gutenberg_es_text_document', 'weight': 21778.0}, {'name': 'gutenberg_fr_text_document', 'weight': 91991.0}, {'name': 'gutenberg_it_text_document', 'weight': 29909.0}, {'name': 'gutenberg_nl_text_document', 'weight': 24430.0}, {'name': 'gutenberg_pt_text_document', 'weight': 9241.0}, {'name': 'hal-cea_full-filtered_fr_text_document', 'weight': 7828031.0}, {'name': 'hplt2_fr_text_document_ratio1.30_phase0', 'weight': 70401931.0}, {'name': 'insee_fr_text_document', 'weight': 55377.0}, {'name': 'math-pile_math_text_document', 'weight': 2345197.0}, {'name': 'opendata_fr_text_document', 'weight': 2749409.0}, {'name': 'parlement_fr_text_document', 'weight': 282826.0}, {'name': 'starcoder-data_code_text_document', 'weight': 62922795.0}, {'name': 'theses_fr_text_document', 'weight': 3239718.0}, {'name': 'wikimedia-vikidia_ar_text_document', 'weight': 265451.0}, {'name': 'wikimedia-vikidia_ca_text_document_ratio0.20_phase0', 'weight': 58530.0}, {'name': 'wikimedia-vikidia_de_text_document', 'weight': 1098595.0}, {'name': 'wikimedia-vikidia_en_text_document', 'weight': 2882825.0}, {'name': 'wikimedia-vikidia_es_text_document', 'weight': 631843.0}, {'name': 'wikimedia-vikidia_fr_text_document', 'weight': 1276052.0}, {'name': 'wikimedia-vikidia_it_text_document', 'weight': 654077.0}, {'name': 'wikimedia-vikidia_pt_text_document', 'weight': 304392.0}, {'name': 'wikimedia-vikidia_regional_text_document', 'weight': 119234.0}, {'name': 'wikimedia_nl_text_document', 'weight': 345319.0}, {'name': 'youtube_fr_text_document', 'weight': 76194.0}]}
INFO:__main__:Using CLI tokenizer override: /work/p26037/barman/tokenizer_128k-arab-regional_v2
INFO:__main__:Global batch size: 1024
INFO:__main__:Sequence length: 4096
INFO:__main__:Tokens per batch: 4194304
INFO:__main__:Total tokens in datamix: 3002228277248
INFO:__main__:Global training/LR horizon (from --max_steps): 715788
INFO:__main__:Patched megatron.core.optimizer (accepted params: {'config', 'no_weight_decay_cond', 'use_gloo_process_groups', 'model_chunks', 'lr_mult', 'scale_lr_cond'})
INFO:utils:{'data_path': '/work/datasets/AI/tokens_luciole_phase1', 'total_tokens': 3002228277248, 'train': [{'name': 'claire_open_en_text_document', 'weight': 29003.0}, {'name': 'claire_open_fr_text_document', 'weight': 92129.0}, {'name': 'common-corpus_bnl-newspapers-1841-1879_fr_text_document', 'weight': 66237.0}, {'name': 'common-corpus_eurlex_multi_text_document', 'weight': 3601664.0}, {'name': 'common-corpus_gatt-library_multi_text_document', 'weight': 41322.0}, {'name': 'common-corpus_oecd_multi_text_document', 'weight': 121969.0}, {'name': 'common-corpus_tedeutenders_multi_text_document', 'weight': 31276.0}, {'name': 'common-corpus_wto_multi_text_document', 'weight': 577279.0}, {'name': 'common-pile_arxiv-abstracts_en_text_document', 'weight': 140138.0}, {'name': 'common-pile_arxiv-papers_en_text_document', 'weight': 1299034.0}, {'name': 'common-pile_biodiversity-heritage-library_en_text_document', 'weight': 107772.0}, {'name': 'common-pile_caselaw-access-project_en_text_document', 'weight': 929697.0}, {'name': 'common-pile_doab_en_text_document', 'weight': 712786.0}, {'name': 'common-pile_foodista_en_text_document', 'weight': 5603.0}, {'name': 'common-pile_github-archive_en_text_document', 'weight': 2244221.0}, {'name': 'common-pile_library-of-congress_en_text_document', 'weight': 101533.0}, {'name': 'common-pile_libretexts_en_text_document', 'weight': 21049.0}, {'name': 'common-pile_news_en_text_document', 'weight': 14354.0}, {'name': 'common-pile_oercommons_en_text_document', 'weight': 2748.0}, {'name': 'common-pile_peS2o_en_text_document', 'weight': 10166525.0}, {'name': 'common-pile_pre-1929-books_en_text_document', 'weight': 531517.0}, {'name': 'common-pile_pressbooks_en_text_document', 'weight': 31891.0}, {'name': 'common-pile_public-domain-review_en_text_document', 'weight': 382.0}, {'name': 'common-pile_pubmed_en_text_document', 'weight': 1869301.0}, {'name': 'common-pile_python-enhancement-proposals_en_text_document', 'weight': 652.0}, {'name': 'common-pile_regulations_en_text_document', 'weight': 266173.0}, {'name': 'common-pile_stackexchange_en_text_document', 'weight': 4985359.0}, {'name': 'common-pile_ubuntu-irc_en_text_document', 'weight': 482830.0}, {'name': 'common-pile_youtube_en_text_document', 'weight': 204765.0}, {'name': 'croissant-aligned_aligned_text_document', 'weight': 11618464.0}, {'name': 'culturax_fr_text_document_ratio1.30_phase0', 'weight': 57012131.0}, {'name': 'dclm-dolmino_en_text_document_ratio0.75_phase0', 'weight': 93003263.0}, {'name': 'europarl_aligned_text_document', 'weight': 215607.0}, {'name': 'europarl_multi_text_document', 'weight': 99752.0}, {'name': 'eurovoc_filtered_multi_text_document', 'weight': 2150091.0}, {'name': 'fineweb-edu_en_text_document_ratio0.75_phase0', 'weight': 214754282.0}, {'name': 'fineweb2_ar_text_document_ratio0.50_phase0', 'weight': 3350461.0}, {'name': 'fineweb2_ca_text_document_ratio0.05_phase0', 'weight': 92529.0}, {'name': 'fineweb2_de_text_document_ratio0.50_phase0', 'weight': 27173931.0}, {'name': 'fineweb2_es_text_document_ratio0.50_phase0', 'weight': 24393496.0}, {'name': 'fineweb2_fr_text_document_ratio1.30_phase0', 'weight': 50038822.0}, {'name': 'fineweb2_it_text_document_ratio0.50_phase0', 'weight': 13377940.0}, {'name': 'fineweb2_nl_text_document_ratio0.50_phase0', 'weight': 7435763.0}, {'name': 'fineweb2_pt_text_document_ratio0.50_phase0', 'weight': 9800040.0}, {'name': 'fineweb2_regional_text_document', 'weight': 2132152.0}, {'name': 'gallica_monographies_fr_text_document', 'weight': 5842786.0}, {'name': 'gallica_press_fr_text_document', 'weight': 22850320.0}, {'name': 'gutenberg_de_text_document', 'weight': 42330.0}, {'name': 'gutenberg_en_text_document', 'weight': 1187655.0}, {'name': 'gutenberg_es_text_document', 'weight': 21778.0}, {'name': 'gutenberg_fr_text_document', 'weight': 91991.0}, {'name': 'gutenberg_it_text_document', 'weight': 29909.0}, {'name': 'gutenberg_nl_text_document', 'weight': 24430.0}, {'name': 'gutenberg_pt_text_document', 'weight': 9241.0}, {'name': 'hal-cea_full-filtered_fr_text_document', 'weight': 7828031.0}, {'name': 'hplt2_fr_text_document_ratio1.30_phase0', 'weight': 70401931.0}, {'name': 'insee_fr_text_document', 'weight': 55377.0}, {'name': 'math-pile_math_text_document', 'weight': 2345197.0}, {'name': 'opendata_fr_text_document', 'weight': 2749409.0}, {'name': 'parlement_fr_text_document', 'weight': 282826.0}, {'name': 'starcoder-data_code_text_document', 'weight': 62922795.0}, {'name': 'theses_fr_text_document', 'weight': 3239718.0}, {'name': 'wikimedia-vikidia_ar_text_document', 'weight': 265451.0}, {'name': 'wikimedia-vikidia_ca_text_document_ratio0.20_phase0', 'weight': 58530.0}, {'name': 'wikimedia-vikidia_de_text_document', 'weight': 1098595.0}, {'name': 'wikimedia-vikidia_en_text_document', 'weight': 2882825.0}, {'name': 'wikimedia-vikidia_es_text_document', 'weight': 631843.0}, {'name': 'wikimedia-vikidia_fr_text_document', 'weight': 1276052.0}, {'name': 'wikimedia-vikidia_it_text_document', 'weight': 654077.0}, {'name': 'wikimedia-vikidia_pt_text_document', 'weight': 304392.0}, {'name': 'wikimedia-vikidia_regional_text_document', 'weight': 119234.0}, {'name': 'wikimedia_nl_text_document', 'weight': 345319.0}, {'name': 'youtube_fr_text_document', 'weight': 76194.0}]}
INFO:__main__:Using CLI tokenizer override: /work/p26037/barman/tokenizer_128k-arab-regional_v2
INFO:__main__:Global batch size: 1024
INFO:__main__:Sequence length: 4096
INFO:__main__:Tokens per batch: 4194304
INFO:__main__:Total tokens in datamix: 3002228277248
INFO:__main__:Global training/LR horizon (from --max_steps): 715788
INFO:__main__:Patched megatron.core.optimizer (accepted params: {'model_chunks', 'use_gloo_process_groups', 'lr_mult', 'scale_lr_cond', 'no_weight_decay_cond', 'config'})
INFO:utils:{'data_path': '/work/datasets/AI/tokens_luciole_phase1', 'total_tokens': 3002228277248, 'train': [{'name': 'claire_open_en_text_document', 'weight': 29003.0}, {'name': 'claire_open_fr_text_document', 'weight': 92129.0}, {'name': 'common-corpus_bnl-newspapers-1841-1879_fr_text_document', 'weight': 66237.0}, {'name': 'common-corpus_eurlex_multi_text_document', 'weight': 3601664.0}, {'name': 'common-corpus_gatt-library_multi_text_document', 'weight': 41322.0}, {'name': 'common-corpus_oecd_multi_text_document', 'weight': 121969.0}, {'name': 'common-corpus_tedeutenders_multi_text_document', 'weight': 31276.0}, {'name': 'common-corpus_wto_multi_text_document', 'weight': 577279.0}, {'name': 'common-pile_arxiv-abstracts_en_text_document', 'weight': 140138.0}, {'name': 'common-pile_arxiv-papers_en_text_document', 'weight': 1299034.0}, {'name': 'common-pile_biodiversity-heritage-library_en_text_document', 'weight': 107772.0}, {'name': 'common-pile_caselaw-access-project_en_text_document', 'weight': 929697.0}, {'name': 'common-pile_doab_en_text_document', 'weight': 712786.0}, {'name': 'common-pile_foodista_en_text_document', 'weight': 5603.0}, {'name': 'common-pile_github-archive_en_text_document', 'weight': 2244221.0}, {'name': 'common-pile_library-of-congress_en_text_document', 'weight': 101533.0}, {'name': 'common-pile_libretexts_en_text_document', 'weight': 21049.0}, {'name': 'common-pile_news_en_text_document', 'weight': 14354.0}, {'name': 'common-pile_oercommons_en_text_document', 'weight': 2748.0}, {'name': 'common-pile_peS2o_en_text_document', 'weight': 10166525.0}, {'name': 'common-pile_pre-1929-books_en_text_document', 'weight': 531517.0}, {'name': 'common-pile_pressbooks_en_text_document', 'weight': 31891.0}, {'name': 'common-pile_public-domain-review_en_text_document', 'weight': 382.0}, {'name': 'common-pile_pubmed_en_text_document', 'weight': 1869301.0}, {'name': 'common-pile_python-enhancement-proposals_en_text_document', 'weight': 652.0}, {'name': 'common-pile_regulations_en_text_document', 'weight': 266173.0}, {'name': 'common-pile_stackexchange_en_text_document', 'weight': 4985359.0}, {'name': 'common-pile_ubuntu-irc_en_text_document', 'weight': 482830.0}, {'name': 'common-pile_youtube_en_text_document', 'weight': 204765.0}, {'name': 'croissant-aligned_aligned_text_document', 'weight': 11618464.0}, {'name': 'culturax_fr_text_document_ratio1.30_phase0', 'weight': 57012131.0}, {'name': 'dclm-dolmino_en_text_document_ratio0.75_phase0', 'weight': 93003263.0}, {'name': 'europarl_aligned_text_document', 'weight': 215607.0}, {'name': 'europarl_multi_text_document', 'weight': 99752.0}, {'name': 'eurovoc_filtered_multi_text_document', 'weight': 2150091.0}, {'name': 'fineweb-edu_en_text_document_ratio0.75_phase0', 'weight': 214754282.0}, {'name': 'fineweb2_ar_text_document_ratio0.50_phase0', 'weight': 3350461.0}, {'name': 'fineweb2_ca_text_document_ratio0.05_phase0', 'weight': 92529.0}, {'name': 'fineweb2_de_text_document_ratio0.50_phase0', 'weight': 27173931.0}, {'name': 'fineweb2_es_text_document_ratio0.50_phase0', 'weight': 24393496.0}, {'name': 'fineweb2_fr_text_document_ratio1.30_phase0', 'weight': 50038822.0}, {'name': 'fineweb2_it_text_document_ratio0.50_phase0', 'weight': 13377940.0}, {'name': 'fineweb2_nl_text_document_ratio0.50_phase0', 'weight': 7435763.0}, {'name': 'fineweb2_pt_text_document_ratio0.50_phase0', 'weight': 9800040.0}, {'name': 'fineweb2_regional_text_document', 'weight': 2132152.0}, {'name': 'gallica_monographies_fr_text_document', 'weight': 5842786.0}, {'name': 'gallica_press_fr_text_document', 'weight': 22850320.0}, {'name': 'gutenberg_de_text_document', 'weight': 42330.0}, {'name': 'gutenberg_en_text_document', 'weight': 1187655.0}, {'name': 'gutenberg_es_text_document', 'weight': 21778.0}, {'name': 'gutenberg_fr_text_document', 'weight': 91991.0}, {'name': 'gutenberg_it_text_document', 'weight': 29909.0}, {'name': 'gutenberg_nl_text_document', 'weight': 24430.0}, {'name': 'gutenberg_pt_text_document', 'weight': 9241.0}, {'name': 'hal-cea_full-filtered_fr_text_document', 'weight': 7828031.0}, {'name': 'hplt2_fr_text_document_ratio1.30_phase0', 'weight': 70401931.0}, {'name': 'insee_fr_text_document', 'weight': 55377.0}, {'name': 'math-pile_math_text_document', 'weight': 2345197.0}, {'name': 'opendata_fr_text_document', 'weight': 2749409.0}, {'name': 'parlement_fr_text_document', 'weight': 282826.0}, {'name': 'starcoder-data_code_text_document', 'weight': 62922795.0}, {'name': 'theses_fr_text_document', 'weight': 3239718.0}, {'name': 'wikimedia-vikidia_ar_text_document', 'weight': 265451.0}, {'name': 'wikimedia-vikidia_ca_text_document_ratio0.20_phase0', 'weight': 58530.0}, {'name': 'wikimedia-vikidia_de_text_document', 'weight': 1098595.0}, {'name': 'wikimedia-vikidia_en_text_document', 'weight': 2882825.0}, {'name': 'wikimedia-vikidia_es_text_document', 'weight': 631843.0}, {'name': 'wikimedia-vikidia_fr_text_document', 'weight': 1276052.0}, {'name': 'wikimedia-vikidia_it_text_document', 'weight': 654077.0}, {'name': 'wikimedia-vikidia_pt_text_document', 'weight': 304392.0}, {'name': 'wikimedia-vikidia_regional_text_document', 'weight': 119234.0}, {'name': 'wikimedia_nl_text_document', 'weight': 345319.0}, {'name': 'youtube_fr_text_document', 'weight': 76194.0}]}
INFO:__main__:Using CLI tokenizer override: /work/p26037/barman/tokenizer_128k-arab-regional_v2
INFO:__main__:Global batch size: 1024
INFO:__main__:Sequence length: 4096
INFO:__main__:Tokens per batch: 4194304
INFO:__main__:Total tokens in datamix: 3002228277248
INFO:__main__:Global training/LR horizon (from --max_steps): 715788
INFO:__main__:Patched megatron.core.optimizer (accepted params: {'config', 'no_weight_decay_cond', 'scale_lr_cond', 'use_gloo_process_groups', 'lr_mult', 'model_chunks'})
INFO:utils:{'data_path': '/work/datasets/AI/tokens_luciole_phase1', 'total_tokens': 3002228277248, 'train': [{'name': 'claire_open_en_text_document', 'weight': 29003.0}, {'name': 'claire_open_fr_text_document', 'weight': 92129.0}, {'name': 'common-corpus_bnl-newspapers-1841-1879_fr_text_document', 'weight': 66237.0}, {'name': 'common-corpus_eurlex_multi_text_document', 'weight': 3601664.0}, {'name': 'common-corpus_gatt-library_multi_text_document', 'weight': 41322.0}, {'name': 'common-corpus_oecd_multi_text_document', 'weight': 121969.0}, {'name': 'common-corpus_tedeutenders_multi_text_document', 'weight': 31276.0}, {'name': 'common-corpus_wto_multi_text_document', 'weight': 577279.0}, {'name': 'common-pile_arxiv-abstracts_en_text_document', 'weight': 140138.0}, {'name': 'common-pile_arxiv-papers_en_text_document', 'weight': 1299034.0}, {'name': 'common-pile_biodiversity-heritage-library_en_text_document', 'weight': 107772.0}, {'name': 'common-pile_caselaw-access-project_en_text_document', 'weight': 929697.0}, {'name': 'common-pile_doab_en_text_document', 'weight': 712786.0}, {'name': 'common-pile_foodista_en_text_document', 'weight': 5603.0}, {'name': 'common-pile_github-archive_en_text_document', 'weight': 2244221.0}, {'name': 'common-pile_library-of-congress_en_text_document', 'weight': 101533.0}, {'name': 'common-pile_libretexts_en_text_document', 'weight': 21049.0}, {'name': 'common-pile_news_en_text_document', 'weight': 14354.0}, {'name': 'common-pile_oercommons_en_text_document', 'weight': 2748.0}, {'name': 'common-pile_peS2o_en_text_document', 'weight': 10166525.0}, {'name': 'common-pile_pre-1929-books_en_text_document', 'weight': 531517.0}, {'name': 'common-pile_pressbooks_en_text_document', 'weight': 31891.0}, {'name': 'common-pile_public-domain-review_en_text_document', 'weight': 382.0}, {'name': 'common-pile_pubmed_en_text_document', 'weight': 1869301.0}, {'name': 'common-pile_python-enhancement-proposals_en_text_document', 'weight': 652.0}, {'name': 'common-pile_regulations_en_text_document', 'weight': 266173.0}, {'name': 'common-pile_stackexchange_en_text_document', 'weight': 4985359.0}, {'name': 'common-pile_ubuntu-irc_en_text_document', 'weight': 482830.0}, {'name': 'common-pile_youtube_en_text_document', 'weight': 204765.0}, {'name': 'croissant-aligned_aligned_text_document', 'weight': 11618464.0}, {'name': 'culturax_fr_text_document_ratio1.30_phase0', 'weight': 57012131.0}, {'name': 'dclm-dolmino_en_text_document_ratio0.75_phase0', 'weight': 93003263.0}, {'name': 'europarl_aligned_text_document', 'weight': 215607.0}, {'name': 'europarl_multi_text_document', 'weight': 99752.0}, {'name': 'eurovoc_filtered_multi_text_document', 'weight': 2150091.0}, {'name': 'fineweb-edu_en_text_document_ratio0.75_phase0', 'weight': 214754282.0}, {'name': 'fineweb2_ar_text_document_ratio0.50_phase0', 'weight': 3350461.0}, {'name': 'fineweb2_ca_text_document_ratio0.05_phase0', 'weight': 92529.0}, {'name': 'fineweb2_de_text_document_ratio0.50_phase0', 'weight': 27173931.0}, {'name': 'fineweb2_es_text_document_ratio0.50_phase0', 'weight': 24393496.0}, {'name': 'fineweb2_fr_text_document_ratio1.30_phase0', 'weight': 50038822.0}, {'name': 'fineweb2_it_text_document_ratio0.50_phase0', 'weight': 13377940.0}, {'name': 'fineweb2_nl_text_document_ratio0.50_phase0', 'weight': 7435763.0}, {'name': 'fineweb2_pt_text_document_ratio0.50_phase0', 'weight': 9800040.0}, {'name': 'fineweb2_regional_text_document', 'weight': 2132152.0}, {'name': 'gallica_monographies_fr_text_document', 'weight': 5842786.0}, {'name': 'gallica_press_fr_text_document', 'weight': 22850320.0}, {'name': 'gutenberg_de_text_document', 'weight': 42330.0}, {'name': 'gutenberg_en_text_document', 'weight': 1187655.0}, {'name': 'gutenberg_es_text_document', 'weight': 21778.0}, {'name': 'gutenberg_fr_text_document', 'weight': 91991.0}, {'name': 'gutenberg_it_text_document', 'weight': 29909.0}, {'name': 'gutenberg_nl_text_document', 'weight': 24430.0}, {'name': 'gutenberg_pt_text_document', 'weight': 9241.0}, {'name': 'hal-cea_full-filtered_fr_text_document', 'weight': 7828031.0}, {'name': 'hplt2_fr_text_document_ratio1.30_phase0', 'weight': 70401931.0}, {'name': 'insee_fr_text_document', 'weight': 55377.0}, {'name': 'math-pile_math_text_document', 'weight': 2345197.0}, {'name': 'opendata_fr_text_document', 'weight': 2749409.0}, {'name': 'parlement_fr_text_document', 'weight': 282826.0}, {'name': 'starcoder-data_code_text_document', 'weight': 62922795.0}, {'name': 'theses_fr_text_document', 'weight': 3239718.0}, {'name': 'wikimedia-vikidia_ar_text_document', 'weight': 265451.0}, {'name': 'wikimedia-vikidia_ca_text_document_ratio0.20_phase0', 'weight': 58530.0}, {'name': 'wikimedia-vikidia_de_text_document', 'weight': 1098595.0}, {'name': 'wikimedia-vikidia_en_text_document', 'weight': 2882825.0}, {'name': 'wikimedia-vikidia_es_text_document', 'weight': 631843.0}, {'name': 'wikimedia-vikidia_fr_text_document', 'weight': 1276052.0}, {'name': 'wikimedia-vikidia_it_text_document', 'weight': 654077.0}, {'name': 'wikimedia-vikidia_pt_text_document', 'weight': 304392.0}, {'name': 'wikimedia-vikidia_regional_text_document', 'weight': 119234.0}, {'name': 'wikimedia_nl_text_document', 'weight': 345319.0}, {'name': 'youtube_fr_text_document', 'weight': 76194.0}]}
INFO:__main__:Using CLI tokenizer override: /work/p26037/barman/tokenizer_128k-arab-regional_v2
INFO:__main__:Global batch size: 1024
INFO:__main__:Sequence length: 4096
INFO:__main__:Tokens per batch: 4194304
INFO:__main__:Total tokens in datamix: 3002228277248
INFO:__main__:Global training/LR horizon (from --max_steps): 715788
INFO:__main__:Patched megatron.core.optimizer (accepted params: {'no_weight_decay_cond', 'use_gloo_process_groups', 'model_chunks', 'config', 'scale_lr_cond', 'lr_mult'})
INFO:utils:{'data_path': '/work/datasets/AI/tokens_luciole_phase1', 'total_tokens': 3002228277248, 'train': [{'name': 'claire_open_en_text_document', 'weight': 29003.0}, {'name': 'claire_open_fr_text_document', 'weight': 92129.0}, {'name': 'common-corpus_bnl-newspapers-1841-1879_fr_text_document', 'weight': 66237.0}, {'name': 'common-corpus_eurlex_multi_text_document', 'weight': 3601664.0}, {'name': 'common-corpus_gatt-library_multi_text_document', 'weight': 41322.0}, {'name': 'common-corpus_oecd_multi_text_document', 'weight': 121969.0}, {'name': 'common-corpus_tedeutenders_multi_text_document', 'weight': 31276.0}, {'name': 'common-corpus_wto_multi_text_document', 'weight': 577279.0}, {'name': 'common-pile_arxiv-abstracts_en_text_document', 'weight': 140138.0}, {'name': 'common-pile_arxiv-papers_en_text_document', 'weight': 1299034.0}, {'name': 'common-pile_biodiversity-heritage-library_en_text_document', 'weight': 107772.0}, {'name': 'common-pile_caselaw-access-project_en_text_document', 'weight': 929697.0}, {'name': 'common-pile_doab_en_text_document', 'weight': 712786.0}, {'name': 'common-pile_foodista_en_text_document', 'weight': 5603.0}, {'name': 'common-pile_github-archive_en_text_document', 'weight': 2244221.0}, {'name': 'common-pile_library-of-congress_en_text_document', 'weight': 101533.0}, {'name': 'common-pile_libretexts_en_text_document', 'weight': 21049.0}, {'name': 'common-pile_news_en_text_document', 'weight': 14354.0}, {'name': 'common-pile_oercommons_en_text_document', 'weight': 2748.0}, {'name': 'common-pile_peS2o_en_text_document', 'weight': 10166525.0}, {'name': 'common-pile_pre-1929-books_en_text_document', 'weight': 531517.0}, {'name': 'common-pile_pressbooks_en_text_document', 'weight': 31891.0}, {'name': 'common-pile_public-domain-review_en_text_document', 'weight': 382.0}, {'name': 'common-pile_pubmed_en_text_document', 'weight': 1869301.0}, {'name': 'common-pile_python-enhancement-proposals_en_text_document', 'weight': 652.0}, {'name': 'common-pile_regulations_en_text_document', 'weight': 266173.0}, {'name': 'common-pile_stackexchange_en_text_document', 'weight': 4985359.0}, {'name': 'common-pile_ubuntu-irc_en_text_document', 'weight': 482830.0}, {'name': 'common-pile_youtube_en_text_document', 'weight': 204765.0}, {'name': 'croissant-aligned_aligned_text_document', 'weight': 11618464.0}, {'name': 'culturax_fr_text_document_ratio1.30_phase0', 'weight': 57012131.0}, {'name': 'dclm-dolmino_en_text_document_ratio0.75_phase0', 'weight': 93003263.0}, {'name': 'europarl_aligned_text_document', 'weight': 215607.0}, {'name': 'europarl_multi_text_document', 'weight': 99752.0}, {'name': 'eurovoc_filtered_multi_text_document', 'weight': 2150091.0}, {'name': 'fineweb-edu_en_text_document_ratio0.75_phase0', 'weight': 214754282.0}, {'name': 'fineweb2_ar_text_document_ratio0.50_phase0', 'weight': 3350461.0}, {'name': 'fineweb2_ca_text_document_ratio0.05_phase0', 'weight': 92529.0}, {'name': 'fineweb2_de_text_document_ratio0.50_phase0', 'weight': 27173931.0}, {'name': 'fineweb2_es_text_document_ratio0.50_phase0', 'weight': 24393496.0}, {'name': 'fineweb2_fr_text_document_ratio1.30_phase0', 'weight': 50038822.0}, {'name': 'fineweb2_it_text_document_ratio0.50_phase0', 'weight': 13377940.0}, {'name': 'fineweb2_nl_text_document_ratio0.50_phase0', 'weight': 7435763.0}, {'name': 'fineweb2_pt_text_document_ratio0.50_phase0', 'weight': 9800040.0}, {'name': 'fineweb2_regional_text_document', 'weight': 2132152.0}, {'name': 'gallica_monographies_fr_text_document', 'weight': 5842786.0}, {'name': 'gallica_press_fr_text_document', 'weight': 22850320.0}, {'name': 'gutenberg_de_text_document', 'weight': 42330.0}, {'name': 'gutenberg_en_text_document', 'weight': 1187655.0}, {'name': 'gutenberg_es_text_document', 'weight': 21778.0}, {'name': 'gutenberg_fr_text_document', 'weight': 91991.0}, {'name': 'gutenberg_it_text_document', 'weight': 29909.0}, {'name': 'gutenberg_nl_text_document', 'weight': 24430.0}, {'name': 'gutenberg_pt_text_document', 'weight': 9241.0}, {'name': 'hal-cea_full-filtered_fr_text_document', 'weight': 7828031.0}, {'name': 'hplt2_fr_text_document_ratio1.30_phase0', 'weight': 70401931.0}, {'name': 'insee_fr_text_document', 'weight': 55377.0}, {'name': 'math-pile_math_text_document', 'weight': 2345197.0}, {'name': 'opendata_fr_text_document', 'weight': 2749409.0}, {'name': 'parlement_fr_text_document', 'weight': 282826.0}, {'name': 'starcoder-data_code_text_document', 'weight': 62922795.0}, {'name': 'theses_fr_text_document', 'weight': 3239718.0}, {'name': 'wikimedia-vikidia_ar_text_document', 'weight': 265451.0}, {'name': 'wikimedia-vikidia_ca_text_document_ratio0.20_phase0', 'weight': 58530.0}, {'name': 'wikimedia-vikidia_de_text_document', 'weight': 1098595.0}, {'name': 'wikimedia-vikidia_en_text_document', 'weight': 2882825.0}, {'name': 'wikimedia-vikidia_es_text_document', 'weight': 631843.0}, {'name': 'wikimedia-vikidia_fr_text_document', 'weight': 1276052.0}, {'name': 'wikimedia-vikidia_it_text_document', 'weight': 654077.0}, {'name': 'wikimedia-vikidia_pt_text_document', 'weight': 304392.0}, {'name': 'wikimedia-vikidia_regional_text_document', 'weight': 119234.0}, {'name': 'wikimedia_nl_text_document', 'weight': 345319.0}, {'name': 'youtube_fr_text_document', 'weight': 76194.0}]}
INFO:__main__:Using CLI tokenizer override: /work/p26037/barman/tokenizer_128k-arab-regional_v2
INFO:__main__:Global batch size: 1024
INFO:__main__:Sequence length: 4096
INFO:__main__:Tokens per batch: 4194304
INFO:__main__:Total tokens in datamix: 3002228277248
INFO:__main__:Global training/LR horizon (from --max_steps): 715788
INFO:__main__:Patched megatron.core.optimizer (accepted params: {'use_gloo_process_groups', 'scale_lr_cond', 'model_chunks', 'lr_mult', 'config', 'no_weight_decay_cond'})
INFO:utils:{'data_path': '/work/datasets/AI/tokens_luciole_phase1', 'total_tokens': 3002228277248, 'train': [{'name': 'claire_open_en_text_document', 'weight': 29003.0}, {'name': 'claire_open_fr_text_document', 'weight': 92129.0}, {'name': 'common-corpus_bnl-newspapers-1841-1879_fr_text_document', 'weight': 66237.0}, {'name': 'common-corpus_eurlex_multi_text_document', 'weight': 3601664.0}, {'name': 'common-corpus_gatt-library_multi_text_document', 'weight': 41322.0}, {'name': 'common-corpus_oecd_multi_text_document', 'weight': 121969.0}, {'name': 'common-corpus_tedeutenders_multi_text_document', 'weight': 31276.0}, {'name': 'common-corpus_wto_multi_text_document', 'weight': 577279.0}, {'name': 'common-pile_arxiv-abstracts_en_text_document', 'weight': 140138.0}, {'name': 'common-pile_arxiv-papers_en_text_document', 'weight': 1299034.0}, {'name': 'common-pile_biodiversity-heritage-library_en_text_document', 'weight': 107772.0}, {'name': 'common-pile_caselaw-access-project_en_text_document', 'weight': 929697.0}, {'name': 'common-pile_doab_en_text_document', 'weight': 712786.0}, {'name': 'common-pile_foodista_en_text_document', 'weight': 5603.0}, {'name': 'common-pile_github-archive_en_text_document', 'weight': 2244221.0}, {'name': 'common-pile_library-of-congress_en_text_document', 'weight': 101533.0}, {'name': 'common-pile_libretexts_en_text_document', 'weight': 21049.0}, {'name': 'common-pile_news_en_text_document', 'weight': 14354.0}, {'name': 'common-pile_oercommons_en_text_document', 'weight': 2748.0}, {'name': 'common-pile_peS2o_en_text_document', 'weight': 10166525.0}, {'name': 'common-pile_pre-1929-books_en_text_document', 'weight': 531517.0}, {'name': 'common-pile_pressbooks_en_text_document', 'weight': 31891.0}, {'name': 'common-pile_public-domain-review_en_text_document', 'weight': 382.0}, {'name': 'common-pile_pubmed_en_text_document', 'weight': 1869301.0}, {'name': 'common-pile_python-enhancement-proposals_en_text_document', 'weight': 652.0}, {'name': 'common-pile_regulations_en_text_document', 'weight': 266173.0}, {'name': 'common-pile_stackexchange_en_text_document', 'weight': 4985359.0}, {'name': 'common-pile_ubuntu-irc_en_text_document', 'weight': 482830.0}, {'name': 'common-pile_youtube_en_text_document', 'weight': 204765.0}, {'name': 'croissant-aligned_aligned_text_document', 'weight': 11618464.0}, {'name': 'culturax_fr_text_document_ratio1.30_phase0', 'weight': 57012131.0}, {'name': 'dclm-dolmino_en_text_document_ratio0.75_phase0', 'weight': 93003263.0}, {'name': 'europarl_aligned_text_document', 'weight': 215607.0}, {'name': 'europarl_multi_text_document', 'weight': 99752.0}, {'name': 'eurovoc_filtered_multi_text_document', 'weight': 2150091.0}, {'name': 'fineweb-edu_en_text_document_ratio0.75_phase0', 'weight': 214754282.0}, {'name': 'fineweb2_ar_text_document_ratio0.50_phase0', 'weight': 3350461.0}, {'name': 'fineweb2_ca_text_document_ratio0.05_phase0', 'weight': 92529.0}, {'name': 'fineweb2_de_text_document_ratio0.50_phase0', 'weight': 27173931.0}, {'name': 'fineweb2_es_text_document_ratio0.50_phase0', 'weight': 24393496.0}, {'name': 'fineweb2_fr_text_document_ratio1.30_phase0', 'weight': 50038822.0}, {'name': 'fineweb2_it_text_document_ratio0.50_phase0', 'weight': 13377940.0}, {'name': 'fineweb2_nl_text_document_ratio0.50_phase0', 'weight': 7435763.0}, {'name': 'fineweb2_pt_text_document_ratio0.50_phase0', 'weight': 9800040.0}, {'name': 'fineweb2_regional_text_document', 'weight': 2132152.0}, {'name': 'gallica_monographies_fr_text_document', 'weight': 5842786.0}, {'name': 'gallica_press_fr_text_document', 'weight': 22850320.0}, {'name': 'gutenberg_de_text_document', 'weight': 42330.0}, {'name': 'gutenberg_en_text_document', 'weight': 1187655.0}, {'name': 'gutenberg_es_text_document', 'weight': 21778.0}, {'name': 'gutenberg_fr_text_document', 'weight': 91991.0}, {'name': 'gutenberg_it_text_document', 'weight': 29909.0}, {'name': 'gutenberg_nl_text_document', 'weight': 24430.0}, {'name': 'gutenberg_pt_text_document', 'weight': 9241.0}, {'name': 'hal-cea_full-filtered_fr_text_document', 'weight': 7828031.0}, {'name': 'hplt2_fr_text_document_ratio1.30_phase0', 'weight': 70401931.0}, {'name': 'insee_fr_text_document', 'weight': 55377.0}, {'name': 'math-pile_math_text_document', 'weight': 2345197.0}, {'name': 'opendata_fr_text_document', 'weight': 2749409.0}, {'name': 'parlement_fr_text_document', 'weight': 282826.0}, {'name': 'starcoder-data_code_text_document', 'weight': 62922795.0}, {'name': 'theses_fr_text_document', 'weight': 3239718.0}, {'name': 'wikimedia-vikidia_ar_text_document', 'weight': 265451.0}, {'name': 'wikimedia-vikidia_ca_text_document_ratio0.20_phase0', 'weight': 58530.0}, {'name': 'wikimedia-vikidia_de_text_document', 'weight': 1098595.0}, {'name': 'wikimedia-vikidia_en_text_document', 'weight': 2882825.0}, {'name': 'wikimedia-vikidia_es_text_document', 'weight': 631843.0}, {'name': 'wikimedia-vikidia_fr_text_document', 'weight': 1276052.0}, {'name': 'wikimedia-vikidia_it_text_document', 'weight': 654077.0}, {'name': 'wikimedia-vikidia_pt_text_document', 'weight': 304392.0}, {'name': 'wikimedia-vikidia_regional_text_document', 'weight': 119234.0}, {'name': 'wikimedia_nl_text_document', 'weight': 345319.0}, {'name': 'youtube_fr_text_document', 'weight': 76194.0}]}
INFO:__main__:Using CLI tokenizer override: /work/p26037/barman/tokenizer_128k-arab-regional_v2
INFO:__main__:Global batch size: 1024
INFO:__main__:Sequence length: 4096
INFO:__main__:Tokens per batch: 4194304
INFO:__main__:Total tokens in datamix: 3002228277248
INFO:__main__:Global training/LR horizon (from --max_steps): 715788
INFO:__main__:Patched megatron.core.optimizer (accepted params: {'scale_lr_cond', 'lr_mult', 'no_weight_decay_cond', 'config', 'model_chunks', 'use_gloo_process_groups'})
INFO:utils:{'data_path': '/work/datasets/AI/tokens_luciole_phase1', 'total_tokens': 3002228277248, 'train': [{'name': 'claire_open_en_text_document', 'weight': 29003.0}, {'name': 'claire_open_fr_text_document', 'weight': 92129.0}, {'name': 'common-corpus_bnl-newspapers-1841-1879_fr_text_document', 'weight': 66237.0}, {'name': 'common-corpus_eurlex_multi_text_document', 'weight': 3601664.0}, {'name': 'common-corpus_gatt-library_multi_text_document', 'weight': 41322.0}, {'name': 'common-corpus_oecd_multi_text_document', 'weight': 121969.0}, {'name': 'common-corpus_tedeutenders_multi_text_document', 'weight': 31276.0}, {'name': 'common-corpus_wto_multi_text_document', 'weight': 577279.0}, {'name': 'common-pile_arxiv-abstracts_en_text_document', 'weight': 140138.0}, {'name': 'common-pile_arxiv-papers_en_text_document', 'weight': 1299034.0}, {'name': 'common-pile_biodiversity-heritage-library_en_text_document', 'weight': 107772.0}, {'name': 'common-pile_caselaw-access-project_en_text_document', 'weight': 929697.0}, {'name': 'common-pile_doab_en_text_document', 'weight': 712786.0}, {'name': 'common-pile_foodista_en_text_document', 'weight': 5603.0}, {'name': 'common-pile_github-archive_en_text_document', 'weight': 2244221.0}, {'name': 'common-pile_library-of-congress_en_text_document', 'weight': 101533.0}, {'name': 'common-pile_libretexts_en_text_document', 'weight': 21049.0}, {'name': 'common-pile_news_en_text_document', 'weight': 14354.0}, {'name': 'common-pile_oercommons_en_text_document', 'weight': 2748.0}, {'name': 'common-pile_peS2o_en_text_document', 'weight': 10166525.0}, {'name': 'common-pile_pre-1929-books_en_text_document', 'weight': 531517.0}, {'name': 'common-pile_pressbooks_en_text_document', 'weight': 31891.0}, {'name': 'common-pile_public-domain-review_en_text_document', 'weight': 382.0}, {'name': 'common-pile_pubmed_en_text_document', 'weight': 1869301.0}, {'name': 'common-pile_python-enhancement-proposals_en_text_document', 'weight': 652.0}, {'name': 'common-pile_regulations_en_text_document', 'weight': 266173.0}, {'name': 'common-pile_stackexchange_en_text_document', 'weight': 4985359.0}, {'name': 'common-pile_ubuntu-irc_en_text_document', 'weight': 482830.0}, {'name': 'common-pile_youtube_en_text_document', 'weight': 204765.0}, {'name': 'croissant-aligned_aligned_text_document', 'weight': 11618464.0}, {'name': 'culturax_fr_text_document_ratio1.30_phase0', 'weight': 57012131.0}, {'name': 'dclm-dolmino_en_text_document_ratio0.75_phase0', 'weight': 93003263.0}, {'name': 'europarl_aligned_text_document', 'weight': 215607.0}, {'name': 'europarl_multi_text_document', 'weight': 99752.0}, {'name': 'eurovoc_filtered_multi_text_document', 'weight': 2150091.0}, {'name': 'fineweb-edu_en_text_document_ratio0.75_phase0', 'weight': 214754282.0}, {'name': 'fineweb2_ar_text_document_ratio0.50_phase0', 'weight': 3350461.0}, {'name': 'fineweb2_ca_text_document_ratio0.05_phase0', 'weight': 92529.0}, {'name': 'fineweb2_de_text_document_ratio0.50_phase0', 'weight': 27173931.0}, {'name': 'fineweb2_es_text_document_ratio0.50_phase0', 'weight': 24393496.0}, {'name': 'fineweb2_fr_text_document_ratio1.30_phase0', 'weight': 50038822.0}, {'name': 'fineweb2_it_text_document_ratio0.50_phase0', 'weight': 13377940.0}, {'name': 'fineweb2_nl_text_document_ratio0.50_phase0', 'weight': 7435763.0}, {'name': 'fineweb2_pt_text_document_ratio0.50_phase0', 'weight': 9800040.0}, {'name': 'fineweb2_regional_text_document', 'weight': 2132152.0}, {'name': 'gallica_monographies_fr_text_document', 'weight': 5842786.0}, {'name': 'gallica_press_fr_text_document', 'weight': 22850320.0}, {'name': 'gutenberg_de_text_document', 'weight': 42330.0}, {'name': 'gutenberg_en_text_document', 'weight': 1187655.0}, {'name': 'gutenberg_es_text_document', 'weight': 21778.0}, {'name': 'gutenberg_fr_text_document', 'weight': 91991.0}, {'name': 'gutenberg_it_text_document', 'weight': 29909.0}, {'name': 'gutenberg_nl_text_document', 'weight': 24430.0}, {'name': 'gutenberg_pt_text_document', 'weight': 9241.0}, {'name': 'hal-cea_full-filtered_fr_text_document', 'weight': 7828031.0}, {'name': 'hplt2_fr_text_document_ratio1.30_phase0', 'weight': 70401931.0}, {'name': 'insee_fr_text_document', 'weight': 55377.0}, {'name': 'math-pile_math_text_document', 'weight': 2345197.0}, {'name': 'opendata_fr_text_document', 'weight': 2749409.0}, {'name': 'parlement_fr_text_document', 'weight': 282826.0}, {'name': 'starcoder-data_code_text_document', 'weight': 62922795.0}, {'name': 'theses_fr_text_document', 'weight': 3239718.0}, {'name': 'wikimedia-vikidia_ar_text_document', 'weight': 265451.0}, {'name': 'wikimedia-vikidia_ca_text_document_ratio0.20_phase0', 'weight': 58530.0}, {'name': 'wikimedia-vikidia_de_text_document', 'weight': 1098595.0}, {'name': 'wikimedia-vikidia_en_text_document', 'weight': 2882825.0}, {'name': 'wikimedia-vikidia_es_text_document', 'weight': 631843.0}, {'name': 'wikimedia-vikidia_fr_text_document', 'weight': 1276052.0}, {'name': 'wikimedia-vikidia_it_text_document', 'weight': 654077.0}, {'name': 'wikimedia-vikidia_pt_text_document', 'weight': 304392.0}, {'name': 'wikimedia-vikidia_regional_text_document', 'weight': 119234.0}, {'name': 'wikimedia_nl_text_document', 'weight': 345319.0}, {'name': 'youtube_fr_text_document', 'weight': 76194.0}]}
INFO:__main__:Using CLI tokenizer override: /work/p26037/barman/tokenizer_128k-arab-regional_v2
INFO:__main__:Global batch size: 1024
INFO:__main__:Sequence length: 4096
INFO:__main__:Tokens per batch: 4194304
INFO:__main__:Total tokens in datamix: 3002228277248
INFO:__main__:Global training/LR horizon (from --max_steps): 715788
INFO:__main__:Patched megatron.core.optimizer (accepted params: {'model_chunks', 'no_weight_decay_cond', 'use_gloo_process_groups', 'scale_lr_cond', 'config', 'lr_mult'})
INFO:utils:{'data_path': '/work/datasets/AI/tokens_luciole_phase1', 'total_tokens': 3002228277248, 'train': [{'name': 'claire_open_en_text_document', 'weight': 29003.0}, {'name': 'claire_open_fr_text_document', 'weight': 92129.0}, {'name': 'common-corpus_bnl-newspapers-1841-1879_fr_text_document', 'weight': 66237.0}, {'name': 'common-corpus_eurlex_multi_text_document', 'weight': 3601664.0}, {'name': 'common-corpus_gatt-library_multi_text_document', 'weight': 41322.0}, {'name': 'common-corpus_oecd_multi_text_document', 'weight': 121969.0}, {'name': 'common-corpus_tedeutenders_multi_text_document', 'weight': 31276.0}, {'name': 'common-corpus_wto_multi_text_document', 'weight': 577279.0}, {'name': 'common-pile_arxiv-abstracts_en_text_document', 'weight': 140138.0}, {'name': 'common-pile_arxiv-papers_en_text_document', 'weight': 1299034.0}, {'name': 'common-pile_biodiversity-heritage-library_en_text_document', 'weight': 107772.0}, {'name': 'common-pile_caselaw-access-project_en_text_document', 'weight': 929697.0}, {'name': 'common-pile_doab_en_text_document', 'weight': 712786.0}, {'name': 'common-pile_foodista_en_text_document', 'weight': 5603.0}, {'name': 'common-pile_github-archive_en_text_document', 'weight': 2244221.0}, {'name': 'common-pile_library-of-congress_en_text_document', 'weight': 101533.0}, {'name': 'common-pile_libretexts_en_text_document', 'weight': 21049.0}, {'name': 'common-pile_news_en_text_document', 'weight': 14354.0}, {'name': 'common-pile_oercommons_en_text_document', 'weight': 2748.0}, {'name': 'common-pile_peS2o_en_text_document', 'weight': 10166525.0}, {'name': 'common-pile_pre-1929-books_en_text_document', 'weight': 531517.0}, {'name': 'common-pile_pressbooks_en_text_document', 'weight': 31891.0}, {'name': 'common-pile_public-domain-review_en_text_document', 'weight': 382.0}, {'name': 'common-pile_pubmed_en_text_document', 'weight': 1869301.0}, {'name': 'common-pile_python-enhancement-proposals_en_text_document', 'weight': 652.0}, {'name': 'common-pile_regulations_en_text_document', 'weight': 266173.0}, {'name': 'common-pile_stackexchange_en_text_document', 'weight': 4985359.0}, {'name': 'common-pile_ubuntu-irc_en_text_document', 'weight': 482830.0}, {'name': 'common-pile_youtube_en_text_document', 'weight': 204765.0}, {'name': 'croissant-aligned_aligned_text_document', 'weight': 11618464.0}, {'name': 'culturax_fr_text_document_ratio1.30_phase0', 'weight': 57012131.0}, {'name': 'dclm-dolmino_en_text_document_ratio0.75_phase0', 'weight': 93003263.0}, {'name': 'europarl_aligned_text_document', 'weight': 215607.0}, {'name': 'europarl_multi_text_document', 'weight': 99752.0}, {'name': 'eurovoc_filtered_multi_text_document', 'weight': 2150091.0}, {'name': 'fineweb-edu_en_text_document_ratio0.75_phase0', 'weight': 214754282.0}, {'name': 'fineweb2_ar_text_document_ratio0.50_phase0', 'weight': 3350461.0}, {'name': 'fineweb2_ca_text_document_ratio0.05_phase0', 'weight': 92529.0}, {'name': 'fineweb2_de_text_document_ratio0.50_phase0', 'weight': 27173931.0}, {'name': 'fineweb2_es_text_document_ratio0.50_phase0', 'weight': 24393496.0}, {'name': 'fineweb2_fr_text_document_ratio1.30_phase0', 'weight': 50038822.0}, {'name': 'fineweb2_it_text_document_ratio0.50_phase0', 'weight': 13377940.0}, {'name': 'fineweb2_nl_text_document_ratio0.50_phase0', 'weight': 7435763.0}, {'name': 'fineweb2_pt_text_document_ratio0.50_phase0', 'weight': 9800040.0}, {'name': 'fineweb2_regional_text_document', 'weight': 2132152.0}, {'name': 'gallica_monographies_fr_text_document', 'weight': 5842786.0}, {'name': 'gallica_press_fr_text_document', 'weight': 22850320.0}, {'name': 'gutenberg_de_text_document', 'weight': 42330.0}, {'name': 'gutenberg_en_text_document', 'weight': 1187655.0}, {'name': 'gutenberg_es_text_document', 'weight': 21778.0}, {'name': 'gutenberg_fr_text_document', 'weight': 91991.0}, {'name': 'gutenberg_it_text_document', 'weight': 29909.0}, {'name': 'gutenberg_nl_text_document', 'weight': 24430.0}, {'name': 'gutenberg_pt_text_document', 'weight': 9241.0}, {'name': 'hal-cea_full-filtered_fr_text_document', 'weight': 7828031.0}, {'name': 'hplt2_fr_text_document_ratio1.30_phase0', 'weight': 70401931.0}, {'name': 'insee_fr_text_document', 'weight': 55377.0}, {'name': 'math-pile_math_text_document', 'weight': 2345197.0}, {'name': 'opendata_fr_text_document', 'weight': 2749409.0}, {'name': 'parlement_fr_text_document', 'weight': 282826.0}, {'name': 'starcoder-data_code_text_document', 'weight': 62922795.0}, {'name': 'theses_fr_text_document', 'weight': 3239718.0}, {'name': 'wikimedia-vikidia_ar_text_document', 'weight': 265451.0}, {'name': 'wikimedia-vikidia_ca_text_document_ratio0.20_phase0', 'weight': 58530.0}, {'name': 'wikimedia-vikidia_de_text_document', 'weight': 1098595.0}, {'name': 'wikimedia-vikidia_en_text_document', 'weight': 2882825.0}, {'name': 'wikimedia-vikidia_es_text_document', 'weight': 631843.0}, {'name': 'wikimedia-vikidia_fr_text_document', 'weight': 1276052.0}, {'name': 'wikimedia-vikidia_it_text_document', 'weight': 654077.0}, {'name': 'wikimedia-vikidia_pt_text_document', 'weight': 304392.0}, {'name': 'wikimedia-vikidia_regional_text_document', 'weight': 119234.0}, {'name': 'wikimedia_nl_text_document', 'weight': 345319.0}, {'name': 'youtube_fr_text_document', 'weight': 76194.0}]}
INFO:__main__:Using CLI tokenizer override: /work/p26037/barman/tokenizer_128k-arab-regional_v2
INFO:__main__:Global batch size: 1024
INFO:__main__:Sequence length: 4096
INFO:__main__:Tokens per batch: 4194304
INFO:__main__:Total tokens in datamix: 3002228277248
INFO:__main__:Global training/LR horizon (from --max_steps): 715788
INFO:__main__:Patched megatron.core.optimizer (accepted params: {'no_weight_decay_cond', 'config', 'scale_lr_cond', 'use_gloo_process_groups', 'lr_mult', 'model_chunks'})
INFO:__main__:SSA Triton: Using fused Triton SSA FlashAttention triton (n=1.50, b=0.80, compiled_bda=True)
INFO:__main__:SSA Triton: force_contiguous_qkv=True
INFO:__main__:SSA Triton: Using fused Triton SSA FlashAttention triton (n=1.50, b=0.80, compiled_bda=True)
INFO:__main__:SSA Triton: force_contiguous_qkv=True
INFO:__main__:SSA Triton: Using fused Triton SSA FlashAttention triton (n=1.50, b=0.80, compiled_bda=True)
INFO:__main__:SSA Triton: force_contiguous_qkv=True
INFO:__main__:SSA Triton: Using fused Triton SSA FlashAttention triton (n=1.50, b=0.80, compiled_bda=True)
INFO:__main__:SSA Triton: force_contiguous_qkv=True
INFO:__main__:Detected checkpoint at step 26999
INFO:__main__:Continuing to absolute trainer.max_steps = 715788 (remaining this run: 688789 steps)
INFO:__main__:Detected checkpoint at step 26999
INFO:__main__:Continuing to absolute trainer.max_steps = 715788 (remaining this run: 688789 steps)
INFO:__main__:Detected checkpoint at step 26999
INFO:__main__:Continuing to absolute trainer.max_steps = 715788 (remaining this run: 688789 steps)
INFO:__main__:Detected checkpoint at step 26999
INFO:__main__:Continuing to absolute trainer.max_steps = 715788 (remaining this run: 688789 steps)
INFO:__main__:Detected vocab_size from tokenizer: 128000
INFO:__main__:Detected vocab_size from tokenizer: 128000
INFO:__main__:Detected vocab_size from tokenizer: 128000
INFO:__main__:Detected vocab_size from tokenizer: 128000
INFO:__main__:LR scheduler max_steps = 715788, warmup_steps = 2000, min_lr = 2.9999999999999997e-05
INFO:__main__:Skipping Triton warmup (--skip_triton_warmup).
INFO:__main__:LR scheduler max_steps = 715788, warmup_steps = 2000, min_lr = 2.9999999999999997e-05
INFO:__main__:Skipping Triton warmup (--skip_triton_warmup).
INFO:__main__:LR scheduler max_steps = 715788, warmup_steps = 2000, min_lr = 2.9999999999999997e-05
INFO:__main__:Skipping Triton warmup (--skip_triton_warmup).
INFO:__main__:LR scheduler max_steps = 715788, warmup_steps = 2000, min_lr = 2.9999999999999997e-05
INFO:__main__:Skipping Triton warmup (--skip_triton_warmup).
INFO:utils:{'data_path': '/work/datasets/AI/tokens_luciole_phase1', 'total_tokens': 3002228277248, 'train': [{'name': 'claire_open_en_text_document', 'weight': 29003.0}, {'name': 'claire_open_fr_text_document', 'weight': 92129.0}, {'name': 'common-corpus_bnl-newspapers-1841-1879_fr_text_document', 'weight': 66237.0}, {'name': 'common-corpus_eurlex_multi_text_document', 'weight': 3601664.0}, {'name': 'common-corpus_gatt-library_multi_text_document', 'weight': 41322.0}, {'name': 'common-corpus_oecd_multi_text_document', 'weight': 121969.0}, {'name': 'common-corpus_tedeutenders_multi_text_document', 'weight': 31276.0}, {'name': 'common-corpus_wto_multi_text_document', 'weight': 577279.0}, {'name': 'common-pile_arxiv-abstracts_en_text_document', 'weight': 140138.0}, {'name': 'common-pile_arxiv-papers_en_text_document', 'weight': 1299034.0}, {'name': 'common-pile_biodiversity-heritage-library_en_text_document', 'weight': 107772.0}, {'name': 'common-pile_caselaw-access-project_en_text_document', 'weight': 929697.0}, {'name': 'common-pile_doab_en_text_document', 'weight': 712786.0}, {'name': 'common-pile_foodista_en_text_document', 'weight': 5603.0}, {'name': 'common-pile_github-archive_en_text_document', 'weight': 2244221.0}, {'name': 'common-pile_library-of-congress_en_text_document', 'weight': 101533.0}, {'name': 'common-pile_libretexts_en_text_document', 'weight': 21049.0}, {'name': 'common-pile_news_en_text_document', 'weight': 14354.0}, {'name': 'common-pile_oercommons_en_text_document', 'weight': 2748.0}, {'name': 'common-pile_peS2o_en_text_document', 'weight': 10166525.0}, {'name': 'common-pile_pre-1929-books_en_text_document', 'weight': 531517.0}, {'name': 'common-pile_pressbooks_en_text_document', 'weight': 31891.0}, {'name': 'common-pile_public-domain-review_en_text_document', 'weight': 382.0}, {'name': 'common-pile_pubmed_en_text_document', 'weight': 1869301.0}, {'name': 'common-pile_python-enhancement-proposals_en_text_document', 'weight': 652.0}, {'name': 'common-pile_regulations_en_text_document', 'weight': 266173.0}, {'name': 'common-pile_stackexchange_en_text_document', 'weight': 4985359.0}, {'name': 'common-pile_ubuntu-irc_en_text_document', 'weight': 482830.0}, {'name': 'common-pile_youtube_en_text_document', 'weight': 204765.0}, {'name': 'croissant-aligned_aligned_text_document', 'weight': 11618464.0}, {'name': 'culturax_fr_text_document_ratio1.30_phase0', 'weight': 57012131.0}, {'name': 'dclm-dolmino_en_text_document_ratio0.75_phase0', 'weight': 93003263.0}, {'name': 'europarl_aligned_text_document', 'weight': 215607.0}, {'name': 'europarl_multi_text_document', 'weight': 99752.0}, {'name': 'eurovoc_filtered_multi_text_document', 'weight': 2150091.0}, {'name': 'fineweb-edu_en_text_document_ratio0.75_phase0', 'weight': 214754282.0}, {'name': 'fineweb2_ar_text_document_ratio0.50_phase0', 'weight': 3350461.0}, {'name': 'fineweb2_ca_text_document_ratio0.05_phase0', 'weight': 92529.0}, {'name': 'fineweb2_de_text_document_ratio0.50_phase0', 'weight': 27173931.0}, {'name': 'fineweb2_es_text_document_ratio0.50_phase0', 'weight': 24393496.0}, {'name': 'fineweb2_fr_text_document_ratio1.30_phase0', 'weight': 50038822.0}, {'name': 'fineweb2_it_text_document_ratio0.50_phase0', 'weight': 13377940.0}, {'name': 'fineweb2_nl_text_document_ratio0.50_phase0', 'weight': 7435763.0}, {'name': 'fineweb2_pt_text_document_ratio0.50_phase0', 'weight': 9800040.0}, {'name': 'fineweb2_regional_text_document', 'weight': 2132152.0}, {'name': 'gallica_monographies_fr_text_document', 'weight': 5842786.0}, {'name': 'gallica_press_fr_text_document', 'weight': 22850320.0}, {'name': 'gutenberg_de_text_document', 'weight': 42330.0}, {'name': 'gutenberg_en_text_document', 'weight': 1187655.0}, {'name': 'gutenberg_es_text_document', 'weight': 21778.0}, {'name': 'gutenberg_fr_text_document', 'weight': 91991.0}, {'name': 'gutenberg_it_text_document', 'weight': 29909.0}, {'name': 'gutenberg_nl_text_document', 'weight': 24430.0}, {'name': 'gutenberg_pt_text_document', 'weight': 9241.0}, {'name': 'hal-cea_full-filtered_fr_text_document', 'weight': 7828031.0}, {'name': 'hplt2_fr_text_document_ratio1.30_phase0', 'weight': 70401931.0}, {'name': 'insee_fr_text_document', 'weight': 55377.0}, {'name': 'math-pile_math_text_document', 'weight': 2345197.0}, {'name': 'opendata_fr_text_document', 'weight': 2749409.0}, {'name': 'parlement_fr_text_document', 'weight': 282826.0}, {'name': 'starcoder-data_code_text_document', 'weight': 62922795.0}, {'name': 'theses_fr_text_document', 'weight': 3239718.0}, {'name': 'wikimedia-vikidia_ar_text_document', 'weight': 265451.0}, {'name': 'wikimedia-vikidia_ca_text_document_ratio0.20_phase0', 'weight': 58530.0}, {'name': 'wikimedia-vikidia_de_text_document', 'weight': 1098595.0}, {'name': 'wikimedia-vikidia_en_text_document', 'weight': 2882825.0}, {'name': 'wikimedia-vikidia_es_text_document', 'weight': 631843.0}, {'name': 'wikimedia-vikidia_fr_text_document', 'weight': 1276052.0}, {'name': 'wikimedia-vikidia_it_text_document', 'weight': 654077.0}, {'name': 'wikimedia-vikidia_pt_text_document', 'weight': 304392.0}, {'name': 'wikimedia-vikidia_regional_text_document', 'weight': 119234.0}, {'name': 'wikimedia_nl_text_document', 'weight': 345319.0}, {'name': 'youtube_fr_text_document', 'weight': 76194.0}]}
INFO:__main__:Using CLI tokenizer override: /work/p26037/barman/tokenizer_128k-arab-regional_v2
INFO:__main__:Global batch size: 1024
INFO:__main__:Sequence length: 4096
INFO:__main__:Tokens per batch: 4194304
INFO:__main__:Total tokens in datamix: 3002228277248
INFO:__main__:Global training/LR horizon (from --max_steps): 715788
INFO:__main__:Patched megatron.core.optimizer (accepted params: {'model_chunks', 'scale_lr_cond', 'use_gloo_process_groups', 'no_weight_decay_cond', 'config', 'lr_mult'})
INFO:utils:{'data_path': '/work/datasets/AI/tokens_luciole_phase1', 'total_tokens': 3002228277248, 'train': [{'name': 'claire_open_en_text_document', 'weight': 29003.0}, {'name': 'claire_open_fr_text_document', 'weight': 92129.0}, {'name': 'common-corpus_bnl-newspapers-1841-1879_fr_text_document', 'weight': 66237.0}, {'name': 'common-corpus_eurlex_multi_text_document', 'weight': 3601664.0}, {'name': 'common-corpus_gatt-library_multi_text_document', 'weight': 41322.0}, {'name': 'common-corpus_oecd_multi_text_document', 'weight': 121969.0}, {'name': 'common-corpus_tedeutenders_multi_text_document', 'weight': 31276.0}, {'name': 'common-corpus_wto_multi_text_document', 'weight': 577279.0}, {'name': 'common-pile_arxiv-abstracts_en_text_document', 'weight': 140138.0}, {'name': 'common-pile_arxiv-papers_en_text_document', 'weight': 1299034.0}, {'name': 'common-pile_biodiversity-heritage-library_en_text_document', 'weight': 107772.0}, {'name': 'common-pile_caselaw-access-project_en_text_document', 'weight': 929697.0}, {'name': 'common-pile_doab_en_text_document', 'weight': 712786.0}, {'name': 'common-pile_foodista_en_text_document', 'weight': 5603.0}, {'name': 'common-pile_github-archive_en_text_document', 'weight': 2244221.0}, {'name': 'common-pile_library-of-congress_en_text_document', 'weight': 101533.0}, {'name': 'common-pile_libretexts_en_text_document', 'weight': 21049.0}, {'name': 'common-pile_news_en_text_document', 'weight': 14354.0}, {'name': 'common-pile_oercommons_en_text_document', 'weight': 2748.0}, {'name': 'common-pile_peS2o_en_text_document', 'weight': 10166525.0}, {'name': 'common-pile_pre-1929-books_en_text_document', 'weight': 531517.0}, {'name': 'common-pile_pressbooks_en_text_document', 'weight': 31891.0}, {'name': 'common-pile_public-domain-review_en_text_document', 'weight': 382.0}, {'name': 'common-pile_pubmed_en_text_document', 'weight': 1869301.0}, {'name': 'common-pile_python-enhancement-proposals_en_text_document', 'weight': 652.0}, {'name': 'common-pile_regulations_en_text_document', 'weight': 266173.0}, {'name': 'common-pile_stackexchange_en_text_document', 'weight': 4985359.0}, {'name': 'common-pile_ubuntu-irc_en_text_document', 'weight': 482830.0}, {'name': 'common-pile_youtube_en_text_document', 'weight': 204765.0}, {'name': 'croissant-aligned_aligned_text_document', 'weight': 11618464.0}, {'name': 'culturax_fr_text_document_ratio1.30_phase0', 'weight': 57012131.0}, {'name': 'dclm-dolmino_en_text_document_ratio0.75_phase0', 'weight': 93003263.0}, {'name': 'europarl_aligned_text_document', 'weight': 215607.0}, {'name': 'europarl_multi_text_document', 'weight': 99752.0}, {'name': 'eurovoc_filtered_multi_text_document', 'weight': 2150091.0}, {'name': 'fineweb-edu_en_text_document_ratio0.75_phase0', 'weight': 214754282.0}, {'name': 'fineweb2_ar_text_document_ratio0.50_phase0', 'weight': 3350461.0}, {'name': 'fineweb2_ca_text_document_ratio0.05_phase0', 'weight': 92529.0}, {'name': 'fineweb2_de_text_document_ratio0.50_phase0', 'weight': 27173931.0}, {'name': 'fineweb2_es_text_document_ratio0.50_phase0', 'weight': 24393496.0}, {'name': 'fineweb2_fr_text_document_ratio1.30_phase0', 'weight': 50038822.0}, {'name': 'fineweb2_it_text_document_ratio0.50_phase0', 'weight': 13377940.0}, {'name': 'fineweb2_nl_text_document_ratio0.50_phase0', 'weight': 7435763.0}, {'name': 'fineweb2_pt_text_document_ratio0.50_phase0', 'weight': 9800040.0}, {'name': 'fineweb2_regional_text_document', 'weight': 2132152.0}, {'name': 'gallica_monographies_fr_text_document', 'weight': 5842786.0}, {'name': 'gallica_press_fr_text_document', 'weight': 22850320.0}, {'name': 'gutenberg_de_text_document', 'weight': 42330.0}, {'name': 'gutenberg_en_text_document', 'weight': 1187655.0}, {'name': 'gutenberg_es_text_document', 'weight': 21778.0}, {'name': 'gutenberg_fr_text_document', 'weight': 91991.0}, {'name': 'gutenberg_it_text_document', 'weight': 29909.0}, {'name': 'gutenberg_nl_text_document', 'weight': 24430.0}, {'name': 'gutenberg_pt_text_document', 'weight': 9241.0}, {'name': 'hal-cea_full-filtered_fr_text_document', 'weight': 7828031.0}, {'name': 'hplt2_fr_text_document_ratio1.30_phase0', 'weight': 70401931.0}, {'name': 'insee_fr_text_document', 'weight': 55377.0}, {'name': 'math-pile_math_text_document', 'weight': 2345197.0}, {'name': 'opendata_fr_text_document', 'weight': 2749409.0}, {'name': 'parlement_fr_text_document', 'weight': 282826.0}, {'name': 'starcoder-data_code_text_document', 'weight': 62922795.0}, {'name': 'theses_fr_text_document', 'weight': 3239718.0}, {'name': 'wikimedia-vikidia_ar_text_document', 'weight': 265451.0}, {'name': 'wikimedia-vikidia_ca_text_document_ratio0.20_phase0', 'weight': 58530.0}, {'name': 'wikimedia-vikidia_de_text_document', 'weight': 1098595.0}, {'name': 'wikimedia-vikidia_en_text_document', 'weight': 2882825.0}, {'name': 'wikimedia-vikidia_es_text_document', 'weight': 631843.0}, {'name': 'wikimedia-vikidia_fr_text_document', 'weight': 1276052.0}, {'name': 'wikimedia-vikidia_it_text_document', 'weight': 654077.0}, {'name': 'wikimedia-vikidia_pt_text_document', 'weight': 304392.0}, {'name': 'wikimedia-vikidia_regional_text_document', 'weight': 119234.0}, {'name': 'wikimedia_nl_text_document', 'weight': 345319.0}, {'name': 'youtube_fr_text_document', 'weight': 76194.0}]}
INFO:__main__:Using CLI tokenizer override: /work/p26037/barman/tokenizer_128k-arab-regional_v2
INFO:__main__:Global batch size: 1024
INFO:__main__:Sequence length: 4096
INFO:__main__:Tokens per batch: 4194304
INFO:__main__:Total tokens in datamix: 3002228277248
INFO:__main__:Global training/LR horizon (from --max_steps): 715788
INFO:__main__:Patched megatron.core.optimizer (accepted params: {'no_weight_decay_cond', 'model_chunks', 'config', 'scale_lr_cond', 'lr_mult', 'use_gloo_process_groups'})
INFO:utils:{'data_path': '/work/datasets/AI/tokens_luciole_phase1', 'total_tokens': 3002228277248, 'train': [{'name': 'claire_open_en_text_document', 'weight': 29003.0}, {'name': 'claire_open_fr_text_document', 'weight': 92129.0}, {'name': 'common-corpus_bnl-newspapers-1841-1879_fr_text_document', 'weight': 66237.0}, {'name': 'common-corpus_eurlex_multi_text_document', 'weight': 3601664.0}, {'name': 'common-corpus_gatt-library_multi_text_document', 'weight': 41322.0}, {'name': 'common-corpus_oecd_multi_text_document', 'weight': 121969.0}, {'name': 'common-corpus_tedeutenders_multi_text_document', 'weight': 31276.0}, {'name': 'common-corpus_wto_multi_text_document', 'weight': 577279.0}, {'name': 'common-pile_arxiv-abstracts_en_text_document', 'weight': 140138.0}, {'name': 'common-pile_arxiv-papers_en_text_document', 'weight': 1299034.0}, {'name': 'common-pile_biodiversity-heritage-library_en_text_document', 'weight': 107772.0}, {'name': 'common-pile_caselaw-access-project_en_text_document', 'weight': 929697.0}, {'name': 'common-pile_doab_en_text_document', 'weight': 712786.0}, {'name': 'common-pile_foodista_en_text_document', 'weight': 5603.0}, {'name': 'common-pile_github-archive_en_text_document', 'weight': 2244221.0}, {'name': 'common-pile_library-of-congress_en_text_document', 'weight': 101533.0}, {'name': 'common-pile_libretexts_en_text_document', 'weight': 21049.0}, {'name': 'common-pile_news_en_text_document', 'weight': 14354.0}, {'name': 'common-pile_oercommons_en_text_document', 'weight': 2748.0}, {'name': 'common-pile_peS2o_en_text_document', 'weight': 10166525.0}, {'name': 'common-pile_pre-1929-books_en_text_document', 'weight': 531517.0}, {'name': 'common-pile_pressbooks_en_text_document', 'weight': 31891.0}, {'name': 'common-pile_public-domain-review_en_text_document', 'weight': 382.0}, {'name': 'common-pile_pubmed_en_text_document', 'weight': 1869301.0}, {'name': 'common-pile_python-enhancement-proposals_en_text_document', 'weight': 652.0}, {'name': 'common-pile_regulations_en_text_document', 'weight': 266173.0}, {'name': 'common-pile_stackexchange_en_text_document', 'weight': 4985359.0}, {'name': 'common-pile_ubuntu-irc_en_text_document', 'weight': 482830.0}, {'name': 'common-pile_youtube_en_text_document', 'weight': 204765.0}, {'name': 'croissant-aligned_aligned_text_document', 'weight': 11618464.0}, {'name': 'culturax_fr_text_document_ratio1.30_phase0', 'weight': 57012131.0}, {'name': 'dclm-dolmino_en_text_document_ratio0.75_phase0', 'weight': 93003263.0}, {'name': 'europarl_aligned_text_document', 'weight': 215607.0}, {'name': 'europarl_multi_text_document', 'weight': 99752.0}, {'name': 'eurovoc_filtered_multi_text_document', 'weight': 2150091.0}, {'name': 'fineweb-edu_en_text_document_ratio0.75_phase0', 'weight': 214754282.0}, {'name': 'fineweb2_ar_text_document_ratio0.50_phase0', 'weight': 3350461.0}, {'name': 'fineweb2_ca_text_document_ratio0.05_phase0', 'weight': 92529.0}, {'name': 'fineweb2_de_text_document_ratio0.50_phase0', 'weight': 27173931.0}, {'name': 'fineweb2_es_text_document_ratio0.50_phase0', 'weight': 24393496.0}, {'name': 'fineweb2_fr_text_document_ratio1.30_phase0', 'weight': 50038822.0}, {'name': 'fineweb2_it_text_document_ratio0.50_phase0', 'weight': 13377940.0}, {'name': 'fineweb2_nl_text_document_ratio0.50_phase0', 'weight': 7435763.0}, {'name': 'fineweb2_pt_text_document_ratio0.50_phase0', 'weight': 9800040.0}, {'name': 'fineweb2_regional_text_document', 'weight': 2132152.0}, {'name': 'gallica_monographies_fr_text_document', 'weight': 5842786.0}, {'name': 'gallica_press_fr_text_document', 'weight': 22850320.0}, {'name': 'gutenberg_de_text_document', 'weight': 42330.0}, {'name': 'gutenberg_en_text_document', 'weight': 1187655.0}, {'name': 'gutenberg_es_text_document', 'weight': 21778.0}, {'name': 'gutenberg_fr_text_document', 'weight': 91991.0}, {'name': 'gutenberg_it_text_document', 'weight': 29909.0}, {'name': 'gutenberg_nl_text_document', 'weight': 24430.0}, {'name': 'gutenberg_pt_text_document', 'weight': 9241.0}, {'name': 'hal-cea_full-filtered_fr_text_document', 'weight': 7828031.0}, {'name': 'hplt2_fr_text_document_ratio1.30_phase0', 'weight': 70401931.0}, {'name': 'insee_fr_text_document', 'weight': 55377.0}, {'name': 'math-pile_math_text_document', 'weight': 2345197.0}, {'name': 'opendata_fr_text_document', 'weight': 2749409.0}, {'name': 'parlement_fr_text_document', 'weight': 282826.0}, {'name': 'starcoder-data_code_text_document', 'weight': 62922795.0}, {'name': 'theses_fr_text_document', 'weight': 3239718.0}, {'name': 'wikimedia-vikidia_ar_text_document', 'weight': 265451.0}, {'name': 'wikimedia-vikidia_ca_text_document_ratio0.20_phase0', 'weight': 58530.0}, {'name': 'wikimedia-vikidia_de_text_document', 'weight': 1098595.0}, {'name': 'wikimedia-vikidia_en_text_document', 'weight': 2882825.0}, {'name': 'wikimedia-vikidia_es_text_document', 'weight': 631843.0}, {'name': 'wikimedia-vikidia_fr_text_document', 'weight': 1276052.0}, {'name': 'wikimedia-vikidia_it_text_document', 'weight': 654077.0}, {'name': 'wikimedia-vikidia_pt_text_document', 'weight': 304392.0}, {'name': 'wikimedia-vikidia_regional_text_document', 'weight': 119234.0}, {'name': 'wikimedia_nl_text_document', 'weight': 345319.0}, {'name': 'youtube_fr_text_document', 'weight': 76194.0}]}
INFO:__main__:Using CLI tokenizer override: /work/p26037/barman/tokenizer_128k-arab-regional_v2
INFO:__main__:Global batch size: 1024
INFO:__main__:Sequence length: 4096
INFO:__main__:Tokens per batch: 4194304
INFO:__main__:Total tokens in datamix: 3002228277248
INFO:__main__:Global training/LR horizon (from --max_steps): 715788
INFO:__main__:Patched megatron.core.optimizer (accepted params: {'no_weight_decay_cond', 'config', 'lr_mult', 'model_chunks', 'scale_lr_cond', 'use_gloo_process_groups'})
INFO:utils:{'data_path': '/work/datasets/AI/tokens_luciole_phase1', 'total_tokens': 3002228277248, 'train': [{'name': 'claire_open_en_text_document', 'weight': 29003.0}, {'name': 'claire_open_fr_text_document', 'weight': 92129.0}, {'name': 'common-corpus_bnl-newspapers-1841-1879_fr_text_document', 'weight': 66237.0}, {'name': 'common-corpus_eurlex_multi_text_document', 'weight': 3601664.0}, {'name': 'common-corpus_gatt-library_multi_text_document', 'weight': 41322.0}, {'name': 'common-corpus_oecd_multi_text_document', 'weight': 121969.0}, {'name': 'common-corpus_tedeutenders_multi_text_document', 'weight': 31276.0}, {'name': 'common-corpus_wto_multi_text_document', 'weight': 577279.0}, {'name': 'common-pile_arxiv-abstracts_en_text_document', 'weight': 140138.0}, {'name': 'common-pile_arxiv-papers_en_text_document', 'weight': 1299034.0}, {'name': 'common-pile_biodiversity-heritage-library_en_text_document', 'weight': 107772.0}, {'name': 'common-pile_caselaw-access-project_en_text_document', 'weight': 929697.0}, {'name': 'common-pile_doab_en_text_document', 'weight': 712786.0}, {'name': 'common-pile_foodista_en_text_document', 'weight': 5603.0}, {'name': 'common-pile_github-archive_en_text_document', 'weight': 2244221.0}, {'name': 'common-pile_library-of-congress_en_text_document', 'weight': 101533.0}, {'name': 'common-pile_libretexts_en_text_document', 'weight': 21049.0}, {'name': 'common-pile_news_en_text_document', 'weight': 14354.0}, {'name': 'common-pile_oercommons_en_text_document', 'weight': 2748.0}, {'name': 'common-pile_peS2o_en_text_document', 'weight': 10166525.0}, {'name': 'common-pile_pre-1929-books_en_text_document', 'weight': 531517.0}, {'name': 'common-pile_pressbooks_en_text_document', 'weight': 31891.0}, {'name': 'common-pile_public-domain-review_en_text_document', 'weight': 382.0}, {'name': 'common-pile_pubmed_en_text_document', 'weight': 1869301.0}, {'name': 'common-pile_python-enhancement-proposals_en_text_document', 'weight': 652.0}, {'name': 'common-pile_regulations_en_text_document', 'weight': 266173.0}, {'name': 'common-pile_stackexchange_en_text_document', 'weight': 4985359.0}, {'name': 'common-pile_ubuntu-irc_en_text_document', 'weight': 482830.0}, {'name': 'common-pile_youtube_en_text_document', 'weight': 204765.0}, {'name': 'croissant-aligned_aligned_text_document', 'weight': 11618464.0}, {'name': 'culturax_fr_text_document_ratio1.30_phase0', 'weight': 57012131.0}, {'name': 'dclm-dolmino_en_text_document_ratio0.75_phase0', 'weight': 93003263.0}, {'name': 'europarl_aligned_text_document', 'weight': 215607.0}, {'name': 'europarl_multi_text_document', 'weight': 99752.0}, {'name': 'eurovoc_filtered_multi_text_document', 'weight': 2150091.0}, {'name': 'fineweb-edu_en_text_document_ratio0.75_phase0', 'weight': 214754282.0}, {'name': 'fineweb2_ar_text_document_ratio0.50_phase0', 'weight': 3350461.0}, {'name': 'fineweb2_ca_text_document_ratio0.05_phase0', 'weight': 92529.0}, {'name': 'fineweb2_de_text_document_ratio0.50_phase0', 'weight': 27173931.0}, {'name': 'fineweb2_es_text_document_ratio0.50_phase0', 'weight': 24393496.0}, {'name': 'fineweb2_fr_text_document_ratio1.30_phase0', 'weight': 50038822.0}, {'name': 'fineweb2_it_text_document_ratio0.50_phase0', 'weight': 13377940.0}, {'name': 'fineweb2_nl_text_document_ratio0.50_phase0', 'weight': 7435763.0}, {'name': 'fineweb2_pt_text_document_ratio0.50_phase0', 'weight': 9800040.0}, {'name': 'fineweb2_regional_text_document', 'weight': 2132152.0}, {'name': 'gallica_monographies_fr_text_document', 'weight': 5842786.0}, {'name': 'gallica_press_fr_text_document', 'weight': 22850320.0}, {'name': 'gutenberg_de_text_document', 'weight': 42330.0}, {'name': 'gutenberg_en_text_document', 'weight': 1187655.0}, {'name': 'gutenberg_es_text_document', 'weight': 21778.0}, {'name': 'gutenberg_fr_text_document', 'weight': 91991.0}, {'name': 'gutenberg_it_text_document', 'weight': 29909.0}, {'name': 'gutenberg_nl_text_document', 'weight': 24430.0}, {'name': 'gutenberg_pt_text_document', 'weight': 9241.0}, {'name': 'hal-cea_full-filtered_fr_text_document', 'weight': 7828031.0}, {'name': 'hplt2_fr_text_document_ratio1.30_phase0', 'weight': 70401931.0}, {'name': 'insee_fr_text_document', 'weight': 55377.0}, {'name': 'math-pile_math_text_document', 'weight': 2345197.0}, {'name': 'opendata_fr_text_document', 'weight': 2749409.0}, {'name': 'parlement_fr_text_document', 'weight': 282826.0}, {'name': 'starcoder-data_code_text_document', 'weight': 62922795.0}, {'name': 'theses_fr_text_document', 'weight': 3239718.0}, {'name': 'wikimedia-vikidia_ar_text_document', 'weight': 265451.0}, {'name': 'wikimedia-vikidia_ca_text_document_ratio0.20_phase0', 'weight': 58530.0}, {'name': 'wikimedia-vikidia_de_text_document', 'weight': 1098595.0}, {'name': 'wikimedia-vikidia_en_text_document', 'weight': 2882825.0}, {'name': 'wikimedia-vikidia_es_text_document', 'weight': 631843.0}, {'name': 'wikimedia-vikidia_fr_text_document', 'weight': 1276052.0}, {'name': 'wikimedia-vikidia_it_text_document', 'weight': 654077.0}, {'name': 'wikimedia-vikidia_pt_text_document', 'weight': 304392.0}, {'name': 'wikimedia-vikidia_regional_text_document', 'weight': 119234.0}, {'name': 'wikimedia_nl_text_document', 'weight': 345319.0}, {'name': 'youtube_fr_text_document', 'weight': 76194.0}]}
INFO:__main__:Using CLI tokenizer override: /work/p26037/barman/tokenizer_128k-arab-regional_v2
INFO:__main__:Global batch size: 1024
INFO:__main__:Sequence length: 4096
INFO:__main__:Tokens per batch: 4194304
INFO:__main__:Total tokens in datamix: 3002228277248
INFO:__main__:Global training/LR horizon (from --max_steps): 715788
INFO:__main__:Patched megatron.core.optimizer (accepted params: {'use_gloo_process_groups', 'config', 'model_chunks', 'scale_lr_cond', 'lr_mult', 'no_weight_decay_cond'})
INFO:utils:{'data_path': '/work/datasets/AI/tokens_luciole_phase1', 'total_tokens': 3002228277248, 'train': [{'name': 'claire_open_en_text_document', 'weight': 29003.0}, {'name': 'claire_open_fr_text_document', 'weight': 92129.0}, {'name': 'common-corpus_bnl-newspapers-1841-1879_fr_text_document', 'weight': 66237.0}, {'name': 'common-corpus_eurlex_multi_text_document', 'weight': 3601664.0}, {'name': 'common-corpus_gatt-library_multi_text_document', 'weight': 41322.0}, {'name': 'common-corpus_oecd_multi_text_document', 'weight': 121969.0}, {'name': 'common-corpus_tedeutenders_multi_text_document', 'weight': 31276.0}, {'name': 'common-corpus_wto_multi_text_document', 'weight': 577279.0}, {'name': 'common-pile_arxiv-abstracts_en_text_document', 'weight': 140138.0}, {'name': 'common-pile_arxiv-papers_en_text_document', 'weight': 1299034.0}, {'name': 'common-pile_biodiversity-heritage-library_en_text_document', 'weight': 107772.0}, {'name': 'common-pile_caselaw-access-project_en_text_document', 'weight': 929697.0}, {'name': 'common-pile_doab_en_text_document', 'weight': 712786.0}, {'name': 'common-pile_foodista_en_text_document', 'weight': 5603.0}, {'name': 'common-pile_github-archive_en_text_document', 'weight': 2244221.0}, {'name': 'common-pile_library-of-congress_en_text_document', 'weight': 101533.0}, {'name': 'common-pile_libretexts_en_text_document', 'weight': 21049.0}, {'name': 'common-pile_news_en_text_document', 'weight': 14354.0}, {'name': 'common-pile_oercommons_en_text_document', 'weight': 2748.0}, {'name': 'common-pile_peS2o_en_text_document', 'weight': 10166525.0}, {'name': 'common-pile_pre-1929-books_en_text_document', 'weight': 531517.0}, {'name': 'common-pile_pressbooks_en_text_document', 'weight': 31891.0}, {'name': 'common-pile_public-domain-review_en_text_document', 'weight': 382.0}, {'name': 'common-pile_pubmed_en_text_document', 'weight': 1869301.0}, {'name': 'common-pile_python-enhancement-proposals_en_text_document', 'weight': 652.0}, {'name': 'common-pile_regulations_en_text_document', 'weight': 266173.0}, {'name': 'common-pile_stackexchange_en_text_document', 'weight': 4985359.0}, {'name': 'common-pile_ubuntu-irc_en_text_document', 'weight': 482830.0}, {'name': 'common-pile_youtube_en_text_document', 'weight': 204765.0}, {'name': 'croissant-aligned_aligned_text_document', 'weight': 11618464.0}, {'name': 'culturax_fr_text_document_ratio1.30_phase0', 'weight': 57012131.0}, {'name': 'dclm-dolmino_en_text_document_ratio0.75_phase0', 'weight': 93003263.0}, {'name': 'europarl_aligned_text_document', 'weight': 215607.0}, {'name': 'europarl_multi_text_document', 'weight': 99752.0}, {'name': 'eurovoc_filtered_multi_text_document', 'weight': 2150091.0}, {'name': 'fineweb-edu_en_text_document_ratio0.75_phase0', 'weight': 214754282.0}, {'name': 'fineweb2_ar_text_document_ratio0.50_phase0', 'weight': 3350461.0}, {'name': 'fineweb2_ca_text_document_ratio0.05_phase0', 'weight': 92529.0}, {'name': 'fineweb2_de_text_document_ratio0.50_phase0', 'weight': 27173931.0}, {'name': 'fineweb2_es_text_document_ratio0.50_phase0', 'weight': 24393496.0}, {'name': 'fineweb2_fr_text_document_ratio1.30_phase0', 'weight': 50038822.0}, {'name': 'fineweb2_it_text_document_ratio0.50_phase0', 'weight': 13377940.0}, {'name': 'fineweb2_nl_text_document_ratio0.50_phase0', 'weight': 7435763.0}, {'name': 'fineweb2_pt_text_document_ratio0.50_phase0', 'weight': 9800040.0}, {'name': 'fineweb2_regional_text_document', 'weight': 2132152.0}, {'name': 'gallica_monographies_fr_text_document', 'weight': 5842786.0}, {'name': 'gallica_press_fr_text_document', 'weight': 22850320.0}, {'name': 'gutenberg_de_text_document', 'weight': 42330.0}, {'name': 'gutenberg_en_text_document', 'weight': 1187655.0}, {'name': 'gutenberg_es_text_document', 'weight': 21778.0}, {'name': 'gutenberg_fr_text_document', 'weight': 91991.0}, {'name': 'gutenberg_it_text_document', 'weight': 29909.0}, {'name': 'gutenberg_nl_text_document', 'weight': 24430.0}, {'name': 'gutenberg_pt_text_document', 'weight': 9241.0}, {'name': 'hal-cea_full-filtered_fr_text_document', 'weight': 7828031.0}, {'name': 'hplt2_fr_text_document_ratio1.30_phase0', 'weight': 70401931.0}, {'name': 'insee_fr_text_document', 'weight': 55377.0}, {'name': 'math-pile_math_text_document', 'weight': 2345197.0}, {'name': 'opendata_fr_text_document', 'weight': 2749409.0}, {'name': 'parlement_fr_text_document', 'weight': 282826.0}, {'name': 'starcoder-data_code_text_document', 'weight': 62922795.0}, {'name': 'theses_fr_text_document', 'weight': 3239718.0}, {'name': 'wikimedia-vikidia_ar_text_document', 'weight': 265451.0}, {'name': 'wikimedia-vikidia_ca_text_document_ratio0.20_phase0', 'weight': 58530.0}, {'name': 'wikimedia-vikidia_de_text_document', 'weight': 1098595.0}, {'name': 'wikimedia-vikidia_en_text_document', 'weight': 2882825.0}, {'name': 'wikimedia-vikidia_es_text_document', 'weight': 631843.0}, {'name': 'wikimedia-vikidia_fr_text_document', 'weight': 1276052.0}, {'name': 'wikimedia-vikidia_it_text_document', 'weight': 654077.0}, {'name': 'wikimedia-vikidia_pt_text_document', 'weight': 304392.0}, {'name': 'wikimedia-vikidia_regional_text_document', 'weight': 119234.0}, {'name': 'wikimedia_nl_text_document', 'weight': 345319.0}, {'name': 'youtube_fr_text_document', 'weight': 76194.0}]}
INFO:__main__:Using CLI tokenizer override: /work/p26037/barman/tokenizer_128k-arab-regional_v2
INFO:__main__:Global batch size: 1024
INFO:__main__:Sequence length: 4096
INFO:__main__:Tokens per batch: 4194304
INFO:__main__:Total tokens in datamix: 3002228277248
INFO:__main__:Global training/LR horizon (from --max_steps): 715788
INFO:__main__:Patched megatron.core.optimizer (accepted params: {'scale_lr_cond', 'no_weight_decay_cond', 'model_chunks', 'lr_mult', 'config', 'use_gloo_process_groups'})
INFO:utils:{'data_path': '/work/datasets/AI/tokens_luciole_phase1', 'total_tokens': 3002228277248, 'train': [{'name': 'claire_open_en_text_document', 'weight': 29003.0}, {'name': 'claire_open_fr_text_document', 'weight': 92129.0}, {'name': 'common-corpus_bnl-newspapers-1841-1879_fr_text_document', 'weight': 66237.0}, {'name': 'common-corpus_eurlex_multi_text_document', 'weight': 3601664.0}, {'name': 'common-corpus_gatt-library_multi_text_document', 'weight': 41322.0}, {'name': 'common-corpus_oecd_multi_text_document', 'weight': 121969.0}, {'name': 'common-corpus_tedeutenders_multi_text_document', 'weight': 31276.0}, {'name': 'common-corpus_wto_multi_text_document', 'weight': 577279.0}, {'name': 'common-pile_arxiv-abstracts_en_text_document', 'weight': 140138.0}, {'name': 'common-pile_arxiv-papers_en_text_document', 'weight': 1299034.0}, {'name': 'common-pile_biodiversity-heritage-library_en_text_document', 'weight': 107772.0}, {'name': 'common-pile_caselaw-access-project_en_text_document', 'weight': 929697.0}, {'name': 'common-pile_doab_en_text_document', 'weight': 712786.0}, {'name': 'common-pile_foodista_en_text_document', 'weight': 5603.0}, {'name': 'common-pile_github-archive_en_text_document', 'weight': 2244221.0}, {'name': 'common-pile_library-of-congress_en_text_document', 'weight': 101533.0}, {'name': 'common-pile_libretexts_en_text_document', 'weight': 21049.0}, {'name': 'common-pile_news_en_text_document', 'weight': 14354.0}, {'name': 'common-pile_oercommons_en_text_document', 'weight': 2748.0}, {'name': 'common-pile_peS2o_en_text_document', 'weight': 10166525.0}, {'name': 'common-pile_pre-1929-books_en_text_document', 'weight': 531517.0}, {'name': 'common-pile_pressbooks_en_text_document', 'weight': 31891.0}, {'name': 'common-pile_public-domain-review_en_text_document', 'weight': 382.0}, {'name': 'common-pile_pubmed_en_text_document', 'weight': 1869301.0}, {'name': 'common-pile_python-enhancement-proposals_en_text_document', 'weight': 652.0}, {'name': 'common-pile_regulations_en_text_document', 'weight': 266173.0}, {'name': 'common-pile_stackexchange_en_text_document', 'weight': 4985359.0}, {'name': 'common-pile_ubuntu-irc_en_text_document', 'weight': 482830.0}, {'name': 'common-pile_youtube_en_text_document', 'weight': 204765.0}, {'name': 'croissant-aligned_aligned_text_document', 'weight': 11618464.0}, {'name': 'culturax_fr_text_document_ratio1.30_phase0', 'weight': 57012131.0}, {'name': 'dclm-dolmino_en_text_document_ratio0.75_phase0', 'weight': 93003263.0}, {'name': 'europarl_aligned_text_document', 'weight': 215607.0}, {'name': 'europarl_multi_text_document', 'weight': 99752.0}, {'name': 'eurovoc_filtered_multi_text_document', 'weight': 2150091.0}, {'name': 'fineweb-edu_en_text_document_ratio0.75_phase0', 'weight': 214754282.0}, {'name': 'fineweb2_ar_text_document_ratio0.50_phase0', 'weight': 3350461.0}, {'name': 'fineweb2_ca_text_document_ratio0.05_phase0', 'weight': 92529.0}, {'name': 'fineweb2_de_text_document_ratio0.50_phase0', 'weight': 27173931.0}, {'name': 'fineweb2_es_text_document_ratio0.50_phase0', 'weight': 24393496.0}, {'name': 'fineweb2_fr_text_document_ratio1.30_phase0', 'weight': 50038822.0}, {'name': 'fineweb2_it_text_document_ratio0.50_phase0', 'weight': 13377940.0}, {'name': 'fineweb2_nl_text_document_ratio0.50_phase0', 'weight': 7435763.0}, {'name': 'fineweb2_pt_text_document_ratio0.50_phase0', 'weight': 9800040.0}, {'name': 'fineweb2_regional_text_document', 'weight': 2132152.0}, {'name': 'gallica_monographies_fr_text_document', 'weight': 5842786.0}, {'name': 'gallica_press_fr_text_document', 'weight': 22850320.0}, {'name': 'gutenberg_de_text_document', 'weight': 42330.0}, {'name': 'gutenberg_en_text_document', 'weight': 1187655.0}, {'name': 'gutenberg_es_text_document', 'weight': 21778.0}, {'name': 'gutenberg_fr_text_document', 'weight': 91991.0}, {'name': 'gutenberg_it_text_document', 'weight': 29909.0}, {'name': 'gutenberg_nl_text_document', 'weight': 24430.0}, {'name': 'gutenberg_pt_text_document', 'weight': 9241.0}, {'name': 'hal-cea_full-filtered_fr_text_document', 'weight': 7828031.0}, {'name': 'hplt2_fr_text_document_ratio1.30_phase0', 'weight': 70401931.0}, {'name': 'insee_fr_text_document', 'weight': 55377.0}, {'name': 'math-pile_math_text_document', 'weight': 2345197.0}, {'name': 'opendata_fr_text_document', 'weight': 2749409.0}, {'name': 'parlement_fr_text_document', 'weight': 282826.0}, {'name': 'starcoder-data_code_text_document', 'weight': 62922795.0}, {'name': 'theses_fr_text_document', 'weight': 3239718.0}, {'name': 'wikimedia-vikidia_ar_text_document', 'weight': 265451.0}, {'name': 'wikimedia-vikidia_ca_text_document_ratio0.20_phase0', 'weight': 58530.0}, {'name': 'wikimedia-vikidia_de_text_document', 'weight': 1098595.0}, {'name': 'wikimedia-vikidia_en_text_document', 'weight': 2882825.0}, {'name': 'wikimedia-vikidia_es_text_document', 'weight': 631843.0}, {'name': 'wikimedia-vikidia_fr_text_document', 'weight': 1276052.0}, {'name': 'wikimedia-vikidia_it_text_document', 'weight': 654077.0}, {'name': 'wikimedia-vikidia_pt_text_document', 'weight': 304392.0}, {'name': 'wikimedia-vikidia_regional_text_document', 'weight': 119234.0}, {'name': 'wikimedia_nl_text_document', 'weight': 345319.0}, {'name': 'youtube_fr_text_document', 'weight': 76194.0}]}
INFO:__main__:Using CLI tokenizer override: /work/p26037/barman/tokenizer_128k-arab-regional_v2
INFO:__main__:Global batch size: 1024
INFO:__main__:Sequence length: 4096
INFO:__main__:Tokens per batch: 4194304
INFO:__main__:Total tokens in datamix: 3002228277248
INFO:__main__:Global training/LR horizon (from --max_steps): 715788
INFO:__main__:Patched megatron.core.optimizer (accepted params: {'no_weight_decay_cond', 'scale_lr_cond', 'use_gloo_process_groups', 'model_chunks', 'config', 'lr_mult'})
INFO:utils:{'data_path': '/work/datasets/AI/tokens_luciole_phase1', 'total_tokens': 3002228277248, 'train': [{'name': 'claire_open_en_text_document', 'weight': 29003.0}, {'name': 'claire_open_fr_text_document', 'weight': 92129.0}, {'name': 'common-corpus_bnl-newspapers-1841-1879_fr_text_document', 'weight': 66237.0}, {'name': 'common-corpus_eurlex_multi_text_document', 'weight': 3601664.0}, {'name': 'common-corpus_gatt-library_multi_text_document', 'weight': 41322.0}, {'name': 'common-corpus_oecd_multi_text_document', 'weight': 121969.0}, {'name': 'common-corpus_tedeutenders_multi_text_document', 'weight': 31276.0}, {'name': 'common-corpus_wto_multi_text_document', 'weight': 577279.0}, {'name': 'common-pile_arxiv-abstracts_en_text_document', 'weight': 140138.0}, {'name': 'common-pile_arxiv-papers_en_text_document', 'weight': 1299034.0}, {'name': 'common-pile_biodiversity-heritage-library_en_text_document', 'weight': 107772.0}, {'name': 'common-pile_caselaw-access-project_en_text_document', 'weight': 929697.0}, {'name': 'common-pile_doab_en_text_document', 'weight': 712786.0}, {'name': 'common-pile_foodista_en_text_document', 'weight': 5603.0}, {'name': 'common-pile_github-archive_en_text_document', 'weight': 2244221.0}, {'name': 'common-pile_library-of-congress_en_text_document', 'weight': 101533.0}, {'name': 'common-pile_libretexts_en_text_document', 'weight': 21049.0}, {'name': 'common-pile_news_en_text_document', 'weight': 14354.0}, {'name': 'common-pile_oercommons_en_text_document', 'weight': 2748.0}, {'name': 'common-pile_peS2o_en_text_document', 'weight': 10166525.0}, {'name': 'common-pile_pre-1929-books_en_text_document', 'weight': 531517.0}, {'name': 'common-pile_pressbooks_en_text_document', 'weight': 31891.0}, {'name': 'common-pile_public-domain-review_en_text_document', 'weight': 382.0}, {'name': 'common-pile_pubmed_en_text_document', 'weight': 1869301.0}, {'name': 'common-pile_python-enhancement-proposals_en_text_document', 'weight': 652.0}, {'name': 'common-pile_regulations_en_text_document', 'weight': 266173.0}, {'name': 'common-pile_stackexchange_en_text_document', 'weight': 4985359.0}, {'name': 'common-pile_ubuntu-irc_en_text_document', 'weight': 482830.0}, {'name': 'common-pile_youtube_en_text_document', 'weight': 204765.0}, {'name': 'croissant-aligned_aligned_text_document', 'weight': 11618464.0}, {'name': 'culturax_fr_text_document_ratio1.30_phase0', 'weight': 57012131.0}, {'name': 'dclm-dolmino_en_text_document_ratio0.75_phase0', 'weight': 93003263.0}, {'name': 'europarl_aligned_text_document', 'weight': 215607.0}, {'name': 'europarl_multi_text_document', 'weight': 99752.0}, {'name': 'eurovoc_filtered_multi_text_document', 'weight': 2150091.0}, {'name': 'fineweb-edu_en_text_document_ratio0.75_phase0', 'weight': 214754282.0}, {'name': 'fineweb2_ar_text_document_ratio0.50_phase0', 'weight': 3350461.0}, {'name': 'fineweb2_ca_text_document_ratio0.05_phase0', 'weight': 92529.0}, {'name': 'fineweb2_de_text_document_ratio0.50_phase0', 'weight': 27173931.0}, {'name': 'fineweb2_es_text_document_ratio0.50_phase0', 'weight': 24393496.0}, {'name': 'fineweb2_fr_text_document_ratio1.30_phase0', 'weight': 50038822.0}, {'name': 'fineweb2_it_text_document_ratio0.50_phase0', 'weight': 13377940.0}, {'name': 'fineweb2_nl_text_document_ratio0.50_phase0', 'weight': 7435763.0}, {'name': 'fineweb2_pt_text_document_ratio0.50_phase0', 'weight': 9800040.0}, {'name': 'fineweb2_regional_text_document', 'weight': 2132152.0}, {'name': 'gallica_monographies_fr_text_document', 'weight': 5842786.0}, {'name': 'gallica_press_fr_text_document', 'weight': 22850320.0}, {'name': 'gutenberg_de_text_document', 'weight': 42330.0}, {'name': 'gutenberg_en_text_document', 'weight': 1187655.0}, {'name': 'gutenberg_es_text_document', 'weight': 21778.0}, {'name': 'gutenberg_fr_text_document', 'weight': 91991.0}, {'name': 'gutenberg_it_text_document', 'weight': 29909.0}, {'name': 'gutenberg_nl_text_document', 'weight': 24430.0}, {'name': 'gutenberg_pt_text_document', 'weight': 9241.0}, {'name': 'hal-cea_full-filtered_fr_text_document', 'weight': 7828031.0}, {'name': 'hplt2_fr_text_document_ratio1.30_phase0', 'weight': 70401931.0}, {'name': 'insee_fr_text_document', 'weight': 55377.0}, {'name': 'math-pile_math_text_document', 'weight': 2345197.0}, {'name': 'opendata_fr_text_document', 'weight': 2749409.0}, {'name': 'parlement_fr_text_document', 'weight': 282826.0}, {'name': 'starcoder-data_code_text_document', 'weight': 62922795.0}, {'name': 'theses_fr_text_document', 'weight': 3239718.0}, {'name': 'wikimedia-vikidia_ar_text_document', 'weight': 265451.0}, {'name': 'wikimedia-vikidia_ca_text_document_ratio0.20_phase0', 'weight': 58530.0}, {'name': 'wikimedia-vikidia_de_text_document', 'weight': 1098595.0}, {'name': 'wikimedia-vikidia_en_text_document', 'weight': 2882825.0}, {'name': 'wikimedia-vikidia_es_text_document', 'weight': 631843.0}, {'name': 'wikimedia-vikidia_fr_text_document', 'weight': 1276052.0}, {'name': 'wikimedia-vikidia_it_text_document', 'weight': 654077.0}, {'name': 'wikimedia-vikidia_pt_text_document', 'weight': 304392.0}, {'name': 'wikimedia-vikidia_regional_text_document', 'weight': 119234.0}, {'name': 'wikimedia_nl_text_document', 'weight': 345319.0}, {'name': 'youtube_fr_text_document', 'weight': 76194.0}]}
INFO:__main__:Using CLI tokenizer override: /work/p26037/barman/tokenizer_128k-arab-regional_v2
INFO:__main__:Global batch size: 1024
INFO:__main__:Sequence length: 4096
INFO:__main__:Tokens per batch: 4194304
INFO:__main__:Total tokens in datamix: 3002228277248
INFO:__main__:Global training/LR horizon (from --max_steps): 715788
INFO:__main__:Patched megatron.core.optimizer (accepted params: {'use_gloo_process_groups', 'lr_mult', 'scale_lr_cond', 'no_weight_decay_cond', 'config', 'model_chunks'})
INFO:utils:{'data_path': '/work/datasets/AI/tokens_luciole_phase1', 'total_tokens': 3002228277248, 'train': [{'name': 'claire_open_en_text_document', 'weight': 29003.0}, {'name': 'claire_open_fr_text_document', 'weight': 92129.0}, {'name': 'common-corpus_bnl-newspapers-1841-1879_fr_text_document', 'weight': 66237.0}, {'name': 'common-corpus_eurlex_multi_text_document', 'weight': 3601664.0}, {'name': 'common-corpus_gatt-library_multi_text_document', 'weight': 41322.0}, {'name': 'common-corpus_oecd_multi_text_document', 'weight': 121969.0}, {'name': 'common-corpus_tedeutenders_multi_text_document', 'weight': 31276.0}, {'name': 'common-corpus_wto_multi_text_document', 'weight': 577279.0}, {'name': 'common-pile_arxiv-abstracts_en_text_document', 'weight': 140138.0}, {'name': 'common-pile_arxiv-papers_en_text_document', 'weight': 1299034.0}, {'name': 'common-pile_biodiversity-heritage-library_en_text_document', 'weight': 107772.0}, {'name': 'common-pile_caselaw-access-project_en_text_document', 'weight': 929697.0}, {'name': 'common-pile_doab_en_text_document', 'weight': 712786.0}, {'name': 'common-pile_foodista_en_text_document', 'weight': 5603.0}, {'name': 'common-pile_github-archive_en_text_document', 'weight': 2244221.0}, {'name': 'common-pile_library-of-congress_en_text_document', 'weight': 101533.0}, {'name': 'common-pile_libretexts_en_text_document', 'weight': 21049.0}, {'name': 'common-pile_news_en_text_document', 'weight': 14354.0}, {'name': 'common-pile_oercommons_en_text_document', 'weight': 2748.0}, {'name': 'common-pile_peS2o_en_text_document', 'weight': 10166525.0}, {'name': 'common-pile_pre-1929-books_en_text_document', 'weight': 531517.0}, {'name': 'common-pile_pressbooks_en_text_document', 'weight': 31891.0}, {'name': 'common-pile_public-domain-review_en_text_document', 'weight': 382.0}, {'name': 'common-pile_pubmed_en_text_document', 'weight': 1869301.0}, {'name': 'common-pile_python-enhancement-proposals_en_text_document', 'weight': 652.0}, {'name': 'common-pile_regulations_en_text_document', 'weight': 266173.0}, {'name': 'common-pile_stackexchange_en_text_document', 'weight': 4985359.0}, {'name': 'common-pile_ubuntu-irc_en_text_document', 'weight': 482830.0}, {'name': 'common-pile_youtube_en_text_document', 'weight': 204765.0}, {'name': 'croissant-aligned_aligned_text_document', 'weight': 11618464.0}, {'name': 'culturax_fr_text_document_ratio1.30_phase0', 'weight': 57012131.0}, {'name': 'dclm-dolmino_en_text_document_ratio0.75_phase0', 'weight': 93003263.0}, {'name': 'europarl_aligned_text_document', 'weight': 215607.0}, {'name': 'europarl_multi_text_document', 'weight': 99752.0}, {'name': 'eurovoc_filtered_multi_text_document', 'weight': 2150091.0}, {'name': 'fineweb-edu_en_text_document_ratio0.75_phase0', 'weight': 214754282.0}, {'name': 'fineweb2_ar_text_document_ratio0.50_phase0', 'weight': 3350461.0}, {'name': 'fineweb2_ca_text_document_ratio0.05_phase0', 'weight': 92529.0}, {'name': 'fineweb2_de_text_document_ratio0.50_phase0', 'weight': 27173931.0}, {'name': 'fineweb2_es_text_document_ratio0.50_phase0', 'weight': 24393496.0}, {'name': 'fineweb2_fr_text_document_ratio1.30_phase0', 'weight': 50038822.0}, {'name': 'fineweb2_it_text_document_ratio0.50_phase0', 'weight': 13377940.0}, {'name': 'fineweb2_nl_text_document_ratio0.50_phase0', 'weight': 7435763.0}, {'name': 'fineweb2_pt_text_document_ratio0.50_phase0', 'weight': 9800040.0}, {'name': 'fineweb2_regional_text_document', 'weight': 2132152.0}, {'name': 'gallica_monographies_fr_text_document', 'weight': 5842786.0}, {'name': 'gallica_press_fr_text_document', 'weight': 22850320.0}, {'name': 'gutenberg_de_text_document', 'weight': 42330.0}, {'name': 'gutenberg_en_text_document', 'weight': 1187655.0}, {'name': 'gutenberg_es_text_document', 'weight': 21778.0}, {'name': 'gutenberg_fr_text_document', 'weight': 91991.0}, {'name': 'gutenberg_it_text_document', 'weight': 29909.0}, {'name': 'gutenberg_nl_text_document', 'weight': 24430.0}, {'name': 'gutenberg_pt_text_document', 'weight': 9241.0}, {'name': 'hal-cea_full-filtered_fr_text_document', 'weight': 7828031.0}, {'name': 'hplt2_fr_text_document_ratio1.30_phase0', 'weight': 70401931.0}, {'name': 'insee_fr_text_document', 'weight': 55377.0}, {'name': 'math-pile_math_text_document', 'weight': 2345197.0}, {'name': 'opendata_fr_text_document', 'weight': 2749409.0}, {'name': 'parlement_fr_text_document', 'weight': 282826.0}, {'name': 'starcoder-data_code_text_document', 'weight': 62922795.0}, {'name': 'theses_fr_text_document', 'weight': 3239718.0}, {'name': 'wikimedia-vikidia_ar_text_document', 'weight': 265451.0}, {'name': 'wikimedia-vikidia_ca_text_document_ratio0.20_phase0', 'weight': 58530.0}, {'name': 'wikimedia-vikidia_de_text_document', 'weight': 1098595.0}, {'name': 'wikimedia-vikidia_en_text_document', 'weight': 2882825.0}, {'name': 'wikimedia-vikidia_es_text_document', 'weight': 631843.0}, {'name': 'wikimedia-vikidia_fr_text_document', 'weight': 1276052.0}, {'name': 'wikimedia-vikidia_it_text_document', 'weight': 654077.0}, {'name': 'wikimedia-vikidia_pt_text_document', 'weight': 304392.0}, {'name': 'wikimedia-vikidia_regional_text_document', 'weight': 119234.0}, {'name': 'wikimedia_nl_text_document', 'weight': 345319.0}, {'name': 'youtube_fr_text_document', 'weight': 76194.0}]}
INFO:__main__:Using CLI tokenizer override: /work/p26037/barman/tokenizer_128k-arab-regional_v2
INFO:__main__:Global batch size: 1024
INFO:__main__:Sequence length: 4096
INFO:__main__:Tokens per batch: 4194304
INFO:__main__:Total tokens in datamix: 3002228277248
INFO:__main__:Global training/LR horizon (from --max_steps): 715788
INFO:__main__:Patched megatron.core.optimizer (accepted params: {'scale_lr_cond', 'no_weight_decay_cond', 'model_chunks', 'use_gloo_process_groups', 'config', 'lr_mult'})
INFO:__main__:SSA Triton: Using fused Triton SSA FlashAttention triton (n=1.50, b=0.80, compiled_bda=True)
INFO:__main__:SSA Triton: force_contiguous_qkv=True
INFO:__main__:SSA Triton: Using fused Triton SSA FlashAttention triton (n=1.50, b=0.80, compiled_bda=True)
INFO:__main__:SSA Triton: force_contiguous_qkv=True
INFO:__main__:SSA Triton: Using fused Triton SSA FlashAttention triton (n=1.50, b=0.80, compiled_bda=True)
INFO:__main__:SSA Triton: force_contiguous_qkv=True
INFO:__main__:SSA Triton: Using fused Triton SSA FlashAttention triton (n=1.50, b=0.80, compiled_bda=True)
INFO:__main__:SSA Triton: force_contiguous_qkv=True
INFO:__main__:Detected checkpoint at step 26999
INFO:__main__:Continuing to absolute trainer.max_steps = 715788 (remaining this run: 688789 steps)
INFO:__main__:Detected checkpoint at step 26999
INFO:__main__:Continuing to absolute trainer.max_steps = 715788 (remaining this run: 688789 steps)
INFO:__main__:Detected checkpoint at step 26999
INFO:__main__:Continuing to absolute trainer.max_steps = 715788 (remaining this run: 688789 steps)
INFO:__main__:Detected checkpoint at step 26999
INFO:__main__:Continuing to absolute trainer.max_steps = 715788 (remaining this run: 688789 steps)
INFO:__main__:Detected vocab_size from tokenizer: 128000
INFO:__main__:Detected vocab_size from tokenizer: 128000
INFO:__main__:Detected vocab_size from tokenizer: 128000
INFO:__main__:LR scheduler max_steps = 715788, warmup_steps = 2000, min_lr = 2.9999999999999997e-05
INFO:__main__:Skipping Triton warmup (--skip_triton_warmup).
INFO:__main__:LR scheduler max_steps = 715788, warmup_steps = 2000, min_lr = 2.9999999999999997e-05
INFO:__main__:Skipping Triton warmup (--skip_triton_warmup).
INFO:__main__:Detected vocab_size from tokenizer: 128000
INFO:utils:{'data_path': '/work/datasets/AI/tokens_luciole_phase1', 'total_tokens': 3002228277248, 'train': [{'name': 'claire_open_en_text_document', 'weight': 29003.0}, {'name': 'claire_open_fr_text_document', 'weight': 92129.0}, {'name': 'common-corpus_bnl-newspapers-1841-1879_fr_text_document', 'weight': 66237.0}, {'name': 'common-corpus_eurlex_multi_text_document', 'weight': 3601664.0}, {'name': 'common-corpus_gatt-library_multi_text_document', 'weight': 41322.0}, {'name': 'common-corpus_oecd_multi_text_document', 'weight': 121969.0}, {'name': 'common-corpus_tedeutenders_multi_text_document', 'weight': 31276.0}, {'name': 'common-corpus_wto_multi_text_document', 'weight': 577279.0}, {'name': 'common-pile_arxiv-abstracts_en_text_document', 'weight': 140138.0}, {'name': 'common-pile_arxiv-papers_en_text_document', 'weight': 1299034.0}, {'name': 'common-pile_biodiversity-heritage-library_en_text_document', 'weight': 107772.0}, {'name': 'common-pile_caselaw-access-project_en_text_document', 'weight': 929697.0}, {'name': 'common-pile_doab_en_text_document', 'weight': 712786.0}, {'name': 'common-pile_foodista_en_text_document', 'weight': 5603.0}, {'name': 'common-pile_github-archive_en_text_document', 'weight': 2244221.0}, {'name': 'common-pile_library-of-congress_en_text_document', 'weight': 101533.0}, {'name': 'common-pile_libretexts_en_text_document', 'weight': 21049.0}, {'name': 'common-pile_news_en_text_document', 'weight': 14354.0}, {'name': 'common-pile_oercommons_en_text_document', 'weight': 2748.0}, {'name': 'common-pile_peS2o_en_text_document', 'weight': 10166525.0}, {'name': 'common-pile_pre-1929-books_en_text_document', 'weight': 531517.0}, {'name': 'common-pile_pressbooks_en_text_document', 'weight': 31891.0}, {'name': 'common-pile_public-domain-review_en_text_document', 'weight': 382.0}, {'name': 'common-pile_pubmed_en_text_document', 'weight': 1869301.0}, {'name': 'common-pile_python-enhancement-proposals_en_text_document', 'weight': 652.0}, {'name': 'common-pile_regulations_en_text_document', 'weight': 266173.0}, {'name': 'common-pile_stackexchange_en_text_document', 'weight': 4985359.0}, {'name': 'common-pile_ubuntu-irc_en_text_document', 'weight': 482830.0}, {'name': 'common-pile_youtube_en_text_document', 'weight': 204765.0}, {'name': 'croissant-aligned_aligned_text_document', 'weight': 11618464.0}, {'name': 'culturax_fr_text_document_ratio1.30_phase0', 'weight': 57012131.0}, {'name': 'dclm-dolmino_en_text_document_ratio0.75_phase0', 'weight': 93003263.0}, {'name': 'europarl_aligned_text_document', 'weight': 215607.0}, {'name': 'europarl_multi_text_document', 'weight': 99752.0}, {'name': 'eurovoc_filtered_multi_text_document', 'weight': 2150091.0}, {'name': 'fineweb-edu_en_text_document_ratio0.75_phase0', 'weight': 214754282.0}, {'name': 'fineweb2_ar_text_document_ratio0.50_phase0', 'weight': 3350461.0}, {'name': 'fineweb2_ca_text_document_ratio0.05_phase0', 'weight': 92529.0}, {'name': 'fineweb2_de_text_document_ratio0.50_phase0', 'weight': 27173931.0}, {'name': 'fineweb2_es_text_document_ratio0.50_phase0', 'weight': 24393496.0}, {'name': 'fineweb2_fr_text_document_ratio1.30_phase0', 'weight': 50038822.0}, {'name': 'fineweb2_it_text_document_ratio0.50_phase0', 'weight': 13377940.0}, {'name': 'fineweb2_nl_text_document_ratio0.50_phase0', 'weight': 7435763.0}, {'name': 'fineweb2_pt_text_document_ratio0.50_phase0', 'weight': 9800040.0}, {'name': 'fineweb2_regional_text_document', 'weight': 2132152.0}, {'name': 'gallica_monographies_fr_text_document', 'weight': 5842786.0}, {'name': 'gallica_press_fr_text_document', 'weight': 22850320.0}, {'name': 'gutenberg_de_text_document', 'weight': 42330.0}, {'name': 'gutenberg_en_text_document', 'weight': 1187655.0}, {'name': 'gutenberg_es_text_document', 'weight': 21778.0}, {'name': 'gutenberg_fr_text_document', 'weight': 91991.0}, {'name': 'gutenberg_it_text_document', 'weight': 29909.0}, {'name': 'gutenberg_nl_text_document', 'weight': 24430.0}, {'name': 'gutenberg_pt_text_document', 'weight': 9241.0}, {'name': 'hal-cea_full-filtered_fr_text_document', 'weight': 7828031.0}, {'name': 'hplt2_fr_text_document_ratio1.30_phase0', 'weight': 70401931.0}, {'name': 'insee_fr_text_document', 'weight': 55377.0}, {'name': 'math-pile_math_text_document', 'weight': 2345197.0}, {'name': 'opendata_fr_text_document', 'weight': 2749409.0}, {'name': 'parlement_fr_text_document', 'weight': 282826.0}, {'name': 'starcoder-data_code_text_document', 'weight': 62922795.0}, {'name': 'theses_fr_text_document', 'weight': 3239718.0}, {'name': 'wikimedia-vikidia_ar_text_document', 'weight': 265451.0}, {'name': 'wikimedia-vikidia_ca_text_document_ratio0.20_phase0', 'weight': 58530.0}, {'name': 'wikimedia-vikidia_de_text_document', 'weight': 1098595.0}, {'name': 'wikimedia-vikidia_en_text_document', 'weight': 2882825.0}, {'name': 'wikimedia-vikidia_es_text_document', 'weight': 631843.0}, {'name': 'wikimedia-vikidia_fr_text_document', 'weight': 1276052.0}, {'name': 'wikimedia-vikidia_it_text_document', 'weight': 654077.0}, {'name': 'wikimedia-vikidia_pt_text_document', 'weight': 304392.0}, {'name': 'wikimedia-vikidia_regional_text_document', 'weight': 119234.0}, {'name': 'wikimedia_nl_text_document', 'weight': 345319.0}, {'name': 'youtube_fr_text_document', 'weight': 76194.0}]}
INFO:__main__:Using CLI tokenizer override: /work/p26037/barman/tokenizer_128k-arab-regional_v2
INFO:__main__:LR scheduler max_steps = 715788, warmup_steps = 2000, min_lr = 2.9999999999999997e-05
INFO:__main__:Skipping Triton warmup (--skip_triton_warmup).
INFO:__main__:Global batch size: 1024
INFO:__main__:Sequence length: 4096
INFO:__main__:Tokens per batch: 4194304
INFO:__main__:Total tokens in datamix: 3002228277248
INFO:__main__:Global training/LR horizon (from --max_steps): 715788
INFO:__main__:Patched megatron.core.optimizer (accepted params: {'use_gloo_process_groups', 'lr_mult', 'scale_lr_cond', 'no_weight_decay_cond', 'model_chunks', 'config'})
INFO:utils:{'data_path': '/work/datasets/AI/tokens_luciole_phase1', 'total_tokens': 3002228277248, 'train': [{'name': 'claire_open_en_text_document', 'weight': 29003.0}, {'name': 'claire_open_fr_text_document', 'weight': 92129.0}, {'name': 'common-corpus_bnl-newspapers-1841-1879_fr_text_document', 'weight': 66237.0}, {'name': 'common-corpus_eurlex_multi_text_document', 'weight': 3601664.0}, {'name': 'common-corpus_gatt-library_multi_text_document', 'weight': 41322.0}, {'name': 'common-corpus_oecd_multi_text_document', 'weight': 121969.0}, {'name': 'common-corpus_tedeutenders_multi_text_document', 'weight': 31276.0}, {'name': 'common-corpus_wto_multi_text_document', 'weight': 577279.0}, {'name': 'common-pile_arxiv-abstracts_en_text_document', 'weight': 140138.0}, {'name': 'common-pile_arxiv-papers_en_text_document', 'weight': 1299034.0}, {'name': 'common-pile_biodiversity-heritage-library_en_text_document', 'weight': 107772.0}, {'name': 'common-pile_caselaw-access-project_en_text_document', 'weight': 929697.0}, {'name': 'common-pile_doab_en_text_document', 'weight': 712786.0}, {'name': 'common-pile_foodista_en_text_document', 'weight': 5603.0}, {'name': 'common-pile_github-archive_en_text_document', 'weight': 2244221.0}, {'name': 'common-pile_library-of-congress_en_text_document', 'weight': 101533.0}, {'name': 'common-pile_libretexts_en_text_document', 'weight': 21049.0}, {'name': 'common-pile_news_en_text_document', 'weight': 14354.0}, {'name': 'common-pile_oercommons_en_text_document', 'weight': 2748.0}, {'name': 'common-pile_peS2o_en_text_document', 'weight': 10166525.0}, {'name': 'common-pile_pre-1929-books_en_text_document', 'weight': 531517.0}, {'name': 'common-pile_pressbooks_en_text_document', 'weight': 31891.0}, {'name': 'common-pile_public-domain-review_en_text_document', 'weight': 382.0}, {'name': 'common-pile_pubmed_en_text_document', 'weight': 1869301.0}, {'name': 'common-pile_python-enhancement-proposals_en_text_document', 'weight': 652.0}, {'name': 'common-pile_regulations_en_text_document', 'weight': 266173.0}, {'name': 'common-pile_stackexchange_en_text_document', 'weight': 4985359.0}, {'name': 'common-pile_ubuntu-irc_en_text_document', 'weight': 482830.0}, {'name': 'common-pile_youtube_en_text_document', 'weight': 204765.0}, {'name': 'croissant-aligned_aligned_text_document', 'weight': 11618464.0}, {'name': 'culturax_fr_text_document_ratio1.30_phase0', 'weight': 57012131.0}, {'name': 'dclm-dolmino_en_text_document_ratio0.75_phase0', 'weight': 93003263.0}, {'name': 'europarl_aligned_text_document', 'weight': 215607.0}, {'name': 'europarl_multi_text_document', 'weight': 99752.0}, {'name': 'eurovoc_filtered_multi_text_document', 'weight': 2150091.0}, {'name': 'fineweb-edu_en_text_document_ratio0.75_phase0', 'weight': 214754282.0}, {'name': 'fineweb2_ar_text_document_ratio0.50_phase0', 'weight': 3350461.0}, {'name': 'fineweb2_ca_text_document_ratio0.05_phase0', 'weight': 92529.0}, {'name': 'fineweb2_de_text_document_ratio0.50_phase0', 'weight': 27173931.0}, {'name': 'fineweb2_es_text_document_ratio0.50_phase0', 'weight': 24393496.0}, {'name': 'fineweb2_fr_text_document_ratio1.30_phase0', 'weight': 50038822.0}, {'name': 'fineweb2_it_text_document_ratio0.50_phase0', 'weight': 13377940.0}, {'name': 'fineweb2_nl_text_document_ratio0.50_phase0', 'weight': 7435763.0}, {'name': 'fineweb2_pt_text_document_ratio0.50_phase0', 'weight': 9800040.0}, {'name': 'fineweb2_regional_text_document', 'weight': 2132152.0}, {'name': 'gallica_monographies_fr_text_document', 'weight': 5842786.0}, {'name': 'gallica_press_fr_text_document', 'weight': 22850320.0}, {'name': 'gutenberg_de_text_document', 'weight': 42330.0}, {'name': 'gutenberg_en_text_document', 'weight': 1187655.0}, {'name': 'gutenberg_es_text_document', 'weight': 21778.0}, {'name': 'gutenberg_fr_text_document', 'weight': 91991.0}, {'name': 'gutenberg_it_text_document', 'weight': 29909.0}, {'name': 'gutenberg_nl_text_document', 'weight': 24430.0}, {'name': 'gutenberg_pt_text_document', 'weight': 9241.0}, {'name': 'hal-cea_full-filtered_fr_text_document', 'weight': 7828031.0}, {'name': 'hplt2_fr_text_document_ratio1.30_phase0', 'weight': 70401931.0}, {'name': 'insee_fr_text_document', 'weight': 55377.0}, {'name': 'math-pile_math_text_document', 'weight': 2345197.0}, {'name': 'opendata_fr_text_document', 'weight': 2749409.0}, {'name': 'parlement_fr_text_document', 'weight': 282826.0}, {'name': 'starcoder-data_code_text_document', 'weight': 62922795.0}, {'name': 'theses_fr_text_document', 'weight': 3239718.0}, {'name': 'wikimedia-vikidia_ar_text_document', 'weight': 265451.0}, {'name': 'wikimedia-vikidia_ca_text_document_ratio0.20_phase0', 'weight': 58530.0}, {'name': 'wikimedia-vikidia_de_text_document', 'weight': 1098595.0}, {'name': 'wikimedia-vikidia_en_text_document', 'weight': 2882825.0}, {'name': 'wikimedia-vikidia_es_text_document', 'weight': 631843.0}, {'name': 'wikimedia-vikidia_fr_text_document', 'weight': 1276052.0}, {'name': 'wikimedia-vikidia_it_text_document', 'weight': 654077.0}, {'name': 'wikimedia-vikidia_pt_text_document', 'weight': 304392.0}, {'name': 'wikimedia-vikidia_regional_text_document', 'weight': 119234.0}, {'name': 'wikimedia_nl_text_document', 'weight': 345319.0}, {'name': 'youtube_fr_text_document', 'weight': 76194.0}]}
INFO:__main__:Using CLI tokenizer override: /work/p26037/barman/tokenizer_128k-arab-regional_v2
INFO:__main__:Global batch size: 1024
INFO:__main__:Sequence length: 4096
INFO:__main__:Tokens per batch: 4194304
INFO:__main__:Total tokens in datamix: 3002228277248
INFO:__main__:Global training/LR horizon (from --max_steps): 715788
INFO:__main__:Patched megatron.core.optimizer (accepted params: {'no_weight_decay_cond', 'model_chunks', 'lr_mult', 'config', 'scale_lr_cond', 'use_gloo_process_groups'})
INFO:utils:{'data_path': '/work/datasets/AI/tokens_luciole_phase1', 'total_tokens': 3002228277248, 'train': [{'name': 'claire_open_en_text_document', 'weight': 29003.0}, {'name': 'claire_open_fr_text_document', 'weight': 92129.0}, {'name': 'common-corpus_bnl-newspapers-1841-1879_fr_text_document', 'weight': 66237.0}, {'name': 'common-corpus_eurlex_multi_text_document', 'weight': 3601664.0}, {'name': 'common-corpus_gatt-library_multi_text_document', 'weight': 41322.0}, {'name': 'common-corpus_oecd_multi_text_document', 'weight': 121969.0}, {'name': 'common-corpus_tedeutenders_multi_text_document', 'weight': 31276.0}, {'name': 'common-corpus_wto_multi_text_document', 'weight': 577279.0}, {'name': 'common-pile_arxiv-abstracts_en_text_document', 'weight': 140138.0}, {'name': 'common-pile_arxiv-papers_en_text_document', 'weight': 1299034.0}, {'name': 'common-pile_biodiversity-heritage-library_en_text_document', 'weight': 107772.0}, {'name': 'common-pile_caselaw-access-project_en_text_document', 'weight': 929697.0}, {'name': 'common-pile_doab_en_text_document', 'weight': 712786.0}, {'name': 'common-pile_foodista_en_text_document', 'weight': 5603.0}, {'name': 'common-pile_github-archive_en_text_document', 'weight': 2244221.0}, {'name': 'common-pile_library-of-congress_en_text_document', 'weight': 101533.0}, {'name': 'common-pile_libretexts_en_text_document', 'weight': 21049.0}, {'name': 'common-pile_news_en_text_document', 'weight': 14354.0}, {'name': 'common-pile_oercommons_en_text_document', 'weight': 2748.0}, {'name': 'common-pile_peS2o_en_text_document', 'weight': 10166525.0}, {'name': 'common-pile_pre-1929-books_en_text_document', 'weight': 531517.0}, {'name': 'common-pile_pressbooks_en_text_document', 'weight': 31891.0}, {'name': 'common-pile_public-domain-review_en_text_document', 'weight': 382.0}, {'name': 'common-pile_pubmed_en_text_document', 'weight': 1869301.0}, {'name': 'common-pile_python-enhancement-proposals_en_text_document', 'weight': 652.0}, {'name': 'common-pile_regulations_en_text_document', 'weight': 266173.0}, {'name': 'common-pile_stackexchange_en_text_document', 'weight': 4985359.0}, {'name': 'common-pile_ubuntu-irc_en_text_document', 'weight': 482830.0}, {'name': 'common-pile_youtube_en_text_document', 'weight': 204765.0}, {'name': 'croissant-aligned_aligned_text_document', 'weight': 11618464.0}, {'name': 'culturax_fr_text_document_ratio1.30_phase0', 'weight': 57012131.0}, {'name': 'dclm-dolmino_en_text_document_ratio0.75_phase0', 'weight': 93003263.0}, {'name': 'europarl_aligned_text_document', 'weight': 215607.0}, {'name': 'europarl_multi_text_document', 'weight': 99752.0}, {'name': 'eurovoc_filtered_multi_text_document', 'weight': 2150091.0}, {'name': 'fineweb-edu_en_text_document_ratio0.75_phase0', 'weight': 214754282.0}, {'name': 'fineweb2_ar_text_document_ratio0.50_phase0', 'weight': 3350461.0}, {'name': 'fineweb2_ca_text_document_ratio0.05_phase0', 'weight': 92529.0}, {'name': 'fineweb2_de_text_document_ratio0.50_phase0', 'weight': 27173931.0}, {'name': 'fineweb2_es_text_document_ratio0.50_phase0', 'weight': 24393496.0}, {'name': 'fineweb2_fr_text_document_ratio1.30_phase0', 'weight': 50038822.0}, {'name': 'fineweb2_it_text_document_ratio0.50_phase0', 'weight': 13377940.0}, {'name': 'fineweb2_nl_text_document_ratio0.50_phase0', 'weight': 7435763.0}, {'name': 'fineweb2_pt_text_document_ratio0.50_phase0', 'weight': 9800040.0}, {'name': 'fineweb2_regional_text_document', 'weight': 2132152.0}, {'name': 'gallica_monographies_fr_text_document', 'weight': 5842786.0}, {'name': 'gallica_press_fr_text_document', 'weight': 22850320.0}, {'name': 'gutenberg_de_text_document', 'weight': 42330.0}, {'name': 'gutenberg_en_text_document', 'weight': 1187655.0}, {'name': 'gutenberg_es_text_document', 'weight': 21778.0}, {'name': 'gutenberg_fr_text_document', 'weight': 91991.0}, {'name': 'gutenberg_it_text_document', 'weight': 29909.0}, {'name': 'gutenberg_nl_text_document', 'weight': 24430.0}, {'name': 'gutenberg_pt_text_document', 'weight': 9241.0}, {'name': 'hal-cea_full-filtered_fr_text_document', 'weight': 7828031.0}, {'name': 'hplt2_fr_text_document_ratio1.30_phase0', 'weight': 70401931.0}, {'name': 'insee_fr_text_document', 'weight': 55377.0}, {'name': 'math-pile_math_text_document', 'weight': 2345197.0}, {'name': 'opendata_fr_text_document', 'weight': 2749409.0}, {'name': 'parlement_fr_text_document', 'weight': 282826.0}, {'name': 'starcoder-data_code_text_document', 'weight': 62922795.0}, {'name': 'theses_fr_text_document', 'weight': 3239718.0}, {'name': 'wikimedia-vikidia_ar_text_document', 'weight': 265451.0}, {'name': 'wikimedia-vikidia_ca_text_document_ratio0.20_phase0', 'weight': 58530.0}, {'name': 'wikimedia-vikidia_de_text_document', 'weight': 1098595.0}, {'name': 'wikimedia-vikidia_en_text_document', 'weight': 2882825.0}, {'name': 'wikimedia-vikidia_es_text_document', 'weight': 631843.0}, {'name': 'wikimedia-vikidia_fr_text_document', 'weight': 1276052.0}, {'name': 'wikimedia-vikidia_it_text_document', 'weight': 654077.0}, {'name': 'wikimedia-vikidia_pt_text_document', 'weight': 304392.0}, {'name': 'wikimedia-vikidia_regional_text_document', 'weight': 119234.0}, {'name': 'wikimedia_nl_text_document', 'weight': 345319.0}, {'name': 'youtube_fr_text_document', 'weight': 76194.0}]}
INFO:__main__:Using CLI tokenizer override: /work/p26037/barman/tokenizer_128k-arab-regional_v2
INFO:__main__:Global batch size: 1024
INFO:__main__:Sequence length: 4096
INFO:__main__:Tokens per batch: 4194304
INFO:__main__:Total tokens in datamix: 3002228277248
INFO:__main__:Global training/LR horizon (from --max_steps): 715788
INFO:__main__:Patched megatron.core.optimizer (accepted params: {'scale_lr_cond', 'no_weight_decay_cond', 'model_chunks', 'config', 'use_gloo_process_groups', 'lr_mult'})
INFO:utils:{'data_path': '/work/datasets/AI/tokens_luciole_phase1', 'total_tokens': 3002228277248, 'train': [{'name': 'claire_open_en_text_document', 'weight': 29003.0}, {'name': 'claire_open_fr_text_document', 'weight': 92129.0}, {'name': 'common-corpus_bnl-newspapers-1841-1879_fr_text_document', 'weight': 66237.0}, {'name': 'common-corpus_eurlex_multi_text_document', 'weight': 3601664.0}, {'name': 'common-corpus_gatt-library_multi_text_document', 'weight': 41322.0}, {'name': 'common-corpus_oecd_multi_text_document', 'weight': 121969.0}, {'name': 'common-corpus_tedeutenders_multi_text_document', 'weight': 31276.0}, {'name': 'common-corpus_wto_multi_text_document', 'weight': 577279.0}, {'name': 'common-pile_arxiv-abstracts_en_text_document', 'weight': 140138.0}, {'name': 'common-pile_arxiv-papers_en_text_document', 'weight': 1299034.0}, {'name': 'common-pile_biodiversity-heritage-library_en_text_document', 'weight': 107772.0}, {'name': 'common-pile_caselaw-access-project_en_text_document', 'weight': 929697.0}, {'name': 'common-pile_doab_en_text_document', 'weight': 712786.0}, {'name': 'common-pile_foodista_en_text_document', 'weight': 5603.0}, {'name': 'common-pile_github-archive_en_text_document', 'weight': 2244221.0}, {'name': 'common-pile_library-of-congress_en_text_document', 'weight': 101533.0}, {'name': 'common-pile_libretexts_en_text_document', 'weight': 21049.0}, {'name': 'common-pile_news_en_text_document', 'weight': 14354.0}, {'name': 'common-pile_oercommons_en_text_document', 'weight': 2748.0}, {'name': 'common-pile_peS2o_en_text_document', 'weight': 10166525.0}, {'name': 'common-pile_pre-1929-books_en_text_document', 'weight': 531517.0}, {'name': 'common-pile_pressbooks_en_text_document', 'weight': 31891.0}, {'name': 'common-pile_public-domain-review_en_text_document', 'weight': 382.0}, {'name': 'common-pile_pubmed_en_text_document', 'weight': 1869301.0}, {'name': 'common-pile_python-enhancement-proposals_en_text_document', 'weight': 652.0}, {'name': 'common-pile_regulations_en_text_document', 'weight': 266173.0}, {'name': 'common-pile_stackexchange_en_text_document', 'weight': 4985359.0}, {'name': 'common-pile_ubuntu-irc_en_text_document', 'weight': 482830.0}, {'name': 'common-pile_youtube_en_text_document', 'weight': 204765.0}, {'name': 'croissant-aligned_aligned_text_document', 'weight': 11618464.0}, {'name': 'culturax_fr_text_document_ratio1.30_phase0', 'weight': 57012131.0}, {'name': 'dclm-dolmino_en_text_document_ratio0.75_phase0', 'weight': 93003263.0}, {'name': 'europarl_aligned_text_document', 'weight': 215607.0}, {'name': 'europarl_multi_text_document', 'weight': 99752.0}, {'name': 'eurovoc_filtered_multi_text_document', 'weight': 2150091.0}, {'name': 'fineweb-edu_en_text_document_ratio0.75_phase0', 'weight': 214754282.0}, {'name': 'fineweb2_ar_text_document_ratio0.50_phase0', 'weight': 3350461.0}, {'name': 'fineweb2_ca_text_document_ratio0.05_phase0', 'weight': 92529.0}, {'name': 'fineweb2_de_text_document_ratio0.50_phase0', 'weight': 27173931.0}, {'name': 'fineweb2_es_text_document_ratio0.50_phase0', 'weight': 24393496.0}, {'name': 'fineweb2_fr_text_document_ratio1.30_phase0', 'weight': 50038822.0}, {'name': 'fineweb2_it_text_document_ratio0.50_phase0', 'weight': 13377940.0}, {'name': 'fineweb2_nl_text_document_ratio0.50_phase0', 'weight': 7435763.0}, {'name': 'fineweb2_pt_text_document_ratio0.50_phase0', 'weight': 9800040.0}, {'name': 'fineweb2_regional_text_document', 'weight': 2132152.0}, {'name': 'gallica_monographies_fr_text_document', 'weight': 5842786.0}, {'name': 'gallica_press_fr_text_document', 'weight': 22850320.0}, {'name': 'gutenberg_de_text_document', 'weight': 42330.0}, {'name': 'gutenberg_en_text_document', 'weight': 1187655.0}, {'name': 'gutenberg_es_text_document', 'weight': 21778.0}, {'name': 'gutenberg_fr_text_document', 'weight': 91991.0}, {'name': 'gutenberg_it_text_document', 'weight': 29909.0}, {'name': 'gutenberg_nl_text_document', 'weight': 24430.0}, {'name': 'gutenberg_pt_text_document', 'weight': 9241.0}, {'name': 'hal-cea_full-filtered_fr_text_document', 'weight': 7828031.0}, {'name': 'hplt2_fr_text_document_ratio1.30_phase0', 'weight': 70401931.0}, {'name': 'insee_fr_text_document', 'weight': 55377.0}, {'name': 'math-pile_math_text_document', 'weight': 2345197.0}, {'name': 'opendata_fr_text_document', 'weight': 2749409.0}, {'name': 'parlement_fr_text_document', 'weight': 282826.0}, {'name': 'starcoder-data_code_text_document', 'weight': 62922795.0}, {'name': 'theses_fr_text_document', 'weight': 3239718.0}, {'name': 'wikimedia-vikidia_ar_text_document', 'weight': 265451.0}, {'name': 'wikimedia-vikidia_ca_text_document_ratio0.20_phase0', 'weight': 58530.0}, {'name': 'wikimedia-vikidia_de_text_document', 'weight': 1098595.0}, {'name': 'wikimedia-vikidia_en_text_document', 'weight': 2882825.0}, {'name': 'wikimedia-vikidia_es_text_document', 'weight': 631843.0}, {'name': 'wikimedia-vikidia_fr_text_document', 'weight': 1276052.0}, {'name': 'wikimedia-vikidia_it_text_document', 'weight': 654077.0}, {'name': 'wikimedia-vikidia_pt_text_document', 'weight': 304392.0}, {'name': 'wikimedia-vikidia_regional_text_document', 'weight': 119234.0}, {'name': 'wikimedia_nl_text_document', 'weight': 345319.0}, {'name': 'youtube_fr_text_document', 'weight': 76194.0}]}
INFO:__main__:Using CLI tokenizer override: /work/p26037/barman/tokenizer_128k-arab-regional_v2
INFO:__main__:Global batch size: 1024
INFO:__main__:Sequence length: 4096
INFO:__main__:Tokens per batch: 4194304
INFO:__main__:Total tokens in datamix: 3002228277248
INFO:__main__:Global training/LR horizon (from --max_steps): 715788
INFO:__main__:Patched megatron.core.optimizer (accepted params: {'use_gloo_process_groups', 'config', 'no_weight_decay_cond', 'scale_lr_cond', 'model_chunks', 'lr_mult'})
[NeMo I 2026-03-31 03:14:17 nemo_logging:393] Getting HuggingFace AutoTokenizer with pretrained_model_name: /work/p26037/barman/tokenizer_128k-arab-regional_v2, vocab_file: None, merges_files: None, special_tokens_dict: {}, and use_fast: True
INFO:__main__:LR scheduler max_steps = 715788, warmup_steps = 2000, min_lr = 2.9999999999999997e-05
INFO:__main__:Skipping Triton warmup (--skip_triton_warmup).
INFO:__main__:SSA Triton: Using fused Triton SSA FlashAttention triton (n=1.50, b=0.80, compiled_bda=True)
INFO:__main__:SSA Triton: force_contiguous_qkv=True
INFO:__main__:SSA Triton: Using fused Triton SSA FlashAttention triton (n=1.50, b=0.80, compiled_bda=True)
INFO:__main__:SSA Triton: force_contiguous_qkv=True
INFO:__main__:SSA Triton: Using fused Triton SSA FlashAttention triton (n=1.50, b=0.80, compiled_bda=True)
INFO:__main__:SSA Triton: force_contiguous_qkv=True
INFO:__main__:SSA Triton: Using fused Triton SSA FlashAttention triton (n=1.50, b=0.80, compiled_bda=True)
INFO:__main__:SSA Triton: force_contiguous_qkv=True
INFO:__main__:Detected checkpoint at step 26999
INFO:__main__:Continuing to absolute trainer.max_steps = 715788 (remaining this run: 688789 steps)
INFO:__main__:Detected checkpoint at step 26999
INFO:__main__:Continuing to absolute trainer.max_steps = 715788 (remaining this run: 688789 steps)
INFO:__main__:Detected checkpoint at step 26999
INFO:__main__:Continuing to absolute trainer.max_steps = 715788 (remaining this run: 688789 steps)
INFO:__main__:Detected checkpoint at step 26999
INFO:__main__:Continuing to absolute trainer.max_steps = 715788 (remaining this run: 688789 steps)
INFO:utils:{'data_path': '/work/datasets/AI/tokens_luciole_phase1', 'total_tokens': 3002228277248, 'train': [{'name': 'claire_open_en_text_document', 'weight': 29003.0}, {'name': 'claire_open_fr_text_document', 'weight': 92129.0}, {'name': 'common-corpus_bnl-newspapers-1841-1879_fr_text_document', 'weight': 66237.0}, {'name': 'common-corpus_eurlex_multi_text_document', 'weight': 3601664.0}, {'name': 'common-corpus_gatt-library_multi_text_document', 'weight': 41322.0}, {'name': 'common-corpus_oecd_multi_text_document', 'weight': 121969.0}, {'name': 'common-corpus_tedeutenders_multi_text_document', 'weight': 31276.0}, {'name': 'common-corpus_wto_multi_text_document', 'weight': 577279.0}, {'name': 'common-pile_arxiv-abstracts_en_text_document', 'weight': 140138.0}, {'name': 'common-pile_arxiv-papers_en_text_document', 'weight': 1299034.0}, {'name': 'common-pile_biodiversity-heritage-library_en_text_document', 'weight': 107772.0}, {'name': 'common-pile_caselaw-access-project_en_text_document', 'weight': 929697.0}, {'name': 'common-pile_doab_en_text_document', 'weight': 712786.0}, {'name': 'common-pile_foodista_en_text_document', 'weight': 5603.0}, {'name': 'common-pile_github-archive_en_text_document', 'weight': 2244221.0}, {'name': 'common-pile_library-of-congress_en_text_document', 'weight': 101533.0}, {'name': 'common-pile_libretexts_en_text_document', 'weight': 21049.0}, {'name': 'common-pile_news_en_text_document', 'weight': 14354.0}, {'name': 'common-pile_oercommons_en_text_document', 'weight': 2748.0}, {'name': 'common-pile_peS2o_en_text_document', 'weight': 10166525.0}, {'name': 'common-pile_pre-1929-books_en_text_document', 'weight': 531517.0}, {'name': 'common-pile_pressbooks_en_text_document', 'weight': 31891.0}, {'name': 'common-pile_public-domain-review_en_text_document', 'weight': 382.0}, {'name': 'common-pile_pubmed_en_text_document', 'weight': 1869301.0}, {'name': 'common-pile_python-enhancement-proposals_en_text_document', 'weight': 652.0}, {'name': 'common-pile_regulations_en_text_document', 'weight': 266173.0}, {'name': 'common-pile_stackexchange_en_text_document', 'weight': 4985359.0}, {'name': 'common-pile_ubuntu-irc_en_text_document', 'weight': 482830.0}, {'name': 'common-pile_youtube_en_text_document', 'weight': 204765.0}, {'name': 'croissant-aligned_aligned_text_document', 'weight': 11618464.0}, {'name': 'culturax_fr_text_document_ratio1.30_phase0', 'weight': 57012131.0}, {'name': 'dclm-dolmino_en_text_document_ratio0.75_phase0', 'weight': 93003263.0}, {'name': 'europarl_aligned_text_document', 'weight': 215607.0}, {'name': 'europarl_multi_text_document', 'weight': 99752.0}, {'name': 'eurovoc_filtered_multi_text_document', 'weight': 2150091.0}, {'name': 'fineweb-edu_en_text_document_ratio0.75_phase0', 'weight': 214754282.0}, {'name': 'fineweb2_ar_text_document_ratio0.50_phase0', 'weight': 3350461.0}, {'name': 'fineweb2_ca_text_document_ratio0.05_phase0', 'weight': 92529.0}, {'name': 'fineweb2_de_text_document_ratio0.50_phase0', 'weight': 27173931.0}, {'name': 'fineweb2_es_text_document_ratio0.50_phase0', 'weight': 24393496.0}, {'name': 'fineweb2_fr_text_document_ratio1.30_phase0', 'weight': 50038822.0}, {'name': 'fineweb2_it_text_document_ratio0.50_phase0', 'weight': 13377940.0}, {'name': 'fineweb2_nl_text_document_ratio0.50_phase0', 'weight': 7435763.0}, {'name': 'fineweb2_pt_text_document_ratio0.50_phase0', 'weight': 9800040.0}, {'name': 'fineweb2_regional_text_document', 'weight': 2132152.0}, {'name': 'gallica_monographies_fr_text_document', 'weight': 5842786.0}, {'name': 'gallica_press_fr_text_document', 'weight': 22850320.0}, {'name': 'gutenberg_de_text_document', 'weight': 42330.0}, {'name': 'gutenberg_en_text_document', 'weight': 1187655.0}, {'name': 'gutenberg_es_text_document', 'weight': 21778.0}, {'name': 'gutenberg_fr_text_document', 'weight': 91991.0}, {'name': 'gutenberg_it_text_document', 'weight': 29909.0}, {'name': 'gutenberg_nl_text_document', 'weight': 24430.0}, {'name': 'gutenberg_pt_text_document', 'weight': 9241.0}, {'name': 'hal-cea_full-filtered_fr_text_document', 'weight': 7828031.0}, {'name': 'hplt2_fr_text_document_ratio1.30_phase0', 'weight': 70401931.0}, {'name': 'insee_fr_text_document', 'weight': 55377.0}, {'name': 'math-pile_math_text_document', 'weight': 2345197.0}, {'name': 'opendata_fr_text_document', 'weight': 2749409.0}, {'name': 'parlement_fr_text_document', 'weight': 282826.0}, {'name': 'starcoder-data_code_text_document', 'weight': 62922795.0}, {'name': 'theses_fr_text_document', 'weight': 3239718.0}, {'name': 'wikimedia-vikidia_ar_text_document', 'weight': 265451.0}, {'name': 'wikimedia-vikidia_ca_text_document_ratio0.20_phase0', 'weight': 58530.0}, {'name': 'wikimedia-vikidia_de_text_document', 'weight': 1098595.0}, {'name': 'wikimedia-vikidia_en_text_document', 'weight': 2882825.0}, {'name': 'wikimedia-vikidia_es_text_document', 'weight': 631843.0}, {'name': 'wikimedia-vikidia_fr_text_document', 'weight': 1276052.0}, {'name': 'wikimedia-vikidia_it_text_document', 'weight': 654077.0}, {'name': 'wikimedia-vikidia_pt_text_document', 'weight': 304392.0}, {'name': 'wikimedia-vikidia_regional_text_document', 'weight': 119234.0}, {'name': 'wikimedia_nl_text_document', 'weight': 345319.0}, {'name': 'youtube_fr_text_document', 'weight': 76194.0}]}
INFO:__main__:Using CLI tokenizer override: /work/p26037/barman/tokenizer_128k-arab-regional_v2
INFO:__main__:Global batch size: 1024
INFO:__main__:Sequence length: 4096
INFO:__main__:Tokens per batch: 4194304
INFO:__main__:Total tokens in datamix: 3002228277248
INFO:__main__:Global training/LR horizon (from --max_steps): 715788
INFO:__main__:Patched megatron.core.optimizer (accepted params: {'no_weight_decay_cond', 'lr_mult', 'scale_lr_cond', 'use_gloo_process_groups', 'model_chunks', 'config'})
INFO:utils:{'data_path': '/work/datasets/AI/tokens_luciole_phase1', 'total_tokens': 3002228277248, 'train': [{'name': 'claire_open_en_text_document', 'weight': 29003.0}, {'name': 'claire_open_fr_text_document', 'weight': 92129.0}, {'name': 'common-corpus_bnl-newspapers-1841-1879_fr_text_document', 'weight': 66237.0}, {'name': 'common-corpus_eurlex_multi_text_document', 'weight': 3601664.0}, {'name': 'common-corpus_gatt-library_multi_text_document', 'weight': 41322.0}, {'name': 'common-corpus_oecd_multi_text_document', 'weight': 121969.0}, {'name': 'common-corpus_tedeutenders_multi_text_document', 'weight': 31276.0}, {'name': 'common-corpus_wto_multi_text_document', 'weight': 577279.0}, {'name': 'common-pile_arxiv-abstracts_en_text_document', 'weight': 140138.0}, {'name': 'common-pile_arxiv-papers_en_text_document', 'weight': 1299034.0}, {'name': 'common-pile_biodiversity-heritage-library_en_text_document', 'weight': 107772.0}, {'name': 'common-pile_caselaw-access-project_en_text_document', 'weight': 929697.0}, {'name': 'common-pile_doab_en_text_document', 'weight': 712786.0}, {'name': 'common-pile_foodista_en_text_document', 'weight': 5603.0}, {'name': 'common-pile_github-archive_en_text_document', 'weight': 2244221.0}, {'name': 'common-pile_library-of-congress_en_text_document', 'weight': 101533.0}, {'name': 'common-pile_libretexts_en_text_document', 'weight': 21049.0}, {'name': 'common-pile_news_en_text_document', 'weight': 14354.0}, {'name': 'common-pile_oercommons_en_text_document', 'weight': 2748.0}, {'name': 'common-pile_peS2o_en_text_document', 'weight': 10166525.0}, {'name': 'common-pile_pre-1929-books_en_text_document', 'weight': 531517.0}, {'name': 'common-pile_pressbooks_en_text_document', 'weight': 31891.0}, {'name': 'common-pile_public-domain-review_en_text_document', 'weight': 382.0}, {'name': 'common-pile_pubmed_en_text_document', 'weight': 1869301.0}, {'name': 'common-pile_python-enhancement-proposals_en_text_document', 'weight': 652.0}, {'name': 'common-pile_regulations_en_text_document', 'weight': 266173.0}, {'name': 'common-pile_stackexchange_en_text_document', 'weight': 4985359.0}, {'name': 'common-pile_ubuntu-irc_en_text_document', 'weight': 482830.0}, {'name': 'common-pile_youtube_en_text_document', 'weight': 204765.0}, {'name': 'croissant-aligned_aligned_text_document', 'weight': 11618464.0}, {'name': 'culturax_fr_text_document_ratio1.30_phase0', 'weight': 57012131.0}, {'name': 'dclm-dolmino_en_text_document_ratio0.75_phase0', 'weight': 93003263.0}, {'name': 'europarl_aligned_text_document', 'weight': 215607.0}, {'name': 'europarl_multi_text_document', 'weight': 99752.0}, {'name': 'eurovoc_filtered_multi_text_document', 'weight': 2150091.0}, {'name': 'fineweb-edu_en_text_document_ratio0.75_phase0', 'weight': 214754282.0}, {'name': 'fineweb2_ar_text_document_ratio0.50_phase0', 'weight': 3350461.0}, {'name': 'fineweb2_ca_text_document_ratio0.05_phase0', 'weight': 92529.0}, {'name': 'fineweb2_de_text_document_ratio0.50_phase0', 'weight': 27173931.0}, {'name': 'fineweb2_es_text_document_ratio0.50_phase0', 'weight': 24393496.0}, {'name': 'fineweb2_fr_text_document_ratio1.30_phase0', 'weight': 50038822.0}, {'name': 'fineweb2_it_text_document_ratio0.50_phase0', 'weight': 13377940.0}, {'name': 'fineweb2_nl_text_document_ratio0.50_phase0', 'weight': 7435763.0}, {'name': 'fineweb2_pt_text_document_ratio0.50_phase0', 'weight': 9800040.0}, {'name': 'fineweb2_regional_text_document', 'weight': 2132152.0}, {'name': 'gallica_monographies_fr_text_document', 'weight': 5842786.0}, {'name': 'gallica_press_fr_text_document', 'weight': 22850320.0}, {'name': 'gutenberg_de_text_document', 'weight': 42330.0}, {'name': 'gutenberg_en_text_document', 'weight': 1187655.0}, {'name': 'gutenberg_es_text_document', 'weight': 21778.0}, {'name': 'gutenberg_fr_text_document', 'weight': 91991.0}, {'name': 'gutenberg_it_text_document', 'weight': 29909.0}, {'name': 'gutenberg_nl_text_document', 'weight': 24430.0}, {'name': 'gutenberg_pt_text_document', 'weight': 9241.0}, {'name': 'hal-cea_full-filtered_fr_text_document', 'weight': 7828031.0}, {'name': 'hplt2_fr_text_document_ratio1.30_phase0', 'weight': 70401931.0}, {'name': 'insee_fr_text_document', 'weight': 55377.0}, {'name': 'math-pile_math_text_document', 'weight': 2345197.0}, {'name': 'opendata_fr_text_document', 'weight': 2749409.0}, {'name': 'parlement_fr_text_document', 'weight': 282826.0}, {'name': 'starcoder-data_code_text_document', 'weight': 62922795.0}, {'name': 'theses_fr_text_document', 'weight': 3239718.0}, {'name': 'wikimedia-vikidia_ar_text_document', 'weight': 265451.0}, {'name': 'wikimedia-vikidia_ca_text_document_ratio0.20_phase0', 'weight': 58530.0}, {'name': 'wikimedia-vikidia_de_text_document', 'weight': 1098595.0}, {'name': 'wikimedia-vikidia_en_text_document', 'weight': 2882825.0}, {'name': 'wikimedia-vikidia_es_text_document', 'weight': 631843.0}, {'name': 'wikimedia-vikidia_fr_text_document', 'weight': 1276052.0}, {'name': 'wikimedia-vikidia_it_text_document', 'weight': 654077.0}, {'name': 'wikimedia-vikidia_pt_text_document', 'weight': 304392.0}, {'name': 'wikimedia-vikidia_regional_text_document', 'weight': 119234.0}, {'name': 'wikimedia_nl_text_document', 'weight': 345319.0}, {'name': 'youtube_fr_text_document', 'weight': 76194.0}]}
INFO:__main__:Using CLI tokenizer override: /work/p26037/barman/tokenizer_128k-arab-regional_v2
INFO:__main__:Global batch size: 1024
INFO:__main__:Sequence length: 4096
INFO:__main__:Tokens per batch: 4194304
INFO:__main__:Total tokens in datamix: 3002228277248
INFO:__main__:Global training/LR horizon (from --max_steps): 715788
INFO:__main__:Patched megatron.core.optimizer (accepted params: {'config', 'lr_mult', 'use_gloo_process_groups', 'scale_lr_cond', 'no_weight_decay_cond', 'model_chunks'})
INFO:utils:{'data_path': '/work/datasets/AI/tokens_luciole_phase1', 'total_tokens': 3002228277248, 'train': [{'name': 'claire_open_en_text_document', 'weight': 29003.0}, {'name': 'claire_open_fr_text_document', 'weight': 92129.0}, {'name': 'common-corpus_bnl-newspapers-1841-1879_fr_text_document', 'weight': 66237.0}, {'name': 'common-corpus_eurlex_multi_text_document', 'weight': 3601664.0}, {'name': 'common-corpus_gatt-library_multi_text_document', 'weight': 41322.0}, {'name': 'common-corpus_oecd_multi_text_document', 'weight': 121969.0}, {'name': 'common-corpus_tedeutenders_multi_text_document', 'weight': 31276.0}, {'name': 'common-corpus_wto_multi_text_document', 'weight': 577279.0}, {'name': 'common-pile_arxiv-abstracts_en_text_document', 'weight': 140138.0}, {'name': 'common-pile_arxiv-papers_en_text_document', 'weight': 1299034.0}, {'name': 'common-pile_biodiversity-heritage-library_en_text_document', 'weight': 107772.0}, {'name': 'common-pile_caselaw-access-project_en_text_document', 'weight': 929697.0}, {'name': 'common-pile_doab_en_text_document', 'weight': 712786.0}, {'name': 'common-pile_foodista_en_text_document', 'weight': 5603.0}, {'name': 'common-pile_github-archive_en_text_document', 'weight': 2244221.0}, {'name': 'common-pile_library-of-congress_en_text_document', 'weight': 101533.0}, {'name': 'common-pile_libretexts_en_text_document', 'weight': 21049.0}, {'name': 'common-pile_news_en_text_document', 'weight': 14354.0}, {'name': 'common-pile_oercommons_en_text_document', 'weight': 2748.0}, {'name': 'common-pile_peS2o_en_text_document', 'weight': 10166525.0}, {'name': 'common-pile_pre-1929-books_en_text_document', 'weight': 531517.0}, {'name': 'common-pile_pressbooks_en_text_document', 'weight': 31891.0}, {'name': 'common-pile_public-domain-review_en_text_document', 'weight': 382.0}, {'name': 'common-pile_pubmed_en_text_document', 'weight': 1869301.0}, {'name': 'common-pile_python-enhancement-proposals_en_text_document', 'weight': 652.0}, {'name': 'common-pile_regulations_en_text_document', 'weight': 266173.0}, {'name': 'common-pile_stackexchange_en_text_document', 'weight': 4985359.0}, {'name': 'common-pile_ubuntu-irc_en_text_document', 'weight': 482830.0}, {'name': 'common-pile_youtube_en_text_document', 'weight': 204765.0}, {'name': 'croissant-aligned_aligned_text_document', 'weight': 11618464.0}, {'name': 'culturax_fr_text_document_ratio1.30_phase0', 'weight': 57012131.0}, {'name': 'dclm-dolmino_en_text_document_ratio0.75_phase0', 'weight': 93003263.0}, {'name': 'europarl_aligned_text_document', 'weight': 215607.0}, {'name': 'europarl_multi_text_document', 'weight': 99752.0}, {'name': 'eurovoc_filtered_multi_text_document', 'weight': 2150091.0}, {'name': 'fineweb-edu_en_text_document_ratio0.75_phase0', 'weight': 214754282.0}, {'name': 'fineweb2_ar_text_document_ratio0.50_phase0', 'weight': 3350461.0}, {'name': 'fineweb2_ca_text_document_ratio0.05_phase0', 'weight': 92529.0}, {'name': 'fineweb2_de_text_document_ratio0.50_phase0', 'weight': 27173931.0}, {'name': 'fineweb2_es_text_document_ratio0.50_phase0', 'weight': 24393496.0}, {'name': 'fineweb2_fr_text_document_ratio1.30_phase0', 'weight': 50038822.0}, {'name': 'fineweb2_it_text_document_ratio0.50_phase0', 'weight': 13377940.0}, {'name': 'fineweb2_nl_text_document_ratio0.50_phase0', 'weight': 7435763.0}, {'name': 'fineweb2_pt_text_document_ratio0.50_phase0', 'weight': 9800040.0}, {'name': 'fineweb2_regional_text_document', 'weight': 2132152.0}, {'name': 'gallica_monographies_fr_text_document', 'weight': 5842786.0}, {'name': 'gallica_press_fr_text_document', 'weight': 22850320.0}, {'name': 'gutenberg_de_text_document', 'weight': 42330.0}, {'name': 'gutenberg_en_text_document', 'weight': 1187655.0}, {'name': 'gutenberg_es_text_document', 'weight': 21778.0}, {'name': 'gutenberg_fr_text_document', 'weight': 91991.0}, {'name': 'gutenberg_it_text_document', 'weight': 29909.0}, {'name': 'gutenberg_nl_text_document', 'weight': 24430.0}, {'name': 'gutenberg_pt_text_document', 'weight': 9241.0}, {'name': 'hal-cea_full-filtered_fr_text_document', 'weight': 7828031.0}, {'name': 'hplt2_fr_text_document_ratio1.30_phase0', 'weight': 70401931.0}, {'name': 'insee_fr_text_document', 'weight': 55377.0}, {'name': 'math-pile_math_text_document', 'weight': 2345197.0}, {'name': 'opendata_fr_text_document', 'weight': 2749409.0}, {'name': 'parlement_fr_text_document', 'weight': 282826.0}, {'name': 'starcoder-data_code_text_document', 'weight': 62922795.0}, {'name': 'theses_fr_text_document', 'weight': 3239718.0}, {'name': 'wikimedia-vikidia_ar_text_document', 'weight': 265451.0}, {'name': 'wikimedia-vikidia_ca_text_document_ratio0.20_phase0', 'weight': 58530.0}, {'name': 'wikimedia-vikidia_de_text_document', 'weight': 1098595.0}, {'name': 'wikimedia-vikidia_en_text_document', 'weight': 2882825.0}, {'name': 'wikimedia-vikidia_es_text_document', 'weight': 631843.0}, {'name': 'wikimedia-vikidia_fr_text_document', 'weight': 1276052.0}, {'name': 'wikimedia-vikidia_it_text_document', 'weight': 654077.0}, {'name': 'wikimedia-vikidia_pt_text_document', 'weight': 304392.0}, {'name': 'wikimedia-vikidia_regional_text_document', 'weight': 119234.0}, {'name': 'wikimedia_nl_text_document', 'weight': 345319.0}, {'name': 'youtube_fr_text_document', 'weight': 76194.0}]}
INFO:__main__:Using CLI tokenizer override: /work/p26037/barman/tokenizer_128k-arab-regional_v2
INFO:__main__:Global batch size: 1024
INFO:__main__:Sequence length: 4096
INFO:__main__:Tokens per batch: 4194304
INFO:__main__:Total tokens in datamix: 3002228277248
INFO:__main__:Global training/LR horizon (from --max_steps): 715788
INFO:__main__:Patched megatron.core.optimizer (accepted params: {'scale_lr_cond', 'no_weight_decay_cond', 'lr_mult', 'use_gloo_process_groups', 'model_chunks', 'config'})
INFO:utils:{'data_path': '/work/datasets/AI/tokens_luciole_phase1', 'total_tokens': 3002228277248, 'train': [{'name': 'claire_open_en_text_document', 'weight': 29003.0}, {'name': 'claire_open_fr_text_document', 'weight': 92129.0}, {'name': 'common-corpus_bnl-newspapers-1841-1879_fr_text_document', 'weight': 66237.0}, {'name': 'common-corpus_eurlex_multi_text_document', 'weight': 3601664.0}, {'name': 'common-corpus_gatt-library_multi_text_document', 'weight': 41322.0}, {'name': 'common-corpus_oecd_multi_text_document', 'weight': 121969.0}, {'name': 'common-corpus_tedeutenders_multi_text_document', 'weight': 31276.0}, {'name': 'common-corpus_wto_multi_text_document', 'weight': 577279.0}, {'name': 'common-pile_arxiv-abstracts_en_text_document', 'weight': 140138.0}, {'name': 'common-pile_arxiv-papers_en_text_document', 'weight': 1299034.0}, {'name': 'common-pile_biodiversity-heritage-library_en_text_document', 'weight': 107772.0}, {'name': 'common-pile_caselaw-access-project_en_text_document', 'weight': 929697.0}, {'name': 'common-pile_doab_en_text_document', 'weight': 712786.0}, {'name': 'common-pile_foodista_en_text_document', 'weight': 5603.0}, {'name': 'common-pile_github-archive_en_text_document', 'weight': 2244221.0}, {'name': 'common-pile_library-of-congress_en_text_document', 'weight': 101533.0}, {'name': 'common-pile_libretexts_en_text_document', 'weight': 21049.0}, {'name': 'common-pile_news_en_text_document', 'weight': 14354.0}, {'name': 'common-pile_oercommons_en_text_document', 'weight': 2748.0}, {'name': 'common-pile_peS2o_en_text_document', 'weight': 10166525.0}, {'name': 'common-pile_pre-1929-books_en_text_document', 'weight': 531517.0}, {'name': 'common-pile_pressbooks_en_text_document', 'weight': 31891.0}, {'name': 'common-pile_public-domain-review_en_text_document', 'weight': 382.0}, {'name': 'common-pile_pubmed_en_text_document', 'weight': 1869301.0}, {'name': 'common-pile_python-enhancement-proposals_en_text_document', 'weight': 652.0}, {'name': 'common-pile_regulations_en_text_document', 'weight': 266173.0}, {'name': 'common-pile_stackexchange_en_text_document', 'weight': 4985359.0}, {'name': 'common-pile_ubuntu-irc_en_text_document', 'weight': 482830.0}, {'name': 'common-pile_youtube_en_text_document', 'weight': 204765.0}, {'name': 'croissant-aligned_aligned_text_document', 'weight': 11618464.0}, {'name': 'culturax_fr_text_document_ratio1.30_phase0', 'weight': 57012131.0}, {'name': 'dclm-dolmino_en_text_document_ratio0.75_phase0', 'weight': 93003263.0}, {'name': 'europarl_aligned_text_document', 'weight': 215607.0}, {'name': 'europarl_multi_text_document', 'weight': 99752.0}, {'name': 'eurovoc_filtered_multi_text_document', 'weight': 2150091.0}, {'name': 'fineweb-edu_en_text_document_ratio0.75_phase0', 'weight': 214754282.0}, {'name': 'fineweb2_ar_text_document_ratio0.50_phase0', 'weight': 3350461.0}, {'name': 'fineweb2_ca_text_document_ratio0.05_phase0', 'weight': 92529.0}, {'name': 'fineweb2_de_text_document_ratio0.50_phase0', 'weight': 27173931.0}, {'name': 'fineweb2_es_text_document_ratio0.50_phase0', 'weight': 24393496.0}, {'name': 'fineweb2_fr_text_document_ratio1.30_phase0', 'weight': 50038822.0}, {'name': 'fineweb2_it_text_document_ratio0.50_phase0', 'weight': 13377940.0}, {'name': 'fineweb2_nl_text_document_ratio0.50_phase0', 'weight': 7435763.0}, {'name': 'fineweb2_pt_text_document_ratio0.50_phase0', 'weight': 9800040.0}, {'name': 'fineweb2_regional_text_document', 'weight': 2132152.0}, {'name': 'gallica_monographies_fr_text_document', 'weight': 5842786.0}, {'name': 'gallica_press_fr_text_document', 'weight': 22850320.0}, {'name': 'gutenberg_de_text_document', 'weight': 42330.0}, {'name': 'gutenberg_en_text_document', 'weight': 1187655.0}, {'name': 'gutenberg_es_text_document', 'weight': 21778.0}, {'name': 'gutenberg_fr_text_document', 'weight': 91991.0}, {'name': 'gutenberg_it_text_document', 'weight': 29909.0}, {'name': 'gutenberg_nl_text_document', 'weight': 24430.0}, {'name': 'gutenberg_pt_text_document', 'weight': 9241.0}, {'name': 'hal-cea_full-filtered_fr_text_document', 'weight': 7828031.0}, {'name': 'hplt2_fr_text_document_ratio1.30_phase0', 'weight': 70401931.0}, {'name': 'insee_fr_text_document', 'weight': 55377.0}, {'name': 'math-pile_math_text_document', 'weight': 2345197.0}, {'name': 'opendata_fr_text_document', 'weight': 2749409.0}, {'name': 'parlement_fr_text_document', 'weight': 282826.0}, {'name': 'starcoder-data_code_text_document', 'weight': 62922795.0}, {'name': 'theses_fr_text_document', 'weight': 3239718.0}, {'name': 'wikimedia-vikidia_ar_text_document', 'weight': 265451.0}, {'name': 'wikimedia-vikidia_ca_text_document_ratio0.20_phase0', 'weight': 58530.0}, {'name': 'wikimedia-vikidia_de_text_document', 'weight': 1098595.0}, {'name': 'wikimedia-vikidia_en_text_document', 'weight': 2882825.0}, {'name': 'wikimedia-vikidia_es_text_document', 'weight': 631843.0}, {'name': 'wikimedia-vikidia_fr_text_document', 'weight': 1276052.0}, {'name': 'wikimedia-vikidia_it_text_document', 'weight': 654077.0}, {'name': 'wikimedia-vikidia_pt_text_document', 'weight': 304392.0}, {'name': 'wikimedia-vikidia_regional_text_document', 'weight': 119234.0}, {'name': 'wikimedia_nl_text_document', 'weight': 345319.0}, {'name': 'youtube_fr_text_document', 'weight': 76194.0}]}
INFO:__main__:Using CLI tokenizer override: /work/p26037/barman/tokenizer_128k-arab-regional_v2
INFO:__main__:Global batch size: 1024
INFO:__main__:Sequence length: 4096
INFO:__main__:Tokens per batch: 4194304
INFO:__main__:Total tokens in datamix: 3002228277248
INFO:__main__:Global training/LR horizon (from --max_steps): 715788
INFO:__main__:Patched megatron.core.optimizer (accepted params: {'scale_lr_cond', 'lr_mult', 'config', 'use_gloo_process_groups', 'no_weight_decay_cond', 'model_chunks'})
INFO:__main__:Detected vocab_size from tokenizer: 128000
INFO:__main__:Detected vocab_size from tokenizer: 128000
INFO:__main__:Detected vocab_size from tokenizer: 128000
INFO:__main__:Detected vocab_size from tokenizer: 128000
INFO:__main__:LR scheduler max_steps = 715788, warmup_steps = 2000, min_lr = 2.9999999999999997e-05
INFO:__main__:Skipping Triton warmup (--skip_triton_warmup).
INFO:__main__:LR scheduler max_steps = 715788, warmup_steps = 2000, min_lr = 2.9999999999999997e-05
INFO:__main__:Skipping Triton warmup (--skip_triton_warmup).
INFO:__main__:LR scheduler max_steps = 715788, warmup_steps = 2000, min_lr = 2.9999999999999997e-05
INFO:__main__:Skipping Triton warmup (--skip_triton_warmup).
INFO:__main__:LR scheduler max_steps = 715788, warmup_steps = 2000, min_lr = 2.9999999999999997e-05
INFO:__main__:Skipping Triton warmup (--skip_triton_warmup).
INFO:__main__:SSA Triton: Using fused Triton SSA FlashAttention triton (n=1.50, b=0.80, compiled_bda=True)
INFO:__main__:SSA Triton: force_contiguous_qkv=True
INFO:__main__:SSA Triton: Using fused Triton SSA FlashAttention triton (n=1.50, b=0.80, compiled_bda=True)
INFO:__main__:SSA Triton: force_contiguous_qkv=True
INFO:__main__:SSA Triton: Using fused Triton SSA FlashAttention triton (n=1.50, b=0.80, compiled_bda=True)
INFO:__main__:SSA Triton: force_contiguous_qkv=True
INFO:__main__:SSA Triton: Using fused Triton SSA FlashAttention triton (n=1.50, b=0.80, compiled_bda=True)
INFO:__main__:SSA Triton: force_contiguous_qkv=True
INFO:__main__:Detected checkpoint at step 26999
INFO:__main__:Continuing to absolute trainer.max_steps = 715788 (remaining this run: 688789 steps)
INFO:__main__:Detected checkpoint at step 26999
INFO:__main__:Continuing to absolute trainer.max_steps = 715788 (remaining this run: 688789 steps)
INFO:__main__:Detected checkpoint at step 26999
INFO:__main__:Continuing to absolute trainer.max_steps = 715788 (remaining this run: 688789 steps)
INFO:__main__:Detected checkpoint at step 26999
INFO:__main__:Continuing to absolute trainer.max_steps = 715788 (remaining this run: 688789 steps)
INFO:__main__:Detected vocab_size from tokenizer: 128000
INFO:__main__:SSA Triton: Using fused Triton SSA FlashAttention triton (n=1.50, b=0.80, compiled_bda=True)
INFO:__main__:SSA Triton: force_contiguous_qkv=True
INFO:__main__:Detected vocab_size from tokenizer: 128000
INFO:__main__:Detected vocab_size from tokenizer: 128000
INFO:__main__:SSA Triton: Using fused Triton SSA FlashAttention triton (n=1.50, b=0.80, compiled_bda=True)
INFO:__main__:SSA Triton: force_contiguous_qkv=True
INFO:__main__:Detected vocab_size from tokenizer: 128000
INFO:__main__:SSA Triton: Using fused Triton SSA FlashAttention triton (n=1.50, b=0.80, compiled_bda=True)
INFO:__main__:SSA Triton: force_contiguous_qkv=True
INFO:__main__:SSA Triton: Using fused Triton SSA FlashAttention triton (n=1.50, b=0.80, compiled_bda=True)
INFO:__main__:SSA Triton: force_contiguous_qkv=True
INFO:__main__:LR scheduler max_steps = 715788, warmup_steps = 2000, min_lr = 2.9999999999999997e-05
INFO:__main__:Skipping Triton warmup (--skip_triton_warmup).
INFO:__main__:Detected checkpoint at step 26999
INFO:__main__:Continuing to absolute trainer.max_steps = 715788 (remaining this run: 688789 steps)
INFO:__main__:LR scheduler max_steps = 715788, warmup_steps = 2000, min_lr = 2.9999999999999997e-05
INFO:__main__:Skipping Triton warmup (--skip_triton_warmup).
INFO:__main__:Detected checkpoint at step 26999
INFO:__main__:Continuing to absolute trainer.max_steps = 715788 (remaining this run: 688789 steps)
INFO:__main__:LR scheduler max_steps = 715788, warmup_steps = 2000, min_lr = 2.9999999999999997e-05
INFO:__main__:Skipping Triton warmup (--skip_triton_warmup).
INFO:__main__:Detected checkpoint at step 26999
INFO:__main__:Continuing to absolute trainer.max_steps = 715788 (remaining this run: 688789 steps)
INFO:__main__:LR scheduler max_steps = 715788, warmup_steps = 2000, min_lr = 2.9999999999999997e-05
INFO:__main__:Skipping Triton warmup (--skip_triton_warmup).
INFO:__main__:Detected checkpoint at step 26999
INFO:__main__:Continuing to absolute trainer.max_steps = 715788 (remaining this run: 688789 steps)
INFO:__main__:Detected vocab_size from tokenizer: 128000
INFO:__main__:Detected vocab_size from tokenizer: 128000
INFO:__main__:Detected vocab_size from tokenizer: 128000
INFO:__main__:Detected vocab_size from tokenizer: 128000
INFO:__main__:LR scheduler max_steps = 715788, warmup_steps = 2000, min_lr = 2.9999999999999997e-05
INFO:__main__:Skipping Triton warmup (--skip_triton_warmup).
INFO:__main__:LR scheduler max_steps = 715788, warmup_steps = 2000, min_lr = 2.9999999999999997e-05
INFO:__main__:Skipping Triton warmup (--skip_triton_warmup).
INFO:utils:{'data_path': '/work/datasets/AI/tokens_luciole_phase1', 'total_tokens': 3002228277248, 'train': [{'name': 'claire_open_en_text_document', 'weight': 29003.0}, {'name': 'claire_open_fr_text_document', 'weight': 92129.0}, {'name': 'common-corpus_bnl-newspapers-1841-1879_fr_text_document', 'weight': 66237.0}, {'name': 'common-corpus_eurlex_multi_text_document', 'weight': 3601664.0}, {'name': 'common-corpus_gatt-library_multi_text_document', 'weight': 41322.0}, {'name': 'common-corpus_oecd_multi_text_document', 'weight': 121969.0}, {'name': 'common-corpus_tedeutenders_multi_text_document', 'weight': 31276.0}, {'name': 'common-corpus_wto_multi_text_document', 'weight': 577279.0}, {'name': 'common-pile_arxiv-abstracts_en_text_document', 'weight': 140138.0}, {'name': 'common-pile_arxiv-papers_en_text_document', 'weight': 1299034.0}, {'name': 'common-pile_biodiversity-heritage-library_en_text_document', 'weight': 107772.0}, {'name': 'common-pile_caselaw-access-project_en_text_document', 'weight': 929697.0}, {'name': 'common-pile_doab_en_text_document', 'weight': 712786.0}, {'name': 'common-pile_foodista_en_text_document', 'weight': 5603.0}, {'name': 'common-pile_github-archive_en_text_document', 'weight': 2244221.0}, {'name': 'common-pile_library-of-congress_en_text_document', 'weight': 101533.0}, {'name': 'common-pile_libretexts_en_text_document', 'weight': 21049.0}, {'name': 'common-pile_news_en_text_document', 'weight': 14354.0}, {'name': 'common-pile_oercommons_en_text_document', 'weight': 2748.0}, {'name': 'common-pile_peS2o_en_text_document', 'weight': 10166525.0}, {'name': 'common-pile_pre-1929-books_en_text_document', 'weight': 531517.0}, {'name': 'common-pile_pressbooks_en_text_document', 'weight': 31891.0}, {'name': 'common-pile_public-domain-review_en_text_document', 'weight': 382.0}, {'name': 'common-pile_pubmed_en_text_document', 'weight': 1869301.0}, {'name': 'common-pile_python-enhancement-proposals_en_text_document', 'weight': 652.0}, {'name': 'common-pile_regulations_en_text_document', 'weight': 266173.0}, {'name': 'common-pile_stackexchange_en_text_document', 'weight': 4985359.0}, {'name': 'common-pile_ubuntu-irc_en_text_document', 'weight': 482830.0}, {'name': 'common-pile_youtube_en_text_document', 'weight': 204765.0}, {'name': 'croissant-aligned_aligned_text_document', 'weight': 11618464.0}, {'name': 'culturax_fr_text_document_ratio1.30_phase0', 'weight': 57012131.0}, {'name': 'dclm-dolmino_en_text_document_ratio0.75_phase0', 'weight': 93003263.0}, {'name': 'europarl_aligned_text_document', 'weight': 215607.0}, {'name': 'europarl_multi_text_document', 'weight': 99752.0}, {'name': 'eurovoc_filtered_multi_text_document', 'weight': 2150091.0}, {'name': 'fineweb-edu_en_text_document_ratio0.75_phase0', 'weight': 214754282.0}, {'name': 'fineweb2_ar_text_document_ratio0.50_phase0', 'weight': 3350461.0}, {'name': 'fineweb2_ca_text_document_ratio0.05_phase0', 'weight': 92529.0}, {'name': 'fineweb2_de_text_document_ratio0.50_phase0', 'weight': 27173931.0}, {'name': 'fineweb2_es_text_document_ratio0.50_phase0', 'weight': 24393496.0}, {'name': 'fineweb2_fr_text_document_ratio1.30_phase0', 'weight': 50038822.0}, {'name': 'fineweb2_it_text_document_ratio0.50_phase0', 'weight': 13377940.0}, {'name': 'fineweb2_nl_text_document_ratio0.50_phase0', 'weight': 7435763.0}, {'name': 'fineweb2_pt_text_document_ratio0.50_phase0', 'weight': 9800040.0}, {'name': 'fineweb2_regional_text_document', 'weight': 2132152.0}, {'name': 'gallica_monographies_fr_text_document', 'weight': 5842786.0}, {'name': 'gallica_press_fr_text_document', 'weight': 22850320.0}, {'name': 'gutenberg_de_text_document', 'weight': 42330.0}, {'name': 'gutenberg_en_text_document', 'weight': 1187655.0}, {'name': 'gutenberg_es_text_document', 'weight': 21778.0}, {'name': 'gutenberg_fr_text_document', 'weight': 91991.0}, {'name': 'gutenberg_it_text_document', 'weight': 29909.0}, {'name': 'gutenberg_nl_text_document', 'weight': 24430.0}, {'name': 'gutenberg_pt_text_document', 'weight': 9241.0}, {'name': 'hal-cea_full-filtered_fr_text_document', 'weight': 7828031.0}, {'name': 'hplt2_fr_text_document_ratio1.30_phase0', 'weight': 70401931.0}, {'name': 'insee_fr_text_document', 'weight': 55377.0}, {'name': 'math-pile_math_text_document', 'weight': 2345197.0}, {'name': 'opendata_fr_text_document', 'weight': 2749409.0}, {'name': 'parlement_fr_text_document', 'weight': 282826.0}, {'name': 'starcoder-data_code_text_document', 'weight': 62922795.0}, {'name': 'theses_fr_text_document', 'weight': 3239718.0}, {'name': 'wikimedia-vikidia_ar_text_document', 'weight': 265451.0}, {'name': 'wikimedia-vikidia_ca_text_document_ratio0.20_phase0', 'weight': 58530.0}, {'name': 'wikimedia-vikidia_de_text_document', 'weight': 1098595.0}, {'name': 'wikimedia-vikidia_en_text_document', 'weight': 2882825.0}, {'name': 'wikimedia-vikidia_es_text_document', 'weight': 631843.0}, {'name': 'wikimedia-vikidia_fr_text_document', 'weight': 1276052.0}, {'name': 'wikimedia-vikidia_it_text_document', 'weight': 654077.0}, {'name': 'wikimedia-vikidia_pt_text_document', 'weight': 304392.0}, {'name': 'wikimedia-vikidia_regional_text_document', 'weight': 119234.0}, {'name': 'wikimedia_nl_text_document', 'weight': 345319.0}, {'name': 'youtube_fr_text_document', 'weight': 76194.0}]}
INFO:__main__:Using CLI tokenizer override: /work/p26037/barman/tokenizer_128k-arab-regional_v2
INFO:__main__:Global batch size: 1024
INFO:__main__:Sequence length: 4096
INFO:__main__:Tokens per batch: 4194304
INFO:__main__:Total tokens in datamix: 3002228277248
INFO:__main__:Global training/LR horizon (from --max_steps): 715788
INFO:__main__:Patched megatron.core.optimizer (accepted params: {'config', 'scale_lr_cond', 'use_gloo_process_groups', 'no_weight_decay_cond', 'model_chunks', 'lr_mult'})
INFO:utils:{'data_path': '/work/datasets/AI/tokens_luciole_phase1', 'total_tokens': 3002228277248, 'train': [{'name': 'claire_open_en_text_document', 'weight': 29003.0}, {'name': 'claire_open_fr_text_document', 'weight': 92129.0}, {'name': 'common-corpus_bnl-newspapers-1841-1879_fr_text_document', 'weight': 66237.0}, {'name': 'common-corpus_eurlex_multi_text_document', 'weight': 3601664.0}, {'name': 'common-corpus_gatt-library_multi_text_document', 'weight': 41322.0}, {'name': 'common-corpus_oecd_multi_text_document', 'weight': 121969.0}, {'name': 'common-corpus_tedeutenders_multi_text_document', 'weight': 31276.0}, {'name': 'common-corpus_wto_multi_text_document', 'weight': 577279.0}, {'name': 'common-pile_arxiv-abstracts_en_text_document', 'weight': 140138.0}, {'name': 'common-pile_arxiv-papers_en_text_document', 'weight': 1299034.0}, {'name': 'common-pile_biodiversity-heritage-library_en_text_document', 'weight': 107772.0}, {'name': 'common-pile_caselaw-access-project_en_text_document', 'weight': 929697.0}, {'name': 'common-pile_doab_en_text_document', 'weight': 712786.0}, {'name': 'common-pile_foodista_en_text_document', 'weight': 5603.0}, {'name': 'common-pile_github-archive_en_text_document', 'weight': 2244221.0}, {'name': 'common-pile_library-of-congress_en_text_document', 'weight': 101533.0}, {'name': 'common-pile_libretexts_en_text_document', 'weight': 21049.0}, {'name': 'common-pile_news_en_text_document', 'weight': 14354.0}, {'name': 'common-pile_oercommons_en_text_document', 'weight': 2748.0}, {'name': 'common-pile_peS2o_en_text_document', 'weight': 10166525.0}, {'name': 'common-pile_pre-1929-books_en_text_document', 'weight': 531517.0}, {'name': 'common-pile_pressbooks_en_text_document', 'weight': 31891.0}, {'name': 'common-pile_public-domain-review_en_text_document', 'weight': 382.0}, {'name': 'common-pile_pubmed_en_text_document', 'weight': 1869301.0}, {'name': 'common-pile_python-enhancement-proposals_en_text_document', 'weight': 652.0}, {'name': 'common-pile_regulations_en_text_document', 'weight': 266173.0}, {'name': 'common-pile_stackexchange_en_text_document', 'weight': 4985359.0}, {'name': 'common-pile_ubuntu-irc_en_text_document', 'weight': 482830.0}, {'name': 'common-pile_youtube_en_text_document', 'weight': 204765.0}, {'name': 'croissant-aligned_aligned_text_document', 'weight': 11618464.0}, {'name': 'culturax_fr_text_document_ratio1.30_phase0', 'weight': 57012131.0}, {'name': 'dclm-dolmino_en_text_document_ratio0.75_phase0', 'weight': 93003263.0}, {'name': 'europarl_aligned_text_document', 'weight': 215607.0}, {'name': 'europarl_multi_text_document', 'weight': 99752.0}, {'name': 'eurovoc_filtered_multi_text_document', 'weight': 2150091.0}, {'name': 'fineweb-edu_en_text_document_ratio0.75_phase0', 'weight': 214754282.0}, {'name': 'fineweb2_ar_text_document_ratio0.50_phase0', 'weight': 3350461.0}, {'name': 'fineweb2_ca_text_document_ratio0.05_phase0', 'weight': 92529.0}, {'name': 'fineweb2_de_text_document_ratio0.50_phase0', 'weight': 27173931.0}, {'name': 'fineweb2_es_text_document_ratio0.50_phase0', 'weight': 24393496.0}, {'name': 'fineweb2_fr_text_document_ratio1.30_phase0', 'weight': 50038822.0}, {'name': 'fineweb2_it_text_document_ratio0.50_phase0', 'weight': 13377940.0}, {'name': 'fineweb2_nl_text_document_ratio0.50_phase0', 'weight': 7435763.0}, {'name': 'fineweb2_pt_text_document_ratio0.50_phase0', 'weight': 9800040.0}, {'name': 'fineweb2_regional_text_document', 'weight': 2132152.0}, {'name': 'gallica_monographies_fr_text_document', 'weight': 5842786.0}, {'name': 'gallica_press_fr_text_document', 'weight': 22850320.0}, {'name': 'gutenberg_de_text_document', 'weight': 42330.0}, {'name': 'gutenberg_en_text_document', 'weight': 1187655.0}, {'name': 'gutenberg_es_text_document', 'weight': 21778.0}, {'name': 'gutenberg_fr_text_document', 'weight': 91991.0}, {'name': 'gutenberg_it_text_document', 'weight': 29909.0}, {'name': 'gutenberg_nl_text_document', 'weight': 24430.0}, {'name': 'gutenberg_pt_text_document', 'weight': 9241.0}, {'name': 'hal-cea_full-filtered_fr_text_document', 'weight': 7828031.0}, {'name': 'hplt2_fr_text_document_ratio1.30_phase0', 'weight': 70401931.0}, {'name': 'insee_fr_text_document', 'weight': 55377.0}, {'name': 'math-pile_math_text_document', 'weight': 2345197.0}, {'name': 'opendata_fr_text_document', 'weight': 2749409.0}, {'name': 'parlement_fr_text_document', 'weight': 282826.0}, {'name': 'starcoder-data_code_text_document', 'weight': 62922795.0}, {'name': 'theses_fr_text_document', 'weight': 3239718.0}, {'name': 'wikimedia-vikidia_ar_text_document', 'weight': 265451.0}, {'name': 'wikimedia-vikidia_ca_text_document_ratio0.20_phase0', 'weight': 58530.0}, {'name': 'wikimedia-vikidia_de_text_document', 'weight': 1098595.0}, {'name': 'wikimedia-vikidia_en_text_document', 'weight': 2882825.0}, {'name': 'wikimedia-vikidia_es_text_document', 'weight': 631843.0}, {'name': 'wikimedia-vikidia_fr_text_document', 'weight': 1276052.0}, {'name': 'wikimedia-vikidia_it_text_document', 'weight': 654077.0}, {'name': 'wikimedia-vikidia_pt_text_document', 'weight': 304392.0}, {'name': 'wikimedia-vikidia_regional_text_document', 'weight': 119234.0}, {'name': 'wikimedia_nl_text_document', 'weight': 345319.0}, {'name': 'youtube_fr_text_document', 'weight': 76194.0}]}
INFO:__main__:Using CLI tokenizer override: /work/p26037/barman/tokenizer_128k-arab-regional_v2
INFO:__main__:Global batch size: 1024
INFO:__main__:Sequence length: 4096
INFO:__main__:Tokens per batch: 4194304
INFO:__main__:Total tokens in datamix: 3002228277248
INFO:__main__:Global training/LR horizon (from --max_steps): 715788
INFO:__main__:Patched megatron.core.optimizer (accepted params: {'no_weight_decay_cond', 'lr_mult', 'use_gloo_process_groups', 'scale_lr_cond', 'model_chunks', 'config'})
INFO:utils:{'data_path': '/work/datasets/AI/tokens_luciole_phase1', 'total_tokens': 3002228277248, 'train': [{'name': 'claire_open_en_text_document', 'weight': 29003.0}, {'name': 'claire_open_fr_text_document', 'weight': 92129.0}, {'name': 'common-corpus_bnl-newspapers-1841-1879_fr_text_document', 'weight': 66237.0}, {'name': 'common-corpus_eurlex_multi_text_document', 'weight': 3601664.0}, {'name': 'common-corpus_gatt-library_multi_text_document', 'weight': 41322.0}, {'name': 'common-corpus_oecd_multi_text_document', 'weight': 121969.0}, {'name': 'common-corpus_tedeutenders_multi_text_document', 'weight': 31276.0}, {'name': 'common-corpus_wto_multi_text_document', 'weight': 577279.0}, {'name': 'common-pile_arxiv-abstracts_en_text_document', 'weight': 140138.0}, {'name': 'common-pile_arxiv-papers_en_text_document', 'weight': 1299034.0}, {'name': 'common-pile_biodiversity-heritage-library_en_text_document', 'weight': 107772.0}, {'name': 'common-pile_caselaw-access-project_en_text_document', 'weight': 929697.0}, {'name': 'common-pile_doab_en_text_document', 'weight': 712786.0}, {'name': 'common-pile_foodista_en_text_document', 'weight': 5603.0}, {'name': 'common-pile_github-archive_en_text_document', 'weight': 2244221.0}, {'name': 'common-pile_library-of-congress_en_text_document', 'weight': 101533.0}, {'name': 'common-pile_libretexts_en_text_document', 'weight': 21049.0}, {'name': 'common-pile_news_en_text_document', 'weight': 14354.0}, {'name': 'common-pile_oercommons_en_text_document', 'weight': 2748.0}, {'name': 'common-pile_peS2o_en_text_document', 'weight': 10166525.0}, {'name': 'common-pile_pre-1929-books_en_text_document', 'weight': 531517.0}, {'name': 'common-pile_pressbooks_en_text_document', 'weight': 31891.0}, {'name': 'common-pile_public-domain-review_en_text_document', 'weight': 382.0}, {'name': 'common-pile_pubmed_en_text_document', 'weight': 1869301.0}, {'name': 'common-pile_python-enhancement-proposals_en_text_document', 'weight': 652.0}, {'name': 'common-pile_regulations_en_text_document', 'weight': 266173.0}, {'name': 'common-pile_stackexchange_en_text_document', 'weight': 4985359.0}, {'name': 'common-pile_ubuntu-irc_en_text_document', 'weight': 482830.0}, {'name': 'common-pile_youtube_en_text_document', 'weight': 204765.0}, {'name': 'croissant-aligned_aligned_text_document', 'weight': 11618464.0}, {'name': 'culturax_fr_text_document_ratio1.30_phase0', 'weight': 57012131.0}, {'name': 'dclm-dolmino_en_text_document_ratio0.75_phase0', 'weight': 93003263.0}, {'name': 'europarl_aligned_text_document', 'weight': 215607.0}, {'name': 'europarl_multi_text_document', 'weight': 99752.0}, {'name': 'eurovoc_filtered_multi_text_document', 'weight': 2150091.0}, {'name': 'fineweb-edu_en_text_document_ratio0.75_phase0', 'weight': 214754282.0}, {'name': 'fineweb2_ar_text_document_ratio0.50_phase0', 'weight': 3350461.0}, {'name': 'fineweb2_ca_text_document_ratio0.05_phase0', 'weight': 92529.0}, {'name': 'fineweb2_de_text_document_ratio0.50_phase0', 'weight': 27173931.0}, {'name': 'fineweb2_es_text_document_ratio0.50_phase0', 'weight': 24393496.0}, {'name': 'fineweb2_fr_text_document_ratio1.30_phase0', 'weight': 50038822.0}, {'name': 'fineweb2_it_text_document_ratio0.50_phase0', 'weight': 13377940.0}, {'name': 'fineweb2_nl_text_document_ratio0.50_phase0', 'weight': 7435763.0}, {'name': 'fineweb2_pt_text_document_ratio0.50_phase0', 'weight': 9800040.0}, {'name': 'fineweb2_regional_text_document', 'weight': 2132152.0}, {'name': 'gallica_monographies_fr_text_document', 'weight': 5842786.0}, {'name': 'gallica_press_fr_text_document', 'weight': 22850320.0}, {'name': 'gutenberg_de_text_document', 'weight': 42330.0}, {'name': 'gutenberg_en_text_document', 'weight': 1187655.0}, {'name': 'gutenberg_es_text_document', 'weight': 21778.0}, {'name': 'gutenberg_fr_text_document', 'weight': 91991.0}, {'name': 'gutenberg_it_text_document', 'weight': 29909.0}, {'name': 'gutenberg_nl_text_document', 'weight': 24430.0}, {'name': 'gutenberg_pt_text_document', 'weight': 9241.0}, {'name': 'hal-cea_full-filtered_fr_text_document', 'weight': 7828031.0}, {'name': 'hplt2_fr_text_document_ratio1.30_phase0', 'weight': 70401931.0}, {'name': 'insee_fr_text_document', 'weight': 55377.0}, {'name': 'math-pile_math_text_document', 'weight': 2345197.0}, {'name': 'opendata_fr_text_document', 'weight': 2749409.0}, {'name': 'parlement_fr_text_document', 'weight': 282826.0}, {'name': 'starcoder-data_code_text_document', 'weight': 62922795.0}, {'name': 'theses_fr_text_document', 'weight': 3239718.0}, {'name': 'wikimedia-vikidia_ar_text_document', 'weight': 265451.0}, {'name': 'wikimedia-vikidia_ca_text_document_ratio0.20_phase0', 'weight': 58530.0}, {'name': 'wikimedia-vikidia_de_text_document', 'weight': 1098595.0}, {'name': 'wikimedia-vikidia_en_text_document', 'weight': 2882825.0}, {'name': 'wikimedia-vikidia_es_text_document', 'weight': 631843.0}, {'name': 'wikimedia-vikidia_fr_text_document', 'weight': 1276052.0}, {'name': 'wikimedia-vikidia_it_text_document', 'weight': 654077.0}, {'name': 'wikimedia-vikidia_pt_text_document', 'weight': 304392.0}, {'name': 'wikimedia-vikidia_regional_text_document', 'weight': 119234.0}, {'name': 'wikimedia_nl_text_document', 'weight': 345319.0}, {'name': 'youtube_fr_text_document', 'weight': 76194.0}]}
INFO:__main__:Using CLI tokenizer override: /work/p26037/barman/tokenizer_128k-arab-regional_v2
INFO:__main__:Global batch size: 1024
INFO:__main__:Sequence length: 4096
INFO:__main__:Tokens per batch: 4194304
INFO:__main__:Total tokens in datamix: 3002228277248
INFO:__main__:Global training/LR horizon (from --max_steps): 715788
INFO:__main__:Patched megatron.core.optimizer (accepted params: {'no_weight_decay_cond', 'lr_mult', 'config', 'use_gloo_process_groups', 'model_chunks', 'scale_lr_cond'})
INFO:utils:{'data_path': '/work/datasets/AI/tokens_luciole_phase1', 'total_tokens': 3002228277248, 'train': [{'name': 'claire_open_en_text_document', 'weight': 29003.0}, {'name': 'claire_open_fr_text_document', 'weight': 92129.0}, {'name': 'common-corpus_bnl-newspapers-1841-1879_fr_text_document', 'weight': 66237.0}, {'name': 'common-corpus_eurlex_multi_text_document', 'weight': 3601664.0}, {'name': 'common-corpus_gatt-library_multi_text_document', 'weight': 41322.0}, {'name': 'common-corpus_oecd_multi_text_document', 'weight': 121969.0}, {'name': 'common-corpus_tedeutenders_multi_text_document', 'weight': 31276.0}, {'name': 'common-corpus_wto_multi_text_document', 'weight': 577279.0}, {'name': 'common-pile_arxiv-abstracts_en_text_document', 'weight': 140138.0}, {'name': 'common-pile_arxiv-papers_en_text_document', 'weight': 1299034.0}, {'name': 'common-pile_biodiversity-heritage-library_en_text_document', 'weight': 107772.0}, {'name': 'common-pile_caselaw-access-project_en_text_document', 'weight': 929697.0}, {'name': 'common-pile_doab_en_text_document', 'weight': 712786.0}, {'name': 'common-pile_foodista_en_text_document', 'weight': 5603.0}, {'name': 'common-pile_github-archive_en_text_document', 'weight': 2244221.0}, {'name': 'common-pile_library-of-congress_en_text_document', 'weight': 101533.0}, {'name': 'common-pile_libretexts_en_text_document', 'weight': 21049.0}, {'name': 'common-pile_news_en_text_document', 'weight': 14354.0}, {'name': 'common-pile_oercommons_en_text_document', 'weight': 2748.0}, {'name': 'common-pile_peS2o_en_text_document', 'weight': 10166525.0}, {'name': 'common-pile_pre-1929-books_en_text_document', 'weight': 531517.0}, {'name': 'common-pile_pressbooks_en_text_document', 'weight': 31891.0}, {'name': 'common-pile_public-domain-review_en_text_document', 'weight': 382.0}, {'name': 'common-pile_pubmed_en_text_document', 'weight': 1869301.0}, {'name': 'common-pile_python-enhancement-proposals_en_text_document', 'weight': 652.0}, {'name': 'common-pile_regulations_en_text_document', 'weight': 266173.0}, {'name': 'common-pile_stackexchange_en_text_document', 'weight': 4985359.0}, {'name': 'common-pile_ubuntu-irc_en_text_document', 'weight': 482830.0}, {'name': 'common-pile_youtube_en_text_document', 'weight': 204765.0}, {'name': 'croissant-aligned_aligned_text_document', 'weight': 11618464.0}, {'name': 'culturax_fr_text_document_ratio1.30_phase0', 'weight': 57012131.0}, {'name': 'dclm-dolmino_en_text_document_ratio0.75_phase0', 'weight': 93003263.0}, {'name': 'europarl_aligned_text_document', 'weight': 215607.0}, {'name': 'europarl_multi_text_document', 'weight': 99752.0}, {'name': 'eurovoc_filtered_multi_text_document', 'weight': 2150091.0}, {'name': 'fineweb-edu_en_text_document_ratio0.75_phase0', 'weight': 214754282.0}, {'name': 'fineweb2_ar_text_document_ratio0.50_phase0', 'weight': 3350461.0}, {'name': 'fineweb2_ca_text_document_ratio0.05_phase0', 'weight': 92529.0}, {'name': 'fineweb2_de_text_document_ratio0.50_phase0', 'weight': 27173931.0}, {'name': 'fineweb2_es_text_document_ratio0.50_phase0', 'weight': 24393496.0}, {'name': 'fineweb2_fr_text_document_ratio1.30_phase0', 'weight': 50038822.0}, {'name': 'fineweb2_it_text_document_ratio0.50_phase0', 'weight': 13377940.0}, {'name': 'fineweb2_nl_text_document_ratio0.50_phase0', 'weight': 7435763.0}, {'name': 'fineweb2_pt_text_document_ratio0.50_phase0', 'weight': 9800040.0}, {'name': 'fineweb2_regional_text_document', 'weight': 2132152.0}, {'name': 'gallica_monographies_fr_text_document', 'weight': 5842786.0}, {'name': 'gallica_press_fr_text_document', 'weight': 22850320.0}, {'name': 'gutenberg_de_text_document', 'weight': 42330.0}, {'name': 'gutenberg_en_text_document', 'weight': 1187655.0}, {'name': 'gutenberg_es_text_document', 'weight': 21778.0}, {'name': 'gutenberg_fr_text_document', 'weight': 91991.0}, {'name': 'gutenberg_it_text_document', 'weight': 29909.0}, {'name': 'gutenberg_nl_text_document', 'weight': 24430.0}, {'name': 'gutenberg_pt_text_document', 'weight': 9241.0}, {'name': 'hal-cea_full-filtered_fr_text_document', 'weight': 7828031.0}, {'name': 'hplt2_fr_text_document_ratio1.30_phase0', 'weight': 70401931.0}, {'name': 'insee_fr_text_document', 'weight': 55377.0}, {'name': 'math-pile_math_text_document', 'weight': 2345197.0}, {'name': 'opendata_fr_text_document', 'weight': 2749409.0}, {'name': 'parlement_fr_text_document', 'weight': 282826.0}, {'name': 'starcoder-data_code_text_document', 'weight': 62922795.0}, {'name': 'theses_fr_text_document', 'weight': 3239718.0}, {'name': 'wikimedia-vikidia_ar_text_document', 'weight': 265451.0}, {'name': 'wikimedia-vikidia_ca_text_document_ratio0.20_phase0', 'weight': 58530.0}, {'name': 'wikimedia-vikidia_de_text_document', 'weight': 1098595.0}, {'name': 'wikimedia-vikidia_en_text_document', 'weight': 2882825.0}, {'name': 'wikimedia-vikidia_es_text_document', 'weight': 631843.0}, {'name': 'wikimedia-vikidia_fr_text_document', 'weight': 1276052.0}, {'name': 'wikimedia-vikidia_it_text_document', 'weight': 654077.0}, {'name': 'wikimedia-vikidia_pt_text_document', 'weight': 304392.0}, {'name': 'wikimedia-vikidia_regional_text_document', 'weight': 119234.0}, {'name': 'wikimedia_nl_text_document', 'weight': 345319.0}, {'name': 'youtube_fr_text_document', 'weight': 76194.0}]}
INFO:__main__:LR scheduler max_steps = 715788, warmup_steps = 2000, min_lr = 2.9999999999999997e-05
INFO:__main__:Using CLI tokenizer override: /work/p26037/barman/tokenizer_128k-arab-regional_v2
INFO:__main__:Skipping Triton warmup (--skip_triton_warmup).
INFO:__main__:Global batch size: 1024
INFO:__main__:Sequence length: 4096
INFO:__main__:Tokens per batch: 4194304
INFO:__main__:Total tokens in datamix: 3002228277248
INFO:__main__:Global training/LR horizon (from --max_steps): 715788
INFO:__main__:Patched megatron.core.optimizer (accepted params: {'lr_mult', 'config', 'use_gloo_process_groups', 'scale_lr_cond', 'no_weight_decay_cond', 'model_chunks'})
INFO:__main__:LR scheduler max_steps = 715788, warmup_steps = 2000, min_lr = 2.9999999999999997e-05
INFO:__main__:Skipping Triton warmup (--skip_triton_warmup).
INFO:nemo.lightning.pytorch.strategies.megatron_strategy:Initializing distributed: GLOBAL_RANK: 24, MEMBER: 25/32
[W331 03:14:18.819240158 socket.cpp:755] [c10d] The client socket cannot be initialized to connect to [kairosgh10.calmip.cluster]:46003 (errno: 97 - Address family not supported by protocol).
INFO:__main__:SSA Triton: Using fused Triton SSA FlashAttention triton (n=1.50, b=0.80, compiled_bda=True)
INFO:__main__:SSA Triton: force_contiguous_qkv=True
INFO:__main__:SSA Triton: Using fused Triton SSA FlashAttention triton (n=1.50, b=0.80, compiled_bda=True)
INFO:__main__:SSA Triton: force_contiguous_qkv=True
INFO:__main__:SSA Triton: Using fused Triton SSA FlashAttention triton (n=1.50, b=0.80, compiled_bda=True)
INFO:__main__:SSA Triton: force_contiguous_qkv=True
INFO:__main__:SSA Triton: Using fused Triton SSA FlashAttention triton (n=1.50, b=0.80, compiled_bda=True)
INFO:__main__:SSA Triton: force_contiguous_qkv=True
INFO:__main__:Detected checkpoint at step 26999
INFO:__main__:Continuing to absolute trainer.max_steps = 715788 (remaining this run: 688789 steps)
INFO:__main__:Detected checkpoint at step 26999
INFO:__main__:Continuing to absolute trainer.max_steps = 715788 (remaining this run: 688789 steps)
INFO:__main__:Detected checkpoint at step 26999
INFO:__main__:Continuing to absolute trainer.max_steps = 715788 (remaining this run: 688789 steps)
INFO:__main__:Detected checkpoint at step 26999
INFO:__main__:Continuing to absolute trainer.max_steps = 715788 (remaining this run: 688789 steps)
INFO:__main__:Detected vocab_size from tokenizer: 128000
INFO:__main__:Detected vocab_size from tokenizer: 128000
INFO:__main__:Detected vocab_size from tokenizer: 128000
INFO:__main__:LR scheduler max_steps = 715788, warmup_steps = 2000, min_lr = 2.9999999999999997e-05
INFO:__main__:LR scheduler max_steps = 715788, warmup_steps = 2000, min_lr = 2.9999999999999997e-05
INFO:__main__:Skipping Triton warmup (--skip_triton_warmup).
INFO:__main__:LR scheduler max_steps = 715788, warmup_steps = 2000, min_lr = 2.9999999999999997e-05
INFO:__main__:Skipping Triton warmup (--skip_triton_warmup).
INFO:__main__:Detected vocab_size from tokenizer: 128000
INFO:__main__:LR scheduler max_steps = 715788, warmup_steps = 2000, min_lr = 2.9999999999999997e-05
INFO:__main__:Skipping Triton warmup (--skip_triton_warmup).
INFO:__main__:SSA Triton: Using fused Triton SSA FlashAttention triton (n=1.50, b=0.80, compiled_bda=True)
INFO:__main__:SSA Triton: force_contiguous_qkv=True
INFO:__main__:SSA Triton: Using fused Triton SSA FlashAttention triton (n=1.50, b=0.80, compiled_bda=True)
INFO:__main__:SSA Triton: force_contiguous_qkv=True
INFO:nemo.lightning.pytorch.strategies.megatron_strategy:Initializing distributed: GLOBAL_RANK: 27, MEMBER: 28/32
[W331 03:14:19.196989275 socket.cpp:755] [c10d] The client socket cannot be initialized to connect to [kairosgh10.calmip.cluster]:46003 (errno: 97 - Address family not supported by protocol).
INFO:__main__:SSA Triton: Using fused Triton SSA FlashAttention triton (n=1.50, b=0.80, compiled_bda=True)
INFO:__main__:SSA Triton: force_contiguous_qkv=True
INFO:__main__:SSA Triton: Using fused Triton SSA FlashAttention triton (n=1.50, b=0.80, compiled_bda=True)
INFO:__main__:SSA Triton: force_contiguous_qkv=True
INFO:__main__:Detected checkpoint at step 26999
INFO:__main__:Continuing to absolute trainer.max_steps = 715788 (remaining this run: 688789 steps)
INFO:__main__:Detected checkpoint at step 26999
INFO:__main__:Continuing to absolute trainer.max_steps = 715788 (remaining this run: 688789 steps)
INFO:__main__:Detected checkpoint at step 26999
INFO:__main__:Continuing to absolute trainer.max_steps = 715788 (remaining this run: 688789 steps)
INFO:utils:Config saved to /tmpdir/barman/bs1024_fullrun/outputs/job_12212/config_nemotron-1B-SSA-Triton-bs1024.json
INFO:__main__:Skipping Triton warmup (--skip_triton_warmup).
INFO:__main__:Detected checkpoint at step 26999
INFO:__main__:Continuing to absolute trainer.max_steps = 715788 (remaining this run: 688789 steps)
INFO:nemo.lightning.pytorch.strategies.megatron_strategy:Initializing distributed: GLOBAL_RANK: 25, MEMBER: 26/32
INFO:nemo.lightning.pytorch.strategies.megatron_strategy:Initializing distributed: GLOBAL_RANK: 26, MEMBER: 27/32
[W331 03:14:19.265497444 socket.cpp:755] [c10d] The client socket cannot be initialized to connect to [kairosgh10.calmip.cluster]:46003 (errno: 97 - Address family not supported by protocol).
[W331 03:14:19.265787070 socket.cpp:755] [c10d] The client socket cannot be initialized to connect to [kairosgh10.calmip.cluster]:46003 (errno: 97 - Address family not supported by protocol).
INFO:__main__:Detected vocab_size from tokenizer: 128000
INFO:__main__:Detected vocab_size from tokenizer: 128000
INFO:nemo.lightning.pytorch.strategies.megatron_strategy:Initializing distributed: GLOBAL_RANK: 8, MEMBER: 9/32
INFO:__main__:Detected vocab_size from tokenizer: 128000
[W331 03:14:19.520828343 socket.cpp:755] [c10d] The client socket cannot be initialized to connect to [kairosgh10.calmip.cluster]:46003 (errno: 97 - Address family not supported by protocol).
INFO:__main__:LR scheduler max_steps = 715788, warmup_steps = 2000, min_lr = 2.9999999999999997e-05
INFO:__main__:Skipping Triton warmup (--skip_triton_warmup).
INFO:__main__:LR scheduler max_steps = 715788, warmup_steps = 2000, min_lr = 2.9999999999999997e-05
INFO:__main__:Skipping Triton warmup (--skip_triton_warmup).
INFO:__main__:LR scheduler max_steps = 715788, warmup_steps = 2000, min_lr = 2.9999999999999997e-05
INFO:__main__:Skipping Triton warmup (--skip_triton_warmup).
INFO:__main__:Detected vocab_size from tokenizer: 128000
INFO:__main__:LR scheduler max_steps = 715788, warmup_steps = 2000, min_lr = 2.9999999999999997e-05
INFO:__main__:Skipping Triton warmup (--skip_triton_warmup).
INFO:__main__:SSA Triton: Using fused Triton SSA FlashAttention triton (n=1.50, b=0.80, compiled_bda=True)
INFO:__main__:SSA Triton: force_contiguous_qkv=True
INFO:__main__:SSA Triton: Using fused Triton SSA FlashAttention triton (n=1.50, b=0.80, compiled_bda=True)
INFO:__main__:SSA Triton: force_contiguous_qkv=True
INFO:__main__:SSA Triton: Using fused Triton SSA FlashAttention triton (n=1.50, b=0.80, compiled_bda=True)
INFO:__main__:SSA Triton: force_contiguous_qkv=True
INFO:__main__:SSA Triton: Using fused Triton SSA FlashAttention triton (n=1.50, b=0.80, compiled_bda=True)
INFO:__main__:SSA Triton: force_contiguous_qkv=True
INFO:nemo.lightning.pytorch.strategies.megatron_strategy:Initializing distributed: GLOBAL_RANK: 10, MEMBER: 11/32
INFO:nemo.lightning.pytorch.strategies.megatron_strategy:Initializing distributed: GLOBAL_RANK: 11, MEMBER: 12/32
[W331 03:14:19.013682517 socket.cpp:755] [c10d] The client socket cannot be initialized to connect to [kairosgh10.calmip.cluster]:46003 (errno: 97 - Address family not supported by protocol).
[W331 03:14:19.013986413 socket.cpp:755] [c10d] The client socket cannot be initialized to connect to [kairosgh10.calmip.cluster]:46003 (errno: 97 - Address family not supported by protocol).
INFO:nemo.lightning.pytorch.strategies.megatron_strategy:Initializing distributed: GLOBAL_RANK: 9, MEMBER: 10/32
[W331 03:14:19.026091437 socket.cpp:755] [c10d] The client socket cannot be initialized to connect to [kairosgh10.calmip.cluster]:46003 (errno: 97 - Address family not supported by protocol).
INFO:__main__:Detected checkpoint at step 26999
INFO:__main__:Continuing to absolute trainer.max_steps = 715788 (remaining this run: 688789 steps)
INFO:__main__:Detected checkpoint at step 26999
INFO:__main__:Continuing to absolute trainer.max_steps = 715788 (remaining this run: 688789 steps)
INFO:__main__:Detected checkpoint at step 26999
INFO:__main__:Continuing to absolute trainer.max_steps = 715788 (remaining this run: 688789 steps)
INFO:__main__:Detected checkpoint at step 26999
INFO:__main__:Continuing to absolute trainer.max_steps = 715788 (remaining this run: 688789 steps)
INFO:nemo.lightning.pytorch.strategies.megatron_strategy:Initializing distributed: GLOBAL_RANK: 16, MEMBER: 17/32
[W331 03:14:19.716941706 socket.cpp:755] [c10d] The client socket cannot be initialized to connect to [kairosgh10.calmip.cluster]:46003 (errno: 97 - Address family not supported by protocol).
INFO:__main__:Detected vocab_size from tokenizer: 128000
INFO:__main__:Detected vocab_size from tokenizer: 128000
INFO:__main__:Detected vocab_size from tokenizer: 128000
INFO:__main__:LR scheduler max_steps = 715788, warmup_steps = 2000, min_lr = 2.9999999999999997e-05
INFO:__main__:Skipping Triton warmup (--skip_triton_warmup).
INFO:__main__:LR scheduler max_steps = 715788, warmup_steps = 2000, min_lr = 2.9999999999999997e-05
INFO:__main__:Skipping Triton warmup (--skip_triton_warmup).
INFO:__main__:LR scheduler max_steps = 715788, warmup_steps = 2000, min_lr = 2.9999999999999997e-05
INFO:__main__:Skipping Triton warmup (--skip_triton_warmup).
INFO:__main__:Detected vocab_size from tokenizer: 128000
INFO:__main__:LR scheduler max_steps = 715788, warmup_steps = 2000, min_lr = 2.9999999999999997e-05
INFO:__main__:Skipping Triton warmup (--skip_triton_warmup).
INFO:nemo.lightning.pytorch.strategies.megatron_strategy:Initializing distributed: GLOBAL_RANK: 28, MEMBER: 29/32
[W331 03:14:20.123254516 socket.cpp:755] [c10d] The client socket cannot be initialized to connect to [kairosgh10.calmip.cluster]:46003 (errno: 97 - Address family not supported by protocol).
INFO:nemo.lightning.pytorch.strategies.megatron_strategy:Initializing distributed: GLOBAL_RANK: 4, MEMBER: 5/32
[W331 03:14:20.571984720 socket.cpp:755] [c10d] The client socket cannot be initialized to connect to [kairosgh10.calmip.cluster]:46003 (errno: 97 - Address family not supported by protocol).
INFO:nemo.lightning.pytorch.strategies.megatron_strategy:Initializing distributed: GLOBAL_RANK: 17, MEMBER: 18/32
INFO:nemo.lightning.pytorch.strategies.megatron_strategy:Initializing distributed: GLOBAL_RANK: 19, MEMBER: 20/32
INFO:nemo.lightning.pytorch.strategies.megatron_strategy:Initializing distributed: GLOBAL_RANK: 18, MEMBER: 19/32
[W331 03:14:20.202996841 socket.cpp:755] [c10d] The client socket cannot be initialized to connect to [kairosgh10.calmip.cluster]:46003 (errno: 97 - Address family not supported by protocol).
[W331 03:14:20.203320194 socket.cpp:755] [c10d] The client socket cannot be initialized to connect to [kairosgh10.calmip.cluster]:46003 (errno: 97 - Address family not supported by protocol).
[W331 03:14:20.203584541 socket.cpp:755] [c10d] The client socket cannot be initialized to connect to [kairosgh10.calmip.cluster]:46003 (errno: 97 - Address family not supported by protocol).
INFO: GPU available: True (cuda), used: True
INFO:lightning.pytorch.utilities.rank_zero:GPU available: True (cuda), used: True
INFO: TPU available: False, using: 0 TPU cores
INFO:lightning.pytorch.utilities.rank_zero:TPU available: False, using: 0 TPU cores
INFO: HPU available: False, using: 0 HPUs
INFO:lightning.pytorch.utilities.rank_zero:HPU available: False, using: 0 HPUs
[NeMo W 2026-03-31 03:14:20 nemo_logging:405] No version folders would be created under the log folder as 'resume_if_exists' is enabled.
[NeMo I 2026-03-31 03:14:20 nemo_logging:393] Experiments will be logged at /tmpdir/barman/bs1024_fullrun/outputs/nemotron-1B-SSA-Triton-bs1024
[NeMo W 2026-03-31 03:14:20 nemo_logging:405] "update_logger_directory" is True. Overwriting tensorboard logger "save_dir" to /tmpdir/barman/bs1024_fullrun/outputs/tb_logs
[NeMo W 2026-03-31 03:14:20 nemo_logging:405] The Trainer already contains a ModelCheckpoint callback. This will be overwritten.
[NeMo W 2026-03-31 03:14:20 nemo_logging:405] Multiple checkpoints [PosixPath('/tmpdir/barman/bs1024_fullrun/outputs/nemotron-1B-SSA-Triton-bs1024/checkpoints/nemotron-1B-SSA-Triton-bs1024-step=0000000-last'), PosixPath('/tmpdir/barman/bs1024_fullrun/outputs/nemotron-1B-SSA-Triton-bs1024/checkpoints/nemotron-1B-SSA-Triton-bs1024-step=0026999-last')] matches *last.ckpt. Selecting one with the latest modified time.
[NeMo I 2026-03-31 03:14:20 nemo_logging:393] Fixing mis-match between ddp-config & mcore-optimizer config
[NeMo I 2026-03-31 03:14:20 nemo_logging:393] Rank 0 has data parallel group : [0, 1, 2, 3, 4, 5, 6, 7, 8, 9, 10, 11, 12, 13, 14, 15, 16, 17, 18, 19, 20, 21, 22, 23, 24, 25, 26, 27, 28, 29, 30, 31]
[NeMo I 2026-03-31 03:14:20 nemo_logging:393] Rank 0 has combined group of data parallel and context parallel : [0, 1, 2, 3, 4, 5, 6, 7, 8, 9, 10, 11, 12, 13, 14, 15, 16, 17, 18, 19, 20, 21, 22, 23, 24, 25, 26, 27, 28, 29, 30, 31]
[NeMo I 2026-03-31 03:14:20 nemo_logging:393] All data parallel group ranks with context parallel combined: [[0, 1, 2, 3, 4, 5, 6, 7, 8, 9, 10, 11, 12, 13, 14, 15, 16, 17, 18, 19, 20, 21, 22, 23, 24, 25, 26, 27, 28, 29, 30, 31]]
[NeMo I 2026-03-31 03:14:20 nemo_logging:393] Ranks 0 has data parallel rank: 0
[NeMo I 2026-03-31 03:14:20 nemo_logging:393] Rank 0 has context parallel group: [0]
[NeMo I 2026-03-31 03:14:20 nemo_logging:393] All context parallel group ranks: [[0], [1], [2], [3], [4], [5], [6], [7], [8], [9], [10], [11], [12], [13], [14], [15], [16], [17], [18], [19], [20], [21], [22], [23], [24], [25], [26], [27], [28], [29], [30], [31]]
[NeMo I 2026-03-31 03:14:20 nemo_logging:393] Ranks 0 has context parallel rank: 0
[NeMo I 2026-03-31 03:14:20 nemo_logging:393] Rank 0 has model parallel group: [0]
[NeMo I 2026-03-31 03:14:20 nemo_logging:393] All model parallel group ranks: [[0], [1], [2], [3], [4], [5], [6], [7], [8], [9], [10], [11], [12], [13], [14], [15], [16], [17], [18], [19], [20], [21], [22], [23], [24], [25], [26], [27], [28], [29], [30], [31]]
[NeMo I 2026-03-31 03:14:20 nemo_logging:393] Rank 0 has tensor model parallel group: [0]
[NeMo I 2026-03-31 03:14:20 nemo_logging:393] All tensor model parallel group ranks: [[0], [1], [2], [3], [4], [5], [6], [7], [8], [9], [10], [11], [12], [13], [14], [15], [16], [17], [18], [19], [20], [21], [22], [23], [24], [25], [26], [27], [28], [29], [30], [31]]
[NeMo I 2026-03-31 03:14:20 nemo_logging:393] Rank 0 has tensor model parallel rank: 0
[NeMo I 2026-03-31 03:14:20 nemo_logging:393] Rank 0 has pipeline model parallel group: [0]
[NeMo I 2026-03-31 03:14:20 nemo_logging:393] Rank 0 has embedding group: [0]
[NeMo I 2026-03-31 03:14:20 nemo_logging:393] All pipeline model parallel group ranks: [[0], [1], [2], [3], [4], [5], [6], [7], [8], [9], [10], [11], [12], [13], [14], [15], [16], [17], [18], [19], [20], [21], [22], [23], [24], [25], [26], [27], [28], [29], [30], [31]]
[NeMo I 2026-03-31 03:14:20 nemo_logging:393] Rank 0 has pipeline model parallel rank 0
[NeMo I 2026-03-31 03:14:20 nemo_logging:393] All embedding group ranks: [[0], [1], [2], [3], [4], [5], [6], [7], [8], [9], [10], [11], [12], [13], [14], [15], [16], [17], [18], [19], [20], [21], [22], [23], [24], [25], [26], [27], [28], [29], [30], [31]]
[NeMo I 2026-03-31 03:14:20 nemo_logging:393] Rank 0 has embedding rank: 0
INFO:nemo.lightning.pytorch.strategies.megatron_strategy:Initializing distributed: GLOBAL_RANK: 0, MEMBER: 1/32
[W331 03:14:20.314866887 socket.cpp:755] [c10d] The client socket cannot be initialized to connect to [kairosgh10.calmip.cluster]:46003 (errno: 97 - Address family not supported by protocol).
INFO: ----------------------------------------------------------------------------------------------------
distributed_backend=nccl
All distributed processes registered. Starting with 32 processes
----------------------------------------------------------------------------------------------------

INFO:lightning.pytorch.utilities.rank_zero:----------------------------------------------------------------------------------------------------
distributed_backend=nccl
All distributed processes registered. Starting with 32 processes
----------------------------------------------------------------------------------------------------

INFO:nemo.lightning.pytorch.strategies.megatron_strategy:Initializing distributed: GLOBAL_RANK: 29, MEMBER: 30/32
[W331 03:14:20.655199306 socket.cpp:755] [c10d] The client socket cannot be initialized to connect to [kairosgh10.calmip.cluster]:46003 (errno: 97 - Address family not supported by protocol).
INFO:nemo.lightning.pytorch.strategies.megatron_strategy:Initializing distributed: GLOBAL_RANK: 30, MEMBER: 31/32
INFO:nemo.lightning.pytorch.strategies.megatron_strategy:Initializing distributed: GLOBAL_RANK: 31, MEMBER: 32/32
[W331 03:14:20.661435810 socket.cpp:755] [c10d] The client socket cannot be initialized to connect to [kairosgh10.calmip.cluster]:46003 (errno: 97 - Address family not supported by protocol).
[W331 03:14:20.661721884 socket.cpp:755] [c10d] The client socket cannot be initialized to connect to [kairosgh10.calmip.cluster]:46003 (errno: 97 - Address family not supported by protocol).
INFO:nemo.lightning.pytorch.strategies.megatron_strategy:Initializing distributed: GLOBAL_RANK: 5, MEMBER: 6/32
[W331 03:14:20.086806274 socket.cpp:755] [c10d] The client socket cannot be initialized to connect to [kairosgh10.calmip.cluster]:46003 (errno: 97 - Address family not supported by protocol).
INFO:nemo.lightning.pytorch.strategies.megatron_strategy:Initializing distributed: GLOBAL_RANK: 7, MEMBER: 8/32
[W331 03:14:20.090513388 socket.cpp:755] [c10d] The client socket cannot be initialized to connect to [kairosgh10.calmip.cluster]:46003 (errno: 97 - Address family not supported by protocol).
INFO:nemo.lightning.pytorch.strategies.megatron_strategy:Initializing distributed: GLOBAL_RANK: 6, MEMBER: 7/32
[W331 03:14:20.097810755 socket.cpp:755] [c10d] The client socket cannot be initialized to connect to [kairosgh10.calmip.cluster]:46003 (errno: 97 - Address family not supported by protocol).
INFO:nemo.lightning.pytorch.strategies.megatron_strategy:Initializing distributed: GLOBAL_RANK: 12, MEMBER: 13/32
[W331 03:14:20.744012750 socket.cpp:755] [c10d] The client socket cannot be initialized to connect to [kairosgh10.calmip.cluster]:46003 (errno: 97 - Address family not supported by protocol).
INFO:nemo.lightning.pytorch.strategies.megatron_strategy:Initializing distributed: GLOBAL_RANK: 2, MEMBER: 3/32
INFO:nemo.lightning.pytorch.strategies.megatron_strategy:Initializing distributed: GLOBAL_RANK: 1, MEMBER: 2/32
[W331 03:14:21.787499328 socket.cpp:755] [c10d] The client socket cannot be initialized to connect to [kairosgh10.calmip.cluster]:46003 (errno: 97 - Address family not supported by protocol).
[W331 03:14:21.792281882 socket.cpp:755] [c10d] The client socket cannot be initialized to connect to [kairosgh10.calmip.cluster]:46003 (errno: 97 - Address family not supported by protocol).
INFO:nemo.lightning.pytorch.strategies.megatron_strategy:Initializing distributed: GLOBAL_RANK: 3, MEMBER: 4/32
[W331 03:14:21.797758821 socket.cpp:755] [c10d] The client socket cannot be initialized to connect to [kairosgh10.calmip.cluster]:46003 (errno: 97 - Address family not supported by protocol).
INFO:nemo.lightning.pytorch.strategies.megatron_strategy:Initializing distributed: GLOBAL_RANK: 15, MEMBER: 16/32
[W331 03:14:21.247207289 socket.cpp:755] [c10d] The client socket cannot be initialized to connect to [kairosgh10.calmip.cluster]:46003 (errno: 97 - Address family not supported by protocol).
INFO:nemo.lightning.pytorch.strategies.megatron_strategy:Initializing distributed: GLOBAL_RANK: 14, MEMBER: 15/32
[W331 03:14:21.251705736 socket.cpp:755] [c10d] The client socket cannot be initialized to connect to [kairosgh10.calmip.cluster]:46003 (errno: 97 - Address family not supported by protocol).
INFO:nemo.lightning.pytorch.strategies.megatron_strategy:Initializing distributed: GLOBAL_RANK: 13, MEMBER: 14/32
[W331 03:14:21.256675023 socket.cpp:755] [c10d] The client socket cannot be initialized to connect to [kairosgh10.calmip.cluster]:46003 (errno: 97 - Address family not supported by protocol).
INFO:nemo.lightning.pytorch.strategies.megatron_strategy:Initializing distributed: GLOBAL_RANK: 20, MEMBER: 21/32
[W331 03:14:21.723570507 socket.cpp:755] [c10d] The client socket cannot be initialized to connect to [kairosgh10.calmip.cluster]:46003 (errno: 97 - Address family not supported by protocol).
INFO:nemo.lightning.pytorch.strategies.megatron_strategy:Initializing distributed: GLOBAL_RANK: 22, MEMBER: 23/32
INFO:nemo.lightning.pytorch.strategies.megatron_strategy:Initializing distributed: GLOBAL_RANK: 23, MEMBER: 24/32
[W331 03:14:22.218424294 socket.cpp:755] [c10d] The client socket cannot be initialized to connect to [kairosgh10.calmip.cluster]:46003 (errno: 97 - Address family not supported by protocol).
[W331 03:14:22.222173433 socket.cpp:755] [c10d] The client socket cannot be initialized to connect to [kairosgh10.calmip.cluster]:46003 (errno: 97 - Address family not supported by protocol).
INFO:nemo.lightning.pytorch.strategies.megatron_strategy:Initializing distributed: GLOBAL_RANK: 21, MEMBER: 22/32
[W331 03:14:22.227657033 socket.cpp:755] [c10d] The client socket cannot be initialized to connect to [kairosgh10.calmip.cluster]:46003 (errno: 97 - Address family not supported by protocol).
[NeMo I 2026-03-31 03:14:29 utils:532] Let split_matrix = [(0, 1.0), None, None]
[NeMo I 2026-03-31 03:14:29 utils:532] Building GPTDataset splits with sizes=[732966912, 0, 32768] and config=GPTDatasetConfig(random_seed=1234, sequence_length=4096, blend=[['/work/datasets/AI/tokens_luciole_phase1/claire_open_en_text_document', '/work/datasets/AI/tokens_luciole_phase1/claire_open_fr_text_document', '/work/datasets/AI/tokens_luciole_phase1/common-corpus_bnl-newspapers-1841-1879_fr_text_document', '/work/datasets/AI/tokens_luciole_phase1/common-corpus_eurlex_multi_text_document', '/work/datasets/AI/tokens_luciole_phase1/common-corpus_gatt-library_multi_text_document', '/work/datasets/AI/tokens_luciole_phase1/common-corpus_oecd_multi_text_document', '/work/datasets/AI/tokens_luciole_phase1/common-corpus_tedeutenders_multi_text_document', '/work/datasets/AI/tokens_luciole_phase1/common-corpus_wto_multi_text_document', '/work/datasets/AI/tokens_luciole_phase1/common-pile_arxiv-abstracts_en_text_document', '/work/datasets/AI/tokens_luciole_phase1/common-pile_arxiv-papers_en_text_document', '/work/datasets/AI/tokens_luciole_phase1/common-pile_biodiversity-heritage-library_en_text_document', '/work/datasets/AI/tokens_luciole_phase1/common-pile_caselaw-access-project_en_text_document', '/work/datasets/AI/tokens_luciole_phase1/common-pile_doab_en_text_document', '/work/datasets/AI/tokens_luciole_phase1/common-pile_foodista_en_text_document', '/work/datasets/AI/tokens_luciole_phase1/common-pile_github-archive_en_text_document', '/work/datasets/AI/tokens_luciole_phase1/common-pile_library-of-congress_en_text_document', '/work/datasets/AI/tokens_luciole_phase1/common-pile_libretexts_en_text_document', '/work/datasets/AI/tokens_luciole_phase1/common-pile_news_en_text_document', '/work/datasets/AI/tokens_luciole_phase1/common-pile_oercommons_en_text_document', '/work/datasets/AI/tokens_luciole_phase1/common-pile_peS2o_en_text_document', '/work/datasets/AI/tokens_luciole_phase1/common-pile_pre-1929-books_en_text_document', '/work/datasets/AI/tokens_luciole_phase1/common-pile_pressbooks_en_text_document', '/work/datasets/AI/tokens_luciole_phase1/common-pile_public-domain-review_en_text_document', '/work/datasets/AI/tokens_luciole_phase1/common-pile_pubmed_en_text_document', '/work/datasets/AI/tokens_luciole_phase1/common-pile_python-enhancement-proposals_en_text_document', '/work/datasets/AI/tokens_luciole_phase1/common-pile_regulations_en_text_document', '/work/datasets/AI/tokens_luciole_phase1/common-pile_stackexchange_en_text_document', '/work/datasets/AI/tokens_luciole_phase1/common-pile_ubuntu-irc_en_text_document', '/work/datasets/AI/tokens_luciole_phase1/common-pile_youtube_en_text_document', '/work/datasets/AI/tokens_luciole_phase1/croissant-aligned_aligned_text_document', '/work/datasets/AI/tokens_luciole_phase1/culturax_fr_text_document_ratio1.30_phase0', '/work/datasets/AI/tokens_luciole_phase1/dclm-dolmino_en_text_document_ratio0.75_phase0', '/work/datasets/AI/tokens_luciole_phase1/europarl_aligned_text_document', '/work/datasets/AI/tokens_luciole_phase1/europarl_multi_text_document', '/work/datasets/AI/tokens_luciole_phase1/eurovoc_filtered_multi_text_document', '/work/datasets/AI/tokens_luciole_phase1/fineweb-edu_en_text_document_ratio0.75_phase0', '/work/datasets/AI/tokens_luciole_phase1/fineweb2_ar_text_document_ratio0.50_phase0', '/work/datasets/AI/tokens_luciole_phase1/fineweb2_ca_text_document_ratio0.05_phase0', '/work/datasets/AI/tokens_luciole_phase1/fineweb2_de_text_document_ratio0.50_phase0', '/work/datasets/AI/tokens_luciole_phase1/fineweb2_es_text_document_ratio0.50_phase0', '/work/datasets/AI/tokens_luciole_phase1/fineweb2_fr_text_document_ratio1.30_phase0', '/work/datasets/AI/tokens_luciole_phase1/fineweb2_it_text_document_ratio0.50_phase0', '/work/datasets/AI/tokens_luciole_phase1/fineweb2_nl_text_document_ratio0.50_phase0', '/work/datasets/AI/tokens_luciole_phase1/fineweb2_pt_text_document_ratio0.50_phase0', '/work/datasets/AI/tokens_luciole_phase1/fineweb2_regional_text_document', '/work/datasets/AI/tokens_luciole_phase1/gallica_monographies_fr_text_document', '/work/datasets/AI/tokens_luciole_phase1/gallica_press_fr_text_document', '/work/datasets/AI/tokens_luciole_phase1/gutenberg_de_text_document', '/work/datasets/AI/tokens_luciole_phase1/gutenberg_en_text_document', '/work/datasets/AI/tokens_luciole_phase1/gutenberg_es_text_document', '/work/datasets/AI/tokens_luciole_phase1/gutenberg_fr_text_document', '/work/datasets/AI/tokens_luciole_phase1/gutenberg_it_text_document', '/work/datasets/AI/tokens_luciole_phase1/gutenberg_nl_text_document', '/work/datasets/AI/tokens_luciole_phase1/gutenberg_pt_text_document', '/work/datasets/AI/tokens_luciole_phase1/hal-cea_full-filtered_fr_text_document', '/work/datasets/AI/tokens_luciole_phase1/hplt2_fr_text_document_ratio1.30_phase0', '/work/datasets/AI/tokens_luciole_phase1/insee_fr_text_document', '/work/datasets/AI/tokens_luciole_phase1/math-pile_math_text_document', '/work/datasets/AI/tokens_luciole_phase1/opendata_fr_text_document', '/work/datasets/AI/tokens_luciole_phase1/parlement_fr_text_document', '/work/datasets/AI/tokens_luciole_phase1/starcoder-data_code_text_document', '/work/datasets/AI/tokens_luciole_phase1/theses_fr_text_document', '/work/datasets/AI/tokens_luciole_phase1/wikimedia-vikidia_ar_text_document', '/work/datasets/AI/tokens_luciole_phase1/wikimedia-vikidia_ca_text_document_ratio0.20_phase0', '/work/datasets/AI/tokens_luciole_phase1/wikimedia-vikidia_de_text_document', '/work/datasets/AI/tokens_luciole_phase1/wikimedia-vikidia_en_text_document', '/work/datasets/AI/tokens_luciole_phase1/wikimedia-vikidia_es_text_document', '/work/datasets/AI/tokens_luciole_phase1/wikimedia-vikidia_fr_text_document', '/work/datasets/AI/tokens_luciole_phase1/wikimedia-vikidia_it_text_document', '/work/datasets/AI/tokens_luciole_phase1/wikimedia-vikidia_pt_text_document', '/work/datasets/AI/tokens_luciole_phase1/wikimedia-vikidia_regional_text_document', '/work/datasets/AI/tokens_luciole_phase1/wikimedia_nl_text_document', '/work/datasets/AI/tokens_luciole_phase1/youtube_fr_text_document'], [29003.0, 92129.0, 66237.0, 3601664.0, 41322.0, 121969.0, 31276.0, 577279.0, 140138.0, 1299034.0, 107772.0, 929697.0, 712786.0, 5603.0, 2244221.0, 101533.0, 21049.0, 14354.0, 2748.0, 10166525.0, 531517.0, 31891.0, 382.0, 1869301.0, 652.0, 266173.0, 4985359.0, 482830.0, 204765.0, 11618464.0, 57012131.0, 93003263.0, 215607.0, 99752.0, 2150091.0, 214754282.0, 3350461.0, 92529.0, 27173931.0, 24393496.0, 50038822.0, 13377940.0, 7435763.0, 9800040.0, 2132152.0, 5842786.0, 22850320.0, 42330.0, 1187655.0, 21778.0, 91991.0, 29909.0, 24430.0, 9241.0, 7828031.0, 70401931.0, 55377.0, 2345197.0, 2749409.0, 282826.0, 62922795.0, 3239718.0, 265451.0, 58530.0, 1098595.0, 2882825.0, 631843.0, 1276052.0, 654077.0, 304392.0, 119234.0, 345319.0, 76194.0]], blend_per_split=None, split='1,0,0', split_matrix=[(0, 1.0), None, None], num_dataset_builder_threads=1, path_to_cache='/tmpdir/barman/bs1024_fullrun/outputs/index_mapping', mmap_bin_files=True, mock=False, tokenizer=<nemo.collections.common.tokenizers.huggingface.auto_tokenizer.AutoTokenizer object at 0x40044decb0e0>, reset_position_ids=False, reset_attention_mask=False, eod_mask_loss=False, create_attention_mask=False, drop_last_partial_validation_sequence=True, add_extra_token_to_sequence=True, s3_cache_path=None)
[NeMo I 2026-03-31 03:14:29 utils:532] Load the _IndexReader from /work/datasets/AI/tokens_luciole_phase1/claire_open_en_text_document.idx
[NeMo I 2026-03-31 03:14:29 utils:532] 	Extract the sequence lengths
[NeMo I 2026-03-31 03:14:29 utils:532] 	Extract the sequence pointers
[NeMo I 2026-03-31 03:14:29 utils:532] 	Extract the document indices
[NeMo I 2026-03-31 03:14:29 utils:532] > total number of sequences: 462740
[NeMo I 2026-03-31 03:14:29 utils:532] > total number of documents: 462740
[NeMo I 2026-03-31 03:14:29 utils:532] Load the GPTDataset train indices
[NeMo I 2026-03-31 03:14:29 utils:532] 	Load the document index from c278a2eb266ce1172450760e13116258-GPTDataset-train-document_index.npy
[NeMo I 2026-03-31 03:14:29 utils:532] 	Load the sample index from c278a2eb266ce1172450760e13116258-GPTDataset-train-sample_index.npy
[NeMo I 2026-03-31 03:14:29 utils:532] 	Load the shuffle index from c278a2eb266ce1172450760e13116258-GPTDataset-train-shuffle_index.npy
[NeMo I 2026-03-31 03:14:29 utils:532] > total number of samples: 58006
[NeMo I 2026-03-31 03:14:29 utils:532] Load the _IndexReader from /work/datasets/AI/tokens_luciole_phase1/claire_open_fr_text_document.idx
[NeMo I 2026-03-31 03:14:29 utils:532] 	Extract the sequence lengths
[NeMo I 2026-03-31 03:14:29 utils:532] 	Extract the sequence pointers
[NeMo I 2026-03-31 03:14:29 utils:532] 	Extract the document indices
[NeMo I 2026-03-31 03:14:29 utils:532] > total number of sequences: 14526
[NeMo I 2026-03-31 03:14:29 utils:532] > total number of documents: 14526
[NeMo I 2026-03-31 03:14:29 utils:532] Load the GPTDataset train indices
[NeMo I 2026-03-31 03:14:29 utils:532] 	Load the document index from e9e3df595a4f5c19d8afbab5002daa48-GPTDataset-train-document_index.npy
[NeMo I 2026-03-31 03:14:29 utils:532] 	Load the sample index from e9e3df595a4f5c19d8afbab5002daa48-GPTDataset-train-sample_index.npy
[NeMo I 2026-03-31 03:14:29 utils:532] 	Load the shuffle index from e9e3df595a4f5c19d8afbab5002daa48-GPTDataset-train-shuffle_index.npy
[NeMo I 2026-03-31 03:14:29 utils:532] > total number of samples: 138193
[NeMo I 2026-03-31 03:14:29 utils:532] Load the _IndexReader from /work/datasets/AI/tokens_luciole_phase1/common-corpus_bnl-newspapers-1841-1879_fr_text_document.idx
[NeMo I 2026-03-31 03:14:29 utils:532] 	Extract the sequence lengths
[NeMo I 2026-03-31 03:14:29 utils:532] 	Extract the sequence pointers
[NeMo I 2026-03-31 03:14:29 utils:532] 	Extract the document indices
[NeMo I 2026-03-31 03:14:29 utils:532] > total number of sequences: 315272
[NeMo I 2026-03-31 03:14:29 utils:532] > total number of documents: 315272
[NeMo I 2026-03-31 03:14:29 utils:532] Load the GPTDataset train indices
[NeMo I 2026-03-31 03:14:29 utils:532] 	Load the document index from bf49c6faa0d4a2569c1d2a543370fada-GPTDataset-train-document_index.npy
[NeMo I 2026-03-31 03:14:29 utils:532] 	Load the sample index from bf49c6faa0d4a2569c1d2a543370fada-GPTDataset-train-sample_index.npy
[NeMo I 2026-03-31 03:14:29 utils:532] 	Load the shuffle index from bf49c6faa0d4a2569c1d2a543370fada-GPTDataset-train-shuffle_index.npy
[NeMo I 2026-03-31 03:14:29 utils:532] > total number of samples: 132475
[NeMo I 2026-03-31 03:14:29 utils:532] Load the _IndexReader from /work/datasets/AI/tokens_luciole_phase1/common-corpus_eurlex_multi_text_document.idx
[NeMo I 2026-03-31 03:14:29 utils:532] 	Extract the sequence lengths
[NeMo I 2026-03-31 03:14:29 utils:532] 	Extract the sequence pointers
[NeMo I 2026-03-31 03:14:29 utils:532] 	Extract the document indices
[NeMo I 2026-03-31 03:14:29 utils:532] > total number of sequences: 1803972
[NeMo I 2026-03-31 03:14:29 utils:532] > total number of documents: 1803972
[NeMo I 2026-03-31 03:14:29 utils:532] Load the GPTDataset train indices
[NeMo I 2026-03-31 03:14:29 utils:532] 	Load the document index from d0e71574d22e0e9587d79d18462d5269-GPTDataset-train-document_index.npy
[NeMo I 2026-03-31 03:14:29 utils:532] 	Load the sample index from d0e71574d22e0e9587d79d18462d5269-GPTDataset-train-sample_index.npy
[NeMo I 2026-03-31 03:14:29 utils:532] 	Load the shuffle index from d0e71574d22e0e9587d79d18462d5269-GPTDataset-train-shuffle_index.npy
[NeMo I 2026-03-31 03:14:29 utils:532] > total number of samples: 7203329
[NeMo I 2026-03-31 03:14:29 utils:532] Load the _IndexReader from /work/datasets/AI/tokens_luciole_phase1/common-corpus_gatt-library_multi_text_document.idx
[NeMo I 2026-03-31 03:14:29 utils:532] 	Extract the sequence lengths
[NeMo I 2026-03-31 03:14:29 utils:532] 	Extract the sequence pointers
[NeMo I 2026-03-31 03:14:29 utils:532] 	Extract the document indices
[NeMo I 2026-03-31 03:14:29 utils:532] > total number of sequences: 55289
[NeMo I 2026-03-31 03:14:29 utils:532] > total number of documents: 55289
[NeMo I 2026-03-31 03:14:29 utils:532] Load the GPTDataset train indices
[NeMo I 2026-03-31 03:14:29 utils:532] 	Load the document index from 0e3af409956f4c7e07347f35d50e7331-GPTDataset-train-document_index.npy
[NeMo I 2026-03-31 03:14:29 utils:532] 	Load the sample index from 0e3af409956f4c7e07347f35d50e7331-GPTDataset-train-sample_index.npy
[NeMo I 2026-03-31 03:14:29 utils:532] 	Load the shuffle index from 0e3af409956f4c7e07347f35d50e7331-GPTDataset-train-shuffle_index.npy
[NeMo I 2026-03-31 03:14:29 utils:532] > total number of samples: 82644
[NeMo I 2026-03-31 03:14:29 utils:532] Load the _IndexReader from /work/datasets/AI/tokens_luciole_phase1/common-corpus_oecd_multi_text_document.idx
[NeMo I 2026-03-31 03:14:29 utils:532] 	Extract the sequence lengths
[NeMo I 2026-03-31 03:14:29 utils:532] 	Extract the sequence pointers
[NeMo I 2026-03-31 03:14:29 utils:532] 	Extract the document indices
[NeMo I 2026-03-31 03:14:29 utils:532] > total number of sequences: 68581
[NeMo I 2026-03-31 03:14:29 utils:532] > total number of documents: 68581
[NeMo I 2026-03-31 03:14:29 utils:532] Load the GPTDataset train indices
[NeMo I 2026-03-31 03:14:29 utils:532] 	Load the document index from b6cd086337313001b25df2df65dc4979-GPTDataset-train-document_index.npy
[NeMo I 2026-03-31 03:14:29 utils:532] 	Load the sample index from b6cd086337313001b25df2df65dc4979-GPTDataset-train-sample_index.npy
[NeMo I 2026-03-31 03:14:29 utils:532] 	Load the shuffle index from b6cd086337313001b25df2df65dc4979-GPTDataset-train-shuffle_index.npy
[NeMo I 2026-03-31 03:14:29 utils:532] > total number of samples: 243939
[NeMo I 2026-03-31 03:14:29 utils:532] Load the _IndexReader from /work/datasets/AI/tokens_luciole_phase1/common-corpus_tedeutenders_multi_text_document.idx
[NeMo I 2026-03-31 03:14:29 utils:532] 	Extract the sequence lengths
[NeMo I 2026-03-31 03:14:29 utils:532] 	Extract the sequence pointers
[NeMo I 2026-03-31 03:14:29 utils:532] 	Extract the document indices
[NeMo I 2026-03-31 03:14:29 utils:532] > total number of sequences: 51785
[NeMo I 2026-03-31 03:14:29 utils:532] > total number of documents: 51785
[NeMo I 2026-03-31 03:14:29 utils:532] Load the GPTDataset train indices
[NeMo I 2026-03-31 03:14:29 utils:532] 	Load the document index from a64f343cb03a044e015584691cbd866c-GPTDataset-train-document_index.npy
[NeMo I 2026-03-31 03:14:29 utils:532] 	Load the sample index from a64f343cb03a044e015584691cbd866c-GPTDataset-train-sample_index.npy
[NeMo I 2026-03-31 03:14:29 utils:532] 	Load the shuffle index from a64f343cb03a044e015584691cbd866c-GPTDataset-train-shuffle_index.npy
[NeMo I 2026-03-31 03:14:29 utils:532] > total number of samples: 62552
[NeMo I 2026-03-31 03:14:29 utils:532] Load the _IndexReader from /work/datasets/AI/tokens_luciole_phase1/common-corpus_wto_multi_text_document.idx
[NeMo I 2026-03-31 03:14:29 utils:532] 	Extract the sequence lengths
[NeMo I 2026-03-31 03:14:29 utils:532] 	Extract the sequence pointers
[NeMo I 2026-03-31 03:14:29 utils:532] 	Extract the document indices
[NeMo I 2026-03-31 03:14:29 utils:532] > total number of sequences: 644356
[NeMo I 2026-03-31 03:14:29 utils:532] > total number of documents: 644356
[NeMo I 2026-03-31 03:14:29 utils:532] Load the GPTDataset train indices
[NeMo I 2026-03-31 03:14:29 utils:532] 	Load the document index from 899999aa2e00ad0df6aa025824d3a581-GPTDataset-train-document_index.npy
[NeMo I 2026-03-31 03:14:29 utils:532] 	Load the sample index from 899999aa2e00ad0df6aa025824d3a581-GPTDataset-train-sample_index.npy
[NeMo I 2026-03-31 03:14:29 utils:532] 	Load the shuffle index from 899999aa2e00ad0df6aa025824d3a581-GPTDataset-train-shuffle_index.npy
[NeMo I 2026-03-31 03:14:29 utils:532] > total number of samples: 1154559
[NeMo I 2026-03-31 03:14:29 utils:532] Load the _IndexReader from /work/datasets/AI/tokens_luciole_phase1/common-pile_arxiv-abstracts_en_text_document.idx
[NeMo I 2026-03-31 03:14:32 utils:532] 	Extract the sequence lengths
[NeMo I 2026-03-31 03:14:32 utils:532] 	Extract the sequence pointers
[NeMo I 2026-03-31 03:14:32 utils:532] 	Extract the document indices
[NeMo I 2026-03-31 03:14:32 utils:532] > total number of sequences: 2494948
[NeMo I 2026-03-31 03:14:32 utils:532] > total number of documents: 2494948
[NeMo I 2026-03-31 03:14:32 utils:532] Load the GPTDataset train indices
[NeMo I 2026-03-31 03:14:32 utils:532] 	Load the document index from 978e5d407878da5e8c7ccb07f93574f6-GPTDataset-train-document_index.npy
[NeMo I 2026-03-31 03:14:32 utils:532] 	Load the sample index from 978e5d407878da5e8c7ccb07f93574f6-GPTDataset-train-sample_index.npy
[NeMo I 2026-03-31 03:14:32 utils:532] 	Load the shuffle index from 978e5d407878da5e8c7ccb07f93574f6-GPTDataset-train-shuffle_index.npy
[NeMo I 2026-03-31 03:14:32 utils:532] > total number of samples: 280276
[NeMo I 2026-03-31 03:14:32 utils:532] Load the _IndexReader from /work/datasets/AI/tokens_luciole_phase1/common-pile_arxiv-papers_en_text_document.idx
[NeMo I 2026-03-31 03:14:32 utils:532] 	Extract the sequence lengths
[NeMo I 2026-03-31 03:14:32 utils:532] 	Extract the sequence pointers
[NeMo I 2026-03-31 03:14:32 utils:532] 	Extract the document indices
[NeMo I 2026-03-31 03:14:32 utils:532] > total number of sequences: 265829
[NeMo I 2026-03-31 03:14:32 utils:532] > total number of documents: 265829
[NeMo I 2026-03-31 03:14:32 utils:532] Load the GPTDataset train indices
[NeMo I 2026-03-31 03:14:32 utils:532] 	Load the document index from 608896eed76c237d9c3ae1cdd7b03116-GPTDataset-train-document_index.npy
[NeMo I 2026-03-31 03:14:32 utils:532] 	Load the sample index from 608896eed76c237d9c3ae1cdd7b03116-GPTDataset-train-sample_index.npy
[NeMo I 2026-03-31 03:14:32 utils:532] 	Load the shuffle index from 608896eed76c237d9c3ae1cdd7b03116-GPTDataset-train-shuffle_index.npy
[NeMo I 2026-03-31 03:14:32 utils:532] > total number of samples: 2598069
[NeMo I 2026-03-31 03:14:32 utils:532] Load the _IndexReader from /work/datasets/AI/tokens_luciole_phase1/common-pile_biodiversity-heritage-library_en_text_document.idx
[NeMo I 2026-03-31 03:14:32 utils:532] 	Extract the sequence lengths
[NeMo I 2026-03-31 03:14:32 utils:532] 	Extract the sequence pointers
[NeMo I 2026-03-31 03:14:32 utils:532] 	Extract the document indices
[NeMo I 2026-03-31 03:14:32 utils:532] > total number of sequences: 14559324
[NeMo I 2026-03-31 03:14:32 utils:532] > total number of documents: 14559324
[NeMo I 2026-03-31 03:14:32 utils:532] Load the GPTDataset train indices
[NeMo I 2026-03-31 03:14:32 utils:532] 	Load the document index from 7c3c1c36c58a456be99aeb3129c42a47-GPTDataset-train-document_index.npy
[NeMo I 2026-03-31 03:14:32 utils:532] 	Load the sample index from 7c3c1c36c58a456be99aeb3129c42a47-GPTDataset-train-sample_index.npy
[NeMo I 2026-03-31 03:14:32 utils:532] 	Load the shuffle index from 7c3c1c36c58a456be99aeb3129c42a47-GPTDataset-train-shuffle_index.npy
[NeMo I 2026-03-31 03:14:32 utils:532] > total number of samples: 2155443
[NeMo I 2026-03-31 03:14:32 utils:532] Load the _IndexReader from /work/datasets/AI/tokens_luciole_phase1/common-pile_caselaw-access-project_en_text_document.idx
[NeMo I 2026-03-31 03:14:32 utils:532] 	Extract the sequence lengths
[NeMo I 2026-03-31 03:14:32 utils:532] 	Extract the sequence pointers
[NeMo I 2026-03-31 03:14:32 utils:532] 	Extract the document indices
[NeMo I 2026-03-31 03:14:32 utils:532] > total number of sequences: 6675458
[NeMo I 2026-03-31 03:14:32 utils:532] > total number of documents: 6675458
[NeMo I 2026-03-31 03:14:32 utils:532] Load the GPTDataset train indices
[NeMo I 2026-03-31 03:14:32 utils:532] 	Load the document index from ec105bfa9c756daba1dfd117e687d172-GPTDataset-train-document_index.npy
[NeMo I 2026-03-31 03:14:32 utils:532] 	Load the sample index from ec105bfa9c756daba1dfd117e687d172-GPTDataset-train-sample_index.npy
[NeMo I 2026-03-31 03:14:32 utils:532] 	Load the shuffle index from ec105bfa9c756daba1dfd117e687d172-GPTDataset-train-shuffle_index.npy
[NeMo I 2026-03-31 03:14:32 utils:532] > total number of samples: 4648487
[NeMo I 2026-03-31 03:14:32 utils:532] Load the _IndexReader from /work/datasets/AI/tokens_luciole_phase1/common-pile_doab_en_text_document.idx
[NeMo I 2026-03-31 03:14:32 utils:532] 	Extract the sequence lengths
[NeMo I 2026-03-31 03:14:32 utils:532] 	Extract the sequence pointers
[NeMo I 2026-03-31 03:14:32 utils:532] 	Extract the document indices
[NeMo I 2026-03-31 03:14:32 utils:532] > total number of sequences: 392508
[NeMo I 2026-03-31 03:14:32 utils:532] > total number of documents: 392508
[NeMo I 2026-03-31 03:14:32 utils:532] Load the GPTDataset train indices
[NeMo I 2026-03-31 03:14:32 utils:532] 	Load the document index from 95b255fdfe8df21733b838fde7ffb303-GPTDataset-train-document_index.npy
[NeMo I 2026-03-31 03:14:32 utils:532] 	Load the sample index from 95b255fdfe8df21733b838fde7ffb303-GPTDataset-train-sample_index.npy
[NeMo I 2026-03-31 03:14:32 utils:532] 	Load the shuffle index from 95b255fdfe8df21733b838fde7ffb303-GPTDataset-train-shuffle_index.npy
[NeMo I 2026-03-31 03:14:32 utils:532] > total number of samples: 1425572
[NeMo I 2026-03-31 03:14:32 utils:532] Load the _IndexReader from /work/datasets/AI/tokens_luciole_phase1/common-pile_foodista_en_text_document.idx
[NeMo I 2026-03-31 03:14:32 utils:532] 	Extract the sequence lengths
[NeMo I 2026-03-31 03:14:32 utils:532] 	Extract the sequence pointers
[NeMo I 2026-03-31 03:14:32 utils:532] 	Extract the document indices
[NeMo I 2026-03-31 03:14:32 utils:532] > total number of sequences: 64362
[NeMo I 2026-03-31 03:14:32 utils:532] > total number of documents: 64362
[NeMo I 2026-03-31 03:14:32 utils:532] Load the GPTDataset train indices
[NeMo I 2026-03-31 03:14:32 utils:532] 	Load the document index from ce26f4c8e127de4a3d70bf0e960f511b-GPTDataset-train-document_index.npy
[NeMo I 2026-03-31 03:14:32 utils:532] 	Load the sample index from ce26f4c8e127de4a3d70bf0e960f511b-GPTDataset-train-sample_index.npy
[NeMo I 2026-03-31 03:14:32 utils:532] 	Load the shuffle index from ce26f4c8e127de4a3d70bf0e960f511b-GPTDataset-train-shuffle_index.npy
[NeMo I 2026-03-31 03:14:32 utils:532] > total number of samples: 11206
[NeMo I 2026-03-31 03:14:32 utils:532] Load the _IndexReader from /work/datasets/AI/tokens_luciole_phase1/common-pile_github-archive_en_text_document.idx
[NeMo I 2026-03-31 03:14:32 utils:532] 	Extract the sequence lengths
[NeMo I 2026-03-31 03:14:32 utils:532] 	Extract the sequence pointers
[NeMo I 2026-03-31 03:14:32 utils:532] 	Extract the document indices
[NeMo I 2026-03-31 03:14:32 utils:532] > total number of sequences: 21453611
[NeMo I 2026-03-31 03:14:32 utils:532] > total number of documents: 21453611
[NeMo I 2026-03-31 03:14:32 utils:532] Load the GPTDataset train indices
[NeMo I 2026-03-31 03:14:32 utils:532] 	Load the document index from 24c349adb8df689f5f8e3c132574a8db-GPTDataset-train-document_index.npy
[NeMo I 2026-03-31 03:14:32 utils:532] 	Load the sample index from 24c349adb8df689f5f8e3c132574a8db-GPTDataset-train-sample_index.npy
[NeMo I 2026-03-31 03:14:32 utils:532] 	Load the shuffle index from 24c349adb8df689f5f8e3c132574a8db-GPTDataset-train-shuffle_index.npy
[NeMo I 2026-03-31 03:14:32 utils:532] > total number of samples: 4488442
[NeMo I 2026-03-31 03:14:32 utils:532] Load the _IndexReader from /work/datasets/AI/tokens_luciole_phase1/common-pile_library-of-congress_en_text_document.idx
[NeMo I 2026-03-31 03:14:32 utils:532] 	Extract the sequence lengths
[NeMo I 2026-03-31 03:14:32 utils:532] 	Extract the sequence pointers
[NeMo I 2026-03-31 03:14:32 utils:532] 	Extract the document indices
[NeMo I 2026-03-31 03:14:32 utils:532] > total number of sequences: 128517
[NeMo I 2026-03-31 03:14:32 utils:532] > total number of documents: 128517
[NeMo I 2026-03-31 03:14:32 utils:532] Load the GPTDataset train indices
[NeMo I 2026-03-31 03:14:32 utils:532] 	Load the document index from 32fcea92eadf81eda1ef5e479f98cc85-GPTDataset-train-document_index.npy
[NeMo I 2026-03-31 03:14:32 utils:532] 	Load the sample index from 32fcea92eadf81eda1ef5e479f98cc85-GPTDataset-train-sample_index.npy
[NeMo I 2026-03-31 03:14:32 utils:532] 	Load the shuffle index from 32fcea92eadf81eda1ef5e479f98cc85-GPTDataset-train-shuffle_index.npy
[NeMo I 2026-03-31 03:14:32 utils:532] > total number of samples: 2030664
[NeMo I 2026-03-31 03:14:32 utils:532] Load the _IndexReader from /work/datasets/AI/tokens_luciole_phase1/common-pile_libretexts_en_text_document.idx
[NeMo I 2026-03-31 03:14:32 utils:532] 	Extract the sequence lengths
[NeMo I 2026-03-31 03:14:32 utils:532] 	Extract the sequence pointers
[NeMo I 2026-03-31 03:14:32 utils:532] 	Extract the document indices
[NeMo I 2026-03-31 03:14:32 utils:532] > total number of sequences: 39197
[NeMo I 2026-03-31 03:14:32 utils:532] > total number of documents: 39197
[NeMo I 2026-03-31 03:14:32 utils:532] Load the GPTDataset train indices
[NeMo I 2026-03-31 03:14:32 utils:532] 	Load the document index from 59f138e65187f3a05870ceada4e6b6d4-GPTDataset-train-document_index.npy
[NeMo I 2026-03-31 03:14:32 utils:532] 	Load the sample index from 59f138e65187f3a05870ceada4e6b6d4-GPTDataset-train-sample_index.npy
[NeMo I 2026-03-31 03:14:32 utils:532] 	Load the shuffle index from 59f138e65187f3a05870ceada4e6b6d4-GPTDataset-train-shuffle_index.npy
[NeMo I 2026-03-31 03:14:32 utils:532] > total number of samples: 42098
[NeMo I 2026-03-31 03:14:32 utils:532] Load the _IndexReader from /work/datasets/AI/tokens_luciole_phase1/common-pile_news_en_text_document.idx
[NeMo I 2026-03-31 03:14:32 utils:532] 	Extract the sequence lengths
[NeMo I 2026-03-31 03:14:32 utils:532] 	Extract the sequence pointers
[NeMo I 2026-03-31 03:14:32 utils:532] 	Extract the document indices
[NeMo I 2026-03-31 03:14:32 utils:532] > total number of sequences: 124462
[NeMo I 2026-03-31 03:14:32 utils:532] > total number of documents: 124462
[NeMo I 2026-03-31 03:14:32 utils:532] Load the GPTDataset train indices
[NeMo I 2026-03-31 03:14:32 utils:532] 	Load the document index from bfa8f51461bce61153eb586fb1ecd2dc-GPTDataset-train-document_index.npy
[NeMo I 2026-03-31 03:14:32 utils:532] 	Load the sample index from bfa8f51461bce61153eb586fb1ecd2dc-GPTDataset-train-sample_index.npy
[NeMo I 2026-03-31 03:14:32 utils:532] 	Load the shuffle index from bfa8f51461bce61153eb586fb1ecd2dc-GPTDataset-train-shuffle_index.npy
[NeMo I 2026-03-31 03:14:32 utils:532] > total number of samples: 28708
[NeMo I 2026-03-31 03:14:32 utils:532] Load the _IndexReader from /work/datasets/AI/tokens_luciole_phase1/common-pile_oercommons_en_text_document.idx
[NeMo I 2026-03-31 03:14:32 utils:532] 	Extract the sequence lengths
[NeMo I 2026-03-31 03:14:32 utils:532] 	Extract the sequence pointers
[NeMo I 2026-03-31 03:14:32 utils:532] 	Extract the document indices
[NeMo I 2026-03-31 03:14:32 utils:532] > total number of sequences: 5209
[NeMo I 2026-03-31 03:14:32 utils:532] > total number of documents: 5209
[NeMo I 2026-03-31 03:14:32 utils:532] Load the GPTDataset train indices
[NeMo I 2026-03-31 03:14:32 utils:532] 	Load the document index from d84be8ded1d9263c60b37e2dd2ccae0f-GPTDataset-train-document_index.npy
[NeMo I 2026-03-31 03:14:32 utils:532] 	Load the sample index from d84be8ded1d9263c60b37e2dd2ccae0f-GPTDataset-train-sample_index.npy
[NeMo I 2026-03-31 03:14:32 utils:532] 	Load the shuffle index from d84be8ded1d9263c60b37e2dd2ccae0f-GPTDataset-train-shuffle_index.npy
[NeMo I 2026-03-31 03:14:32 utils:532] > total number of samples: 5497
[NeMo I 2026-03-31 03:14:32 utils:532] Load the _IndexReader from /work/datasets/AI/tokens_luciole_phase1/common-pile_peS2o_en_text_document.idx
[NeMo I 2026-03-31 03:14:32 utils:532] 	Extract the sequence lengths
[NeMo I 2026-03-31 03:14:32 utils:532] 	Extract the sequence pointers
[NeMo I 2026-03-31 03:14:32 utils:532] 	Extract the document indices
[NeMo I 2026-03-31 03:14:32 utils:532] > total number of sequences: 6108597
[NeMo I 2026-03-31 03:14:32 utils:532] > total number of documents: 6108597
[NeMo I 2026-03-31 03:14:32 utils:532] Load the GPTDataset train indices
[NeMo I 2026-03-31 03:14:32 utils:532] 	Load the document index from 9e039f577ccdd45b49b326fda56daf9d-GPTDataset-train-document_index.npy
[NeMo I 2026-03-31 03:14:32 utils:532] 	Load the sample index from 9e039f577ccdd45b49b326fda56daf9d-GPTDataset-train-sample_index.npy
[NeMo I 2026-03-31 03:14:32 utils:532] 	Load the shuffle index from 9e039f577ccdd45b49b326fda56daf9d-GPTDataset-train-shuffle_index.npy
[NeMo I 2026-03-31 03:14:33 utils:532] > total number of samples: 20333050
[NeMo I 2026-03-31 03:14:33 utils:532] Load the _IndexReader from /work/datasets/AI/tokens_luciole_phase1/common-pile_pre-1929-books_en_text_document.idx
[NeMo I 2026-03-31 03:14:33 utils:532] 	Extract the sequence lengths
[NeMo I 2026-03-31 03:14:33 utils:532] 	Extract the sequence pointers
[NeMo I 2026-03-31 03:14:33 utils:532] 	Extract the document indices
[NeMo I 2026-03-31 03:14:33 utils:532] > total number of sequences: 124257
[NeMo I 2026-03-31 03:14:33 utils:532] > total number of documents: 124257
[NeMo I 2026-03-31 03:14:33 utils:532] Load the GPTDataset train indices
[NeMo I 2026-03-31 03:14:33 utils:532] 	Load the document index from 74731a6e40c4ceaa81c8c96085bfd237-GPTDataset-train-document_index.npy
[NeMo I 2026-03-31 03:14:33 utils:532] 	Load the sample index from 74731a6e40c4ceaa81c8c96085bfd237-GPTDataset-train-sample_index.npy
[NeMo I 2026-03-31 03:14:33 utils:532] 	Load the shuffle index from 74731a6e40c4ceaa81c8c96085bfd237-GPTDataset-train-shuffle_index.npy
[NeMo I 2026-03-31 03:14:33 utils:532] > total number of samples: 2657587
[NeMo I 2026-03-31 03:14:33 utils:532] Load the _IndexReader from /work/datasets/AI/tokens_luciole_phase1/common-pile_pressbooks_en_text_document.idx
[NeMo I 2026-03-31 03:14:33 utils:532] 	Extract the sequence lengths
[NeMo I 2026-03-31 03:14:33 utils:532] 	Extract the sequence pointers
[NeMo I 2026-03-31 03:14:33 utils:532] 	Extract the document indices
[NeMo I 2026-03-31 03:14:33 utils:532] > total number of sequences: 53819
[NeMo I 2026-03-31 03:14:33 utils:532] > total number of documents: 53819
[NeMo I 2026-03-31 03:14:33 utils:532] Load the GPTDataset train indices
[NeMo I 2026-03-31 03:14:33 utils:532] 	Load the document index from 48e6de04e97c2a9e86d1e0a8bd74b72e-GPTDataset-train-document_index.npy
[NeMo I 2026-03-31 03:14:33 utils:532] 	Load the sample index from 48e6de04e97c2a9e86d1e0a8bd74b72e-GPTDataset-train-sample_index.npy
[NeMo I 2026-03-31 03:14:33 utils:532] 	Load the shuffle index from 48e6de04e97c2a9e86d1e0a8bd74b72e-GPTDataset-train-shuffle_index.npy
[NeMo I 2026-03-31 03:14:33 utils:532] > total number of samples: 63783
[NeMo I 2026-03-31 03:14:33 utils:532] Load the _IndexReader from /work/datasets/AI/tokens_luciole_phase1/common-pile_public-domain-review_en_text_document.idx
[NeMo I 2026-03-31 03:14:33 utils:532] 	Extract the sequence lengths
[NeMo I 2026-03-31 03:14:33 utils:532] 	Extract the sequence pointers
[NeMo I 2026-03-31 03:14:33 utils:532] 	Extract the document indices
[NeMo I 2026-03-31 03:14:33 utils:532] > total number of sequences: 1406
[NeMo I 2026-03-31 03:14:33 utils:532] > total number of documents: 1406
[NeMo I 2026-03-31 03:14:33 utils:532] Load the GPTDataset train indices
[NeMo I 2026-03-31 03:14:33 utils:532] 	Load the document index from 6f9e86b1a98763d6698d1e9954f5edd0-GPTDataset-train-document_index.npy
[NeMo I 2026-03-31 03:14:33 utils:532] 	Load the sample index from 6f9e86b1a98763d6698d1e9954f5edd0-GPTDataset-train-sample_index.npy
[NeMo I 2026-03-31 03:14:33 utils:532] 	Load the shuffle index from 6f9e86b1a98763d6698d1e9954f5edd0-GPTDataset-train-shuffle_index.npy
[NeMo I 2026-03-31 03:14:33 utils:532] > total number of samples: 765
[NeMo I 2026-03-31 03:14:33 utils:532] Load the _IndexReader from /work/datasets/AI/tokens_luciole_phase1/common-pile_pubmed_en_text_document.idx
[NeMo I 2026-03-31 03:14:33 utils:532] 	Extract the sequence lengths
[NeMo I 2026-03-31 03:14:33 utils:532] 	Extract the sequence pointers
[NeMo I 2026-03-31 03:14:33 utils:532] 	Extract the document indices
[NeMo I 2026-03-31 03:14:33 utils:532] > total number of sequences: 3775036
[NeMo I 2026-03-31 03:14:33 utils:532] > total number of documents: 3775036
[NeMo I 2026-03-31 03:14:33 utils:532] Load the GPTDataset train indices
[NeMo I 2026-03-31 03:14:33 utils:532] 	Load the document index from ed9c7e8ff0fc787ece92a31011aade01-GPTDataset-train-document_index.npy
[NeMo I 2026-03-31 03:14:33 utils:532] 	Load the sample index from ed9c7e8ff0fc787ece92a31011aade01-GPTDataset-train-sample_index.npy
[NeMo I 2026-03-31 03:14:33 utils:532] 	Load the shuffle index from ed9c7e8ff0fc787ece92a31011aade01-GPTDataset-train-shuffle_index.npy
[NeMo I 2026-03-31 03:14:33 utils:532] > total number of samples: 9346505
[NeMo I 2026-03-31 03:14:33 utils:532] Load the _IndexReader from /work/datasets/AI/tokens_luciole_phase1/common-pile_python-enhancement-proposals_en_text_document.idx
[NeMo I 2026-03-31 03:14:33 utils:532] 	Extract the sequence lengths
[NeMo I 2026-03-31 03:14:33 utils:532] 	Extract the sequence pointers
[NeMo I 2026-03-31 03:14:33 utils:532] 	Extract the document indices
[NeMo I 2026-03-31 03:14:33 utils:532] > total number of sequences: 646
[NeMo I 2026-03-31 03:14:33 utils:532] > total number of documents: 646
[NeMo I 2026-03-31 03:14:33 utils:532] Load the GPTDataset train indices
[NeMo I 2026-03-31 03:14:33 utils:532] 	Load the document index from 86d7711a29ef80b8e2382302c0d50784-GPTDataset-train-document_index.npy
[NeMo I 2026-03-31 03:14:33 utils:532] 	Load the sample index from 86d7711a29ef80b8e2382302c0d50784-GPTDataset-train-sample_index.npy
[NeMo I 2026-03-31 03:14:33 utils:532] 	Load the shuffle index from 86d7711a29ef80b8e2382302c0d50784-GPTDataset-train-shuffle_index.npy
[NeMo I 2026-03-31 03:14:33 utils:532] > total number of samples: 1305
[NeMo I 2026-03-31 03:14:33 utils:532] Load the _IndexReader from /work/datasets/AI/tokens_luciole_phase1/common-pile_regulations_en_text_document.idx
[NeMo I 2026-03-31 03:14:33 utils:532] 	Extract the sequence lengths
[NeMo I 2026-03-31 03:14:33 utils:532] 	Extract the sequence pointers
[NeMo I 2026-03-31 03:14:33 utils:532] 	Extract the document indices
[NeMo I 2026-03-31 03:14:33 utils:532] > total number of sequences: 188458
[NeMo I 2026-03-31 03:14:33 utils:532] > total number of documents: 188458
[NeMo I 2026-03-31 03:14:33 utils:532] Load the GPTDataset train indices
[NeMo I 2026-03-31 03:14:33 utils:532] 	Load the document index from 89b0a7e11cdc7ad898db82aa581381d4-GPTDataset-train-document_index.npy
[NeMo I 2026-03-31 03:14:33 utils:532] 	Load the sample index from 89b0a7e11cdc7ad898db82aa581381d4-GPTDataset-train-sample_index.npy
[NeMo I 2026-03-31 03:14:33 utils:532] 	Load the shuffle index from 89b0a7e11cdc7ad898db82aa581381d4-GPTDataset-train-shuffle_index.npy
[NeMo I 2026-03-31 03:14:33 utils:532] > total number of samples: 532346
[NeMo I 2026-03-31 03:14:33 utils:532] Load the _IndexReader from /work/datasets/AI/tokens_luciole_phase1/common-pile_stackexchange_en_text_document.idx
[NeMo I 2026-03-31 03:14:33 utils:532] 	Extract the sequence lengths
[NeMo I 2026-03-31 03:14:33 utils:532] 	Extract the sequence pointers
[NeMo I 2026-03-31 03:14:33 utils:532] 	Extract the document indices
[NeMo I 2026-03-31 03:14:33 utils:532] > total number of sequences: 27698689
[NeMo I 2026-03-31 03:14:33 utils:532] > total number of documents: 27698689
[NeMo I 2026-03-31 03:14:33 utils:532] Load the GPTDataset train indices
[NeMo I 2026-03-31 03:14:33 utils:532] 	Load the document index from 19c7ff469537bb065841354a73066c3c-GPTDataset-train-document_index.npy
[NeMo I 2026-03-31 03:14:33 utils:532] 	Load the sample index from 19c7ff469537bb065841354a73066c3c-GPTDataset-train-sample_index.npy
[NeMo I 2026-03-31 03:14:33 utils:532] 	Load the shuffle index from 19c7ff469537bb065841354a73066c3c-GPTDataset-train-shuffle_index.npy
[NeMo I 2026-03-31 03:14:33 utils:532] > total number of samples: 9970719
[NeMo I 2026-03-31 03:14:33 utils:532] Load the _IndexReader from /work/datasets/AI/tokens_luciole_phase1/common-pile_ubuntu-irc_en_text_document.idx
[NeMo I 2026-03-31 03:14:33 utils:532] 	Extract the sequence lengths
[NeMo I 2026-03-31 03:14:33 utils:532] 	Extract the sequence pointers
[NeMo I 2026-03-31 03:14:33 utils:532] 	Extract the document indices
[NeMo I 2026-03-31 03:14:33 utils:532] > total number of sequences: 214985
[NeMo I 2026-03-31 03:14:33 utils:532] > total number of documents: 214985
[NeMo I 2026-03-31 03:14:33 utils:532] Load the GPTDataset train indices
[NeMo I 2026-03-31 03:14:33 utils:532] 	Load the document index from 4d4ee5eb2bed3536cc74337a566a5bfb-GPTDataset-train-document_index.npy
[NeMo I 2026-03-31 03:14:33 utils:532] 	Load the sample index from 4d4ee5eb2bed3536cc74337a566a5bfb-GPTDataset-train-sample_index.npy
[NeMo I 2026-03-31 03:14:33 utils:532] 	Load the shuffle index from 4d4ee5eb2bed3536cc74337a566a5bfb-GPTDataset-train-shuffle_index.npy
[NeMo I 2026-03-31 03:14:33 utils:532] > total number of samples: 965661
[NeMo I 2026-03-31 03:14:33 utils:532] Load the _IndexReader from /work/datasets/AI/tokens_luciole_phase1/common-pile_youtube_en_text_document.idx
[NeMo I 2026-03-31 03:14:33 utils:532] 	Extract the sequence lengths
[NeMo I 2026-03-31 03:14:33 utils:532] 	Extract the sequence pointers
[NeMo I 2026-03-31 03:14:33 utils:532] 	Extract the document indices
[NeMo I 2026-03-31 03:14:33 utils:532] > total number of sequences: 984915
[NeMo I 2026-03-31 03:14:33 utils:532] > total number of documents: 984915
[NeMo I 2026-03-31 03:14:33 utils:532] Load the GPTDataset train indices
[NeMo I 2026-03-31 03:14:33 utils:532] 	Load the document index from eb75be21094bb4512c69e5510aa37e7e-GPTDataset-train-document_index.npy
[NeMo I 2026-03-31 03:14:33 utils:532] 	Load the sample index from eb75be21094bb4512c69e5510aa37e7e-GPTDataset-train-sample_index.npy
[NeMo I 2026-03-31 03:14:33 utils:532] 	Load the shuffle index from eb75be21094bb4512c69e5510aa37e7e-GPTDataset-train-shuffle_index.npy
[NeMo I 2026-03-31 03:14:33 utils:532] > total number of samples: 1023829
[NeMo I 2026-03-31 03:14:33 utils:532] Load the _IndexReader from /work/datasets/AI/tokens_luciole_phase1/croissant-aligned_aligned_text_document.idx
[NeMo I 2026-03-31 03:14:33 utils:532] 	Extract the sequence lengths
[NeMo I 2026-03-31 03:14:33 utils:532] 	Extract the sequence pointers
[NeMo I 2026-03-31 03:14:33 utils:532] 	Extract the document indices
[NeMo I 2026-03-31 03:14:33 utils:532] > total number of sequences: 408028865
[NeMo I 2026-03-31 03:14:33 utils:532] > total number of documents: 408028865
[NeMo I 2026-03-31 03:14:34 utils:532] Load the GPTDataset train indices
[NeMo I 2026-03-31 03:14:34 utils:532] 	Load the document index from 4599affe3f6652fa2642e4001d2d95be-GPTDataset-train-document_index.npy
[NeMo I 2026-03-31 03:14:34 utils:532] 	Load the sample index from 4599affe3f6652fa2642e4001d2d95be-GPTDataset-train-sample_index.npy
[NeMo I 2026-03-31 03:14:34 utils:532] 	Load the shuffle index from 4599affe3f6652fa2642e4001d2d95be-GPTDataset-train-shuffle_index.npy
[NeMo I 2026-03-31 03:14:34 utils:532] > total number of samples: 17427696
[NeMo I 2026-03-31 03:14:34 utils:532] Load the _IndexReader from /work/datasets/AI/tokens_luciole_phase1/culturax_fr_text_document_ratio1.30_phase0.idx
[NeMo I 2026-03-31 03:14:34 utils:532] 	Extract the sequence lengths
[NeMo I 2026-03-31 03:14:34 utils:532] 	Extract the sequence pointers
[NeMo I 2026-03-31 03:14:34 utils:532] 	Extract the document indices
[NeMo I 2026-03-31 03:14:34 utils:532] > total number of sequences: 315407250
[NeMo I 2026-03-31 03:14:34 utils:532] > total number of documents: 315407250
[NeMo I 2026-03-31 03:14:34 utils:532] Load the GPTDataset train indices
[NeMo I 2026-03-31 03:14:34 utils:532] 	Load the document index from 5b4b380cd0d2debe889f3a6e24330ee2-GPTDataset-train-document_index.npy
[NeMo I 2026-03-31 03:14:34 utils:532] 	Load the sample index from 5b4b380cd0d2debe889f3a6e24330ee2-GPTDataset-train-sample_index.npy
[NeMo I 2026-03-31 03:14:34 utils:532] 	Load the shuffle index from 5b4b380cd0d2debe889f3a6e24330ee2-GPTDataset-train-shuffle_index.npy
[NeMo I 2026-03-31 03:14:34 utils:532] > total number of samples: 114034914
[NeMo I 2026-03-31 03:14:34 utils:532] Load the _IndexReader from /work/datasets/AI/tokens_luciole_phase1/dclm-dolmino_en_text_document_ratio0.75_phase0.idx
[NeMo I 2026-03-31 03:14:34 utils:532] 	Extract the sequence lengths
[NeMo I 2026-03-31 03:14:34 utils:532] 	Extract the sequence pointers
[NeMo I 2026-03-31 03:14:34 utils:532] 	Extract the document indices
[NeMo I 2026-03-31 03:14:34 utils:532] > total number of sequences: 298566785
[NeMo I 2026-03-31 03:14:34 utils:532] > total number of documents: 298566785
[NeMo I 2026-03-31 03:14:35 utils:532] Load the GPTDataset train indices
[NeMo I 2026-03-31 03:14:35 utils:532] 	Load the document index from c39c995029d3a3bb44e5e8a1c891e319-GPTDataset-train-document_index.npy
[NeMo I 2026-03-31 03:14:35 utils:532] 	Load the sample index from c39c995029d3a3bb44e5e8a1c891e319-GPTDataset-train-sample_index.npy
[NeMo I 2026-03-31 03:14:35 utils:532] 	Load the shuffle index from c39c995029d3a3bb44e5e8a1c891e319-GPTDataset-train-shuffle_index.npy
[NeMo I 2026-03-31 03:14:35 utils:532] > total number of samples: 186006443
[NeMo I 2026-03-31 03:14:35 utils:532] Load the _IndexReader from /work/datasets/AI/tokens_luciole_phase1/europarl_aligned_text_document.idx
[NeMo I 2026-03-31 03:14:35 utils:532] 	Extract the sequence lengths
[NeMo I 2026-03-31 03:14:35 utils:532] 	Extract the sequence pointers
[NeMo I 2026-03-31 03:14:35 utils:532] 	Extract the document indices
[NeMo I 2026-03-31 03:14:35 utils:532] > total number of sequences: 11600886
[NeMo I 2026-03-31 03:14:35 utils:532] > total number of documents: 11600886
[NeMo I 2026-03-31 03:14:35 utils:532] Load the GPTDataset train indices
[NeMo I 2026-03-31 03:14:35 utils:532] 	Load the document index from 24010f92c8471bed5d674d2f54bf0a0b-GPTDataset-train-document_index.npy
[NeMo I 2026-03-31 03:14:35 utils:532] 	Load the sample index from 24010f92c8471bed5d674d2f54bf0a0b-GPTDataset-train-sample_index.npy
[NeMo I 2026-03-31 03:14:35 utils:532] 	Load the shuffle index from 24010f92c8471bed5d674d2f54bf0a0b-GPTDataset-train-shuffle_index.npy
[NeMo I 2026-03-31 03:14:35 utils:532] > total number of samples: 431215
[NeMo I 2026-03-31 03:14:35 utils:532] Load the _IndexReader from /work/datasets/AI/tokens_luciole_phase1/europarl_multi_text_document.idx
[NeMo I 2026-03-31 03:14:35 utils:532] 	Extract the sequence lengths
[NeMo I 2026-03-31 03:14:35 utils:532] 	Extract the sequence pointers
[NeMo I 2026-03-31 03:14:35 utils:532] 	Extract the document indices
[NeMo I 2026-03-31 03:14:35 utils:532] > total number of sequences: 62440
[NeMo I 2026-03-31 03:14:35 utils:532] > total number of documents: 62440
[NeMo I 2026-03-31 03:14:35 utils:532] Load the GPTDataset train indices
[NeMo I 2026-03-31 03:14:35 utils:532] 	Load the document index from cee6530401c9e273fcaa2ad66a04cc7c-GPTDataset-train-document_index.npy
[NeMo I 2026-03-31 03:14:35 utils:532] 	Load the sample index from cee6530401c9e273fcaa2ad66a04cc7c-GPTDataset-train-sample_index.npy
[NeMo I 2026-03-31 03:14:35 utils:532] 	Load the shuffle index from cee6530401c9e273fcaa2ad66a04cc7c-GPTDataset-train-shuffle_index.npy
[NeMo I 2026-03-31 03:14:35 utils:532] > total number of samples: 199504
[NeMo I 2026-03-31 03:14:35 utils:532] Load the _IndexReader from /work/datasets/AI/tokens_luciole_phase1/eurovoc_filtered_multi_text_document.idx
[NeMo I 2026-03-31 03:14:35 utils:532] 	Extract the sequence lengths
[NeMo I 2026-03-31 03:14:35 utils:532] 	Extract the sequence pointers
[NeMo I 2026-03-31 03:14:35 utils:532] 	Extract the document indices
[NeMo I 2026-03-31 03:14:35 utils:532] > total number of sequences: 1748652
[NeMo I 2026-03-31 03:14:35 utils:532] > total number of documents: 1748652
[NeMo I 2026-03-31 03:14:35 utils:532] Load the GPTDataset train indices
[NeMo I 2026-03-31 03:14:35 utils:532] 	Load the document index from c766128bdd0db889d13167a04644a908-GPTDataset-train-document_index.npy
[NeMo I 2026-03-31 03:14:35 utils:532] 	Load the sample index from c766128bdd0db889d13167a04644a908-GPTDataset-train-sample_index.npy
[NeMo I 2026-03-31 03:14:35 utils:532] 	Load the shuffle index from c766128bdd0db889d13167a04644a908-GPTDataset-train-shuffle_index.npy
[NeMo I 2026-03-31 03:14:35 utils:532] > total number of samples: 4300183
[NeMo I 2026-03-31 03:14:35 utils:532] Load the _IndexReader from /work/datasets/AI/tokens_luciole_phase1/fineweb-edu_en_text_document_ratio0.75_phase0.idx
[NeMo I 2026-03-31 03:14:35 utils:532] 	Extract the sequence lengths
[NeMo I 2026-03-31 03:14:35 utils:532] 	Extract the sequence pointers
[NeMo I 2026-03-31 03:14:35 utils:532] 	Extract the document indices
[NeMo I 2026-03-31 03:14:35 utils:532] > total number of sequences: 835116868
[NeMo I 2026-03-31 03:14:35 utils:532] > total number of documents: 835116868
[NeMo I 2026-03-31 03:14:36 utils:532] Load the GPTDataset train indices
[NeMo I 2026-03-31 03:14:36 utils:532] 	Load the document index from f1cdf8b16cd7fe4e9168345ccab9feff-GPTDataset-train-document_index.npy
[NeMo I 2026-03-31 03:14:36 utils:532] 	Load the sample index from f1cdf8b16cd7fe4e9168345ccab9feff-GPTDataset-train-sample_index.npy
[NeMo I 2026-03-31 03:14:36 utils:532] 	Load the shuffle index from f1cdf8b16cd7fe4e9168345ccab9feff-GPTDataset-train-shuffle_index.npy
[NeMo I 2026-03-31 03:14:36 utils:532] > total number of samples: 429535986
[NeMo I 2026-03-31 03:14:36 utils:532] Load the _IndexReader from /work/datasets/AI/tokens_luciole_phase1/fineweb2_ar_text_document_ratio0.50_phase0.idx
[NeMo I 2026-03-31 03:14:36 utils:532] 	Extract the sequence lengths
[NeMo I 2026-03-31 03:14:36 utils:532] 	Extract the sequence pointers
[NeMo I 2026-03-31 03:14:36 utils:532] 	Extract the document indices
[NeMo I 2026-03-31 03:14:36 utils:532] > total number of sequences: 20389602
[NeMo I 2026-03-31 03:14:36 utils:532] > total number of documents: 20389602
[NeMo I 2026-03-31 03:14:36 utils:532] Load the GPTDataset train indices
[NeMo I 2026-03-31 03:14:36 utils:532] 	Load the document index from 315209e82ee665996ec7a22a6013a09a-GPTDataset-train-document_index.npy
[NeMo I 2026-03-31 03:14:36 utils:532] 	Load the sample index from 315209e82ee665996ec7a22a6013a09a-GPTDataset-train-sample_index.npy
[NeMo I 2026-03-31 03:14:36 utils:532] 	Load the shuffle index from 315209e82ee665996ec7a22a6013a09a-GPTDataset-train-shuffle_index.npy
[NeMo I 2026-03-31 03:14:36 utils:532] > total number of samples: 6701245
[NeMo I 2026-03-31 03:14:36 utils:532] Load the _IndexReader from /work/datasets/AI/tokens_luciole_phase1/fineweb2_ca_text_document_ratio0.05_phase0.idx
[NeMo I 2026-03-31 03:14:36 utils:532] 	Extract the sequence lengths
[NeMo I 2026-03-31 03:14:36 utils:532] 	Extract the sequence pointers
[NeMo I 2026-03-31 03:14:36 utils:532] 	Extract the document indices
[NeMo I 2026-03-31 03:14:36 utils:532] > total number of sequences: 535774
[NeMo I 2026-03-31 03:14:36 utils:532] > total number of documents: 535774
[NeMo I 2026-03-31 03:14:36 utils:532] Load the GPTDataset train indices
[NeMo I 2026-03-31 03:14:36 utils:532] 	Load the document index from e4f9c375fed378be4a08cc2c1a6c42be-GPTDataset-train-document_index.npy
[NeMo I 2026-03-31 03:14:36 utils:532] 	Load the sample index from e4f9c375fed378be4a08cc2c1a6c42be-GPTDataset-train-sample_index.npy
[NeMo I 2026-03-31 03:14:36 utils:532] 	Load the shuffle index from e4f9c375fed378be4a08cc2c1a6c42be-GPTDataset-train-shuffle_index.npy
[NeMo I 2026-03-31 03:14:36 utils:532] > total number of samples: 185293
[NeMo I 2026-03-31 03:14:36 utils:532] Load the _IndexReader from /work/datasets/AI/tokens_luciole_phase1/fineweb2_de_text_document_ratio0.50_phase0.idx
[NeMo I 2026-03-31 03:14:36 utils:532] 	Extract the sequence lengths
[NeMo I 2026-03-31 03:14:36 utils:532] 	Extract the sequence pointers
[NeMo I 2026-03-31 03:14:36 utils:532] 	Extract the document indices
[NeMo I 2026-03-31 03:14:36 utils:532] > total number of sequences: 160974108
[NeMo I 2026-03-31 03:14:36 utils:532] > total number of documents: 160974108
[NeMo I 2026-03-31 03:14:37 utils:532] Load the GPTDataset train indices
[NeMo I 2026-03-31 03:14:37 utils:532] 	Load the document index from 2e92418a43da23474e457ec430818fa1-GPTDataset-train-document_index.npy
[NeMo I 2026-03-31 03:14:37 utils:532] 	Load the sample index from 2e92418a43da23474e457ec430818fa1-GPTDataset-train-sample_index.npy
[NeMo I 2026-03-31 03:14:37 utils:532] 	Load the shuffle index from 2e92418a43da23474e457ec430818fa1-GPTDataset-train-shuffle_index.npy
[NeMo I 2026-03-31 03:14:37 utils:532] > total number of samples: 54348639
[NeMo I 2026-03-31 03:14:37 utils:532] Load the _IndexReader from /work/datasets/AI/tokens_luciole_phase1/fineweb2_es_text_document_ratio0.50_phase0.idx
[NeMo I 2026-03-31 03:14:37 utils:532] 	Extract the sequence lengths
[NeMo I 2026-03-31 03:14:37 utils:532] 	Extract the sequence pointers
[NeMo I 2026-03-31 03:14:37 utils:532] 	Extract the document indices
[NeMo I 2026-03-31 03:14:37 utils:532] > total number of sequences: 141473237
[NeMo I 2026-03-31 03:14:37 utils:532] > total number of documents: 141473237
[NeMo I 2026-03-31 03:14:37 utils:532] Load the GPTDataset train indices
[NeMo I 2026-03-31 03:14:37 utils:532] 	Load the document index from fd4241fd799b5c84133a17a3bb263779-GPTDataset-train-document_index.npy
[NeMo I 2026-03-31 03:14:37 utils:532] 	Load the sample index from fd4241fd799b5c84133a17a3bb263779-GPTDataset-train-sample_index.npy
[NeMo I 2026-03-31 03:14:37 utils:532] 	Load the shuffle index from fd4241fd799b5c84133a17a3bb263779-GPTDataset-train-shuffle_index.npy
[NeMo I 2026-03-31 03:14:37 utils:532] > total number of samples: 48782622
[NeMo I 2026-03-31 03:14:37 utils:532] Load the _IndexReader from /work/datasets/AI/tokens_luciole_phase1/fineweb2_fr_text_document_ratio1.30_phase0.idx
[NeMo I 2026-03-31 03:14:37 utils:532] 	Extract the sequence lengths
[NeMo I 2026-03-31 03:14:37 utils:532] 	Extract the sequence pointers
[NeMo I 2026-03-31 03:14:37 utils:532] 	Extract the document indices
[NeMo I 2026-03-31 03:14:37 utils:532] > total number of sequences: 302262109
[NeMo I 2026-03-31 03:14:37 utils:532] > total number of documents: 302262109
[NeMo I 2026-03-31 03:14:37 utils:532] Load the GPTDataset train indices
[NeMo I 2026-03-31 03:14:37 utils:532] 	Load the document index from 033cf0e6d985fd7b205ca014a4cec730-GPTDataset-train-document_index.npy
[NeMo I 2026-03-31 03:14:37 utils:532] 	Load the sample index from 033cf0e6d985fd7b205ca014a4cec730-GPTDataset-train-sample_index.npy
[NeMo I 2026-03-31 03:14:37 utils:532] 	Load the shuffle index from 033cf0e6d985fd7b205ca014a4cec730-GPTDataset-train-shuffle_index.npy
[NeMo I 2026-03-31 03:14:37 utils:532] > total number of samples: 100072398
[NeMo I 2026-03-31 03:14:37 utils:532] Load the _IndexReader from /work/datasets/AI/tokens_luciole_phase1/fineweb2_it_text_document_ratio0.50_phase0.idx
[NeMo I 2026-03-31 03:14:37 utils:532] 	Extract the sequence lengths
[NeMo I 2026-03-31 03:14:37 utils:532] 	Extract the sequence pointers
[NeMo I 2026-03-31 03:14:37 utils:532] 	Extract the document indices
[NeMo I 2026-03-31 03:14:37 utils:532] > total number of sequences: 77577376
[NeMo I 2026-03-31 03:14:37 utils:532] > total number of documents: 77577376
[NeMo I 2026-03-31 03:14:38 utils:532] Load the GPTDataset train indices
[NeMo I 2026-03-31 03:14:38 utils:532] 	Load the document index from 1bfcfed1450cca6d4a9c9a58eea37487-GPTDataset-train-document_index.npy
[NeMo I 2026-03-31 03:14:38 utils:532] 	Load the sample index from 1bfcfed1450cca6d4a9c9a58eea37487-GPTDataset-train-sample_index.npy
[NeMo I 2026-03-31 03:14:38 utils:532] 	Load the shuffle index from 1bfcfed1450cca6d4a9c9a58eea37487-GPTDataset-train-shuffle_index.npy
[NeMo I 2026-03-31 03:14:38 utils:532] > total number of samples: 26751866
[NeMo I 2026-03-31 03:14:38 utils:532] Load the _IndexReader from /work/datasets/AI/tokens_luciole_phase1/fineweb2_nl_text_document_ratio0.50_phase0.idx
[NeMo I 2026-03-31 03:14:38 utils:532] 	Extract the sequence lengths
[NeMo I 2026-03-31 03:14:38 utils:532] 	Extract the sequence pointers
[NeMo I 2026-03-31 03:14:38 utils:532] 	Extract the document indices
[NeMo I 2026-03-31 03:14:38 utils:532] > total number of sequences: 48546971
[NeMo I 2026-03-31 03:14:38 utils:532] > total number of documents: 48546971
[NeMo I 2026-03-31 03:14:38 utils:532] Load the GPTDataset train indices
[NeMo I 2026-03-31 03:14:38 utils:532] 	Load the document index from 177f20adcb278a2a74ce337882fb654f-GPTDataset-train-document_index.npy
[NeMo I 2026-03-31 03:14:38 utils:532] 	Load the sample index from 177f20adcb278a2a74ce337882fb654f-GPTDataset-train-sample_index.npy
[NeMo I 2026-03-31 03:14:38 utils:532] 	Load the shuffle index from 177f20adcb278a2a74ce337882fb654f-GPTDataset-train-shuffle_index.npy
[NeMo I 2026-03-31 03:14:38 utils:532] > total number of samples: 14868064
[NeMo I 2026-03-31 03:14:38 utils:532] Load the _IndexReader from /work/datasets/AI/tokens_luciole_phase1/fineweb2_pt_text_document_ratio0.50_phase0.idx
[NeMo I 2026-03-31 03:14:38 utils:532] 	Extract the sequence lengths
[NeMo I 2026-03-31 03:14:38 utils:532] 	Extract the sequence pointers
[NeMo I 2026-03-31 03:14:38 utils:532] 	Extract the document indices
[NeMo I 2026-03-31 03:14:38 utils:532] > total number of sequences: 58989768
[NeMo I 2026-03-31 03:14:38 utils:532] > total number of documents: 58989768
[NeMo I 2026-03-31 03:14:38 utils:532] Load the GPTDataset train indices
[NeMo I 2026-03-31 03:14:38 utils:532] 	Load the document index from f513e3d83c262a9303910aad2c9448bb-GPTDataset-train-document_index.npy
[NeMo I 2026-03-31 03:14:38 utils:532] 	Load the sample index from f513e3d83c262a9303910aad2c9448bb-GPTDataset-train-sample_index.npy
[NeMo I 2026-03-31 03:14:38 utils:532] 	Load the shuffle index from f513e3d83c262a9303910aad2c9448bb-GPTDataset-train-shuffle_index.npy
[NeMo I 2026-03-31 03:14:38 utils:532] > total number of samples: 19600760
[NeMo I 2026-03-31 03:14:38 utils:532] Load the _IndexReader from /work/datasets/AI/tokens_luciole_phase1/fineweb2_regional_text_document.idx
[NeMo I 2026-03-31 03:14:38 utils:532] 	Extract the sequence lengths
[NeMo I 2026-03-31 03:14:38 utils:532] 	Extract the sequence pointers
[NeMo I 2026-03-31 03:14:38 utils:532] 	Extract the document indices
[NeMo I 2026-03-31 03:14:38 utils:532] > total number of sequences: 12082034
[NeMo I 2026-03-31 03:14:38 utils:532] > total number of documents: 12082034
[NeMo I 2026-03-31 03:14:38 utils:532] Load the GPTDataset train indices
[NeMo I 2026-03-31 03:14:38 utils:532] 	Load the document index from 67a248e0794ad49dc2fd06ae5726aec8-GPTDataset-train-document_index.npy
[NeMo I 2026-03-31 03:14:38 utils:532] 	Load the sample index from 67a248e0794ad49dc2fd06ae5726aec8-GPTDataset-train-sample_index.npy
[NeMo I 2026-03-31 03:14:38 utils:532] 	Load the shuffle index from 67a248e0794ad49dc2fd06ae5726aec8-GPTDataset-train-shuffle_index.npy
[NeMo I 2026-03-31 03:14:38 utils:532] > total number of samples: 4264304
[NeMo I 2026-03-31 03:14:38 utils:532] Load the _IndexReader from /work/datasets/AI/tokens_luciole_phase1/gallica_monographies_fr_text_document.idx
[NeMo I 2026-03-31 03:14:38 utils:532] 	Extract the sequence lengths
[NeMo I 2026-03-31 03:14:38 utils:532] 	Extract the sequence pointers
[NeMo I 2026-03-31 03:14:38 utils:532] 	Extract the document indices
[NeMo I 2026-03-31 03:14:38 utils:532] > total number of sequences: 279810
[NeMo I 2026-03-31 03:14:38 utils:532] > total number of documents: 279810
[NeMo I 2026-03-31 03:14:38 utils:532] Load the GPTDataset train indices
[NeMo I 2026-03-31 03:14:38 utils:532] 	Load the document index from 1cec4933bd37fa0e6c94c140459146e0-GPTDataset-train-document_index.npy
[NeMo I 2026-03-31 03:14:38 utils:532] 	Load the sample index from 1cec4933bd37fa0e6c94c140459146e0-GPTDataset-train-sample_index.npy
[NeMo I 2026-03-31 03:14:38 utils:532] 	Load the shuffle index from 1cec4933bd37fa0e6c94c140459146e0-GPTDataset-train-shuffle_index.npy
[NeMo I 2026-03-31 03:14:38 utils:532] > total number of samples: 11685572
[NeMo I 2026-03-31 03:14:38 utils:532] Load the _IndexReader from /work/datasets/AI/tokens_luciole_phase1/gallica_press_fr_text_document.idx
[NeMo I 2026-03-31 03:14:38 utils:532] 	Extract the sequence lengths
[NeMo I 2026-03-31 03:14:38 utils:532] 	Extract the sequence pointers
[NeMo I 2026-03-31 03:14:38 utils:532] 	Extract the document indices
[NeMo I 2026-03-31 03:14:38 utils:532] > total number of sequences: 2855626
[NeMo I 2026-03-31 03:14:38 utils:532] > total number of documents: 2855626
[NeMo I 2026-03-31 03:14:38 utils:532] Load the GPTDataset train indices
[NeMo I 2026-03-31 03:14:38 utils:532] 	Load the document index from 8c554953ad9c4cdd8bd7c7a66b5546a1-GPTDataset-train-document_index.npy
[NeMo I 2026-03-31 03:14:38 utils:532] 	Load the sample index from 8c554953ad9c4cdd8bd7c7a66b5546a1-GPTDataset-train-sample_index.npy
[NeMo I 2026-03-31 03:14:38 utils:532] 	Load the shuffle index from 8c554953ad9c4cdd8bd7c7a66b5546a1-GPTDataset-train-shuffle_index.npy
[NeMo I 2026-03-31 03:14:38 utils:532] > total number of samples: 45700641
[NeMo I 2026-03-31 03:14:38 utils:532] Load the _IndexReader from /work/datasets/AI/tokens_luciole_phase1/gutenberg_de_text_document.idx
[NeMo I 2026-03-31 03:14:38 utils:532] 	Extract the sequence lengths
[NeMo I 2026-03-31 03:14:38 utils:532] 	Extract the sequence pointers
[NeMo I 2026-03-31 03:14:38 utils:532] 	Extract the document indices
[NeMo I 2026-03-31 03:14:38 utils:532] > total number of sequences: 1777
[NeMo I 2026-03-31 03:14:38 utils:532] > total number of documents: 1777
[NeMo I 2026-03-31 03:14:38 utils:532] Load the GPTDataset train indices
[NeMo I 2026-03-31 03:14:38 utils:532] 	Load the document index from 9be1f51c32aec5a46598c22d8aca6df3-GPTDataset-train-document_index.npy
[NeMo I 2026-03-31 03:14:38 utils:532] 	Load the sample index from 9be1f51c32aec5a46598c22d8aca6df3-GPTDataset-train-sample_index.npy
[NeMo I 2026-03-31 03:14:38 utils:532] 	Load the shuffle index from 9be1f51c32aec5a46598c22d8aca6df3-GPTDataset-train-shuffle_index.npy
[NeMo I 2026-03-31 03:14:38 utils:532] > total number of samples: 84660
[NeMo I 2026-03-31 03:14:38 utils:532] Load the _IndexReader from /work/datasets/AI/tokens_luciole_phase1/gutenberg_en_text_document.idx
[NeMo I 2026-03-31 03:14:38 utils:532] 	Extract the sequence lengths
[NeMo I 2026-03-31 03:14:38 utils:532] 	Extract the sequence pointers
[NeMo I 2026-03-31 03:14:38 utils:532] 	Extract the document indices
[NeMo I 2026-03-31 03:14:38 utils:532] > total number of sequences: 49900
[NeMo I 2026-03-31 03:14:38 utils:532] > total number of documents: 49900
[NeMo I 2026-03-31 03:14:38 utils:532] Load the GPTDataset train indices
[NeMo I 2026-03-31 03:14:38 utils:532] 	Load the document index from 058fcf5f34b2305fd9ca19b8c120f697-GPTDataset-train-document_index.npy
[NeMo I 2026-03-31 03:14:38 utils:532] 	Load the sample index from 058fcf5f34b2305fd9ca19b8c120f697-GPTDataset-train-sample_index.npy
[NeMo I 2026-03-31 03:14:38 utils:532] 	Load the shuffle index from 058fcf5f34b2305fd9ca19b8c120f697-GPTDataset-train-shuffle_index.npy
[NeMo I 2026-03-31 03:14:38 utils:532] > total number of samples: 2375310
[NeMo I 2026-03-31 03:14:38 utils:532] Load the _IndexReader from /work/datasets/AI/tokens_luciole_phase1/gutenberg_es_text_document.idx
[NeMo I 2026-03-31 03:14:38 utils:532] 	Extract the sequence lengths
[NeMo I 2026-03-31 03:14:38 utils:532] 	Extract the sequence pointers
[NeMo I 2026-03-31 03:14:38 utils:532] 	Extract the document indices
[NeMo I 2026-03-31 03:14:38 utils:532] > total number of sequences: 759
[NeMo I 2026-03-31 03:14:38 utils:532] > total number of documents: 759
[NeMo I 2026-03-31 03:14:38 utils:532] Load the GPTDataset train indices
[NeMo I 2026-03-31 03:14:38 utils:532] 	Load the document index from c4b8ab7a08e88ef09e845f955daf65a1-GPTDataset-train-document_index.npy
[NeMo I 2026-03-31 03:14:38 utils:532] 	Load the sample index from c4b8ab7a08e88ef09e845f955daf65a1-GPTDataset-train-sample_index.npy
[NeMo I 2026-03-31 03:14:38 utils:532] 	Load the shuffle index from c4b8ab7a08e88ef09e845f955daf65a1-GPTDataset-train-shuffle_index.npy
[NeMo I 2026-03-31 03:14:38 utils:532] > total number of samples: 43557
[NeMo I 2026-03-31 03:14:38 utils:532] Load the _IndexReader from /work/datasets/AI/tokens_luciole_phase1/gutenberg_fr_text_document.idx
[NeMo I 2026-03-31 03:14:38 utils:532] 	Extract the sequence lengths
[NeMo I 2026-03-31 03:14:38 utils:532] 	Extract the sequence pointers
[NeMo I 2026-03-31 03:14:38 utils:532] 	Extract the document indices
[NeMo I 2026-03-31 03:14:38 utils:532] > total number of sequences: 3544
[NeMo I 2026-03-31 03:14:38 utils:532] > total number of documents: 3544
[NeMo I 2026-03-31 03:14:38 utils:532] Load the GPTDataset train indices
[NeMo I 2026-03-31 03:14:38 utils:532] 	Load the document index from 9f087e89d57bfb3e6e3277991b10b472-GPTDataset-train-document_index.npy
[NeMo I 2026-03-31 03:14:38 utils:532] 	Load the sample index from 9f087e89d57bfb3e6e3277991b10b472-GPTDataset-train-sample_index.npy
[NeMo I 2026-03-31 03:14:38 utils:532] 	Load the shuffle index from 9f087e89d57bfb3e6e3277991b10b472-GPTDataset-train-shuffle_index.npy
[NeMo I 2026-03-31 03:14:38 utils:532] > total number of samples: 183982
[NeMo I 2026-03-31 03:14:38 utils:532] Load the _IndexReader from /work/datasets/AI/tokens_luciole_phase1/gutenberg_it_text_document.idx
[NeMo I 2026-03-31 03:14:38 utils:532] 	Extract the sequence lengths
[NeMo I 2026-03-31 03:14:38 utils:532] 	Extract the sequence pointers
[NeMo I 2026-03-31 03:14:38 utils:532] 	Extract the document indices
[NeMo I 2026-03-31 03:14:38 utils:532] > total number of sequences: 985
[NeMo I 2026-03-31 03:14:38 utils:532] > total number of documents: 985
[NeMo I 2026-03-31 03:14:38 utils:532] Load the GPTDataset train indices
[NeMo I 2026-03-31 03:14:38 utils:532] 	Load the document index from c2f0b37cf7af0377ccba3c3ca0e9c647-GPTDataset-train-document_index.npy
[NeMo I 2026-03-31 03:14:38 utils:532] 	Load the sample index from c2f0b37cf7af0377ccba3c3ca0e9c647-GPTDataset-train-sample_index.npy
[NeMo I 2026-03-31 03:14:38 utils:532] 	Load the shuffle index from c2f0b37cf7af0377ccba3c3ca0e9c647-GPTDataset-train-shuffle_index.npy
[NeMo I 2026-03-31 03:14:38 utils:532] > total number of samples: 59818
[NeMo I 2026-03-31 03:14:38 utils:532] Load the _IndexReader from /work/datasets/AI/tokens_luciole_phase1/gutenberg_nl_text_document.idx
[NeMo I 2026-03-31 03:14:38 utils:532] 	Extract the sequence lengths
[NeMo I 2026-03-31 03:14:38 utils:532] 	Extract the sequence pointers
[NeMo I 2026-03-31 03:14:38 utils:532] 	Extract the document indices
[NeMo I 2026-03-31 03:14:38 utils:532] > total number of sequences: 993
[NeMo I 2026-03-31 03:14:38 utils:532] > total number of documents: 993
[NeMo I 2026-03-31 03:14:38 utils:532] Load the GPTDataset train indices
[NeMo I 2026-03-31 03:14:38 utils:532] 	Load the document index from c7cff01d47fc66334f11460c7418dd9f-GPTDataset-train-document_index.npy
[NeMo I 2026-03-31 03:14:38 utils:532] 	Load the sample index from c7cff01d47fc66334f11460c7418dd9f-GPTDataset-train-sample_index.npy
[NeMo I 2026-03-31 03:14:38 utils:532] 	Load the shuffle index from c7cff01d47fc66334f11460c7418dd9f-GPTDataset-train-shuffle_index.npy
[NeMo I 2026-03-31 03:14:38 utils:532] > total number of samples: 48860
[NeMo I 2026-03-31 03:14:38 utils:532] Load the _IndexReader from /work/datasets/AI/tokens_luciole_phase1/gutenberg_pt_text_document.idx
[NeMo I 2026-03-31 03:14:38 utils:532] 	Extract the sequence lengths
[NeMo I 2026-03-31 03:14:38 utils:532] 	Extract the sequence pointers
[NeMo I 2026-03-31 03:14:38 utils:532] 	Extract the document indices
[NeMo I 2026-03-31 03:14:38 utils:532] > total number of sequences: 623
[NeMo I 2026-03-31 03:14:38 utils:532] > total number of documents: 623
[NeMo I 2026-03-31 03:14:38 utils:532] Load the GPTDataset train indices
[NeMo I 2026-03-31 03:14:38 utils:532] 	Load the document index from 97bc5bf2b57b346c513c9b31618363eb-GPTDataset-train-document_index.npy
[NeMo I 2026-03-31 03:14:38 utils:532] 	Load the sample index from 97bc5bf2b57b346c513c9b31618363eb-GPTDataset-train-sample_index.npy
[NeMo I 2026-03-31 03:14:38 utils:532] 	Load the shuffle index from 97bc5bf2b57b346c513c9b31618363eb-GPTDataset-train-shuffle_index.npy
[NeMo I 2026-03-31 03:14:38 utils:532] > total number of samples: 18482
[NeMo I 2026-03-31 03:14:38 utils:532] Load the _IndexReader from /work/datasets/AI/tokens_luciole_phase1/hal-cea_full-filtered_fr_text_document.idx
[NeMo I 2026-03-31 03:14:38 utils:532] 	Extract the sequence lengths
[NeMo I 2026-03-31 03:14:38 utils:532] 	Extract the sequence pointers
[NeMo I 2026-03-31 03:14:38 utils:532] 	Extract the document indices
[NeMo I 2026-03-31 03:14:38 utils:532] > total number of sequences: 188005
[NeMo I 2026-03-31 03:14:38 utils:532] > total number of documents: 188005
[NeMo I 2026-03-31 03:14:38 utils:532] Load the GPTDataset train indices
[NeMo I 2026-03-31 03:14:38 utils:532] 	Load the document index from d660dbb8f6bdebdee35f5dcdf0d9881c-GPTDataset-train-document_index.npy
[NeMo I 2026-03-31 03:14:38 utils:532] 	Load the sample index from d660dbb8f6bdebdee35f5dcdf0d9881c-GPTDataset-train-sample_index.npy
[NeMo I 2026-03-31 03:14:38 utils:532] 	Load the shuffle index from d660dbb8f6bdebdee35f5dcdf0d9881c-GPTDataset-train-shuffle_index.npy
[NeMo I 2026-03-31 03:14:38 utils:532] > total number of samples: 11742047
[NeMo I 2026-03-31 03:14:38 utils:532] Load the _IndexReader from /work/datasets/AI/tokens_luciole_phase1/hplt2_fr_text_document_ratio1.30_phase0.idx
[NeMo I 2026-03-31 03:14:38 utils:532] 	Extract the sequence lengths
[NeMo I 2026-03-31 03:14:38 utils:532] 	Extract the sequence pointers
[NeMo I 2026-03-31 03:14:38 utils:532] 	Extract the document indices
[NeMo I 2026-03-31 03:14:38 utils:532] > total number of sequences: 335406888
[NeMo I 2026-03-31 03:14:38 utils:532] > total number of documents: 335406888
[NeMo I 2026-03-31 03:14:39 utils:532] Load the GPTDataset train indices
[NeMo I 2026-03-31 03:14:39 utils:532] 	Load the document index from fdf97e44201b6b78a63579accd0b8d0b-GPTDataset-train-document_index.npy
[NeMo I 2026-03-31 03:14:39 utils:532] 	Load the sample index from fdf97e44201b6b78a63579accd0b8d0b-GPTDataset-train-sample_index.npy
[NeMo I 2026-03-31 03:14:39 utils:532] 	Load the shuffle index from fdf97e44201b6b78a63579accd0b8d0b-GPTDataset-train-shuffle_index.npy
[NeMo I 2026-03-31 03:14:39 utils:532] > total number of samples: 140805832
[NeMo I 2026-03-31 03:14:39 utils:532] Load the _IndexReader from /work/datasets/AI/tokens_luciole_phase1/insee_fr_text_document.idx
[NeMo I 2026-03-31 03:14:39 utils:532] 	Extract the sequence lengths
[NeMo I 2026-03-31 03:14:39 utils:532] 	Extract the sequence pointers
[NeMo I 2026-03-31 03:14:39 utils:532] 	Extract the document indices
[NeMo I 2026-03-31 03:14:39 utils:532] > total number of sequences: 17175
[NeMo I 2026-03-31 03:14:39 utils:532] > total number of documents: 17175
[NeMo I 2026-03-31 03:14:39 utils:532] Load the GPTDataset train indices
[NeMo I 2026-03-31 03:14:39 utils:532] 	Load the document index from b7dff2ee9230adf44602c82bd0061f9e-GPTDataset-train-document_index.npy
[NeMo I 2026-03-31 03:14:39 utils:532] 	Load the sample index from b7dff2ee9230adf44602c82bd0061f9e-GPTDataset-train-sample_index.npy
[NeMo I 2026-03-31 03:14:39 utils:532] 	Load the shuffle index from b7dff2ee9230adf44602c82bd0061f9e-GPTDataset-train-shuffle_index.npy
[NeMo I 2026-03-31 03:14:39 utils:532] > total number of samples: 83065
[NeMo I 2026-03-31 03:14:39 utils:532] Load the _IndexReader from /work/datasets/AI/tokens_luciole_phase1/math-pile_math_text_document.idx
[NeMo I 2026-03-31 03:14:39 utils:532] 	Extract the sequence lengths
[NeMo I 2026-03-31 03:14:39 utils:532] 	Extract the sequence pointers
[NeMo I 2026-03-31 03:14:39 utils:532] 	Extract the document indices
[NeMo I 2026-03-31 03:14:39 utils:532] > total number of sequences: 729213
[NeMo I 2026-03-31 03:14:39 utils:532] > total number of documents: 729213
[NeMo I 2026-03-31 03:14:39 utils:532] Load the GPTDataset train indices
[NeMo I 2026-03-31 03:14:39 utils:532] 	Load the document index from 9d3a654a4c9bf7dec48adb15d8801fd9-GPTDataset-train-document_index.npy
[NeMo I 2026-03-31 03:14:39 utils:532] 	Load the sample index from 9d3a654a4c9bf7dec48adb15d8801fd9-GPTDataset-train-sample_index.npy
[NeMo I 2026-03-31 03:14:39 utils:532] 	Load the shuffle index from 9d3a654a4c9bf7dec48adb15d8801fd9-GPTDataset-train-shuffle_index.npy
[NeMo I 2026-03-31 03:14:39 utils:532] > total number of samples: 4690394
[NeMo I 2026-03-31 03:14:39 utils:532] Load the _IndexReader from /work/datasets/AI/tokens_luciole_phase1/opendata_fr_text_document.idx
[NeMo I 2026-03-31 03:14:39 utils:532] 	Extract the sequence lengths
[NeMo I 2026-03-31 03:14:39 utils:532] 	Extract the sequence pointers
[NeMo I 2026-03-31 03:14:39 utils:532] 	Extract the document indices
[NeMo I 2026-03-31 03:14:39 utils:532] > total number of sequences: 8078669
[NeMo I 2026-03-31 03:14:39 utils:532] > total number of documents: 8078669
[NeMo I 2026-03-31 03:14:39 utils:532] Load the GPTDataset train indices
[NeMo I 2026-03-31 03:14:39 utils:532] 	Load the document index from 26da5cfece05203abfa6930f3ee9940c-GPTDataset-train-document_index.npy
[NeMo I 2026-03-31 03:14:39 utils:532] 	Load the sample index from 26da5cfece05203abfa6930f3ee9940c-GPTDataset-train-sample_index.npy
[NeMo I 2026-03-31 03:14:39 utils:532] 	Load the shuffle index from 26da5cfece05203abfa6930f3ee9940c-GPTDataset-train-shuffle_index.npy
[NeMo I 2026-03-31 03:14:39 utils:532] > total number of samples: 4124114
[NeMo I 2026-03-31 03:14:39 utils:532] Load the _IndexReader from /work/datasets/AI/tokens_luciole_phase1/parlement_fr_text_document.idx
[NeMo I 2026-03-31 03:14:39 utils:532] 	Extract the sequence lengths
[NeMo I 2026-03-31 03:14:39 utils:532] 	Extract the sequence pointers
[NeMo I 2026-03-31 03:14:39 utils:532] 	Extract the document indices
[NeMo I 2026-03-31 03:14:39 utils:532] > total number of sequences: 2803517
[NeMo I 2026-03-31 03:14:39 utils:532] > total number of documents: 2803517
[NeMo I 2026-03-31 03:14:39 utils:532] Load the GPTDataset train indices
[NeMo I 2026-03-31 03:14:39 utils:532] 	Load the document index from 64dc7635ea30d2b0adf3425e2ea422b3-GPTDataset-train-document_index.npy
[NeMo I 2026-03-31 03:14:39 utils:532] 	Load the sample index from 64dc7635ea30d2b0adf3425e2ea422b3-GPTDataset-train-sample_index.npy
[NeMo I 2026-03-31 03:14:39 utils:532] 	Load the shuffle index from 64dc7635ea30d2b0adf3425e2ea422b3-GPTDataset-train-shuffle_index.npy
[NeMo I 2026-03-31 03:14:39 utils:532] > total number of samples: 424239
[NeMo I 2026-03-31 03:14:39 utils:532] Load the _IndexReader from /work/datasets/AI/tokens_luciole_phase1/starcoder-data_code_text_document.idx
[NeMo I 2026-03-31 03:14:39 utils:532] 	Extract the sequence lengths
[NeMo I 2026-03-31 03:14:39 utils:532] 	Extract the sequence pointers
[NeMo I 2026-03-31 03:14:39 utils:532] 	Extract the document indices
[NeMo I 2026-03-31 03:14:39 utils:532] > total number of sequences: 206642239
[NeMo I 2026-03-31 03:14:39 utils:532] > total number of documents: 206642239
[NeMo I 2026-03-31 03:14:40 utils:532] Load the GPTDataset train indices
[NeMo I 2026-03-31 03:14:40 utils:532] 	Load the document index from 2bedaa46fc6a4b7781a8040e0e8d8a23-GPTDataset-train-document_index.npy
[NeMo I 2026-03-31 03:14:40 utils:532] 	Load the sample index from 2bedaa46fc6a4b7781a8040e0e8d8a23-GPTDataset-train-sample_index.npy
[NeMo I 2026-03-31 03:14:40 utils:532] 	Load the shuffle index from 2bedaa46fc6a4b7781a8040e0e8d8a23-GPTDataset-train-shuffle_index.npy
[NeMo I 2026-03-31 03:14:40 utils:532] > total number of samples: 125845590
[NeMo I 2026-03-31 03:14:40 utils:532] Load the _IndexReader from /work/datasets/AI/tokens_luciole_phase1/theses_fr_text_document.idx
[NeMo I 2026-03-31 03:14:40 utils:532] 	Extract the sequence lengths
[NeMo I 2026-03-31 03:14:40 utils:532] 	Extract the sequence pointers
[NeMo I 2026-03-31 03:14:40 utils:532] 	Extract the document indices
[NeMo I 2026-03-31 03:14:40 utils:532] > total number of sequences: 102412
[NeMo I 2026-03-31 03:14:40 utils:532] > total number of documents: 102412
[NeMo I 2026-03-31 03:14:40 utils:532] Load the GPTDataset train indices
[NeMo I 2026-03-31 03:14:40 utils:532] 	Load the document index from e8746ea90c182b676fe66e3700a095c4-GPTDataset-train-document_index.npy
[NeMo I 2026-03-31 03:14:40 utils:532] 	Load the sample index from e8746ea90c182b676fe66e3700a095c4-GPTDataset-train-sample_index.npy
[NeMo I 2026-03-31 03:14:40 utils:532] 	Load the shuffle index from e8746ea90c182b676fe66e3700a095c4-GPTDataset-train-shuffle_index.npy
[NeMo I 2026-03-31 03:14:40 utils:532] > total number of samples: 6479437
[NeMo I 2026-03-31 03:14:40 utils:532] Load the _IndexReader from /work/datasets/AI/tokens_luciole_phase1/wikimedia-vikidia_ar_text_document.idx
[NeMo I 2026-03-31 03:14:40 utils:532] 	Extract the sequence lengths
[NeMo I 2026-03-31 03:14:40 utils:532] 	Extract the sequence pointers
[NeMo I 2026-03-31 03:14:40 utils:532] 	Extract the document indices
[NeMo I 2026-03-31 03:14:40 utils:532] > total number of sequences: 1460875
[NeMo I 2026-03-31 03:14:40 utils:532] > total number of documents: 1460875
[NeMo I 2026-03-31 03:14:40 utils:532] Load the GPTDataset train indices
[NeMo I 2026-03-31 03:14:40 utils:532] 	Load the document index from 8d608de9923f465727a0ae2e8b8d3531-GPTDataset-train-document_index.npy
[NeMo I 2026-03-31 03:14:40 utils:532] 	Load the sample index from 8d608de9923f465727a0ae2e8b8d3531-GPTDataset-train-sample_index.npy
[NeMo I 2026-03-31 03:14:40 utils:532] 	Load the shuffle index from 8d608de9923f465727a0ae2e8b8d3531-GPTDataset-train-shuffle_index.npy
[NeMo I 2026-03-31 03:14:40 utils:532] > total number of samples: 530903
[NeMo I 2026-03-31 03:14:40 utils:532] Load the _IndexReader from /work/datasets/AI/tokens_luciole_phase1/wikimedia-vikidia_ca_text_document_ratio0.20_phase0.idx
[NeMo I 2026-03-31 03:14:40 utils:532] 	Extract the sequence lengths
[NeMo I 2026-03-31 03:14:40 utils:532] 	Extract the sequence pointers
[NeMo I 2026-03-31 03:14:40 utils:532] 	Extract the document indices
[NeMo I 2026-03-31 03:14:40 utils:532] > total number of sequences: 289424
[NeMo I 2026-03-31 03:14:40 utils:532] > total number of documents: 289424
[NeMo I 2026-03-31 03:14:40 utils:532] Load the GPTDataset train indices
[NeMo I 2026-03-31 03:14:40 utils:532] 	Load the document index from 0f739d7ca0e67150f8d91704a9b19035-GPTDataset-train-document_index.npy
[NeMo I 2026-03-31 03:14:40 utils:532] 	Load the sample index from 0f739d7ca0e67150f8d91704a9b19035-GPTDataset-train-sample_index.npy
[NeMo I 2026-03-31 03:14:40 utils:532] 	Load the shuffle index from 0f739d7ca0e67150f8d91704a9b19035-GPTDataset-train-shuffle_index.npy
[NeMo I 2026-03-31 03:14:40 utils:532] > total number of samples: 117447
[NeMo I 2026-03-31 03:14:40 utils:532] Load the _IndexReader from /work/datasets/AI/tokens_luciole_phase1/wikimedia-vikidia_de_text_document.idx
[NeMo I 2026-03-31 03:14:40 utils:532] 	Extract the sequence lengths
[NeMo I 2026-03-31 03:14:40 utils:532] 	Extract the sequence pointers
[NeMo I 2026-03-31 03:14:40 utils:532] 	Extract the document indices
[NeMo I 2026-03-31 03:14:40 utils:532] > total number of sequences: 4561076
[NeMo I 2026-03-31 03:14:40 utils:532] > total number of documents: 4561076
[NeMo I 2026-03-31 03:14:40 utils:532] Load the GPTDataset train indices
[NeMo I 2026-03-31 03:14:40 utils:532] 	Load the document index from 5fa1fd0912647dd6cf40b209c842aaf5-GPTDataset-train-document_index.npy
[NeMo I 2026-03-31 03:14:40 utils:532] 	Load the sample index from 5fa1fd0912647dd6cf40b209c842aaf5-GPTDataset-train-sample_index.npy
[NeMo I 2026-03-31 03:14:40 utils:532] 	Load the shuffle index from 5fa1fd0912647dd6cf40b209c842aaf5-GPTDataset-train-shuffle_index.npy
[NeMo I 2026-03-31 03:14:40 utils:532] > total number of samples: 2197190
[NeMo I 2026-03-31 03:14:40 utils:532] Load the _IndexReader from /work/datasets/AI/tokens_luciole_phase1/wikimedia-vikidia_en_text_document.idx
[NeMo I 2026-03-31 03:14:40 utils:532] 	Extract the sequence lengths
[NeMo I 2026-03-31 03:14:40 utils:532] 	Extract the sequence pointers
[NeMo I 2026-03-31 03:14:40 utils:532] 	Extract the document indices
[NeMo I 2026-03-31 03:14:40 utils:532] > total number of sequences: 16464277
[NeMo I 2026-03-31 03:14:40 utils:532] > total number of documents: 16464277
[NeMo I 2026-03-31 03:14:40 utils:532] Load the GPTDataset train indices
[NeMo I 2026-03-31 03:14:40 utils:532] 	Load the document index from 348b14392c9b7aff9f77ce4754d54d96-GPTDataset-train-document_index.npy
[NeMo I 2026-03-31 03:14:40 utils:532] 	Load the sample index from 348b14392c9b7aff9f77ce4754d54d96-GPTDataset-train-sample_index.npy
[NeMo I 2026-03-31 03:14:40 utils:532] 	Load the shuffle index from 348b14392c9b7aff9f77ce4754d54d96-GPTDataset-train-shuffle_index.npy
[NeMo I 2026-03-31 03:14:40 utils:532] > total number of samples: 5765650
[NeMo I 2026-03-31 03:14:40 utils:532] Load the _IndexReader from /work/datasets/AI/tokens_luciole_phase1/wikimedia-vikidia_es_text_document.idx
[NeMo I 2026-03-31 03:14:40 utils:532] 	Extract the sequence lengths
[NeMo I 2026-03-31 03:14:40 utils:532] 	Extract the sequence pointers
[NeMo I 2026-03-31 03:14:40 utils:532] 	Extract the document indices
[NeMo I 2026-03-31 03:14:40 utils:532] > total number of sequences: 3065035
[NeMo I 2026-03-31 03:14:40 utils:532] > total number of documents: 3065035
[NeMo I 2026-03-31 03:14:40 utils:532] Load the GPTDataset train indices
[NeMo I 2026-03-31 03:14:40 utils:532] 	Load the document index from 49f0250198102d2eb71fda2f0bf5efaa-GPTDataset-train-document_index.npy
[NeMo I 2026-03-31 03:14:40 utils:532] 	Load the sample index from 49f0250198102d2eb71fda2f0bf5efaa-GPTDataset-train-sample_index.npy
[NeMo I 2026-03-31 03:14:40 utils:532] 	Load the shuffle index from 49f0250198102d2eb71fda2f0bf5efaa-GPTDataset-train-shuffle_index.npy
[NeMo I 2026-03-31 03:14:40 utils:532] > total number of samples: 1263687
[NeMo I 2026-03-31 03:14:40 utils:532] Load the _IndexReader from /work/datasets/AI/tokens_luciole_phase1/wikimedia-vikidia_fr_text_document.idx
[NeMo I 2026-03-31 03:14:40 utils:532] 	Extract the sequence lengths
[NeMo I 2026-03-31 03:14:40 utils:532] 	Extract the sequence pointers
[NeMo I 2026-03-31 03:14:40 utils:532] 	Extract the document indices
[NeMo I 2026-03-31 03:14:40 utils:532] > total number of sequences: 9702359
[NeMo I 2026-03-31 03:14:40 utils:532] > total number of documents: 9702359
[NeMo I 2026-03-31 03:14:40 utils:532] Load the GPTDataset train indices
[NeMo I 2026-03-31 03:14:40 utils:532] 	Load the document index from 9fc0098ebf656c628f150b58ffc1ada9-GPTDataset-train-document_index.npy
[NeMo I 2026-03-31 03:14:40 utils:532] 	Load the sample index from 9fc0098ebf656c628f150b58ffc1ada9-GPTDataset-train-sample_index.npy
[NeMo I 2026-03-31 03:14:40 utils:532] 	Load the shuffle index from 9fc0098ebf656c628f150b58ffc1ada9-GPTDataset-train-shuffle_index.npy
[NeMo I 2026-03-31 03:14:40 utils:532] > total number of samples: 2552104
[NeMo I 2026-03-31 03:14:40 utils:532] Load the _IndexReader from /work/datasets/AI/tokens_luciole_phase1/wikimedia-vikidia_it_text_document.idx
[NeMo I 2026-03-31 03:14:40 utils:532] 	Extract the sequence lengths
[NeMo I 2026-03-31 03:14:40 utils:532] 	Extract the sequence pointers
[NeMo I 2026-03-31 03:14:40 utils:532] 	Extract the document indices
[NeMo I 2026-03-31 03:14:40 utils:532] > total number of sequences: 2760467
[NeMo I 2026-03-31 03:14:40 utils:532] > total number of documents: 2760467
[NeMo I 2026-03-31 03:14:40 utils:532] Load the GPTDataset train indices
[NeMo I 2026-03-31 03:14:40 utils:532] 	Load the document index from b00b237c80ff7ed8eb4fca634961f002-GPTDataset-train-document_index.npy
[NeMo I 2026-03-31 03:14:40 utils:532] 	Load the sample index from b00b237c80ff7ed8eb4fca634961f002-GPTDataset-train-sample_index.npy
[NeMo I 2026-03-31 03:14:40 utils:532] 	Load the shuffle index from b00b237c80ff7ed8eb4fca634961f002-GPTDataset-train-shuffle_index.npy
[NeMo I 2026-03-31 03:14:40 utils:532] > total number of samples: 1308154
[NeMo I 2026-03-31 03:14:40 utils:532] Load the _IndexReader from /work/datasets/AI/tokens_luciole_phase1/wikimedia-vikidia_pt_text_document.idx
[NeMo I 2026-03-31 03:14:40 utils:532] 	Extract the sequence lengths
[NeMo I 2026-03-31 03:14:40 utils:532] 	Extract the sequence pointers
[NeMo I 2026-03-31 03:14:40 utils:532] 	Extract the document indices
[NeMo I 2026-03-31 03:14:40 utils:532] > total number of sequences: 1764890
[NeMo I 2026-03-31 03:14:40 utils:532] > total number of documents: 1764890
[NeMo I 2026-03-31 03:14:40 utils:532] Load the GPTDataset train indices
[NeMo I 2026-03-31 03:14:40 utils:532] 	Load the document index from 5308977226513f4c6a329ae7a6e70133-GPTDataset-train-document_index.npy
[NeMo I 2026-03-31 03:14:40 utils:532] 	Load the sample index from 5308977226513f4c6a329ae7a6e70133-GPTDataset-train-sample_index.npy
[NeMo I 2026-03-31 03:14:40 utils:532] 	Load the shuffle index from 5308977226513f4c6a329ae7a6e70133-GPTDataset-train-shuffle_index.npy
[NeMo I 2026-03-31 03:14:40 utils:532] > total number of samples: 608784
[NeMo I 2026-03-31 03:14:40 utils:532] Load the _IndexReader from /work/datasets/AI/tokens_luciole_phase1/wikimedia-vikidia_regional_text_document.idx
[NeMo I 2026-03-31 03:14:40 utils:532] 	Extract the sequence lengths
[NeMo I 2026-03-31 03:14:40 utils:532] 	Extract the sequence pointers
[NeMo I 2026-03-31 03:14:40 utils:532] 	Extract the document indices
[NeMo I 2026-03-31 03:14:40 utils:532] > total number of sequences: 851598
[NeMo I 2026-03-31 03:14:40 utils:532] > total number of documents: 851598
[NeMo I 2026-03-31 03:14:40 utils:532] Load the GPTDataset train indices
[NeMo I 2026-03-31 03:14:40 utils:532] 	Load the document index from 648ab9e1e4f8fc2a5fe5e2a0e2a79fe1-GPTDataset-train-document_index.npy
[NeMo I 2026-03-31 03:14:40 utils:532] 	Load the sample index from 648ab9e1e4f8fc2a5fe5e2a0e2a79fe1-GPTDataset-train-sample_index.npy
[NeMo I 2026-03-31 03:14:40 utils:532] 	Load the shuffle index from 648ab9e1e4f8fc2a5fe5e2a0e2a79fe1-GPTDataset-train-shuffle_index.npy
[NeMo I 2026-03-31 03:14:40 utils:532] > total number of samples: 238469
[NeMo I 2026-03-31 03:14:40 utils:532] Load the _IndexReader from /work/datasets/AI/tokens_luciole_phase1/wikimedia_nl_text_document.idx
[NeMo I 2026-03-31 03:14:40 utils:532] 	Extract the sequence lengths
[NeMo I 2026-03-31 03:14:40 utils:532] 	Extract the sequence pointers
[NeMo I 2026-03-31 03:14:40 utils:532] 	Extract the document indices
[NeMo I 2026-03-31 03:14:40 utils:532] > total number of sequences: 3157316
[NeMo I 2026-03-31 03:14:40 utils:532] > total number of documents: 3157316
[NeMo I 2026-03-31 03:14:40 utils:532] Load the GPTDataset train indices
[NeMo I 2026-03-31 03:14:40 utils:532] 	Load the document index from 9a8b923b7ff32c1ceec3037281de022d-GPTDataset-train-document_index.npy
[NeMo I 2026-03-31 03:14:40 utils:532] 	Load the sample index from 9a8b923b7ff32c1ceec3037281de022d-GPTDataset-train-sample_index.npy
[NeMo I 2026-03-31 03:14:40 utils:532] 	Load the shuffle index from 9a8b923b7ff32c1ceec3037281de022d-GPTDataset-train-shuffle_index.npy
[NeMo I 2026-03-31 03:14:40 utils:532] > total number of samples: 690639
[NeMo I 2026-03-31 03:14:40 utils:532] Load the _IndexReader from /work/datasets/AI/tokens_luciole_phase1/youtube_fr_text_document.idx
[NeMo I 2026-03-31 03:14:40 utils:532] 	Extract the sequence lengths
[NeMo I 2026-03-31 03:14:40 utils:532] 	Extract the sequence pointers
[NeMo I 2026-03-31 03:14:40 utils:532] 	Extract the document indices
[NeMo I 2026-03-31 03:14:40 utils:532] > total number of sequences: 37513
[NeMo I 2026-03-31 03:14:40 utils:532] > total number of documents: 37513
[NeMo I 2026-03-31 03:14:40 utils:532] Load the GPTDataset train indices
[NeMo I 2026-03-31 03:14:40 utils:532] 	Load the document index from a7d283fc0986056668fddb88a92c3aab-GPTDataset-train-document_index.npy
[NeMo I 2026-03-31 03:14:40 utils:532] 	Load the sample index from a7d283fc0986056668fddb88a92c3aab-GPTDataset-train-sample_index.npy
[NeMo I 2026-03-31 03:14:40 utils:532] 	Load the shuffle index from a7d283fc0986056668fddb88a92c3aab-GPTDataset-train-shuffle_index.npy
[NeMo I 2026-03-31 03:14:40 utils:532] > total number of samples: 152389
[NeMo I 2026-03-31 03:14:40 utils:532] Load the BlendedDataset indices
[NeMo I 2026-03-31 03:14:40 utils:532] 	Load the dataset index from /tmpdir/barman/bs1024_fullrun/outputs/index_mapping/04baff2d980ba06f7f964660fdde7898-BlendedDataset-train-dataset_index.npy
[NeMo I 2026-03-31 03:14:40 utils:532] 	Load the dataset sample index from /tmpdir/barman/bs1024_fullrun/outputs/index_mapping/04baff2d980ba06f7f964660fdde7898-BlendedDataset-train-dataset_sample_index.npy
[NeMo I 2026-03-31 03:14:51 utils:532] NumPy indices for BlendedDataset train split are fully cached, skipping verification
[NeMo I 2026-03-31 03:14:51 nemo_logging:393] Use preset vocab_size: 128000, original vocab_size: 128000, dummy tokens: 0.
INFO: LOCAL_RANK: 2 - CUDA_VISIBLE_DEVICES: [0,1,2,3]
INFO:lightning.pytorch.accelerators.cuda:LOCAL_RANK: 2 - CUDA_VISIBLE_DEVICES: [0,1,2,3]
INFO: LOCAL_RANK: 0 - CUDA_VISIBLE_DEVICES: [0,1,2,3]
INFO:lightning.pytorch.accelerators.cuda:LOCAL_RANK: 0 - CUDA_VISIBLE_DEVICES: [0,1,2,3]
[NeMo I 2026-03-31 03:14:52 nemo_logging:393] Copying Trainer's 'max_steps' (715788) to LR scheduler's 'max_steps'.
INFO: LOCAL_RANK: 3 - CUDA_VISIBLE_DEVICES: [0,1,2,3]
INFO:lightning.pytorch.accelerators.cuda:LOCAL_RANK: 3 - CUDA_VISIBLE_DEVICES: [0,1,2,3]
[NeMo I 2026-03-31 03:14:52 num_microbatches_calculator:228] setting number of microbatches to constant 8
INFO: LOCAL_RANK: 3 - CUDA_VISIBLE_DEVICES: [0,1,2,3]
INFO:lightning.pytorch.accelerators.cuda:LOCAL_RANK: 3 - CUDA_VISIBLE_DEVICES: [0,1,2,3]
INFO: LOCAL_RANK: 2 - CUDA_VISIBLE_DEVICES: [0,1,2,3]
INFO:lightning.pytorch.accelerators.cuda:LOCAL_RANK: 2 - CUDA_VISIBLE_DEVICES: [0,1,2,3]
INFO: LOCAL_RANK: 0 - CUDA_VISIBLE_DEVICES: [0,1,2,3]
INFO:lightning.pytorch.accelerators.cuda:LOCAL_RANK: 0 - CUDA_VISIBLE_DEVICES: [0,1,2,3]
INFO: LOCAL_RANK: 0 - CUDA_VISIBLE_DEVICES: [0,1,2,3]
INFO:lightning.pytorch.accelerators.cuda:LOCAL_RANK: 0 - CUDA_VISIBLE_DEVICES: [0,1,2,3]
INFO: LOCAL_RANK: 0 - CUDA_VISIBLE_DEVICES: [0,1,2,3]
INFO:lightning.pytorch.accelerators.cuda:LOCAL_RANK: 0 - CUDA_VISIBLE_DEVICES: [0,1,2,3]
INFO: LOCAL_RANK: 1 - CUDA_VISIBLE_DEVICES: [0,1,2,3]
INFO:lightning.pytorch.accelerators.cuda:LOCAL_RANK: 1 - CUDA_VISIBLE_DEVICES: [0,1,2,3]
INFO: LOCAL_RANK: 3 - CUDA_VISIBLE_DEVICES: [0,1,2,3]
INFO:lightning.pytorch.accelerators.cuda:LOCAL_RANK: 3 - CUDA_VISIBLE_DEVICES: [0,1,2,3]
[NeMo I 2026-03-31 03:14:52 nemo_logging:393]  > number of parameters on (tensor, pipeline) model parallel rank (0 ,0): 1319309336
INFO: LOCAL_RANK: 1 - CUDA_VISIBLE_DEVICES: [0,1,2,3]
INFO:lightning.pytorch.accelerators.cuda:LOCAL_RANK: 1 - CUDA_VISIBLE_DEVICES: [0,1,2,3]
INFO: LOCAL_RANK: 1 - CUDA_VISIBLE_DEVICES: [0,1,2,3]
INFO:lightning.pytorch.accelerators.cuda:LOCAL_RANK: 1 - CUDA_VISIBLE_DEVICES: [0,1,2,3]
INFO: LOCAL_RANK: 3 - CUDA_VISIBLE_DEVICES: [0,1,2,3]
INFO:lightning.pytorch.accelerators.cuda:LOCAL_RANK: 3 - CUDA_VISIBLE_DEVICES: [0,1,2,3]
INFO: LOCAL_RANK: 1 - CUDA_VISIBLE_DEVICES: [0,1,2,3]
INFO:lightning.pytorch.accelerators.cuda:LOCAL_RANK: 1 - CUDA_VISIBLE_DEVICES: [0,1,2,3]
INFO: LOCAL_RANK: 3 - CUDA_VISIBLE_DEVICES: [0,1,2,3]
INFO:lightning.pytorch.accelerators.cuda:LOCAL_RANK: 3 - CUDA_VISIBLE_DEVICES: [0,1,2,3]
INFO: LOCAL_RANK: 0 - CUDA_VISIBLE_DEVICES: [0,1,2,3]
INFO:lightning.pytorch.accelerators.cuda:LOCAL_RANK: 0 - CUDA_VISIBLE_DEVICES: [0,1,2,3]
INFO: LOCAL_RANK: 1 - CUDA_VISIBLE_DEVICES: [0,1,2,3]
INFO:lightning.pytorch.accelerators.cuda:LOCAL_RANK: 1 - CUDA_VISIBLE_DEVICES: [0,1,2,3]
INFO: LOCAL_RANK: 2 - CUDA_VISIBLE_DEVICES: [0,1,2,3]
INFO:lightning.pytorch.accelerators.cuda:LOCAL_RANK: 2 - CUDA_VISIBLE_DEVICES: [0,1,2,3]
INFO: LOCAL_RANK: 2 - CUDA_VISIBLE_DEVICES: [0,1,2,3]
INFO:lightning.pytorch.accelerators.cuda:LOCAL_RANK: 2 - CUDA_VISIBLE_DEVICES: [0,1,2,3]
INFO: LOCAL_RANK: 2 - CUDA_VISIBLE_DEVICES: [0,1,2,3]
INFO:lightning.pytorch.accelerators.cuda:LOCAL_RANK: 2 - CUDA_VISIBLE_DEVICES: [0,1,2,3]
INFO: LOCAL_RANK: 2 - CUDA_VISIBLE_DEVICES: [0,1,2,3]
INFO:lightning.pytorch.accelerators.cuda:LOCAL_RANK: 2 - CUDA_VISIBLE_DEVICES: [0,1,2,3]
INFO: LOCAL_RANK: 0 - CUDA_VISIBLE_DEVICES: [0,1,2,3]
INFO:lightning.pytorch.accelerators.cuda:LOCAL_RANK: 0 - CUDA_VISIBLE_DEVICES: [0,1,2,3]
INFO: LOCAL_RANK: 3 - CUDA_VISIBLE_DEVICES: [0,1,2,3]
INFO:lightning.pytorch.accelerators.cuda:LOCAL_RANK: 3 - CUDA_VISIBLE_DEVICES: [0,1,2,3]
INFO: LOCAL_RANK: 2 - CUDA_VISIBLE_DEVICES: [0,1,2,3]
INFO:lightning.pytorch.accelerators.cuda:LOCAL_RANK: 2 - CUDA_VISIBLE_DEVICES: [0,1,2,3]
INFO: LOCAL_RANK: 0 - CUDA_VISIBLE_DEVICES: [0,1,2,3]
INFO:lightning.pytorch.accelerators.cuda:LOCAL_RANK: 0 - CUDA_VISIBLE_DEVICES: [0,1,2,3]
INFO: LOCAL_RANK: 3 - CUDA_VISIBLE_DEVICES: [0,1,2,3]
INFO:lightning.pytorch.accelerators.cuda:LOCAL_RANK: 3 - CUDA_VISIBLE_DEVICES: [0,1,2,3]
INFO: LOCAL_RANK: 1 - CUDA_VISIBLE_DEVICES: [0,1,2,3]
INFO:lightning.pytorch.accelerators.cuda:LOCAL_RANK: 1 - CUDA_VISIBLE_DEVICES: [0,1,2,3]
INFO: LOCAL_RANK: 0 - CUDA_VISIBLE_DEVICES: [0,1,2,3]
INFO:lightning.pytorch.accelerators.cuda:LOCAL_RANK: 0 - CUDA_VISIBLE_DEVICES: [0,1,2,3]
INFO: LOCAL_RANK: 1 - CUDA_VISIBLE_DEVICES: [0,1,2,3]
INFO:lightning.pytorch.accelerators.cuda:LOCAL_RANK: 1 - CUDA_VISIBLE_DEVICES: [0,1,2,3]
INFO: LOCAL_RANK: 3 - CUDA_VISIBLE_DEVICES: [0,1,2,3]
INFO:lightning.pytorch.accelerators.cuda:LOCAL_RANK: 3 - CUDA_VISIBLE_DEVICES: [0,1,2,3]
INFO: LOCAL_RANK: 1 - CUDA_VISIBLE_DEVICES: [0,1,2,3]
INFO:lightning.pytorch.accelerators.cuda:LOCAL_RANK: 1 - CUDA_VISIBLE_DEVICES: [0,1,2,3]
INFO: LOCAL_RANK: 2 - CUDA_VISIBLE_DEVICES: [0,1,2,3]
INFO:lightning.pytorch.accelerators.cuda:LOCAL_RANK: 2 - CUDA_VISIBLE_DEVICES: [0,1,2,3]
[NeMo I 2026-03-31 03:14:52 utils:532] Setting up DistributedDataParallel with config DistributedDataParallelConfig(grad_reduce_in_fp32=True, overlap_grad_reduce=True, overlap_param_gather=True, align_param_gather=False, use_distributed_optimizer=True, num_distributed_optimizer_instances=1, check_for_nan_in_grad=True, check_for_large_grads=False, bucket_size=40000000, pad_buckets_for_high_nccl_busbw=False, average_in_collective=True, fp8_param_gather=False, use_custom_fsdp=False, data_parallel_sharding_strategy='no_shard', gradient_reduce_div_fusion=True, suggested_communication_unit_size=None, preserve_fp32_weights=True, keep_fp8_transpose_cache_when_using_custom_fsdp=False)
[NeMo I 2026-03-31 03:14:52 utils:553] Number of buckets for gradient all-reduce / reduce-scatter: 25
    Params for bucket 1 (44048384 elements, 44048384 padded size):
    	module.decoder.final_layernorm.bias
    	module.decoder.layers.23.pre_mlp_layernorm.bias
    	module.decoder.final_layernorm.weight
    	module.decoder.layers.23.pre_mlp_layernorm.weight
    	module.decoder.layers.23.self_attention.linear_qkv.weight
    	module.decoder.layers.23.mlp.linear_fc1.weight
    	module.decoder.layers.23.mlp.linear_fc2.weight
    	module.decoder.layers.23.self_attention.linear_proj.weight
    Params for bucket 2 (44048385 elements, 44048512 padded size):
    	module.decoder.layers.22.mlp.linear_fc1.weight
    	module.decoder.layers.23.input_layernorm.weight
    	module.decoder.layers.22.pre_mlp_layernorm.weight
    	module.decoder.layers.23.self_attention.core_attention.ssa_n_raw
    	module.decoder.layers.22.mlp.linear_fc2.weight
    	module.decoder.layers.23.input_layernorm.bias
    	module.decoder.layers.22.pre_mlp_layernorm.bias
    	module.decoder.layers.22.self_attention.linear_qkv.weight
    	module.decoder.layers.22.self_attention.linear_proj.weight
    Params for bucket 3 (44048385 elements, 44048512 padded size):
    	module.decoder.layers.22.self_attention.core_attention.ssa_n_raw
    	module.decoder.layers.22.input_layernorm.bias
    	module.decoder.layers.21.mlp.linear_fc1.weight
    	module.decoder.layers.21.pre_mlp_layernorm.bias
    	module.decoder.layers.21.self_attention.linear_qkv.weight
    	module.decoder.layers.21.mlp.linear_fc2.weight
    	module.decoder.layers.22.input_layernorm.weight
    	module.decoder.layers.21.pre_mlp_layernorm.weight
    	module.decoder.layers.21.self_attention.linear_proj.weight
    Params for bucket 4 (44048385 elements, 44048512 padded size):
    	module.decoder.layers.20.mlp.linear_fc1.weight
    	module.decoder.layers.21.input_layernorm.weight
    	module.decoder.layers.20.pre_mlp_layernorm.weight
    	module.decoder.layers.21.self_attention.core_attention.ssa_n_raw
    	module.decoder.layers.21.input_layernorm.bias
    	module.decoder.layers.20.mlp.linear_fc2.weight
    	module.decoder.layers.20.pre_mlp_layernorm.bias
    	module.decoder.layers.20.self_attention.linear_qkv.weight
    	module.decoder.layers.20.self_attention.linear_proj.weight
    Params for bucket 5 (44048385 elements, 44048512 padded size):
    	module.decoder.layers.20.self_attention.core_attention.ssa_n_raw
    	module.decoder.layers.19.mlp.linear_fc2.weight
    	module.decoder.layers.20.input_layernorm.weight
    	module.decoder.layers.19.pre_mlp_layernorm.bias
    	module.decoder.layers.19.self_attention.linear_proj.weight
    	module.decoder.layers.20.input_layernorm.bias
    	module.decoder.layers.19.mlp.linear_fc1.weight
    	module.decoder.layers.19.pre_mlp_layernorm.weight
    	module.decoder.layers.19.self_attention.linear_qkv.weight
    Params for bucket 6 (44048385 elements, 44048512 padded size):
    	module.decoder.layers.19.input_layernorm.bias
    	module.decoder.layers.18.mlp.linear_fc1.weight
    	module.decoder.layers.18.pre_mlp_layernorm.weight
    	module.decoder.layers.19.self_attention.core_attention.ssa_n_raw
    	module.decoder.layers.19.input_layernorm.weight
    	module.decoder.layers.18.mlp.linear_fc2.weight
    	module.decoder.layers.18.pre_mlp_layernorm.bias
    	module.decoder.layers.18.self_attention.linear_qkv.weight
    	module.decoder.layers.18.self_attention.linear_proj.weight
    Params for bucket 7 (44048385 elements, 44048512 padded size):
    	module.decoder.layers.18.self_attention.core_attention.ssa_n_raw
    	module.decoder.layers.18.input_layernorm.weight
    	module.decoder.layers.17.mlp.linear_fc2.weight
    	module.decoder.layers.17.self_attention.linear_proj.weight
    	module.decoder.layers.17.mlp.linear_fc1.weight
    	module.decoder.layers.18.input_layernorm.bias
    	module.decoder.layers.17.pre_mlp_layernorm.bias
    	module.decoder.layers.17.pre_mlp_layernorm.weight
    	module.decoder.layers.17.self_attention.linear_qkv.weight
    Params for bucket 8 (44048385 elements, 44048512 padded size):
    	module.decoder.layers.17.input_layernorm.weight
    	module.decoder.layers.17.input_layernorm.bias
    	module.decoder.layers.16.mlp.linear_fc2.weight
    	module.decoder.layers.16.pre_mlp_layernorm.bias
    	module.decoder.layers.16.pre_mlp_layernorm.weight
    	module.decoder.layers.17.self_attention.core_attention.ssa_n_raw
    	module.decoder.layers.16.mlp.linear_fc1.weight
    	module.decoder.layers.16.self_attention.linear_qkv.weight
    	module.decoder.layers.16.self_attention.linear_proj.weight
    Params for bucket 9 (44048385 elements, 44048512 padded size):
    	module.decoder.layers.16.input_layernorm.bias
    	module.decoder.layers.15.mlp.linear_fc2.weight
    	module.decoder.layers.15.pre_mlp_layernorm.bias
    	module.decoder.layers.15.self_attention.linear_proj.weight
    	module.decoder.layers.16.self_attention.core_attention.ssa_n_raw
    	module.decoder.layers.15.mlp.linear_fc1.weight
    	module.decoder.layers.16.input_layernorm.weight
    	module.decoder.layers.15.pre_mlp_layernorm.weight
    	module.decoder.layers.15.self_attention.linear_qkv.weight
    Params for bucket 10 (44048385 elements, 44048512 padded size):
    	module.decoder.layers.14.mlp.linear_fc2.weight
    	module.decoder.layers.15.input_layernorm.bias
    	module.decoder.layers.14.mlp.linear_fc1.weight
    	module.decoder.layers.14.self_attention.linear_qkv.weight
    	module.decoder.layers.15.self_attention.core_attention.ssa_n_raw
    	module.decoder.layers.15.input_layernorm.weight
    	module.decoder.layers.14.pre_mlp_layernorm.bias
    	module.decoder.layers.14.pre_mlp_layernorm.weight
    	module.decoder.layers.14.self_attention.linear_proj.weight
    Params for bucket 11 (44048385 elements, 44048512 padded size):
    	module.decoder.layers.14.self_attention.core_attention.ssa_n_raw
    	module.decoder.layers.14.input_layernorm.bias
    	module.decoder.layers.13.mlp.linear_fc2.weight
    	module.decoder.layers.13.pre_mlp_layernorm.bias
    	module.decoder.layers.13.self_attention.linear_proj.weight
    	module.decoder.layers.14.input_layernorm.weight
    	module.decoder.layers.13.mlp.linear_fc1.weight
    	module.decoder.layers.13.pre_mlp_layernorm.weight
    	module.decoder.layers.13.self_attention.linear_qkv.weight
    Params for bucket 12 (44048385 elements, 44048512 padded size):
    	module.decoder.layers.13.input_layernorm.bias
    	module.decoder.layers.12.pre_mlp_layernorm.bias
    	module.decoder.layers.12.pre_mlp_layernorm.weight
    	module.decoder.layers.12.self_attention.linear_qkv.weight
    	module.decoder.layers.13.self_attention.core_attention.ssa_n_raw
    	module.decoder.layers.13.input_layernorm.weight
    	module.decoder.layers.12.mlp.linear_fc1.weight
    	module.decoder.layers.12.mlp.linear_fc2.weight
    	module.decoder.layers.12.self_attention.linear_proj.weight
    Params for bucket 13 (44048385 elements, 44048512 padded size):
    	module.decoder.layers.12.input_layernorm.weight
    	module.decoder.layers.12.input_layernorm.bias
    	module.decoder.layers.11.pre_mlp_layernorm.weight
    	module.decoder.layers.11.self_attention.linear_qkv.weight
    	module.decoder.layers.12.self_attention.core_attention.ssa_n_raw
    	module.decoder.layers.11.mlp.linear_fc2.weight
    	module.decoder.layers.11.mlp.linear_fc1.weight
    	module.decoder.layers.11.pre_mlp_layernorm.bias
    	module.decoder.layers.11.self_attention.linear_proj.weight
    Params for bucket 14 (44048385 elements, 44048512 padded size):
    	module.decoder.layers.11.self_attention.core_attention.ssa_n_raw
    	module.decoder.layers.10.mlp.linear_fc1.weight
    	module.decoder.layers.11.input_layernorm.weight
    	module.decoder.layers.10.self_attention.linear_proj.weight
    	module.decoder.layers.11.input_layernorm.bias
    	module.decoder.layers.10.mlp.linear_fc2.weight
    	module.decoder.layers.10.pre_mlp_layernorm.bias
    	module.decoder.layers.10.pre_mlp_layernorm.weight
    	module.decoder.layers.10.self_attention.linear_qkv.weight
    Params for bucket 15 (44048385 elements, 44048512 padded size):
    	module.decoder.layers.10.self_attention.core_attention.ssa_n_raw
    	module.decoder.layers.10.input_layernorm.bias
    	module.decoder.layers.9.mlp.linear_fc2.weight
    	module.decoder.layers.9.pre_mlp_layernorm.bias
    	module.decoder.layers.9.self_attention.linear_proj.weight
    	module.decoder.layers.10.input_layernorm.weight
    	module.decoder.layers.9.mlp.linear_fc1.weight
    	module.decoder.layers.9.pre_mlp_layernorm.weight
    	module.decoder.layers.9.self_attention.linear_qkv.weight
    Params for bucket 16 (44048385 elements, 44048512 padded size):
    	module.decoder.layers.9.input_layernorm.bias
    	module.decoder.layers.8.pre_mlp_layernorm.bias
    	module.decoder.layers.8.pre_mlp_layernorm.weight
    	module.decoder.layers.8.self_attention.linear_qkv.weight
    	module.decoder.layers.9.self_attention.core_attention.ssa_n_raw
    	module.decoder.layers.9.input_layernorm.weight
    	module.decoder.layers.8.mlp.linear_fc1.weight
    	module.decoder.layers.8.mlp.linear_fc2.weight
    	module.decoder.layers.8.self_attention.linear_proj.weight
    Params for bucket 17 (44048385 elements, 44048512 padded size):
    	module.decoder.layers.8.input_layernorm.weight
    	module.decoder.layers.7.mlp.linear_fc1.weight
    	module.decoder.layers.7.pre_mlp_layernorm.weight
    	module.decoder.layers.8.self_attention.core_attention.ssa_n_raw
    	module.decoder.layers.7.mlp.linear_fc2.weight
    	module.decoder.layers.8.input_layernorm.bias
    	module.decoder.layers.7.pre_mlp_layernorm.bias
    	module.decoder.layers.7.self_attention.linear_qkv.weight
    	module.decoder.layers.7.self_attention.linear_proj.weight
    Params for bucket 18 (44048385 elements, 44048512 padded size):
    	module.decoder.layers.7.self_attention.core_attention.ssa_n_raw
    	module.decoder.layers.7.input_layernorm.bias
    	module.decoder.layers.6.mlp.linear_fc1.weight
    	module.decoder.layers.6.pre_mlp_layernorm.bias
    	module.decoder.layers.6.self_attention.linear_qkv.weight
    	module.decoder.layers.7.input_layernorm.weight
    	module.decoder.layers.6.mlp.linear_fc2.weight
    	module.decoder.layers.6.pre_mlp_layernorm.weight
    	module.decoder.layers.6.self_attention.linear_proj.weight
    Params for bucket 19 (44048385 elements, 44048512 padded size):
    	module.decoder.layers.5.mlp.linear_fc1.weight
    	module.decoder.layers.6.input_layernorm.weight
    	module.decoder.layers.5.pre_mlp_layernorm.weight
    	module.decoder.layers.6.self_attention.core_attention.ssa_n_raw
    	module.decoder.layers.5.mlp.linear_fc2.weight
    	module.decoder.layers.6.input_layernorm.bias
    	module.decoder.layers.5.pre_mlp_layernorm.bias
    	module.decoder.layers.5.self_attention.linear_qkv.weight
    	module.decoder.layers.5.self_attention.linear_proj.weight
    Params for bucket 20 (44048385 elements, 44048512 padded size):
    	module.decoder.layers.5.input_layernorm.bias
    	module.decoder.layers.4.pre_mlp_layernorm.weight
    	module.decoder.layers.4.self_attention.linear_qkv.weight
    	module.decoder.layers.5.self_attention.core_attention.ssa_n_raw
    	module.decoder.layers.5.input_layernorm.weight
    	module.decoder.layers.4.mlp.linear_fc1.weight
    	module.decoder.layers.4.mlp.linear_fc2.weight
    	module.decoder.layers.4.pre_mlp_layernorm.bias
    	module.decoder.layers.4.self_attention.linear_proj.weight
    Params for bucket 21 (44048385 elements, 44048512 padded size):
    	module.decoder.layers.4.self_attention.core_attention.ssa_n_raw
    	module.decoder.layers.3.mlp.linear_fc2.weight
    	module.decoder.layers.4.input_layernorm.bias
    	module.decoder.layers.3.self_attention.linear_qkv.weight
    	module.decoder.layers.3.mlp.linear_fc1.weight
    	module.decoder.layers.4.input_layernorm.weight
    	module.decoder.layers.3.pre_mlp_layernorm.bias
    	module.decoder.layers.3.pre_mlp_layernorm.weight
    	module.decoder.layers.3.self_attention.linear_proj.weight
    Params for bucket 22 (44048385 elements, 44048512 padded size):
    	module.decoder.layers.3.self_attention.core_attention.ssa_n_raw
    	module.decoder.layers.3.input_layernorm.bias
    	module.decoder.layers.2.mlp.linear_fc2.weight
    	module.decoder.layers.2.self_attention.linear_proj.weight
    	module.decoder.layers.2.mlp.linear_fc1.weight
    	module.decoder.layers.3.input_layernorm.weight
    	module.decoder.layers.2.pre_mlp_layernorm.bias
    	module.decoder.layers.2.pre_mlp_layernorm.weight
    	module.decoder.layers.2.self_attention.linear_qkv.weight
    Params for bucket 23 (44048385 elements, 44048512 padded size):
    	module.decoder.layers.2.self_attention.core_attention.ssa_n_raw
    	module.decoder.layers.2.input_layernorm.weight
    	module.decoder.layers.1.mlp.linear_fc2.weight
    	module.decoder.layers.1.self_attention.linear_proj.weight
    	module.decoder.layers.2.input_layernorm.bias
    	module.decoder.layers.1.mlp.linear_fc1.weight
    	module.decoder.layers.1.pre_mlp_layernorm.bias
    	module.decoder.layers.1.pre_mlp_layernorm.weight
    	module.decoder.layers.1.self_attention.linear_qkv.weight
    Params for bucket 24 (44048385 elements, 44048512 padded size):
    	module.decoder.layers.1.input_layernorm.weight
    	module.decoder.layers.0.mlp.linear_fc2.weight
    	module.decoder.layers.0.pre_mlp_layernorm.bias
    	module.decoder.layers.0.self_attention.linear_qkv.weight
    	module.decoder.layers.1.self_attention.core_attention.ssa_n_raw
    	module.decoder.layers.1.input_layernorm.bias
    	module.decoder.layers.0.mlp.linear_fc1.weight
    	module.decoder.layers.0.pre_mlp_layernorm.weight
    	module.decoder.layers.0.self_attention.linear_proj.weight
    Params for bucket 25 (262148097 elements, 262148224 padded size):
    	module.decoder.layers.0.self_attention.core_attention.ssa_n_raw
    	module.decoder.layers.0.input_layernorm.weight
    	module.embedding.word_embeddings.weight
    	module.decoder.layers.0.input_layernorm.bias
[NeMo I 2026-03-31 03:14:52 utils:532] Setting up optimizer with config OptimizerConfig(optimizer='adam', lr=0.0003, min_lr=None, decoupled_lr=None, decoupled_min_lr=None, weight_decay=0.1, fp16=False, bf16=True, params_dtype=torch.bfloat16, use_precision_aware_optimizer=False, main_grads_dtype=torch.float32, main_params_dtype=torch.float32, exp_avg_dtype=torch.float32, exp_avg_sq_dtype=torch.float32, loss_scale=None, initial_loss_scale=4294967296, min_loss_scale=1.0, loss_scale_window=1000, hysteresis=2, adam_beta1=0.9, adam_beta2=0.95, adam_eps=1e-05, sgd_momentum=0.9, use_distributed_optimizer=True, overlap_param_gather_with_optimizer_step=False, optimizer_cpu_offload=False, optimizer_offload_fraction=0.0, use_torch_optimizer_for_cpu_offload=False, overlap_cpu_optimizer_d2h_h2d=False, pin_cpu_grads=True, pin_cpu_params=True, clip_grad=1.0, log_num_zeros_in_grad=False, barrier_with_L1_time=False, timers=None, config_logger_dir='')
INFO: 
  | Name   | Type | Params | Mode 
----------------------------------------
0 | module | DDP  | 1.3 B  | train
----------------------------------------
1.3 B     Trainable params
0         Non-trainable params
1.3 B     Total params
5,277.237 Total estimated model params size (MB)
395       Modules in train mode
0         Modules in eval mode
INFO:lightning.pytorch.callbacks.model_summary:
  | Name   | Type | Params | Mode 
----------------------------------------
0 | module | DDP  | 1.3 B  | train
----------------------------------------
1.3 B     Trainable params
0         Non-trainable params
1.3 B     Total params
5,277.237 Total estimated model params size (MB)
395       Modules in train mode
0         Modules in eval mode
INFO: Restoring states from the checkpoint path at /tmpdir/barman/bs1024_fullrun/outputs/nemotron-1B-SSA-Triton-bs1024/checkpoints/nemotron-1B-SSA-Triton-bs1024-step=0026999-last/weights
INFO:lightning.pytorch.utilities.rank_zero:Restoring states from the checkpoint path at /tmpdir/barman/bs1024_fullrun/outputs/nemotron-1B-SSA-Triton-bs1024/checkpoints/nemotron-1B-SSA-Triton-bs1024-step=0026999-last/weights
[NeMo I 2026-03-31 03:14:52 nemo_logging:393] Using <megatron.core.dist_checkpointing.strategies.fully_parallel.FullyParallelLoadStrategyWrapper object at 0x4b1c6366c770> dist-ckpt load strategy.
[NeMo I 2026-03-31 03:15:00 nemo_logging:393] Global Checkpoint Load : Rank : 0 : Start time : 1774919692.609s : Time spent in load_checkpoint: 8.310s
INFO: *** Loaded DataModule state dict successfully. IGNORE PTL's warning below about the dataloader not being resumable. This is warning is expected because we are handling dataloader resumption manually in NeMo. ***
INFO:lightning.pytorch.utilities.rank_zero:*** Loaded DataModule state dict successfully. IGNORE PTL's warning below about the dataloader not being resumable. This is warning is expected because we are handling dataloader resumption manually in NeMo. ***
[NeMo I 2026-03-31 03:15:00 distrib_optimizer:784] Loading distributed optimizer sharded state of type fully_sharded_model_space
INFO: Restored all states from the checkpoint at /tmpdir/barman/bs1024_fullrun/outputs/nemotron-1B-SSA-Triton-bs1024/checkpoints/nemotron-1B-SSA-Triton-bs1024-step=0026999-last/weights
INFO:lightning.pytorch.utilities.rank_zero:Restored all states from the checkpoint at /tmpdir/barman/bs1024_fullrun/outputs/nemotron-1B-SSA-Triton-bs1024/checkpoints/nemotron-1B-SSA-Triton-bs1024-step=0026999-last/weights
INFO:root:Instantiating MegatronPretrainingSampler with total_samples: 732966961 and consumed_samples: 27648000
INFO:root:Instantiating MegatronPretrainingSampler with total_samples: 732966961 and consumed_samples: 27648000
INFO:root:Instantiating MegatronPretrainingSampler with total_samples: 732966961 and consumed_samples: 27648000
INFO:root:Instantiating MegatronPretrainingSampler with total_samples: 732966961 and consumed_samples: 27648000
INFO:root:Instantiating MegatronPretrainingSampler with total_samples: 732966961 and consumed_samples: 27648000
INFO:root:Instantiating MegatronPretrainingSampler with total_samples: 732966961 and consumed_samples: 27648000
INFO:root:Instantiating MegatronPretrainingSampler with total_samples: 732966961 and consumed_samples: 27648000
INFO:root:Instantiating MegatronPretrainingSampler with total_samples: 732966961 and consumed_samples: 27648000
INFO:root:Instantiating MegatronPretrainingSampler with total_samples: 732966961 and consumed_samples: 27648000
INFO:root:Instantiating MegatronPretrainingSampler with total_samples: 732966961 and consumed_samples: 27648000
INFO:root:Instantiating MegatronPretrainingSampler with total_samples: 732966961 and consumed_samples: 27648000
INFO:root:Instantiating MegatronPretrainingSampler with total_samples: 732966961 and consumed_samples: 27648000
INFO:root:Instantiating MegatronPretrainingSampler with total_samples: 732966961 and consumed_samples: 27648000
INFO:root:Instantiating MegatronPretrainingSampler with total_samples: 732966961 and consumed_samples: 27648000
INFO:root:Instantiating MegatronPretrainingSampler with total_samples: 732966961 and consumed_samples: 27648000
INFO:root:Instantiating MegatronPretrainingSampler with total_samples: 732966961 and consumed_samples: 27648000
INFO:root:Instantiating MegatronPretrainingSampler with total_samples: 732966961 and consumed_samples: 27648000
INFO:root:Instantiating MegatronPretrainingSampler with total_samples: 732966961 and consumed_samples: 27648000
INFO:root:Instantiating MegatronPretrainingSampler with total_samples: 732966961 and consumed_samples: 27648000
INFO:root:Instantiating MegatronPretrainingSampler with total_samples: 732966961 and consumed_samples: 27648000
INFO:root:Instantiating MegatronPretrainingSampler with total_samples: 732966961 and consumed_samples: 27648000
INFO:root:Instantiating MegatronPretrainingSampler with total_samples: 732966961 and consumed_samples: 27648000
INFO:root:Instantiating MegatronPretrainingSampler with total_samples: 732966961 and consumed_samples: 27648000
INFO:root:Instantiating MegatronPretrainingSampler with total_samples: 732966961 and consumed_samples: 27648000
INFO:root:Instantiating MegatronPretrainingSampler with total_samples: 732966961 and consumed_samples: 27648000
INFO:root:Instantiating MegatronPretrainingSampler with total_samples: 732966961 and consumed_samples: 27648000
INFO:root:Instantiating MegatronPretrainingSampler with total_samples: 732966961 and consumed_samples: 27648000
INFO:root:Instantiating MegatronPretrainingSampler with total_samples: 732966961 and consumed_samples: 27648000
INFO:root:Instantiating MegatronPretrainingSampler with total_samples: 732966961 and consumed_samples: 27648000
INFO:root:Instantiating MegatronPretrainingSampler with total_samples: 732966961 and consumed_samples: 27648000
INFO:root:Instantiating MegatronPretrainingSampler with total_samples: 732966961 and consumed_samples: 27648000
INFO:root:Instantiating MegatronPretrainingSampler with total_samples: 732966961 and consumed_samples: 27648000
[NeMo W 2026-03-31 03:15:02 nemo_logging:405] /usr/local/lib/python3.12/dist-packages/lightning/pytorch/loops/training_epoch_loop.py:161: You're resuming from a checkpoint that ended before the epoch ended and your dataloader is not resumable. This can cause unreliable results if further training is done. Consider using an end-of-epoch checkpoint or make your dataloader resumable by implementing the `state_dict` / `load_state_dict` interface.
    
[NeMo W 2026-03-31 03:17:35 rerun_state_machine:1264] Implicit initialization of Rerun State Machine!
[NeMo W 2026-03-31 03:17:35 rerun_state_machine:239] RerunStateMachine initialized in mode RerunMode.DISABLED
Training epoch 1, iteration 27000/715787 | lr: 0.0002991 | consumed_samples: 27649024 | global_batch_size: 1024 | global_step: 27000 | reduced_train_loss: 2.499
Training epoch 1, iteration 27001/715787 | lr: 0.0002991 | consumed_samples: 27650048 | global_batch_size: 1024 | global_step: 27001 | reduced_train_loss: 2.496
Training epoch 1, iteration 27002/715787 | lr: 0.0002991 | consumed_samples: 27651072 | global_batch_size: 1024 | global_step: 27002 | reduced_train_loss: 2.495
Training epoch 1, iteration 27003/715787 | lr: 0.0002991 | consumed_samples: 27652096 | global_batch_size: 1024 | global_step: 27003 | reduced_train_loss: 2.495
Training epoch 1, iteration 27004/715787 | lr: 0.0002991 | consumed_samples: 27653120 | global_batch_size: 1024 | global_step: 27004 | reduced_train_loss: 2.51
Training epoch 1, iteration 27005/715787 | lr: 0.0002991 | consumed_samples: 27654144 | global_batch_size: 1024 | global_step: 27005 | reduced_train_loss: 2.476
Training epoch 1, iteration 27006/715787 | lr: 0.0002991 | consumed_samples: 27655168 | global_batch_size: 1024 | global_step: 27006 | reduced_train_loss: 2.506
Training epoch 1, iteration 27007/715787 | lr: 0.0002991 | consumed_samples: 27656192 | global_batch_size: 1024 | global_step: 27007 | reduced_train_loss: 2.493
Training epoch 1, iteration 27008/715787 | lr: 0.0002991 | consumed_samples: 27657216 | global_batch_size: 1024 | global_step: 27008 | reduced_train_loss: 2.473
Training epoch 1, iteration 27009/715787 | lr: 0.0002991 | consumed_samples: 27658240 | global_batch_size: 1024 | global_step: 27009 | reduced_train_loss: 2.494
Training epoch 1, iteration 27010/715787 | lr: 0.0002991 | consumed_samples: 27659264 | global_batch_size: 1024 | global_step: 27010 | reduced_train_loss: 2.498
Training epoch 1, iteration 27011/715787 | lr: 0.0002991 | consumed_samples: 27660288 | global_batch_size: 1024 | global_step: 27011 | reduced_train_loss: 2.487
Training epoch 1, iteration 27012/715787 | lr: 0.0002991 | consumed_samples: 27661312 | global_batch_size: 1024 | global_step: 27012 | reduced_train_loss: 2.474
Training epoch 1, iteration 27013/715787 | lr: 0.0002991 | consumed_samples: 27662336 | global_batch_size: 1024 | global_step: 27013 | reduced_train_loss: 2.489
Training epoch 1, iteration 27014/715787 | lr: 0.0002991 | consumed_samples: 27663360 | global_batch_size: 1024 | global_step: 27014 | reduced_train_loss: 2.489
Training epoch 1, iteration 27015/715787 | lr: 0.0002991 | consumed_samples: 27664384 | global_batch_size: 1024 | global_step: 27015 | reduced_train_loss: 2.493
Training epoch 1, iteration 27016/715787 | lr: 0.0002991 | consumed_samples: 27665408 | global_batch_size: 1024 | global_step: 27016 | reduced_train_loss: 2.495
Training epoch 1, iteration 27017/715787 | lr: 0.0002991 | consumed_samples: 27666432 | global_batch_size: 1024 | global_step: 27017 | reduced_train_loss: 2.51
Training epoch 1, iteration 27018/715787 | lr: 0.0002991 | consumed_samples: 27667456 | global_batch_size: 1024 | global_step: 27018 | reduced_train_loss: 2.506
Training epoch 1, iteration 27019/715787 | lr: 0.0002991 | consumed_samples: 27668480 | global_batch_size: 1024 | global_step: 27019 | reduced_train_loss: 2.52
Training epoch 1, iteration 27020/715787 | lr: 0.0002991 | consumed_samples: 27669504 | global_batch_size: 1024 | global_step: 27020 | reduced_train_loss: 2.504
Training epoch 1, iteration 27021/715787 | lr: 0.0002991 | consumed_samples: 27670528 | global_batch_size: 1024 | global_step: 27021 | reduced_train_loss: 2.495
Training epoch 1, iteration 27022/715787 | lr: 0.0002991 | consumed_samples: 27671552 | global_batch_size: 1024 | global_step: 27022 | reduced_train_loss: 2.505
Training epoch 1, iteration 27023/715787 | lr: 0.0002991 | consumed_samples: 27672576 | global_batch_size: 1024 | global_step: 27023 | reduced_train_loss: 2.523
Training epoch 1, iteration 27024/715787 | lr: 0.0002991 | consumed_samples: 27673600 | global_batch_size: 1024 | global_step: 27024 | reduced_train_loss: 2.507
Training epoch 1, iteration 27025/715787 | lr: 0.0002991 | consumed_samples: 27674624 | global_batch_size: 1024 | global_step: 27025 | reduced_train_loss: 2.491
Training epoch 1, iteration 27026/715787 | lr: 0.0002991 | consumed_samples: 27675648 | global_batch_size: 1024 | global_step: 27026 | reduced_train_loss: 2.491
Training epoch 1, iteration 27027/715787 | lr: 0.0002991 | consumed_samples: 27676672 | global_batch_size: 1024 | global_step: 27027 | reduced_train_loss: 2.494
Training epoch 1, iteration 27028/715787 | lr: 0.0002991 | consumed_samples: 27677696 | global_batch_size: 1024 | global_step: 27028 | reduced_train_loss: 2.49
Training epoch 1, iteration 27029/715787 | lr: 0.0002991 | consumed_samples: 27678720 | global_batch_size: 1024 | global_step: 27029 | reduced_train_loss: 2.487
Training epoch 1, iteration 27030/715787 | lr: 0.0002991 | consumed_samples: 27679744 | global_batch_size: 1024 | global_step: 27030 | reduced_train_loss: 2.501
Training epoch 1, iteration 27031/715787 | lr: 0.0002991 | consumed_samples: 27680768 | global_batch_size: 1024 | global_step: 27031 | reduced_train_loss: 2.492
Training epoch 1, iteration 27032/715787 | lr: 0.0002991 | consumed_samples: 27681792 | global_batch_size: 1024 | global_step: 27032 | reduced_train_loss: 2.48
Training epoch 1, iteration 27033/715787 | lr: 0.0002991 | consumed_samples: 27682816 | global_batch_size: 1024 | global_step: 27033 | reduced_train_loss: 2.489
Training epoch 1, iteration 27034/715787 | lr: 0.0002991 | consumed_samples: 27683840 | global_batch_size: 1024 | global_step: 27034 | reduced_train_loss: 2.49
Training epoch 1, iteration 27035/715787 | lr: 0.0002991 | consumed_samples: 27684864 | global_batch_size: 1024 | global_step: 27035 | reduced_train_loss: 2.509
Training epoch 1, iteration 27036/715787 | lr: 0.0002991 | consumed_samples: 27685888 | global_batch_size: 1024 | global_step: 27036 | reduced_train_loss: 2.477
Training epoch 1, iteration 27037/715787 | lr: 0.0002991 | consumed_samples: 27686912 | global_batch_size: 1024 | global_step: 27037 | reduced_train_loss: 2.481
Training epoch 1, iteration 27038/715787 | lr: 0.0002991 | consumed_samples: 27687936 | global_batch_size: 1024 | global_step: 27038 | reduced_train_loss: 2.487
Training epoch 1, iteration 27039/715787 | lr: 0.0002991 | consumed_samples: 27688960 | global_batch_size: 1024 | global_step: 27039 | reduced_train_loss: 2.487
Training epoch 1, iteration 27040/715787 | lr: 0.0002991 | consumed_samples: 27689984 | global_batch_size: 1024 | global_step: 27040 | reduced_train_loss: 2.483
Training epoch 1, iteration 27041/715787 | lr: 0.0002991 | consumed_samples: 27691008 | global_batch_size: 1024 | global_step: 27041 | reduced_train_loss: 2.471
Training epoch 1, iteration 27042/715787 | lr: 0.0002991 | consumed_samples: 27692032 | global_batch_size: 1024 | global_step: 27042 | reduced_train_loss: 2.505
Training epoch 1, iteration 27043/715787 | lr: 0.0002991 | consumed_samples: 27693056 | global_batch_size: 1024 | global_step: 27043 | reduced_train_loss: 2.47
Training epoch 1, iteration 27044/715787 | lr: 0.0002991 | consumed_samples: 27694080 | global_batch_size: 1024 | global_step: 27044 | reduced_train_loss: 2.495
Training epoch 1, iteration 27045/715787 | lr: 0.0002991 | consumed_samples: 27695104 | global_batch_size: 1024 | global_step: 27045 | reduced_train_loss: 2.488
Training epoch 1, iteration 27046/715787 | lr: 0.0002991 | consumed_samples: 27696128 | global_batch_size: 1024 | global_step: 27046 | reduced_train_loss: 2.476
Training epoch 1, iteration 27047/715787 | lr: 0.0002991 | consumed_samples: 27697152 | global_batch_size: 1024 | global_step: 27047 | reduced_train_loss: 2.485
Training epoch 1, iteration 27048/715787 | lr: 0.0002991 | consumed_samples: 27698176 | global_batch_size: 1024 | global_step: 27048 | reduced_train_loss: 2.524
Training epoch 1, iteration 27049/715787 | lr: 0.0002991 | consumed_samples: 27699200 | global_batch_size: 1024 | global_step: 27049 | reduced_train_loss: 2.496
Training epoch 1, iteration 27050/715787 | lr: 0.0002991 | consumed_samples: 27700224 | global_batch_size: 1024 | global_step: 27050 | reduced_train_loss: 2.477
Training epoch 1, iteration 27051/715787 | lr: 0.0002991 | consumed_samples: 27701248 | global_batch_size: 1024 | global_step: 27051 | reduced_train_loss: 2.496
Training epoch 1, iteration 27052/715787 | lr: 0.0002991 | consumed_samples: 27702272 | global_batch_size: 1024 | global_step: 27052 | reduced_train_loss: 2.498
Training epoch 1, iteration 27053/715787 | lr: 0.0002991 | consumed_samples: 27703296 | global_batch_size: 1024 | global_step: 27053 | reduced_train_loss: 2.481
Training epoch 1, iteration 27054/715787 | lr: 0.0002991 | consumed_samples: 27704320 | global_batch_size: 1024 | global_step: 27054 | reduced_train_loss: 2.496
Training epoch 1, iteration 27055/715787 | lr: 0.0002991 | consumed_samples: 27705344 | global_batch_size: 1024 | global_step: 27055 | reduced_train_loss: 2.503
Training epoch 1, iteration 27056/715787 | lr: 0.0002991 | consumed_samples: 27706368 | global_batch_size: 1024 | global_step: 27056 | reduced_train_loss: 2.5
Training epoch 1, iteration 27057/715787 | lr: 0.0002991 | consumed_samples: 27707392 | global_batch_size: 1024 | global_step: 27057 | reduced_train_loss: 2.476
Training epoch 1, iteration 27058/715787 | lr: 0.0002991 | consumed_samples: 27708416 | global_batch_size: 1024 | global_step: 27058 | reduced_train_loss: 2.48
Training epoch 1, iteration 27059/715787 | lr: 0.0002991 | consumed_samples: 27709440 | global_batch_size: 1024 | global_step: 27059 | reduced_train_loss: 2.5
Training epoch 1, iteration 27060/715787 | lr: 0.0002991 | consumed_samples: 27710464 | global_batch_size: 1024 | global_step: 27060 | reduced_train_loss: 2.486
Training epoch 1, iteration 27061/715787 | lr: 0.0002991 | consumed_samples: 27711488 | global_batch_size: 1024 | global_step: 27061 | reduced_train_loss: 2.503
Training epoch 1, iteration 27062/715787 | lr: 0.0002991 | consumed_samples: 27712512 | global_batch_size: 1024 | global_step: 27062 | reduced_train_loss: 2.486
Training epoch 1, iteration 27063/715787 | lr: 0.0002991 | consumed_samples: 27713536 | global_batch_size: 1024 | global_step: 27063 | reduced_train_loss: 2.474
Training epoch 1, iteration 27064/715787 | lr: 0.0002991 | consumed_samples: 27714560 | global_batch_size: 1024 | global_step: 27064 | reduced_train_loss: 2.483
Training epoch 1, iteration 27065/715787 | lr: 0.0002991 | consumed_samples: 27715584 | global_batch_size: 1024 | global_step: 27065 | reduced_train_loss: 2.498
Training epoch 1, iteration 27066/715787 | lr: 0.0002991 | consumed_samples: 27716608 | global_batch_size: 1024 | global_step: 27066 | reduced_train_loss: 2.484
Training epoch 1, iteration 27067/715787 | lr: 0.0002991 | consumed_samples: 27717632 | global_batch_size: 1024 | global_step: 27067 | reduced_train_loss: 2.496
Training epoch 1, iteration 27068/715787 | lr: 0.0002991 | consumed_samples: 27718656 | global_batch_size: 1024 | global_step: 27068 | reduced_train_loss: 2.486
Training epoch 1, iteration 27069/715787 | lr: 0.0002991 | consumed_samples: 27719680 | global_batch_size: 1024 | global_step: 27069 | reduced_train_loss: 2.466
Training epoch 1, iteration 27070/715787 | lr: 0.0002991 | consumed_samples: 27720704 | global_batch_size: 1024 | global_step: 27070 | reduced_train_loss: 2.523
Training epoch 1, iteration 27071/715787 | lr: 0.0002991 | consumed_samples: 27721728 | global_batch_size: 1024 | global_step: 27071 | reduced_train_loss: 2.516
Training epoch 1, iteration 27072/715787 | lr: 0.0002991 | consumed_samples: 27722752 | global_batch_size: 1024 | global_step: 27072 | reduced_train_loss: 2.49
Training epoch 1, iteration 27073/715787 | lr: 0.0002991 | consumed_samples: 27723776 | global_batch_size: 1024 | global_step: 27073 | reduced_train_loss: 2.5
Training epoch 1, iteration 27074/715787 | lr: 0.0002991 | consumed_samples: 27724800 | global_batch_size: 1024 | global_step: 27074 | reduced_train_loss: 2.5
Training epoch 1, iteration 27075/715787 | lr: 0.0002991 | consumed_samples: 27725824 | global_batch_size: 1024 | global_step: 27075 | reduced_train_loss: 2.505
Training epoch 1, iteration 27076/715787 | lr: 0.0002991 | consumed_samples: 27726848 | global_batch_size: 1024 | global_step: 27076 | reduced_train_loss: 2.502
Training epoch 1, iteration 27077/715787 | lr: 0.0002991 | consumed_samples: 27727872 | global_batch_size: 1024 | global_step: 27077 | reduced_train_loss: 2.5
Training epoch 1, iteration 27078/715787 | lr: 0.0002991 | consumed_samples: 27728896 | global_batch_size: 1024 | global_step: 27078 | reduced_train_loss: 2.493
Training epoch 1, iteration 27079/715787 | lr: 0.0002991 | consumed_samples: 27729920 | global_batch_size: 1024 | global_step: 27079 | reduced_train_loss: 2.491
Training epoch 1, iteration 27080/715787 | lr: 0.0002991 | consumed_samples: 27730944 | global_batch_size: 1024 | global_step: 27080 | reduced_train_loss: 2.499
Training epoch 1, iteration 27081/715787 | lr: 0.0002991 | consumed_samples: 27731968 | global_batch_size: 1024 | global_step: 27081 | reduced_train_loss: 2.492
Training epoch 1, iteration 27082/715787 | lr: 0.0002991 | consumed_samples: 27732992 | global_batch_size: 1024 | global_step: 27082 | reduced_train_loss: 2.497
Training epoch 1, iteration 27083/715787 | lr: 0.0002991 | consumed_samples: 27734016 | global_batch_size: 1024 | global_step: 27083 | reduced_train_loss: 2.494
Training epoch 1, iteration 27084/715787 | lr: 0.0002991 | consumed_samples: 27735040 | global_batch_size: 1024 | global_step: 27084 | reduced_train_loss: 2.491
Training epoch 1, iteration 27085/715787 | lr: 0.0002991 | consumed_samples: 27736064 | global_batch_size: 1024 | global_step: 27085 | reduced_train_loss: 2.496
Training epoch 1, iteration 27086/715787 | lr: 0.0002991 | consumed_samples: 27737088 | global_batch_size: 1024 | global_step: 27086 | reduced_train_loss: 2.492
Training epoch 1, iteration 27087/715787 | lr: 0.0002991 | consumed_samples: 27738112 | global_batch_size: 1024 | global_step: 27087 | reduced_train_loss: 2.535
Training epoch 1, iteration 27088/715787 | lr: 0.0002991 | consumed_samples: 27739136 | global_batch_size: 1024 | global_step: 27088 | reduced_train_loss: 2.487
Training epoch 1, iteration 27089/715787 | lr: 0.0002991 | consumed_samples: 27740160 | global_batch_size: 1024 | global_step: 27089 | reduced_train_loss: 2.514
Training epoch 1, iteration 27090/715787 | lr: 0.0002991 | consumed_samples: 27741184 | global_batch_size: 1024 | global_step: 27090 | reduced_train_loss: 2.496
Training epoch 1, iteration 27091/715787 | lr: 0.0002991 | consumed_samples: 27742208 | global_batch_size: 1024 | global_step: 27091 | reduced_train_loss: 2.507
Training epoch 1, iteration 27092/715787 | lr: 0.0002991 | consumed_samples: 27743232 | global_batch_size: 1024 | global_step: 27092 | reduced_train_loss: 2.492
Training epoch 1, iteration 27093/715787 | lr: 0.0002991 | consumed_samples: 27744256 | global_batch_size: 1024 | global_step: 27093 | reduced_train_loss: 2.492
Training epoch 1, iteration 27094/715787 | lr: 0.0002991 | consumed_samples: 27745280 | global_batch_size: 1024 | global_step: 27094 | reduced_train_loss: 2.503
Training epoch 1, iteration 27095/715787 | lr: 0.0002991 | consumed_samples: 27746304 | global_batch_size: 1024 | global_step: 27095 | reduced_train_loss: 2.497
Training epoch 1, iteration 27096/715787 | lr: 0.0002991 | consumed_samples: 27747328 | global_batch_size: 1024 | global_step: 27096 | reduced_train_loss: 2.49
Training epoch 1, iteration 27097/715787 | lr: 0.0002991 | consumed_samples: 27748352 | global_batch_size: 1024 | global_step: 27097 | reduced_train_loss: 2.495
Training epoch 1, iteration 27098/715787 | lr: 0.0002991 | consumed_samples: 27749376 | global_batch_size: 1024 | global_step: 27098 | reduced_train_loss: 2.49
[NeMo I 2026-03-31 03:36:01 nemo_logging:393] Running garbage collection at train global_step: 27100
Training epoch 1, iteration 27099/715787 | lr: 0.0002991 | consumed_samples: 27750400 | global_batch_size: 1024 | global_step: 27099 | reduced_train_loss: 2.503
Training epoch 1, iteration 27100/715787 | lr: 0.0002991 | consumed_samples: 27751424 | global_batch_size: 1024 | global_step: 27100 | reduced_train_loss: 2.492
Training epoch 1, iteration 27101/715787 | lr: 0.0002991 | consumed_samples: 27752448 | global_batch_size: 1024 | global_step: 27101 | reduced_train_loss: 2.502
Training epoch 1, iteration 27102/715787 | lr: 0.0002991 | consumed_samples: 27753472 | global_batch_size: 1024 | global_step: 27102 | reduced_train_loss: 2.491
Training epoch 1, iteration 27103/715787 | lr: 0.0002991 | consumed_samples: 27754496 | global_batch_size: 1024 | global_step: 27103 | reduced_train_loss: 2.499
Training epoch 1, iteration 27104/715787 | lr: 0.0002991 | consumed_samples: 27755520 | global_batch_size: 1024 | global_step: 27104 | reduced_train_loss: 2.481
Training epoch 1, iteration 27105/715787 | lr: 0.0002991 | consumed_samples: 27756544 | global_batch_size: 1024 | global_step: 27105 | reduced_train_loss: 2.494
Training epoch 1, iteration 27106/715787 | lr: 0.0002991 | consumed_samples: 27757568 | global_batch_size: 1024 | global_step: 27106 | reduced_train_loss: 2.503
Training epoch 1, iteration 27107/715787 | lr: 0.0002991 | consumed_samples: 27758592 | global_batch_size: 1024 | global_step: 27107 | reduced_train_loss: 2.499
Training epoch 1, iteration 27108/715787 | lr: 0.0002991 | consumed_samples: 27759616 | global_batch_size: 1024 | global_step: 27108 | reduced_train_loss: 2.487
Training epoch 1, iteration 27109/715787 | lr: 0.0002991 | consumed_samples: 27760640 | global_batch_size: 1024 | global_step: 27109 | reduced_train_loss: 2.485
Training epoch 1, iteration 27110/715787 | lr: 0.0002991 | consumed_samples: 27761664 | global_batch_size: 1024 | global_step: 27110 | reduced_train_loss: 2.499
Training epoch 1, iteration 27111/715787 | lr: 0.0002991 | consumed_samples: 27762688 | global_batch_size: 1024 | global_step: 27111 | reduced_train_loss: 2.5
Training epoch 1, iteration 27112/715787 | lr: 0.0002991 | consumed_samples: 27763712 | global_batch_size: 1024 | global_step: 27112 | reduced_train_loss: 2.496
Training epoch 1, iteration 27113/715787 | lr: 0.0002991 | consumed_samples: 27764736 | global_batch_size: 1024 | global_step: 27113 | reduced_train_loss: 2.482
Training epoch 1, iteration 27114/715787 | lr: 0.0002991 | consumed_samples: 27765760 | global_batch_size: 1024 | global_step: 27114 | reduced_train_loss: 2.513
Training epoch 1, iteration 27115/715787 | lr: 0.0002991 | consumed_samples: 27766784 | global_batch_size: 1024 | global_step: 27115 | reduced_train_loss: 2.517
Training epoch 1, iteration 27116/715787 | lr: 0.0002991 | consumed_samples: 27767808 | global_batch_size: 1024 | global_step: 27116 | reduced_train_loss: 2.474
Training epoch 1, iteration 27117/715787 | lr: 0.0002991 | consumed_samples: 27768832 | global_batch_size: 1024 | global_step: 27117 | reduced_train_loss: 2.492
Training epoch 1, iteration 27118/715787 | lr: 0.0002991 | consumed_samples: 27769856 | global_batch_size: 1024 | global_step: 27118 | reduced_train_loss: 2.506
Training epoch 1, iteration 27119/715787 | lr: 0.0002991 | consumed_samples: 27770880 | global_batch_size: 1024 | global_step: 27119 | reduced_train_loss: 2.489
Training epoch 1, iteration 27120/715787 | lr: 0.0002991 | consumed_samples: 27771904 | global_batch_size: 1024 | global_step: 27120 | reduced_train_loss: 2.49
Training epoch 1, iteration 27121/715787 | lr: 0.0002991 | consumed_samples: 27772928 | global_batch_size: 1024 | global_step: 27121 | reduced_train_loss: 2.484
Training epoch 1, iteration 27122/715787 | lr: 0.0002991 | consumed_samples: 27773952 | global_batch_size: 1024 | global_step: 27122 | reduced_train_loss: 2.464
Training epoch 1, iteration 27123/715787 | lr: 0.0002991 | consumed_samples: 27774976 | global_batch_size: 1024 | global_step: 27123 | reduced_train_loss: 2.499
Training epoch 1, iteration 27124/715787 | lr: 0.0002991 | consumed_samples: 27776000 | global_batch_size: 1024 | global_step: 27124 | reduced_train_loss: 2.509
Training epoch 1, iteration 27125/715787 | lr: 0.0002991 | consumed_samples: 27777024 | global_batch_size: 1024 | global_step: 27125 | reduced_train_loss: 2.493
Training epoch 1, iteration 27126/715787 | lr: 0.0002991 | consumed_samples: 27778048 | global_batch_size: 1024 | global_step: 27126 | reduced_train_loss: 2.479
Training epoch 1, iteration 27127/715787 | lr: 0.0002991 | consumed_samples: 27779072 | global_batch_size: 1024 | global_step: 27127 | reduced_train_loss: 2.488
Training epoch 1, iteration 27128/715787 | lr: 0.0002991 | consumed_samples: 27780096 | global_batch_size: 1024 | global_step: 27128 | reduced_train_loss: 2.512
Training epoch 1, iteration 27129/715787 | lr: 0.0002991 | consumed_samples: 27781120 | global_batch_size: 1024 | global_step: 27129 | reduced_train_loss: 2.525
Training epoch 1, iteration 27130/715787 | lr: 0.0002991 | consumed_samples: 27782144 | global_batch_size: 1024 | global_step: 27130 | reduced_train_loss: 2.498
Training epoch 1, iteration 27131/715787 | lr: 0.0002991 | consumed_samples: 27783168 | global_batch_size: 1024 | global_step: 27131 | reduced_train_loss: 2.489
Training epoch 1, iteration 27132/715787 | lr: 0.0002991 | consumed_samples: 27784192 | global_batch_size: 1024 | global_step: 27132 | reduced_train_loss: 2.466
Training epoch 1, iteration 27133/715787 | lr: 0.0002991 | consumed_samples: 27785216 | global_batch_size: 1024 | global_step: 27133 | reduced_train_loss: 2.492
Training epoch 1, iteration 27134/715787 | lr: 0.0002991 | consumed_samples: 27786240 | global_batch_size: 1024 | global_step: 27134 | reduced_train_loss: 2.489
Training epoch 1, iteration 27135/715787 | lr: 0.0002991 | consumed_samples: 27787264 | global_batch_size: 1024 | global_step: 27135 | reduced_train_loss: 2.514
Training epoch 1, iteration 27136/715787 | lr: 0.0002991 | consumed_samples: 27788288 | global_batch_size: 1024 | global_step: 27136 | reduced_train_loss: 2.493
Training epoch 1, iteration 27137/715787 | lr: 0.0002991 | consumed_samples: 27789312 | global_batch_size: 1024 | global_step: 27137 | reduced_train_loss: 2.484
Training epoch 1, iteration 27138/715787 | lr: 0.0002991 | consumed_samples: 27790336 | global_batch_size: 1024 | global_step: 27138 | reduced_train_loss: 2.48
Training epoch 1, iteration 27139/715787 | lr: 0.0002991 | consumed_samples: 27791360 | global_batch_size: 1024 | global_step: 27139 | reduced_train_loss: 2.508
Training epoch 1, iteration 27140/715787 | lr: 0.0002991 | consumed_samples: 27792384 | global_batch_size: 1024 | global_step: 27140 | reduced_train_loss: 2.506
Training epoch 1, iteration 27141/715787 | lr: 0.0002991 | consumed_samples: 27793408 | global_batch_size: 1024 | global_step: 27141 | reduced_train_loss: 2.502
Training epoch 1, iteration 27142/715787 | lr: 0.0002991 | consumed_samples: 27794432 | global_batch_size: 1024 | global_step: 27142 | reduced_train_loss: 2.506
Training epoch 1, iteration 27143/715787 | lr: 0.0002991 | consumed_samples: 27795456 | global_batch_size: 1024 | global_step: 27143 | reduced_train_loss: 2.483
Training epoch 1, iteration 27144/715787 | lr: 0.0002991 | consumed_samples: 27796480 | global_batch_size: 1024 | global_step: 27144 | reduced_train_loss: 2.502
Training epoch 1, iteration 27145/715787 | lr: 0.0002991 | consumed_samples: 27797504 | global_batch_size: 1024 | global_step: 27145 | reduced_train_loss: 2.487
Training epoch 1, iteration 27146/715787 | lr: 0.0002991 | consumed_samples: 27798528 | global_batch_size: 1024 | global_step: 27146 | reduced_train_loss: 2.498
Training epoch 1, iteration 27147/715787 | lr: 0.0002991 | consumed_samples: 27799552 | global_batch_size: 1024 | global_step: 27147 | reduced_train_loss: 2.487
Training epoch 1, iteration 27148/715787 | lr: 0.0002991 | consumed_samples: 27800576 | global_batch_size: 1024 | global_step: 27148 | reduced_train_loss: 2.484
Training epoch 1, iteration 27149/715787 | lr: 0.0002991 | consumed_samples: 27801600 | global_batch_size: 1024 | global_step: 27149 | reduced_train_loss: 2.497
Training epoch 1, iteration 27150/715787 | lr: 0.0002991 | consumed_samples: 27802624 | global_batch_size: 1024 | global_step: 27150 | reduced_train_loss: 2.48
Training epoch 1, iteration 27151/715787 | lr: 0.0002991 | consumed_samples: 27803648 | global_batch_size: 1024 | global_step: 27151 | reduced_train_loss: 2.513
Training epoch 1, iteration 27152/715787 | lr: 0.0002991 | consumed_samples: 27804672 | global_batch_size: 1024 | global_step: 27152 | reduced_train_loss: 2.494
Training epoch 1, iteration 27153/715787 | lr: 0.0002991 | consumed_samples: 27805696 | global_batch_size: 1024 | global_step: 27153 | reduced_train_loss: 2.494
Training epoch 1, iteration 27154/715787 | lr: 0.0002991 | consumed_samples: 27806720 | global_batch_size: 1024 | global_step: 27154 | reduced_train_loss: 2.476
Training epoch 1, iteration 27155/715787 | lr: 0.0002991 | consumed_samples: 27807744 | global_batch_size: 1024 | global_step: 27155 | reduced_train_loss: 2.483
Training epoch 1, iteration 27156/715787 | lr: 0.0002991 | consumed_samples: 27808768 | global_batch_size: 1024 | global_step: 27156 | reduced_train_loss: 2.487
Training epoch 1, iteration 27157/715787 | lr: 0.0002991 | consumed_samples: 27809792 | global_batch_size: 1024 | global_step: 27157 | reduced_train_loss: 2.498
Training epoch 1, iteration 27158/715787 | lr: 0.0002991 | consumed_samples: 27810816 | global_batch_size: 1024 | global_step: 27158 | reduced_train_loss: 2.492
Training epoch 1, iteration 27159/715787 | lr: 0.0002991 | consumed_samples: 27811840 | global_batch_size: 1024 | global_step: 27159 | reduced_train_loss: 2.486
Training epoch 1, iteration 27160/715787 | lr: 0.0002991 | consumed_samples: 27812864 | global_batch_size: 1024 | global_step: 27160 | reduced_train_loss: 2.507
Training epoch 1, iteration 27161/715787 | lr: 0.0002991 | consumed_samples: 27813888 | global_batch_size: 1024 | global_step: 27161 | reduced_train_loss: 2.513
Training epoch 1, iteration 27162/715787 | lr: 0.0002991 | consumed_samples: 27814912 | global_batch_size: 1024 | global_step: 27162 | reduced_train_loss: 2.494
Training epoch 1, iteration 27163/715787 | lr: 0.0002991 | consumed_samples: 27815936 | global_batch_size: 1024 | global_step: 27163 | reduced_train_loss: 2.486
Training epoch 1, iteration 27164/715787 | lr: 0.0002991 | consumed_samples: 27816960 | global_batch_size: 1024 | global_step: 27164 | reduced_train_loss: 2.498
Training epoch 1, iteration 27165/715787 | lr: 0.0002991 | consumed_samples: 27817984 | global_batch_size: 1024 | global_step: 27165 | reduced_train_loss: 2.498
Training epoch 1, iteration 27166/715787 | lr: 0.0002991 | consumed_samples: 27819008 | global_batch_size: 1024 | global_step: 27166 | reduced_train_loss: 2.489
Training epoch 1, iteration 27167/715787 | lr: 0.0002991 | consumed_samples: 27820032 | global_batch_size: 1024 | global_step: 27167 | reduced_train_loss: 2.492
Training epoch 1, iteration 27168/715787 | lr: 0.0002991 | consumed_samples: 27821056 | global_batch_size: 1024 | global_step: 27168 | reduced_train_loss: 2.485
Training epoch 1, iteration 27169/715787 | lr: 0.0002991 | consumed_samples: 27822080 | global_batch_size: 1024 | global_step: 27169 | reduced_train_loss: 2.493
Training epoch 1, iteration 27170/715787 | lr: 0.0002991 | consumed_samples: 27823104 | global_batch_size: 1024 | global_step: 27170 | reduced_train_loss: 2.487
Training epoch 1, iteration 27171/715787 | lr: 0.0002991 | consumed_samples: 27824128 | global_batch_size: 1024 | global_step: 27171 | reduced_train_loss: 2.514
Training epoch 1, iteration 27172/715787 | lr: 0.0002991 | consumed_samples: 27825152 | global_batch_size: 1024 | global_step: 27172 | reduced_train_loss: 2.496
Training epoch 1, iteration 27173/715787 | lr: 0.0002991 | consumed_samples: 27826176 | global_batch_size: 1024 | global_step: 27173 | reduced_train_loss: 2.503
Training epoch 1, iteration 27174/715787 | lr: 0.0002991 | consumed_samples: 27827200 | global_batch_size: 1024 | global_step: 27174 | reduced_train_loss: 2.483
Training epoch 1, iteration 27175/715787 | lr: 0.0002991 | consumed_samples: 27828224 | global_batch_size: 1024 | global_step: 27175 | reduced_train_loss: 2.49
Training epoch 1, iteration 27176/715787 | lr: 0.0002991 | consumed_samples: 27829248 | global_batch_size: 1024 | global_step: 27176 | reduced_train_loss: 2.482
Training epoch 1, iteration 27177/715787 | lr: 0.0002991 | consumed_samples: 27830272 | global_batch_size: 1024 | global_step: 27177 | reduced_train_loss: 2.505
Training epoch 1, iteration 27178/715787 | lr: 0.0002991 | consumed_samples: 27831296 | global_batch_size: 1024 | global_step: 27178 | reduced_train_loss: 2.483
Training epoch 1, iteration 27179/715787 | lr: 0.0002991 | consumed_samples: 27832320 | global_batch_size: 1024 | global_step: 27179 | reduced_train_loss: 2.485
Training epoch 1, iteration 27180/715787 | lr: 0.0002991 | consumed_samples: 27833344 | global_batch_size: 1024 | global_step: 27180 | reduced_train_loss: 2.5
Training epoch 1, iteration 27181/715787 | lr: 0.0002991 | consumed_samples: 27834368 | global_batch_size: 1024 | global_step: 27181 | reduced_train_loss: 2.481
Training epoch 1, iteration 27182/715787 | lr: 0.0002991 | consumed_samples: 27835392 | global_batch_size: 1024 | global_step: 27182 | reduced_train_loss: 2.487
Training epoch 1, iteration 27183/715787 | lr: 0.0002991 | consumed_samples: 27836416 | global_batch_size: 1024 | global_step: 27183 | reduced_train_loss: 2.485
Training epoch 1, iteration 27184/715787 | lr: 0.0002991 | consumed_samples: 27837440 | global_batch_size: 1024 | global_step: 27184 | reduced_train_loss: 2.476
Training epoch 1, iteration 27185/715787 | lr: 0.0002991 | consumed_samples: 27838464 | global_batch_size: 1024 | global_step: 27185 | reduced_train_loss: 2.499
Training epoch 1, iteration 27186/715787 | lr: 0.0002991 | consumed_samples: 27839488 | global_batch_size: 1024 | global_step: 27186 | reduced_train_loss: 2.481
Training epoch 1, iteration 27187/715787 | lr: 0.0002991 | consumed_samples: 27840512 | global_batch_size: 1024 | global_step: 27187 | reduced_train_loss: 2.488
Training epoch 1, iteration 27188/715787 | lr: 0.0002991 | consumed_samples: 27841536 | global_batch_size: 1024 | global_step: 27188 | reduced_train_loss: 2.5
Training epoch 1, iteration 27189/715787 | lr: 0.0002991 | consumed_samples: 27842560 | global_batch_size: 1024 | global_step: 27189 | reduced_train_loss: 2.498
Training epoch 1, iteration 27190/715787 | lr: 0.0002991 | consumed_samples: 27843584 | global_batch_size: 1024 | global_step: 27190 | reduced_train_loss: 2.477
Training epoch 1, iteration 27191/715787 | lr: 0.0002991 | consumed_samples: 27844608 | global_batch_size: 1024 | global_step: 27191 | reduced_train_loss: 2.505
Training epoch 1, iteration 27192/715787 | lr: 0.0002991 | consumed_samples: 27845632 | global_batch_size: 1024 | global_step: 27192 | reduced_train_loss: 2.5
Training epoch 1, iteration 27193/715787 | lr: 0.0002991 | consumed_samples: 27846656 | global_batch_size: 1024 | global_step: 27193 | reduced_train_loss: 2.511
Training epoch 1, iteration 27194/715787 | lr: 0.0002991 | consumed_samples: 27847680 | global_batch_size: 1024 | global_step: 27194 | reduced_train_loss: 2.485
Training epoch 1, iteration 27195/715787 | lr: 0.0002991 | consumed_samples: 27848704 | global_batch_size: 1024 | global_step: 27195 | reduced_train_loss: 2.507
Training epoch 1, iteration 27196/715787 | lr: 0.0002991 | consumed_samples: 27849728 | global_batch_size: 1024 | global_step: 27196 | reduced_train_loss: 2.49
Training epoch 1, iteration 27197/715787 | lr: 0.0002991 | consumed_samples: 27850752 | global_batch_size: 1024 | global_step: 27197 | reduced_train_loss: 2.487
Training epoch 1, iteration 27198/715787 | lr: 0.0002991 | consumed_samples: 27851776 | global_batch_size: 1024 | global_step: 27198 | reduced_train_loss: 2.471
[NeMo I 2026-03-31 03:54:26 nemo_logging:393] Running garbage collection at train global_step: 27200
Training epoch 1, iteration 27199/715787 | lr: 0.0002991 | consumed_samples: 27852800 | global_batch_size: 1024 | global_step: 27199 | reduced_train_loss: 2.489
Training epoch 1, iteration 27200/715787 | lr: 0.0002991 | consumed_samples: 27853824 | global_batch_size: 1024 | global_step: 27200 | reduced_train_loss: 2.486
Training epoch 1, iteration 27201/715787 | lr: 0.0002991 | consumed_samples: 27854848 | global_batch_size: 1024 | global_step: 27201 | reduced_train_loss: 2.496
Training epoch 1, iteration 27202/715787 | lr: 0.0002991 | consumed_samples: 27855872 | global_batch_size: 1024 | global_step: 27202 | reduced_train_loss: 2.499
Training epoch 1, iteration 27203/715787 | lr: 0.0002991 | consumed_samples: 27856896 | global_batch_size: 1024 | global_step: 27203 | reduced_train_loss: 2.494
Training epoch 1, iteration 27204/715787 | lr: 0.0002991 | consumed_samples: 27857920 | global_batch_size: 1024 | global_step: 27204 | reduced_train_loss: 2.491
Training epoch 1, iteration 27205/715787 | lr: 0.0002991 | consumed_samples: 27858944 | global_batch_size: 1024 | global_step: 27205 | reduced_train_loss: 2.509
Training epoch 1, iteration 27206/715787 | lr: 0.0002991 | consumed_samples: 27859968 | global_batch_size: 1024 | global_step: 27206 | reduced_train_loss: 2.477
Training epoch 1, iteration 27207/715787 | lr: 0.0002991 | consumed_samples: 27860992 | global_batch_size: 1024 | global_step: 27207 | reduced_train_loss: 2.482
Training epoch 1, iteration 27208/715787 | lr: 0.0002991 | consumed_samples: 27862016 | global_batch_size: 1024 | global_step: 27208 | reduced_train_loss: 2.476
Training epoch 1, iteration 27209/715787 | lr: 0.0002991 | consumed_samples: 27863040 | global_batch_size: 1024 | global_step: 27209 | reduced_train_loss: 2.5
Training epoch 1, iteration 27210/715787 | lr: 0.0002991 | consumed_samples: 27864064 | global_batch_size: 1024 | global_step: 27210 | reduced_train_loss: 2.471
Training epoch 1, iteration 27211/715787 | lr: 0.0002991 | consumed_samples: 27865088 | global_batch_size: 1024 | global_step: 27211 | reduced_train_loss: 2.502
Training epoch 1, iteration 27212/715787 | lr: 0.0002991 | consumed_samples: 27866112 | global_batch_size: 1024 | global_step: 27212 | reduced_train_loss: 2.482
Training epoch 1, iteration 27213/715787 | lr: 0.0002991 | consumed_samples: 27867136 | global_batch_size: 1024 | global_step: 27213 | reduced_train_loss: 2.48
Training epoch 1, iteration 27214/715787 | lr: 0.0002991 | consumed_samples: 27868160 | global_batch_size: 1024 | global_step: 27214 | reduced_train_loss: 2.499
Training epoch 1, iteration 27215/715787 | lr: 0.0002991 | consumed_samples: 27869184 | global_batch_size: 1024 | global_step: 27215 | reduced_train_loss: 2.483
Training epoch 1, iteration 27216/715787 | lr: 0.0002991 | consumed_samples: 27870208 | global_batch_size: 1024 | global_step: 27216 | reduced_train_loss: 2.513
Training epoch 1, iteration 27217/715787 | lr: 0.0002991 | consumed_samples: 27871232 | global_batch_size: 1024 | global_step: 27217 | reduced_train_loss: 2.477
Training epoch 1, iteration 27218/715787 | lr: 0.0002991 | consumed_samples: 27872256 | global_batch_size: 1024 | global_step: 27218 | reduced_train_loss: 2.482
Training epoch 1, iteration 27219/715787 | lr: 0.0002991 | consumed_samples: 27873280 | global_batch_size: 1024 | global_step: 27219 | reduced_train_loss: 2.498
Training epoch 1, iteration 27220/715787 | lr: 0.0002991 | consumed_samples: 27874304 | global_batch_size: 1024 | global_step: 27220 | reduced_train_loss: 2.495
Training epoch 1, iteration 27221/715787 | lr: 0.0002991 | consumed_samples: 27875328 | global_batch_size: 1024 | global_step: 27221 | reduced_train_loss: 2.496
Training epoch 1, iteration 27222/715787 | lr: 0.0002991 | consumed_samples: 27876352 | global_batch_size: 1024 | global_step: 27222 | reduced_train_loss: 2.503
Training epoch 1, iteration 27223/715787 | lr: 0.0002991 | consumed_samples: 27877376 | global_batch_size: 1024 | global_step: 27223 | reduced_train_loss: 2.488
Training epoch 1, iteration 27224/715787 | lr: 0.0002991 | consumed_samples: 27878400 | global_batch_size: 1024 | global_step: 27224 | reduced_train_loss: 2.485
Training epoch 1, iteration 27225/715787 | lr: 0.0002991 | consumed_samples: 27879424 | global_batch_size: 1024 | global_step: 27225 | reduced_train_loss: 2.504
Training epoch 1, iteration 27226/715787 | lr: 0.0002991 | consumed_samples: 27880448 | global_batch_size: 1024 | global_step: 27226 | reduced_train_loss: 2.475
Training epoch 1, iteration 27227/715787 | lr: 0.0002991 | consumed_samples: 27881472 | global_batch_size: 1024 | global_step: 27227 | reduced_train_loss: 2.486
Training epoch 1, iteration 27228/715787 | lr: 0.0002991 | consumed_samples: 27882496 | global_batch_size: 1024 | global_step: 27228 | reduced_train_loss: 2.488
Training epoch 1, iteration 27229/715787 | lr: 0.0002991 | consumed_samples: 27883520 | global_batch_size: 1024 | global_step: 27229 | reduced_train_loss: 2.479
Training epoch 1, iteration 27230/715787 | lr: 0.0002991 | consumed_samples: 27884544 | global_batch_size: 1024 | global_step: 27230 | reduced_train_loss: 2.51
Training epoch 1, iteration 27231/715787 | lr: 0.0002991 | consumed_samples: 27885568 | global_batch_size: 1024 | global_step: 27231 | reduced_train_loss: 2.49
Training epoch 1, iteration 27232/715787 | lr: 0.0002991 | consumed_samples: 27886592 | global_batch_size: 1024 | global_step: 27232 | reduced_train_loss: 2.486
Training epoch 1, iteration 27233/715787 | lr: 0.0002991 | consumed_samples: 27887616 | global_batch_size: 1024 | global_step: 27233 | reduced_train_loss: 2.51
Training epoch 1, iteration 27234/715787 | lr: 0.0002991 | consumed_samples: 27888640 | global_batch_size: 1024 | global_step: 27234 | reduced_train_loss: 2.486
Training epoch 1, iteration 27235/715787 | lr: 0.0002991 | consumed_samples: 27889664 | global_batch_size: 1024 | global_step: 27235 | reduced_train_loss: 2.485
Training epoch 1, iteration 27236/715787 | lr: 0.0002991 | consumed_samples: 27890688 | global_batch_size: 1024 | global_step: 27236 | reduced_train_loss: 2.501
Training epoch 1, iteration 27237/715787 | lr: 0.0002991 | consumed_samples: 27891712 | global_batch_size: 1024 | global_step: 27237 | reduced_train_loss: 2.498
Training epoch 1, iteration 27238/715787 | lr: 0.0002991 | consumed_samples: 27892736 | global_batch_size: 1024 | global_step: 27238 | reduced_train_loss: 2.47
Training epoch 1, iteration 27239/715787 | lr: 0.0002991 | consumed_samples: 27893760 | global_batch_size: 1024 | global_step: 27239 | reduced_train_loss: 2.49
Training epoch 1, iteration 27240/715787 | lr: 0.0002991 | consumed_samples: 27894784 | global_batch_size: 1024 | global_step: 27240 | reduced_train_loss: 2.48
Training epoch 1, iteration 27241/715787 | lr: 0.0002991 | consumed_samples: 27895808 | global_batch_size: 1024 | global_step: 27241 | reduced_train_loss: 2.471
Training epoch 1, iteration 27242/715787 | lr: 0.0002991 | consumed_samples: 27896832 | global_batch_size: 1024 | global_step: 27242 | reduced_train_loss: 2.491
Training epoch 1, iteration 27243/715787 | lr: 0.0002991 | consumed_samples: 27897856 | global_batch_size: 1024 | global_step: 27243 | reduced_train_loss: 2.488
Training epoch 1, iteration 27244/715787 | lr: 0.0002991 | consumed_samples: 27898880 | global_batch_size: 1024 | global_step: 27244 | reduced_train_loss: 2.475
Training epoch 1, iteration 27245/715787 | lr: 0.0002991 | consumed_samples: 27899904 | global_batch_size: 1024 | global_step: 27245 | reduced_train_loss: 2.486
Training epoch 1, iteration 27246/715787 | lr: 0.0002991 | consumed_samples: 27900928 | global_batch_size: 1024 | global_step: 27246 | reduced_train_loss: 2.517
Training epoch 1, iteration 27247/715787 | lr: 0.0002991 | consumed_samples: 27901952 | global_batch_size: 1024 | global_step: 27247 | reduced_train_loss: 2.478
Training epoch 1, iteration 27248/715787 | lr: 0.0002991 | consumed_samples: 27902976 | global_batch_size: 1024 | global_step: 27248 | reduced_train_loss: 2.496
Training epoch 1, iteration 27249/715787 | lr: 0.0002991 | consumed_samples: 27904000 | global_batch_size: 1024 | global_step: 27249 | reduced_train_loss: 2.481
Training epoch 1, iteration 27250/715787 | lr: 0.0002991 | consumed_samples: 27905024 | global_batch_size: 1024 | global_step: 27250 | reduced_train_loss: 2.487
Training epoch 1, iteration 27251/715787 | lr: 0.0002991 | consumed_samples: 27906048 | global_batch_size: 1024 | global_step: 27251 | reduced_train_loss: 2.486
Training epoch 1, iteration 27252/715787 | lr: 0.0002991 | consumed_samples: 27907072 | global_batch_size: 1024 | global_step: 27252 | reduced_train_loss: 2.501
Training epoch 1, iteration 27253/715787 | lr: 0.0002991 | consumed_samples: 27908096 | global_batch_size: 1024 | global_step: 27253 | reduced_train_loss: 2.492
Training epoch 1, iteration 27254/715787 | lr: 0.0002991 | consumed_samples: 27909120 | global_batch_size: 1024 | global_step: 27254 | reduced_train_loss: 2.495
Training epoch 1, iteration 27255/715787 | lr: 0.0002991 | consumed_samples: 27910144 | global_batch_size: 1024 | global_step: 27255 | reduced_train_loss: 2.489
Training epoch 1, iteration 27256/715787 | lr: 0.0002991 | consumed_samples: 27911168 | global_batch_size: 1024 | global_step: 27256 | reduced_train_loss: 2.502
Training epoch 1, iteration 27257/715787 | lr: 0.0002991 | consumed_samples: 27912192 | global_batch_size: 1024 | global_step: 27257 | reduced_train_loss: 2.493
Training epoch 1, iteration 27258/715787 | lr: 0.0002991 | consumed_samples: 27913216 | global_batch_size: 1024 | global_step: 27258 | reduced_train_loss: 2.499
Training epoch 1, iteration 27259/715787 | lr: 0.0002991 | consumed_samples: 27914240 | global_batch_size: 1024 | global_step: 27259 | reduced_train_loss: 2.482
Training epoch 1, iteration 27260/715787 | lr: 0.0002991 | consumed_samples: 27915264 | global_batch_size: 1024 | global_step: 27260 | reduced_train_loss: 2.487
Training epoch 1, iteration 27261/715787 | lr: 0.0002991 | consumed_samples: 27916288 | global_batch_size: 1024 | global_step: 27261 | reduced_train_loss: 2.479
Training epoch 1, iteration 27262/715787 | lr: 0.0002991 | consumed_samples: 27917312 | global_batch_size: 1024 | global_step: 27262 | reduced_train_loss: 2.497
Training epoch 1, iteration 27263/715787 | lr: 0.0002991 | consumed_samples: 27918336 | global_batch_size: 1024 | global_step: 27263 | reduced_train_loss: 2.497
Training epoch 1, iteration 27264/715787 | lr: 0.0002991 | consumed_samples: 27919360 | global_batch_size: 1024 | global_step: 27264 | reduced_train_loss: 2.508
Training epoch 1, iteration 27265/715787 | lr: 0.0002991 | consumed_samples: 27920384 | global_batch_size: 1024 | global_step: 27265 | reduced_train_loss: 2.496
Training epoch 1, iteration 27266/715787 | lr: 0.0002991 | consumed_samples: 27921408 | global_batch_size: 1024 | global_step: 27266 | reduced_train_loss: 2.48
Training epoch 1, iteration 27267/715787 | lr: 0.0002991 | consumed_samples: 27922432 | global_batch_size: 1024 | global_step: 27267 | reduced_train_loss: 2.501
Training epoch 1, iteration 27268/715787 | lr: 0.0002991 | consumed_samples: 27923456 | global_batch_size: 1024 | global_step: 27268 | reduced_train_loss: 2.497
Training epoch 1, iteration 27269/715787 | lr: 0.0002991 | consumed_samples: 27924480 | global_batch_size: 1024 | global_step: 27269 | reduced_train_loss: 2.529
Training epoch 1, iteration 27270/715787 | lr: 0.0002991 | consumed_samples: 27925504 | global_batch_size: 1024 | global_step: 27270 | reduced_train_loss: 2.489
Training epoch 1, iteration 27271/715787 | lr: 0.0002991 | consumed_samples: 27926528 | global_batch_size: 1024 | global_step: 27271 | reduced_train_loss: 2.497
Training epoch 1, iteration 27272/715787 | lr: 0.0002991 | consumed_samples: 27927552 | global_batch_size: 1024 | global_step: 27272 | reduced_train_loss: 2.492
Training epoch 1, iteration 27273/715787 | lr: 0.0002991 | consumed_samples: 27928576 | global_batch_size: 1024 | global_step: 27273 | reduced_train_loss: 2.513
Training epoch 1, iteration 27274/715787 | lr: 0.0002991 | consumed_samples: 27929600 | global_batch_size: 1024 | global_step: 27274 | reduced_train_loss: 2.494
Training epoch 1, iteration 27275/715787 | lr: 0.0002991 | consumed_samples: 27930624 | global_batch_size: 1024 | global_step: 27275 | reduced_train_loss: 2.509
Training epoch 1, iteration 27276/715787 | lr: 0.0002991 | consumed_samples: 27931648 | global_batch_size: 1024 | global_step: 27276 | reduced_train_loss: 2.495
Training epoch 1, iteration 27277/715787 | lr: 0.0002991 | consumed_samples: 27932672 | global_batch_size: 1024 | global_step: 27277 | reduced_train_loss: 2.479
Training epoch 1, iteration 27278/715787 | lr: 0.0002991 | consumed_samples: 27933696 | global_batch_size: 1024 | global_step: 27278 | reduced_train_loss: 2.492
Training epoch 1, iteration 27279/715787 | lr: 0.0002991 | consumed_samples: 27934720 | global_batch_size: 1024 | global_step: 27279 | reduced_train_loss: 2.491
Training epoch 1, iteration 27280/715787 | lr: 0.0002991 | consumed_samples: 27935744 | global_batch_size: 1024 | global_step: 27280 | reduced_train_loss: 2.498
Training epoch 1, iteration 27281/715787 | lr: 0.0002991 | consumed_samples: 27936768 | global_batch_size: 1024 | global_step: 27281 | reduced_train_loss: 2.511
Training epoch 1, iteration 27282/715787 | lr: 0.0002991 | consumed_samples: 27937792 | global_batch_size: 1024 | global_step: 27282 | reduced_train_loss: 2.485
Training epoch 1, iteration 27283/715787 | lr: 0.0002991 | consumed_samples: 27938816 | global_batch_size: 1024 | global_step: 27283 | reduced_train_loss: 2.498
Training epoch 1, iteration 27284/715787 | lr: 0.0002991 | consumed_samples: 27939840 | global_batch_size: 1024 | global_step: 27284 | reduced_train_loss: 2.521
Training epoch 1, iteration 27285/715787 | lr: 0.0002991 | consumed_samples: 27940864 | global_batch_size: 1024 | global_step: 27285 | reduced_train_loss: 2.525
Training epoch 1, iteration 27286/715787 | lr: 0.0002991 | consumed_samples: 27941888 | global_batch_size: 1024 | global_step: 27286 | reduced_train_loss: 2.495
Training epoch 1, iteration 27287/715787 | lr: 0.0002991 | consumed_samples: 27942912 | global_batch_size: 1024 | global_step: 27287 | reduced_train_loss: 2.497
Training epoch 1, iteration 27288/715787 | lr: 0.0002991 | consumed_samples: 27943936 | global_batch_size: 1024 | global_step: 27288 | reduced_train_loss: 2.497
Training epoch 1, iteration 27289/715787 | lr: 0.0002991 | consumed_samples: 27944960 | global_batch_size: 1024 | global_step: 27289 | reduced_train_loss: 2.483
Training epoch 1, iteration 27290/715787 | lr: 0.0002991 | consumed_samples: 27945984 | global_batch_size: 1024 | global_step: 27290 | reduced_train_loss: 2.485
Training epoch 1, iteration 27291/715787 | lr: 0.0002991 | consumed_samples: 27947008 | global_batch_size: 1024 | global_step: 27291 | reduced_train_loss: 2.504
Training epoch 1, iteration 27292/715787 | lr: 0.0002991 | consumed_samples: 27948032 | global_batch_size: 1024 | global_step: 27292 | reduced_train_loss: 2.488
Training epoch 1, iteration 27293/715787 | lr: 0.0002991 | consumed_samples: 27949056 | global_batch_size: 1024 | global_step: 27293 | reduced_train_loss: 2.484
Training epoch 1, iteration 27294/715787 | lr: 0.0002991 | consumed_samples: 27950080 | global_batch_size: 1024 | global_step: 27294 | reduced_train_loss: 2.505
Training epoch 1, iteration 27295/715787 | lr: 0.0002991 | consumed_samples: 27951104 | global_batch_size: 1024 | global_step: 27295 | reduced_train_loss: 2.497
Training epoch 1, iteration 27296/715787 | lr: 0.0002991 | consumed_samples: 27952128 | global_batch_size: 1024 | global_step: 27296 | reduced_train_loss: 2.484
Training epoch 1, iteration 27297/715787 | lr: 0.0002991 | consumed_samples: 27953152 | global_batch_size: 1024 | global_step: 27297 | reduced_train_loss: 2.501
Training epoch 1, iteration 27298/715787 | lr: 0.0002991 | consumed_samples: 27954176 | global_batch_size: 1024 | global_step: 27298 | reduced_train_loss: 2.504
[NeMo I 2026-03-31 04:13:55 nemo_logging:393] Running garbage collection at train global_step: 27300
Training epoch 1, iteration 27299/715787 | lr: 0.0002991 | consumed_samples: 27955200 | global_batch_size: 1024 | global_step: 27299 | reduced_train_loss: 2.498
Training epoch 1, iteration 27300/715787 | lr: 0.0002991 | consumed_samples: 27956224 | global_batch_size: 1024 | global_step: 27300 | reduced_train_loss: 2.492
Training epoch 1, iteration 27301/715787 | lr: 0.0002991 | consumed_samples: 27957248 | global_batch_size: 1024 | global_step: 27301 | reduced_train_loss: 2.469
Training epoch 1, iteration 27302/715787 | lr: 0.0002991 | consumed_samples: 27958272 | global_batch_size: 1024 | global_step: 27302 | reduced_train_loss: 2.476
Training epoch 1, iteration 27303/715787 | lr: 0.0002991 | consumed_samples: 27959296 | global_batch_size: 1024 | global_step: 27303 | reduced_train_loss: 2.488
Training epoch 1, iteration 27304/715787 | lr: 0.0002991 | consumed_samples: 27960320 | global_batch_size: 1024 | global_step: 27304 | reduced_train_loss: 2.489
Training epoch 1, iteration 27305/715787 | lr: 0.0002991 | consumed_samples: 27961344 | global_batch_size: 1024 | global_step: 27305 | reduced_train_loss: 2.475
Training epoch 1, iteration 27306/715787 | lr: 0.0002991 | consumed_samples: 27962368 | global_batch_size: 1024 | global_step: 27306 | reduced_train_loss: 2.513
Training epoch 1, iteration 27307/715787 | lr: 0.0002991 | consumed_samples: 27963392 | global_batch_size: 1024 | global_step: 27307 | reduced_train_loss: 2.497
Training epoch 1, iteration 27308/715787 | lr: 0.0002991 | consumed_samples: 27964416 | global_batch_size: 1024 | global_step: 27308 | reduced_train_loss: 2.488
Training epoch 1, iteration 27309/715787 | lr: 0.0002991 | consumed_samples: 27965440 | global_batch_size: 1024 | global_step: 27309 | reduced_train_loss: 2.493
Training epoch 1, iteration 27310/715787 | lr: 0.0002991 | consumed_samples: 27966464 | global_batch_size: 1024 | global_step: 27310 | reduced_train_loss: 2.489
Training epoch 1, iteration 27311/715787 | lr: 0.0002991 | consumed_samples: 27967488 | global_batch_size: 1024 | global_step: 27311 | reduced_train_loss: 2.488
Training epoch 1, iteration 27312/715787 | lr: 0.0002991 | consumed_samples: 27968512 | global_batch_size: 1024 | global_step: 27312 | reduced_train_loss: 2.511
Training epoch 1, iteration 27313/715787 | lr: 0.0002991 | consumed_samples: 27969536 | global_batch_size: 1024 | global_step: 27313 | reduced_train_loss: 2.503
Training epoch 1, iteration 27314/715787 | lr: 0.0002991 | consumed_samples: 27970560 | global_batch_size: 1024 | global_step: 27314 | reduced_train_loss: 2.509
Training epoch 1, iteration 27315/715787 | lr: 0.0002991 | consumed_samples: 27971584 | global_batch_size: 1024 | global_step: 27315 | reduced_train_loss: 2.477
Training epoch 1, iteration 27316/715787 | lr: 0.0002991 | consumed_samples: 27972608 | global_batch_size: 1024 | global_step: 27316 | reduced_train_loss: 2.479
Training epoch 1, iteration 27317/715787 | lr: 0.0002991 | consumed_samples: 27973632 | global_batch_size: 1024 | global_step: 27317 | reduced_train_loss: 2.474
Training epoch 1, iteration 27318/715787 | lr: 0.0002991 | consumed_samples: 27974656 | global_batch_size: 1024 | global_step: 27318 | reduced_train_loss: 2.489
Training epoch 1, iteration 27319/715787 | lr: 0.0002991 | consumed_samples: 27975680 | global_batch_size: 1024 | global_step: 27319 | reduced_train_loss: 2.501
Training epoch 1, iteration 27320/715787 | lr: 0.0002991 | consumed_samples: 27976704 | global_batch_size: 1024 | global_step: 27320 | reduced_train_loss: 2.48
Training epoch 1, iteration 27321/715787 | lr: 0.0002991 | consumed_samples: 27977728 | global_batch_size: 1024 | global_step: 27321 | reduced_train_loss: 2.484
Training epoch 1, iteration 27322/715787 | lr: 0.0002991 | consumed_samples: 27978752 | global_batch_size: 1024 | global_step: 27322 | reduced_train_loss: 2.478
Training epoch 1, iteration 27323/715787 | lr: 0.0002991 | consumed_samples: 27979776 | global_batch_size: 1024 | global_step: 27323 | reduced_train_loss: 2.484
Training epoch 1, iteration 27324/715787 | lr: 0.0002991 | consumed_samples: 27980800 | global_batch_size: 1024 | global_step: 27324 | reduced_train_loss: 2.465
Training epoch 1, iteration 27325/715787 | lr: 0.0002991 | consumed_samples: 27981824 | global_batch_size: 1024 | global_step: 27325 | reduced_train_loss: 2.508
Training epoch 1, iteration 27326/715787 | lr: 0.0002991 | consumed_samples: 27982848 | global_batch_size: 1024 | global_step: 27326 | reduced_train_loss: 2.5
Training epoch 1, iteration 27327/715787 | lr: 0.0002991 | consumed_samples: 27983872 | global_batch_size: 1024 | global_step: 27327 | reduced_train_loss: 2.489
Training epoch 1, iteration 27328/715787 | lr: 0.0002991 | consumed_samples: 27984896 | global_batch_size: 1024 | global_step: 27328 | reduced_train_loss: 2.489
Training epoch 1, iteration 27329/715787 | lr: 0.0002991 | consumed_samples: 27985920 | global_batch_size: 1024 | global_step: 27329 | reduced_train_loss: 2.478
Training epoch 1, iteration 27330/715787 | lr: 0.0002991 | consumed_samples: 27986944 | global_batch_size: 1024 | global_step: 27330 | reduced_train_loss: 2.507
Training epoch 1, iteration 27331/715787 | lr: 0.0002991 | consumed_samples: 27987968 | global_batch_size: 1024 | global_step: 27331 | reduced_train_loss: 2.488
Training epoch 1, iteration 27332/715787 | lr: 0.0002991 | consumed_samples: 27988992 | global_batch_size: 1024 | global_step: 27332 | reduced_train_loss: 2.483
Training epoch 1, iteration 27333/715787 | lr: 0.0002991 | consumed_samples: 27990016 | global_batch_size: 1024 | global_step: 27333 | reduced_train_loss: 2.492
Training epoch 1, iteration 27334/715787 | lr: 0.0002991 | consumed_samples: 27991040 | global_batch_size: 1024 | global_step: 27334 | reduced_train_loss: 2.493
Training epoch 1, iteration 27335/715787 | lr: 0.0002991 | consumed_samples: 27992064 | global_batch_size: 1024 | global_step: 27335 | reduced_train_loss: 2.48
Training epoch 1, iteration 27336/715787 | lr: 0.0002991 | consumed_samples: 27993088 | global_batch_size: 1024 | global_step: 27336 | reduced_train_loss: 2.485
Training epoch 1, iteration 27337/715787 | lr: 0.0002991 | consumed_samples: 27994112 | global_batch_size: 1024 | global_step: 27337 | reduced_train_loss: 2.478
Training epoch 1, iteration 27338/715787 | lr: 0.0002991 | consumed_samples: 27995136 | global_batch_size: 1024 | global_step: 27338 | reduced_train_loss: 2.482
Training epoch 1, iteration 27339/715787 | lr: 0.0002991 | consumed_samples: 27996160 | global_batch_size: 1024 | global_step: 27339 | reduced_train_loss: 2.477
Training epoch 1, iteration 27340/715787 | lr: 0.0002991 | consumed_samples: 27997184 | global_batch_size: 1024 | global_step: 27340 | reduced_train_loss: 2.497
Training epoch 1, iteration 27341/715787 | lr: 0.0002991 | consumed_samples: 27998208 | global_batch_size: 1024 | global_step: 27341 | reduced_train_loss: 2.508
Training epoch 1, iteration 27342/715787 | lr: 0.0002991 | consumed_samples: 27999232 | global_batch_size: 1024 | global_step: 27342 | reduced_train_loss: 2.491
Training epoch 1, iteration 27343/715787 | lr: 0.0002991 | consumed_samples: 28000256 | global_batch_size: 1024 | global_step: 27343 | reduced_train_loss: 2.491
Training epoch 1, iteration 27344/715787 | lr: 0.0002991 | consumed_samples: 28001280 | global_batch_size: 1024 | global_step: 27344 | reduced_train_loss: 2.517
Training epoch 1, iteration 27345/715787 | lr: 0.0002991 | consumed_samples: 28002304 | global_batch_size: 1024 | global_step: 27345 | reduced_train_loss: 2.482
Training epoch 1, iteration 27346/715787 | lr: 0.0002991 | consumed_samples: 28003328 | global_batch_size: 1024 | global_step: 27346 | reduced_train_loss: 2.496
Training epoch 1, iteration 27347/715787 | lr: 0.0002991 | consumed_samples: 28004352 | global_batch_size: 1024 | global_step: 27347 | reduced_train_loss: 2.491
Training epoch 1, iteration 27348/715787 | lr: 0.0002991 | consumed_samples: 28005376 | global_batch_size: 1024 | global_step: 27348 | reduced_train_loss: 2.486
Training epoch 1, iteration 27349/715787 | lr: 0.0002991 | consumed_samples: 28006400 | global_batch_size: 1024 | global_step: 27349 | reduced_train_loss: 2.477
Training epoch 1, iteration 27350/715787 | lr: 0.0002991 | consumed_samples: 28007424 | global_batch_size: 1024 | global_step: 27350 | reduced_train_loss: 2.502
Training epoch 1, iteration 27351/715787 | lr: 0.0002991 | consumed_samples: 28008448 | global_batch_size: 1024 | global_step: 27351 | reduced_train_loss: 2.489
Training epoch 1, iteration 27352/715787 | lr: 0.0002991 | consumed_samples: 28009472 | global_batch_size: 1024 | global_step: 27352 | reduced_train_loss: 2.478
Training epoch 1, iteration 27353/715787 | lr: 0.0002991 | consumed_samples: 28010496 | global_batch_size: 1024 | global_step: 27353 | reduced_train_loss: 2.494
Training epoch 1, iteration 27354/715787 | lr: 0.0002991 | consumed_samples: 28011520 | global_batch_size: 1024 | global_step: 27354 | reduced_train_loss: 2.479
Training epoch 1, iteration 27355/715787 | lr: 0.0002991 | consumed_samples: 28012544 | global_batch_size: 1024 | global_step: 27355 | reduced_train_loss: 2.513
Training epoch 1, iteration 27356/715787 | lr: 0.0002991 | consumed_samples: 28013568 | global_batch_size: 1024 | global_step: 27356 | reduced_train_loss: 2.514
Training epoch 1, iteration 27357/715787 | lr: 0.0002991 | consumed_samples: 28014592 | global_batch_size: 1024 | global_step: 27357 | reduced_train_loss: 2.484
Training epoch 1, iteration 27358/715787 | lr: 0.0002991 | consumed_samples: 28015616 | global_batch_size: 1024 | global_step: 27358 | reduced_train_loss: 2.495
Training epoch 1, iteration 27359/715787 | lr: 0.0002991 | consumed_samples: 28016640 | global_batch_size: 1024 | global_step: 27359 | reduced_train_loss: 2.475
Training epoch 1, iteration 27360/715787 | lr: 0.0002991 | consumed_samples: 28017664 | global_batch_size: 1024 | global_step: 27360 | reduced_train_loss: 2.478
Training epoch 1, iteration 27361/715787 | lr: 0.0002991 | consumed_samples: 28018688 | global_batch_size: 1024 | global_step: 27361 | reduced_train_loss: 2.489
Training epoch 1, iteration 27362/715787 | lr: 0.0002991 | consumed_samples: 28019712 | global_batch_size: 1024 | global_step: 27362 | reduced_train_loss: 2.493
Training epoch 1, iteration 27363/715787 | lr: 0.0002991 | consumed_samples: 28020736 | global_batch_size: 1024 | global_step: 27363 | reduced_train_loss: 2.47
Training epoch 1, iteration 27364/715787 | lr: 0.0002991 | consumed_samples: 28021760 | global_batch_size: 1024 | global_step: 27364 | reduced_train_loss: 2.508
Training epoch 1, iteration 27365/715787 | lr: 0.0002991 | consumed_samples: 28022784 | global_batch_size: 1024 | global_step: 27365 | reduced_train_loss: 2.495
Training epoch 1, iteration 27366/715787 | lr: 0.0002991 | consumed_samples: 28023808 | global_batch_size: 1024 | global_step: 27366 | reduced_train_loss: 2.486
Training epoch 1, iteration 27367/715787 | lr: 0.0002991 | consumed_samples: 28024832 | global_batch_size: 1024 | global_step: 27367 | reduced_train_loss: 2.492
Training epoch 1, iteration 27368/715787 | lr: 0.0002991 | consumed_samples: 28025856 | global_batch_size: 1024 | global_step: 27368 | reduced_train_loss: 2.497
Training epoch 1, iteration 27369/715787 | lr: 0.0002991 | consumed_samples: 28026880 | global_batch_size: 1024 | global_step: 27369 | reduced_train_loss: 2.484
Training epoch 1, iteration 27370/715787 | lr: 0.0002991 | consumed_samples: 28027904 | global_batch_size: 1024 | global_step: 27370 | reduced_train_loss: 2.495
Training epoch 1, iteration 27371/715787 | lr: 0.0002991 | consumed_samples: 28028928 | global_batch_size: 1024 | global_step: 27371 | reduced_train_loss: 2.504
Training epoch 1, iteration 27372/715787 | lr: 0.0002991 | consumed_samples: 28029952 | global_batch_size: 1024 | global_step: 27372 | reduced_train_loss: 2.497
Training epoch 1, iteration 27373/715787 | lr: 0.0002991 | consumed_samples: 28030976 | global_batch_size: 1024 | global_step: 27373 | reduced_train_loss: 2.487
Training epoch 1, iteration 27374/715787 | lr: 0.0002991 | consumed_samples: 28032000 | global_batch_size: 1024 | global_step: 27374 | reduced_train_loss: 2.492
Training epoch 1, iteration 27375/715787 | lr: 0.0002991 | consumed_samples: 28033024 | global_batch_size: 1024 | global_step: 27375 | reduced_train_loss: 2.464
Training epoch 1, iteration 27376/715787 | lr: 0.0002991 | consumed_samples: 28034048 | global_batch_size: 1024 | global_step: 27376 | reduced_train_loss: 2.476
Training epoch 1, iteration 27377/715787 | lr: 0.0002991 | consumed_samples: 28035072 | global_batch_size: 1024 | global_step: 27377 | reduced_train_loss: 2.477
Training epoch 1, iteration 27378/715787 | lr: 0.0002991 | consumed_samples: 28036096 | global_batch_size: 1024 | global_step: 27378 | reduced_train_loss: 2.47
Training epoch 1, iteration 27379/715787 | lr: 0.0002991 | consumed_samples: 28037120 | global_batch_size: 1024 | global_step: 27379 | reduced_train_loss: 2.491
Training epoch 1, iteration 27380/715787 | lr: 0.0002991 | consumed_samples: 28038144 | global_batch_size: 1024 | global_step: 27380 | reduced_train_loss: 2.472
Training epoch 1, iteration 27381/715787 | lr: 0.0002991 | consumed_samples: 28039168 | global_batch_size: 1024 | global_step: 27381 | reduced_train_loss: 2.469
Training epoch 1, iteration 27382/715787 | lr: 0.0002991 | consumed_samples: 28040192 | global_batch_size: 1024 | global_step: 27382 | reduced_train_loss: 2.474
Training epoch 1, iteration 27383/715787 | lr: 0.0002991 | consumed_samples: 28041216 | global_batch_size: 1024 | global_step: 27383 | reduced_train_loss: 2.475
Training epoch 1, iteration 27384/715787 | lr: 0.0002991 | consumed_samples: 28042240 | global_batch_size: 1024 | global_step: 27384 | reduced_train_loss: 2.487
Training epoch 1, iteration 27385/715787 | lr: 0.0002991 | consumed_samples: 28043264 | global_batch_size: 1024 | global_step: 27385 | reduced_train_loss: 2.498
Training epoch 1, iteration 27386/715787 | lr: 0.0002991 | consumed_samples: 28044288 | global_batch_size: 1024 | global_step: 27386 | reduced_train_loss: 2.49
Training epoch 1, iteration 27387/715787 | lr: 0.0002991 | consumed_samples: 28045312 | global_batch_size: 1024 | global_step: 27387 | reduced_train_loss: 2.514
Training epoch 1, iteration 27388/715787 | lr: 0.0002991 | consumed_samples: 28046336 | global_batch_size: 1024 | global_step: 27388 | reduced_train_loss: 2.466
Training epoch 1, iteration 27389/715787 | lr: 0.0002991 | consumed_samples: 28047360 | global_batch_size: 1024 | global_step: 27389 | reduced_train_loss: 2.49
Training epoch 1, iteration 27390/715787 | lr: 0.0002991 | consumed_samples: 28048384 | global_batch_size: 1024 | global_step: 27390 | reduced_train_loss: 2.491
Training epoch 1, iteration 27391/715787 | lr: 0.0002991 | consumed_samples: 28049408 | global_batch_size: 1024 | global_step: 27391 | reduced_train_loss: 2.497
Training epoch 1, iteration 27392/715787 | lr: 0.0002991 | consumed_samples: 28050432 | global_batch_size: 1024 | global_step: 27392 | reduced_train_loss: 2.484
Training epoch 1, iteration 27393/715787 | lr: 0.0002991 | consumed_samples: 28051456 | global_batch_size: 1024 | global_step: 27393 | reduced_train_loss: 2.502
Training epoch 1, iteration 27394/715787 | lr: 0.0002991 | consumed_samples: 28052480 | global_batch_size: 1024 | global_step: 27394 | reduced_train_loss: 2.498
Training epoch 1, iteration 27395/715787 | lr: 0.0002991 | consumed_samples: 28053504 | global_batch_size: 1024 | global_step: 27395 | reduced_train_loss: 2.492
Training epoch 1, iteration 27396/715787 | lr: 0.0002991 | consumed_samples: 28054528 | global_batch_size: 1024 | global_step: 27396 | reduced_train_loss: 2.502
Training epoch 1, iteration 27397/715787 | lr: 0.0002991 | consumed_samples: 28055552 | global_batch_size: 1024 | global_step: 27397 | reduced_train_loss: 2.499
Training epoch 1, iteration 27398/715787 | lr: 0.0002991 | consumed_samples: 28056576 | global_batch_size: 1024 | global_step: 27398 | reduced_train_loss: 2.465
[NeMo I 2026-03-31 04:31:59 nemo_logging:393] Running garbage collection at train global_step: 27400
Training epoch 1, iteration 27399/715787 | lr: 0.0002991 | consumed_samples: 28057600 | global_batch_size: 1024 | global_step: 27399 | reduced_train_loss: 2.508
Training epoch 1, iteration 27400/715787 | lr: 0.0002991 | consumed_samples: 28058624 | global_batch_size: 1024 | global_step: 27400 | reduced_train_loss: 2.482
Training epoch 1, iteration 27401/715787 | lr: 0.0002991 | consumed_samples: 28059648 | global_batch_size: 1024 | global_step: 27401 | reduced_train_loss: 2.487
Training epoch 1, iteration 27402/715787 | lr: 0.0002991 | consumed_samples: 28060672 | global_batch_size: 1024 | global_step: 27402 | reduced_train_loss: 2.481
Training epoch 1, iteration 27403/715787 | lr: 0.0002991 | consumed_samples: 28061696 | global_batch_size: 1024 | global_step: 27403 | reduced_train_loss: 2.511
Training epoch 1, iteration 27404/715787 | lr: 0.0002991 | consumed_samples: 28062720 | global_batch_size: 1024 | global_step: 27404 | reduced_train_loss: 2.472
Training epoch 1, iteration 27405/715787 | lr: 0.0002991 | consumed_samples: 28063744 | global_batch_size: 1024 | global_step: 27405 | reduced_train_loss: 2.484
Training epoch 1, iteration 27406/715787 | lr: 0.0002991 | consumed_samples: 28064768 | global_batch_size: 1024 | global_step: 27406 | reduced_train_loss: 2.494
Training epoch 1, iteration 27407/715787 | lr: 0.0002991 | consumed_samples: 28065792 | global_batch_size: 1024 | global_step: 27407 | reduced_train_loss: 2.483
Training epoch 1, iteration 27408/715787 | lr: 0.0002991 | consumed_samples: 28066816 | global_batch_size: 1024 | global_step: 27408 | reduced_train_loss: 2.477
Training epoch 1, iteration 27409/715787 | lr: 0.0002991 | consumed_samples: 28067840 | global_batch_size: 1024 | global_step: 27409 | reduced_train_loss: 2.48
Training epoch 1, iteration 27410/715787 | lr: 0.0002991 | consumed_samples: 28068864 | global_batch_size: 1024 | global_step: 27410 | reduced_train_loss: 2.492
Training epoch 1, iteration 27411/715787 | lr: 0.0002991 | consumed_samples: 28069888 | global_batch_size: 1024 | global_step: 27411 | reduced_train_loss: 2.483
Training epoch 1, iteration 27412/715787 | lr: 0.0002991 | consumed_samples: 28070912 | global_batch_size: 1024 | global_step: 27412 | reduced_train_loss: 2.485
Training epoch 1, iteration 27413/715787 | lr: 0.0002991 | consumed_samples: 28071936 | global_batch_size: 1024 | global_step: 27413 | reduced_train_loss: 2.488
Training epoch 1, iteration 27414/715787 | lr: 0.0002991 | consumed_samples: 28072960 | global_batch_size: 1024 | global_step: 27414 | reduced_train_loss: 2.479
Training epoch 1, iteration 27415/715787 | lr: 0.0002991 | consumed_samples: 28073984 | global_batch_size: 1024 | global_step: 27415 | reduced_train_loss: 2.481
Training epoch 1, iteration 27416/715787 | lr: 0.0002991 | consumed_samples: 28075008 | global_batch_size: 1024 | global_step: 27416 | reduced_train_loss: 2.496
Training epoch 1, iteration 27417/715787 | lr: 0.0002991 | consumed_samples: 28076032 | global_batch_size: 1024 | global_step: 27417 | reduced_train_loss: 2.513
Training epoch 1, iteration 27418/715787 | lr: 0.0002991 | consumed_samples: 28077056 | global_batch_size: 1024 | global_step: 27418 | reduced_train_loss: 2.514
Training epoch 1, iteration 27419/715787 | lr: 0.0002991 | consumed_samples: 28078080 | global_batch_size: 1024 | global_step: 27419 | reduced_train_loss: 2.493
Training epoch 1, iteration 27420/715787 | lr: 0.0002991 | consumed_samples: 28079104 | global_batch_size: 1024 | global_step: 27420 | reduced_train_loss: 2.493
Training epoch 1, iteration 27421/715787 | lr: 0.0002991 | consumed_samples: 28080128 | global_batch_size: 1024 | global_step: 27421 | reduced_train_loss: 2.504
Training epoch 1, iteration 27422/715787 | lr: 0.0002991 | consumed_samples: 28081152 | global_batch_size: 1024 | global_step: 27422 | reduced_train_loss: 2.495
Training epoch 1, iteration 27423/715787 | lr: 0.0002991 | consumed_samples: 28082176 | global_batch_size: 1024 | global_step: 27423 | reduced_train_loss: 2.461
Training epoch 1, iteration 27424/715787 | lr: 0.0002991 | consumed_samples: 28083200 | global_batch_size: 1024 | global_step: 27424 | reduced_train_loss: 2.495
Training epoch 1, iteration 27425/715787 | lr: 0.0002991 | consumed_samples: 28084224 | global_batch_size: 1024 | global_step: 27425 | reduced_train_loss: 2.498
Training epoch 1, iteration 27426/715787 | lr: 0.0002991 | consumed_samples: 28085248 | global_batch_size: 1024 | global_step: 27426 | reduced_train_loss: 2.51
Training epoch 1, iteration 27427/715787 | lr: 0.0002991 | consumed_samples: 28086272 | global_batch_size: 1024 | global_step: 27427 | reduced_train_loss: 2.506
Training epoch 1, iteration 27428/715787 | lr: 0.0002991 | consumed_samples: 28087296 | global_batch_size: 1024 | global_step: 27428 | reduced_train_loss: 2.489
Training epoch 1, iteration 27429/715787 | lr: 0.0002991 | consumed_samples: 28088320 | global_batch_size: 1024 | global_step: 27429 | reduced_train_loss: 2.476
Training epoch 1, iteration 27430/715787 | lr: 0.0002991 | consumed_samples: 28089344 | global_batch_size: 1024 | global_step: 27430 | reduced_train_loss: 2.495
Training epoch 1, iteration 27431/715787 | lr: 0.0002991 | consumed_samples: 28090368 | global_batch_size: 1024 | global_step: 27431 | reduced_train_loss: 2.501
Training epoch 1, iteration 27432/715787 | lr: 0.0002991 | consumed_samples: 28091392 | global_batch_size: 1024 | global_step: 27432 | reduced_train_loss: 2.502
Training epoch 1, iteration 27433/715787 | lr: 0.0002991 | consumed_samples: 28092416 | global_batch_size: 1024 | global_step: 27433 | reduced_train_loss: 2.492
Training epoch 1, iteration 27434/715787 | lr: 0.0002991 | consumed_samples: 28093440 | global_batch_size: 1024 | global_step: 27434 | reduced_train_loss: 2.477
Training epoch 1, iteration 27435/715787 | lr: 0.0002991 | consumed_samples: 28094464 | global_batch_size: 1024 | global_step: 27435 | reduced_train_loss: 2.489
Training epoch 1, iteration 27436/715787 | lr: 0.0002991 | consumed_samples: 28095488 | global_batch_size: 1024 | global_step: 27436 | reduced_train_loss: 2.492
Training epoch 1, iteration 27437/715787 | lr: 0.0002991 | consumed_samples: 28096512 | global_batch_size: 1024 | global_step: 27437 | reduced_train_loss: 2.471
Training epoch 1, iteration 27438/715787 | lr: 0.0002991 | consumed_samples: 28097536 | global_batch_size: 1024 | global_step: 27438 | reduced_train_loss: 2.49
Training epoch 1, iteration 27439/715787 | lr: 0.0002991 | consumed_samples: 28098560 | global_batch_size: 1024 | global_step: 27439 | reduced_train_loss: 2.489
Training epoch 1, iteration 27440/715787 | lr: 0.0002991 | consumed_samples: 28099584 | global_batch_size: 1024 | global_step: 27440 | reduced_train_loss: 2.502
Training epoch 1, iteration 27441/715787 | lr: 0.0002991 | consumed_samples: 28100608 | global_batch_size: 1024 | global_step: 27441 | reduced_train_loss: 2.484
Training epoch 1, iteration 27442/715787 | lr: 0.0002991 | consumed_samples: 28101632 | global_batch_size: 1024 | global_step: 27442 | reduced_train_loss: 2.49
Training epoch 1, iteration 27443/715787 | lr: 0.0002991 | consumed_samples: 28102656 | global_batch_size: 1024 | global_step: 27443 | reduced_train_loss: 2.48
Training epoch 1, iteration 27444/715787 | lr: 0.0002991 | consumed_samples: 28103680 | global_batch_size: 1024 | global_step: 27444 | reduced_train_loss: 2.474
Training epoch 1, iteration 27445/715787 | lr: 0.0002991 | consumed_samples: 28104704 | global_batch_size: 1024 | global_step: 27445 | reduced_train_loss: 2.488
Training epoch 1, iteration 27446/715787 | lr: 0.0002991 | consumed_samples: 28105728 | global_batch_size: 1024 | global_step: 27446 | reduced_train_loss: 2.495
Training epoch 1, iteration 27447/715787 | lr: 0.0002991 | consumed_samples: 28106752 | global_batch_size: 1024 | global_step: 27447 | reduced_train_loss: 2.501
Training epoch 1, iteration 27448/715787 | lr: 0.0002991 | consumed_samples: 28107776 | global_batch_size: 1024 | global_step: 27448 | reduced_train_loss: 2.489
Training epoch 1, iteration 27449/715787 | lr: 0.0002991 | consumed_samples: 28108800 | global_batch_size: 1024 | global_step: 27449 | reduced_train_loss: 2.493
Training epoch 1, iteration 27450/715787 | lr: 0.0002991 | consumed_samples: 28109824 | global_batch_size: 1024 | global_step: 27450 | reduced_train_loss: 2.475
Training epoch 1, iteration 27451/715787 | lr: 0.0002991 | consumed_samples: 28110848 | global_batch_size: 1024 | global_step: 27451 | reduced_train_loss: 2.506
Training epoch 1, iteration 27452/715787 | lr: 0.0002991 | consumed_samples: 28111872 | global_batch_size: 1024 | global_step: 27452 | reduced_train_loss: 2.499
Training epoch 1, iteration 27453/715787 | lr: 0.0002991 | consumed_samples: 28112896 | global_batch_size: 1024 | global_step: 27453 | reduced_train_loss: 2.486
Training epoch 1, iteration 27454/715787 | lr: 0.0002991 | consumed_samples: 28113920 | global_batch_size: 1024 | global_step: 27454 | reduced_train_loss: 2.485
Training epoch 1, iteration 27455/715787 | lr: 0.0002991 | consumed_samples: 28114944 | global_batch_size: 1024 | global_step: 27455 | reduced_train_loss: 2.493
Training epoch 1, iteration 27456/715787 | lr: 0.0002991 | consumed_samples: 28115968 | global_batch_size: 1024 | global_step: 27456 | reduced_train_loss: 2.493
Training epoch 1, iteration 27457/715787 | lr: 0.0002991 | consumed_samples: 28116992 | global_batch_size: 1024 | global_step: 27457 | reduced_train_loss: 2.503
Training epoch 1, iteration 27458/715787 | lr: 0.0002991 | consumed_samples: 28118016 | global_batch_size: 1024 | global_step: 27458 | reduced_train_loss: 2.503
Training epoch 1, iteration 27459/715787 | lr: 0.0002991 | consumed_samples: 28119040 | global_batch_size: 1024 | global_step: 27459 | reduced_train_loss: 2.511
Training epoch 1, iteration 27460/715787 | lr: 0.0002991 | consumed_samples: 28120064 | global_batch_size: 1024 | global_step: 27460 | reduced_train_loss: 2.498
Training epoch 1, iteration 27461/715787 | lr: 0.0002991 | consumed_samples: 28121088 | global_batch_size: 1024 | global_step: 27461 | reduced_train_loss: 2.523
Training epoch 1, iteration 27462/715787 | lr: 0.0002991 | consumed_samples: 28122112 | global_batch_size: 1024 | global_step: 27462 | reduced_train_loss: 3.897
Training epoch 1, iteration 27463/715787 | lr: 0.0002991 | consumed_samples: 28123136 | global_batch_size: 1024 | global_step: 27463 | reduced_train_loss: 2.823
Training epoch 1, iteration 27464/715787 | lr: 0.0002991 | consumed_samples: 28124160 | global_batch_size: 1024 | global_step: 27464 | reduced_train_loss: 2.892
Training epoch 1, iteration 27465/715787 | lr: 0.0002991 | consumed_samples: 28125184 | global_batch_size: 1024 | global_step: 27465 | reduced_train_loss: 2.746
Training epoch 1, iteration 27466/715787 | lr: 0.0002991 | consumed_samples: 28126208 | global_batch_size: 1024 | global_step: 27466 | reduced_train_loss: 2.679
Training epoch 1, iteration 27467/715787 | lr: 0.0002991 | consumed_samples: 28127232 | global_batch_size: 1024 | global_step: 27467 | reduced_train_loss: 2.681
Training epoch 1, iteration 27468/715787 | lr: 0.0002991 | consumed_samples: 28128256 | global_batch_size: 1024 | global_step: 27468 | reduced_train_loss: 2.615
Training epoch 1, iteration 27469/715787 | lr: 0.0002991 | consumed_samples: 28129280 | global_batch_size: 1024 | global_step: 27469 | reduced_train_loss: 2.586
Training epoch 1, iteration 27470/715787 | lr: 0.0002991 | consumed_samples: 28130304 | global_batch_size: 1024 | global_step: 27470 | reduced_train_loss: 2.599
Training epoch 1, iteration 27471/715787 | lr: 0.0002991 | consumed_samples: 28131328 | global_batch_size: 1024 | global_step: 27471 | reduced_train_loss: 2.576
Training epoch 1, iteration 27472/715787 | lr: 0.0002991 | consumed_samples: 28132352 | global_batch_size: 1024 | global_step: 27472 | reduced_train_loss: 2.577
Training epoch 1, iteration 27473/715787 | lr: 0.0002991 | consumed_samples: 28133376 | global_batch_size: 1024 | global_step: 27473 | reduced_train_loss: 2.602
Training epoch 1, iteration 27474/715787 | lr: 0.0002991 | consumed_samples: 28134400 | global_batch_size: 1024 | global_step: 27474 | reduced_train_loss: 2.594
Training epoch 1, iteration 27475/715787 | lr: 0.0002991 | consumed_samples: 28135424 | global_batch_size: 1024 | global_step: 27475 | reduced_train_loss: 2.564
Training epoch 1, iteration 27476/715787 | lr: 0.0002991 | consumed_samples: 28136448 | global_batch_size: 1024 | global_step: 27476 | reduced_train_loss: 2.554
Training epoch 1, iteration 27477/715787 | lr: 0.0002991 | consumed_samples: 28137472 | global_batch_size: 1024 | global_step: 27477 | reduced_train_loss: 2.559
Training epoch 1, iteration 27478/715787 | lr: 0.0002991 | consumed_samples: 28138496 | global_batch_size: 1024 | global_step: 27478 | reduced_train_loss: 2.564
Training epoch 1, iteration 27479/715787 | lr: 0.0002991 | consumed_samples: 28139520 | global_batch_size: 1024 | global_step: 27479 | reduced_train_loss: 2.533
Training epoch 1, iteration 27480/715787 | lr: 0.0002991 | consumed_samples: 28140544 | global_batch_size: 1024 | global_step: 27480 | reduced_train_loss: 2.507
Training epoch 1, iteration 27481/715787 | lr: 0.0002991 | consumed_samples: 28141568 | global_batch_size: 1024 | global_step: 27481 | reduced_train_loss: 2.522
Training epoch 1, iteration 27482/715787 | lr: 0.0002991 | consumed_samples: 28142592 | global_batch_size: 1024 | global_step: 27482 | reduced_train_loss: 2.536
Training epoch 1, iteration 27483/715787 | lr: 0.0002991 | consumed_samples: 28143616 | global_batch_size: 1024 | global_step: 27483 | reduced_train_loss: 2.511
Training epoch 1, iteration 27484/715787 | lr: 0.0002991 | consumed_samples: 28144640 | global_batch_size: 1024 | global_step: 27484 | reduced_train_loss: 2.477
Training epoch 1, iteration 27485/715787 | lr: 0.0002991 | consumed_samples: 28145664 | global_batch_size: 1024 | global_step: 27485 | reduced_train_loss: 2.48
Training epoch 1, iteration 27486/715787 | lr: 0.0002991 | consumed_samples: 28146688 | global_batch_size: 1024 | global_step: 27486 | reduced_train_loss: 2.5
Training epoch 1, iteration 27487/715787 | lr: 0.0002991 | consumed_samples: 28147712 | global_batch_size: 1024 | global_step: 27487 | reduced_train_loss: 2.534
Training epoch 1, iteration 27488/715787 | lr: 0.0002991 | consumed_samples: 28148736 | global_batch_size: 1024 | global_step: 27488 | reduced_train_loss: 2.515
Training epoch 1, iteration 27489/715787 | lr: 0.0002991 | consumed_samples: 28149760 | global_batch_size: 1024 | global_step: 27489 | reduced_train_loss: 2.512
Training epoch 1, iteration 27490/715787 | lr: 0.0002991 | consumed_samples: 28150784 | global_batch_size: 1024 | global_step: 27490 | reduced_train_loss: 2.501
Training epoch 1, iteration 27491/715787 | lr: 0.0002991 | consumed_samples: 28151808 | global_batch_size: 1024 | global_step: 27491 | reduced_train_loss: 2.492
Training epoch 1, iteration 27492/715787 | lr: 0.0002991 | consumed_samples: 28152832 | global_batch_size: 1024 | global_step: 27492 | reduced_train_loss: 2.483
Training epoch 1, iteration 27493/715787 | lr: 0.0002991 | consumed_samples: 28153856 | global_batch_size: 1024 | global_step: 27493 | reduced_train_loss: 2.51
Training epoch 1, iteration 27494/715787 | lr: 0.0002991 | consumed_samples: 28154880 | global_batch_size: 1024 | global_step: 27494 | reduced_train_loss: 2.515
Training epoch 1, iteration 27495/715787 | lr: 0.0002991 | consumed_samples: 28155904 | global_batch_size: 1024 | global_step: 27495 | reduced_train_loss: 2.49
Training epoch 1, iteration 27496/715787 | lr: 0.0002991 | consumed_samples: 28156928 | global_batch_size: 1024 | global_step: 27496 | reduced_train_loss: 2.506
Training epoch 1, iteration 27497/715787 | lr: 0.0002991 | consumed_samples: 28157952 | global_batch_size: 1024 | global_step: 27497 | reduced_train_loss: 2.489
Training epoch 1, iteration 27498/715787 | lr: 0.0002991 | consumed_samples: 28158976 | global_batch_size: 1024 | global_step: 27498 | reduced_train_loss: 2.491
[NeMo I 2026-03-31 04:50:21 nemo_logging:393] Running garbage collection at train global_step: 27500
[NeMo I 2026-03-31 04:50:23 nemo_logging:393] Step 27500 - SSA n values:
[NeMo I 2026-03-31 04:50:23 nemo_logging:393]   Layer 0: n = 2.250000
[NeMo I 2026-03-31 04:50:23 nemo_logging:393]   Layer 1: n = 2.062500
[NeMo I 2026-03-31 04:50:23 nemo_logging:393]   Layer 2: n = 2.187500
[NeMo I 2026-03-31 04:50:23 nemo_logging:393]   Layer 3: n = 2.359375
[NeMo I 2026-03-31 04:50:23 nemo_logging:393]   Layer 4: n = 2.671875
[NeMo I 2026-03-31 04:50:23 nemo_logging:393]   Layer 5: n = 3.281250
[NeMo I 2026-03-31 04:50:23 nemo_logging:393]   Layer 6: n = 3.312500
[NeMo I 2026-03-31 04:50:23 nemo_logging:393]   Layer 7: n = 3.390625
[NeMo I 2026-03-31 04:50:23 nemo_logging:393]   Layer 8: n = 2.937500
[NeMo I 2026-03-31 04:50:23 nemo_logging:393]   Layer 9: n = 2.328125
[NeMo I 2026-03-31 04:50:23 nemo_logging:393]   Layer 10: n = 2.968750
[NeMo I 2026-03-31 04:50:23 nemo_logging:393]   Layer 11: n = 2.734375
[NeMo I 2026-03-31 04:50:23 nemo_logging:393]   Layer 12: n = 2.484375
[NeMo I 2026-03-31 04:50:23 nemo_logging:393]   Layer 13: n = 2.250000
[NeMo I 2026-03-31 04:50:23 nemo_logging:393]   Layer 14: n = 2.484375
[NeMo I 2026-03-31 04:50:23 nemo_logging:393]   Layer 15: n = 2.625000
[NeMo I 2026-03-31 04:50:23 nemo_logging:393]   Layer 16: n = 2.156250
[NeMo I 2026-03-31 04:50:23 nemo_logging:393]   Layer 17: n = 2.406250
[NeMo I 2026-03-31 04:50:23 nemo_logging:393]   Layer 18: n = 2.000000
[NeMo I 2026-03-31 04:50:23 nemo_logging:393]   Layer 19: n = 1.828125
[NeMo I 2026-03-31 04:50:23 nemo_logging:393]   Layer 20: n = 1.593750
[NeMo I 2026-03-31 04:50:23 nemo_logging:393]   Layer 21: n = 1.390625
[NeMo I 2026-03-31 04:50:23 nemo_logging:393]   Layer 22: n = 0.925781
[NeMo I 2026-03-31 04:50:23 nemo_logging:393]   Layer 23: n = -4512.000000
Training epoch 1, iteration 27499/715787 | lr: 0.0002991 | consumed_samples: 28160000 | global_batch_size: 1024 | global_step: 27499 | reduced_train_loss: 2.499
INFO: Epoch 1, global step 27499: 'step' reached 27499.00000 (best 27499.00000), saving model to '/tmpdir/barman/bs1024_fullrun/outputs/nemotron-1B-SSA-Triton-bs1024/checkpoints/nemotron-1B-SSA-Triton-bs1024-step=0027499.ckpt' as top 55
INFO:lightning.pytorch.utilities.rank_zero:Epoch 1, global step 27499: 'step' reached 27499.00000 (best 27499.00000), saving model to '/tmpdir/barman/bs1024_fullrun/outputs/nemotron-1B-SSA-Triton-bs1024/checkpoints/nemotron-1B-SSA-Triton-bs1024-step=0027499.ckpt' as top 55
[NeMo I 2026-03-31 04:50:24 nemo_logging:393] Using FullyParallelSaveStrategyWrapper(torch_dist, 1) dist-ckpt save strategy.
[NeMo W 2026-03-31 04:50:28 validation:389] There is difference in the common state dict in different ranks. The differences are {1: ([], [], [(('optimizer', 0, 'optimizer', 'param_groups', 1, 'step'), <class 'int'>, <class 'int'>)]), 2: ([], [], [(('optimizer', 0, 'optimizer', 'param_groups', 1, 'step'), <class 'int'>, <class 'int'>)]), 3: ([], [], [(('optimizer', 0, 'optimizer', 'param_groups', 1, 'step'), <class 'int'>, <class 'int'>)]), 4: ([], [], [(('optimizer', 0, 'optimizer', 'param_groups', 1, 'step'), <class 'int'>, <class 'int'>)]), 5: ([], [], [(('optimizer', 0, 'optimizer', 'param_groups', 1, 'step'), <class 'int'>, <class 'int'>)]), 6: ([], [], [(('optimizer', 0, 'optimizer', 'param_groups', 1, 'step'), <class 'int'>, <class 'int'>)]), 7: ([], [], [(('optimizer', 0, 'optimizer', 'param_groups', 1, 'step'), <class 'int'>, <class 'int'>)]), 8: ([], [], [(('optimizer', 0, 'optimizer', 'param_groups', 1, 'step'), <class 'int'>, <class 'int'>)]), 9: ([], [], [(('optimizer', 0, 'optimizer', 'param_groups', 1, 'step'), <class 'int'>, <class 'int'>)]), 10: ([], [], [(('optimizer', 0, 'optimizer', 'param_groups', 1, 'step'), <class 'int'>, <class 'int'>)]), 11: ([], [], [(('optimizer', 0, 'optimizer', 'param_groups', 1, 'step'), <class 'int'>, <class 'int'>)]), 12: ([], [], [(('optimizer', 0, 'optimizer', 'param_groups', 1, 'step'), <class 'int'>, <class 'int'>)]), 13: ([], [], [(('optimizer', 0, 'optimizer', 'param_groups', 1, 'step'), <class 'int'>, <class 'int'>)]), 14: ([], [], [(('optimizer', 0, 'optimizer', 'param_groups', 1, 'step'), <class 'int'>, <class 'int'>)]), 15: ([], [], [(('optimizer', 0, 'optimizer', 'param_groups', 1, 'step'), <class 'int'>, <class 'int'>)]), 16: ([], [], [(('optimizer', 0, 'optimizer', 'param_groups', 1, 'step'), <class 'int'>, <class 'int'>)]), 17: ([], [], [(('optimizer', 0, 'optimizer', 'param_groups', 1, 'step'), <class 'int'>, <class 'int'>)]), 18: ([], [], [(('optimizer', 0, 'optimizer', 'param_groups', 1, 'step'), <class 'int'>, <class 'int'>)]), 19: ([], [], [(('optimizer', 0, 'optimizer', 'param_groups', 1, 'step'), <class 'int'>, <class 'int'>)]), 20: ([], [], [(('optimizer', 0, 'optimizer', 'param_groups', 1, 'step'), <class 'int'>, <class 'int'>)]), 21: ([], [], [(('optimizer', 0, 'optimizer', 'param_groups', 1, 'step'), <class 'int'>, <class 'int'>)]), 22: ([], [], [(('optimizer', 0, 'optimizer', 'param_groups', 1, 'step'), <class 'int'>, <class 'int'>)]), 23: ([], [], [(('optimizer', 0, 'optimizer', 'param_groups', 1, 'step'), <class 'int'>, <class 'int'>)]), 25: ([], [], [(('optimizer', 0, 'optimizer', 'param_groups', 1, 'step'), <class 'int'>, <class 'int'>)]), 26: ([], [], [(('optimizer', 0, 'optimizer', 'param_groups', 1, 'step'), <class 'int'>, <class 'int'>)]), 27: ([], [], [(('optimizer', 0, 'optimizer', 'param_groups', 1, 'step'), <class 'int'>, <class 'int'>)]), 28: ([], [], [(('optimizer', 0, 'optimizer', 'param_groups', 1, 'step'), <class 'int'>, <class 'int'>)]), 29: ([], [], [(('optimizer', 0, 'optimizer', 'param_groups', 1, 'step'), <class 'int'>, <class 'int'>)]), 30: ([], [], [(('optimizer', 0, 'optimizer', 'param_groups', 1, 'step'), <class 'int'>, <class 'int'>)]), 31: ([], [], [(('optimizer', 0, 'optimizer', 'param_groups', 1, 'step'), <class 'int'>, <class 'int'>)])}
[NeMo I 2026-03-31 04:51:03 nemo_logging:393] Global Checkpoint Save : Rank: 0 : Iteration: 27478 : Start time: 1774925424.703s : Save duration: 38.640s
[NeMo I 2026-03-31 04:51:07 nemo_logging:393] Scheduled async checkpoint save for /tmpdir/barman/bs1024_fullrun/outputs/nemotron-1B-SSA-Triton-bs1024/checkpoints/nemotron-1B-SSA-Triton-bs1024-step=0027499.ckpt
[NeMo W 2026-03-31 04:51:10 validation:389] There is difference in the common state dict in different ranks. The differences are {1: ([], [], [(('optimizer', 0, 'optimizer', 'param_groups', 1, 'step'), <class 'int'>, <class 'int'>)]), 2: ([], [], [(('optimizer', 0, 'optimizer', 'param_groups', 1, 'step'), <class 'int'>, <class 'int'>)]), 3: ([], [], [(('optimizer', 0, 'optimizer', 'param_groups', 1, 'step'), <class 'int'>, <class 'int'>)]), 4: ([], [], [(('optimizer', 0, 'optimizer', 'param_groups', 1, 'step'), <class 'int'>, <class 'int'>)]), 5: ([], [], [(('optimizer', 0, 'optimizer', 'param_groups', 1, 'step'), <class 'int'>, <class 'int'>)]), 6: ([], [], [(('optimizer', 0, 'optimizer', 'param_groups', 1, 'step'), <class 'int'>, <class 'int'>)]), 7: ([], [], [(('optimizer', 0, 'optimizer', 'param_groups', 1, 'step'), <class 'int'>, <class 'int'>)]), 8: ([], [], [(('optimizer', 0, 'optimizer', 'param_groups', 1, 'step'), <class 'int'>, <class 'int'>)]), 9: ([], [], [(('optimizer', 0, 'optimizer', 'param_groups', 1, 'step'), <class 'int'>, <class 'int'>)]), 10: ([], [], [(('optimizer', 0, 'optimizer', 'param_groups', 1, 'step'), <class 'int'>, <class 'int'>)]), 11: ([], [], [(('optimizer', 0, 'optimizer', 'param_groups', 1, 'step'), <class 'int'>, <class 'int'>)]), 12: ([], [], [(('optimizer', 0, 'optimizer', 'param_groups', 1, 'step'), <class 'int'>, <class 'int'>)]), 13: ([], [], [(('optimizer', 0, 'optimizer', 'param_groups', 1, 'step'), <class 'int'>, <class 'int'>)]), 14: ([], [], [(('optimizer', 0, 'optimizer', 'param_groups', 1, 'step'), <class 'int'>, <class 'int'>)]), 15: ([], [], [(('optimizer', 0, 'optimizer', 'param_groups', 1, 'step'), <class 'int'>, <class 'int'>)]), 16: ([], [], [(('optimizer', 0, 'optimizer', 'param_groups', 1, 'step'), <class 'int'>, <class 'int'>)]), 17: ([], [], [(('optimizer', 0, 'optimizer', 'param_groups', 1, 'step'), <class 'int'>, <class 'int'>)]), 18: ([], [], [(('optimizer', 0, 'optimizer', 'param_groups', 1, 'step'), <class 'int'>, <class 'int'>)]), 19: ([], [], [(('optimizer', 0, 'optimizer', 'param_groups', 1, 'step'), <class 'int'>, <class 'int'>)]), 20: ([], [], [(('optimizer', 0, 'optimizer', 'param_groups', 1, 'step'), <class 'int'>, <class 'int'>)]), 21: ([], [], [(('optimizer', 0, 'optimizer', 'param_groups', 1, 'step'), <class 'int'>, <class 'int'>)]), 22: ([], [], [(('optimizer', 0, 'optimizer', 'param_groups', 1, 'step'), <class 'int'>, <class 'int'>)]), 23: ([], [], [(('optimizer', 0, 'optimizer', 'param_groups', 1, 'step'), <class 'int'>, <class 'int'>)]), 25: ([], [], [(('optimizer', 0, 'optimizer', 'param_groups', 1, 'step'), <class 'int'>, <class 'int'>)]), 26: ([], [], [(('optimizer', 0, 'optimizer', 'param_groups', 1, 'step'), <class 'int'>, <class 'int'>)]), 27: ([], [], [(('optimizer', 0, 'optimizer', 'param_groups', 1, 'step'), <class 'int'>, <class 'int'>)]), 28: ([], [], [(('optimizer', 0, 'optimizer', 'param_groups', 1, 'step'), <class 'int'>, <class 'int'>)]), 29: ([], [], [(('optimizer', 0, 'optimizer', 'param_groups', 1, 'step'), <class 'int'>, <class 'int'>)]), 30: ([], [], [(('optimizer', 0, 'optimizer', 'param_groups', 1, 'step'), <class 'int'>, <class 'int'>)]), 31: ([], [], [(('optimizer', 0, 'optimizer', 'param_groups', 1, 'step'), <class 'int'>, <class 'int'>)])}
[NeMo I 2026-03-31 04:51:13 nemo_logging:393] Global Checkpoint Save : Rank: 0 : Iteration: 27478 : Start time: 1774925469.094s : Save duration: 4.009s
[NeMo I 2026-03-31 04:51:14 nemo_logging:393] Scheduled async checkpoint save for /tmpdir/barman/bs1024_fullrun/outputs/nemotron-1B-SSA-Triton-bs1024/checkpoints/nemotron-1B-SSA-Triton-bs1024-step=0027499-last.ckpt
[NeMo I 2026-03-31 04:51:15 nemo_logging:393] Successfully saved checkpoint from iteration   27478 to /tmpdir/barman/bs1024_fullrun/outputs/nemotron-1B-SSA-Triton-bs1024/checkpoints/nemotron-1B-SSA-Triton-bs1024-step=0027499.ckpt
[NeMo I 2026-03-31 04:51:15 nemo_logging:393] Async checkpoint save for step 27500 (/tmpdir/barman/bs1024_fullrun/outputs/nemotron-1B-SSA-Triton-bs1024/checkpoints/nemotron-1B-SSA-Triton-bs1024-step=0027499.ckpt) finalized successfully.
[NeMo I 2026-03-31 04:51:15 nemo_logging:393] Async finalization time took 1.101 s
Training epoch 1, iteration 27500/715787 | lr: 0.0002991 | consumed_samples: 28161024 | global_batch_size: 1024 | global_step: 27500 | reduced_train_loss: 2.489
[NeMo I 2026-03-31 04:51:25 nemo_logging:393] Successfully saved checkpoint from iteration   27478 to /tmpdir/barman/bs1024_fullrun/outputs/nemotron-1B-SSA-Triton-bs1024/checkpoints/nemotron-1B-SSA-Triton-bs1024-step=0027499-last.ckpt
[NeMo I 2026-03-31 04:51:25 nemo_logging:393] Async checkpoint save for step 27500 (/tmpdir/barman/bs1024_fullrun/outputs/nemotron-1B-SSA-Triton-bs1024/checkpoints/nemotron-1B-SSA-Triton-bs1024-step=0027499-last.ckpt) finalized successfully.
[NeMo I 2026-03-31 04:51:26 nemo_logging:393] Async finalization time took 0.766 s
Training epoch 1, iteration 27501/715787 | lr: 0.0002991 | consumed_samples: 28162048 | global_batch_size: 1024 | global_step: 27501 | reduced_train_loss: 2.484
Training epoch 1, iteration 27502/715787 | lr: 0.0002991 | consumed_samples: 28163072 | global_batch_size: 1024 | global_step: 27502 | reduced_train_loss: 2.503
Training epoch 1, iteration 27503/715787 | lr: 0.0002991 | consumed_samples: 28164096 | global_batch_size: 1024 | global_step: 27503 | reduced_train_loss: 2.486
Training epoch 1, iteration 27504/715787 | lr: 0.0002991 | consumed_samples: 28165120 | global_batch_size: 1024 | global_step: 27504 | reduced_train_loss: 2.509
Training epoch 1, iteration 27505/715787 | lr: 0.0002991 | consumed_samples: 28166144 | global_batch_size: 1024 | global_step: 27505 | reduced_train_loss: 2.494
Training epoch 1, iteration 27506/715787 | lr: 0.0002991 | consumed_samples: 28167168 | global_batch_size: 1024 | global_step: 27506 | reduced_train_loss: 2.491
Training epoch 1, iteration 27507/715787 | lr: 0.0002991 | consumed_samples: 28168192 | global_batch_size: 1024 | global_step: 27507 | reduced_train_loss: 2.486
Training epoch 1, iteration 27508/715787 | lr: 0.0002991 | consumed_samples: 28169216 | global_batch_size: 1024 | global_step: 27508 | reduced_train_loss: 2.49
Training epoch 1, iteration 27509/715787 | lr: 0.0002991 | consumed_samples: 28170240 | global_batch_size: 1024 | global_step: 27509 | reduced_train_loss: 2.496
Training epoch 1, iteration 27510/715787 | lr: 0.0002991 | consumed_samples: 28171264 | global_batch_size: 1024 | global_step: 27510 | reduced_train_loss: 2.503
Training epoch 1, iteration 27511/715787 | lr: 0.0002991 | consumed_samples: 28172288 | global_batch_size: 1024 | global_step: 27511 | reduced_train_loss: 2.484
Training epoch 1, iteration 27512/715787 | lr: 0.0002991 | consumed_samples: 28173312 | global_batch_size: 1024 | global_step: 27512 | reduced_train_loss: 2.485
Training epoch 1, iteration 27513/715787 | lr: 0.0002991 | consumed_samples: 28174336 | global_batch_size: 1024 | global_step: 27513 | reduced_train_loss: 2.503
Training epoch 1, iteration 27514/715787 | lr: 0.0002991 | consumed_samples: 28175360 | global_batch_size: 1024 | global_step: 27514 | reduced_train_loss: 2.477
Training epoch 1, iteration 27515/715787 | lr: 0.0002991 | consumed_samples: 28176384 | global_batch_size: 1024 | global_step: 27515 | reduced_train_loss: 2.493
Training epoch 1, iteration 27516/715787 | lr: 0.0002991 | consumed_samples: 28177408 | global_batch_size: 1024 | global_step: 27516 | reduced_train_loss: 2.487
Training epoch 1, iteration 27517/715787 | lr: 0.0002991 | consumed_samples: 28178432 | global_batch_size: 1024 | global_step: 27517 | reduced_train_loss: 2.512
Training epoch 1, iteration 27518/715787 | lr: 0.0002991 | consumed_samples: 28179456 | global_batch_size: 1024 | global_step: 27518 | reduced_train_loss: 2.478
Training epoch 1, iteration 27519/715787 | lr: 0.0002991 | consumed_samples: 28180480 | global_batch_size: 1024 | global_step: 27519 | reduced_train_loss: 2.479
Training epoch 1, iteration 27520/715787 | lr: 0.0002991 | consumed_samples: 28181504 | global_batch_size: 1024 | global_step: 27520 | reduced_train_loss: 2.479
Training epoch 1, iteration 27521/715787 | lr: 0.0002991 | consumed_samples: 28182528 | global_batch_size: 1024 | global_step: 27521 | reduced_train_loss: 2.494
Training epoch 1, iteration 27522/715787 | lr: 0.0002991 | consumed_samples: 28183552 | global_batch_size: 1024 | global_step: 27522 | reduced_train_loss: 2.481
Training epoch 1, iteration 27523/715787 | lr: 0.0002991 | consumed_samples: 28184576 | global_batch_size: 1024 | global_step: 27523 | reduced_train_loss: 2.486
Training epoch 1, iteration 27524/715787 | lr: 0.0002991 | consumed_samples: 28185600 | global_batch_size: 1024 | global_step: 27524 | reduced_train_loss: 2.485
Training epoch 1, iteration 27525/715787 | lr: 0.0002991 | consumed_samples: 28186624 | global_batch_size: 1024 | global_step: 27525 | reduced_train_loss: 2.513
Training epoch 1, iteration 27526/715787 | lr: 0.0002991 | consumed_samples: 28187648 | global_batch_size: 1024 | global_step: 27526 | reduced_train_loss: 2.483
Training epoch 1, iteration 27527/715787 | lr: 0.000299 | consumed_samples: 28188672 | global_batch_size: 1024 | global_step: 27527 | reduced_train_loss: 2.494
Training epoch 1, iteration 27528/715787 | lr: 0.000299 | consumed_samples: 28189696 | global_batch_size: 1024 | global_step: 27528 | reduced_train_loss: 2.475
Training epoch 1, iteration 27529/715787 | lr: 0.000299 | consumed_samples: 28190720 | global_batch_size: 1024 | global_step: 27529 | reduced_train_loss: 2.491
Training epoch 1, iteration 27530/715787 | lr: 0.000299 | consumed_samples: 28191744 | global_batch_size: 1024 | global_step: 27530 | reduced_train_loss: 2.489
Training epoch 1, iteration 27531/715787 | lr: 0.000299 | consumed_samples: 28192768 | global_batch_size: 1024 | global_step: 27531 | reduced_train_loss: 2.473
Training epoch 1, iteration 27532/715787 | lr: 0.000299 | consumed_samples: 28193792 | global_batch_size: 1024 | global_step: 27532 | reduced_train_loss: 2.477
Training epoch 1, iteration 27533/715787 | lr: 0.000299 | consumed_samples: 28194816 | global_batch_size: 1024 | global_step: 27533 | reduced_train_loss: 2.483
Training epoch 1, iteration 27534/715787 | lr: 0.000299 | consumed_samples: 28195840 | global_batch_size: 1024 | global_step: 27534 | reduced_train_loss: 2.499
Training epoch 1, iteration 27535/715787 | lr: 0.000299 | consumed_samples: 28196864 | global_batch_size: 1024 | global_step: 27535 | reduced_train_loss: 2.474
Training epoch 1, iteration 27536/715787 | lr: 0.000299 | consumed_samples: 28197888 | global_batch_size: 1024 | global_step: 27536 | reduced_train_loss: 2.502
Training epoch 1, iteration 27537/715787 | lr: 0.000299 | consumed_samples: 28198912 | global_batch_size: 1024 | global_step: 27537 | reduced_train_loss: 2.495
Training epoch 1, iteration 27538/715787 | lr: 0.000299 | consumed_samples: 28199936 | global_batch_size: 1024 | global_step: 27538 | reduced_train_loss: 2.483
Training epoch 1, iteration 27539/715787 | lr: 0.000299 | consumed_samples: 28200960 | global_batch_size: 1024 | global_step: 27539 | reduced_train_loss: 2.481
Training epoch 1, iteration 27540/715787 | lr: 0.000299 | consumed_samples: 28201984 | global_batch_size: 1024 | global_step: 27540 | reduced_train_loss: 2.497
Training epoch 1, iteration 27541/715787 | lr: 0.000299 | consumed_samples: 28203008 | global_batch_size: 1024 | global_step: 27541 | reduced_train_loss: 2.477
Training epoch 1, iteration 27542/715787 | lr: 0.000299 | consumed_samples: 28204032 | global_batch_size: 1024 | global_step: 27542 | reduced_train_loss: 2.492
Training epoch 1, iteration 27543/715787 | lr: 0.000299 | consumed_samples: 28205056 | global_batch_size: 1024 | global_step: 27543 | reduced_train_loss: 2.503
Training epoch 1, iteration 27544/715787 | lr: 0.000299 | consumed_samples: 28206080 | global_batch_size: 1024 | global_step: 27544 | reduced_train_loss: 2.492
Training epoch 1, iteration 27545/715787 | lr: 0.000299 | consumed_samples: 28207104 | global_batch_size: 1024 | global_step: 27545 | reduced_train_loss: 2.472
Training epoch 1, iteration 27546/715787 | lr: 0.000299 | consumed_samples: 28208128 | global_batch_size: 1024 | global_step: 27546 | reduced_train_loss: 2.48
Training epoch 1, iteration 27547/715787 | lr: 0.000299 | consumed_samples: 28209152 | global_batch_size: 1024 | global_step: 27547 | reduced_train_loss: 2.483
Training epoch 1, iteration 27548/715787 | lr: 0.000299 | consumed_samples: 28210176 | global_batch_size: 1024 | global_step: 27548 | reduced_train_loss: 2.495
Training epoch 1, iteration 27549/715787 | lr: 0.000299 | consumed_samples: 28211200 | global_batch_size: 1024 | global_step: 27549 | reduced_train_loss: 2.484
Training epoch 1, iteration 27550/715787 | lr: 0.000299 | consumed_samples: 28212224 | global_batch_size: 1024 | global_step: 27550 | reduced_train_loss: 2.48
Training epoch 1, iteration 27551/715787 | lr: 0.000299 | consumed_samples: 28213248 | global_batch_size: 1024 | global_step: 27551 | reduced_train_loss: 2.497
Training epoch 1, iteration 27552/715787 | lr: 0.000299 | consumed_samples: 28214272 | global_batch_size: 1024 | global_step: 27552 | reduced_train_loss: 2.498
Training epoch 1, iteration 27553/715787 | lr: 0.000299 | consumed_samples: 28215296 | global_batch_size: 1024 | global_step: 27553 | reduced_train_loss: 2.487
Training epoch 1, iteration 27554/715787 | lr: 0.000299 | consumed_samples: 28216320 | global_batch_size: 1024 | global_step: 27554 | reduced_train_loss: 2.502
Training epoch 1, iteration 27555/715787 | lr: 0.000299 | consumed_samples: 28217344 | global_batch_size: 1024 | global_step: 27555 | reduced_train_loss: 2.507
Training epoch 1, iteration 27556/715787 | lr: 0.000299 | consumed_samples: 28218368 | global_batch_size: 1024 | global_step: 27556 | reduced_train_loss: 2.486
Training epoch 1, iteration 27557/715787 | lr: 0.000299 | consumed_samples: 28219392 | global_batch_size: 1024 | global_step: 27557 | reduced_train_loss: 2.464
Training epoch 1, iteration 27558/715787 | lr: 0.000299 | consumed_samples: 28220416 | global_batch_size: 1024 | global_step: 27558 | reduced_train_loss: 2.486
Training epoch 1, iteration 27559/715787 | lr: 0.000299 | consumed_samples: 28221440 | global_batch_size: 1024 | global_step: 27559 | reduced_train_loss: 2.494
Training epoch 1, iteration 27560/715787 | lr: 0.000299 | consumed_samples: 28222464 | global_batch_size: 1024 | global_step: 27560 | reduced_train_loss: 2.484
Training epoch 1, iteration 27561/715787 | lr: 0.000299 | consumed_samples: 28223488 | global_batch_size: 1024 | global_step: 27561 | reduced_train_loss: 2.481
Training epoch 1, iteration 27562/715787 | lr: 0.000299 | consumed_samples: 28224512 | global_batch_size: 1024 | global_step: 27562 | reduced_train_loss: 2.498
Training epoch 1, iteration 27563/715787 | lr: 0.000299 | consumed_samples: 28225536 | global_batch_size: 1024 | global_step: 27563 | reduced_train_loss: 2.478
Training epoch 1, iteration 27564/715787 | lr: 0.000299 | consumed_samples: 28226560 | global_batch_size: 1024 | global_step: 27564 | reduced_train_loss: 2.493
Training epoch 1, iteration 27565/715787 | lr: 0.000299 | consumed_samples: 28227584 | global_batch_size: 1024 | global_step: 27565 | reduced_train_loss: 2.494
Training epoch 1, iteration 27566/715787 | lr: 0.000299 | consumed_samples: 28228608 | global_batch_size: 1024 | global_step: 27566 | reduced_train_loss: 2.484
Training epoch 1, iteration 27567/715787 | lr: 0.000299 | consumed_samples: 28229632 | global_batch_size: 1024 | global_step: 27567 | reduced_train_loss: 2.493
Training epoch 1, iteration 27568/715787 | lr: 0.000299 | consumed_samples: 28230656 | global_batch_size: 1024 | global_step: 27568 | reduced_train_loss: 2.501
Training epoch 1, iteration 27569/715787 | lr: 0.000299 | consumed_samples: 28231680 | global_batch_size: 1024 | global_step: 27569 | reduced_train_loss: 2.479
Training epoch 1, iteration 27570/715787 | lr: 0.000299 | consumed_samples: 28232704 | global_batch_size: 1024 | global_step: 27570 | reduced_train_loss: 2.499
Training epoch 1, iteration 27571/715787 | lr: 0.000299 | consumed_samples: 28233728 | global_batch_size: 1024 | global_step: 27571 | reduced_train_loss: 2.496
Training epoch 1, iteration 27572/715787 | lr: 0.000299 | consumed_samples: 28234752 | global_batch_size: 1024 | global_step: 27572 | reduced_train_loss: 2.501
Training epoch 1, iteration 27573/715787 | lr: 0.000299 | consumed_samples: 28235776 | global_batch_size: 1024 | global_step: 27573 | reduced_train_loss: 2.511
Training epoch 1, iteration 27574/715787 | lr: 0.000299 | consumed_samples: 28236800 | global_batch_size: 1024 | global_step: 27574 | reduced_train_loss: 2.483
Training epoch 1, iteration 27575/715787 | lr: 0.000299 | consumed_samples: 28237824 | global_batch_size: 1024 | global_step: 27575 | reduced_train_loss: 2.503
Training epoch 1, iteration 27576/715787 | lr: 0.000299 | consumed_samples: 28238848 | global_batch_size: 1024 | global_step: 27576 | reduced_train_loss: 2.516
Training epoch 1, iteration 27577/715787 | lr: 0.000299 | consumed_samples: 28239872 | global_batch_size: 1024 | global_step: 27577 | reduced_train_loss: 2.503
Training epoch 1, iteration 27578/715787 | lr: 0.000299 | consumed_samples: 28240896 | global_batch_size: 1024 | global_step: 27578 | reduced_train_loss: 2.486
Training epoch 1, iteration 27579/715787 | lr: 0.000299 | consumed_samples: 28241920 | global_batch_size: 1024 | global_step: 27579 | reduced_train_loss: 2.482
Training epoch 1, iteration 27580/715787 | lr: 0.000299 | consumed_samples: 28242944 | global_batch_size: 1024 | global_step: 27580 | reduced_train_loss: 2.486
Training epoch 1, iteration 27581/715787 | lr: 0.000299 | consumed_samples: 28243968 | global_batch_size: 1024 | global_step: 27581 | reduced_train_loss: 2.506
Training epoch 1, iteration 27582/715787 | lr: 0.000299 | consumed_samples: 28244992 | global_batch_size: 1024 | global_step: 27582 | reduced_train_loss: 2.489
Training epoch 1, iteration 27583/715787 | lr: 0.000299 | consumed_samples: 28246016 | global_batch_size: 1024 | global_step: 27583 | reduced_train_loss: 2.5
Training epoch 1, iteration 27584/715787 | lr: 0.000299 | consumed_samples: 28247040 | global_batch_size: 1024 | global_step: 27584 | reduced_train_loss: 2.484
Training epoch 1, iteration 27585/715787 | lr: 0.000299 | consumed_samples: 28248064 | global_batch_size: 1024 | global_step: 27585 | reduced_train_loss: 2.481
Training epoch 1, iteration 27586/715787 | lr: 0.000299 | consumed_samples: 28249088 | global_batch_size: 1024 | global_step: 27586 | reduced_train_loss: 2.478
Training epoch 1, iteration 27587/715787 | lr: 0.000299 | consumed_samples: 28250112 | global_batch_size: 1024 | global_step: 27587 | reduced_train_loss: 2.511
Training epoch 1, iteration 27588/715787 | lr: 0.000299 | consumed_samples: 28251136 | global_batch_size: 1024 | global_step: 27588 | reduced_train_loss: 2.465
Training epoch 1, iteration 27589/715787 | lr: 0.000299 | consumed_samples: 28252160 | global_batch_size: 1024 | global_step: 27589 | reduced_train_loss: 2.486
Training epoch 1, iteration 27590/715787 | lr: 0.000299 | consumed_samples: 28253184 | global_batch_size: 1024 | global_step: 27590 | reduced_train_loss: 2.482
Training epoch 1, iteration 27591/715787 | lr: 0.000299 | consumed_samples: 28254208 | global_batch_size: 1024 | global_step: 27591 | reduced_train_loss: 2.478
Training epoch 1, iteration 27592/715787 | lr: 0.000299 | consumed_samples: 28255232 | global_batch_size: 1024 | global_step: 27592 | reduced_train_loss: 2.507
Training epoch 1, iteration 27593/715787 | lr: 0.000299 | consumed_samples: 28256256 | global_batch_size: 1024 | global_step: 27593 | reduced_train_loss: 2.5
Training epoch 1, iteration 27594/715787 | lr: 0.000299 | consumed_samples: 28257280 | global_batch_size: 1024 | global_step: 27594 | reduced_train_loss: 2.494
Training epoch 1, iteration 27595/715787 | lr: 0.000299 | consumed_samples: 28258304 | global_batch_size: 1024 | global_step: 27595 | reduced_train_loss: 2.498
Training epoch 1, iteration 27596/715787 | lr: 0.000299 | consumed_samples: 28259328 | global_batch_size: 1024 | global_step: 27596 | reduced_train_loss: 2.501
Training epoch 1, iteration 27597/715787 | lr: 0.000299 | consumed_samples: 28260352 | global_batch_size: 1024 | global_step: 27597 | reduced_train_loss: 2.478
Training epoch 1, iteration 27598/715787 | lr: 0.000299 | consumed_samples: 28261376 | global_batch_size: 1024 | global_step: 27598 | reduced_train_loss: 2.49
[NeMo I 2026-03-31 05:09:22 nemo_logging:393] Running garbage collection at train global_step: 27600
Training epoch 1, iteration 27599/715787 | lr: 0.000299 | consumed_samples: 28262400 | global_batch_size: 1024 | global_step: 27599 | reduced_train_loss: 2.475
Training epoch 1, iteration 27600/715787 | lr: 0.000299 | consumed_samples: 28263424 | global_batch_size: 1024 | global_step: 27600 | reduced_train_loss: 2.471
Training epoch 1, iteration 27601/715787 | lr: 0.000299 | consumed_samples: 28264448 | global_batch_size: 1024 | global_step: 27601 | reduced_train_loss: 2.495
Training epoch 1, iteration 27602/715787 | lr: 0.000299 | consumed_samples: 28265472 | global_batch_size: 1024 | global_step: 27602 | reduced_train_loss: 2.478
Training epoch 1, iteration 27603/715787 | lr: 0.000299 | consumed_samples: 28266496 | global_batch_size: 1024 | global_step: 27603 | reduced_train_loss: 2.476
Training epoch 1, iteration 27604/715787 | lr: 0.000299 | consumed_samples: 28267520 | global_batch_size: 1024 | global_step: 27604 | reduced_train_loss: 2.489
Training epoch 1, iteration 27605/715787 | lr: 0.000299 | consumed_samples: 28268544 | global_batch_size: 1024 | global_step: 27605 | reduced_train_loss: 2.486
Training epoch 1, iteration 27606/715787 | lr: 0.000299 | consumed_samples: 28269568 | global_batch_size: 1024 | global_step: 27606 | reduced_train_loss: 2.502
Training epoch 1, iteration 27607/715787 | lr: 0.000299 | consumed_samples: 28270592 | global_batch_size: 1024 | global_step: 27607 | reduced_train_loss: 2.508
Training epoch 1, iteration 27608/715787 | lr: 0.000299 | consumed_samples: 28271616 | global_batch_size: 1024 | global_step: 27608 | reduced_train_loss: 2.483
Training epoch 1, iteration 27609/715787 | lr: 0.000299 | consumed_samples: 28272640 | global_batch_size: 1024 | global_step: 27609 | reduced_train_loss: 2.478
Training epoch 1, iteration 27610/715787 | lr: 0.000299 | consumed_samples: 28273664 | global_batch_size: 1024 | global_step: 27610 | reduced_train_loss: 2.496
Training epoch 1, iteration 27611/715787 | lr: 0.000299 | consumed_samples: 28274688 | global_batch_size: 1024 | global_step: 27611 | reduced_train_loss: 2.492
Training epoch 1, iteration 27612/715787 | lr: 0.000299 | consumed_samples: 28275712 | global_batch_size: 1024 | global_step: 27612 | reduced_train_loss: 2.477
Training epoch 1, iteration 27613/715787 | lr: 0.000299 | consumed_samples: 28276736 | global_batch_size: 1024 | global_step: 27613 | reduced_train_loss: 2.485
Training epoch 1, iteration 27614/715787 | lr: 0.000299 | consumed_samples: 28277760 | global_batch_size: 1024 | global_step: 27614 | reduced_train_loss: 2.493
Training epoch 1, iteration 27615/715787 | lr: 0.000299 | consumed_samples: 28278784 | global_batch_size: 1024 | global_step: 27615 | reduced_train_loss: 2.511
Training epoch 1, iteration 27616/715787 | lr: 0.000299 | consumed_samples: 28279808 | global_batch_size: 1024 | global_step: 27616 | reduced_train_loss: 2.494
Training epoch 1, iteration 27617/715787 | lr: 0.000299 | consumed_samples: 28280832 | global_batch_size: 1024 | global_step: 27617 | reduced_train_loss: 2.505
Training epoch 1, iteration 27618/715787 | lr: 0.000299 | consumed_samples: 28281856 | global_batch_size: 1024 | global_step: 27618 | reduced_train_loss: 2.502
Training epoch 1, iteration 27619/715787 | lr: 0.000299 | consumed_samples: 28282880 | global_batch_size: 1024 | global_step: 27619 | reduced_train_loss: 2.485
Training epoch 1, iteration 27620/715787 | lr: 0.000299 | consumed_samples: 28283904 | global_batch_size: 1024 | global_step: 27620 | reduced_train_loss: 2.484
Training epoch 1, iteration 27621/715787 | lr: 0.000299 | consumed_samples: 28284928 | global_batch_size: 1024 | global_step: 27621 | reduced_train_loss: 2.48
srun: Job step aborted: Waiting up to 32 seconds for job step to finish.
[2026-03-31T05:13:31.018] error: *** JOB 12212 ON kairosgh2 CANCELLED AT 2026-03-31T05:13:31 DUE TO TIME LIMIT ***
[2026-03-31T05:13:31.018] error: *** STEP 12212.0 ON kairosgh2 CANCELLED AT 2026-03-31T05:13:31 DUE TO TIME LIMIT ***
W0331 05:13:31.019000 130966 torch/distributed/elastic/agent/server/api.py:719] Received 15 death signal, shutting down workers
W0331 05:13:31.019000 93530 torch/distributed/elastic/agent/server/api.py:719] Received 15 death signal, shutting down workers
W0331 05:13:31.019000 78100 torch/distributed/elastic/agent/server/api.py:719] Received 15 death signal, shutting down workers
W0331 05:13:31.019000 82059 torch/distributed/elastic/agent/server/api.py:719] Received 15 death signal, shutting down workers
W0331 05:13:31.019000 83365 torch/distributed/elastic/agent/server/api.py:719] Received 15 death signal, shutting down workers
W0331 05:13:31.019000 130966 torch/distributed/elastic/multiprocessing/api.py:898] Sending process 131046 closing signal SIGTERM
W0331 05:13:31.019000 93530 torch/distributed/elastic/multiprocessing/api.py:898] Sending process 93610 closing signal SIGTERM
W0331 05:13:31.019000 74338 torch/distributed/elastic/agent/server/api.py:719] Received 15 death signal, shutting down workers
W0331 05:13:31.019000 78100 torch/distributed/elastic/multiprocessing/api.py:898] Sending process 78183 closing signal SIGTERM
W0331 05:13:31.020000 82059 torch/distributed/elastic/multiprocessing/api.py:898] Sending process 82142 closing signal SIGTERM
W0331 05:13:31.020000 83365 torch/distributed/elastic/multiprocessing/api.py:898] Sending process 83450 closing signal SIGTERM
W0331 05:13:31.020000 130966 torch/distributed/elastic/multiprocessing/api.py:898] Sending process 131047 closing signal SIGTERM
W0331 05:13:31.020000 74338 torch/distributed/elastic/multiprocessing/api.py:898] Sending process 74466 closing signal SIGTERM
W0331 05:13:31.020000 93530 torch/distributed/elastic/multiprocessing/api.py:898] Sending process 93611 closing signal SIGTERM
W0331 05:13:31.020000 78100 torch/distributed/elastic/multiprocessing/api.py:898] Sending process 78184 closing signal SIGTERM
W0331 05:13:31.020000 82059 torch/distributed/elastic/multiprocessing/api.py:898] Sending process 82143 closing signal SIGTERM
W0331 05:13:31.020000 130966 torch/distributed/elastic/multiprocessing/api.py:898] Sending process 131048 closing signal SIGTERM
W0331 05:13:31.020000 83365 torch/distributed/elastic/multiprocessing/api.py:898] Sending process 83451 closing signal SIGTERM
W0331 05:13:31.020000 93530 torch/distributed/elastic/multiprocessing/api.py:898] Sending process 93612 closing signal SIGTERM
W0331 05:13:31.020000 74338 torch/distributed/elastic/multiprocessing/api.py:898] Sending process 74467 closing signal SIGTERM
W0331 05:13:31.020000 78100 torch/distributed/elastic/multiprocessing/api.py:898] Sending process 78185 closing signal SIGTERM
W0331 05:13:31.020000 82059 torch/distributed/elastic/multiprocessing/api.py:898] Sending process 82144 closing signal SIGTERM
W0331 05:13:31.020000 442541 torch/distributed/elastic/agent/server/api.py:719] Received 15 death signal, shutting down workers
W0331 05:13:31.020000 130966 torch/distributed/elastic/multiprocessing/api.py:898] Sending process 131049 closing signal SIGTERM
W0331 05:13:31.021000 83365 torch/distributed/elastic/multiprocessing/api.py:898] Sending process 83452 closing signal SIGTERM
W0331 05:13:31.021000 93530 torch/distributed/elastic/multiprocessing/api.py:898] Sending process 93614 closing signal SIGTERM
W0331 05:13:31.021000 78100 torch/distributed/elastic/multiprocessing/api.py:898] Sending process 78186 closing signal SIGTERM
W0331 05:13:31.021000 74338 torch/distributed/elastic/multiprocessing/api.py:898] Sending process 74468 closing signal SIGTERM
